temperature,wind_speed,solar_radiation,price,load,wind_generation,solar_generation
6.087792968750023,5.242473125457764,0.0,-2.8325,40004.6875,26715.25,0.0
5.95990905761721,6.2726523876190186,0.000151118867927125,-12.45,38737.3125,31870.75,21.0
5.91559753417971,6.796104073524475,45.288167588975696,-2.6725,45971.9375,34661.5625,1520.125
5.798516845703148,7.728386640548706,70.77100477430555,0.48,49256.125,37095.25,887.125
4.739595031738304,8.182390213012695,0.356175537109375,-0.7049999999999998,53392.625,38385.1875,0.0
3.8981796264648665,7.959367990493774,0.0,-23.075,47028.5,36520.3125,0.0
3.1085601806640852,7.734951853752136,0.0,-47.0325,42527.3125,33486.5,0.0
2.4719482421875227,7.331708908081055,0.00027511383096375,13.8925,54815.1875,34719.4375,27.0
2.394410705566429,6.5395811796188354,92.2258285861545,45.805,64916.875,32571.5,4572.0
2.532197570800804,6.426338195800781,133.36801106770835,51.0675,64659.3125,28544.0,2902.9375
1.0016342163086165,5.220389723777771,0.8624004448784722,59.7825,66488.875,21797.8125,0.0
-0.24425354003903973,4.260035276412964,0.0,51.11,55538.0625,16264.6875,0.0
-1.0343688964843523,4.037376642227173,0.0,44.682500000000005,49964.0625,15208.25,0.0
-1.3333343505859148,4.107374906539917,0.000340986152489975,53.1625,59470.5,16669.1875,44.75
-0.18845214843747732,4.076114356517792,88.43866658528646,61.182500000000005,67198.875,12502.8125,3589.1875
1.2078720092773665,4.0818740129470825,111.85287217881944,66.52,66131.6875,8509.5,1866.6875
0.2488876342773665,3.4803357124328613,0.707918226453993,68.66749999999999,67505.875,10331.4375,0.0
-0.35680999755857096,3.0197936296463013,0.0,54.037499999999994,56542.1875,8474.0625,0.0
-0.4338592529296647,3.2601596117019653,0.0,47.03,50122.4375,12124.25,0.0
-0.02843322753903975,4.0400044322013855,0.000387484265698325,51.9,60626.9375,18966.375,22.1875
1.0552307128906477,4.768786787986755,48.393106146918406,54.0175,69472.6875,24182.5,1583.9375
2.2664047241211165,5.206656455993652,60.67498209635417,51.8225,67700.8125,27146.6875,732.3125
2.465394592285179,5.317204594612122,0.5346042887369792,51.8075,67488.8125,27268.875,0.0
2.988313293457054,5.511343836784363,0.0,36.925,56225.5625,27829.3125,0.0
3.492829895019554,5.83230459690094,0.0,22.4125,48053.5,31113.0625,0.0
3.7417999267578352,6.196587085723877,0.000236365397771175,27.707500000000003,50240.625,31509.5,16.5625
4.22492370605471,5.766673564910889,23.356795552571615,46.8675,59753.4375,26624.25,1056.5625
4.784974670410179,5.3310041427612305,37.14460584852431,53.375,58775.0625,22319.375,572.25
4.427117919921898,4.742009997367859,0.2313436041937934,57.6875,60048.0625,19938.0,0.0
3.8517013549804915,4.355496168136597,0.0,50.8825,50822.8125,17582.625,0.0
3.2476135253906477,4.0481032729148865,0.0,47.0875,43456.0,14294.8125,0.0
2.8572860717773665,3.563538432121277,0.000263489302661675,48.7275,43545.625,10779.4375,19.75
3.048280334472679,3.333304524421692,39.705930447048615,57.5475,53104.25,7612.5625,1857.5
3.6494613647461165,3.392360270023346,52.76164333767361,53.417500000000004,53686.9375,8079.0625,1005.125
3.335694885253929,3.095134735107422,0.41046983506944446,66.00750000000001,57312.1875,10511.0,0.0
3.1525512695312727,3.091992735862732,0.0,53.42,50713.375,10506.875,0.0
3.0159164428711165,3.111767530441284,0.0,47.0025,45690.375,11272.8125,0.0
3.027558898925804,3.1411361694335938,0.000244115077786975,61.5375,62040.875,10676.75,17.4375
3.4817291259765852,3.3400408029556274,35.964285617404514,72.135,71231.625,10368.8125,1600.9375
4.145120239257835,4.122714459896088,46.14244683159722,58.9325,71847.25,17918.3125,909.0
4.086816406250023,5.225138783454895,0.5401375664605035,46.085,72260.125,29687.3125,0.0
4.212442016601585,6.445652365684509,0.0,18.16,60117.6875,37033.1875,0.0
4.1718917846679915,7.218544363975525,0.0,15.395,52571.4375,37414.3125,0.0
4.142701721191429,7.820531368255615,0.000286738342709,36.295,66621.625,39035.375,21.75
4.4776168823242415,7.92698872089386,49.9903128390842,44.6025,74276.125,41910.0625,1993.3125
4.616914367675804,8.303045749664307,87.16974826388889,41.9575,73770.375,42095.25,1225.0
3.7625366210937727,8.037291407585144,1.0154102240668403,42.185,73556.375,41820.3125,0.0
2.9756866455078352,7.667837738990784,0.0,27.07,60876.125,38992.0,0.0
2.2460113525390852,7.438194274902344,0.0,8.7275,53509.25,35708.9375,0.0
1.6425720214843977,6.978744149208069,0.00052697860532335,39.315,67066.0625,34453.5625,18.75
1.5820709228515852,6.45491886138916,60.17721327039931,47.4875,75621.4375,33674.375,2030.625
1.7684112548828352,6.64451801776886,91.49130316840278,48.0775,74800.1875,33465.375,1086.9375
1.131509399414085,5.887700200080872,1.1932809787326388,54.324999999999996,74324.4375,30451.5625,0.0
0.7370773315429915,4.986351132392883,0.0,48.685,61311.3125,22178.0,0.0
0.3136230468750227,4.291632413864136,0.0,48.3725,53466.5,14268.5625,0.0
0.01685485839846025,3.743011474609375,0.000577351517147475,65.13499999999999,65479.0,9186.4375,22.0
0.25953063964846024,3.3841299414634705,64.20102688259549,79.83250000000001,73000.0,4932.3125,1701.125
0.768861389160179,3.3435415029525757,100.87200303819445,75.81,71835.875,3590.375,947.5625
0.15259704589846024,2.8645216822624207,1.2108340115017362,79.67,71758.9375,4477.6875,0.0
-0.37487640380857096,2.985544800758362,0.0,57.5525,60230.125,7076.875,0.0
-0.506742858886696,3.3710142374038696,0.0,45.5925,54248.0,11669.8125,0.0
-0.26719512939450846,3.892081379890442,0.000960960984230025,54.575,67806.0,16983.3125,19.3125
0.777619934082054,4.621548295021057,50.441134982638886,59.2475,76099.8125,20689.6875,798.75
1.9963623046875227,5.2878382205963135,64.15226833767362,45.865,73103.75,26031.875,470.3125
2.2913146972656477,5.386389374732971,0.6489508734809027,48.572500000000005,71583.6875,27229.3125,0.0
2.4949203491211165,5.071523427963257,0.0,45.5075,58668.1875,24618.875,0.0
2.793489074707054,4.9375293254852295,0.0,43.855000000000004,49082.0625,22206.375,0.0
3.0498748779297102,5.132288813591003,0.0006974716981252,41.415,52532.0,24348.6875,15.0
3.5438323974609602,5.627378463745117,31.71201409233941,43.9,63102.0,30320.5625,1101.875
4.1135421752929915,6.40009617805481,51.161701388888886,36.31,61734.5625,35958.0,568.8125
4.062158203125023,6.720677137374878,0.7998837619357639,42.1825,62469.75,36525.5,0.0
4.0670333862304915,6.38175094127655,0.0,31.175000000000004,52873.8125,33890.0,0.0
4.2440353393554915,5.9651641845703125,0.0,19.5425,45055.875,31168.1875,0.0
4.578820800781273,5.8338401317596436,0.00136006977823045,21.6575,45501.5,31956.25,20.875
5.283357238769554,6.520002365112305,23.511866658528646,27.305,57354.75,37993.3125,929.625
5.9640365600586165,7.616995215415955,30.750216200086808,2.035,58053.875,41143.3125,521.9375
6.1873641967773665,8.478583574295044,0.41168653700086805,15.37,60492.4375,43614.5625,0.0
5.72120056152346,8.262359619140625,0.0,-1.9275000000000002,54147.6875,41527.5625,0.0
4.580010986328148,7.721007943153381,0.0,-10.7675,48769.75,37643.1875,0.0
3.302613830566429,7.394177675247192,0.00156543638971115,35.0925,65119.6875,35944.0625,58.0625
2.7800231933593977,7.028576850891113,88.90916449652778,45.52,73416.1875,34952.375,3710.9375
2.6129699707031477,7.288849472999573,136.57177625868056,45.315,72696.875,36086.6875,2347.0625
1.648927307128929,6.543268918991089,2.1477167555110324,50.5775,72680.5,32430.0,0.0
1.3389984130859602,5.800460577011108,0.0,39.5075,60110.1875,30654.0625,0.0
1.4864669799804913,5.919171690940857,0.0,34.042500000000004,53346.0625,31242.125,0.0
1.9096313476562727,6.109734296798706,0.001875423855251725,47.89,66722.625,33605.6875,31.0625
2.9795166015625227,6.249796748161316,67.04947062174479,55.96,74376.1875,33814.375,2122.4375
4.33905944824221,6.793619632720947,81.35411349826389,52.265,73668.25,36507.875,1498.625
4.556672668457054,6.717156291007996,1.4920004013180734,45.8275,73069.75,38043.125,0.0
4.5096298217773665,6.228762984275818,0.0,35.214999999999996,60526.8125,35089.1875,0.0
4.250856018066429,5.761517882347107,0.0,31.8425,52509.25,31498.9375,0.0
3.8261352539062727,5.428849935531616,0.003378862804836675,47.345,66859.75,28504.0625,71.1875
4.245050048828148,5.298871278762817,67.12627360026042,54.155,74849.0,29354.25,4333.375
5.1338668823242415,5.53868842124939,108.02043619791667,53.6975,73453.0,29039.1875,3174.9375
3.9284301757812727,5.614473938941956,2.5940056142542103,49.3525,73469.5,30869.8125,0.0
3.2971435546875227,5.771297097206116,0.0,34.08,60922.25,33357.125,0.0
3.3685775756836165,6.219977140426636,0.0,24.4125,53596.5625,34532.6875,0.0
3.7205596923828352,6.231600403785706,0.0047815555996365,39.86,67504.125,32875.9375,80.125
4.374818420410179,5.857452750205994,78.18693332248264,46.655,75385.5625,30276.8125,2889.5625
4.6757675170898665,6.1009968519210815,119.70523328993056,53.7425,74326.5625,29096.0625,1930.3125
2.9269958496093977,5.876835942268372,2.542679428325759,54.2875,74209.125,30676.5,0.0625
1.5005889892578352,5.409746527671814,0.0,42.04,61292.5625,27154.375,0.0
0.28246459960939774,4.66373884677887,0.0,44.405,53517.9375,18614.5625,0.0
-0.802885437011696,3.9151036143302917,0.004239077832963725,63.625,66177.875,12753.25,90.0625
-0.23996582031247732,3.400146484375,116.84484809027778,70.69749999999999,72317.25,7589.4375,6286.875
1.2407623291015852,2.9402068853378296,174.47853081597222,67.4625,69132.75,5722.9375,5258.5
-0.7780441284179461,2.63480406999588,3.436171787712309,71.365,69920.75,7784.9375,0.0625
-2.0431121826171648,2.6156283617019653,0.0,55.3925,59038.75,6854.5,0.0
-3.0979217529296648,2.516416072845459,0.0,52.8275,51457.25,5531.875,0.0
-3.8915771484374773,2.5123746395111084,0.00731182787153455,51.56,53112.8125,5811.125,149.75
-2.2791961669921648,2.6517052054405212,130.10902913411456,58.085,61391.125,4680.4375,9262.5625
0.23077545166017896,2.529324948787689,194.41200520833334,56.317499999999995,58255.1875,2933.5625,6176.1875
-2.0015701293945085,2.650747537612915,4.282134922345479,62.01,61609.25,7404.375,0.125
-3.6682876586913835,2.577763020992279,0.0,50.3475,53652.125,7670.0,0.0
-4.717230224609352,2.2067893743515015,0.0,48.585,47479.125,4298.4375,0.0
-5.3642410278320085,1.9705726206302643,0.008168168067932125,48.465,47368.0625,2372.4375,138.5625
-3.4987396240234148,1.8206590712070465,125.75443440755208,50.19,56064.875,1240.875,7939.8125
-1.0415176391601335,1.7985643148422241,185.05148220486112,53.5025,54604.0,796.5,5082.0
-2.534635925292946,2.145661413669586,4.041925726201799,68.4225,59808.4375,2484.875,0.125
-3.6190017700195085,2.306764006614685,0.0,56.135,55236.125,3763.1875,0.0
-4.499479675292946,2.4230875372886658,0.0,51.8925,51384.1875,5607.5625,0.0
-5.138189697265602,2.6198020577430725,0.010779812071058475,72.0175,66985.3125,6583.125,98.1875
-3.4531082153320085,2.801214814186096,121.53785264756945,77.92500000000001,74127.4375,5236.9375,7264.4375
-0.6611389160156023,2.6559823155403137,187.6428754340278,75.28999999999999,72281.9375,5072.75,5358.4375
-2.157072448730446,2.555608630180359,4.714505363040501,82.6175,74096.9375,5666.125,0.1875
-3.4904846191406023,2.4782705307006836,0.0,59.3225,62555.75,5560.625,0.0
-4.29888000488279,2.677378833293915,0.0,52.875,55685.4375,8163.625,0.0
-4.750891113281227,2.8878990411758423,0.014557783338758675,67.125,68949.5,11023.25,89.5625
-3.3948425292968523,3.365384817123413,118.65563802083332,70.73,76354.4375,11941.0625,5431.5
-1.707518005371071,3.746568739414215,184.2176519097222,63.36,74755.375,13491.375,3527.25
-3.0353454589843523,3.810906708240509,4.782044216791789,68.9325,75249.6875,16847.125,0.4375
-4.050421142578102,3.6319276094436646,0.0,54.722500000000004,63062.75,13150.9375,0.0
-4.653509521484352,3.3889524340629578,0.0,52.31,56257.8125,9923.1875,0.0
-5.0756362915038835,3.2461525201797485,0.012081758711073125,73.42750000000001,68872.5625,7488.8125,84.875
-4.403417968749977,3.3114312887191772,114.65972113715277,89.6525,75909.125,4575.0,4071.5625
-3.2285293579101335,3.259895384311676,172.39647569444443,85.35249999999999,74055.25,4978.125,2387.875
-4.056639099121071,3.254624128341675,4.370504657957289,88.2,74445.25,7677.6875,0.9375
-4.6188491821288835,2.785454750061035,0.0,63.7275,62936.875,5624.5625,0.0
-4.786657714843727,2.4816516637802124,0.0,57.575,55433.75,3733.8125,0.0
-4.86119689941404,2.311053693294525,0.0118996418846978,87.4125,67386.4375,2593.0625,39.3125
-4.3841384887695085,2.3591701984405518,95.2618248155382,105.375,75443.125,2010.875,2148.8125
-3.672148132324196,2.0989567041397095,128.96933376736112,91.9875,74265.875,1326.9375,1288.5
-3.9901794433593523,1.9434498250484467,3.4583900822533504,104.92,73838.4375,1385.625,0.375
-4.270140075683571,1.6774048507213593,0.0,68.1925,62027.375,795.375,0.0
-4.532987976074196,1.5364365875720978,0.0,57.29,55511.125,845.125,0.0
-4.6627639770507585,1.6499945521354675,0.02018792894151475,77.89,68035.8125,1370.625,44.0625
-4.017248535156227,2.636114716529846,96.11322401258681,82.1125,75453.75,4427.875,2189.4375
-2.6946929931640398,3.6381192803382874,122.19649848090278,67.2925,72208.375,8843.3125,1661.5625
-2.6432556152343523,3.898493528366089,3.9113628747728133,62.975,72683.5625,16069.5625,0.4375
-1.9480499267577898,4.5661410093307495,0.0,46.3675,62219.9375,18636.1875,0.0
-0.8663238525390399,4.820714354515076,0.0,42.1825,53669.3125,19360.0,0.0
0.3122726440429915,4.747052073478699,0.01642545806037055,43.995,55380.125,18323.75,30.1875
1.5897308349609602,4.498834490776062,41.79169297960069,57.7,64543.0,19030.25,1359.0625
2.955567932128929,4.520082473754883,59.38989908854167,54.0,61546.6875,20030.375,1376.4375
3.1187606811523665,4.697735071182251,1.823001103931003,53.9075,62625.6875,23926.3125,0.4375
3.1860900878906477,4.9390517473220825,0.0,38.765,53989.0,27263.8125,0.0
3.224702453613304,5.282480001449585,0.0,19.05,46820.875,28897.1875,0.0
3.2874542236328352,5.397565841674805,0.03875617557101777,17.625,47103.5,28573.0625,65.625
3.9132019042968977,5.202892303466797,73.94393907335069,40.735,56794.375,25667.125,2973.0625
4.8844161987304915,4.910252809524536,121.64368923611111,41.457499999999996,54929.25,20824.9375,2813.3125
3.8357635498047102,4.565428256988525,4.120662653181288,50.8225,59068.5,20923.0,0.6875
2.8571029663086165,4.493356227874756,0.0,46.4425,53970.75,20684.5625,0.0
2.1784301757812727,4.697955369949341,0.0,39.32,49486.1875,19846.25,0.0
1.6554580688476788,4.798011779785156,0.03641576978895397,55.96,65360.8125,18934.6875,99.0625
1.8887878417968977,5.0468316078186035,88.92416422526043,57.905,74823.3125,20366.8125,3725.5
2.4500518798828352,5.371695041656494,113.02970269097223,49.04,74087.3125,22684.3125,2177.75
1.5858398437500227,4.859028935432434,4.423121172587076,55.595,73215.75,21960.5,1.375
0.9275833129883039,4.649144411087036,0.0,45.207499999999996,60921.6875,19730.5,0.0
0.38936004638674143,4.383194208145142,0.0,46.53,53888.125,19492.6875,0.0
-0.07330932617185223,4.0420501828193665,0.05491814507378472,60.6875,67570.5625,16089.625,89.375
0.5827423095703352,4.258386015892029,133.18192979600695,68.1375,74165.875,12293.75,4503.125
1.7809921264648665,3.677401065826416,178.29746961805554,66.4325,71695.3125,10140.8125,4161.125
0.04665527343752271,3.193957269191742,7.458525780571831,68.3975,72569.75,13084.8125,2.9375
-1.3485626220702898,3.471091091632843,0.0,51.3575,61161.375,15045.375,0.0
-2.0427154541015398,3.664905309677124,0.0,44.2625,54672.875,16197.375,0.0
-2.1502212524413835,4.149673223495483,0.08978785196940105,57.8975,67436.3125,18524.8125,164.1875
-0.5744537353515398,4.577246427536011,121.56998752170139,58.260000000000005,74922.0,18898.9375,5178.875
1.0423294067383038,4.814804315567017,173.23070529513888,51.32,73564.4375,20997.8125,3115.1875
0.29010925292971024,4.534681558609009,6.390177035861545,58.08,73310.25,21549.6875,0.875
-0.49770202636716476,4.036781430244446,0.0,48.78,61766.625,15795.0,0.0
-1.2778152465820085,3.5509085655212402,0.0,45.7,54771.75,11267.625,0.0
-1.8885177612304462,3.218977630138397,0.10868546379937065,65.325,66714.5,9312.5625,244.125
-0.5749572753906023,3.28999000787735,148.24218098958332,67.795,73270.875,8385.75,7596.1875
1.3730941772461163,3.0608986020088196,218.81893663194444,65.9725,70897.4375,5835.9375,5720.3125
-0.33441772460935226,3.0888630747795105,9.232385915120442,64.74000000000001,72316.0,10497.8125,2.3125
-1.1448425292968523,3.6942015290260315,0.0,48.6175,62097.4375,17996.625,0.0
-1.1357330322265398,4.248266577720642,0.0,42.795,55855.75,21215.9375,0.0
-0.8412078857421648,4.399809956550598,0.12233265346950953,51.045,68109.0,20784.75,120.875
0.3948226928711165,4.2354960441589355,105.42997504340278,56.7125,75173.1875,16189.1875,2669.8125
1.9252258300781477,3.7882989048957825,131.89410373263888,64.3475,70981.8125,11816.1875,2263.6875
1.3463989257812727,3.3287752866744995,6.2857814788818365,67.005,70452.9375,9349.1875,0.8125
0.8916488647461165,2.7304527163505554,0.0,52.5725,58432.9375,6296.625,0.0
0.7257019042968977,2.4733210802078247,0.0,44.655,50865.5,5115.5625,0.0
0.6195159912109602,2.362107992172241,0.09451128641764323,46.305,53350.0,4512.75,61.3125
1.3974243164062727,2.4665661454200745,77.78504204644098,57.629999999999995,62436.8125,3500.375,2365.75
2.285585021972679,2.602501094341278,111.67259874131943,49.3525,59520.8125,3415.125,2511.1875
1.6498962402343977,2.6815728545188904,5.665643717447916,54.9475,61486.625,5361.5,1.0
1.2724853515625227,3.0074212551116943,0.0,46.957499999999996,53495.5625,7487.3125,0.0
1.0256896972656477,3.7081029415130615,0.0,39.9175,46914.1875,11990.75,0.0
0.6995941162109602,4.214284539222717,0.0412283240424262,40.78,47417.1875,13285.5,58.3125
0.8436065673828351,4.630113840103149,82.9524156358507,49.46,57252.8125,11391.0,2742.5625
1.563050842285179,4.696436882019043,133.6971875,45.605000000000004,55634.6875,11774.9375,1970.4375
0.8012939453125227,3.7983211874961853,7.90641842312283,56.027499999999996,59824.8125,11747.4375,2.9375
-0.09195556640622725,3.521551489830017,0.0,48.275,54846.875,13160.5625,0.0
-0.896330261230446,3.443892240524292,0.0,39.902499999999996,50608.0625,15524.25,0.0
-1.4578994750976335,3.5447530150413513,0.1806102837456597,52.34,65902.25,16993.0625,241.0625
0.059640502929710126,4.031976163387299,163.06546874999998,47.192499999999995,73238.0625,18186.125,7812.4375
2.227418518066429,4.608978271484375,222.3980533854167,42.1675,71622.3125,20625.6875,5909.9375
0.6192794799804914,4.834440469741821,10.723735758463542,44.335,73744.4375,26240.5,6.4375
-0.31736602783200846,4.802211880683899,0.0,36.0675,62117.5,25706.6875,0.0
-0.820890808105446,4.328105926513672,0.0,38.585,54775.375,21325.25,0.0
-1.302305603027321,3.9464767575263977,0.28917561848958334,53.965,67757.625,17974.875,166.875
0.44297943115236643,3.8793168663978577,136.23175238715277,62.087500000000006,74655.4375,14592.375,4771.5
2.4984603881836165,3.6838484406471252,197.67100694444443,58.54,72288.25,11297.75,3828.8125
1.4265991210937727,3.2317556738853455,10.702570834689672,63.3125,73282.625,10097.5625,9.875
0.22234497070314774,3.305051624774933,0.0,48.32,62085.1875,12796.5,0.0
-0.5761550903320085,3.3855159282684326,0.0,41.0975,55071.1875,14663.5625,0.0
-1.0808547973632585,3.467226982116699,0.3172837320963542,52.5025,68331.25,17449.3125,268.125
0.7394195556640852,3.8287894129753113,143.53003146701388,53.3475,74304.3125,17923.6875,7467.0
3.3529220581054915,3.868508219718933,203.5629253472222,54.192499999999995,71661.5,15144.375,5833.3125
1.9688201904297102,3.678071618080139,11.699730868869358,59.5225,72820.5625,14268.6875,14.8125
0.825074768066429,3.3324767351150513,0.0,48.105000000000004,61113.1875,12406.75,0.0
0.25904998779299143,3.5036430954933167,0.0,40.375,53392.25,15091.8125,0.0
0.13670501708986643,4.399891495704651,0.3908708699544271,48.3575,67781.625,22936.125,153.0
1.6922241210937727,5.222660422325134,102.1143185763889,48.2675,76046.5,25967.375,3802.3125
3.7035156250000227,5.575287818908691,149.22496744791667,41.6175,73863.25,26936.1875,2843.0
3.4357238769531477,5.617750287055969,9.746236843532987,48.6475,73554.875,31972.25,7.875
3.1426788330078352,5.553450703620911,0.0,36.6475,61828.1875,32579.3125,0.0
3.1524291992187727,5.3516106605529785,0.0,33.17,54235.625,29522.5625,0.0
3.1073165893554915,5.16690194606781,0.45313958062065973,49.7775,67440.6875,30170.9375,310.0625
4.5048995971679915,5.42792272567749,156.08371527777777,50.3775,73667.1875,29947.9375,8061.4375
6.3875900268554915,5.892559289932251,194.7273828125,41.1425,70236.0625,31813.8125,5377.0
5.36896667480471,5.945863246917725,10.529884779188368,45.5475,71016.9375,36175.375,4.5
4.747048950195335,6.508509874343872,0.0,21.5025,59483.0625,38123.8125,0.75
4.641358947753929,6.867122530937195,0.0,-1.9875,50946.375,37671.125,1.0
4.761834716796898,7.0227450132369995,0.434486083984375,4.6475,53723.5,39519.9375,276.0625
6.3207565307617415,7.3368226289749146,149.59512044270832,6.4975000000000005,62853.8125,40712.625,8294.0625
7.897157287597679,8.039358377456665,223.51644314236108,1.895,59714.3125,40692.375,5500.1875
6.715875244140648,7.12580943107605,14.382013210720487,26.5175,61280.4375,39165.125,8.125
5.8394943237304915,6.197504758834839,0.0,8.9925,51727.5,33278.9375,0.0
5.123818969726585,5.404878735542297,0.0,13.705,44478.0,29119.75,0.0
4.91632995605471,5.574552774429321,0.5097432793511285,13.280000000000001,46134.6875,30603.4375,215.5
6.275659179687523,6.102685570716858,79.74554850260417,35.22,55944.875,31618.8125,3757.75
7.257775878906273,6.375532150268555,97.41787868923612,31.45,54558.9375,33373.3125,2321.125
5.936677551269554,6.3997098207473755,5.6174365234375,45.295,58716.5625,36618.25,3.1875
4.555459594726585,6.975613236427307,0.0,23.482499999999998,53359.0,37648.5625,0.0
3.6376129150390852,6.950698256492615,0.0,-2.1875,49376.3125,35973.3125,0.0
3.1879516601562727,6.675949931144714,0.38860022650824655,36.0025,65416.1875,35187.375,167.25
3.6403976440429915,6.747414469718933,132.8516330295139,40.0625,74314.625,34490.125,4990.0
4.410272216796898,7.0682713985443115,228.39783854166666,38.6675,71989.8125,33270.0625,4766.4375
3.3689208984375227,6.036419153213501,18.095456678602428,48.3275,72008.6875,30821.75,17.0625
2.242555236816429,5.340632319450378,0.0,40.2725,60319.3125,27385.0,0.0
1.7867980957031477,5.277045488357544,0.0,32.3975,53175.25,27226.625,0.0
1.4553771972656475,4.900755405426025,0.724060804578993,49.14,66080.125,21331.25,234.125
2.3379455566406477,4.771058559417725,160.05744140625,53.485,73488.3125,14916.0,6284.9375
4.009255981445335,4.767557859420776,223.63301866319443,50.645,71259.75,12922.25,5077.625
2.9824005126953352,3.7335541248321533,15.292662489149306,53.655,71874.875,16876.9375,28.0
2.127870178222679,4.040720999240875,0.0,40.3025,61039.0,23350.125,0.0
2.0394836425781477,4.314454197883606,0.0,36.0975,54309.6875,24024.4375,0.0
1.9660736083984602,4.417015194892883,0.780664537217882,45.9075,67423.625,22572.25,485.5
3.8387924194336165,4.253646492958069,143.72644205729168,46.7725,73439.875,19999.875,9896.125
6.299165344238304,4.020184934139252,206.91016059027777,47.245,70718.3125,17294.75,7451.125
4.987580871582054,3.7416130900382996,16.235788167317708,53.74,72078.625,16392.8125,45.0
3.2795272827148665,3.396655797958374,0.0,44.1875,60682.4375,14993.5,0.0
2.2462631225586165,3.0058502554893494,0.0,38.815,53447.125,10613.0,0.0
1.4945770263672102,2.7613632678985596,1.0715838623046876,55.1525,66848.6875,8004.5625,612.25
4.251153564453148,2.6579704880714417,202.36788736979167,50.03,71668.5,6610.125,13442.3125
8.678132629394554,2.471664845943451,308.75018229166665,47.195,68659.125,5221.9375,11613.875
5.763398742675804,2.5143187642097473,24.59471164279514,58.182500000000005,70280.5625,6472.0625,69.5625
2.3465820312500227,2.556005597114563,0.0,45.92,59575.5,9083.0,0.0
0.840242004394554,2.4549790620803833,0.0,41.3,52922.5625,7360.625,0.0
-0.03569641113278973,2.4170532822608948,1.6740365939670139,54.589999999999996,65936.0625,6429.8125,1073.375
5.042756652832054,2.3848167061805725,254.03554253472225,48.525,70961.625,4864.0625,17339.1875
11.119927978515648,2.300669014453888,345.4869661458333,44.385,65963.3125,3926.125,12989.8125
7.622499084472679,2.834126353263855,27.354943576388884,54.16,68486.3125,12341.25,86.0625
3.7773529052734602,3.060971975326538,0.0,40.667500000000004,57513.625,19642.3125,0.0
2.2026458740234602,3.208860158920288,0.0,36.0,49227.4375,20223.5,0.0
1.2953353881836163,3.4689401388168335,1.99608642578125,38.805,52676.25,21600.0625,1171.875
6.366418457031273,3.540603458881378,262.92627604166665,34.495,59356.0625,14651.375,17688.25
11.914308166503929,3.288650095462799,350.9787717013889,38.7325,55172.9375,10542.6875,12965.6875
7.9458786010742415,3.268588900566101,28.401743977864584,48.34,59626.0625,14073.125,82.875
4.0217453002929915,3.0403783917427063,0.0,38.9825,51031.5,13170.0,0.0
2.3775573730468977,2.7681050896644592,0.0,36.275000000000006,44384.5,7969.0625,0.0
1.386781311035179,2.682936429977417,2.2177195909288194,38.02,45303.0625,6755.25,1162.1875
6.247521972656273,2.680610477924347,253.55139322916668,37.235,53125.4375,6100.0,16667.125
11.994531250000023,2.5136080384254456,346.23528645833335,36.46,49918.375,4978.8125,12591.0625
8.081956481933616,2.8831627368927,29.231968315972225,47.4625,56498.6875,12505.5625,109.8125
4.279962158203148,3.0959094166755676,0.0,39.815,51553.8125,17172.0,0.0
2.3781372070312727,2.9231444001197815,0.0,38.64,47229.0625,13798.125,0.0
1.0429321289062727,2.7662044167518616,2.614026963975694,51.275,63346.5,10251.6875,1321.9375
6.276086425781273,2.603875160217285,272.4649262152778,47.235,69435.0,6390.5625,17832.8125
11.988648986816429,2.4789016246795654,360.89424913194443,46.4725,66197.0,5163.5625,13283.125
8.070939636230491,2.7637762427330017,30.9288267686632,54.387499999999996,68588.125,10909.9375,109.0
4.371339416503929,3.209197998046875,0.0,39.5425,57255.3125,18980.5,0.0
3.3751312255859602,3.584753692150116,0.0,35.7325,50966.25,22892.25,0.0
3.1379180908203352,4.143766522407532,2.582137044270833,44.6225,65925.9375,24632.25,885.75
6.090852355957054,4.895270943641663,196.77219618055557,39.5875,72910.25,24740.125,9218.375
8.480752563476585,5.327370882034302,247.08220920138888,39.067499999999995,70424.0625,26279.3125,6357.875
6.7232528686523665,4.506896615028381,21.64936089409722,50.5825,71617.6875,24801.3125,56.1875
4.739373779296898,4.066064476966858,0.0,38.08,59388.0,22431.0,0.0
3.5767608642578352,3.802542805671692,0.0,34.737500000000004,52039.625,18837.5625,0.0
3.0618682861328352,3.5844685435295105,2.2960186089409724,49.105,65986.8125,15831.875,617.5
5.476655578613304,3.6026816368103027,184.1699631076389,49.66,71394.8125,13220.5625,10410.25
8.400994873046898,3.9188559651374817,229.24928819444443,46.6075,68498.6875,14018.5625,7816.875
7.047181701660179,3.1123051047325134,21.953501944563662,52.825,70014.5625,13685.3125,77.125
5.131501770019554,3.3149468302726746,0.0,41.1475,58394.125,16856.3125,0.0
4.232263183593773,3.501270592212677,0.0,35.7325,51597.4375,18718.75,0.0
3.8342071533203357,3.624809443950653,2.013713107638889,45.8825,65401.875,18545.4375,700.9375
6.602105712890648,4.041061162948608,174.89334418402777,41.635000000000005,71848.6875,17458.0,9368.9375
9.377565002441429,4.492559552192688,199.60608289930553,41.3675,69183.0,17726.875,5731.375
8.18580017089846,3.764349579811096,15.947449689954519,52.019999999999996,69968.25,15304.8125,52.0
7.172280883789085,3.776659369468689,0.0,43.845,57813.875,15459.875,0.0
6.664918518066429,3.8278220891952515,0.0,39.775000000000006,50267.1875,12954.5,0.0
5.899285888671898,3.739954888820648,1.113284912109375,51.345,64508.25,11377.4375,292.5
5.898461914062523,3.8578097820281982,120.96610785590278,53.5675,71725.3125,10176.25,5596.75
6.530458068847679,3.6948747634887695,203.01194878472222,46.52,67136.0625,5878.1875,5864.25
4.6106735229492415,3.2827662229537964,21.843537880513402,49.8375,67234.4375,7185.875,75.0
2.025941467285179,3.4198321104049683,0.0,41.31,56699.375,11817.6875,0.0
0.325776672363304,3.515556573867798,0.0,36.055,48876.875,12132.9375,0.0
-0.9344314575195086,3.2293200492858887,4.4978822871338995,39.5025,52003.5,9468.875,1468.9375
1.7600341796875227,3.628274917602539,291.0067990451389,39.085,59442.5,6030.5,17945.125
5.62372741699221,3.3415533304214478,377.5494097222222,37.1925,55068.9375,3514.0625,12628.5625
3.7002502441406477,3.033928692340851,37.292352251278025,49.255,58368.5,9955.0625,125.8125
1.088166809082054,3.003700375556946,0.0,39.69,51095.0625,12211.8125,0.0
-0.35904541015622726,2.578290104866028,0.0,36.5875,44009.5,7742.1875,0.0
-1.0693649291991962,2.466537833213806,5.011066514949003,37.777499999999996,44830.25,6350.875,1581.9375
3.785432434082054,2.130439579486847,292.22636067708333,37.91,52599.5,2136.8125,16791.1875
9.254800415039085,1.8829468488693235,378.23118055555557,35.457499999999996,49473.125,1076.0625,13471.375
6.7041183471679915,2.1444583535194397,38.78191197368834,48.71,55231.8125,3341.25,190.0
2.8348022460937727,2.18250572681427,0.0,43.7275,50379.75,4730.75,0.0
1.245484924316429,2.1838996410369873,0.0,36.6125,46607.5,4338.1875,0.0
0.5451141357422102,2.2396519780158997,5.349142941302723,50.64,62372.8125,4757.0625,1663.125
6.344300842285179,2.06449031829834,292.89800347222223,44.46,68718.9375,2243.25,18713.375
12.164788818359398,2.4937331676483154,386.5847265625,40.815,66155.625,3261.5,14060.1875
9.140237426757835,2.7934224605560303,41.20701760398017,52.8075,67982.9375,6846.6875,198.25
4.822320556640648,2.703122556209564,0.0,40.7475,56905.125,8495.9375,0.0
2.9219146728515852,2.5831384658813477,0.0,36.6225,49633.5,7108.0625,0.0
2.1080184936523665,2.3697214126586914,6.05875817404853,48.2675,63380.125,5458.75,1641.4375
7.467614746093773,2.033796042203903,301.8819140625,43.82,68672.0625,1389.9375,17803.0625
12.82911071777346,2.287612736225128,389.7982421875,41.31,65882.8125,1579.9375,13081.3125
9.72065124511721,2.348580837249756,41.67440862549676,54.3725,67532.4375,2422.5625,221.125
5.015962219238304,2.189570426940918,0.0,44.19,56282.125,2289.625,0.0
2.6699157714843977,2.131805181503296,0.0,38.7875,50147.1875,2730.5625,0.0
1.5977111816406477,2.266764223575592,6.850748727056716,51.305,63976.9375,4389.625,1989.0625
8.438645935058616,2.2497562170028687,319.7795876736111,43.735,69375.0625,3737.5,19814.1875
14.629869079589866,2.3791275024414062,411.9241059027778,41.3,66008.625,4548.6875,15195.1875
10.854356384277366,2.9248064756393433,45.89454907947117,50.0975,68618.375,12002.125,259.6875
6.305909729003929,3.6600130200386047,0.0,37.24,57639.5625,23212.6875,0.0
4.89173278808596,4.094968795776367,0.0,29.195,50617.1875,26276.0,0.0
4.2027145385742415,4.209877014160156,7.815991455713908,42.93,63317.9375,23907.1875,1939.25
8.593225097656273,4.4543033838272095,310.1253732638889,40.515,68957.25,14743.8125,17138.5
11.577355957031273,5.051328659057617,364.5416449652778,39.64,66417.0,16667.8125,11182.5
9.495271301269554,4.347701072692871,34.56357723871867,49.625,68274.25,14705.625,156.0
7.4532943725586165,3.558695673942566,0.0,42.0625,56043.8125,10762.625,0.0
6.4507919311523665,3.333493649959564,0.0,36.8425,48865.5,8920.25,0.0
5.827302551269554,3.4834210872650146,3.239844938913981,46.0875,62804.0625,8705.875,336.4375
6.1051803588867415,3.8437047600746155,126.77347005208333,50.24,71715.9375,9790.5,4110.4375
6.4748092651367415,4.073017656803131,202.74833333333333,46.802499999999995,68083.6875,10597.125,3314.5
5.412881469726585,3.362546920776367,26.14059972233243,51.1325,66491.125,8472.5625,56.6875
4.363092041015648,2.8797649145126343,0.0,45.195,54903.5625,6350.5,0.0
3.7023254394531477,2.6909590363502502,0.0,40.862500000000004,47121.1875,5352.625,0.0
3.5231567382812727,2.8340198397636414,3.3756428294711642,43.3,50566.625,5514.75,341.4375
4.647554016113304,3.5383507013320923,139.52188042534723,46.56,59816.25,6021.75,4231.4375
6.375459289550804,3.990989327430725,183.5132400173611,39.8925,55806.8125,9167.25,4050.9375
6.24329528808596,3.813109815120697,21.539079888661703,43.85,58678.625,17267.6875,86.4375
6.100617980957054,4.746686100959778,0.0,27.675,49643.0,27227.25,0.0
6.7446762084961165,5.682095766067505,0.0,2.6675,42990.5,32542.6875,0.0
7.262734985351585,6.268051743507385,3.934096607632107,0.009999999999999898,45201.4375,36829.8125,820.6875
8.67481384277346,6.642715096473694,139.20035698784721,1.8849999999999998,54053.9375,37408.625,6723.5
9.899140930175804,6.51756227016449,161.6250998263889,5.702500000000001,51501.875,33460.75,4348.5625
9.378228759765648,5.722049951553345,19.852403259277345,29.46,55306.5,35183.9375,70.4375
9.10736999511721,6.076693177223206,0.0,15.905000000000001,50157.75,36569.5,0.0
9.064385986328148,6.357176899909973,0.0,-4.135,46237.375,36120.6875,0.0
8.825898742675804,6.706562519073486,7.638868603176541,25.7825,60899.25,38717.375,1044.625
9.740708923339866,8.086285829544067,231.21717447916666,8.15,69681.4375,39880.3125,8432.5625
9.045404052734398,9.183342933654785,263.1958810763889,8.2425,67320.0625,41291.5625,5324.6875
6.674005126953148,8.712681531906128,27.88583889855279,34.6375,68108.9375,40602.9375,161.5625
5.55170593261721,8.2395840883255,0.0,7.1725,56849.6875,38554.0,0.0
5.0247055053711165,7.736310243606567,0.0,-2.8725,50521.6875,37499.0,0.0
4.601373291015648,7.332805037498474,8.14551592508952,32.43,63119.4375,37397.8125,1207.8125
5.742280578613304,7.370999574661255,244.05716145833333,31.355,71239.125,36085.6875,9339.0625
6.7717453002929915,6.655560255050659,283.5860503472222,40.555,68328.9375,31178.75,6525.375
5.555764770507835,4.871745347976685,34.87716770595974,52.6525,68628.0,21796.5,171.4375
4.003450012207054,3.8150299787521362,0.0,42.95,57186.9375,19347.3125,0.0
3.1780334472656477,3.457089900970459,0.0,32.15,49803.9375,17470.5625,0.0
2.9387756347656477,3.892037093639374,9.524518059624567,42.94,63092.625,20470.375,1859.75
6.8629013061523665,4.898473858833313,241.46084418402776,32.9025,69895.5625,23535.5625,14374.0625
10.591279602050804,5.738109827041626,270.3769401041667,28.8875,68375.1875,29284.125,8539.3125
9.73774108886721,5.4481741189956665,32.36796000162761,41.215,69831.5625,32418.9375,116.125
8.550080871582054,5.088862299919128,0.0,27.7625,57478.0625,29729.5625,0.0
8.184632873535179,4.8900498151779175,0.0,21.185,49437.0,27348.75,0.0
8.091264343261741,5.5801860094070435,8.117264268663195,33.515,62880.0,32012.8125,966.25
9.610246276855491,6.735632658004761,193.82692491319443,29.375,71382.8125,38376.1875,8229.1875
10.133531188964866,7.864010334014893,304.92118055555557,27.2575,69379.4375,39194.8125,7757.625
8.165338134765648,6.604018330574036,44.53158945719401,40.695,69836.75,38454.875,302.5625
6.8702255249023665,6.995217442512512,0.0,18.9675,58425.75,42021.6875,0.0
6.41517028808596,7.445464611053467,0.0,-2.0975,51090.8125,42086.0625,0.0
6.0398117065429915,7.687785029411316,8.364115346272786,28.5275,63569.5,41408.9375,1221.1875
6.911439514160179,7.765397548675537,240.3517816840278,24.245,70729.375,36875.625,9619.3125
7.887719726562523,7.011871337890625,360.1062934027778,30.2275,66295.25,29140.5,9505.75
6.424714660644554,5.014557361602783,51.77996583726671,46.695,65886.125,22239.8125,285.9375
5.068574523925804,4.876605033874512,0.0,34.5225,55040.75,28072.8125,0.0
5.242654418945335,5.974500894546509,0.0,4.9425,47706.5,36161.1875,0.0
5.716767883300804,7.456219911575317,7.189975857204861,2.5425,51734.3125,41452.8125,693.25
7.51844177246096,8.21567416191101,170.87370008680554,7.034999999999999,60015.25,40004.25,8212.75
9.001611328125023,8.312543153762817,228.008046875,-0.195,57068.625,37791.625,5581.75
7.449868774414085,8.088012218475342,28.273078698052302,20.115000000000002,58375.5,38463.6875,151.875
6.549287414550804,7.831551551818848,0.0,0.7525000000000004,49704.75,38219.0625,0.0
6.2173629760742415,6.49192476272583,0.0,-7.2975,42471.0,29848.25,0.0
5.8339706420898665,5.220080137252808,7.748499348958333,12.4175,43279.375,18907.5625,627.875
6.943750000000023,5.306900501251221,122.18965277777778,29.89,53785.3125,15627.9375,5184.4375
8.320237731933616,6.311693549156189,186.4366753472222,24.439999999999998,52817.3125,15634.0625,6681.75
6.684632873535179,7.533236622810364,34.92271223280165,32.752500000000005,55701.875,24320.5,230.125
4.187074279785179,6.9859219789505005,0.0,24.060000000000002,51538.9375,29887.25,0.0
2.899324035644554,6.218724250793457,0.0,19.064999999999998,47456.9375,30609.4375,0.0
2.360566711425804,5.842959403991699,11.881723802354601,39.9675,62474.375,28467.9375,921.0
2.8144393920898665,5.796590805053711,241.1289626736111,43.69,71270.5625,27928.75,8022.4375
3.8235641479492415,5.847957491874695,315.6917751736111,37.925,69120.3125,27645.9375,7371.5625
3.266725158691429,5.56957733631134,46.35810506184896,51.1325,69010.875,24911.3125,288.4375
2.3530975341797102,4.614442706108093,0.0,45.03,57674.0,19588.8125,0.0
1.8408447265625227,4.126199245452881,0.0,35.95,50640.25,16364.4375,0.0
1.6813598632812727,4.342924475669861,12.802301194932726,46.637499999999996,64006.5625,20711.3125,1746.0
4.311425781250023,5.706376433372498,262.306875,41.5925,70631.25,26333.0,14702.875
6.8585372924804915,6.46611487865448,305.6621918402778,32.7525,69220.375,33826.375,10881.0
6.47571716308596,6.5103713274002075,42.72711836073134,39.665,70364.0,38674.3125,214.5625
5.84644470214846,6.925629019737244,0.0,14.4475,58587.4375,40465.3125,0.0
4.877053833007835,6.8935675621032715,0.0,2.6325000000000003,51741.6875,38589.5,0.0
4.3813949584961165,7.25689423084259,14.08451409233941,26.89,65165.0,39538.75,1763.9375
5.694093322753929,8.413406252861023,277.8557204861111,9.955,72487.875,40504.4375,10452.625
6.643411254882835,8.271934151649475,331.01562065972223,15.775,70951.25,41116.4375,7277.0
5.6478439331054915,7.3218830823898315,46.15372222900391,34.082499999999996,70582.9375,40584.5,222.25
4.797242736816429,6.93240761756897,0.0,23.2225,59037.1875,37874.75,0.0
4.6221786499023665,6.3791176080703735,0.0,21.3625,51596.375,34748.0,0.0
4.5122848510742415,6.293208718299866,11.218319905598959,37.435,64792.4375,34825.4375,922.4375
5.133027648925804,7.185916304588318,168.45287109375,39.3575,73516.375,38555.875,4693.0
5.2213912963867415,7.706036806106567,133.84367404513887,35.605000000000004,71670.0,38927.0625,2648.4375
5.1960922241211165,7.38266384601593,17.018831380208333,36.2325,70226.8125,38484.9375,120.4375
5.3925033569336165,6.593862056732178,0.0,22.21,58320.625,37152.4375,0.0
5.400514221191429,6.155914306640625,0.0,11.405,51039.1875,35189.1875,0.0
5.36811218261721,5.890823841094971,9.800639173719619,33.557500000000005,63759.25,30995.375,814.3125
6.6474166870117415,6.610947608947754,137.91666883680557,41.2525,72566.9375,34503.625,4584.875
8.300469970703148,8.047447919845581,127.32764322916667,26.6625,70126.0,42479.0,3375.125
8.550309753417991,8.864256381988525,22.889082302517362,28.375,68152.25,44344.0,125.5625
7.81098327636721,8.610732793807983,0.0,6.7625,56317.0625,41360.4375,0.0
7.077355957031273,7.361859083175659,0.0,-0.6525000000000001,47841.875,36560.75,0.0
6.5731063842773665,6.125953435897827,8.650279880099825,15.455,50314.75,27601.5625,861.875
7.2790695190429915,6.07338809967041,134.89795355902777,32.7825,59268.1875,26745.5625,5968.1875
8.567475891113304,6.587839126586914,172.78295789930556,25.19,57096.3125,32175.1875,5963.0
8.628892517089866,6.426048278808594,33.94873942057291,26.5575,58072.0,36362.0625,325.75
8.031404113769554,6.46352744102478,0.0,3.6575,50114.3125,36649.875,0.0
7.40943298339846,6.319264054298401,0.0,-8.1075,43250.9375,32796.5,0.0
6.828897094726585,6.3733333349227905,19.908580457899305,-10.615,44892.0,33711.9375,2570.9375
9.362779235839866,6.425305008888245,297.6732421875,-5.75,53840.25,33631.125,14249.75
9.669717407226585,6.6049041748046875,335.6212109375,-14.3975,52437.75,31302.1875,8495.5625
6.451623535156273,6.092239022254944,52.918915066189236,25.375,55667.125,29867.375,288.875
4.179406738281273,6.190145134925842,0.0,21.0375,51445.9375,33342.5,0.0
3.2783447265625227,6.208324074745178,0.0,11.9025,47610.1875,33700.4375,0.0
3.1125122070312727,6.224506855010986,18.876496988932292,38.57,61941.3125,33190.125,1733.0
4.816194152832054,7.0074509382247925,318.08465277777776,33.53,69985.0625,32236.5,11667.4375
6.1655136108398665,6.438866496086121,423.7564149305556,27.33,67788.0,29731.25,11313.4375
4.826509094238304,4.968373894691467,69.4621735297309,45.4425,67677.125,26193.875,591.5625
2.708009338378929,3.9148212671279907,0.0,40.1275,56921.0625,21004.4375,0.0
1.4794403076172102,3.428842842578888,0.0,37.2075,50790.5625,15880.3125,0.0625
1.115083312988304,3.07215815782547,27.84777018229166,48.225,63934.0,11277.25,3051.0625
4.744973754882835,3.1443724632263184,373.96260850694443,45.965,69672.5625,6883.5,17319.5625
6.93537292480471,3.1961551904678345,408.50043402777777,43.43,67520.625,5958.9375,12820.25
5.556642150878929,2.316675364971161,71.26859347873264,54.3525,68047.9375,3326.375,647.8125
2.2336059570312727,2.2502468824386597,0.0,42.635,57995.75,5898.8125,0.0
0.9231124877929915,2.580421566963196,0.0,35.0925,51605.0625,10884.625,0.0
1.054872131347679,2.8593313694000244,28.187914225260414,42.9,64623.4375,13738.75,3929.5625
6.614991760253929,3.166980743408203,345.1830295138889,39.88,69930.875,9968.6875,20560.6875
9.521546936035179,3.445649206638336,366.6036675347222,39.5225,67560.3125,9747.125,14976.1875
8.29981384277346,2.9826757311820984,62.29475884331597,50.2825,67975.125,8381.0625,664.5
5.4145370483398665,2.7519413828849792,0.0,40.61,57262.1875,8777.4375,0.0
4.132783508300804,2.8052884340286255,0.0,33.5875,49962.625,9679.9375,0.0625
3.9284301757812727,3.0909339785575867,25.707992892795136,42.78,63945.8125,11298.6875,3473.9375
8.884088134765648,3.60504949092865,359.6299392361111,37.775,70081.375,11824.1875,20326.5
12.273240661621116,3.701185405254364,443.40178819444446,36.2975,67164.1875,9677.75,16603.625
10.672593688964866,3.009011149406433,75.82595662434896,48.1575,67781.0,6799.875,767.4375
6.620111083984398,2.5092201828956604,0.0,41.035,56687.125,5012.6875,0.0
4.649629211425804,2.1019069254398346,0.0,36.3275,49072.5,3762.9375,0.0
4.224038696289085,1.7961502075195312,29.219553222656252,46.535,62603.3125,3005.6875,3441.3125
9.829927062988304,2.0678887367248535,383.56169270833334,39.2375,68094.1875,3063.0625,20094.6875
14.230462646484398,2.376819431781769,476.31039062499997,35.385,64044.25,2896.4375,16717.625
12.544145202636741,2.4080803990364075,85.59416910807292,46.7825,64309.5625,6054.75,786.9375
7.94031677246096,2.885357677936554,0.0,38.29,53962.25,11236.375,0.0
5.596154785156273,2.759209632873535,0.0,33.9975,45605.875,9364.125,0.0
4.92102966308596,2.6156917810440063,33.76212239583334,37.1325,49364.5625,6548.625,3734.5
10.252626037597679,2.6478219628334045,389.4582161458333,33.42,57060.25,5439.5625,19235.6875
13.091775512695335,3.1175898909568787,454.705546875,29.5525,53283.8125,9288.875,15269.6875
10.586938476562523,3.2261860966682434,77.07256618923611,41.3225,55362.25,9168.6875,688.25
6.596124267578148,2.8304221630096436,0.0,39.1325,47660.375,7736.0625,0.0
4.569062805175804,2.3596652150154114,0.0,34.49,41202.125,4973.375,0.0
3.8148056030273665,2.0698434114456177,29.399353027343743,35.025,43115.0,2719.8125,3021.3125
7.8858505249023665,1.9567660689353943,343.27246961805554,33.175,51332.625,2128.75,17292.75
10.534341430664085,3.2093136310577393,394.1133767361111,24.525,49069.125,7216.5,13394.3125
8.690286254882835,3.3178924918174744,70.90423366970487,38.58,53730.9375,11880.25,675.125
5.51007995605471,3.5250558257102966,0.0,31.285,50035.1875,19511.0,0.0
4.282449340820335,4.250354528427124,0.0,21.9925,45890.6875,23720.0625,0.0
3.7333847045898665,4.8827749490737915,29.47368284016848,34.515,60703.375,27124.75,2354.0
5.424562072753929,6.056423544883728,343.82212239583333,30.185,70007.1875,30183.625,12726.0
6.2338424682617415,6.073863625526428,409.7805034722222,29.7975,68542.9375,27108.75,10794.3125
4.8995834350586165,4.913699388504028,74.83304497612846,41.8,67400.1875,20449.5625,636.125
3.4955535888672102,3.833504617214203,0.0,37.6525,56199.5,17357.5625,0.0
2.903291320800804,3.8182643055915833,0.0,30.225,50251.125,17597.0625,0.0
3.0329147338867415,4.358667850494385,27.719194334612958,39.2625,63018.9375,21718.3125,1950.5
5.281182861328148,5.530925273895264,303.4357204861111,33.3825,70307.5625,24029.4375,10303.625
6.769708251953148,5.585022926330566,308.88005208333334,32.1475,68037.4375,23648.625,8323.0
6.089883422851585,4.15549510717392,59.378803439670136,44.6425,67266.6875,15713.0625,454.25
4.691979980468773,3.153122901916504,0.0,40.1725,56053.75,9781.6875,0.0
3.7493835449218977,2.954151213169098,0.0,34.1475,48926.8125,8844.125,0.0
3.656037902832054,3.0390517711639404,23.176367876794604,42.9675,62781.25,8772.25,2212.625
6.61512145996096,3.6823335886001587,241.55323350694442,41.5075,70077.375,9885.375,11731.4375
8.442414855957054,3.977890193462372,234.56509114583335,39.245,67593.8125,12805.75,8257.6875
7.848268127441429,3.4205427765846252,42.23600084092882,44.39,67511.0625,11191.8125,501.6875
6.242028808593773,3.00556343793869,0.0,37.925,55788.0625,9146.9375,0.0
5.339456176757835,2.7973905205726624,0.0,33.365,48210.875,7767.125,0.0
5.237268066406273,2.578133463859558,24.961150868203905,44.7675,61582.0,5597.625,2481.375
8.369104003906273,3.0320897102355957,283.7281076388889,44.2,68533.3125,3857.5625,13998.375
10.301293945312523,3.127541482448578,265.02596788194444,43.5025,66419.625,3220.6875,8222.1875
9.529740905761741,2.4624447226524353,46.13322618272569,48.629999999999995,66130.1875,3148.875,452.25
7.716271972656273,2.366636097431183,0.0,41.115,55340.0625,4511.875,0.0
6.420770263671898,2.4688777923583984,0.0,34.5,47403.9375,6614.625,0.125
6.046716308593773,2.6694535613059998,35.178939794964265,44.915,61110.3125,7567.0625,3766.0
10.233438110351585,3.1254802942276,395.91448350694446,37.2975,67080.1875,6418.1875,20038.8125
13.033753967285179,2.994352161884308,472.84411458333335,33.6025,62839.0625,5405.625,17791.25
11.498689270019554,2.413130760192871,101.32408156581482,47.7025,62643.25,4751.1875,1146.0625
6.623231506347679,2.4278167486190796,0.0,40.65,52467.25,5790.25,0.0
4.120935058593773,2.277420222759247,0.0,35.4325,44648.5,5360.0625,0.1875
4.059297180175804,2.415855824947357,53.49937603420682,34.1725,48099.0,5906.0,5278.25
11.806314086914085,2.5118749737739563,509.300546875,30.7025,54749.0,4415.125,24951.0
15.81049499511721,2.9873955845832825,548.8671440972222,28.16,50861.5625,8551.5625,18739.8125
13.426469421386741,2.4939476251602173,98.55961913211478,42.855000000000004,52782.0,6750.5625,1088.625
8.244340515136741,2.577008843421936,0.0,39.585,46239.375,8537.4375,0.0
5.8235641479492415,2.759976387023926,0.0,32.085,40100.1875,10153.5,0.0
5.292520141601585,3.0475215315818787,46.55709138658312,32.167500000000004,44217.125,9647.75,4352.9375
10.099336242675804,3.3984200954437256,443.54469618055555,22.4,52253.375,10236.75,19984.3125
12.180268859863304,3.8682376742362976,506.89571180555555,10.0925,48501.375,10166.8125,16119.0
9.692864990234398,3.80890953540802,103.99479386849535,38.385,51376.375,12823.5,1076.1875
5.533174133300804,3.5111923217773438,0.0,34.707499999999996,46178.5625,13920.1875,0.0
3.0344711303711165,3.1775479912757874,0.0,32.614999999999995,44860.3125,12216.4375,0.0
2.510102844238304,3.0823774337768555,57.51954482184515,50.885000000000005,63577.9375,10095.9375,5456.75
8.100381469726585,3.577192783355713,521.19453125,36.975,66701.75,7471.4375,25423.375
11.591325378417991,4.112174570560455,583.1891145833333,32.5475,62970.6875,11075.9375,20111.3125
10.099809265136741,3.8374348878860474,114.23957160141732,43.1575,62789.8125,15864.0625,1211.125
6.358193969726585,3.999533712863922,0.0,30.6225,52720.0625,23677.3125,0.0
4.319337463378929,3.857305347919464,0.0,27.2875,50404.3125,21540.0625,0.0
4.010644531250023,3.9756057262420654,58.75980041503906,41.682500000000005,66191.5,17411.0,5264.9375
10.401506042480491,4.244478702545166,497.9949392361111,31.54,68813.25,12875.4375,22364.8125
14.534829711914087,4.673948884010315,519.8727256944445,30.939999999999998,66135.3125,19712.875,14676.3125
12.972535705566429,4.119857907295227,90.56807400597467,41.205,64497.5625,19633.75,715.125
10.23236999511721,3.864790618419647,0.0,32.2925,52233.75,18633.0625,0.0625
8.403428649902366,3.261814534664154,0.0,32.46,49057.0625,12168.6875,0.0
7.511102294921898,2.6948792934417725,39.6655583190918,49.5925,65651.1875,6123.5625,2524.1875
10.421205139160179,2.54381400346756,337.39537760416664,46.394999999999996,69364.375,2703.75,14561.9375
12.10901794433596,3.0696734189987183,386.00769097222224,41.915,66652.3125,4627.125,11478.4375
10.376031494140648,3.1366244554519653,75.37990619288551,48.295,64735.9375,8671.9375,553.5
7.625489807128929,3.2069665789604187,0.0,36.6,52612.0,11885.625,0.0
5.970208740234398,2.7110719084739685,0.0,34.145,49717.5,7867.5625,0.0
5.3994308471679915,2.55362606048584,43.24681206597222,51.2725,65944.3125,4572.5625,2775.0625
8.58429870605471,2.9067366123199463,331.29068576388886,44.292500000000004,69877.9375,3326.9375,12757.6875
10.589006042480491,3.497113883495331,367.29421006944443,38.7675,66760.0,6321.6875,9838.625
9.167161560058616,3.34359347820282,72.19495883252885,47.1175,64560.0,8242.5625,550.8125
6.8271652221679915,3.1346556544303894,0.0,36.53,53125.5,9421.0625,0.0
5.566247558593773,2.609138607978821,0.0,35.7625,49670.25,7647.3125,0.0
5.286157226562523,2.4808292984962463,40.062287428114146,52.5775,66331.5,6413.25,1897.625
7.929689025878929,2.578631043434143,315.2454427083333,42.9625,69624.875,4470.875,9266.375
10.108316040039085,2.8137274980545044,316.79976996527773,39.145,64770.875,3650.1875,8067.25
9.36883697509768,2.472376525402069,62.05098585022821,45.1275,62008.9375,3548.1875,563.5625
7.278649902343773,2.2284448742866516,0.0,40.7925,50005.5,4133.9375,0.0
5.84314880371096,2.2079551815986633,0.0,36.9525,44915.3125,4567.875,0.0
6.006463623046898,2.4025713205337524,55.40375790066189,42.95,51123.8125,4746.0,3922.25
11.10474548339846,3.1943487524986267,466.10894965277777,37.9625,55493.4375,3960.75,20806.625
15.04200134277346,3.9495235085487366,477.8208420138889,31.375,51544.75,8353.0625,16691.9375
13.556802368164085,3.2939873933792114,106.55011405944825,41.515,51525.0625,12317.4375,1184.625
9.482568359375023,3.168055236339569,0.0,37.2975,44395.75,15063.5625,0.0
6.91919860839846,2.635730803012848,0.0,36.11,39423.0625,8884.8125,0.0625
6.598016357421898,2.5158433318138123,68.43690646701388,39.3225,43825.375,5976.875,5560.8125
12.67414245605471,2.9110280871391296,505.20075520833336,34.45,50438.625,5129.5,22934.0625
15.270959472656273,3.234219491481781,481.0023958333333,30.805,46918.75,5781.3125,16345.5
13.381578063964866,2.5813931822776794,99.83264443291559,46.3675,49961.75,6541.5,1040.875
9.347657775878929,2.3809993267059326,0.0,41.525,44691.3125,8539.25,0.0
7.164888000488304,2.192365825176239,0.0,37.957499999999996,43761.0625,4971.125,0.0
7.004182434082054,2.4217429757118225,56.06782958984375,58.2625,63541.5625,6075.3125,3879.25
11.79926452636721,2.908570110797882,423.7443012152778,44.542500000000004,67434.1875,7341.1875,17527.25
13.694619750976585,3.2061890959739685,443.1651996527778,40.79,64138.5,9580.0625,13276.0
11.59797058105471,3.207555055618286,94.63889126671685,45.8775,62437.4375,13838.8125,927.3125
8.167131042480491,3.1813994646072388,0.0,37.205,51069.5625,13756.5625,0.0
6.0614791870117415,2.937380373477936,0.0,35.7875,48335.6875,11445.9375,0.0
5.559075927734398,2.9568134546279907,60.932855428059895,51.0175,64833.6875,9876.75,3748.0
8.994172668457054,3.324046015739441,439.49021701388887,43.805,68643.25,9353.6875,17083.9375
11.118241882324241,3.7406554222106934,459.71480034722225,38.7675,65120.3125,11053.875,13633.5625
9.278871154785179,3.806218206882477,105.50609397040473,44.95,63816.375,15310.9375,954.8125
5.969506835937523,3.5091721415519714,0.0,38.942499999999995,51667.875,14931.1875,0.0
3.821900939941429,3.1994104385375977,0.0,36.875,49360.875,12098.6875,0.0
3.4337554931640852,3.4575570821762085,64.28517130533854,52.5075,65230.3125,11612.0,4377.25
7.0371261596679915,3.9093742966651917,442.27634548611115,42.9475,68157.5,10409.6875,18224.4375
9.047822570800804,4.2085862159729,439.2793229166667,39.135,64738.75,10637.75,14005.625
7.62598571777346,4.219695687294006,99.38632958306206,46.307500000000005,62976.9375,15268.6875,1110.875
4.6767440795898665,3.891152083873749,0.0,39.1,51770.9375,16298.4375,0.0
2.6345153808593977,3.572350025177002,0.0,37.39,49146.625,11630.25,0.0625
2.1681457519531477,3.624032199382782,69.14007622612846,53.8125,64115.4375,8316.375,5133.25
5.556253051757835,4.102611541748047,454.632578125,44.585,67147.375,8144.3125,18329.1875
7.132691955566429,4.237457990646362,418.24813368055555,40.275,63877.125,8577.75,12664.1875
5.85981140136721,4.0316638350486755,92.35076865302192,50.93,62917.875,9833.0,1023.875
3.487672424316429,3.4828945994377136,0.0,42.4625,52104.75,9390.5625,0.0
1.9846969604492415,3.328373670578003,0.0,38.43,49636.0625,8454.3125,0.0
1.6907287597656475,3.5713661909103394,72.33139051649304,55.0575,65269.4375,8206.375,3749.625
3.988252258300804,4.09234356880188,444.18800347222225,46.292500000000004,68038.75,8522.0625,14535.625
5.225854492187523,4.018032610416412,410.9026822916667,40.769999999999996,63449.75,8536.1875,8719.1875
4.200479125976585,3.7852110862731934,92.58807966444228,47.075,61848.4375,7964.1875,611.0
2.508760070800804,3.2581438422203064,0.0,44.212500000000006,51407.25,7741.0625,0.0
1.36756286621096,3.143774926662445,0.0,40.7125,45880.5625,8700.625,0.0
1.3301025390625227,3.445089042186737,70.33102973090278,45.78,52238.0625,9289.0625,3700.25
4.049279785156273,3.9792813658714294,430.78487847222226,39.722500000000004,58035.125,11073.1875,15106.0
5.3989425659179915,4.336164951324463,438.5580815972222,36.7525,54148.0625,13154.875,10453.4375
4.249734497070335,4.138714075088501,101.92195961846245,44.625,54472.125,13276.625,964.625
2.2928863525390852,3.7648600339889526,0.0,36.8025,47029.6875,15051.9375,0.0
1.3829055786133038,3.5412116646766663,0.0,36.47,42234.5625,12980.0625,0.0625
1.473146057128929,3.700615108013153,60.839180365668405,38.915,45802.625,11490.875,3525.3125
4.4521041870117415,4.462339758872986,355.61536024305553,35.565,53338.5,12429.1875,14773.8125
6.5771347045898665,4.819629907608032,357.7702864583333,31.255,49847.125,14709.1875,9580.4375
6.2197738647461165,4.210400700569153,80.98368503146702,44.1475,51909.0625,14322.3125,774.0
4.703652954101585,3.6559414863586426,0.0,37.3475,47279.4375,14647.5,0.0
3.524537658691429,3.4023852348327637,0.0,39.165,46003.375,13685.0625,0.25
3.4345565795898665,3.438693046569824,90.0940785047743,54.152499999999996,63250.75,12007.5,6188.5
8.573258972167991,4.135699808597565,580.0344704861111,36.435,66784.5,11043.375,25888.375
12.170449829101585,4.575386643409729,612.5265190972223,36.0625,63140.875,15256.1875,21431.6875
10.75696716308596,4.273871898651123,151.46701256646048,47.635000000000005,62256.75,21217.8125,1821.25
6.3376937866211165,4.285401463508606,0.0,37.6025,52272.625,25356.1875,0.0
3.6211105346679915,3.805258095264435,0.0,36.292500000000004,50065.6875,20286.0,0.125
3.8038421630859602,3.6852672696113586,99.60003879123263,49.2775,65335.1875,15245.3125,7316.25
10.558213806152366,4.025597155094147,597.01234375,36.13,67618.25,12908.875,26346.3125
13.733796691894554,4.200099468231201,601.9993489583334,38.83,64133.0625,15573.5625,18960.875
12.17725524902346,3.8103394508361816,135.2833181423611,50.2375,62988.875,19734.8125,1400.9375
8.474511718750023,3.8979361057281494,0.0,37.2975,52275.625,23343.5,0.0
6.335542297363304,3.3463382720947266,0.0,35.835,49033.0625,18951.6875,0.0
6.44928894042971,3.1891767978668213,89.57880506727432,49.97,64251.875,13481.1875,6027.5
12.074372863769554,3.602675497531891,553.8922569444444,39.37,67745.0,13025.5625,22597.9375
15.20166931152346,4.104780435562134,598.2405034722223,36.3475,62939.625,13466.25,18968.125
13.745889282226585,3.7859874963760376,146.84654849582247,47.125,61542.4375,17658.5625,1660.25
9.483567810058616,3.8438555002212524,0.0,38.3875,51455.875,22708.375,0.0
7.059060668945335,3.5370189547538757,0.0,36.347500000000004,48048.25,19566.125,0.0625
7.404420471191429,3.6216607689857483,105.66006742282875,51.2525,62407.5625,14215.0,7408.6875
14.456086730957054,4.397733807563782,617.7129253472222,38.2,64884.375,14916.1875,26950.4375
17.64557800292971,5.1366947889328,660.0033593750001,32.7,60940.6875,22086.3125,21321.125
15.911347961425804,4.318775057792664,165.0031292046441,46.705,57993.0625,22915.625,1903.8125
11.187135314941429,4.079561412334442,0.0,38.144999999999996,46857.375,25132.75,0.0
8.274880981445335,3.6337344646453857,0.0,32.160000000000004,40449.4375,19678.3125,0.1875
8.606690979003929,3.4382354021072388,110.3714180689388,41.23,43437.9375,11784.6875,7699.8125
15.929292297363304,3.670535385608673,628.5234982638889,25.7775,49637.6875,7943.125,27295.5
19.18580017089846,3.8908233642578125,674.0153645833334,22.1625,45587.8125,10752.1875,21611.0
17.052392578125023,3.305251955986023,169.01382398817276,43.2275,47046.75,13372.125,1968.8125
11.200883483886741,3.164882004261017,0.0,37.735,40745.25,15520.8125,0.0
7.811624145507835,2.6187519431114197,0.0,31.5975,36911.9375,9965.8125,0.125
8.144151306152366,2.4005377292633057,114.13475881854693,37.947500000000005,44637.875,5933.75,7797.8125
16.031549072265648,2.6048991084098816,637.1707118055556,27.28,50155.0,3518.75,27125.9375
19.257554626464866,3.091497480869293,688.0614409722223,27.985,47089.125,4097.5,21630.625
16.97269592285159,2.908407151699066,175.46345187717014,44.9625,47262.75,8136.5,2036.3125
10.814988708496116,2.7885413765907288,0.0,38.71,39670.1875,11587.75,0.0
7.177163696289085,2.3418573141098022,0.0,32.2325,34691.8125,6682.5625,0.125
7.75794372558596,2.1925013065338135,118.35088771740595,33.6325,39621.5625,3737.25,7991.25
16.14564666748049,2.3741251826286316,647.114296875,23.905,44395.5625,1610.4375,27300.4375
19.32545623779299,2.5790904760360718,696.4370659722222,17.5625,40484.125,2177.375,21712.625
17.23083648681643,2.649462103843689,178.92230916341146,44.58,43206.0625,7276.5,2045.0625
11.304444885253929,3.1101199984550476,0.0,31.6725,38235.4375,17825.0625,0.0
8.270562744140648,3.1477068662643433,0.0,10.835,34650.6875,19217.0,0.1875
9.020448303222679,3.4959691166877747,120.0351127603319,7.995,40123.5,16656.9375,8021.625
16.293672180175804,4.6300153732299805,645.3731163194444,-49.89,47243.375,15267.0,26984.4375
18.857080078125023,5.937123656272888,689.9856510416666,-68.7,44659.625,19851.5625,21092.0
16.70198211669924,6.0231335163116455,178.0986954752604,8.67,47328.25,31726.0,2007.5
12.832940673828148,6.239106059074402,0.0,-6.8725000000000005,41944.8125,32212.125,0.0
10.63923034667971,5.929842829704285,0.0,-5.8475,40063.8125,30470.9375,0.25
10.462335205078148,6.122684478759766,116.12509197976856,33.6775,60080.5625,33900.5,6902.625
14.76697692871096,6.623020648956299,598.5517274305555,-0.8625000000000007,65911.875,30718.5625,22768.5
17.456582641601585,6.97493577003479,563.1973524305556,10.07,62894.8125,31357.6875,14774.8125
16.045571899414085,5.910291910171509,117.66907484266493,39.185,60167.1875,31265.5,1362.0625
13.131646728515648,5.290432810783386,0.0,26.8375,48009.375,27985.5625,0.0
11.453797912597679,4.796751379966736,0.0,23.14,45500.4375,22351.375,0.3125
11.747880554199241,4.534026622772217,102.17889015409682,42.275,61587.625,19716.875,6544.375
17.12878570556643,4.327544093132019,589.1047916666666,33.947500000000005,66649.9375,14887.5,24844.9375
20.683381652832054,4.9110764265060425,625.9834201388888,34.445,63010.9375,17734.0625,18074.3125
17.845552062988304,4.9970386028289795,141.06071533203124,44.74,60803.375,26194.125,1405.9375
12.746461486816429,4.322596967220306,0.0,30.830000000000002,49409.8125,25818.375,0.0
9.896585083007835,3.5356580018997192,0.0,31.265,45530.5,14572.1875,0.5
10.240144348144554,3.2525106072425842,112.89148700290256,46.8925,61687.875,11953.875,7672.9375
16.644586181640648,3.64897620677948,590.1053819444444,36.5325,66833.875,11406.8125,24395.5625
20.31160125732424,3.9899879097938538,618.9156510416667,34.4625,63252.8125,13444.9375,17968.5
18.37318572998049,3.5899271965026855,145.73415079752604,52.8475,60037.5,14468.25,1688.875
13.763307189941429,3.5152079463005066,0.0,38.3125,49419.0,17402.4375,0.0
11.067071533203148,3.144730508327484,0.0,36.1025,45290.375,11174.3125,0.75
10.75660095214846,3.4022873640060425,88.00963838365342,52.1,62027.4375,9389.875,4744.75
13.548806762695337,3.6782479286193848,408.1769791666667,45.7475,67271.5,9911.875,12461.125
13.853875732421898,4.017958343029022,378.5749782986111,42.01,62027.25,12239.6875,8388.5
11.606240844726587,3.7693344950675964,88.58667751736111,47.5325,58864.5625,12476.0625,1052.8125
9.004258728027366,3.550364375114441,0.0,35.285,47622.3125,12541.1875,0.0
8.114030456542991,3.6886053681373596,0.0,27.82,42720.25,14448.8125,0.75
8.376939392089866,3.9535465836524963,77.26381256739297,32.91,49102.625,11574.125,4708.5
11.064752197265648,4.35687255859375,381.8192361111111,30.765,55735.375,11819.5,14334.875
11.92420349121096,4.314046502113342,426.5136545138889,29.2125,51592.125,11313.4375,10673.25
9.837663269042991,3.4246614575386047,122.07678534613714,38.705,51253.1875,8602.3125,1135.125
7.492066955566429,3.134275436401367,0.0,32.055,42863.75,9163.875,0.0
6.47748718261721,3.305324673652649,0.0,29.622500000000002,38445.875,9328.25,0.875
6.3776107788086165,3.387254297733307,76.5027981821696,32.207499999999996,42498.125,5377.6875,3952.875
8.381066894531273,3.008942663669586,395.6863064236111,33.5125,50392.8125,3216.5625,13941.3125
9.894364929199241,2.6074479818344116,444.2344097222222,31.854999999999997,47688.0625,2846.5,13067.875
9.323793029785179,2.4734280109405518,123.92536675347222,45.205,49955.875,2884.5,1829.1875
6.4507003784179915,2.3358064889907837,0.0,41.7675,45415.125,4032.3125,0.0
5.31751403808596,2.66423100233078,0.0,35.332499999999996,44527.8125,6364.625,0.875
5.927522277832054,3.434022843837738,71.36296945359972,51.9,62018.4375,9076.8125,4120.9375
9.090234375000023,4.411759734153748,326.64495225694446,44.915,66830.125,11973.0625,11955.25
10.468728637695337,4.631130933761597,323.53577690972224,40.595,64694.5625,14699.375,8297.0625
9.710740661621116,4.051471531391144,93.54652248806423,46.667500000000004,61775.6875,14693.8125,851.4375
7.8856674194336165,3.3557586073875427,0.0,38.34,49727.625,10972.3125,0.0
6.642922973632835,3.109246850013733,0.0,35.43,47052.0625,8909.1875,2.125
6.851380920410179,3.3990343809127808,93.67794921875,52.3075,62938.4375,6318.75,5628.4375
10.627252197265648,3.508406162261963,490.97225694444444,42.405,65661.1875,4789.4375,21917.875
13.656282043457054,3.7832407355308533,577.1352256944444,36.64,61499.5,7223.5625,18825.625
12.807664489746116,3.26473206281662,158.0479603407118,50.49,58122.0,7625.0,2162.3125
8.817170715332054,2.8777358531951904,1.549937037958039e-05,40.7225,46879.4375,7854.3125,0.0
6.80323181152346,2.80883526802063,0.0,30.77,40396.1875,7975.4375,2.0625
7.3662582397461165,3.255209803581238,106.21905726114909,28.8525,42899.375,9766.0625,6040.625
11.758027648925804,3.734365224838257,517.2284461805556,20.8875,49602.0,11008.9375,20754.25
14.458474731445337,4.206407308578491,528.323671875,4.0775,45932.6875,15002.1875,17580.125
13.434655761718773,4.016405820846558,144.96173421223958,33.6525,47922.375,14864.75,2113.5625
9.18537292480471,3.6186733841896057,5.0372953216225e-05,30.997500000000002,42905.25,14692.3125,0.0
7.2482772827148665,3.9788971543312073,0.0,27.955,42340.875,16980.8125,2.5625
7.921472167968773,4.478427171707153,97.87107364230687,44.4375,61238.375,17570.25,6092.125
12.157640075683616,5.283350467681885,440.57907118055556,35.085,65815.5,18991.75,19821.0625
13.963624572753929,5.710100054740906,418.4715277777778,37.302499999999995,63705.375,21610.1875,13543.9375
12.12445983886721,4.8319865465164185,121.10058946397568,46.55,61312.875,19818.75,1377.9375
9.025308227539085,4.454343795776367,0.000340986152489975,38.655,50101.4375,20413.25,0.0
7.32959899902346,4.366898536682129,0.0,33.785,46813.125,17819.9375,3.375
6.856568908691429,4.390087604522705,89.28546654595269,46.745000000000005,62627.8125,15145.5625,4694.875
8.650025939941429,4.653954744338989,448.2570659722222,44.2275,66361.25,16356.0,14455.9375
9.793031311035179,5.225191593170166,476.4378298611111,36.6575,62545.0625,20044.625,11075.0625
8.675218200683616,4.564921200275421,145.6787765842014,43.865,59601.3125,16311.75,1375.0
6.35205993652346,3.57722669839859,0.000848590532938625,40.9675,49104.75,14195.4375,0.0
4.788613891601585,3.6762237548828125,0.0,34.9875,43765.5625,14942.375,2.8125
4.607362365722679,4.15200012922287,90.36923882378473,41.6325,50526.875,14049.8125,4234.4375
6.352105712890648,4.483858227729797,408.5712413194444,40.9525,57223.0,12272.0,12376.75
6.4754806518554915,4.402263760566711,454.99778645833334,33.685,53536.4375,14683.625,10870.625
5.345918273925804,3.914216458797455,135.933232421875,44.144999999999996,52056.125,11414.0625,1717.3125
2.9251953125000227,3.114872097969055,0.001604184839460575,39.3575,44622.0,11379.4375,0.0
1.7152191162109602,3.05522620677948,0.0,28.73,39801.3125,11113.6875,5.125
2.7099166870117415,3.491221845149994,118.44014129638671,29.5125,43204.875,8284.0625,6494.375
6.523461914062523,3.902638554573059,528.4037413194444,27.92,51160.375,9445.625,16995.75
8.168550109863304,4.08592563867569,537.0338802083334,21.0625,48567.25,10914.75,13255.6875
7.405969238281273,3.7267714142799377,157.33041720920139,38.385,51069.0,10613.1875,1892.5625
4.326043701171898,3.12398225069046,0.002739513715108225,38.735,46687.9375,12861.5,0.0
2.7425781250000227,3.3537545204162598,0.0,34.42,46011.3125,16010.5,5.6875
3.8298126220703352,3.702312707901001,136.68024237738715,47.885000000000005,63423.3125,13484.5,7404.9375
7.6114669799804915,4.508481740951538,561.0343055555555,44.595,68311.75,16138.8125,15550.5
8.762025451660179,4.856726884841919,527.994296875,42.05,65287.1875,16040.75,10890.4375
7.75568542480471,4.005155980587006,152.878671875,53.4675,62911.875,11547.875,1367.5625
5.1602645874023665,3.057711362838745,0.0056030225753784,45.9075,51799.9375,10052.4375,0.0
3.3823715209961165,2.951770067214966,0.0,40.8925,49494.9375,9308.5,6.3125
4.300408935546898,2.8527100682258606,138.28791456434462,58.295,64346.1875,6012.8125,7436.0
8.674821472167991,2.917896866798401,561.9489322916667,49.59,67924.1875,5249.0,18840.4375
10.651719665527366,2.8155441880226135,552.0585503472222,47.7025,64505.625,3663.9375,15333.0625
10.033738708496116,1.9002622067928314,160.97400634765626,61.5125,61825.5625,1601.125,2104.75
6.1844955444336165,2.1556262373924255,0.006199748251173225,44.7975,51000.75,4819.6875,0.0
4.624963378906273,2.6306119561195374,0.0,35.8275,48492.625,8292.4375,8.0
6.396356201171898,3.200300633907318,114.93928378634982,47.2475,64109.25,8392.8125,5809.75
11.55530700683596,4.259431898593903,432.21290798611113,42.305,68208.1875,13785.5,14684.875
12.871751403808616,4.8259546756744385,310.98635850694444,35.1625,66944.5,20924.8125,7156.875
11.807252502441429,4.4766141176223755,63.12559963650173,38.54,63442.625,19620.4375,734.875
10.263185119628929,4.41770875453949,0.004161580933464875,33.4375,51314.6875,19001.0,0.0
9.022111511230491,4.1024081110954285,0.0,32.78,47861.875,16857.0625,5.625
8.958367919921898,3.9398200511932373,88.4312377251519,50.69,63724.5625,11432.625,6010.8125
11.751016235351585,3.9749915599823,437.49278645833334,49.1725,67470.5,8383.125,15970.875
13.607987976074241,3.714937388896942,488.85559895833336,46.585,64610.875,7147.875,11812.4375
12.452920532226587,3.2342262268066406,144.35355061848958,52.5425,62315.625,7485.5625,1694.4375
10.087388610839866,3.1575732231140137,0.0157086118062337,43.0,50852.0,9623.5625,0.0
9.035249328613304,3.216519773006439,0.0,37.745000000000005,48012.6875,10636.1875,8.875
9.28150329589846,3.718319356441498,106.12631564670139,52.8625,63965.0,10563.9375,5472.125
11.52735290527346,4.168477356433868,485.3749565972222,44.2375,67556.1875,12634.3125,15045.375
12.97712097167971,4.128644943237305,559.0602170138889,38.56,62641.0625,11546.375,13736.5625
12.161660766601585,2.91424024105072,171.65923882378473,50.7025,59794.625,5166.375,2079.5625
8.58576354980471,2.014814555644989,0.026143563588460275,45.9375,49244.9375,2227.625,0.0
7.276673889160179,2.3373312950134277,0.0,37.1125,42782.5,4189.75,10.5
8.372232055664085,3.0515593886375427,98.18848117404514,40.44,49486.6875,6059.875,4190.6875
11.095475769042991,3.8566170930862427,406.28743923611114,37.7475,56116.9375,8975.75,12521.0
11.644326782226585,4.46778678894043,426.42312499999997,33.072500000000005,52242.25,14848.6875,9442.1875
10.081018066406273,4.452826499938965,123.49567437065973,38.1875,52146.0625,19020.0,1372.125
7.720491027832054,4.046590149402618,0.036303401523166225,34.405,44334.8125,18068.625,0.0
6.059571838378929,4.143730401992798,0.0,22.6675,39371.75,17601.75,11.125
6.156922912597679,4.704389810562134,112.8625609673394,23.4525,43286.0,14872.0625,5907.5625
9.096421813964866,5.019788026809692,492.05344618055557,6.7375,50049.75,15335.5625,19711.125
11.331979370117212,5.077301263809204,558.9470486111111,-9.162500000000001,46707.3125,17559.125,17257.875
10.606851196289085,4.448797583580017,175.79149088541666,37.0325,48932.875,17064.875,2478.375
7.240174865722679,3.583644688129425,0.05077206081814235,35.8425,44699.0625,15490.5,0.0
4.945008850097679,3.4864832758903503,0.0,31.235,43879.125,14026.4375,16.0
5.87812194824221,3.766553819179535,158.63397189670138,49.86,61975.9375,8009.75,9719.25
10.707635498046898,4.355863928794861,644.0224565972222,36.035000000000004,65999.6875,8914.5625,26349.875
12.593659973144554,4.82870876789093,633.4666232638889,32.605000000000004,63287.6875,13935.25,20531.3125
11.358422851562523,4.0676533579826355,199.13588975694444,47.28,60613.9375,12751.875,2882.875
7.162477111816429,3.2508745193481445,0.05980431874593097,40.5775,49946.9375,12020.25,0.0
4.639222717285179,3.0372573137283325,0.0,36.167500000000004,47425.0,10873.9375,19.4375
5.8952194213867415,3.349117159843445,164.9030315483941,51.425,62844.8125,6522.125,9599.9375
10.305924987792991,4.275872707366943,632.7578559027778,36.317499999999995,66308.25,8716.5625,22053.75
11.526460266113304,4.625084757804871,593.2450347222222,35.0275,63268.25,12268.875,17443.625
10.190332031250023,4.100083112716675,186.30075629340277,47.167500000000004,61090.875,11952.75,2669.625
6.463342285156273,3.1536869406700134,0.0759856669108073,39.582499999999996,50491.4375,11508.375,0.0
4.168130493164085,2.76152902841568,0.0,35.4,47894.9375,8965.0,17.0
5.401033020019554,3.229380428791046,146.97051310221354,50.1325,63860.75,6399.9375,7629.0625
9.573388671875023,4.203059077262878,561.0766927083333,40.055,67715.0,9546.125,21133.0
11.167893981933616,4.557631134986877,506.89211805555556,36.3425,65176.8125,11549.375,14191.625
10.276506042480491,3.900971531867981,139.90021647135416,44.3775,62668.125,11361.0625,1879.5625
7.9515243530273665,3.3766786456108093,0.0958791012234158,37.8525,51427.9375,11080.125,0.0
6.640290832519554,3.310528814792633,0.0,33.555,48799.8125,11006.5625,8.625
7.039788818359398,3.524116098880768,83.18107835557726,46.0675,64665.875,10897.5625,4114.25
9.382073974609398,3.8045986890792847,337.7950390625,42.457499999999996,69053.8125,11307.25,11385.1875
10.789506530761741,3.777588665485382,273.38823784722223,37.9475,66153.0625,11795.125,7969.625
10.396409606933616,3.5589919686317444,68.07019965277777,41.6825,63580.8125,13249.625,954.75
8.882569885253929,3.172283113002777,0.07012302822536892,37.125,51672.1875,10990.125,0.0
7.8410812377929915,2.876642405986786,7.749685189790195e-06,34.5325,48315.875,9083.0625,19.4375
8.517396545410179,3.121951103210449,89.85617689344619,47.1225,63853.1875,7574.75,6252.125
12.35682067871096,3.3534987568855286,377.3580251736111,44.69,67237.0625,6032.375,18687.5
15.10614929199221,3.231634259223938,391.18097222222224,39.8025,62628.625,6011.875,15412.3125
14.524331665039085,2.848365366458893,129.41043891059027,50.9,58854.0625,7038.9375,2292.625
11.148217773437523,2.8451797366142273,0.07460622151692707,40.8875,47698.0625,8716.0625,0.0
9.209291076660179,2.612115502357483,9.6871066424575e-05,34.285,42045.1875,8276.1875,29.1875
10.459268188476585,2.6667665243148804,151.55807603624132,36.667500000000004,48576.125,5003.5625,9058.5
15.94971618652346,2.9068568348884583,627.091171875,34.214999999999996,54341.375,5366.375,25684.375
18.741616821289085,3.0358206629753113,597.7972135416667,33.7675,50282.5625,5931.0,18092.9375
17.378083801269554,2.7199825048446655,179.48339084201388,44.5225,49564.875,6432.6875,2350.4375
12.924218750000023,2.589032769203186,0.15397074381510417,40.66,42641.6875,5779.125,0.0
10.532502746582054,2.311793625354767,0.00019374213284915,34.34,37153.625,3644.0625,30.125
11.87220153808596,2.518018126487732,144.7517333984375,34.375,41773.4375,3081.625,8428.875
17.26924285888674,2.7716806530952454,577.2148611111111,32.905,49409.625,3616.8125,24070.125
19.444802856445335,3.227721333503723,584.8803819444445,29.9125,47040.375,6836.4375,17298.5
17.387559509277366,2.9722405672073364,170.42333333333335,41.1525,49635.0,9186.5625,2246.1875
13.70997009277346,2.738332152366638,0.18290807088216146,38.6425,44089.5,7882.625,0.0
11.932557678222679,2.5387104153633118,0.0004107333223025,34.6225,42582.375,6054.1875,23.125
12.437371826171898,2.823747932910919,100.91220608181425,57.47,62002.9375,3966.625,4784.1875
15.179368591308616,3.1393240690231323,375.8773133680555,53.6025,67926.0,4197.6875,11803.8125
16.112283325195335,3.696496367454529,367.40569010416664,46.197500000000005,65737.8125,8871.8125,7895.1875
14.61402282714846,4.05561888217926,102.06378634982639,47.32,62612.9375,13729.4375,928.4375
13.001031494140648,4.106654167175293,0.16191804673936633,37.8675,50543.6875,14527.8125,0.0
12.101235961914085,4.046258449554443,0.000821466644605,33.004999999999995,47639.0,13639.625,23.9375
12.16773376464846,4.1016470193862915,74.67842488606772,50.875,64660.125,14109.6875,3343.5625
13.822801208496116,4.07499772310257,273.0729904513889,49.947500000000005,69975.75,13829.125,9365.0625
14.834405517578148,4.194858908653259,296.00728298611114,43.285,66964.4375,15815.9375,7270.8125
13.94721374511721,4.224961519241333,96.7359152560764,45.4725,63212.6875,19829.9375,1004.0625
12.337556457519554,4.145654320716858,0.1550750732421875,36.019999999999996,51027.0,19632.8125,0.0
11.36292419433596,4.338201284408569,0.001065581705835125,30.34,47201.5,19966.9375,12.125
10.945237731933616,4.827431917190552,54.45775756835937,45.730000000000004,64473.0,21062.25,1971.9375
12.019082641601585,5.017322421073914,300.18513020833336,41.955,68181.375,18936.8125,9542.5625
13.548455810546898,4.989893913269043,379.45098958333335,36.93,64272.8125,17223.0,11604.6875
13.42023620605471,4.244610667228699,147.90884494357638,46.8625,61549.5,11912.5,2379.9375
10.069245910644554,3.096674084663391,0.3336278279622396,39.6825,50357.0,7318.75,0.0
8.06690368652346,2.8312843441963196,0.001305822001563175,33.2425,47566.6875,6691.0625,37.125
9.497590637207054,2.945775091648102,157.38727973090278,43.8725,63481.5625,6841.8125,9618.6875
15.022134399414085,3.1067668795585632,638.1092881944445,35.6875,66571.25,6399.625,26204.0
17.660745239257835,2.8971903920173645,619.3959114583333,38.23,63649.5625,4397.0625,20960.875
16.86804351806643,2.1199432015419006,196.103486328125,52.045,61278.5625,2591.25,3173.875
11.763101196289085,2.128110408782959,0.3811876424153646,42.457499999999996,50175.875,3406.375,0.0
9.236909484863304,2.1690534353256226,0.0041809550921122,35.167500000000004,46466.9375,6508.0,46.5
11.500032043457054,2.2899105548858643,170.52677218967014,47.8925,62704.75,6767.5,9777.0625
17.89782867431643,2.647322356700897,655.7618489583333,39.1625,66563.9375,7717.25,25648.0
19.720445251464866,3.3029980659484863,557.8143576388889,35.5175,62057.5,11899.125,18529.9375
17.90864715576174,3.0944526195526123,178.02017578125,44.5075,58733.5,10365.0625,2886.0625
13.126016235351585,2.852557957172394,0.37024122450086805,41.5175,47390.8125,8612.25,0.0
10.806504821777366,2.6992013454437256,0.004401821295420325,34.0075,41266.0,6785.5625,42.375
11.600503540039085,2.882071554660797,147.2165247938368,36.105000000000004,48515.125,5905.3125,7163.6875
15.178933715820335,3.0871739387512207,519.0091666666667,34.6925,54191.875,5708.9375,19057.125
16.272370910644554,3.545270264148712,517.5066319444445,32.26,50172.25,7354.0625,14986.3125
15.048966979980491,3.1844083070755005,166.94217990451386,41.945,49685.0625,6512.625,2428.8125
11.467218017578148,2.6788467168807983,0.4134379408094618,38.6225,42499.8125,6047.75,0.0
9.569886779785179,2.9195847511291504,0.004843553437127,24.8725,37712.9375,10687.8125,41.3125
11.208146667480491,3.3874552845954895,133.79318739149306,20.1175,42481.875,14387.5625,8045.875
16.28156433105471,4.330016016960144,491.87640624999995,12.700000000000001,49863.1875,17845.25,21837.0625
18.68933258056643,4.769016146659851,406.0471180555556,1.4900000000000002,47377.75,18603.875,16357.125
18.13318023681643,3.9966063499450684,124.482119140625,35.8475,48998.75,20437.875,2556.875
14.75354919433596,3.886790156364441,0.21470889621310763,25.0875,44572.375,21206.875,0.0
12.957719421386741,3.853228449821472,0.002859633763631175,18.675,42588.75,18607.6875,38.5625
13.446794128417991,3.8365447521209717,117.95526801215277,42.3725,61263.8125,14192.3125,7004.25
16.396630859375023,4.084071457386017,441.9027083333333,38.760000000000005,66982.3125,14932.9375,17300.4375
17.550622558593773,3.918125033378601,393.57470052083335,36.575,64178.75,13187.125,11917.875
16.080300903320335,3.0185675621032715,128.05889756944444,47.335,60429.25,9667.6875,1802.0625
13.068704223632835,2.2974554300308228,0.4872265964084202,37.38,49169.75,6361.3125,0.0
11.583055114746116,2.269319474697113,0.009861474566989475,34.1,45792.375,3236.875,27.125
11.621842956542991,2.4082688093185425,96.03985378689237,57.6475,62119.875,2567.4375,4047.4375
13.219949340820335,2.879351019859314,388.53907118055554,47.69,66613.9375,3770.75,12899.5625
13.734834289550806,3.7453026175498962,432.5861371527778,41.980000000000004,63422.375,8211.4375,11295.0625
12.570031738281273,3.731578052043915,164.4945779079861,43.495,60439.5625,10463.6875,2090.6875
9.948838806152366,3.065783679485321,0.6380819363064236,35.0775,49032.9375,8859.625,0.0
8.240190124511741,3.078450322151184,0.016285963058471676,31.715,46354.9375,8223.9375,42.25
8.851739501953148,3.140765070915222,138.02673502604165,47.665,61468.125,4177.75,6852.375
11.777207946777366,2.9218668341636658,508.7541059027777,43.05,65114.25,2696.625,19085.9375
13.837564086914085,2.913033604621887,538.1989236111111,41.065,61063.6875,2511.9375,16803.8125
13.70624694824221,2.4630085229873657,185.55095377604167,51.345,57122.125,3112.5625,3041.1875
9.863359069824241,2.595443069934845,0.7306131998697917,33.9575,47007.4375,11945.75,0.0
8.177789306640648,3.125910222530365,0.020745906829833974,11.004999999999999,41246.75,16893.4375,53.3125
10.399766540527366,3.6646294593811035,146.58716688368057,6.915,44323.125,16990.25,8819.25
15.29163513183596,4.125751793384552,475.44578125,1.1625,50429.8125,19341.875,20985.625
17.39747009277346,4.357496500015259,399.8657204861111,8.655000000000001,47228.5625,18062.75,15341.5625
17.091973876953148,3.587005078792572,124.8840798611111,34.445,47932.75,12931.0625,2537.4375
14.324693298339866,3.1227152347564697,0.5160282728407118,34.635,42372.1875,12933.75,0.0
13.225938415527366,3.163714349269867,0.01682456652323405,27.822499999999998,39565.3125,13189.625,37.375
14.171304321289085,3.0406245589256287,113.82740071614583,39.33,52687.6875,8045.3125,6177.875
17.875848388671898,3.153695523738861,464.30412326388887,34.3275,57854.4375,6704.25,18605.1875
19.74379119873049,3.2106232047080994,493.97908854166667,31.65,54660.0625,7166.0625,14402.875
19.00164947509768,2.4077038764953613,169.9413888888889,45.3275,52383.125,4617.0625,2899.375
14.746194458007835,2.048017829656601,0.7162259250217013,37.16,44136.5,4859.0,0.0
12.571229553222679,2.2793566584587097,0.024039522806803375,26.130000000000003,38754.1875,6977.6875,60.4375
14.765557861328148,2.45258367061615,173.46430284288195,27.91,46595.5625,7940.625,9524.375
20.377732849121116,2.9345926642417908,624.7709722222223,25.1975,53365.6875,8115.125,26154.3125
22.971292114257835,2.924514889717102,638.1928211805556,24.925,50242.4375,5624.125,22035.9375
22.037019348144554,2.269553780555725,231.29175238715277,39.96,48754.625,2891.5,3556.875
16.219712829589866,1.968375414609909,0.9035667588975694,33.875,41887.25,2351.875,0.0
13.414857482910179,2.000596910715103,0.03041364034016925,27.5325,36342.875,5096.0625,66.75
16.106614685058616,2.183930814266205,190.6368023003472,23.174999999999997,41525.3125,5722.6875,10225.0
23.143487548828148,2.716997444629669,693.1665798611111,9.0175,48598.4375,6292.25,27561.5625
26.22705230712893,3.3780043721199036,719.6359635416667,4.3725,46413.3125,9379.3125,22677.8125
25.316003417968773,2.9787660241127014,247.16702473958333,35.98,48375.8125,8416.75,3572.1875
19.698236083984398,3.416456878185272,0.932562255859375,29.22,44467.1875,17676.875,0.0
16.80420074462893,3.18985652923584,0.03524556901719835,21.1075,41464.1875,15226.25,70.25
18.501153564453148,3.0146897435188293,184.09275824652778,43.0925,60434.6875,8613.125,9313.375
23.805383300781273,3.22728568315506,625.2466579861111,37.195,67075.375,6499.1875,24686.0625
24.45038757324221,3.4867868423461914,588.5228125,37.3925,64714.3125,9357.6875,16636.625
21.137437438964866,2.5059573650360107,183.85366102430555,48.3125,61082.25,6717.625,2108.5
16.764375305175804,1.9735951125621796,0.7731434461805555,38.7725,49645.375,2834.1875,0.0
14.488511657714866,1.7740648090839386,0.027112274169921874,32.4525,46137.0625,2147.1875,66.25
15.952912902832054,1.9064682126045227,160.6117906358507,48.9,62796.3125,2217.9375,8955.25
21.363687133789085,2.120768427848816,613.1684114583334,39.325,67918.6875,1987.6875,25540.25
24.699815368652366,2.845915377140045,652.6079513888889,37.3075,65127.375,5530.625,21082.9375
24.16707000732424,3.458288252353668,230.06870442708336,43.575,61487.875,14955.9375,3374.3125
19.620141601562523,3.9132283329963684,1.0076450602213542,28.845,51115.1875,22623.6875,0.0
17.316926574707054,3.445472776889801,0.04287513309054902,25.5375,46664.6875,15512.5,69.0
18.77063140869143,2.857774078845978,189.57256401909723,42.7475,62931.0,7963.375,9288.0
24.08973846435549,2.355615794658661,671.8962673611111,39.2525,68114.0625,2504.875,25426.8125
26.29816589355471,2.828288495540619,675.0093402777777,39.1625,65272.1875,3745.75,20604.3125
24.783044433593773,3.309330105781555,228.97332682291668,49.4725,61068.375,9550.75,3337.0625
20.28083190917971,4.062789618968964,1.0835842556423612,31.770000000000003,50572.5,22267.8125,0.0
17.52522430419924,4.04848051071167,0.04745519849989147,25.0675,47425.375,22570.625,67.875
17.139802551269554,4.145207762718201,150.86977864583332,38.9325,62747.8125,12565.8125,6683.0625
18.327752685546898,4.525193572044373,444.58453125000005,33.01,68123.8125,16031.1875,14687.125
17.769143676757835,4.335206508636475,418.1263368055556,33.4675,63510.3125,17724.0625,10381.75
15.876565551757835,3.515262007713318,144.05158637152778,52.3525,58602.5,8815.5,1798.9375
12.86347351074221,2.654300093650818,1.0276082449597823,40.94,48109.25,3798.0,0.0
11.127038574218773,2.305967926979065,0.02353579415215385,32.545,44780.375,3444.6875,68.5
12.533670043945335,2.4863954186439514,160.75803955078126,60.9975,60033.5625,4121.625,9151.3125
17.671128845214866,3.1252641081809998,593.040625,32.0975,65240.1875,7759.0625,26084.75
21.473962402343773,3.9583118557929993,653.2457378472222,28.552500000000002,61879.4375,12887.5,21814.25
20.47052917480471,4.207797169685364,227.837451171875,38.7575,57042.0625,20266.6875,3001.5
16.043176269531273,4.550381183624268,1.0078000309840878,9.0725,46631.25,24093.3125,0.0
14.313722229003929,5.0230326652526855,0.046393491956922724,-44.917500000000004,41594.0625,24612.375,50.25
14.06293640136721,5.915558218955994,116.04112060546876,-61.27,48308.1875,29378.5625,5283.0
15.920381164550804,6.809406638145447,451.602890625,-75.5575,54253.1875,29955.6875,18357.375
18.060144042968773,6.589154839515686,568.2584461805556,-78.63250000000001,49923.9375,24950.875,20005.875
17.742723083496116,4.954043865203857,237.2434765625,-0.09750000000000014,47397.9375,23826.6875,3509.3125
13.340982055664085,3.918847620487213,1.2472963924416236,22.0025,40732.0,19807.0,0.0
10.841760253906273,3.5925565361976624,0.0632374318440755,10.715,35597.6875,17416.6875,87.5625
13.041627502441429,3.3606115579605103,185.99379286024305,13.5475,39628.375,9408.8125,10523.125
18.66901550292971,3.3120351433753967,674.6713368055556,11.52,45855.4375,5824.125,26178.3125
21.017266845703148,2.6298669576644897,626.8039930555556,22.3625,42497.8125,2515.625,16772.0
19.767663574218773,2.348734140396118,182.00063042534723,47.7075,43486.25,3938.3125,2238.625
16.598962402343773,2.649057626724243,1.1139358988487058,34.72,38652.875,7789.6875,0.0
15.123269653320335,2.8145976662635803,0.036923374599880626,26.905,34847.1875,8039.1875,55.125
15.714456176757835,2.975608766078949,121.35774414062499,30.3325,40014.4375,7977.0,5025.4375
19.286363220214866,3.0551989674568176,488.09667534722223,28.8575,47850.375,7930.25,18071.6875
21.494111633300804,3.331034004688263,492.5121440972222,28.505,46499.25,9831.4375,13053.9375
19.89772186279299,3.24818617105484,141.14131564670137,39.302499999999995,47363.0,12386.0,1592.8125
16.65773162841799,3.0163859128952026,0.9756195197254418,33.59,41977.5625,11408.3125,0.0
15.10944519042971,2.9689826369285583,0.0337770038180881,27.595,40517.4375,9748.375,58.875
15.45258483886721,2.798488199710846,101.16864583333333,48.3875,59186.75,6407.0,5822.8125
18.438157653808616,2.498271942138672,443.82995659722224,49.9625,65978.0,3138.375,17244.1875
20.834069824218773,2.5241145491600037,442.93158854166666,49.34,63446.4375,3059.0,14925.625
20.44879302978518,2.6854881048202515,161.50436306423612,56.14,59698.75,5043.5625,2555.1875
17.143952941894554,2.5605291724205017,1.2778106640444862,40.0925,49371.25,8281.9375,0.0
15.461747741699241,2.4346799850463867,0.05686331431070962,33.695,45846.5625,6436.9375,67.0625
16.235498046875023,2.726339101791382,122.62249511718748,56.1075,62550.0625,4695.0,5661.4375
19.28326568603518,3.6570008397102356,431.51916666666665,47.834999999999994,68494.8125,7489.25,13454.625
20.32006988525393,4.000845193862915,451.04658854166667,37.655,64456.375,9738.3125,12812.3125
18.38471374511721,3.4206303358078003,174.23872612847222,49.55,60025.375,10676.1875,2826.1875
14.874261474609398,3.0662463903427124,1.3803894643651116,35.365,49241.5625,12078.0625,0.0
13.411119079589866,3.1271520256996155,0.06291969299316405,28.4825,45284.3125,12959.5,60.875
14.44049987792971,3.0631463527679443,156.04930826822917,41.5925,61359.75,9891.5625,8284.6875
18.686616516113304,3.5510480403900146,581.1092621527778,30.04,66833.9375,14378.9375,24749.125
21.42608795166018,3.4025002121925354,626.1369704861111,30.9175,63502.75,11419.8125,20290.8125
20.662812805175804,2.6959912180900574,231.60167643229167,63.36,59038.6875,6489.4375,3515.6875
15.87085876464846,2.6047094464302063,1.5773748088048563,37.9525,49398.5,8983.75,0.0625
13.408807373046898,2.531257450580597,0.0666472922431098,28.845,45388.375,9596.875,83.5625
16.034585571289085,2.8240814805030823,194.96313747829862,50.46,60952.4375,8288.25,9880.5
22.425897216796898,3.3039618134498596,632.8433072916666,37.96,65993.75,7293.8125,24107.25
24.82898864746096,3.2190951704978943,581.1311197916666,38.175000000000004,62441.4375,6402.4375,16480.6875
23.232110595703148,2.8219591975212097,194.272431640625,58.09,58292.5,6296.1875,2757.5
19.83412322998049,3.2806745171546936,1.4923994585540559,36.56,48125.25,11345.0625,0.0625
18.48518524169924,3.4404773116111755,0.04337886386447482,27.53,41514.25,13554.1875,63.6875
18.881517028808616,3.9654683470726013,131.37850097656252,30.485,48924.375,15209.0,7172.4375
21.784875488281273,4.614732384681702,493.5438888888889,26.9775,55472.5,15251.875,19957.125
22.828294372558616,4.5025413036346436,509.18302083333333,25.2675,51477.375,16541.3125,17110.4375
20.885949707031273,3.7669922709465027,193.21255967881945,38.655,49287.125,14958.3125,3316.25
16.731164550781273,3.10235995054245,1.6497956389519903,32.7725,41459.125,8549.1875,0.0625
14.536393737792991,3.005035936832428,0.06680228763156465,25.0975,37230.25,6999.1875,65.6875
14.936135864257835,3.098367989063263,130.38431423611112,26.802500000000002,42000.1875,6194.125,5644.75
17.75036773681643,2.8506316542625427,440.22619791666665,26.6275,49323.6875,4820.8125,15627.9375
19.303384399414085,2.609325885772705,465.49378472222224,26.060000000000002,46870.625,3562.5,13857.125
18.799493408203148,2.1119112968444824,189.56855794270834,45.6475,47767.875,1989.75,3035.375
15.257592773437523,1.818187266588211,1.7414200936423407,38.075,43753.875,2436.3125,0.0625
13.121903991699241,1.979053646326065,0.07714811537000868,29.97,41968.9375,4404.875,80.3125
15.332025146484398,2.0731743574142456,190.14392578125,46.2,60180.4375,4131.125,9967.4375
20.81897888183596,2.4351277947425842,654.4816232638889,34.3725,66045.8125,2186.25,25674.875
23.17109069824221,2.5495386123657227,582.4993229166666,38.6875,63300.5,1449.625,20693.0625
22.74408874511721,2.38772052526474,220.69395073784722,63.73,59674.3125,2789.8125,3892.8125
17.925752258300804,2.5685410499572754,1.854902608262168,37.6125,49311.25,8184.3125,0.0625
15.415666198730491,2.5620210766792297,0.0803371090359158,30.675,45726.375,8132.0,82.0
17.663484191894554,2.380482852458954,184.08226671006946,46.6225,62123.75,3500.3125,10072.5625
23.585725402832054,2.5459449887275696,631.8874652777778,38.01,68068.0625,3411.875,25989.125
25.775483703613304,2.5919799208641052,610.2413020833334,41.2725,65301.6875,3119.625,20213.125
24.362939453125023,2.1570341885089874,210.94269314236112,59.61,61293.5625,3458.125,3407.4375
19.380601501464866,2.5352471470832825,1.8887765090995368,37.879999999999995,50324.375,6966.875,0.0625
17.01276550292971,2.503352403640747,0.07370338439941405,33.2875,45968.1875,6686.875,78.3125
19.018853759765648,2.5440783500671387,179.39592881944446,51.355000000000004,61914.875,5485.9375,9257.375
24.875817871093773,2.8469703793525696,657.5784982638888,39.4325,68517.625,5802.3125,24853.25
26.73249206542971,2.8726966381073,643.3450520833334,37.55,65328.5,5736.75,19113.5625
24.26172027587893,2.266714096069336,208.63962348090277,49.955,60339.125,6125.1875,3266.0625
19.299951171875023,2.394562542438507,1.803134813308716,34.025,48013.625,7931.3125,0.0625
16.958840942382835,2.7590444684028625,0.0761019049750434,29.0575,43033.375,8529.6875,62.0
17.451959228515648,3.147611916065216,159.2914474826389,35.9025,49077.875,7358.875,6307.5625
20.361909484863304,3.4456135630607605,562.060546875,35.71,55376.0,6568.8125,17641.5625
21.56543121337893,3.3396531343460083,560.04703125,34.3375,52656.4375,6294.1875,13749.6875
19.73053894042971,2.7603824138641357,183.176826171875,46.6,51390.5625,3905.6875,2730.125
16.29920349121096,2.0548209249973297,1.6653104476133982,38.095,44526.875,2910.75,0.0625
14.557740783691429,2.0746182799339294,0.0628073247273763,33.09,41349.5,2870.25,65.0625
15.47693786621096,2.347160816192627,152.81738172743056,44.66,55030.3125,2774.3125,7943.625
19.06207427978518,2.650964081287384,562.7338715277778,38.6775,60739.125,3692.9375,21908.375
20.979600524902366,3.0109177827835083,590.0632552083333,32.9675,57740.375,4249.0625,17912.625
20.105950927734398,2.9910552501678467,213.97719401041667,45.769999999999996,53671.3125,4550.8125,3462.3125
15.941133117675804,2.449745535850525,2.0703284056981404,37.2125,44579.5625,5916.0,0.0625
13.62574157714846,2.4838947653770447,0.07492396036783852,29.5675,39131.6875,6126.5625,76.8125
15.076097106933616,2.8742207288742065,164.2353217230903,32.3275,46714.4375,4251.9375,8515.6875
19.12585601806643,3.249198019504547,562.4634288194444,29.89,53451.0,3784.8125,20890.875
20.982263183593773,3.3588595390319824,543.5537847222222,30.0625,50448.6875,6116.625,15697.25
19.949945068359398,3.525354325771332,191.3893240017361,35.1625,48254.3125,9544.125,2667.75
16.760285949707054,3.207845449447632,2.0758965667088827,29.6175,41286.1875,12730.0625,0.6875
14.911065673828148,3.040778934955597,0.07471471150716145,23.7425,36270.25,11609.0625,68.4375
16.268823242187523,3.2305405139923096,154.1897357855903,23.3075,40895.1875,7517.3125,8425.25
20.991738891601585,3.678477704524994,584.0518055555556,12.127500000000001,48294.0625,8722.0625,23950.8125
23.720925903320335,4.031955420970917,625.1969965277779,3.8825000000000003,46407.25,10165.75,20237.1875
23.086022949218773,3.5754711627960205,243.20743706597221,33.15,47813.125,11296.4375,3674.4375
18.704454040527366,3.394059658050537,2.1318027822176617,28.7575,43892.5,17757.125,0.5625
16.17975769042971,3.158899486064911,0.07342826843261717,24.197499999999998,41967.4375,15949.3125,76.4375
18.12616119384768,3.4491429328918457,191.05728624131945,40.5525,61008.9375,12276.9375,10111.75
23.878778076171898,3.8755831122398376,700.117890625,31.545,67708.8125,11908.5,27684.0
26.62017974853518,4.168103218078613,745.0246527777778,32.365,65582.0,12099.3125,23045.5
25.707139587402366,3.819983422756195,268.6488888888889,49.1925,61920.5625,13577.3125,3887.6875
20.759149169921898,3.7468220591545105,2.2475055430995097,29.244999999999997,51089.6875,19247.75,0.0625
18.081147766113304,3.400996148586273,0.06749588436550565,24.57,47058.625,16695.3125,80.3125
20.118463134765648,3.2493585348129272,190.11641059027778,41.8875,63248.0625,8702.6875,9778.75
26.54298553466799,3.2860883474349976,694.9229513888889,35.735,69449.0625,5446.5,26412.5
30.10998687744143,3.3080803751945496,754.1623611111111,38.739999999999995,66824.6875,6579.875,22051.1875
29.272569274902366,2.5164584517478943,274.14099175347224,67.83500000000001,62472.3125,4095.1875,3800.375
23.23243103027346,2.433819353580475,2.161918072435591,38.595,51897.9375,6063.25,0.0625
20.19612274169924,2.279078483581543,0.061997481452094175,31.64,47432.875,6888.5625,74.5
22.17994079589846,2.4545863270759583,192.51900987413194,53.1975,64288.3125,6522.125,9527.9375
28.050881958007835,3.043635904788971,691.7436979166666,35.74,70186.875,9443.0,25933.1875
30.11627349853518,4.048695087432861,727.0941145833333,32.1275,67528.0,15046.75,21770.0
27.632501220703148,4.286115050315857,262.80870225694446,44.1875,62740.8125,18270.1875,3726.9375
21.530976867675804,4.311916947364807,1.9697335947884453,30.450000000000003,52162.875,17811.9375,0.0625
18.091058349609398,4.397485613822937,0.04713358561197915,27.0375,48066.6875,16174.0,69.375
17.96228179931643,4.3118531703948975,169.52550130208334,39.4025,63011.5625,13672.1875,9302.125
21.884729003906273,4.319002151489258,637.1046180555555,32.9825,68894.9375,12536.375,25175.5
24.39203796386721,4.787423014640808,709.8828125,32.535,65524.8125,14079.5625,21506.6875
22.798562622070335,4.707503318786621,263.9050705295139,48.065,60943.1875,14726.6875,3935.875
17.856057739257835,3.837870240211487,1.7961019643147786,34.9675,50307.25,11164.4375,0.0625
14.714959716796898,3.231622278690338,0.041875423855251726,33.1275,46121.4375,6952.5,63.3125
15.333528137207054,2.936552405357361,160.97831488715278,55.582499999999996,61227.0625,2992.9375,8499.0
19.675515747070335,2.570602297782898,620.4064670138889,38.65,65735.0,1686.375,26395.4375
23.129754638671898,2.9556734561920166,747.2784027777777,35.31,61810.5625,2062.4375,23676.3125
22.799127197265648,2.8804123401641846,288.18172743055555,60.3625,57629.8125,2532.4375,4169.5625
17.011773681640648,2.34418261051178,2.391064485311508,38.615,47345.875,3838.5625,0.125
13.629983520507835,2.127756118774414,0.05041945139567055,29.322499999999998,41267.3125,3379.1875,70.1875
16.21740875244143,2.180282175540924,200.29699110243055,30.46,48636.0,2211.75,10351.125
23.46869812011721,2.550639510154724,728.3990277777777,27.4775,54922.8125,1664.625,28120.8125
27.66790924072268,2.50559002161026,788.5633680555555,26.705,52065.3125,1604.6875,23698.0
27.42854461669924,2.2433991134166718,296.6645052083333,49.66,49754.0,2240.75,4109.625
20.31929168701174,2.5350579023361206,2.4296774895985918,33.4875,42526.0,8716.8125,0.0625
17.25476226806643,2.8370209336280823,0.04698246426052517,15.94,37292.9375,14568.1875,67.8125
20.58990631103518,3.4202199578285217,201.53271158854164,15.6325,42644.8125,14065.125,10104.25
28.439538574218773,4.150903046131134,722.2776822916667,-2.0975,50194.5625,14103.8125,27243.8125
31.19751129150393,4.8810776472091675,772.1462326388889,-8.1025,48508.875,16487.0625,22531.75
28.692613220214866,4.319247126579285,274.86102864583336,35.1175,49874.3125,15316.6875,3781.1875
22.13392791748049,3.655742108821869,2.2167818817165164,33.78,46822.8125,12159.625,0.0625
18.85060272216799,3.117027223110199,0.04045335557725695,25.79,44559.5,9328.75,62.9375
19.699517822265648,3.444044589996338,164.21823567708333,47.2525,62901.1875,9052.125,7532.875
23.689309692382835,4.352368474006653,571.1840538194444,31.817500000000003,70854.0,16909.5,21466.9375
24.79292449951174,5.4161025285720825,619.3445052083333,27.1175,68471.375,23475.8125,17073.4375
22.240037536621116,5.156397223472595,230.50507595486113,34.6925,63717.3125,22397.5,3115.1875
18.36658630371096,4.355242848396301,1.8515819618437028,31.27,51740.25,17883.75,0.0625
15.519776916503929,4.304990172386169,0.03414511362711588,25.5325,48037.8125,17799.25,59.125
15.708459472656273,4.621771693229675,158.6334605577257,34.1375,63721.75,18469.25,8426.3125
18.81495056152346,4.935693621635437,558.8186024305555,30.9225,69078.9375,18225.8125,22420.3125
20.80531463623049,5.061394572257996,597.9329513888889,30.5325,66071.0,16949.5625,19814.0
19.816575622558616,4.704380393028259,233.94345377604165,45.22,61297.0,14119.4375,3741.375
15.108636474609398,3.616354286670685,1.9854771339893342,34.55,50164.125,10880.125,0.0625
12.088296508789085,3.4097907543182373,0.028867577446831574,28.005000000000003,46972.0,11376.25,64.375
13.603334045410179,3.6689212918281555,175.23264539930557,42.575,62684.375,9205.375,9646.3125
17.92547760009768,4.157589554786682,588.4772482638889,32.1025,68530.75,11816.9375,23165.0
19.997537231445335,4.441719055175781,614.4765190972222,30.79,65221.625,13583.9375,20305.5
19.129113769531273,4.3670454025268555,247.54678059895832,42.005,61040.0,12150.0625,3899.0
14.436341857910179,3.6579020619392395,1.9772469650374518,32.435,50756.0625,11836.8125,0.0625
11.342065429687523,3.3809491991996765,0.023965901268853076,29.3975,46833.1875,11050.6875,63.625
13.121560668945335,3.551309049129486,172.27291937934027,38.947500000000005,62487.1875,10157.375,9905.1875
18.400842285156273,3.755851089954376,612.7180989583334,30.5375,68633.625,11463.1875,26621.875
21.510736083984398,4.036979019641876,649.1113975694444,30.4875,66147.25,14355.875,21922.0625
21.150300598144554,4.049420893192291,231.82407660590277,41.345,61753.875,14438.0625,3650.0
16.399392700195335,3.6336320638656616,1.3748057099017832,33.19,51482.1875,14133.3125,0.0625
14.348054504394554,3.582078754901886,0.00657173315684,28.105,47882.125,14041.25,41.625
15.401826477050804,3.6680861711502075,121.47230957031249,41.707499999999996,63354.0625,12532.0625,6157.0
19.72743377685549,4.424958348274231,500.7851388888888,34.667500000000004,68055.5625,14806.9375,19729.3125
22.35731658935549,4.820796251296997,569.0483506944445,30.57,63944.625,15364.625,18466.5
21.772065734863304,3.7991830706596375,215.0332085503472,41.7775,58284.875,8223.1875,3442.6875
17.13465270996096,2.598045587539673,1.5650023758908114,38.057500000000005,48182.0,4054.625,0.0625
14.441773986816429,2.426512837409973,0.014503536224365225,30.189999999999998,41824.625,4597.625,49.5625
16.103738403320335,3.0343536138534546,138.8197328016493,30.2475,48769.625,8538.25,8094.5625
21.617547607421898,4.519653081893921,521.285390625,27.795,56146.75,16984.6875,21488.25
23.29816589355471,5.576436161994934,529.5486892361112,26.9175,53591.375,22067.375,14229.8125
21.055345153808616,5.13333261013031,180.926806640625,30.0925,51317.125,21137.4375,2386.6875
17.07179412841799,4.50136935710907,1.2078736210200522,28.85,44222.75,17621.125,0.0625
14.634866333007835,4.249910831451416,0.014724401897854275,24.065,39024.9375,16252.125,45.1875
14.234300231933616,4.3066675662994385,131.44034179687497,23.1175,43313.9375,15291.5,5029.875
16.15698394775393,4.859111547470093,434.90572048611114,24.8375,50877.375,17328.25,14208.4375
17.858491516113304,5.332264184951782,491.5305034722222,13.475,49182.4375,19489.5,15024.8125
16.914216613769554,4.911746025085449,202.97318467881945,31.427500000000002,48645.0,15113.5625,2900.3125
13.76709136962893,3.565365493297577,1.4550344153576427,33.77,44328.9375,10311.75,0.0
11.643571472167991,3.223650872707367,0.01058219485812715,30.04,42123.6875,9940.875,47.9375
12.42096862792971,3.6720332503318787,134.60831163194445,38.135000000000005,60155.125,9506.5625,7283.3125
15.441529846191429,4.410375714302063,457.2378125,37.75,67105.375,12488.625,16774.5
16.879609680175804,4.599678039550781,464.71305555555557,34.1575,64247.125,12895.8125,13776.875
16.139512634277366,4.294311344623566,177.99291232638888,39.295,59462.5625,11093.4375,2643.875
13.254266357421898,3.419424891471863,1.458223440133863,33.9525,49174.375,9974.9375,0.0
11.294816589355491,3.3060178756713867,0.011202170054117826,29.915,46125.125,10221.0,45.6875
12.015359497070335,3.662284791469574,141.6352826605903,41.315,61019.3125,8362.6875,6959.0625
15.212968444824241,4.29463255405426,481.011953125,37.105000000000004,66729.6875,10301.5,17868.9375
17.182283020019554,4.613130331039429,500.5988541666667,35.11,64147.25,12194.25,15931.5625
16.70642242431643,4.285091578960419,202.39177408854167,45.307500000000005,59726.5625,9906.875,3398.75
12.903581237792991,3.1194275617599487,1.551180836872922,37.4975,49289.3125,8018.375,0.0
10.504144287109398,2.7153608798980713,0.008327036963568775,33.175,45661.5625,6310.1875,51.3125
11.946961975097679,2.7112300395965576,161.12027072482638,46.04,60585.3125,3391.25,8745.375
16.829026794433616,3.069192111492157,597.9633420138889,39.9875,66337.5,4076.5,24856.5625
19.829026794433616,3.361670196056366,623.5379513888889,39.24,64035.375,6177.0625,21285.375
19.355310058593773,2.9578471183776855,217.59309244791666,50.417500000000004,59816.75,5626.125,3465.625
14.944810485839866,2.1591091752052307,1.0543446551863518,40.7225,49051.375,3775.5625,0.0
13.026506042480491,2.0733054876327515,0.006742226282755525,35.269999999999996,45559.0,2741.4375,35.25
14.195619201660179,1.830055445432663,108.56228217230903,49.5275,60960.0625,1478.0,5189.875
17.78785095214846,2.0842619240283966,420.83119791666667,51.7975,66994.8125,1771.6875,13434.25
19.05310211181643,2.3270063400268555,355.3028125,47.015,63584.75,2320.0,9929.625
18.164666748046898,1.9589898884296417,123.70652018229167,51.7575,59508.4375,2025.125,1823.3125
15.64710388183596,1.952528953552246,0.9541528413139491,41.19,48709.0,2751.1875,0.0
14.434587097167991,2.006913423538208,0.004886176321241575,37.567499999999995,45615.9375,2552.25,23.625
15.09980163574221,2.104272484779358,97.60648790147569,54.3675,61461.5,1372.125,5287.4375
18.188134765625023,2.444123387336731,430.28638020833336,47.41,66679.3125,2248.25,15530.5625
19.452172851562523,3.083369731903076,486.386875,39.82,62397.6875,6045.0625,12441.0625
17.784150695800804,2.8846336007118225,176.91711263020832,51.7675,57370.125,5703.8125,2127.6875
15.277894592285179,2.679576873779297,1.0706964882323518,41.182500000000005,47036.75,6402.0625,0.0
14.23919830322268,2.934209167957306,0.004099583360883925,36.3425,41638.3125,7383.3125,27.9375
14.63916931152346,3.4307682514190674,101.74953138563369,38.042500000000004,48212.9375,7345.4375,4241.5
17.006646728515648,3.6072014570236206,436.6451822916667,37.8475,54842.3125,7452.75,13530.1875
18.569024658203148,4.050541281700134,493.8532986111111,33.93,51745.75,9921.0625,13841.9375
17.61261138916018,3.758711338043213,186.93309787326388,37.599999999999994,49392.9375,10525.75,2566.8125
14.966226196289085,3.064014494419098,1.0472226969401042,37.565,42025.25,7345.0625,0.0
13.728479003906273,3.0847076773643494,0.0024217767185635,32.6875,37008.1875,7101.9375,26.1875
13.934892272949241,3.140292227268219,99.00751288519965,34.6475,41005.875,5309.5625,4459.5
16.069497680664085,3.123201370239258,381.47489149305557,36.1575,48669.5625,3552.5,13583.5
17.497949218750023,3.772128164768219,447.14536458333333,32.8225,46818.875,5685.125,12511.1875
16.704454040527366,3.7979302406311035,164.08285807291668,38.942499999999995,47461.0,7513.0,2285.625
14.386430358886741,3.0678884387016296,0.7093209499782986,39.302499999999995,42607.5,6212.3125,0.0
13.055574035644554,2.922179698944092,0.00189479801389905,35.845,40890.875,5386.875,25.6875
13.37726745605471,3.3103442192077637,98.75052449544272,48.2325,59157.75,5521.4375,5102.8125
15.915544128417991,3.7010937929153442,388.35030381944443,44.125,66042.25,7523.625,14743.0
17.95514068603518,4.127391457557678,468.4936197916667,37.8425,63354.6875,10620.625,14269.5625
17.56508026123049,4.193194627761841,180.44117513020834,44.004999999999995,59338.75,12203.125,2931.1875
14.300416564941429,3.501060962677002,0.773821546766493,38.9625,48588.75,11026.0,0.0
12.533921813964866,3.3560150265693665,0.0010152087608973,34.265,44993.25,9985.25,22.8125
13.052575683593773,3.587318181991577,109.53244561089409,45.8125,61183.25,10015.875,5936.625
16.44842681884768,3.8834186792373657,445.9,44.005,66918.625,10905.1875,18526.1875
19.264367675781273,4.020398557186127,546.5160243055556,40.795,63843.4375,10769.1875,18281.5
19.12402496337893,3.535308003425598,206.730810546875,50.65,59678.0625,8531.9375,3275.8125
14.93012390136721,2.8688949942588806,0.8759546576605903,43.269999999999996,49212.3125,6878.5625,0.0
12.833840942382835,2.2976667284965515,0.000771093699667175,38.1,44803.0,3691.8125,30.8125
13.862847900390648,1.9259899258613586,131.96799004448783,50.745,60079.0,1014.0625,7019.5
18.357476806640648,1.7349514961242676,524.9558159722222,46.155,65582.9375,479.4375,21865.0625
21.311631774902366,2.017940014600754,534.8101649305555,42.667500000000004,62481.0,785.1875,19488.5625
20.863366699218773,1.9974150955677032,197.04578125,53.7775,58202.125,1132.5,3651.0625
15.487786865234398,1.754317820072174,1.0704097493489584,44.0025,47905.75,1733.25,0.0
12.757875061035179,1.6610441505908966,0.000402983625729875,37.7925,44299.1875,2012.0625,34.1875
14.814057922363304,1.6431205868721008,148.68768513997395,47.4975,59862.9375,2129.5625,8617.9375
21.460603332519554,2.1223758459091187,595.7037847222223,42.015,65886.6875,2792.8125,24268.0625
23.92737731933596,2.7665023803710938,538.033671875,41.457499999999996,63169.0,4147.375,18122.375
22.715921020507835,2.274596333503723,179.6237966579861,52.0375,59176.0,3724.0625,2759.625
18.27533111572268,2.221389889717102,0.6593587239583333,41.665,48884.3125,4303.0625,0.0
16.419046020507835,2.2137452363967896,0.00019374213284915,37.052499999999995,45415.375,4254.125,20.625
17.035852050781273,2.4653372168540955,117.16521308051215,49.205,60539.125,3456.1875,4904.375
20.57508239746096,2.710946261882782,493.2037065972222,44.6225,65978.5625,3342.4375,16821.0625
22.545083618164085,2.893420159816742,539.2067534722222,41.042500000000004,61567.75,4107.9375,14737.0625
21.733369445800804,2.0040283799171448,185.90797743055558,54.315,56206.1875,2001.4375,2961.875
17.57050476074221,1.867666631937027,0.8256902398003472,43.7025,46466.25,3471.5,0.0
15.492974853515648,2.271001160144806,8.5246538122475e-05,35.2025,40486.875,8172.6875,26.125
17.59736785888674,2.6481210589408875,145.49588663736978,36.1225,48111.9375,10262.5625,8688.6875
24.373704528808616,3.359103798866272,600.0153472222222,31.842499999999998,55884.25,11203.1875,23423.5625
26.606622314453148,3.7989941835403442,532.2366059027778,30.76,52049.375,12682.25,16392.125
23.948693847656273,2.921411156654358,162.64560872395833,37.6375,50146.125,10130.0,2492.75
19.55018768310549,2.7165518403053284,0.6425729031032986,35.8475,42518.6875,11233.9375,0.0
17.48065338134768,2.9667704105377197,1.549937037958039e-05,30.57,37365.875,12300.5625,22.3125
17.581826782226585,3.6929999589920044,117.13163492838541,30.645,41625.3125,12383.6875,5726.9375
20.630975341796898,4.302772045135498,504.10139756944443,25.1925,50032.25,15355.1875,20413.5625
23.07116851806643,4.400036334991455,589.7561024305555,22.6675,48127.8125,14764.375,18668.0625
22.285005187988304,3.183170735836029,216.99093424479167,41.71,48072.1875,7254.75,3335.6875
17.342454528808616,2.192258447408676,0.778076171875,39.8,43589.25,3132.75,0.0
14.85248718261721,1.993148297071457,0.0,34.6975,41009.9375,2891.3125,23.875
16.37519989013674,2.1194432377815247,121.96736775716145,46.265,59060.125,5834.375,7522.3125
22.08821258544924,3.0097623467445374,471.9757378472222,40.847500000000004,66168.625,9149.0,21108.5625
24.509004211425804,3.381246864795685,474.9859375,40.2625,63891.375,10769.5,17725.5625
23.834748840332054,2.7735881209373474,173.08992078993055,51.7125,59289.875,7790.25,3101.375
19.29523620605471,2.4479426741600037,0.6478310818142361,42.855,48859.875,5221.1875,0.0
16.815843200683616,2.2759881019592285,0.0,36.88,44972.1875,4298.875,20.9375
18.592683410644554,2.1993753910064697,153.20601603190104,49.935,60567.0,2331.75,8808.6875
25.23719940185549,2.2885104417800903,653.7532552083334,42.9925,67457.0625,1680.4375,26647.3125
28.672143554687523,2.2318201065063477,732.3871875,44.7475,64705.9375,1585.375,22728.125
27.96369323730471,2.215013563632965,261.1290798611111,60.879999999999995,60330.75,1969.875,3566.0
21.505120849609398,2.2956727743148804,0.6733894856770835,45.6,50025.5,6001.75,0.0
18.531365966796898,2.2159271836280823,0.0,38.2725,46566.4375,8488.5,20.6875
20.51287994384768,2.143495112657547,161.22605495876735,53.485,61739.25,5428.125,8748.5625
28.013970947265648,1.9475225508213043,677.9401041666666,47.1575,68382.375,2212.0,26311.375
31.49067077636721,2.2847657799720764,743.7400694444444,50.125,65451.0,4299.3125,22092.4375
30.284204101562523,2.417229473590851,258.4765483940972,67.4275,60575.625,5730.625,3392.0625
23.39375457763674,2.747709631919861,0.5725661214192709,48.82,51366.875,10171.125,0.0
20.200044250488304,2.362760305404663,0.0,39.56,47428.5,6908.4375,17.875
21.60681304931643,2.1295540034770966,155.9334221733941,54.505,61730.5625,2902.8125,8478.4375
29.35981903076174,2.4648574590682983,657.1876475694445,49.555,68531.3125,1423.5625,25478.375
32.60823211669924,3.119024395942688,707.7423611111111,50.1175,65381.8125,3561.625,21164.75
30.592080688476585,3.4235824942588806,233.53347330729167,62.56,61566.3125,10356.5625,3239.5
24.410371398925804,3.4441598057746887,0.48475830078125,42.25,51547.75,16478.1875,0.0
20.739244079589866,3.0007166266441345,0.0,37.155,47608.5625,13094.5625,16.375
21.42676696777346,2.9612069129943848,153.70422526041668,50.7025,62332.0,8486.1875,8380.3125
27.871331787109398,3.6083085536956787,641.1270920138888,45.15,68211.875,11845.8125,25434.75
30.509912109375023,4.134191811084747,686.7256684027778,41.53,64712.4375,16763.6875,20091.625
27.96168670654299,4.066758215427399,220.867529296875,51.68,60076.875,19389.875,2711.1875
22.83185729980471,4.226455926895142,0.42941392686631946,40.8525,49522.4375,21456.0,0.0
19.802110290527366,4.012344837188721,0.0,35.8575,42947.0,18553.625,14.4375
19.719323730468773,3.898585855960846,134.93759399414063,36.775,49153.5625,14582.625,6452.125
23.57063446044924,4.361414194107056,542.3475,35.915,56816.5625,18158.25,19231.875
25.075914001464866,4.525573015213013,535.2263975694444,33.7825,53877.375,18137.375,16364.6875
23.174653625488304,4.14272677898407,173.25986165364583,37.957499999999996,51300.1875,18028.3125,2375.4375
19.83154449462893,3.761448860168457,0.32034098307291664,32.7975,44069.625,16882.4375,0.0
18.04681549072268,3.5318219661712646,0.0,27.0925,39131.8125,13089.125,11.875
18.368096923828148,3.550094783306122,98.7608391655816,28.5075,42540.25,8734.875,5434.125
21.619538879394554,3.5734570026397705,423.0400868055556,31.4175,49728.1875,8173.125,15810.3125
23.577119445800804,3.6987383365631104,470.40192708333336,30.2375,48061.375,8091.0625,11320.9375
22.505952453613304,3.3520986437797546,145.8887429470486,39.8925,49022.9375,8080.9375,1536.1875
19.769204711914085,3.2563562393188477,0.24756756252712675,37.5725,44038.1875,7882.375,0.0
18.277574157714866,2.8665488362312317,0.0,33.31,42006.1875,6382.6875,9.5625
18.42274627685549,2.753329038619995,92.66038784450956,50.4025,59645.9375,4873.1875,3955.9375
21.422044372558616,2.7610385417938232,423.437578125,47.55,66085.625,3151.5,14470.4375
23.363374328613304,2.634223997592926,456.0580815972222,45.1475,62739.5,3697.625,13868.3125
22.452478027343773,2.40215802192688,141.43126193576387,55.9925,58628.8125,3403.1875,2381.1875
19.32830963134768,2.0410915911197662,0.22280344645182293,42.445,48417.25,2390.625,0.0
17.71931610107424,1.9870671331882477,0.0,38.464999999999996,44975.5,2305.8125,6.875
18.30964050292971,2.1258662343025208,102.05298366970487,53.4725,60056.8125,1659.25,5507.4375
22.735192871093773,2.450185537338257,494.418359375,44.565,67016.5625,1753.75,19158.5625
25.018716430664085,2.961534261703491,538.6894791666666,40.4425,64621.8125,4488.9375,16530.125
23.801980590820335,2.9653135538101196,177.88268663194444,50.36,60514.75,5341.25,2443.9375
19.845498657226585,2.595158278942108,0.20762181599934895,39.459999999999994,49566.6875,6185.75,0.0
17.699449157714866,2.6676244139671326,0.0,36.4875,45766.75,7057.0625,6.6875
17.735704040527366,2.978881359100342,94.36416330973307,56.7375,60957.125,6655.0625,4270.5
20.140954589843773,3.271692991256714,430.79336805555556,48.9275,66469.625,6494.5,14097.125
21.14625701904299,3.256730318069458,441.34592881944445,44.5725,63182.1875,7381.25,13394.125
19.772073364257835,2.802953600883484,152.20241427951387,60.9025,59196.5625,5632.4375,2268.75
16.283052062988304,2.1404492259025574,0.14222610473632813,43.3,48165.3125,3624.625,0.0
14.50397644042971,2.0911932587623596,0.0,37.2025,44885.125,4220.125,6.4375
15.321199035644554,2.1494370102882385,112.40031250000001,44.5225,59088.6875,3271.4375,7237.5
20.28674468994143,2.38230037689209,514.4158593750001,39.925,64956.4375,2986.875,22136.6875
22.390985107421898,2.335388660430908,514.8205729166667,41.205,61876.625,2229.625,16218.0
21.356126403808616,2.1174709796905518,165.99262098524306,62.082499999999996,57729.3125,1065.4375,2526.3125
17.16601715087893,1.8263399600982666,0.1217863040500217,43.74,47561.8125,1069.875,0.0
15.166322326660179,1.5701196789741516,0.0,38.7375,44139.875,612.6875,6.0
16.08636627197268,1.5632042288780212,104.45129998101129,48.9725,58884.875,731.0,6172.3125
20.69861755371096,1.623068779706955,493.4846961805556,44.125,64271.1875,1054.1875,18875.75
21.896394348144554,2.250270575284958,498.48186631944446,41.4625,60312.625,3798.8125,13644.5625
20.126519775390648,2.4119534492492676,158.25459526909722,47.9075,55694.5625,5581.1875,2029.5
16.69104156494143,2.219922125339508,0.10737963358561198,40.245,45085.5,4335.5625,0.0
15.047135925292991,2.266656517982483,0.0,35.582499999999996,39895.8125,4087.0625,5.0
15.568025207519554,2.3452762365341187,107.17788665771485,36.31,46411.25,3528.4375,5324.5
19.13532409667971,2.519063115119934,485.9160590277778,35.035,53148.0,2828.1875,16744.625
20.88551483154299,3.192299783229828,510.830859375,31.2775,49697.375,5589.0,15332.4375
19.826570129394554,2.856527805328369,169.47539442274305,40.6575,47565.3125,4748.875,2528.375
16.24505767822268,2.0572263300418854,0.08601375155978733,38.53,40565.4375,3081.0625,0.0
14.250390625000023,1.9441114664077759,0.0,35.305,36384.25,2523.5625,4.9375
15.174707031250023,1.9400310516357422,118.17071834988064,33.1225,40373.375,1933.5625,6963.1875
20.30311737060549,2.1021321415901184,532.5321614583333,28.7,47509.625,2378.5,22500.3125
22.925202941894554,2.3598755598068237,528.1255902777777,30.357499999999998,45534.875,2916.6875,19789.4375
22.215547180175804,2.03129506111145,172.45340928819445,43.0025,45663.875,1433.8125,2865.625
17.51276550292971,1.8503622710704803,0.06992928398980035,40.6925,40962.5625,2208.1875,0.0
15.905961608886741,2.024928539991379,0.0,36.3075,39177.6875,4014.0,4.0625
16.92334899902346,2.2144840955734253,97.96378190782335,53.81,56349.75,4328.4375,4674.5
21.58179626464846,2.504867911338806,504.6130729166667,50.519999999999996,63292.8125,3193.3125,15146.3125
23.89477691650393,2.865355610847473,526.7888107638889,44.85,60821.5,4994.75,13828.0
22.652398681640648,2.390993118286133,155.70972493489583,52.56,56961.375,5481.3125,2170.875
19.166596984863304,2.3627638816833496,0.04477767944335938,40.067499999999995,46565.75,5878.25,0.0
17.416780090332054,2.4715970754623413,0.0,35.114999999999995,43453.875,6126.1875,3.5625
17.917199707031273,2.890412926673889,100.64444966634116,42.9775,58882.75,5028.625,5441.3125
21.695413208007835,3.8196045756340027,457.6297916666667,40.555,65615.875,8456.1875,19295.5
23.311456298828148,3.842674970626831,498.2846788194445,40.46,62223.0625,10481.375,14559.5625
21.735017395019554,2.4802452623844147,150.344853515625,51.8925,57554.0625,4675.1875,1923.375
18.16748962402346,1.9625480771064758,0.0381865734524197,40.6325,46565.875,3489.4375,0.0
16.904229736328148,2.4232780933380127,0.0,35.375,44017.3125,5878.8125,2.5
17.352815246582054,2.7745665311813354,77.3502296447754,43.875,59067.9375,7230.625,4209.875
20.16346130371096,3.2950152158737183,365.17956163194447,43.4525,65704.5,9233.5625,12656.375
20.864038085937523,3.8064281940460205,371.70567708333334,42.037499999999994,62251.9375,11241.0,8380.9375
19.31140289306643,3.3027846217155457,112.24108018663195,42.8125,58209.3125,8682.875,1455.1875
16.69763336181643,3.0908875465393066,0.026798411475287526,35.57,47440.875,9106.9375,0.0
15.39551696777346,3.297478437423706,0.0,29.4675,44566.5625,11873.3125,2.9375
16.014489746093773,3.6160104870796204,104.19526007758246,39.5225,59313.1875,12362.0,6523.625
20.38411102294924,4.349029898643494,510.2496354166667,30.012500000000003,66360.875,17816.8125,21732.6875
22.680589294433616,4.713933825492859,558.9836805555556,30.955000000000002,63460.3125,21075.625,18432.1875
21.598847961425804,3.5968862771987915,173.84326768663195,42.2725,58719.375,12559.125,2664.625
16.930650329589866,2.712949812412262,0.0189712291293674,37.4275,47967.6875,6460.9375,0.0
14.798440551757835,2.515676438808441,0.0,34.260000000000005,44440.0,4902.375,2.125
16.20312652587893,2.565547287464142,105.97829146491156,47.965,59201.5,4794.125,6962.5
22.516831970214866,2.9526572823524475,486.26293402777776,37.81,65372.375,5331.625,19986.0625
25.462335205078148,3.0536820888519287,497.19482638888894,37.1325,61761.9375,7768.4375,13808.125
23.810212707519554,2.9982134103775024,122.13267306857638,41.207499999999996,57717.3125,12252.3125,1364.75
20.787500000000023,3.6429341435432434,0.008144919077555325,32.0375,47345.1875,17097.1875,0.0
19.437593078613304,3.993266761302948,0.0,25.314999999999998,41801.8125,20022.0,1.4375
19.460290527343773,4.6809704303741455,81.6583303366767,26.3925,49116.9375,24509.5625,3920.375
21.47851715087893,5.887325286865234,394.27313368055553,-2.915,56781.0625,30250.8125,12456.125
22.513101196289085,6.427012324333191,462.0628472222222,-28.459999999999997,53843.8125,30338.9375,13830.6875
21.77559051513674,5.131983041763306,154.62967664930557,23.475,50972.0,25783.4375,2471.0625
18.455102539062523,4.521199464797974,0.006009880701700825,26.0525,43171.75,23349.875,0.0
16.494905090332054,4.1530996561050415,0.0,13.5,38649.625,22054.75,1.5625
16.811441040039085,4.036274552345276,110.97318701002334,10.55,43131.6875,18612.75,7714.125
21.818261718750023,4.755708694458008,571.5565451388889,-20.025,50934.75,17885.1875,24384.875
23.892449951171898,4.730838298797607,550.5748003472222,7.945,47385.6875,15262.5625,17126.8125
21.682550048828148,3.3210716247558594,130.3648961046007,43.932500000000005,47389.0,9844.6875,1762.875
17.993798828125023,2.981746196746826,0.003212244510650625,33.675,42494.9375,11646.8125,0.0
16.115151977539085,3.147667169570923,0.0,28.21,40999.3125,13737.5625,0.9375
15.738244628906273,3.3498987555503845,81.25345422108968,41.1,58294.5,12148.4375,4994.1875
18.62910614013674,3.639251172542572,431.53373263888886,36.7525,65137.3125,13213.5625,15078.125
19.716577148437523,3.5918407440185547,394.4747829861111,39.7375,61942.6875,10980.0,11449.9375
17.963174438476585,2.7933660745620728,110.88473822699653,66.92,57874.6875,7654.4375,1484.3125
15.20508728027346,2.6827792525291443,0.001960670285754725,37.6175,47107.1875,7935.1875,0.0
13.951638793945335,3.094938278198242,0.0,33.71,44022.75,9347.875,0.875
13.95966491699221,3.6101608872413635,77.78775408426921,46.755,59146.875,9281.375,5979.8125
16.70990905761721,4.233246922492981,450.41768229166667,33.7875,65465.0,13460.625,18564.375
18.093247985839866,4.609139800071716,492.16734375,31.3825,62670.9375,15208.75,13916.4375
16.652673339843773,3.560335874557495,139.56055474175346,45.8,58148.8125,8719.6875,1714.5
13.379533386230491,2.7817825078964233,0.000864089926083875,35.24,47327.3125,8341.8125,0.0
11.629060363769554,2.790134370326996,0.0,29.2375,44257.8125,8944.0625,0.6875
12.09906158447268,2.904786229133606,104.25980301751031,42.932500000000005,58827.6875,6360.875,6893.3125
16.926667785644554,3.614461302757263,537.533671875,32.995000000000005,64285.25,8144.0,22480.0625
19.410974121093773,3.767177939414978,532.928828125,33.9775,60670.1875,7716.875,18399.875
18.495950317382835,2.5541759729385376,141.6127707248264,58.7775,57030.5,4025.9375,2302.8125
14.058648681640648,2.643789529800415,0.000185992436276525,33.0475,46254.75,9361.625,0.0
12.908898925781273,3.6010767221450806,0.0,24.2975,43823.75,17722.625,0.4375
13.770326232910179,4.16605681180954,63.69253684785632,30.9925,57778.0,17759.75,4080.0
17.554772949218773,4.632544040679932,331.50935329861113,29.8175,64331.9375,15828.25,11187.625
19.177087402343773,5.019470453262329,360.0002170138889,28.6625,62131.375,18679.375,10850.6875
18.137422180175804,4.240017592906952,111.01512573242188,38.082499999999996,57904.5625,15447.4375,1552.875
15.902947998046898,3.7197329998016357,6.58723256654e-05,31.3825,46983.25,14535.8125,0.0
14.601365661621116,3.6369107365608215,0.0,26.5675,44120.0625,12805.875,0.25
14.58442077636721,3.6765072345733643,78.6750441593594,39.945,58011.125,8539.375,5788.0
17.96148834228518,3.840280830860138,466.99223958333334,33.8525,63170.1875,7799.625,20138.5
20.39655456542971,3.7794971466064453,486.21380208333335,31.8675,58365.4375,7208.6875,17804.0625
19.63905487060549,2.4332792162895203,142.328004421658,50.635,54426.9375,5301.25,2236.75
15.694734191894554,2.8542838096618652,0.0,30.5675,44826.1875,11964.75,0.0
14.686380004882835,3.7531211972236633,0.0,16.5325,41210.6875,19139.1875,0.125
15.54822692871096,4.284983992576599,45.0147312842475,21.36,47808.3125,20458.0625,3303.3125
19.076028442382835,4.481473803520203,258.2831857638889,26.697499999999998,54294.0,19362.0,11704.9375
21.280503845214866,4.835980296134949,324.8446484375,25.0075,51665.5,19949.25,8601.8125
20.022019958496116,3.478266954421997,74.11744859483507,36.5975,48840.9375,12833.0625,758.375
18.004479980468773,3.011190354824066,0.0,32.655,40882.375,8964.25,0.0
17.14837799072268,2.9123803973197937,0.0,28.6175,36320.3125,7255.375,0.0625
17.253511047363304,3.299257218837738,44.299683709939316,29.48,40977.25,8334.9375,4245.0625
20.863694763183616,3.767034590244293,311.2657986111111,24.400000000000002,49285.3125,12539.5,17846.3125
23.65369567871096,4.254830718040466,411.54438368055554,15.535,47369.5,16277.0625,15007.9375
21.954248046875023,3.7412413358688354,108.84890855577257,35.28,47848.0625,14536.4375,1564.375
17.940591430664085,3.2637182474136353,0.0,31.7175,42987.5,11491.0625,0.0
16.315515136718773,3.306140959262848,0.0,28.314999999999998,41434.3125,12181.75,0.0625
16.068032836914085,3.53454452753067,62.14631198353237,39.705,59512.125,13220.875,3881.75
18.828408813476585,4.188080787658691,405.56916666666666,31.045,66745.5625,17076.5625,18450.8125
21.04584655761721,4.198658585548401,489.09732638888886,28.9675,62430.625,16505.375,15729.375
19.733750915527366,2.892116069793701,129.73736694335938,45.6775,58448.8125,8355.1875,1888.3125
15.713525390625023,2.3202983736991882,0.0,34.135,46764.0625,5950.9375,0.0
14.093614196777366,2.4499802589416504,0.0,30.18,44284.625,7753.625,0.0
14.492173767089866,2.434079110622406,77.95455840163761,44.445,59124.4375,5982.6875,4833.75
18.817727661132835,2.8602280616760254,412.5217795138889,38.425,64906.875,5879.25,13469.875
19.83526763916018,3.012082874774933,354.32666666666665,39.58,61600.1875,5998.5,8161.9375
17.767060852050804,2.754522979259491,78.40779283311633,51.7825,58327.6875,5185.875,731.0
14.662080383300804,2.641454815864563,0.0,35.66,46712.8125,5607.875,0.0
12.671060180664085,2.5026190280914307,0.0,32.085,43990.75,4852.25,0.0
12.757066345214866,2.3735514283180237,84.53472926166323,49.355000000000004,58972.9375,3086.5625,6435.875
17.532212829589866,2.679125666618347,506.8619357638889,36.185,64287.0625,2691.0,23595.6875
19.97570953369143,2.783133864402771,501.23415798611114,35.6525,60793.0,2678.625,17648.5625
18.73322448730471,2.224534660577774,139.30421969943578,59.65,57442.375,1648.75,1896.0625
14.065087890625023,2.2544416189193726,0.0,36.95,46157.125,3664.0625,0.0
12.106423950195335,2.4506187438964844,0.0,29.955,43678.1875,6992.0,0.0
13.135026550292991,2.7750956416130066,99.61326478878658,39.2775,58661.3125,7473.5625,6866.125
19.922036743164085,3.238360822200775,573.6036545138888,32.614999999999995,64147.375,5922.4375,24567.3125
22.811555480957054,3.0807390809059143,605.4611024305556,32.82,61431.5,6588.3125,20247.75
21.24665222167971,2.3381882905960083,159.20785617404513,48.7625,58022.9375,4379.875,1999.625
15.922662353515648,2.324154794216156,0.0,33.22,47487.4375,6152.0,0.0
13.453179931640648,2.204262137413025,0.0,30.6975,44159.0,5652.625,0.0
14.299462890625023,2.24768990278244,94.34773210222522,40.4025,58828.25,4361.6875,6888.25
21.387254333496116,2.494828522205353,554.5719444444444,33.0275,63893.75,2574.1875,24384.0625
24.330682373046898,2.4506607055664062,597.9654600694445,33.7825,59844.5625,1830.1875,19447.3125
22.63447723388674,2.2014853954315186,157.3165025499132,53.0075,55927.5,2998.125,1949.375
17.476289367675804,2.231668710708618,0.0,34.41,44897.625,6783.125,0.0
14.965333557128929,2.198513984680176,0.0,30.490000000000002,39815.5,5438.0,0.0
15.591180419921898,2.361263334751129,93.98131746279697,34.75,46709.5625,4841.25,6492.3125
22.692613220214866,2.7444915771484375,567.3823350694445,27.67,53792.625,4320.9375,24358.875
25.87860260009768,3.10692036151886,593.6239236111111,29.09,50541.9375,5845.3125,19402.1875
24.166978454589866,2.9140214920043945,148.91312934027778,38.59,49084.5,9100.5625,1921.5
19.333398437500023,2.9665879607200623,0.0,31.0875,41717.4375,13374.8125,0.0
17.166604614257835,2.560755491256714,0.0,26.7,36752.8125,7923.8125,0.0
17.526452636718773,2.4378916025161743,89.59397821295025,27.935000000000002,40909.4375,4696.0,6251.6875
24.22058258056643,2.329629898071289,539.9532552083333,25.6575,48543.125,2560.25,24106.1875
27.34059295654299,2.4121662974357605,568.4309461805556,26.9425,46782.0,2702.0,17751.125
25.083848571777366,2.517615258693695,134.309126180013,44.145,48873.4375,5805.375,1613.9375
20.41229400634768,2.540623128414154,0.0,34.6575,43198.9375,7342.125,0.0
17.82960662841799,1.927076816558838,0.0,32.655,41237.25,2792.1875,0.0
18.10779724121096,1.8447576761245728,88.01870551215278,57.64,59835.5,1485.0625,6068.1875
24.999291992187526,2.16314697265625,545.828828125,42.3275,67206.4375,1340.3125,23575.125
27.955163574218773,2.3766440749168396,570.7321788194445,43.28,64908.0625,2375.5625,17176.375
25.358178710937523,2.2149969935417175,128.477314453125,59.552499999999995,60933.625,4778.1875,1534.375
20.642366027832054,2.4220041036605835,0.0,40.224999999999994,49045.625,6013.875,0.0
18.39447937011721,2.110591173171997,0.0,35.1125,46218.25,3556.875,0.0
18.72907409667971,2.1518529057502747,82.94297281901044,52.302499999999995,61965.5,3148.25,6013.5625
25.343721008300804,2.411288619041443,537.1395659722223,47.475,68591.0,2297.0,23322.5
28.32338104248049,2.5888932943344116,566.2001041666667,47.375,66425.5,4093.625,16769.9375
25.442002868652366,2.2017707228660583,120.62970859103733,56.917500000000004,62723.5,5398.25,1398.3125
21.114122009277366,2.4573217630386353,0.0,39.325,49956.9375,6122.1875,0.0
19.261384582519554,2.49204820394516,0.0,35.6075,47054.5625,5649.6875,0.0
19.505776977539085,2.336487889289856,75.14040988498263,59.3125,62819.5,3981.875,4937.25
25.39325866699221,2.3103221654891968,479.11426215277777,48.95,68816.6875,1702.5625,20540.9375
28.284455871582054,2.4394593834877014,529.917421875,48.8375,65927.9375,3733.4375,15949.75
25.086595153808616,1.9522951245307922,113.18383144802517,70.1575,62918.5,5140.875,1287.25
20.522004699707054,1.95456463098526,0.0,42.4725,49876.25,3181.25,0.0
18.632592773437523,2.086622029542923,0.0,34.565,46477.4375,2672.625,0.0
18.546006774902366,2.3043206334114075,62.488882785373264,52.885,62268.4375,4645.125,3888.5
22.759072875976585,2.7421261072158813,430.56502604166667,45.912499999999994,67673.875,6228.4375,17176.625
24.602212524414085,2.9581029415130615,476.5913888888889,39.0175,64443.5,5718.8125,14476.0
22.43190155029299,2.314277172088623,104.34097817314995,55.19,60949.375,2980.5625,1273.5625
18.654573059082054,1.9411126971244812,0.0,37.445,48735.4375,2342.75,0.0
16.666535949707054,1.852226585149765,0.0,33.7925,45260.0625,2297.875,0.0625
16.79499969482424,1.6678859293460846,70.85025349934895,49.175,61629.5,2677.5,5526.625
22.277886962890648,1.864373356103897,480.2832899305555,37.4375,66178.375,2990.375,22803.8125
25.315095520019554,2.0191683769226074,532.6949652777778,37.3825,62513.375,2753.5625,17722.1875
23.44276580810549,1.8754963278770447,123.24123718261718,51.7075,58469.9375,2134.25,1492.3125
18.73970184326174,2.0135768353939056,0.0,39.2275,46195.9375,2969.4375,0.0
16.694444274902366,2.0063393115997314,0.0,30.75,40455.875,3441.25,0.0625
17.309602355957054,2.2666985392570496,80.73975151909723,32.545,47538.125,4629.0,6372.1875
24.942658996582054,2.697690427303314,542.9765538194445,29.895,54721.9375,3934.4375,24636.9375
28.68660125732424,3.1998339891433716,544.7952517361111,29.655,52485.4375,7187.5,18874.0
26.50085601806643,2.518963575363159,118.70737775166829,44.0775,50568.625,6544.9375,1408.25
21.75140533447268,3.310241162776947,0.0,30.997500000000002,44271.9375,15286.1875,0.0
19.252412414550804,3.3068270087242126,0.0,25.9125,38443.4375,11180.125,0.0
18.592080688476585,3.4242833852767944,65.91276692708334,27.48,42139.3125,9919.3125,4586.0
21.539178466796898,3.690673530101776,409.53437934027784,30.2775,49152.25,10080.75,16908.9375
21.77850494384768,4.0684009194374084,414.0215885416667,28.3175,47158.9375,12352.4375,11538.0625
19.05787048339846,3.7900084853172302,85.88029730055067,37.255,48156.25,11229.5625,964.1875
15.703424072265648,3.2139503955841064,0.0,31.9825,41809.0625,8295.6875,0.0
13.676553344726585,3.34218829870224,0.0,26.1925,41105.4375,9961.5,0.0625
13.114595031738304,3.492660701274872,59.09945739746094,45.535,58705.75,9456.5,4924.625
16.61126861572268,3.918812394142151,409.0920269097222,40.7525,65114.6875,8699.3125,18859.1875
18.319375610351585,3.9379316568374634,397.30143663194445,37.78,62239.9375,8437.5,14467.25
16.734796142578148,3.089169442653656,87.195328640408,51.7275,59618.5,6955.875,1247.125
12.63239440917971,2.6297207474708557,0.0,34.0075,47248.9375,8645.3125,0.0
11.018815612792991,3.0648096799850464,0.0,25.895,45156.0625,13525.875,0.0
11.689904785156275,3.475988268852234,58.243872748480904,38.0275,61460.6875,16442.5,5188.8125
17.22094879150393,4.125713348388672,412.5641579861111,31.2425,66655.375,17717.0625,19932.875
19.757348632812523,4.4994271993637085,427.7983159722222,34.19,63826.1875,16713.875,14682.0625
18.28150329589846,3.3646655082702637,89.29610773298475,48.817499999999995,60083.5625,9508.375,1070.4375
14.448487854003929,2.8474372029304504,0.0,34.3225,47918.125,8871.0,0.0
12.53455505371096,2.7287211418151855,0.0,28.8025,44771.5,8191.6875,0.0
12.884614562988304,2.9498581290245056,65.4213560655382,42.695,60940.125,9080.6875,5615.9375
18.946519470214866,3.9997522830963135,456.60129340277774,32.1375,66208.0625,13517.25,23341.875
22.223786926269554,4.51328444480896,432.83953125,29.7175,63108.875,16465.875,17397.3125
20.019021606445335,3.7468027472496033,81.0045262061225,39.3075,60279.8125,15749.3125,1069.875
15.786660766601585,3.5941624641418457,0.0,29.7825,48460.8125,14236.75,0.0
13.65955505371096,3.712229907512665,0.0,25.0975,46201.0625,14589.0625,0.0
13.256669616699241,4.080000042915344,54.48399305555556,37.769999999999996,62214.875,17713.1875,4124.125
16.29859313964846,5.252882719039917,382.01805989583335,29.3475,67956.125,23825.4375,14573.125
17.17634735107424,5.982943534851074,379.9318706597222,28.8275,65295.4375,26183.75,10615.0
15.159722900390648,5.16817045211792,77.87982117229038,38.977500000000006,61903.0,20298.6875,747.75
12.31873474121096,4.0917128920555115,0.0,29.77,48985.875,15144.1875,0.0
10.339875793457054,3.5911426544189453,0.0,25.22,46331.0625,14772.875,0.0
10.13160095214846,3.628404915332794,57.18502217610677,37.5,61735.9375,13640.5625,4773.4375
14.618409729003929,4.017037332057953,413.4982074652778,32.05,65826.125,13051.8125,19616.5
17.207177734375023,3.901358187198639,377.73388020833335,29.9375,61313.9375,13312.375,12956.9375
15.832696533203148,3.255025565624237,67.4759800921546,39.01,57877.375,10708.3125,710.625
13.104814147949241,2.976521909236908,0.0,33.4925,45838.75,10657.5,0.0
11.924417114257835,2.765124499797821,0.0,29.5175,41310.875,7797.0,0.0
11.733308410644554,2.520718276500702,34.317182786729596,36.04,47394.625,3935.9375,2269.125
14.357453918457054,2.5015337467193604,271.7035763888889,37.004999999999995,53607.5,2117.0625,11167.4375
15.616113281250023,2.4761627912521362,294.7242751736111,34.935,50011.9375,3742.0625,8695.25
14.053498840332054,1.9053704142570496,62.89614000982708,44.442499999999995,49711.375,3948.4375,645.6875
11.693696594238304,1.7508679032325745,0.0,34.957499999999996,41005.8125,3697.9375,0.0
10.613710021972679,1.5815975666046143,0.0,32.0925,36603.125,2688.75,0.0
10.562455749511741,1.502947598695755,45.16567949083117,34.465,41373.25,1399.1875,3098.125
14.063554382324241,1.7389508783817291,322.5762543402778,35.04,48889.75,466.875,11578.3125
15.451371765136741,1.9418666064739227,305.71494357638886,34.5575,46644.3125,900.625,7600.875
13.95740661621096,2.0837562084198,57.67223271369934,48.1225,48784.125,1864.875,462.0
11.975442504882835,2.038293033838272,0.0,38.2975,41727.375,1869.0625,0.0
11.087327575683616,2.344659149646759,0.0,32.93,40890.6875,2223.875,0.0
11.010728454589866,2.776751756668091,26.748750661214192,59.8925,60967.6875,4402.9375,1501.4375
13.171853637695335,3.2672669291496277,237.13707899305552,46.942499999999995,66373.1875,4781.375,8199.5625
14.461465454101585,3.371311902999878,280.177578125,42.9025,62891.0625,6017.125,7626.5625
13.369447326660179,2.834943473339081,57.53776648742457,53.5875,60325.0625,6146.5625,604.5625
11.189508056640648,2.788722813129425,0.0,35.0475,47326.6875,6866.0625,0.0
9.952691650390648,3.1340895295143127,0.0,30.787499999999998,45238.0625,10736.375,0.0
10.005776977539085,3.36652535200119,47.72448340521919,43.22,62524.1875,13683.3125,4443.9375
14.878656005859398,3.989015281200409,411.2631163194444,32.6775,67584.6875,16584.4375,21394.9375
17.650872802734398,4.1374218463897705,402.7883420138889,34.1475,63841.6875,15182.6875,15404.5
15.712022399902366,3.313549757003784,72.34744962137037,46.825,60829.3125,9199.0,909.5625
11.562921142578148,2.875325083732605,0.0,32.2675,47999.125,6752.9375,0.0
9.751428222656273,2.698417365550995,0.0,29.509999999999998,45385.9375,7890.375,0.0
10.077210998535179,2.91877943277359,56.64925794813368,41.115,63148.8125,10809.5,5189.0625
16.582147216796898,3.7270127534866333,447.0714496527778,32.3925,67361.4375,15371.6875,21990.625
19.116448974609398,4.673635005950928,371.3893967013889,30.2725,64737.8125,20661.3125,13652.875
16.965936279296898,4.0357972383499146,50.87568264431424,39.120000000000005,62884.25,20214.0,546.125
14.507470703125023,3.8591033220291138,0.0,29.5575,49857.3125,18031.5625,0.0
13.918382263183616,3.6249897480010986,0.0,28.2975,46285.875,12001.9375,0.0
14.186357116699241,3.51706063747406,33.942028537326394,49.6225,63284.4375,9596.625,2733.625
17.710473632812523,3.96798974275589,305.6265928819445,40.542500000000004,67246.0,11034.25,15988.875
20.443269348144554,4.346511483192444,356.13665364583335,34.5125,64090.3125,13470.75,14208.6875
18.791375732421898,3.224543273448944,69.32188666449653,42.9875,61592.4375,12128.9375,845.25
15.486688232421898,3.2993451952934265,0.0,31.5325,49223.5,16392.3125,0.0
14.838746643066429,3.6958645582199097,0.0,27.6025,47380.875,18541.3125,0.0
15.076493835449241,3.9544865489006042,37.219677446153426,43.599999999999994,64306.0625,16620.25,3480.125
18.310540771484398,4.272044897079468,331.4655295138889,41.2225,68261.625,16297.4375,15625.0625
19.82733306884768,4.236130714416504,354.73255642361113,38.33,62981.25,13962.0,12609.8125
17.61773834228518,3.4024405479431152,65.0308859592014,48.504999999999995,59229.8125,8199.8125,686.6875
13.898286437988304,2.916414737701416,0.0,38.305,46708.5625,7831.0625,0.0
11.70795593261721,2.6175490617752075,0.0,31.9825,41197.0625,5545.25,0.0
11.257691955566429,2.585021734237671,47.235516730414496,39.275000000000006,48453.3125,3954.3125,5097.75
16.516381835937523,2.7099523544311523,422.35196614583333,32.58,54503.75,2192.5625,22643.375
19.252786254882835,2.674002230167389,442.475,30.3825,50714.4375,3428.75,17108.8125
16.802415466308616,2.4671953916549683,84.28721028645833,46.4625,50611.1875,4290.6875,816.0625
12.393090820312523,2.927926540374756,0.0,34.08,42341.1875,10550.375,0.0
10.963670349121116,3.4410325288772583,0.0,19.23,38732.625,17956.875,0.0
11.636926269531273,3.9285773634910583,53.01709742228189,21.9925,44198.9375,20626.625,5303.875
18.50428161621096,4.414235949516296,443.65568576388887,5.494999999999999,51101.75,17866.9375,22309.9375
21.983361816406273,4.820992350578308,438.27778645833337,12.780000000000001,48741.375,19438.5625,15683.25
19.242028808593773,4.028247594833374,65.0058955891927,45.65,51313.375,16541.1875,652.0625
15.037477111816429,3.674980580806732,0.0,38.025,44026.4375,12532.375,0.0
13.05384216308596,3.2167246341705322,0.0,31.685000000000002,42494.125,8519.1875,0.0
12.600213623046898,2.7745184302330017,36.788259718153206,54.6625,62069.25,6281.75,3251.1875
16.423020935058616,3.1810038685798645,314.13207899305553,51.45,66906.375,6750.875,13464.125
18.37408599853518,3.894719123840332,296.7723828125,49.585,64396.3125,8503.9375,8320.6875
16.349954223632835,3.3458268642425537,45.15686577690972,57.207499999999996,61983.6875,8429.375,305.5625
13.762483215332054,3.275050640106201,0.0,39.5325,49308.375,11913.9375,0.0
12.450662231445335,3.660288393497467,0.0,31.2825,46845.75,15209.3125,0.0
11.973626708984398,4.165140986442566,34.19081312391493,48.4825,64518.875,18200.3125,3019.125
14.254388427734398,5.873584270477295,328.2208333333333,30.130000000000003,69251.75,25748.1875,14456.625
15.451867675781273,6.933946490287781,367.8099652777778,22.8375,66526.625,31773.5625,12008.875
13.632341003417991,6.490698933601379,65.10314086914063,37.1875,64195.4375,29635.9375,611.75
10.990922546386741,5.578858494758606,0.0,29.4875,50610.375,26395.5,0.0
9.095948791503929,4.756677031517029,0.0,27.905,47292.3125,21626.6875,0.0
8.429322814941429,4.356887578964233,47.92670838250055,46.825,64360.9375,17636.3125,5239.625
12.686181640625023,4.941593289375305,409.0346571180555,29.1475,67612.9375,17804.9375,21036.1875
14.748162841796898,5.178582668304443,419.3195920138889,30.3275,64654.5625,20372.5625,15445.5
12.561463928222679,4.292135000228882,67.37980726453993,50.45,61961.8125,16597.625,625.25
9.179841613769554,3.596404731273651,0.0,36.67,49110.1875,15171.5625,0.0
7.307649230957054,3.2681182622909546,0.0,31.7675,45949.5625,12501.6875,0.0
7.123101806640648,3.172797739505768,46.47867038302952,51.629999999999995,62561.9375,9149.5625,5065.8125
12.345780944824241,3.735857903957367,426.7441666666667,42.1525,65846.8125,6011.5,21962.4375
14.617692565917991,3.823642075061798,419.5457986111111,40.3225,62389.125,6191.25,16266.6875
12.163430786132835,2.9898603558540344,66.35270263671875,59.010000000000005,60727.75,5434.6875,646.25
8.094132995605491,2.576722025871277,0.0,40.0325,47725.375,5397.875,0.0
6.242219543457054,2.367073178291321,0.0,35.955,45547.25,4796.6875,0.0
6.42774353027346,2.483465611934662,42.46408138699002,53.765,62419.0,4725.3125,4766.4375
12.802461242675804,3.0007877349853516,395.8047048611111,40.995000000000005,65208.375,4383.125,21543.0625
16.018273925781273,3.2013701796531677,414.019453125,37.46,60432.0,4832.6875,15743.625
13.897782897949241,2.830641448497772,62.66438422309028,51.3,58946.6875,5149.4375,556.75
9.999482727050804,2.6899937987327576,0.0,34.115,46445.1875,7018.75,0.0
8.178407287597679,2.7059520483016968,0.0,31.1175,41215.8125,7709.9375,0.0625
8.211244201660179,2.7160616517066956,46.508896107143826,40.065,48596.5625,6605.5625,5259.1875
15.53699645996096,2.7022281885147095,452.3145138888889,29.2175,53981.5,2984.625,24301.25
19.93330535888674,2.7314484119415283,497.90513020833333,30.5075,49908.6875,3570.75,17783.3125
17.139215087890648,2.6970582008361816,73.20319925944011,45.3125,50631.875,9648.625,583.0625
12.409463500976585,2.8615816831588745,0.0,29.855,41477.1875,14204.25,0.0
10.294671630859398,2.7612258791923523,0.0,28.5175,36883.875,10998.0625,0.0
10.271836853027366,2.8315603137016296,45.22846138530307,26.2025,42283.3125,10288.375,4877.9375
17.54029235839846,2.8754435777664185,435.9452213541667,26.1575,48801.5,4625.1875,20939.25
21.67945251464846,3.040534257888794,455.90156249999995,28.45,46223.0,6491.8125,13489.125
18.62964019775393,2.9820988178253174,62.681517198350704,38.23,50832.5,12192.3125,371.5
14.724244689941429,3.23761785030365,0.0,30.0625,44464.375,14659.25,0.0
12.714250183105491,3.2981786131858826,0.0,28.3875,43502.3125,13169.5,0.0
12.37653503417971,3.420863091945648,28.440584615071614,47.0275,63147.625,10617.9375,2155.3125
15.397508239746116,3.4709333181381226,254.8466623263889,49.38,68116.25,6066.8125,9975.4375
17.06794128417971,3.3667152523994446,271.18554253472223,50.88,64321.3125,4771.5,7182.5
15.34168395996096,2.6119011640548706,35.19625344170464,55.7175,61990.875,3945.9375,209.3125
13.389237976074241,2.4098012447357178,0.0,37.6075,48160.1875,3472.8125,0.0
12.241822814941429,2.243292510509491,0.0,36.4875,45593.8125,2740.25,0.0
11.973733520507835,2.3197454810142517,26.51901264588038,59.845,63024.125,3950.125,2611.25
15.025865173339866,2.5899237394332886,275.01448350694443,49.9975,66944.125,4490.5625,14547.375
17.14374694824221,2.7385517358779907,282.19355034722224,49.322500000000005,64035.5,6362.0,7518.1875
15.342202758789085,2.701165556907654,28.887475390964084,52.995,62573.0625,9027.25,150.25
13.797212219238304,2.964096248149872,0.0,34.945,48724.5,9212.9375,0.0
13.288911437988304,2.953031063079834,0.0,34.6625,45798.75,7547.3125,0.0
13.231370544433616,3.102013349533081,18.30285420159499,56.65,63673.3125,7286.25,1549.6875
14.770829772949241,3.513161063194275,220.77575303819444,50.6725,67417.375,7022.9375,10144.0625
15.819978332519556,3.491030693054199,258.9867838541667,49.61,63797.8125,6028.4375,7649.5625
14.421670532226585,2.753423571586609,34.0815337117513,53.317499999999995,62174.0625,4842.25,208.4375
13.15278015136721,2.901952624320984,0.0,35.46,48907.1875,7845.375,0.0
12.585313415527368,3.0057201385498047,0.0,32.5925,46325.3125,8256.8125,0.0
12.784326171875023,3.2073583602905273,20.213217051426568,49.6325,63984.25,8190.0625,2260.0625
15.278276062011741,3.887143313884735,223.65518663194445,48.18,68207.5,8890.9375,9656.375
16.920030212402366,3.908866763114929,192.38585286458334,44.6225,65307.375,11516.875,4849.0625
15.962464904785179,3.7707590460777283,19.639349085489908,41.8225,63697.375,16122.125,92.6875
15.223878479003929,4.101793646812439,0.0,30.0225,50092.125,17919.25,0.0
14.700868225097679,4.054212331771851,0.0,29.165,47104.4375,16283.9375,0.0
14.401101684570335,4.221382260322571,14.62498507462028,47.8275,64936.75,15880.9375,1360.8125
15.79218444824221,4.33492648601532,196.9007421875,41.485,68538.75,14614.5625,9272.3125
16.881700134277366,4.208624720573425,231.4859201388889,37.4975,63302.0625,13749.625,6990.375
15.086206054687523,3.7230515480041504,31.780649007161454,44.3825,60546.875,15513.25,190.875
13.598992919921898,4.078222990036011,0.0,28.7675,47443.0625,21472.6875,0.0
13.066323852539085,4.534810781478882,0.0,22.8625,42575.1875,23567.0625,0.0
13.042382812500023,4.9488489627838135,24.318217579269678,30.295,50676.875,25900.625,2478.75
15.080781555175804,5.869871735572815,282.4930512152778,17.0775,57722.625,29740.625,14028.875
16.28601989746096,6.136524081230164,309.4424826388889,15.695,53642.875,29320.8125,9091.375
14.662934875488304,5.350896239280701,34.58301544189453,35.345,53366.875,29675.6875,203.5
13.30634460449221,5.334067702293396,0.0,10.147499999999999,44654.6875,30478.125,0.0
12.509599304199241,5.066320896148682,0.0,13.245000000000001,39672.375,27351.75,0.0
12.355447387695337,5.045254230499268,21.756419542100694,21.627499999999998,43877.6875,25259.375,2646.0625
15.102990722656273,5.62731659412384,247.4018315972222,10.76,52900.75,26595.5,13498.3125
16.965325927734398,5.986199855804443,250.9409765625,-4.3325,50944.5,30571.875,7373.75
16.248269653320335,5.940065145492554,24.55462211608887,21.0075,53340.875,32366.125,101.0625
15.806001281738304,6.3196040391922,0.0,4.7625,46233.9375,30847.3125,0.0
15.000672912597679,7.290937662124634,0.0,-23.62,46043.125,35440.375,0.0
13.860513305664085,7.956743597984314,13.824976942274306,36.192499999999995,65921.9375,41207.5,2015.8125
14.431024169921898,8.119993090629578,238.68266927083334,19.6075,70712.125,40114.125,12230.5
15.348779296875023,7.525963306427002,287.13506510416664,25.0575,66424.875,34502.3125,9128.5625
13.607911682128929,5.3284913301467896,34.20864457872179,55.290000000000006,63768.5,22668.25,181.125
11.549180603027366,4.200602173805237,0.0,35.9625,49867.125,15549.75,0.0
10.686242675781273,3.7608789801597595,0.0,30.845,47420.25,14385.375,0.0
11.084634399414085,4.2253682017326355,15.884680989583334,49.7825,65166.6875,19296.5625,2062.625
14.556268310546898,4.715742826461792,201.5602951388889,43.7475,69863.3125,22056.625,10986.5
16.47680816650393,4.890806555747986,227.594375,42.587500000000006,66484.3125,20183.125,6517.0625
14.78204498291018,4.202533423900604,22.568997438748678,52.0225,63820.875,14931.1875,96.0
13.062806701660179,3.888584792613983,0.0,36.5,49351.9375,13350.8125,0.0
11.880670166015648,4.157916188240051,0.0,33.1175,47036.8125,15989.6875,0.0
10.805108642578148,4.499528765678406,13.346209445529514,51.445,64712.0625,17565.125,1475.5625
11.489564514160179,4.836752414703369,222.65475911458333,44.004999999999995,68686.1875,16127.875,10879.125
11.670686340332054,5.245756030082703,264.0153819444444,36.45,64930.0625,18763.3125,8059.1875
9.679360961914085,4.722150564193726,30.484204494688246,47.075,63102.25,21903.3125,142.5625
7.9974533081054915,4.440197467803955,0.0,29.8675,49605.1875,25367.375,0.0
7.245477294921898,4.345718264579773,0.0,26.5975,43245.125,21205.9375,0.0
7.292321777343773,4.117397665977478,19.500714653862847,44.0275,45724.5,14707.3125,2088.3125
9.730187988281273,4.138642966747284,243.65052083333336,43.79,52234.6875,8770.5625,11211.6875
11.242288208007835,3.530495345592499,253.28600260416667,40.4825,48489.0,5746.625,7878.1875
9.623109436035179,2.300364851951599,27.53794354412291,51.97,51098.5,2955.875,121.3125
7.911714172363304,2.122232496738434,0.0,38.4925,42458.25,4164.8125,0.0
7.27991638183596,2.3960121870040894,0.0,33.195,40222.9375,6569.8125,0.0
7.452416992187523,2.8754518032073975,17.157690294053822,48.0075,55502.8125,9549.75,1292.5625
9.520410156250023,3.8860214948654175,197.28092230902777,48.655,60734.0625,11380.375,7028.875
10.750909423828148,4.072207152843475,168.5926627604167,48.205,57972.625,12096.0,3305.5
9.973878479003929,4.269684672355652,12.387147365543578,48.3775,57862.75,18217.8125,45.5625
9.537553405761741,4.690533638000488,0.0,32.6725,46530.0625,19234.5,0.0
9.201341247558616,4.909094333648682,0.0,28.31,42606.625,19816.0,0.0
8.780763244628929,4.919873237609863,11.427283121744791,35.197500000000005,49555.25,18026.8125,1187.4375
9.787370300292991,4.862550735473633,200.54838324652778,37.8375,55340.0,13044.125,8753.5625
10.496583557128929,4.296712398529053,237.07408854166667,38.1925,51733.9375,7797.625,5881.125
8.897637939453148,3.310706317424774,25.145216497133177,47.7375,52455.5625,7532.3125,62.5
7.136842346191429,2.929471731185913,0.0,34.765,43348.375,10662.9375,0.0
6.0607467651367415,2.7437506914138794,0.0,27.625,38972.1875,11120.6875,0.0
5.987611389160179,3.1082040667533875,17.384923231336806,29.28,42872.5625,12395.125,1989.875
8.625360107421898,4.024524509906769,218.34236762152779,33.49,51508.8125,13896.8125,9941.1875
9.998368835449241,4.192509770393372,186.15177083333333,29.735,50219.375,17301.1875,4588.625
8.672235107421898,3.9574745297431946,13.866728515625,38.695,52796.4375,18838.4375,30.6875
7.151589965820335,3.750836193561554,0.0,31.37,45098.125,15640.9375,0.0
5.572488403320335,3.0641104578971863,0.0,28.07,43190.5,9450.125,0.0
4.900933837890648,2.5609477162361145,18.84258070203993,55.87,63305.3125,6556.8125,2415.6875
8.48200378417971,2.460314989089966,284.99706163194446,50.885,66985.5,3683.0,14260.5
10.66199645996096,2.49798047542572,273.4324392361111,48.9725,63336.375,4251.9375,8551.25
8.83295593261721,2.4762871265411377,21.336302354600697,53.0325,63449.0625,8776.9375,62.6875
7.812600708007835,3.358177661895752,0.0,31.5475,50184.8125,16232.4375,0.0
8.292764282226585,4.470889210700989,0.0,23.625,48103.0625,22511.375,0.0
9.136247253417991,5.092494249343872,7.413232625325521,40.7175,66450.0625,26441.625,739.875
11.265092468261741,5.253911852836609,101.34221896701389,38.345,70483.0,24615.8125,5462.3125
13.186219787597679,5.0336363315582275,120.28712456597222,37.35,66726.0,20619.6875,3341.8125
12.803681945800806,4.552879452705383,11.600333387586804,41.3125,64785.8125,20464.6875,28.8125
12.124116516113304,4.743209481239319,0.0,25.14,51486.0625,23784.5,0.0
11.407922363281273,4.546979188919067,0.0,22.2075,49311.75,25129.5625,0.0
10.906770324707054,4.585692286491394,13.88652560763889,41.915,66066.875,24160.9375,1674.25
12.364526367187523,4.932149648666382,213.7023090277778,38.7475,70053.5625,22017.0625,8668.3125
12.538392639160179,5.271668553352356,177.2550173611111,36.28,66336.0625,21145.25,3364.625
10.741761779785179,5.090475082397461,14.392045220269095,44.495000000000005,64225.9375,22842.8125,32.25
9.935189819335962,5.2826457023620605,0.0,27.2225,51277.375,24380.375,0.0
9.470429992675804,5.520867228507996,0.0,20.255,48991.875,25949.1875,0.0
9.358293151855491,5.652368545532227,13.785821601019965,43.11,65923.6875,26674.0,1583.875
11.09430847167971,6.065321087837219,232.8895681423611,26.24,70465.25,28029.25,10196.875
12.544046020507835,6.253516793251038,277.6520269097222,27.6425,67344.6875,28604.375,8158.3125
10.969094848632835,5.264972805976868,23.228968098958333,40.4675,65745.25,28118.5,54.25
9.865930175781273,5.253277778625488,0.0,24.927500000000002,53266.8125,30628.6875,0.0
9.52503356933596,5.41468358039856,0.0,16.2275,50395.6875,31851.5,0.0
9.848687744140648,5.782911777496338,14.80112806532118,35.7475,67856.6875,34612.4375,1938.375
12.874772644042991,6.198687672615051,225.0950238715278,27.7075,70880.5,33780.3125,11305.25
15.162255859375023,6.394019603729248,227.0349001736111,24.515,66677.0,34420.5,7528.0625
13.78534851074221,6.171881794929504,16.70562825520833,31.14,65009.6875,36785.4375,50.25
12.762040710449241,6.269791126251221,0.0,9.105,51990.5625,36995.5625,0.0
12.12488708496096,5.739588379859924,0.0,2.9425,46609.9375,33655.75,0.0
11.576104736328148,5.243248343467712,16.578316582573784,22.585,52893.9375,29668.1875,3103.1875
15.299958801269554,5.093200922012329,266.06934027777777,9.05,57989.9375,26066.0625,17150.1875
17.434922790527366,4.835612177848816,255.2713910590278,27.4,53663.9375,20013.0625,8442.75
15.170579528808616,3.7813369035720825,16.31085883246528,40.0,53762.875,14832.9375,22.0625
13.833619689941429,3.493253469467163,0.0,30.555,43485.0625,14545.8125,0.0
12.985864257812523,3.1726983189582825,0.0,24.6425,38131.0625,11636.125,0.0
12.739495849609398,3.2309088110923767,15.044498765733508,27.155,43544.4375,12263.625,2560.3125
17.117120361328148,3.587288200855255,276.46430555555554,21.075,50821.625,11772.375,16339.1875
20.53796539306643,4.298353791236877,305.60489583333333,16.005,48288.0,17988.6875,9989.1875
18.583650207519554,5.046916604042053,20.738994411892364,24.5775,54631.125,31781.5,36.8125
16.363679504394554,5.335999011993408,0.0,3.8625000000000003,47425.0,30950.125,0.0
14.285241699218773,4.572573900222778,0.0,16.2775,44842.4375,22531.8125,0.0
12.740602111816429,3.4758509397506714,16.88973361545139,46.205,64010.1875,10854.5,2907.875
16.832315063476585,2.6627184748649597,313.58733940972223,46.1475,67374.0,3652.4375,18796.5
19.470300292968773,2.7439968585968018,324.27261718750003,44.3875,63597.0,4589.75,11317.0625
16.18335113525393,3.351467192173004,20.606893853081598,47.205,64222.0625,17222.5625,33.375
13.975144958496116,3.6866934299468994,0.0,27.3525,50740.3125,19433.6875,0.0
12.614991760253929,3.3929312229156494,0.0,26.064999999999998,48826.8125,16115.625,0.0
11.97236022949221,3.160139501094818,14.598229370117188,50.815,65819.75,11134.5625,2394.375
15.684037780761741,2.861605405807495,276.83811631944445,49.23,68195.5625,5122.9375,15279.125
17.532441711425804,2.6277451515197754,275.1822439236111,47.755,65029.0625,4669.5,7913.25
14.45612487792971,2.488835096359253,13.795826822916666,56.885,64767.625,5591.4375,7.4375
12.549707031250023,3.2368492484092712,0.0,35.06,49866.9375,10259.375,0.0
11.666986083984398,3.8390254378318787,0.0,29.525,47592.625,14508.4375,0.0
11.149629211425804,4.1269344091415405,7.239240536159939,47.5225,65988.5,15650.4375,1362.875
12.45569763183596,4.9142746925354,183.7069748263889,41.1175,70060.75,18915.375,11438.875
13.969155883789085,4.828454375267029,198.60905164930554,39.55,66735.75,16596.1875,7234.25
12.43586120605471,4.104301571846008,12.729725341796875,45.525,66106.3125,19690.75,18.4375
11.356011962890648,4.284287929534912,0.0,30.515,51846.625,21399.5,0.0
11.096803283691429,4.066998600959778,0.0,28.165,48120.0,19095.4375,0.0
11.264573669433618,4.011711120605469,8.904678819444445,50.27,65437.3125,17311.0,1272.8125
13.883790588378929,3.8579419255256653,190.65780598958335,49.042500000000004,69727.5625,12065.625,10925.0
15.61432800292971,3.433215916156769,200.9552126736111,47.42,65755.4375,7439.5625,7165.6875
13.599305725097679,2.8969008922576904,9.463248596191406,55.144999999999996,64615.0,8496.6875,6.375
12.375283813476585,3.1685742139816284,0.0,34.6625,50673.5625,12192.375,0.0
11.925057983398462,3.422840118408203,0.0,30.2125,47150.125,12624.8125,0.0
11.917665100097679,3.91635262966156,10.102291497124567,46.235,65650.3125,17806.9375,1708.0
14.452973937988304,4.888554096221924,234.86692925347222,36.2125,69841.0625,22239.375,11725.6875
15.439111328125023,5.582702279090881,236.57555772569444,32.322500000000005,65905.4375,29936.5625,5886.875
12.946687316894554,5.060105562210083,12.94429924858941,35.9925,64638.5,28718.75,11.0
10.921601867675804,4.457224726676941,0.0,28.752499999999998,50366.375,23583.0625,0.0
10.163072204589866,4.073818325996399,0.0,24.6475,45013.5625,22536.9375,0.0
10.330491638183616,4.181943297386169,7.933627946641709,31.175,51948.75,21777.125,834.5
12.442994689941429,4.4958109855651855,187.68883463541667,35.4525,57455.8125,20232.6875,6412.6875
14.014489746093773,4.364366292953491,195.20841579861113,34.9725,54235.75,16002.9375,4132.625
12.790032958984398,3.8937131762504578,9.404227261013455,41.5575,55646.1875,17172.4375,3.4375
11.711732482910179,3.521540582180023,0.0,31.057499999999997,44502.0,15359.0,0.0
11.003228759765648,2.911665618419647,0.0,26.68,39022.4375,10102.9375,0.0
10.644586181640648,2.6407836079597473,9.069782189263238,31.27,43107.875,5894.375,1246.625
13.115518188476587,2.4792102575302124,208.26975911458334,37.1775,50692.375,3063.375,10427.0625
15.245568847656273,2.236170530319214,213.76612413194445,34.9875,48427.125,3050.375,6022.0625
13.391648864746116,2.2429168820381165,9.034141387939453,46.34,52294.25,5274.25,2.875
12.349732971191429,2.55341374874115,0.0,32.885,43760.25,7439.875,0.0
11.773454284667991,2.8865599632263184,0.0,26.04,42607.1875,8965.5,0.0
11.538331604003929,2.9076095819473267,7.208772413465711,48.582499999999996,64232.6875,8929.5625,1001.5625
13.899674987792991,2.9227057099342346,170.70431423611112,47.5875,68615.5,8482.375,8325.0
15.720758056640648,2.6154898405075073,173.58142361111112,49.265,65194.1875,4526.0625,5235.5
13.567811584472679,2.3039342761039734,8.073443857828776,56.43750000000001,64078.75,5449.3125,3.3125
11.972962951660179,2.3884089589118958,0.0,38.9775,50270.125,8153.5625,0.0
10.753518676757835,2.3822856545448303,0.0,34.0925,47023.0625,7576.1875,0.0
10.260392761230491,2.4717695116996765,8.42812739054362,56.18,65239.5,7064.8125,1321.5625
12.614175415039085,2.791459619998932,205.60260850694445,49.557500000000005,68220.75,5918.25,10323.9375
14.480577087402366,2.911715090274811,216.24241102430557,46.455,65105.0625,6283.0625,6204.75
12.237634277343773,2.558236598968506,10.243828701443142,56.19,65053.25,6777.375,4.375
10.721284484863304,2.492932081222534,0.0,36.5575,50210.4375,6931.6875,0.0
9.882402038574241,2.367500126361847,0.0,31.69,47041.75,5599.1875,0.0
9.765412902832054,2.4644961953163147,7.021029035780165,52.4975,65295.3125,5428.5625,824.4375
12.338281250000023,2.8274208307266235,210.22274522569444,48.0925,68043.8125,3935.125,9236.375
14.661843872070337,2.944409668445587,253.1621462673611,45.435,64709.9375,3797.0,6928.8125
12.793756103515648,3.1260473132133484,10.864895901150174,48.4475,65148.8125,12023.25,2.1875
11.688966369628929,3.240964710712433,0.0,34.105000000000004,50685.75,11694.4375,0.0
11.266435241699241,2.9825316667556763,0.0,30.595,46880.3125,8014.9375,0.0
10.98352966308596,3.114786446094513,6.662078670925564,49.1875,65868.5,8561.375,821.125
13.140260314941429,3.173051118850708,208.4457660590278,45.6175,68859.3125,6682.5625,9102.9375
15.818688964843773,3.3728352189064026,239.8937673611111,38.1875,65625.875,8591.6875,6120.125
13.95997009277346,3.36171692609787,9.414782875908745,37.8675,66022.25,17024.3125,2.0625
12.864030456542991,4.048780560493469,0.0,26.8575,51588.0,22974.5625,0.0
12.22522888183596,4.1420817375183105,0.0,25.759999999999998,48160.8125,21373.875,0.0
11.863122558593773,4.200465083122253,6.839341061909994,45.54,66847.0,22726.5625,1185.5
13.894334411621116,4.763700723648071,219.33601779513887,38.9925,69289.9375,23018.125,12047.4375
15.43403015136721,4.406438708305359,215.4253689236111,37.715,63925.875,17265.8125,7186.9375
12.657075500488304,3.6582794189453125,8.592897457546657,41.8975,64047.5625,21051.25,2.0
11.261796569824243,4.777156472206116,0.0,24.560000000000002,51220.1875,28429.25,0.0
10.652947998046898,5.318358659744263,0.0,15.015,46505.875,29342.875,0.0
10.615090942382835,5.386580586433411,7.660254003736709,23.627499999999998,54054.9375,30218.125,1599.0
13.983865356445335,5.189742684364319,234.90282769097223,12.334999999999999,58817.4375,27672.1875,14576.4375
16.976243591308616,5.311590313911438,260.58587239583335,18.9675,54781.25,26125.125,9025.75
14.587701416015648,5.34235954284668,9.173333587646484,31.0675,56969.5625,32168.5,1.375
13.226365661621116,5.658734440803528,0.0,0.9900000000000002,46657.25,33986.5625,0.0
12.07734069824221,5.741230249404907,0.0,-8.58,41440.0625,32295.125,0.0
10.870950317382835,5.600173354148865,5.665961668226454,22.94,45014.125,29449.125,1383.125
12.413835144042991,5.118014097213745,177.4504730902778,28.825,53398.9375,23658.625,9608.125
12.919915771484398,4.811983108520508,165.35782552083336,30.85,51056.8125,17714.875,4441.6875
10.107156372070335,4.226746678352356,5.294484276241726,41.93,56017.875,19495.5,1.3125
8.40064392089846,4.324447512626648,0.0,29.0325,48792.0625,21823.5625,0.0
7.2054611206054915,4.255582094192505,0.0,27.2675,45754.3125,20856.0625,0.0
6.1777816772461165,3.8582883477211,5.171399830712213,41.3425,62067.5,16774.25,1129.5625
8.211518859863304,3.610246777534485,190.08123046875,42.495,68668.125,9234.375,10767.5
9.621476745605491,3.3539722561836243,182.64464192708334,49.63,66311.625,7294.0,5474.0
7.23865661621096,2.768333613872528,6.248082843356663,57.7325,67158.8125,7593.9375,1.3125
5.572900390625023,2.543286681175232,0.0,38.855,53549.6875,6325.5625,0.0
4.764276123046898,2.5171452164649963,0.0,35.705,47629.8125,6001.75,0.0
4.406823730468773,2.741910994052887,3.9900105794270835,47.1425,61984.5625,6494.0,813.0625
6.708375549316429,3.257076323032379,170.2300043402778,51.3375,69148.3125,3679.3125,8990.125
8.289285278320335,3.2409124970436096,161.2352517361111,53.065,67124.9375,3245.1875,5011.625
5.9360519409179915,2.7591891288757324,4.588433530595569,60.82,67993.125,6741.8125,1.1875
4.0314193725586165,2.7099586129188538,0.0,40.839999999999996,54785.75,7438.3125,0.0
2.6117034912109602,2.520831286907196,0.0,36.1825,48343.375,5562.375,0.0
1.8611999511718977,2.5282453894615173,4.46516710281372,49.16,61901.1875,5200.5,1366.0625
5.0499435424804915,2.5390652418136597,192.09692274305556,50.2475,68255.1875,2813.5625,12671.5
7.0824447631836165,2.6296531558036804,198.38297743055557,51.63,66396.6875,3155.9375,5921.4375
4.338739013671898,2.5303701758384705,5.471944352255927,60.465,67080.0,6654.125,0.8125
2.497682189941429,2.724166512489319,0.0,40.0175,54720.875,7884.9375,0.0
1.1158996582031477,2.4956291913986206,0.0,33.985,47761.75,6097.8125,0.0
0.4500900268554915,2.5144354104995728,5.451864811579386,43.2175,57381.5,6491.25,1517.1875
3.8980346679687727,2.7110922932624817,236.3429470486111,41.3025,63973.75,4186.9375,15341.9375
6.79529724121096,2.9009023308753967,254.10658203125,45.7325,60893.25,3910.0625,8525.1875
3.9181381225586165,2.8535788655281067,6.757237029605442,52.4325,62079.0,11465.0,0.875
2.300294494628929,3.047412157058716,0.0,39.0725,51829.875,15654.125,0.0
1.7296386718750227,3.1696190237998962,0.0,28.942500000000003,44386.75,14680.75,0.0
1.8905426025390852,3.584358274936676,4.437109466658699,30.7775,49625.4375,17835.1875,791.375
4.5198226928711165,4.248210310935974,156.92058159722222,34.504999999999995,57488.1875,15830.3125,6496.8125
6.588746643066429,4.405941843986511,123.32029296875001,32.01,56898.625,16455.0,2151.5625
6.7943283081054915,4.61706280708313,1.8094895288679334,36.5025,59050.9375,21307.9375,0.4375
7.611108398437523,4.677902102470398,0.0,28.32,49075.5,21315.625,0.0
8.714341735839866,4.8220155239105225,0.0,21.8775,42058.5,21169.1875,0.0
9.762002563476585,5.014363765716553,1.683638429376814,24.765,47451.125,24364.625,341.5
11.604325866699241,5.196786522865295,83.83193250868055,28.96,56296.5625,26527.6875,5425.6875
13.19654235839846,5.1451287269592285,118.75952473958334,27.9325,54701.75,24569.1875,4417.875
11.849748229980493,4.797335863113403,3.8890787479612565,34.05,57358.9375,27395.6875,0.1875
10.850076293945335,4.76593804359436,0.0,24.595,47716.1875,26479.625,0.0
10.119104003906273,4.526530623435974,0.0,5.105,40326.9375,22540.625,0.0
9.635354614257835,3.8863444328308105,2.176863286495209,16.705,41661.875,17092.625,356.5625
10.670243835449241,3.3978874683380127,130.82968424479168,33.019999999999996,50849.0625,8396.1875,5446.5
11.839997863769554,3.07194584608078,145.68387912326386,37.6425,49840.5,4865.375,2938.875
10.487153625488304,3.0049455761909485,2.822125409576628,40.85,53434.8125,9057.3125,0.25
9.82392272949221,3.5432390570640564,0.0,29.7025,46123.75,11464.1875,0.0
9.459886169433616,4.15910941362381,0.0,23.145000000000003,42664.5625,14034.3125,0.0
9.14307556152346,4.1516724824905396,1.9660486956106291,37.6275,59673.4375,13861.0625,768.4375
10.261354064941429,4.190779209136963,122.6047536892361,43.519999999999996,68097.1875,10517.625,7444.4375
11.187882995605491,3.806265950202942,136.25668619791665,45.6525,66675.25,7764.1875,3341.5625
9.750001525878929,3.226465106010437,3.313587015204959,49.7325,67396.1875,8474.1875,0.3125
8.835504150390648,3.463718354701996,0.0,32.4875,54221.1875,11494.0625,0.0
8.178544616699241,3.565037965774536,0.0,25.66,47407.9375,12217.3125,0.0
7.708222961425804,3.2950339317321777,1.9891736525711086,40.0875,62275.3125,10814.6875,412.375
8.683839416503929,3.497586190700531,120.5273122829861,47.7,69555.25,8933.125,5423.6875
9.253640747070335,3.169828176498413,113.92243815104166,49.5725,67959.125,6588.3125,2929.6875
7.57972106933596,2.710741639137268,2.7933817509147856,55.865,68594.0625,7055.9375,0.25
6.598329162597679,2.8709805607795715,0.0,39.945,54685.3125,7378.5625,0.0
6.239106750488304,2.8355568647384644,0.0,34.565,48416.5,6546.5625,0.0
6.088723754882835,2.764649212360382,2.369501245038377,49.227500000000006,62909.5625,5978.6875,466.1875
7.3650375366211165,3.043853521347046,122.21014865451389,56.144999999999996,69915.0,4213.875,4953.0625
8.147805786132835,2.7996259331703186,117.30004557291666,57.795,68654.125,3667.6875,2381.8125
6.934594726562523,2.0497016310691833,2.4007749768098194,70.6675,68257.0625,3251.875,0.25
6.184045410156273,1.9595068097114563,0.0,42.870000000000005,54818.5625,2884.3125,0.0
5.489228820800804,2.1751880645751953,0.0,33.75,48031.5,3570.4375,0.0
5.081658935546898,2.5900739431381226,2.5220383001139597,44.332499999999996,62995.6875,6389.3125,847.5625
7.038392639160179,3.770014762878418,156.34031141493057,46.5925,70485.3125,10615.875,9353.125
8.636720275878929,4.236628711223602,139.99246310763888,46.4225,69757.6875,16173.5625,3459.125
7.3546310424804915,3.8831552267074585,2.485370639910301,47.765,70203.5625,20285.3125,0.125
6.331277465820335,3.441468358039856,0.0,35.87,56019.0625,16265.0,0.0
5.3303695678711165,3.0450620651245117,0.0,32.4975,49319.3125,13131.3125,0.0
4.4122482299804915,2.8106346130371094,1.959701605902778,46.5925,63096.9375,9601.6875,369.875
6.11341247558596,2.6249589920043945,138.5516775173611,54.2375,69470.625,4368.9375,5421.875
7.7068649291992415,2.277527868747711,128.887451171875,53.004999999999995,66990.75,2444.0,2496.875
6.173097229003929,2.304671049118042,1.9657850792010625,56.339999999999996,65782.75,3148.25,0.0625
5.313836669921898,2.2410255074501038,0.0,42.52,53018.8125,2818.6875,0.0
4.9060836791992415,2.445214807987213,0.0,37.932500000000005,45060.4375,3457.0625,0.0
4.717645263671898,2.757161855697632,0.9587755669487847,39.82,49183.25,5076.9375,228.1875
5.462335205078148,3.3325921297073364,108.71345377604166,43.1725,58442.625,6098.5,4279.3125
6.5150009155273665,3.6266453862190247,127.21571831597223,41.3625,56245.0,7288.125,3059.625
4.897515869140648,2.941265344619751,2.5516612784502404,48.0375,58867.375,10280.875,0.125
3.2006393432617415,2.7601175904273987,0.0,38.565,49399.25,8963.75,0.0
1.9399353027343977,2.524882137775421,0.0,34.6275,42943.375,6890.375,0.0
1.1662536621093977,2.31982421875,1.997992892795139,36.4125,43890.5625,5421.4375,670.0
3.4377685546875227,2.1312278509140015,177.06081054687502,39.115,52516.0,3342.0625,9995.8125
5.7689071655273665,1.8338532745838165,198.16378038194443,41.31,51460.5625,3093.1875,5178.5
3.3215118408203352,2.165242075920105,2.79741943359375,52.195,56297.6875,6176.75,0.0625
2.1592269897461165,2.5992016196250916,0.0,41.6975,49862.0,8500.8125,0.0
1.481477355957054,2.8903806805610657,0.0,35.3875,45702.875,9882.375,0.0
1.189485168457054,3.3719433546066284,1.6036500379774306,44.6725,62760.1875,12469.5,336.8125
2.4683624267578352,4.2830506563186646,156.3529416232639,47.8175,71865.0625,16119.5625,6049.75
4.12922058105471,4.639927864074707,178.80275716145835,44.7875,71715.6875,19627.4375,3239.1875
3.406221008300804,4.893574953079224,1.7176790364583334,42.3225,72173.125,25187.75,0.25
3.404420471191429,4.769339919090271,0.0,30.459999999999997,58784.0,23714.5,0.0
3.4524932861328352,4.72068178653717,0.0,30.88,51385.5,23447.4375,0.0
3.627839660644554,4.823937773704529,0.9733527289496527,41.575,65480.0625,24962.6875,345.3125
4.824548339843773,5.3295546770095825,121.54801215277777,41.985,73243.5625,23038.5,5778.375
5.868875122070335,4.700499415397644,118.94420030381946,48.11,71652.8125,19420.0,2823.5625
4.4385848999023665,3.880792200565338,1.7471587456597222,53.69,71693.9375,20785.5,0.25
3.4507308959961165,3.799000918865204,0.0,37.7375,58020.0,19161.4375,0.0
2.8242431640625227,3.608560800552368,0.0,34.995,50905.625,18342.625,0.0
2.568330383300804,3.6106308102607727,0.7345461697048611,44.1375,64309.0625,17633.5,302.875
3.9081588745117415,4.146025836467743,113.34542860243056,50.31,71061.6875,14859.9375,4791.0
5.193177795410179,4.154064774513245,97.80673285590278,58.2575,69792.0625,13023.1875,2290.0625
4.465615844726585,3.5401516556739807,1.175324978298611,55.6125,69674.125,12851.3125,0.1875
3.694581604003929,3.3076605200767517,0.0,40.065,56374.125,11149.9375,0.0
2.858155822753929,3.126169979572296,0.0,36.375,49442.9375,9070.25,0.0
2.0975738525390852,3.28814834356308,1.4063818359375,47.3775,63361.625,11865.9375,772.4375
4.229058837890648,3.583026885986328,172.74058268229166,48.2325,70204.0625,9274.1875,11247.8125
6.190408325195335,3.640853464603424,171.9396853298611,53.6475,68567.6875,10101.9375,5425.5
4.287088012695335,4.2186877727508545,1.5054770236545139,48.7775,70443.4375,22758.75,0.0625
3.4772735595703352,4.461512088775635,0.0,35.542500000000004,58464.5625,24439.5625,0.0
3.2888122558593977,4.997414231300354,0.0,26.8175,51930.875,28158.75,0.0
3.7796875000000227,5.643744468688965,0.8557124837239584,36.2025,66301.0625,30668.3125,318.625
5.478738403320335,5.548686861991882,103.61284288194446,35.535,72677.5625,24424.25,3848.8125
6.9586044311523665,4.55556321144104,104.751572265625,44.0225,69419.5625,16890.4375,1864.125
6.097962951660179,3.5698782801628113,1.0215402560763889,46.79,68059.75,12100.1875,0.0625
5.4413619995117415,2.7625452876091003,0.0,39.864999999999995,54786.5625,5768.1875,0.0
5.0455795288086165,2.589063882827759,0.0,37.0275,46779.375,4939.625,0.0
4.642327880859398,2.4466264247894287,0.8084316677517362,39.3475,50442.1875,5672.625,277.1875
5.6403366088867415,3.108808696269989,108.32499240451389,41.3775,60116.0,11771.625,4683.4375
6.608148193359398,3.933227300643921,124.20690212673611,37.1875,58567.8125,18399.25,2918.1875
4.59125671386721,4.023006081581116,1.3747243923611112,39.84,61291.6875,22638.0625,0.125
3.3210083007812727,3.8275596499443054,0.0,31.83,51348.25,18766.0,0.0
2.7133270263672102,3.3670181035995483,0.0,31.91,44178.25,14393.6875,0.0
2.5042282104492415,3.1871176958084106,0.4766056315104167,34.2425,44524.3125,10613.8125,161.375
4.091455078125023,3.19521826505661,92.90937337239583,39.86,54127.4375,8568.1875,3381.625
6.001382446289085,3.528291165828705,84.75141764322916,39.8225,54583.25,10538.125,1534.125
6.0249801635742415,4.227897047996521,0.510332268608941,42.0525,58683.5625,15368.1875,0.0
6.076989746093773,4.17449426651001,0.0,31.9475,51733.625,16115.625,0.0
5.893922424316429,3.8189305663108826,0.0,27.994999999999997,46619.75,15443.1875,0.0
5.6781173706054915,3.6458126306533813,0.4043475680881076,43.9125,63145.4375,12620.625,171.6875
6.0657516479492415,3.786310851573944,65.7202316623264,49.1925,71855.5,9938.8125,4407.0
6.401551818847679,4.029655337333679,77.51348253038195,52.3125,71257.4375,12682.25,2657.8125
5.180947875976585,4.328108787536621,0.6426581488715277,44.0325,72034.9375,22390.9375,0.25
4.366983032226585,4.952486872673035,0.0,31.4725,59757.5625,29167.375,0.0
4.131402587890648,5.120439648628235,0.0,25.975,53177.125,30642.0,0.0
4.003778076171898,4.645633697509766,0.5777622477213542,39.86,68034.0,27072.5625,352.875
5.27955017089846,4.131968379020691,106.21421712239584,41.855000000000004,74642.125,18086.5625,6268.1875
6.3715988159179915,3.454250156879425,112.16410373263889,58.540000000000006,71637.625,10825.375,2572.75
4.6851669311523665,2.5983786582946777,0.8610132514105903,71.7675,70737.6875,6249.0625,0.25
3.4732299804687727,2.040329337120056,0.0,43.685,57188.5,2527.25,0.0
2.748475646972679,1.7807722687721255,0.0,39.7125,49952.25,969.5625,0.0
2.436219787597679,1.632989525794983,0.361596442328559,55.495000000000005,63251.5,1282.4375,144.0625
3.1899200439453352,1.7588358223438263,92.27919759114583,61.6875,71325.3125,1300.375,3330.8125
4.248681640625023,1.8381814062595367,87.93544270833333,60.7125,70068.625,1105.25,1710.4375
3.6451202392578352,2.0316118597984314,0.7230533854166666,61.1,69670.25,2317.0625,0.25
3.3438049316406477,2.1628376841545105,0.0,40.775,57148.625,2406.375,0.0
3.2669311523437727,2.132881999015808,0.0,37.675,50327.625,2306.125,0.0
3.5579010009765852,2.2214125394821167,0.16130194769965278,50.4825,64341.3125,3467.25,92.375
4.7428146362304915,2.5607758164405823,63.73903076171875,58.37,71311.5625,4558.1875,2837.6875
6.178948974609398,2.733744263648987,80.96847113715278,58.35,70392.9375,6039.0,1636.25
5.738336181640648,2.8401753902435303,0.8143214246961805,55.735,70855.75,9210.4375,0.0625
5.2696395874023665,2.8655576705932617,0.0,39.075,58335.25,8417.875,0.0
4.8972335815429915,2.916189968585968,0.0,35.495,51174.125,8346.5625,0.0
4.651605224609398,2.9929826259613037,0.3456553480360243,45.8375,65240.3125,9503.25,157.875
5.658349609375023,3.2997880578041077,110.37214355468751,49.942499999999995,71926.3125,8379.0625,4632.1875
6.926126098632835,3.4702669382095337,131.80160264756944,48.8875,68836.9375,8801.75,2491.25
5.636453247070335,3.8292101621627808,0.9007303873697917,44.5075,68844.375,16247.625,0.0625
4.965486145019554,4.1409395933151245,0.0,36.0625,56671.375,19458.625,0.0
4.750772094726585,4.598673224449158,0.0,25.1125,48938.25,23576.8125,0.0
4.717622375488304,5.0428712368011475,0.33115180121527776,28.134999999999998,52757.5625,28168.3125,436.0625
6.4550949096679915,5.2077600955963135,117.26169704861111,30.275,60769.1875,25966.6875,8245.625
8.155740356445335,5.181770205497742,127.64025933159722,34.07,58577.875,26170.125,3007.6875
6.793374633789085,4.9815486669540405,0.6954954698350695,36.555,60767.6875,27573.6875,0.125
5.63556823730471,4.353390216827393,0.0,24.535,51141.1875,23770.0625,0.0
4.790277099609398,4.070832967758179,0.0,14.395,44493.875,21409.3125,0.0
4.1562667846679915,3.809990406036377,0.30063741048177084,20.6475,45270.125,18258.0625,310.625
5.4347091674804915,3.4464621543884277,134.29446506076388,37.870000000000005,53853.8125,12312.75,5981.1875
7.049836730957054,3.0053957104682922,148.5466872829861,41.625,52709.1875,8463.9375,3062.125
5.1064926147461165,2.89907443523407,0.7118008083767361,50.46,57077.75,7595.1875,0.1875
4.087670898437523,2.350146770477295,0.0,42.082499999999996,49664.8125,4054.6875,0.0
3.742593383789085,1.998376876115799,0.0,35.775,45362.4375,2230.625,0.0
3.7495285034179915,2.1365251541137695,0.18470987955729168,51.6575,62122.5,2464.375,119.4375
4.5671554565429915,2.1178247034549713,74.83271375868055,58.1875,71147.125,1907.375,2333.875
5.499818420410179,1.9981704354286194,85.04577311197916,58.32,70369.25,1467.625,1004.6875
4.932031250000023,2.3544593453407288,0.5065271674262153,58.7025,69693.625,2958.125,0.25
4.675080871582054,2.575239896774292,0.0,44.295,56813.75,4708.1875,0.0
4.65308532714846,2.767489194869995,0.0,36.629999999999995,49644.875,5874.4375,0.0
4.918855285644554,3.06819087266922,0.13822725931803384,47.8625,64793.1875,8516.25,108.0
6.179559326171898,3.3827913999557495,70.03585991753472,54.082499999999996,71985.0625,9269.9375,3502.8125
7.771485900878929,3.3498549461364746,85.31794921875,52.587500000000006,70947.0625,8850.3125,1873.5625
7.148461914062523,3.504746437072754,0.4981497531467014,52.37,71352.5625,12688.8125,0.25
6.837129211425804,3.489903151988983,0.0,39.9375,57860.5625,14152.5625,0.0
6.516656494140648,3.716525614261627,0.0,32.51,50064.375,14322.9375,0.0
6.463410949707054,4.2491583824157715,0.1315780300564236,44.489999999999995,65711.6875,17824.25,70.0
7.3278976440429915,4.834504723548889,60.39009494357639,44.5775,75165.5,22382.375,2092.75
8.415513610839866,4.794828534126282,70.86758572048612,43.55,73777.4375,21948.0625,1852.4375
7.966088867187523,5.056463718414307,0.3289973958333333,40.8525,73204.75,28241.625,0.1875
7.988221740722679,5.591139316558838,0.0,28.2775,59284.8125,31978.375,0.0
8.111184692382835,5.827136278152466,0.0,10.06,52059.6875,33506.9375,0.0
8.137284851074241,6.115449666976929,0.13211275736490885,31.9675,67143.0625,35980.0,140.875
8.922196960449241,6.186779618263245,77.1771484375,37.865,74375.1875,34886.375,4192.3125
9.379281616210962,6.355579972267151,86.92064290364584,36.305,73881.8125,37464.375,1767.5625
8.461015319824241,6.276930928230286,0.3050198703342014,39.28,72753.5625,37414.875,0.1875
7.92878112792971,6.285513520240784,0.0,27.12,59240.875,34778.5625,0.0
7.18616638183596,6.159087896347046,0.0,18.705,51676.625,32060.0,0.0625
5.944146728515648,5.980617165565491,0.07636927286783853,39.582499999999996,66362.5,30985.5,158.1875
5.752526855468773,5.896035552024841,88.83258843315973,42.2625,72639.25,28823.375,5077.1875
5.698709106445335,5.651713490486145,98.75175455729166,48.3275,69691.5625,25094.125,2247.5625
3.945008850097679,4.583203911781311,0.339397447374132,53.6325,68886.125,21146.6875,0.0625
2.6052642822265852,3.7224367260932922,0.0,41.0625,56225.0,16148.75,0.0
1.811830139160179,3.3696757555007935,0.0,35.682500000000005,48062.0625,12682.125,0.0
1.2578063964843977,3.1727688908576965,0.10073428683810765,38.4875,50804.5625,11254.9375,198.1875
2.7272125244140852,3.0854082107543945,122.01788140190972,43.3875,57990.375,6645.75,7554.6875
4.413491821289085,2.8713144063949585,132.77550455729167,43.480000000000004,55983.6875,5074.125,3814.0
2.0528427124023665,2.6344629526138306,0.5101772732204861,50.84,58678.375,6897.8125,0.125
0.6760650634765851,2.5030941367149353,0.0,40.76,49844.0,6481.125,0.0
0.12404022216799147,2.526906907558441,0.0,36.28,43179.4375,6177.5625,0.0
-0.0411590576171647,2.6287105679512024,0.09356970045301648,36.9575,47533.375,7166.625,119.75
1.0184417724609602,2.6592118740081787,78.44378038194445,45.76,54787.1875,5327.1875,3677.4375
2.3068328857422102,2.4739739298820496,84.31161349826388,45.8075,54000.25,3667.6875,1477.6875
1.7096343994140852,2.450011730194092,0.21140365600585936,50.0825,57360.4375,4921.375,0.0
1.4820800781250227,2.5246031284332275,0.0,39.17,50753.4375,6659.9375,0.0
1.3037200927734602,3.0239089131355286,0.0,35.5475,45556.375,12020.0,0.0
1.191133117675804,3.555630385875702,0.03966288672553168,47.1725,61891.5625,16024.9375,103.9375
2.3478256225586165,4.326384484767914,96.76056450737848,46.385000000000005,70855.5625,16873.1875,5050.1875
3.791658020019554,4.4747549295425415,110.84021213107638,49.6875,70680.0,16087.375,2467.8125
2.8676391601562727,3.8962038159370422,0.3842061360677083,55.585,69637.8125,14895.4375,0.3125
2.3975082397461165,3.2159948348999023,0.0,43.7475,57110.0,9999.4375,0.0
1.908418273925804,2.749572992324829,0.0,39.307500000000005,51066.5,6587.0,0.0
1.6472640991211165,2.5131980776786804,0.0430417505900065,60.4075,65292.8125,5740.75,126.6875
2.9767623901367415,2.9214247465133667,78.8565793185764,61.510000000000005,72258.5625,9335.8125,5280.75
4.604211425781273,3.304744303226471,84.75361490885417,57.315,71564.625,12613.3125,2977.4375
3.4728942871093977,3.506934642791748,0.38214474148220484,50.3,72979.4375,16124.25,0.25
2.7050109863281477,3.8093472123146057,0.0,37.9975,60131.625,18933.1875,0.0
1.8500228881836165,3.5890305042266846,0.0,35.6725,52741.5,16222.5625,0.0
1.076295471191429,3.405759632587433,0.05812263912624783,47.089999999999996,66717.125,13038.5625,260.75
2.507173156738304,3.4723904132843018,113.81043294270833,46.6525,72174.375,10349.25,9258.0
4.450410461425804,3.269226908683777,136.138369140625,55.9975,71092.0,9502.25,4863.9375
1.926393127441429,3.0605178475379944,0.4349743313259549,60.9225,72264.5,10998.125,0.1875
0.466706848144554,2.8947784304618835,0.0,41.615,60314.75,10616.625,0.0
-0.4305480957031022,2.918966293334961,0.0,35.725,53278.625,11276.625,0.0
-0.9925598144531023,3.069459319114685,0.045506150987413174,49.06,67327.9375,13543.8125,201.4375
0.6990447998047102,3.3884077072143555,128.60538953993057,45.214999999999996,73365.3125,13308.3125,7740.8125
2.5002838134765852,3.713709592819214,141.04052408854167,47.5875,72755.8125,16238.5625,3414.5
0.8813644409179915,4.529475092887878,0.3792695787217882,41.115,74549.3125,25960.9375,0.0625
0.38795623779299143,5.350722074508667,0.0,29.45,62189.0625,29590.875,0.0
0.5032745361328352,5.996070981025696,0.0,19.134999999999998,55506.75,31204.5,0.0
1.014314270019554,6.138675212860107,0.0383338165283203,33.735,68747.0625,32425.8125,145.0
2.4394393920898665,5.978591561317444,77.28080539279513,38.215,75342.75,33895.9375,5078.875
4.066857910156273,6.157056450843811,83.123056640625,37.5375,73110.125,36119.3125,2454.1875
3.8993087768554915,6.41171658039093,0.2448357984754774,34.695,72104.5625,39959.8125,0.0625
4.586175537109398,6.492524743080139,0.0,20.622500000000002,59757.4375,40288.5625,0.0
5.668428039550804,6.782495617866516,0.0,-1.98,51452.9375,40417.3125,0.0
6.6246810913086165,6.656615257263184,0.0102450837029351,12.6625,54596.3125,39665.4375,64.875
7.433145141601585,6.154006719589233,45.80090725368924,34.815,62980.625,36270.375,3098.9375
7.914857482910179,5.6963160037994385,64.69244791666667,36.3775,60538.375,31573.0,1507.4375
7.130838012695335,5.188440799713135,0.1436404079861111,39.7775,61538.9375,30490.0,0.125
6.874116516113304,5.264914035797119,0.0,24.52,51601.25,31847.0,0.0
6.7743698120117415,5.835204482078552,0.0,-16.6675,44707.4375,32606.6875,0.0
6.850701904296898,6.951934576034546,0.022613580491807724,-50.05,48605.375,36256.5625,131.25
7.944970703125023,7.613970041275024,60.344033203124994,-39.4125,58993.8125,40367.4375,4130.375
9.028855895996116,7.710780382156372,62.77889105902778,0.5975,58335.5625,42579.5,1634.25
8.153565979003929,7.073285102844238,0.13691368950737848,10.4375,60108.75,40701.6875,0.0
7.312165832519554,6.646548628807068,0.0,-6.3149999999999995,53208.0625,36828.5,0.0
6.5596176147461165,6.64794659614563,0.0,-14.735,49195.375,35131.0,0.0
5.94251403808596,6.585585713386536,0.011922890345255526,24.985,65373.9375,35409.5,106.375
6.3500839233398665,5.765249848365784,79.66331434461806,39.7475,72934.25,29679.5625,5132.0
6.741082763671898,5.554914593696594,83.93883029513889,39.9125,72008.125,24962.875,1966.125
5.622224426269554,5.697103261947632,0.15434273613823785,36.7375,71888.875,29415.0,0.25
4.711465454101585,5.771564841270447,0.0,22.825,59270.0,32508.6875,0.0
3.556947326660179,5.272140026092529,0.0,27.7775,52617.125,27655.625,0.0625
2.4319015502929915,4.271030783653259,0.0087842681672838,47.775,66021.1875,17522.3125,148.875
2.9600769042968977,3.7804304361343384,105.81353190104167,50.792500000000004,71624.625,12576.625,7231.25
4.086480712890648,4.114838242530823,120.72390028211805,46.455,71241.875,16670.375,3541.75
1.928590393066429,4.663955092430115,0.2994090779622396,40.08,74218.0,28315.125,0.25
1.3200851440429915,5.528209209442139,0.0,26.12,62223.0,34463.0625,0.0
1.3421188354492415,5.892000794410706,0.0,5.85,54760.6875,33798.4375,0.0
1.2130065917968977,5.084286332130432,0.0143524169921875,34.275000000000006,68249.375,26503.0,144.4375
2.233766174316429,4.22878485918045,65.57727756076389,46.7625,74854.6875,16276.5,3765.875
3.1297393798828352,3.7007808089256287,66.20555013020834,51.94,73286.5625,10371.625,1372.8125
2.1591354370117415,3.555485427379608,0.09517388237847223,54.625,72082.75,10526.875,0.1875
1.8194137573242413,3.450149893760681,0.0,40.0525,58780.75,11241.4375,0.0
1.7383895874023665,3.4399253726005554,0.0,35.17,51657.0625,11733.125,0.0
1.8974319458008038,3.624652624130249,0.005847137239244225,51.305,65912.1875,12242.125,34.75
2.6298614501953352,4.078964531421661,54.60049750434028,53.1975,73433.75,13280.625,2379.875
3.3903442382812727,4.16238409280777,85.61772677951389,47.71,72033.125,14475.125,1505.1875
2.293458557128929,4.219640135765076,0.2922406344943577,44.705,72456.375,21591.5,0.0625
1.438386535644554,4.8461116552352905,0.0,33.5275,60687.4375,27909.625,0.0
0.9634262084961165,5.701145172119141,0.0,19.6425,53968.5625,32004.875,0.0
0.9410186767578352,5.852654933929443,0.0074125740263197,35.3675,67347.75,30922.8125,72.5625
1.695832824707054,5.430393099784851,66.65311360677083,42.57,73978.125,23408.625,2829.4375
2.5837493896484602,5.23329484462738,66.0212082248264,43.1625,69913.8125,17413.9375,1255.6875
2.5674072265625227,4.938510179519653,0.15849656846788193,44.915,68013.0,16328.0625,0.0625
2.9175888061523665,4.8209521770477295,0.0,34.975,55805.9375,19295.9375,0.0
3.2099853515625227,5.268760085105896,0.0,26.0325,47824.0,25021.125,0.0
3.4872375488281477,5.79475462436676,0.0068662208980984,25.1725,51980.1875,28541.5,32.5
4.5861373901367415,6.819269895553589,59.349673936631945,27.884999999999998,61909.125,35279.25,3297.1875
5.61853942871096,7.522464036941528,90.59560275607639,18.009999999999998,61788.0625,40796.5,2071.4375
5.366670227050804,7.383558750152588,0.16389034695095486,24.1325,62728.625,42319.0625,0.125
5.087182617187523,6.718565583229065,0.0,9.625,53757.875,38929.5625,0.0
4.791055297851585,5.597612619400024,0.0,2.48,45393.5625,30951.0,0.0
5.485162353515648,6.587091684341431,0.0049791728125678,-2.2925,48314.8125,37313.125,79.375
7.33234558105471,7.522343277931213,64.52204793294271,3.365,57601.25,41311.3125,4602.875
8.305802917480491,7.021036982536316,92.77922960069445,15.825,56508.0,37994.75,2154.9375
6.7628646850586165,5.935824751853943,0.15924828423394097,33.6975,59972.625,36019.9375,0.0
5.888833618164085,4.9729920625686646,0.0,30.2975,52464.875,29786.5625,0.0
5.1120162963867415,4.3377615213394165,0.0,29.9425,46521.3125,24401.4375,0.0
4.986016845703148,4.309166431427002,0.00430495023727415,41.3475,62799.4375,23790.6875,76.9375
6.375978088378929,4.307642102241516,72.94094346788194,41.7875,70937.625,20365.0,4498.625
8.156251525878929,3.7123063802719116,89.77548122829862,47.0225,69262.5,14617.125,2315.1875
6.7435775756836165,3.5083670616149902,0.3019354926215278,49.019999999999996,68883.875,15012.0625,0.25
5.876016235351585,3.1757023334503174,0.0,36.7225,55436.875,12560.875,0.0
5.73572692871096,3.167028069496155,0.0,30.2475,47413.0,14264.25,0.0
6.011506652832054,3.6004005670547485,0.00210016462537975,40.165,62920.1875,19386.3125,68.1875
7.898370361328148,4.011247098445892,85.2165855577257,39.9025,69448.9375,20781.3125,5503.0
10.242028808593773,4.091169595718384,104.78923665364583,40.935,68084.125,22800.6875,2510.125
9.095559692382835,4.431049466133118,0.24635474310980904,38.0875,69688.4375,28884.0625,0.25
8.618714904785179,4.824698805809021,0.0,28.2675,56513.0625,31265.75,0.0
7.971658325195335,5.013943910598755,0.0,26.5425,48647.0,31086.9375,0.0
7.013063049316429,4.308825850486755,0.002324905660417325,38.97,63110.0,22970.0,53.9375
7.434747314453148,3.637959361076355,82.04233344184027,46.195,69402.0625,12740.5625,4431.5625
8.656488037109398,2.922429382801056,106.63579481336805,48.385,66649.5,7328.75,2863.9375
5.974732971191429,2.8592671155929565,0.3319732666015625,48.835,67423.1875,10467.25,0.1875
4.524331665039085,3.1798741817474365,0.0,34.08,54980.5625,17650.9375,0.0
4.037347412109398,3.58216255903244,0.0,25.975,48368.9375,23846.75,0.0
4.222444152832054,3.9131746888160706,0.001666182279586775,35.4375,62341.1875,25946.4375,76.375
5.941888427734398,4.142308473587036,88.29241427951388,38.01,68105.5625,21843.1875,6672.0625
8.394197082519554,3.9680389165878296,115.27442491319444,38.65,65666.875,19353.875,3638.5625
6.793237304687523,4.179598331451416,0.35543155246310765,38.715,66909.75,24889.6875,0.0625
6.104577636718773,4.132373094558716,0.0,30.455000000000002,53984.9375,23587.375,0.0
5.530801391601585,4.181365132331848,0.0,23.2125,46375.1875,23889.375,0.0
4.98798522949221,4.4583317041397095,0.001181826988855975,29.98,59302.9375,28057.875,126.75
6.710198974609398,4.95163357257843,76.30857421875001,30.4725,65383.0625,28658.8125,5116.0625
8.87037048339846,4.926997542381287,75.36593451605903,29.4075,63127.8125,28416.8125,1570.25
8.323022460937523,4.777707815170288,0.0949336412217882,36.445,62508.375,28462.75,0.0625
7.521447753906273,4.4364495277404785,0.0,24.807499999999997,50674.9375,25464.0,0.0
6.682962036132835,4.337116599082947,0.0,10.145,43235.875,24203.25,0.0
5.620698547363304,3.706510365009308,0.000802092419730275,23.225,47155.25,18849.625,58.0625
5.932824707031273,3.460574984550476,81.1426751030816,35.975,55751.75,15168.5625,5050.125
6.955537414550804,3.494503617286682,98.10602105034721,37.245000000000005,54745.3125,13809.125,2585.25
5.27405700683596,3.5466878414154053,0.3150557115342882,37.215,57211.5,18293.6875,0.125
4.18287048339846,3.4818413257598877,0.0,24.92,47863.1875,17229.75,0.0
3.7171417236328352,3.875411033630371,0.0,7.59,41741.3125,19079.8125,0.0
3.7405487060547102,3.9196080565452576,0.000999709367752075,15.845,42469.0,17464.0,30.875
4.545434570312523,3.957566559314728,48.672588975694445,35.955,52003.9375,14748.125,2580.875
5.842218017578148,4.2328914403915405,52.53816189236112,37.6275,51802.0625,14162.875,1255.5625
5.625611877441429,4.628990292549133,0.19130098130967882,37.6125,54375.6875,18586.8125,0.0
5.581658935546898,4.733380436897278,0.0,21.337500000000002,47303.8125,21464.5625,0.0
5.572633361816429,4.902455687522888,0.0,-4.324999999999999,41036.8125,25300.25,0.0
5.6781478881836165,5.2049641609191895,0.0004611062672403,22.65,49431.9375,25933.3125,23.6875
6.153375244140648,5.246325850486755,45.10621032714844,35.0425,57898.375,25390.125,2523.75
6.762506103515648,5.42093288898468,71.28390516493056,35.3125,57449.6875,24028.75,1483.5
6.108056640625023,4.963430762290955,0.275330810546875,38.9525,58590.25,25595.625,0.3125
5.7848373413086165,4.932873606681824,0.0,17.7225,48035.9375,26611.75,0.0
5.479226684570335,4.908308029174805,0.0,-5.155,40303.25,23052.8125,0.0
5.0626693725586165,4.713325500488281,0.00038360940085515,8.845,44346.25,21122.9375,76.0625
5.436891174316429,4.5356632471084595,54.014848225911464,30.4875,53616.5625,17894.5625,3369.875
6.263696289062523,4.274212718009949,58.31488986545139,35.415,51560.5,16935.0625,1160.1875
5.957398986816429,4.29944384098053,0.2621098497178819,34.73,50146.3125,18546.3125,0.3125
5.9760604858398665,3.9911542534828186,0.0,24.4075,43486.25,16521.75,0.0
5.92414245605471,3.826544165611267,0.0,14.342500000000001,37326.5,13850.8125,0.0
5.753358459472679,4.005646646022797,0.0004301075140635,17.7575,38846.1875,12868.625,18.0
5.729554748535179,4.2582619190216064,43.42058342827691,32.115,49594.25,12773.875,2002.625
5.842691040039085,4.376081347465515,70.92813368055556,32.9825,47080.3125,12692.0625,1248.125
4.986718750000023,3.6611127853393555,0.34095513237847225,35.5525,49215.0,10917.0625,0.3125
4.301232910156273,3.4034141302108765,0.0,31.9925,43883.375,10579.25,0.0
3.6615692138672102,3.1367413997650146,0.0,26.15,37948.5,9522.625,0.0
3.1063934326172102,2.8035544753074646,0.000371984872553075,28.0725,39144.125,6552.75,39.75
3.7255493164062727,2.730479061603546,66.43976345486111,35.205,47894.6875,5022.125,4535.875
4.595559692382835,2.4300270080566406,84.59716417100694,37.5175,47029.75,3244.5625,2154.8125
3.4180236816406477,2.2484607100486755,0.2816313171386719,40.8375,49186.0625,4014.3125,0.0625
3.085084533691429,2.61173278093338,0.0,34.7875,43865.9375,4933.375,0.0
2.938172912597679,2.67898690700531,0.0,29.145,38424.25,5553.3125,0.0
2.685487365722679,2.8046274185180664,0.00036423520909415,35.3925,44935.875,8002.5,18.4375
3.1008163452148665,3.137436628341675,52.15361070421007,40.155,53777.9375,6585.3125,3269.75
3.6745239257812727,3.1538702845573425,70.69321940104167,43.5675,53857.875,5051.625,1780.8125
2.4856201171875227,2.7774566411972046,0.2454092746310764,44.4425,55889.125,5639.25,0.0625
1.4382568359375225,2.7656142711639404,0.0,33.947500000000005,46777.3125,5777.25,0.0
0.5256820678711165,2.4580718874931335,0.0,28.915,40671.5,4525.375,0.0
-0.30210723876950846,2.5801769495010376,0.000294488039281625,30.71,43485.0625,5322.25,59.125
0.21340332031252274,2.684549868106842,79.59868218315972,35.545,51313.3125,5308.5625,5807.875
1.1736618041992415,2.80901437997818,101.21191569010416,36.1025,51416.3125,5662.6875,3028.875
-0.08829345703122726,2.713030993938446,0.5669747246636285,41.8625,54838.125,8045.75,0.125
-0.9278396606445085,2.8746731281280518,0.0,32.7275,47186.0625,11088.875,0.0
-1.954771423339821,2.8544695377349854,0.0,24.71,40899.75,10574.875,0.0
-2.4812225341796648,2.896046459674835,0.0003991087940004,24.1625,41248.75,11853.0625,111.1875
-0.819761657714821,3.1429641246795654,99.88084391276041,30.9,48983.0625,12307.9375,8696.75
1.5703063964843975,3.18511563539505,126.7170920138889,32.06,48992.3125,13040.625,4729.9375
0.489350891113304,3.519064247608185,0.6549258761935765,39.6075,53422.5,18602.25,0.0625
0.14721832275392896,3.7798906564712524,0.0,24.675,47842.375,21758.25,0.0
0.24614105224611643,4.009441554546356,0.0,6.0525,42743.125,23965.9375,0.0
0.6667877197265852,4.253615379333496,0.0003797345691257,26.4375,49113.3125,26753.5,94.6875
2.6940093994140852,4.406411051750183,100.52727945963542,29.55,55972.6875,27173.875,8027.5
5.477777099609398,4.50611424446106,139.34697374131946,32.75,55196.125,26705.1875,4924.8125
3.673310852050804,4.632519960403442,0.7273389350043403,34.925,59154.8125,31995.1875,0.375
2.9227462768554915,4.5728760957717896,0.0,26.955,50026.75,31291.4375,0.0
2.681703186035179,4.724568009376526,0.0,12.4775,42865.0625,29754.4375,0.0
2.5196395874023665,4.784860372543335,0.000309987399313175,26.400000000000002,45347.25,25925.6875,106.5
3.5402084350586165,4.163224101066589,86.48025933159722,37.5575,52933.125,19666.6875,6201.5625
5.053155517578148,3.511705696582794,115.22135850694444,39.44,51999.625,13904.5625,2735.875
3.1963745117187727,3.0269148349761963,0.6820575629340278,45.4975,52745.3125,9980.1875,0.3125
1.753907775878929,2.5982969999313354,0.0,39.472500000000004,45604.125,7082.3125,0.0
0.5627685546875227,2.607223093509674,0.0,34.58,41151.6875,7442.0,0.0
-0.3210891723632585,2.718088209629059,0.000360360344250975,30.240000000000002,39654.75,7492.875,91.75
0.587770080566429,2.9011629223823547,95.34123155381944,30.5625,45394.5625,7383.625,7518.625
2.491578674316429,2.8564388751983643,141.78055772569445,32.22,47300.375,7715.0,4874.1875
0.1706176757812728,3.151605486869812,0.8912835693359376,42.7625,52518.375,12535.1875,0.3125
-1.0916580200195085,3.0741294622421265,0.0,37.8,46677.0,12874.5,0.0
-1.705961608886696,3.114243745803833,0.0,29.9225,42373.1875,11770.5,0.0
-2.0041717529296648,3.401045858860016,0.00043398237890665,37.4675,52047.125,13413.9375,106.375
-0.193785095214821,3.6205009818077087,94.24927680121527,45.269999999999996,61345.875,14357.375,6473.6875
2.0915466308593977,3.7515413761138916,121.54989583333334,44.55,61112.0,15140.0625,3297.875
0.9436889648437726,4.314891576766968,0.6459672715928819,44.3375,63717.875,21850.3125,0.0625
1.157441711425804,4.746268630027771,0.0,28.185,53593.4375,24978.25,0.0
1.8472229003906477,5.119568586349487,0.0,3.8899999999999997,47277.8125,28712.0625,0.0
2.6028305053711165,5.479255557060242,0.00044560690720875,22.4725,55546.625,33013.4375,62.75
4.01099548339846,5.510228395462036,51.936271565755206,31.9675,64200.5,33007.8125,3142.9375
5.688623046875023,5.537999153137207,58.49093098958333,38.089999999999996,63033.0625,32845.125,1268.875
5.755403137207054,5.738889813423157,0.34259033203125,36.019999999999996,63107.625,35021.6875,0.0625
5.320825195312523,5.709318161010742,0.0,24.585,52703.8125,32747.75,0.0
4.562432861328148,5.650171518325806,0.0,10.715,45900.9375,29979.3125,0.0
4.0887924194336165,5.824495911598206,0.000247989926073275,9.1875,49163.8125,34550.5,28.875
4.322061157226585,6.512485146522522,41.571177910698786,17.5575,59510.0,39084.5,2224.0
4.510491943359398,6.858437895774841,60.67124294704861,19.155,59595.1875,38853.0,1039.375
3.932435607910179,6.273902177810669,0.4720023261176216,31.5575,60520.5625,32602.375,0.125
3.1719146728515852,4.921866536140442,0.0,36.315,50580.9375,20634.4375,0.0
2.4558197021484602,3.8193870782852173,0.0,30.880000000000003,43341.875,13010.0,0.0
1.701203918457054,3.207379460334778,0.0003797345691257,30.875,42786.9375,10533.5,45.0625
2.4664398193359602,2.951719641685486,69.4951325141059,37.235,51711.4375,9694.125,4195.1875
3.8892913818359602,3.1830036640167236,91.34455891927084,36.625,52368.8125,11587.0,2012.5625
3.0557723999023665,3.322575032711029,0.7635300021701389,43.739999999999995,56464.8125,16512.625,0.0
2.5509735107422102,3.5458836555480957,0.0,32.975,50067.1875,18093.5625,0.0
2.223664855957054,3.5296583771705627,0.0,28.2075,45008.125,17126.25,0.0
1.8449798583984602,3.3708215951919556,0.00042623268233405,37.4525,55260.4375,15148.25,76.8125
2.6574569702148665,3.3589606285095215,74.5088239203559,43.18,63699.625,13544.375,5456.125
4.0914474487304915,3.3658231496810913,119.30010308159721,42.1725,62891.1875,13346.4375,3771.9375
2.2204223632812727,3.6198530197143555,1.3005056423611112,45.5325,65702.0625,18681.1875,0.3125
1.2847610473633038,3.876009464263916,0.0,32.6575,55544.0625,21680.6875,0.0
1.0745407104492415,4.021738290786743,0.0,29.89,50042.0625,21489.5,0.0
1.596009826660179,3.9862518310546875,0.000627724528312675,43.1875,63571.625,19432.6875,30.1875
3.170747375488304,3.8075533509254456,59.072784423828125,49.635,70869.625,13474.5625,2102.75
4.7577377319336165,3.9435691833496094,76.20144205729167,46.7925,70244.5,17042.375,1615.5625
4.180032348632835,4.164630234241486,0.702741427951389,43.325,70825.6875,24067.9375,0.25
3.6281982421875227,4.835203289985657,0.0,27.3625,59031.3125,28684.3125,0.0
3.5412231445312727,5.350587010383606,0.0,1.73,52644.4375,31219.6875,0.0
3.987794494628929,5.387276530265808,0.000612225135167425,27.9625,66161.875,31200.9375,23.6875
5.114236450195335,5.039555907249451,37.542601860894095,37.0525,74225.875,30061.75,1538.0625
6.568826293945335,4.619561791419983,44.43171630859375,46.275,72239.9375,21936.625,894.3125
6.4968124389648665,3.8344892859458923,0.4091756184895833,52.230000000000004,70198.9375,14237.0625,0.1875
6.379235839843773,3.20561820268631,0.0,40.019999999999996,56296.0,9592.125,0.0
6.172708129882835,2.9787495136260986,0.0,31.527500000000003,48490.625,7779.625,0.0
6.200112915039085,3.5390220284461975,0.000418482985761425,41.1475,63559.6875,16215.0,42.1875
7.42945251464846,4.7289769649505615,33.24780754937066,41.5875,72800.8125,28872.625,3490.25
9.19111022949221,5.280155062675476,54.46465494791667,32.525000000000006,71836.0,31569.375,2472.375
8.62134704589846,5.04173469543457,0.7887706841362847,39.4625,71624.0625,28926.625,0.0625
8.105264282226585,4.563655972480774,0.0,29.455,57684.875,22846.5625,0.0
7.461938476562523,4.601947546005249,0.0,26.1225,50295.5625,23110.3125,0.0
6.926057434082054,4.761731743812561,0.00093771192762585,36.6475,64191.875,26194.4375,100.375
7.32355651855471,4.871453166007996,68.84547458224826,34.394999999999996,71729.125,27488.875,5054.4375
7.881166076660179,5.2088987827301025,103.8303515625,30.6675,69361.125,29232.875,2364.75
6.2990585327148665,4.86888062953949,0.993858371310764,45.6725,68973.625,26044.0,0.0625
4.975617980957054,4.1925724148750305,0.0,37.31,55718.25,19513.8125,0.0
3.8788619995117415,3.7638766169548035,0.0,30.8575,47888.6875,16376.1875,0.0
3.2118698120117415,3.410709798336029,0.00061997479862635,31.1375,50272.8125,16978.5,53.25
3.7979522705078352,3.8423173427581787,76.68424994574652,37.9975,59609.0,18125.4375,5500.75
4.952851867675804,4.494897246360779,113.60549479166667,32.215,58777.75,22699.9375,3490.1875
3.3875518798828352,4.669884920120239,1.512746310763889,32.6925,62013.625,28270.0625,0.125
2.154298400878929,4.938143730163574,0.0,23.1875,53293.875,29401.5,0.0
1.5272003173828352,5.003146052360535,0.0,18.5575,46796.6875,29080.6875,0.0
1.320710754394554,5.030173420906067,0.0014801898267534,19.0925,47643.9375,31058.9375,102.875
2.5814987182617415,5.108653426170349,98.08449679904514,24.3625,56870.6875,33042.8125,5488.8125
4.281678771972679,5.4832834005355835,123.64557508680555,22.175,56638.0,34412.9375,2950.1875
3.8918395996093977,5.517465710639954,1.4397441948784722,26.240000000000002,60579.75,35998.25,0.0
4.0574508666992415,5.107728958129883,0.0,25.1475,53589.875,32050.25,0.0
3.8424011230468977,4.160029768943787,0.0,24.767500000000002,47115.0625,20516.625,0.0
3.5342193603515852,3.6462835669517517,0.0015189382765028,41.8225,63934.5,15477.0625,44.3125
4.24994812011721,3.611734628677368,61.387123074001735,48.245000000000005,72727.1875,13681.6875,3794.0
5.640473937988304,3.6138686537742615,96.348779296875,45.1475,70809.4375,13069.5625,2675.625
4.337945556640648,4.025166928768158,1.4899002293062709,41.6325,71934.5625,22543.875,0.4375
3.6816497802734607,4.912920594215393,0.0,24.6575,59638.8125,30301.3125,0.0
3.7532287597656477,5.853396892547607,0.0,7.1225000000000005,53872.8125,36174.4375,0.0
4.109719848632835,6.328534483909607,0.002371403641170925,23.76,68478.8125,40188.75,106.25
5.791841125488304,6.230966329574585,74.23233208550347,27.552500000000002,74778.6875,38518.4375,5894.125
7.898622131347679,5.864359498023987,104.51688151041667,31.17,72848.8125,36235.5625,3496.375
7.332055664062523,6.333559632301331,1.3253046832647588,30.25,73486.25,39337.25,0.375
7.323274230957054,6.932170748710632,0.0,18.665,60506.5625,38890.6875,0.0
7.013520812988304,6.6404348611831665,0.0,3.5175,52935.8125,36775.9375,0.0
6.503266906738304,6.372644424438477,0.0029487551583184,28.78,67212.375,36601.1875,157.625
7.691674804687523,5.916140794754028,112.42417127821182,27.175,73186.0,33792.5625,9368.0625
9.829400634765648,5.677194714546204,160.53273546006943,27.6275,70830.125,33209.0625,6235.125
7.5859848022461165,5.734393835067749,2.4523491526477863,35.22,72443.4375,36172.375,0.25
6.403863525390648,5.251183867454529,0.0,30.5,59361.25,31653.25,0.0
5.6079574584961165,4.296076536178589,0.0,29.802500000000002,51021.0625,22631.75,0.0
4.501618957519554,3.640606701374054,0.00261164400312635,41.99,65352.75,17996.875,72.6875
5.7292343139648665,3.301677167415619,107.12202718098958,43.2425,71097.3125,12122.0,8945.0625
8.689553833007835,3.129026174545288,171.22436631944444,44.129999999999995,68447.1875,10070.125,7083.0625
5.734246826171898,3.7032278776168823,3.077214101685418,40.01,71566.8125,23761.125,0.375
4.359887695312523,4.214374780654907,0.0,29.59,59019.875,27640.4375,0.0
3.630311584472679,4.299204349517822,0.0,26.365000000000002,52322.5625,26963.125,0.0
2.9435211181640852,4.337443590164185,0.004440569612714975,35.765,66070.75,25883.0,163.75
4.7257247924804915,4.312088966369629,112.8742333984375,41.7775,71973.125,21049.625,9025.5625
7.1467147827148665,4.146412491798401,140.90815321180554,41.192499999999995,68749.8125,17791.5,4612.5625
5.527284240722679,4.229575037956238,1.8170183051957023,44.36,69025.25,23433.3125,0.0625
4.8996749877929915,4.501001238822937,0.0,30.6075,57854.3125,28378.0625,0.0
4.426271057128929,4.740122556686401,0.0,24.4625,49848.8125,27964.375,0.0
3.6489807128906477,4.7886035442352295,0.001522813108232275,26.3775,52367.0625,25338.5,62.625
3.9180847167968977,4.788028597831726,77.86739040798611,33.87,61387.0625,22620.5,4601.6875
4.6488815307617415,4.5896865129470825,121.53061740451389,34.6725,59007.0,18704.0,2785.8125
3.265901184082054,3.641438603401184,2.8944377549489344,41.21,60320.8125,16949.75,0.125
2.217439270019554,3.3866610527038574,0.0,33.2325,51558.4375,15369.0,0.0
1.6345306396484602,3.1582638025283813,0.0,29.16,44938.5625,14000.625,0.0
1.3350463867187727,3.1003041863441467,0.00536665704515245,29.14,45559.375,13442.0,58.125
2.2468658447265852,3.4200384616851807,89.32092529296875,34.557500000000005,54792.4375,11219.1875,4327.8125
3.8282562255859602,3.4380537271499634,128.6720334201389,30.9375,53516.1875,10745.125,3222.5
2.7617279052734602,2.913280665874481,3.0297278918160333,43.0625,57332.0,11148.1875,0.125
1.831849670410179,2.652405321598053,0.0,36.7825,51167.5,7640.875,0.0
1.3068862915039288,2.4395212531089783,0.0,32.6725,46811.75,5517.5625,0.0
1.010987854003929,2.5004518032073975,0.0058665116628011,48.957499999999996,63271.1875,6248.75,88.4375
2.2196212768554915,2.854405403137207,86.98749837239583,49.9425,71683.0,6333.5625,6450.375
3.9811492919922102,3.4770513772964478,121.75114149305554,44.27,70423.375,8685.875,4708.0625
2.2991729736328352,3.4624760150909424,3.195354007085164,53.915,71788.125,13880.9375,0.4375
0.7137161254883039,3.592611849308014,0.0,37.1775,60223.1875,16447.5625,0.0
-0.38312377929685226,3.655807673931122,0.0,32.6525,53933.4375,18356.0625,0.0
-1.08019104003904,3.6610634326934814,0.0114889081319173,43.2775,67543.875,18956.5625,191.5
0.623872375488304,3.473193407058716,126.8856201171875,41.6425,73164.125,13802.9375,9239.0625
3.2714172363281477,3.2333139181137085,188.78721788194446,44.595,70640.9375,11084.3125,6470.3125
1.2678161621093977,3.280253052711487,4.713257783783807,51.3875,72743.75,14073.6875,0.625
0.1614776611328352,3.2624465227127075,0.0,36.4125,61114.25,14622.9375,0.0
-0.2584594726562272,3.4079477787017822,0.0,32.8825,54389.6875,15166.5,0.0
-0.3217681884765397,3.4661685824394226,0.0143834156460232,44.4775,67269.1875,14722.25,73.0625
0.8991256713867415,3.34442400932312,103.56522271050348,46.1525,74165.375,11278.75,3648.875
2.6615997314453352,3.065679430961609,152.963203125,50.36,72279.4375,8298.3125,2674.8125
1.808381652832054,2.4190833568573,4.061513139936658,59.815,71432.375,5310.875,0.5
1.1832595825195538,1.9934559166431427,0.0,43.075,59257.625,3192.0625,0.0
0.823945617675804,1.9521398544311523,0.0,37.6225,52433.125,2514.0625,0.0
0.7501083374023665,2.3948128819465637,0.015468371709187825,53.5825,66491.1875,3768.6875,64.1875
1.5913330078125227,2.803556740283966,94.87458224826389,59.83,73813.875,4173.4375,3795.875
2.8103118896484602,2.9630079865455627,146.42025390625,53.292500000000004,71888.6875,5638.375,3337.8125
1.2769561767578352,2.7710015773773193,4.675477996402316,61.73,72381.1875,6188.75,0.1875
-0.07036437988278976,2.621555268764496,0.0,42.199999999999996,60232.5,5978.3125,0.0
-0.7648376464843523,2.705239951610565,0.0,36.4825,53599.125,6643.0625,0.0
-1.0258239746093523,2.9518460035324097,0.0219936074150933,51.5575,66804.125,8432.6875,138.6875
0.27332458496096024,3.1307573914527893,118.32972710503472,60.3925,73687.3125,7861.625,6427.25
2.246369934082054,3.163671374320984,177.50090277777778,53.09,69999.625,8941.125,5033.75
0.8867050170898665,2.999380111694336,5.228898618486191,58.7125,69773.3125,9370.5625,0.375
0.1941925048828352,2.9911091327667236,0.0,41.22,57965.5,9631.1875,0.0
-0.0014862060546647488,2.9519348740577698,0.0,35.0875,50536.3125,8475.1875,0.0
-0.027944946289039724,2.7486515641212463,0.027488134172227625,36.6625,52807.3125,7091.6875,91.125
0.9324890136718977,2.614619553089142,87.19143446180556,44.8725,62016.9375,6462.875,4079.5
2.467530822753929,2.617247462272644,133.54211371527776,41.4475,59443.4375,6402.3125,2986.4375
1.5030761718750227,2.5398497581481934,4.556993001302083,46.2725,61042.875,6622.75,0.375
0.7901550292968977,2.557266354560852,0.0,37.307500000000005,52271.3125,7331.6875,0.0
0.4012542724609602,2.666157305240631,0.0,31.3025,45150.25,6777.6875,0.0
0.1886535644531477,2.802476942539215,0.0275268809000651,29.93,45667.875,7148.1875,113.0
1.2054229736328352,2.949193835258484,98.18915934244791,39.1375,54967.6875,7996.375,5015.0
3.4288726806640852,3.0216686725616455,154.39182942708334,36.1575,52832.75,7606.3125,4085.125
2.6950164794922102,3.2463294863700867,5.094809426201714,37.1825,57513.5625,12893.625,0.8125
2.423310852050804,3.531103014945984,0.0,28.052500000000002,52682.625,18325.6875,0.0
2.6455780029297102,4.0391011238098145,0.0,24.81,48687.5,22932.5625,0.0
3.021852111816429,4.560663104057312,0.0377797147962782,34.69,65106.5,26435.9375,151.25
4.7004562377929915,4.714386820793152,100.94879014756944,40.2425,73267.0,24717.3125,6184.5625
6.671121215820335,4.5730403661727905,125.99951497395833,43.26,71285.75,20662.375,3598.5
5.581391906738304,4.327652215957642,3.2312699699401857,47.317499999999995,70862.375,20963.25,0.1875
5.086968994140648,4.649780988693237,0.0,34.4725,58534.875,24078.625,0.0
5.018029785156273,5.44182550907135,0.0,25.66,52346.3125,30696.875,0.0
4.976190185546898,5.76203465461731,0.0440724605984158,36.239999999999995,66862.125,32073.125,86.6875
4.996820068359398,6.023370146751404,74.82559380425347,40.285,74405.6875,28793.3125,3264.5625
4.627046203613304,6.844596982002258,113.47540907118055,28.8975,73577.4375,35831.5625,2867.9375
3.2045989990234602,6.786345839500427,5.376630821228027,34.0575,73617.0,40348.1875,0.875
2.639100646972679,6.29809832572937,0.0,22.745,61172.4375,36171.125,0.0
2.3814025878906477,5.973787307739258,0.0,19.7025,54431.6875,33305.5,0.0
2.5898605346679915,6.228155493736267,0.042782135009765625,34.93,68843.25,35943.1875,80.0
3.3113800048828352,6.316035866737366,102.45240885416666,37.7175,76989.8125,37623.625,3251.5625
4.1331649780273665,6.541676163673401,154.86969835069445,35.895,75329.875,36547.375,2786.25
3.5651794433593977,5.838199615478516,6.854557562934029,43.495,74256.0,35044.875,1.1875
3.2376037597656477,5.761752247810364,0.0,29.7375,61620.3125,33410.3125,0.0
3.4365325927734602,5.981359839439392,0.0,23.182499999999997,54837.6875,33986.0,0.0
3.845338439941429,6.3059210777282715,0.0579482693142361,33.63,68392.625,36696.25,152.0
5.345239257812523,6.105166792869568,87.90384494357639,36.254999999999995,74827.625,35196.375,6683.25
7.155305480957054,5.917733073234558,133.6110492621528,37.67,71908.5625,30227.8125,4494.125
6.281900024414085,5.6748247146606445,4.9365184317694775,39.8475,72600.5,33170.75,0.75
6.54145202636721,6.747323155403137,0.0,19.085,61028.125,40792.0,0.0
8.21204528808596,7.596281290054321,0.0,-3.1575,53570.9375,42091.5625,0.0
9.092462158203148,7.268292427062988,0.03237430996365015,28.400000000000002,67000.0625,38681.75,90.375
9.612512207031273,6.2635438442230225,53.04271701388889,33.8825,73540.4375,36537.875,4871.9375
10.683396911621116,6.312676668167114,80.90027777777777,29.0025,69629.0,33736.25,3757.1875
10.056985473632835,5.691790461540222,3.3575742806328672,32.1275,69642.75,34472.125,1.875
9.887414550781273,5.904473066329956,0.0,14.6725,57189.0625,36310.0625,0.0
9.818498229980491,6.1172919273376465,0.0,-1.0725,49561.625,37132.3125,0.0
9.470910644531273,6.156359553337097,0.1067131635877821,5.0649999999999995,52938.125,36831.25,221.3125
10.320344543457054,5.931285858154297,75.30283799913195,14.495000000000001,61869.0625,34898.4375,5483.8125
10.979669189453148,6.5316002368927,86.90697157118056,12.9525,59671.8125,37263.5,2408.375
9.634721374511741,7.110912084579468,4.598167215983073,12.5425,62241.3125,41148.8125,1.625
8.364411926269554,7.445422291755676,0.0,-4.2325,53456.6875,40791.1875,0.0
7.26679382324221,7.154259085655212,0.0,-11.182500000000001,46656.875,36282.625,0.0
6.731958007812523,6.297056794166565,0.08818754408094617,0.7400000000000002,46944.25,30497.75,152.6875
7.212976074218773,5.25688636302948,62.863291015624995,29.0125,56161.375,20291.875,2747.9375
8.111039733886741,4.761807560920715,58.922717556423606,32.545,54077.5,15021.0625,1523.75
8.443261718750023,4.999078154563904,2.446901109483507,36.245,57322.75,17917.0625,0.875
8.199601745605491,4.938317775726318,0.0,19.79,51519.25,21162.5625,0.0
7.563867187500023,5.047010660171509,0.0,13.127500000000001,46909.9375,22844.625,0.0
7.326104736328148,5.443578839302063,0.04845103369818792,29.387500000000003,63355.4375,28583.9375,61.25
7.696130371093773,5.406484246253967,70.25895697699653,34.207499999999996,72415.0,30517.875,3081.9375
8.273942565917991,6.003829002380371,120.16131944444444,29.605,71339.6875,32990.6875,2166.8125
7.601480102539085,5.585068225860596,6.195509270562066,35.8775,71691.8125,28958.6875,1.6875
6.915132141113304,5.068815469741821,0.0,24.96,58445.4375,19427.4375,0.0
5.667604064941429,5.423071384429932,0.0,15.0075,51976.125,23303.5625,0.0
3.957582092285179,6.46621835231781,0.059385837978786875,26.3675,67451.9375,30945.5,188.6875
3.6821838378906477,6.036744117736816,127.16275444878472,29.869999999999997,74990.5625,28767.5,6579.125
4.193299865722679,6.070826172828674,186.67787760416667,28.48,73148.3125,27781.0625,5209.5
3.3108154296875227,5.716684699058533,10.780912780761719,40.4725,73456.4375,30147.625,5.6875
3.0075317382812727,5.829669833183289,0.0,28.2175,61936.25,32034.375,0.0
2.5970626831054915,5.801792025566101,0.0,24.4725,54305.1875,26767.3125,0.0
1.6563659667968977,4.876149892807007,0.13878136528862847,39.5575,66231.5,16104.125,363.8125
2.3639999389648665,3.965100586414337,161.33304307725695,40.805,71725.9375,6292.3125,11139.8125
4.27179870605471,4.090127527713776,251.1060546875,36.9275,69484.375,8281.9375,10017.5
2.456330871582054,3.6661131978034973,13.675806952582466,44.67,72090.0625,14944.75,18.375
1.2203536987304915,3.822058379650116,0.0,31.03,61015.0625,18711.0,0.0
0.7755599975586165,3.8538528084754944,0.0,24.8775,53840.125,18605.75,0.0
0.657624816894554,3.8767532110214233,0.3136762491861979,37.24,66861.8125,16593.4375,419.5625
2.5783477783203352,3.6509806513786316,135.486025390625,41.2875,73109.75,10007.25,8789.5625
4.781472778320335,3.6174639463424683,187.21215711805556,38.275,70947.5,10089.0625,6611.5625
3.4693466186523665,3.25140917301178,11.499533420138889,45.905,71754.8125,9586.3125,17.625
2.1982208251953352,2.7482076287269592,0.0,35.635,59262.4375,6261.8125,0.0
1.5269561767578352,2.2464393377304077,0.0,31.955000000000002,51600.875,4080.375,0.0
1.0601898193359602,1.8957466185092926,0.2880984157986111,44.805,64465.125,3525.625,379.1875
2.8958526611328352,2.177596390247345,145.40829752604168,41.2775,71063.6875,5775.8125,10383.125
5.14606628417971,2.6978219747543335,211.34421006944444,36.285,67428.9375,7704.0,8586.625
3.601441955566429,3.1757211089134216,13.965607231987848,37.1475,69006.9375,17381.4375,25.4375
2.0184722900390852,3.661247193813324,0.0,26.622500000000002,56958.4375,21590.4375,0.0
0.8733993530273665,3.791260302066803,0.0,23.2275,50170.0,21120.5625,0.0
0.16866455078127268,3.736401379108429,0.4599011908637153,24.0125,52298.75,20712.3125,686.3125
3.0096374511718977,3.7857993841171265,183.56749348958334,26.92,60400.5625,15522.4375,12961.6875
6.645875549316429,3.546294391155243,247.61822482638888,29.9825,56706.0,12413.0,8284.3125
5.078576660156273,3.6499961614608765,13.929500935872396,37.7,60582.6875,17924.1875,18.25
3.941865539550804,4.049992799758911,0.0,25.9225,52061.875,22372.3125,0.0
3.5567794799804915,4.457457065582275,0.0,11.1125,44367.375,26176.0,0.0
3.4826828002929915,5.611253976821899,0.5950634765625,3.7175000000000002,47564.5,35123.6875,596.3125
6.436372375488304,7.043036699295044,168.12817165798612,-4.405,57896.0,34268.4375,12085.5625
9.925325012207054,8.990271806716919,198.3768359375,-8.4125,56986.375,36630.5625,7339.0
9.736978149414085,10.237170934677124,9.422191094292534,3.425,60505.75,41668.4375,11.0
9.695619201660179,10.333364248275757,0.0,-3.0475,54551.3125,37109.75,0.0
9.429460144042991,10.321698904037476,0.0,-15.5225,49914.75,36627.4375,0.0
8.116029357910179,9.888192892074585,0.466988288031684,8.475,64975.0,40138.0,218.875
7.070825195312523,9.645927906036377,129.95485243055555,12.58,75499.8125,41071.9375,6659.8125
6.683343505859398,9.971351385116577,210.5801345486111,12.245000000000001,73597.1875,42107.5,6769.9375
5.651582336425804,8.350312232971191,14.402782389322917,23.43,73145.25,40214.3125,22.0625
5.013452148437523,7.70776104927063,0.0,10.065000000000001,61233.4375,38926.125,0.0
4.139436340332054,8.696167945861816,0.0,0.75,55344.6875,42274.625,0.0
3.5583129882812727,9.153865098953247,0.6484161376953125,10.7425,68994.125,43514.625,314.4375
4.15204772949221,8.914170503616333,155.28137478298612,13.05,76493.75,43212.125,6773.9375
4.7187057495117415,9.281381130218506,220.76212456597221,13.094999999999999,74418.0625,43732.875,5987.9375
3.4637313842773665,8.615369081497192,15.654488525390624,21.5025,74277.75,43200.125,31.9375
2.7682128906250227,8.238869667053223,0.0,8.62,61958.9375,40829.5625,0.0
2.495027160644554,8.14172887802124,0.0,1.58,55633.375,40862.375,0.0
2.5295578002929915,8.12187147140503,0.8345674641927083,25.03,68678.0625,41428.9375,399.5
3.4528900146484602,8.002874612808228,166.2625368923611,19.5175,76259.5625,41327.5625,7393.25
4.5096908569336165,8.305163741111755,232.09846354166666,19.6875,74147.0625,39540.625,5390.625
3.514466857910179,6.944538593292236,17.87342041015625,33.2675,73169.0,37509.8125,35.5
2.5998626708984602,6.024102091789246,0.0,23.2875,61232.1875,34086.5625,0.0
1.8563705444336165,5.135941863059998,0.0,24.3475,54873.125,28307.75,0.0
1.0831237792968977,4.384047031402588,1.1195389133029514,44.535,67738.9375,22451.375,515.0
2.897340393066429,5.0673500299453735,153.59298068576388,40.935,74933.625,25803.6875,7049.3125
4.683404541015648,5.686345458030701,144.51365017361113,36.37,73697.1875,30301.1875,3075.625
4.225679016113304,5.1079065799713135,8.920848592122395,45.705,72751.1875,22957.4375,18.4375
4.050698852539085,4.3027626276016235,0.0,34.0975,58776.6875,13841.6875,0.0
4.009614562988304,3.9786686301231384,0.0,26.33,51781.625,12978.75,0.0
3.930757141113304,3.7581016421318054,0.6358384195963541,41.735,64468.3125,11935.8125,250.3125
4.83100280761721,3.7791516184806824,121.63435818142361,43.51,71882.1875,9133.0,4657.1875
5.93287048339846,3.827897787094116,176.36065104166667,37.825,68604.1875,8382.5,3776.8125
5.1689620971679915,2.7328746914863586,14.293325737847223,39.82,67595.375,10873.75,28.875
4.184968566894554,3.4014084339141846,0.0,27.1975,55900.625,17328.0625,0.0
3.518769836425804,3.834736168384552,0.0,25.1925,48753.6875,22093.0,0.0
3.037599182128929,4.206329703330994,1.2403835720486112,23.2575,52325.9375,25773.625,644.5
5.448724365234398,4.601364254951477,168.89555555555555,25.7875,60529.125,25021.875,12397.5625
9.017243957519554,5.1413915157318115,255.58266927083332,20.08,56948.1875,25924.5625,11259.25
7.641473388671898,5.397474408149719,21.48434828016493,19.8575,61038.9375,34890.875,92.1875
6.82685241699221,6.596539258956909,0.0,-0.08250000000000002,52822.75,38508.4375,0.0
7.57831726074221,7.023295044898987,0.0,-6.0825,45670.8125,35695.0,0.0
8.03406677246096,7.395294904708862,1.1430552842881945,-5.115,48182.125,37175.625,359.75
9.93170318603518,8.201733350753784,94.90471679687501,-7.9025,58346.375,40214.75,5232.75
12.81836853027346,7.959571003913879,138.92100043402777,-23.325,56086.6875,38804.0,5656.25
12.532830810546898,8.23601496219635,14.687559271918403,-4.8,59704.1875,41902.5,57.25
10.75946960449221,8.163169384002686,0.0,-7.205,53441.25,40893.1875,0.0
8.868745422363304,7.528475642204285,0.0,-16.63,48767.75,36791.125,0.0
7.640802001953148,6.781948804855347,1.260118136935764,22.3325,64950.5625,36542.5,341.625
8.221490478515648,6.145526647567749,142.6584819878472,30.7325,72984.0625,32740.625,6860.375
8.859796142578148,6.530292868614197,178.08332465277778,30.3575,71368.0,33855.125,4360.8125
7.2693344116211165,6.081599473953247,16.01100504557292,35.6775,71269.1875,35840.25,47.25
6.3667465209961165,6.282423496246338,0.0,18.43,59268.375,37644.125,0.0
5.837068176269554,6.525642037391663,0.0,9.907499999999999,53572.6875,38577.9375,0.0
5.10151062011721,6.797418117523193,1.7862443033854167,28.015,66972.75,39335.875,659.5625
5.745729064941429,7.370409250259399,202.17571940104165,14.93,74604.5625,39977.25,9535.3125
6.774629211425804,7.711179971694946,268.6027473958333,18.939999999999998,72394.75,37185.75,6962.0625
5.71900329589846,6.077789783477783,23.98473307291667,36.1875,72160.1875,36686.375,67.875
4.94996032714846,6.1688148975372314,0.0,23.8125,60308.5625,38319.4375,0.0
4.67072448730471,6.299628734588623,0.0,21.085,53421.1875,36259.25,0.0
4.197534179687523,6.368833541870117,1.6803138563368056,32.6625,66613.6875,35123.375,329.25
4.566613769531273,6.331699728965759,150.22459635416666,34.42,73749.625,34247.375,6652.125
5.148835754394554,6.659750580787659,251.01899739583334,27.5925,71875.25,35601.75,7324.625
4.2556625366211165,5.309599280357361,23.076759982638887,40.475,70747.4375,30178.5,89.0
3.314790344238304,4.7871397733688354,0.0,30.0925,58954.5,27154.25,0.0
3.0118957519531477,4.507648587226868,0.0,24.4675,51951.125,24364.375,0.0
3.1190963745117415,4.560114622116089,2.1004630533854165,34.4,64787.875,25397.25,404.0
4.9966598510742415,5.225104331970215,115.56416883680556,34.6125,72163.75,27759.75,5910.5625
7.011026000976585,6.002121329307556,167.99054253472224,28.145,70251.75,31412.9375,5357.0625
6.671357727050804,6.036652565002441,17.43214138454861,31.2975,71269.1875,38252.6875,92.1875
5.44696960449221,6.949725031852722,0.0,14.695,60224.625,40708.0,0.0
4.4682785034179915,7.366041302680969,0.0,8.4225,53744.6875,39856.125,0.0
3.4363800048828352,6.701916217803955,2.573228624131945,32.7725,65467.8125,36011.1875,932.0625
4.654756164550804,6.685591101646423,220.65100260416665,28.41,72340.5625,34696.0,12724.9375
6.525979614257835,6.704229235649109,265.58618489583336,25.5475,68396.6875,33954.125,9818.25
5.5689865112304915,5.451820254325867,22.476087079706293,34.2575,68355.0,32612.3125,104.3125
4.7605148315429915,5.678845763206482,0.0,16.395,57738.9375,36964.0625,0.0
4.610711669921898,6.19403862953186,0.0,-0.6925,50460.4375,38415.125,0.1875
4.1427474975586165,7.00899350643158,3.2973863389756946,-2.8525,53619.0,39077.9375,1230.3125
6.85682067871096,7.604233026504517,194.34545138888888,-5.1125,62548.625,39184.8125,11705.6875
9.819337463378929,8.294029474258423,214.03600694444447,-6.09,59787.375,42518.75,6852.4375
9.080705261230491,8.043668746948242,17.224884303162497,3.7025,61192.4375,45709.625,50.1875
8.051667785644554,7.7453001737594604,0.0,-1.23,52033.8125,42148.125,0.0
7.363488769531273,7.507307648658752,0.0,-3.565,44980.0,36865.875,0.0
6.9315353393554915,6.9924376010894775,1.3159042297790033,-0.8025,46252.375,33518.8125,198.75
7.482446289062523,6.83178436756134,72.81584201388888,19.392500000000002,55768.1875,28500.75,2561.125
9.202287292480491,7.892606258392334,92.51032443576389,10.325,54902.4375,35103.25,2279.625
9.108453369140648,8.860948085784912,9.981032633599307,11.2175,59154.125,43542.25,43.3125
7.286645507812523,8.065435290336609,0.0,6.345,53257.125,40385.8125,0.0
5.3822189331054915,6.231873869895935,0.0,6.2975,48134.1875,30830.375,0.0
4.296998596191429,4.372227728366852,2.8198702457464404,38.37,59906.625,17915.4375,488.8125
5.153604125976585,4.203262269496918,120.68649088541667,44.7675,67922.4375,13813.25,5799.6875
6.465417480468773,4.978464365005493,115.97680989583333,36.665,66959.6875,24867.25,4596.75
6.6015792846679915,5.831333637237549,11.225914463069703,32.7,68554.0,35500.125,93.4375
7.1858993530273665,6.661864280700684,0.0,14.615,58469.4375,40608.8125,0.0
7.4358383178711165,6.901203393936157,0.0,7.965,51908.125,40767.9375,0.0
6.5691696166992415,6.773472785949707,2.7915373639265697,25.4525,63920.25,37591.8125,602.0
6.964540100097679,7.06924307346344,157.23136827256945,27.8425,72137.375,37306.5,7785.0625
7.6808334350586165,7.630843758583069,236.79577256944444,24.4725,69597.9375,36510.5625,6975.4375
6.02240905761721,6.165118336677551,26.196202544106377,34.7825,69492.875,29808.1875,125.8125
4.2270675659179915,5.210226535797119,0.0,28.005,58078.6875,23594.6875,0.0
3.0743576049804915,5.126973628997803,0.0,24.29,51636.875,18847.0,0.0
2.1483398437500227,5.25716507434845,3.8189518721236118,32.557500000000005,64207.6875,18155.5,754.0625
2.6430908203125227,5.487258076667786,190.43144748263887,34.065,71807.25,18908.4375,7917.6875
3.4114776611328352,5.571216106414795,265.12264322916667,30.4325,69824.5625,19925.9375,5596.4375
2.371766662597679,4.864694952964783,29.643468136787416,38.765,69618.25,18997.125,115.8125
1.7370849609375227,4.245871067047119,0.0,31.419999999999998,58178.6875,17938.0625,0.0
1.4878479003906477,4.347997546195984,0.0,26.55,51938.5,18032.0,0.0
1.3755050659179913,4.318217039108276,4.7259284936057195,38.0775,64304.6875,15720.25,664.625
2.6617599487304915,4.796999216079712,202.2728276909722,40.3575,71936.0625,12923.5625,8203.5
3.416230773925804,4.0263800621032715,212.0141731770833,43.605000000000004,70204.3125,8579.0,3777.1875
2.3405242919922102,3.6841989159584045,17.21402316146427,49.6725,70340.5625,8222.0625,29.5625
1.6612182617187725,4.67867648601532,0.0,31.8825,59134.125,16482.9375,0.0
1.3459487915039288,5.226248264312744,0.0,25.445,52833.625,23783.3125,0.0
1.2427459716797102,5.139738321304321,4.745073954264322,36.7225,64864.25,26314.5625,688.125
2.9620529174804915,5.833197474479675,248.32988932291667,34.245,71790.6875,25674.25,9982.8125
4.9587875366211165,5.72822630405426,317.4357204861111,28.3075,67971.1875,24582.0625,9697.5625
3.7576766967773665,4.517910838127136,34.61486313766903,34.8875,68027.125,26460.3125,206.625
2.6796203613281477,5.379708170890808,0.0,19.3475,57816.5625,33073.125,0.0
3.1008468627929915,5.755558371543884,0.0,7.8525,49847.3125,34408.3125,0.0
3.989015197753929,5.768116593360901,2.865283337699042,10.85,52196.1875,34037.375,582.875
6.610955810546898,5.708191871643066,191.18414822048612,10.7625,60611.8125,32339.5625,10548.6875
9.858094787597679,6.49450421333313,288.96180555555554,5.32,58461.3125,34913.3125,7420.0625
8.050050354003929,6.8496623039245605,27.85831726074219,11.7525,60995.5625,41260.8125,123.0625
6.146150207519554,6.613449692726135,0.0,5.595,51948.875,37121.375,0.0
5.210176086425804,6.43567156791687,0.0,-3.94,44245.3125,35419.4375,0.3125
5.05036315917971,6.505568623542786,6.802790050506592,-2.5675,45953.1875,36156.8125,1108.75
6.801965332031273,6.78136420249939,255.73037760416668,-3.3475,56365.3125,36599.1875,12477.6875
8.566377258300804,6.4895665645599365,324.06977864583337,0.5575000000000001,53865.5,29357.625,11023.25
6.819123840332054,4.446472883224487,36.367807449764676,33.845,56199.4375,20852.8125,254.125
4.934693908691429,4.551074862480164,0.0,25.6025,51036.6875,22732.1875,0.25
4.0891891479492415,4.472575306892395,0.0,20.84,46718.5625,20679.5625,1.0
3.2394958496093977,3.9954710006713867,6.797570728725858,32.84,62265.125,17387.1875,1704.8125
5.528741455078148,3.8764604926109314,235.89310546874998,36.4525,69101.6875,9534.625,14156.625
7.7462326049804915,3.407549738883972,273.65711805555554,36.4525,67347.625,5653.5625,8573.75
6.61145935058596,2.7883957028388977,23.462098122702706,43.065,68291.5625,6967.1875,113.25
5.318688964843773,3.0490206480026245,0.0,29.857499999999998,56661.4375,8746.875,0.5
4.425881958007835,3.6411834359169006,0.0,24.53,50146.0,12158.75,1.0
3.5383697509765852,3.9402751326560974,4.240615993075901,38.019999999999996,63683.3125,12486.3125,744.875
4.3424850463867415,4.405746340751648,181.89828342013888,36.575,70071.625,12788.625,8903.625
5.414422607421898,4.212512493133545,269.19407118055557,36.8475,67518.125,11744.875,7499.875
4.092073059082054,2.834917426109314,37.591122402615014,48.885,67693.8125,8252.5625,246.125
2.193086242675804,2.962413489818573,0.0,33.6525,57177.375,12406.8125,0.75
1.3633514404297102,3.0865389704704285,0.0,27.195,51190.125,13194.375,1.0
1.4056640625000227,3.3265087604522705,10.076167254977756,42.1275,63992.0,11149.375,1352.625
3.9532562255859602,4.1883624792099,257.3465190972222,43.385,70312.375,9051.9375,11616.125
5.963441467285179,4.041459918022156,310.5780251736111,36.5875,67670.75,9277.375,8061.4375
4.6073776245117415,2.674948990345001,43.67442090352377,55.0275,67841.25,5494.75,240.625
2.5165039062500227,2.687033951282501,0.0,33.3775,56511.1875,7705.125,0.875
1.6146789550781477,2.5975396633148193,0.0,29.1975,49959.8125,6698.75,0.5
1.4203582763672102,2.7421776056289673,8.784140252007377,42.427499999999995,62305.0,6471.625,1349.0625
4.48938903808596,3.4390336871147156,237.7107573784722,43.7075,69854.6875,6554.5625,11613.75
7.0499435424804915,4.2467814683914185,252.04627604166666,38.0575,68877.5625,14315.125,6425.25
6.324197387695335,4.56769871711731,22.67709712134467,35.4675,70086.4375,24418.6875,88.6875
5.543519592285179,4.8377944231033325,0.0,26.15,58477.0625,27337.1875,0.1875
4.919458007812523,4.9949986934661865,0.0,21.0425,51248.8125,25257.8125,0.3125
4.414888000488304,5.456276774406433,5.0393529256184895,30.552500000000002,64797.0625,25613.875,771.9375
4.887063598632835,5.885173797607422,138.82225802951388,35.2025,72727.8125,23369.875,5368.25
5.35236511230471,5.764234662055969,167.91107855902777,30.7925,69661.5625,21468.8125,2986.25
4.58918151855471,4.976140141487122,22.148967887030707,36.45,67471.875,21343.25,84.4375
3.9024444580078352,4.602742910385132,0.0,30.44,55564.375,18621.6875,0.0625
3.3735443115234602,4.479630351066589,0.0,24.6275,47835.125,18290.0,0.5
2.980470275878929,4.486394047737122,6.889508861965604,28.66,50801.3125,16886.1875,826.75
4.181367492675804,4.884931206703186,232.94272135416668,29.895,59720.875,14970.125,8720.6875
5.676362609863304,4.9108744859695435,302.9975824652778,26.134999999999998,56172.8125,15458.375,7842.3125
4.890359497070335,3.4417665004730225,43.13386727227105,37.385,57554.375,13659.0,266.75
3.3994613647461165,3.6497629284858704,0.0,25.2775,50457.75,21491.25,0.0
2.967225646972679,4.06756991147995,0.0,11.755,44296.4375,23398.75,0.3125
2.9833618164062727,4.581504702568054,10.91231197781033,9.26,46220.75,26577.4375,1893.0625
6.131440734863304,5.504905581474304,243.0999587673611,9.36,55418.6875,28144.5625,14049.8125
8.654077148437523,5.769269943237305,255.6208029513889,11.85,53590.125,28536.875,10150.6875
7.62391052246096,4.457110047340393,31.536534796820746,31.64,56555.0625,23792.3125,265.25
6.1488815307617415,3.919171988964081,0.0,29.83,50005.875,19362.5625,0.0625
5.477746582031273,3.5774598717689514,0.0,24.8325,44622.3125,14507.1875,0.625
5.098107910156273,3.427453935146332,7.276950242784288,39.915,60738.0625,11476.375,785.5625
6.4644943237304915,3.919907569885254,191.88700086805557,40.83,68725.5,11503.3125,8812.6875
7.753289794921898,4.055124044418335,286.3046180555556,36.3225,66536.0625,11930.8125,9694.1875
6.4459396362304915,3.3982446789741516,46.97431450737847,50.1,67413.6875,12968.9375,403.5
4.65882263183596,3.99188894033432,0.0,30.439999999999998,57618.5,23407.25,0.375
4.074273681640648,4.926500558853149,0.0,18.61,52290.5,31353.125,0.625
4.055360412597679,6.052199482917786,7.972131924099393,24.805,66932.3125,38411.875,641.1875
5.709329223632835,6.495981335639954,108.91379123263889,30.875,75592.0,39239.375,4148.0
7.178994750976585,6.804824948310852,74.23832139756944,26.7925,73279.25,38322.875,2809.75
7.981629943847679,7.165955185890198,6.760980262756347,25.9625,72863.0,42910.8125,73.6875
8.886773681640648,7.537136197090149,0.0,6.425,60364.4375,43669.5,0.625
9.119203186035179,7.24891459941864,0.0,1.47,53090.625,39589.4375,0.6875
8.546182250976585,6.491084337234497,7.1764989217122395,29.7775,65175.5625,30205.75,1152.6875
9.674851989746118,6.169707298278809,167.08070746527778,30.6275,73023.125,28337.0,10061.3125
11.425599670410179,6.2059420347213745,224.65325086805555,24.8375,70003.5,27851.4375,8378.875
10.686616516113304,5.132351517677307,35.212326354980476,34.2225,68684.0625,25699.6875,334.5625
9.823121643066429,5.605211973190308,0.0,17.045,58581.8125,34755.75,0.5625
9.782037353515648,6.742197632789612,0.0,0.07,52403.9375,40132.9375,0.75
9.548356628417991,8.06592059135437,12.27008775499132,12.200000000000001,66616.0,43177.8125,1652.4375
9.988587951660179,8.798179864883423,252.9554947916667,2.2875,73307.5625,41425.125,13779.5625
10.327409362792991,8.5619295835495,345.6038845486111,9.2425,70652.9375,38145.5625,12115.6875
8.410989379882835,6.102885603904724,51.6495453898112,33.96,69679.5625,31372.0625,409.875
6.40351257324221,5.613337516784668,0.0,15.7125,59138.4375,35106.3125,0.0
5.412934875488304,5.9741140604019165,0.0,3.75,52756.9375,36785.4375,0.4375
4.77277526855471,6.585254430770874,15.22537584092882,17.18,65933.3125,38685.3125,1896.9375
6.212983703613304,7.661980390548706,284.33880208333335,4.72,73476.8125,40732.6875,14256.5
7.61329040527346,7.689943313598633,372.6734375,6.545,69311.1875,38042.0625,12698.75
6.082948303222679,5.412497401237488,62.6610700141059,37.815,67433.125,26569.9375,645.5625
3.3075042724609602,3.462345004081726,0.0,35.89,54795.6875,11620.25,0.0625
1.346803283691429,2.1215630769729614,0.0,30.447499999999998,46557.0625,3568.625,0.0
0.4572235107422101,1.9087755978107452,20.064291178385417,33.8725,48449.625,2790.1875,3084.8125
4.769715881347679,2.3534740805625916,343.79258246527775,29.259999999999998,56605.1875,4659.625,20037.125
7.407319641113304,2.9466044306755066,403.5570138888889,24.275,53979.6875,9459.5625,13835.25
5.9875045776367415,3.306758940219879,62.29635247124566,35.8275,57153.1875,18329.375,523.0625
3.4593063354492415,4.118412971496582,0.0,22.905,50808.5,27456.75,0.0
2.4553314208984602,4.606435775756836,0.0,6.470000000000001,44747.8125,29331.0625,0.0625
2.489686584472679,5.042661547660828,22.592564561631946,2.2025,46401.6875,30307.5,3686.0
7.322633361816429,5.47387957572937,365.3640494791666,-11.1225,54590.3125,23318.875,22988.0
11.119783020019554,5.700887322425842,419.67356336805557,-16.935,51528.5,22722.1875,16765.3125
9.606309509277366,4.582289099693298,61.67708150227864,23.8825,56045.375,23786.4375,679.375
6.550286865234398,4.268980860710144,0.0,24.8375,50883.0,23301.25,0.0
4.7499252319336165,3.723652482032776,0.0,20.0225,45700.4375,19220.25,0.375
3.8781066894531477,3.395668089389801,24.05017890082465,32.8775,59957.4375,13813.625,3738.1875
9.590753173828148,3.1074243783950806,390.85701822916667,27.71,67111.375,6500.375,22593.8125
13.342927551269554,2.9559742212295532,458.257578125,27.025,63936.5625,4861.625,17377.125
11.018457031250023,2.2083011865615845,66.98187391493056,49.31,64651.0,2786.875,668.5
6.969270324707054,1.9770125448703766,0.0,31.5825,53484.5625,2926.5,0.875
5.514031982421898,2.287645936012268,0.0,23.064999999999998,46505.3125,6998.4375,0.4375
5.55249938964846,2.714399516582489,21.69367499457465,30.9775,59786.375,11670.9375,1917.5625
9.514367675781273,3.2164679169654846,323.96455729166667,27.4575,68381.8125,13037.125,13995.1875
12.359086608886743,3.841880440711975,377.1181293402778,24.655,66166.4375,14672.5,12915.5625
10.771974182128929,3.0664650797843933,55.38674899631077,34.8525,66335.4375,13484.0625,583.625
7.731111145019554,3.191768705844879,0.0,27.21,55226.125,16858.5625,0.6875
6.003945922851585,3.5644285678863525,0.0,20.997500000000002,49123.6875,20771.75,0.25
5.594148254394554,3.914833128452301,24.23899712456597,26.5325,61402.875,22617.0,3409.8125
10.754808044433616,3.856282413005829,324.3746050347222,21.0925,68542.6875,18630.1875,21266.375
14.059121704101585,3.9181379079818726,333.9202690972222,23.98,64764.875,15360.3125,15431.375
12.119599914550804,2.8842962980270386,49.10857442220052,36.7575,64298.75,8460.0,669.125
8.438294982910179,2.41535222530365,0.0,30.315,53169.625,5884.125,0.625
6.671571350097679,2.2112232446670532,0.0,22.8525,46424.75,4240.5625,0.4375
6.152856445312523,1.8683289885520935,20.77758707682292,30.572499999999998,57788.1875,2299.8125,2686.9375
10.322625732421898,1.5755356550216675,302.1328602430556,25.3875,65198.3125,894.8125,18482.5
12.94471130371096,1.8977282047271729,350.9732855902778,26.595,62621.1875,1558.5,14484.125
10.951333618164085,2.2844496369361877,54.7346135796441,38.207499999999996,63061.8125,3314.6875,624.75
7.817773437500023,2.195795238018036,0.0,28.1575,52110.0625,3659.1875,0.625
6.324090576171898,2.1335535049438477,0.0,21.6475,45058.9375,3748.1875,0.875
5.911805725097679,2.435365915298462,20.457510579427083,31.807499999999997,56647.8125,5239.3125,2236.4375
9.073175048828148,2.7779231667518616,282.3409809027778,25.57,65072.375,6577.6875,13850.4375
10.810807800292991,3.5877387523651123,318.2783767361111,22.43,61613.0625,11597.9375,10138.9375
8.624291992187523,4.12752628326416,49.067457817925344,27.82,61912.6875,17527.125,415.1875
5.9138656616211165,4.454601526260376,0.0,19.8,52217.0,20704.25,0.25
4.1497360229492415,4.738400459289551,0.0,10.875,45628.5,24574.625,0.0625
2.9977813720703352,5.0432047843933105,19.530105794270835,10.7725,48099.375,25963.625,1915.4375
4.00464782714846,5.86879301071167,253.48001302083333,7.615,58031.5625,32680.125,10873.875
4.912835693359398,5.956906795501709,322.1890581597222,5.140000000000001,55219.5625,32000.375,9481.4375
3.7098937988281477,5.233019113540649,66.00639865451389,17.6175,56442.4375,27178.125,568.6875
1.5766082763672102,4.976932525634766,0.0,9.719999999999999,50002.4375,28062.375,0.0
0.17539367675783524,4.843813061714172,0.0,6.7725,43389.75,25964.5,0.125
-0.45920410156247726,4.863343358039856,38.03834635416666,5.2299999999999995,43860.375,24353.4375,4620.6875
2.4984985351562727,5.687518000602722,455.0469314236111,-22.002499999999998,53150.6875,22438.125,25767.75
4.727807617187523,5.861172080039978,529.4908680555556,-25.91,50045.125,21182.5,21511.9375
3.1992355346679915,5.1034767627716064,97.79640001085069,18.3,53416.125,25412.6875,1132.3125
0.23342285156252274,4.782171845436096,0.0,13.067499999999999,50253.4375,27658.0,0.0
-1.6833251953124773,4.472931861877441,0.0,9.6825,45962.125,24387.5625,0.1875
-2.3796829223632585,4.156147360801697,43.247602539062505,19.2075,57030.9375,20429.0,5352.75
1.9585128784179915,4.855230808258057,494.813671875,11.955,65035.5625,19901.5,28087.0
4.9374557495117415,4.7253464460372925,565.1017621527778,13.1,61657.0,15389.5,22301.5625
3.4856430053711165,3.8940839171409607,103.03632866753473,29.4375,62416.125,17664.5625,1163.125
0.2597290039062727,3.981652855873108,0.0,19.655,54944.625,23941.0625,0.125
-1.4656204223632585,3.8175801634788513,0.0,17.122500000000002,48672.75,20647.5625,0.3125
-2.0104507446288835,3.681951940059662,44.941231371247106,22.415,57474.625,15862.5625,5358.25
2.9731002807617415,4.599639654159546,500.10691840277775,15.26,64516.625,14371.9375,27895.0625
6.3087936401367415,4.755491614341736,573.6627690972222,15.942499999999999,60702.0625,14097.3125,22012.6875
4.818292236328148,3.872356355190277,104.14181342230903,31.244999999999997,61898.5625,17951.1875,1150.375
1.351075744628929,3.845714032649994,0.0,21.39,54774.875,24808.375,0.125
-0.6545776367187273,3.578908622264862,0.0,19.325,48609.8125,21413.75,0.375
-1.3975051879882585,3.5774556398391724,47.55417335828145,26.035,57694.6875,14683.9375,5468.125
3.6657806396484602,4.43051815032959,504.55663194444446,20.802500000000002,64106.6875,10870.5,27869.3125
7.135255432128929,5.0716094970703125,560.5487586805556,18.82,60473.6875,15780.5,21793.5625
5.571252441406273,4.55927848815918,104.52270616319446,31.135,61489.125,21520.6875,1167.5625
2.3458114624023665,4.410171151161194,0.0,22.3475,53719.5,23595.125,0.125
0.140260314941429,4.038032650947571,0.0,18.55,47162.0625,19579.125,0.125
-0.30288543701169607,4.224344849586487,47.362707312371995,23.1325,56174.5,16671.5,4940.9375
4.581781005859398,4.742471218109131,493.19867187499995,19.065,63085.8125,15488.125,24126.25
7.83210144042971,5.0916653871536255,549.1312239583333,17.3075,61036.1875,18958.5625,17462.75
6.841729736328148,4.356916189193726,97.966923828125,31.4725,61932.25,21246.0625,962.375
4.224359130859398,3.861351430416107,0.0,24.2425,52549.1875,21032.375,0.0
2.664216613769554,3.6356159448623657,0.0,18.572499999999998,46346.25,18233.125,0.3125
2.5847869873047102,3.7555829882621765,47.981333843866985,24.5275,56139.25,16091.8125,5137.6875
8.808831787109398,4.082160532474518,495.65864583333337,19.905,61768.375,10745.875,25992.625
12.945108032226585,4.516619324684143,567.5778211805555,16.79,58198.0,15940.0625,20140.9375
11.153504943847679,3.8030940294265747,106.73691948784722,25.865000000000002,59184.5625,20903.1875,1095.8125
6.68598327636721,3.322973906993866,0.0,23.7975,49794.1875,17367.9375,0.0
3.9615036010742415,2.922885537147522,0.0,20.235,42596.3125,12454.3125,0.0625
3.1162277221679915,2.9174118638038635,51.59893486870659,18.3825,45470.0,12304.4375,5268.0
9.45569763183596,3.216877281665802,507.4400607638889,8.6525,52602.375,9950.5625,26244.6875
12.668145751953148,4.182929277420044,567.2171354166667,1.5174999999999998,50081.0,16360.75,20535.6875
10.09601745605471,4.37446665763855,105.24976671006945,19.015,54002.875,24025.5625,1156.9375
6.119409179687523,4.236441016197205,0.0,15.105,46874.625,23170.1875,0.0
3.9016281127929915,4.655293345451355,0.0,5.63,40598.75,23810.9375,0.0625
2.9548431396484602,5.616405367851257,35.650043207804366,1.6400000000000001,43676.375,27096.5625,2596.375
4.182038879394554,6.6511629819869995,311.9063498263889,-3.0275,54101.625,29946.5625,9732.75
4.46131286621096,6.7355042695999146,373.29522135416664,-8.1225,54074.625,32491.0625,7119.625
3.1278854370117415,5.772219300270081,80.11317296867983,15.037499999999998,54310.625,29083.5,552.1875
0.8648315429687726,4.508301019668579,0.0,19.16,48101.1875,19303.6875,0.0
-0.9041046142577899,4.240203380584717,0.0,18.5475,45682.0,15203.5625,0.375
-1.3417724609374773,4.229142665863037,44.58533805847168,28.3575,58620.5625,14896.0,4224.1875
2.0246444702148665,4.227367162704468,430.76385416666665,20.925,63708.9375,12948.6875,20092.3125
4.198091125488304,4.077558636665344,478.35161458333334,17.4725,59759.5625,11363.1875,16178.125
3.294252014160179,3.2240001559257507,99.22906742016475,32.792500000000004,59342.6875,9679.9375,1022.6875
0.8358245849609601,2.8996880650520325,0.0,23.6175,50523.625,9856.125,0.0625
-0.6142486572265398,2.5178677439689636,0.0,20.615000000000002,47400.625,7126.9375,0.25
-0.8409561157226336,2.569953978061676,53.424062711927625,33.5325,58702.6875,5021.625,4856.875
3.034913635253929,2.95399272441864,474.55849826388885,20.5275,62701.625,3342.0625,21697.0625
4.876077270507835,3.11690092086792,459.6411111111111,19.247500000000002,58851.75,3798.25,17286.625
3.5781417846679915,2.9592679738998413,96.16612059765392,33.65,59247.9375,6578.4375,1347.375
0.139924621582054,2.9666889309883118,0.0,23.2975,52185.625,10843.0625,0.0
-1.4977630615234148,3.086919605731964,0.0,19.747500000000002,49713.4375,12872.9375,0.5
-1.2093948364257585,3.195785343647003,55.29280319213867,26.525,61106.8125,12520.5,6021.875
4.61963806152346,3.463449716567993,480.95390625000005,19.96,65126.0625,12725.375,26401.75
7.73835144042971,3.512678027153015,526.7417534722223,19.1275,60309.125,13589.5,19718.5
6.60291442871096,3.17048317193985,106.6544823524687,30.52,59800.8125,11337.125,1269.125
2.7322631835937727,3.054575800895691,0.0,25.4425,51177.0625,11801.625,0.375
0.9972320556640851,3.0139415860176086,0.0,21.53,48346.4375,12817.1875,1.0
1.1726318359375227,3.059526562690735,58.62513158162435,26.355,60293.875,14310.8125,5381.6875
7.054772949218773,3.8354023694992065,504.08719618055557,15.307500000000001,64117.1875,17437.125,23826.625
10.007341003417991,5.137399911880493,495.67703993055557,8.2775,60884.4375,23960.5625,17981.375
8.487458801269554,4.934931039810181,92.47610695097181,25.075,61086.5625,27139.625,1191.6875
4.9694686889648665,4.854712963104248,0.0,21.5425,52501.125,29775.4375,0.1875
3.4657073974609602,4.683341383934021,0.0,18.314999999999998,49173.625,26995.75,0.9375
3.4816757202148665,4.392121911048889,50.9487957933214,25.4525,60755.25,21570.8125,4024.25
6.990640258789085,4.774543642997742,419.4719097222222,20.502499999999998,64981.75,18744.25,18137.8125
8.842691040039085,5.012940168380737,415.87140625,17.79,60460.5,18013.875,11620.6875
7.644044494628929,3.4787874817848206,90.8882274860806,28.695,57380.9375,10326.0625,773.6875
4.619691467285179,2.589195728302002,0.0,26.31,47752.3125,6576.5,0.0625
2.7667022705078352,2.403998017311096,0.0,20.150000000000002,42830.5625,7013.0625,0.625
2.5838409423828352,2.3231847286224365,59.91705681694879,21.432499999999997,46647.6875,6573.6875,5474.75
8.281632995605491,2.4549325108528137,486.4552777777778,13.285,52605.25,6425.375,25475.1875
11.366410827636741,2.5424471497535706,486.19629340277777,14.2825,48399.9375,5293.25,21000.4375
10.114732360839866,2.349816679954529,104.63182918760512,30.0475,49858.25,4329.75,1553.375
5.6068588256836165,2.9240111112594604,0.0,17.0,43237.5625,14908.125,0.0
3.6076446533203352,3.1541865468025208,0.0,8.2875,39618.625,20587.625,0.4375
3.936341857910179,3.4948611855506897,72.60945617675782,6.2125,42677.375,19461.8125,6827.5
11.458894348144554,4.323823690414429,564.3924131944444,-6.9725,50002.5625,15221.8125,28926.625
15.335305786132835,4.810730814933777,628.9525694444444,-20.255,46833.5,18243.0625,23016.375
13.75104675292971,4.404451131820679,136.169807349311,16.32,50381.125,26376.0,1641.0
9.265336608886741,4.538564920425415,0.0,7.885,45929.3125,30365.4375,0.0625
6.709405517578148,4.11268937587738,0.0,4.6975,43615.5625,25471.5,0.5625
6.580438232421898,4.012272894382477,76.82590935601128,18.515,57416.25,20603.1875,6957.4375
14.416726684570335,3.904437243938446,572.4975520833334,12.575,61241.3125,11509.8125,28352.125
18.913194274902366,3.7104218006134033,630.7065625,14.585,57283.0,12815.875,22291.25
16.684129333496116,2.95052433013916,136.0304513168335,37.6325,56249.875,10500.5625,1592.5
10.586305236816429,2.9182352423667908,0.0,23.2775,46707.4375,10870.375,0.4375
7.9468551635742415,2.639573335647583,0.0,21.65,43723.8125,9082.1875,0.5625
7.5723434448242415,2.4742143154144287,75.13032809787326,30.4675,57198.125,6183.8125,6424.5
14.250947570800804,2.4493611454963684,558.3938368055556,17.0775,61621.125,3486.875,26979.375
17.535676574707054,2.841320514678955,613.9569184027778,17.2575,56694.1875,2843.8125,21651.5625
15.433557128906273,2.8295918107032776,134.2681253136529,34.057500000000005,56185.0625,7579.6875,1587.0625
10.298760986328148,2.9743863940238953,0.0,21.1475,46267.1875,14604.4375,0.3125
7.536050415039085,2.812690794467926,0.0,20.7075,43556.5,14938.625,0.6875
7.521768188476585,2.710669994354248,78.31681410047744,28.505,56370.6875,9235.5,6843.3125
15.270570373535179,2.251033902168274,562.4964322916667,20.16,59845.9375,1693.625,27390.25
19.16809234619143,2.0821212828159332,609.5974913194444,21.14,55691.9375,1800.4375,21282.25
16.82740173339846,2.059941917657852,130.940943069458,43.4475,55428.25,2332.3125,1565.9375
10.630395507812523,2.289753496646881,0.0,25.677500000000002,45936.0,4244.9375,0.375
7.591004943847679,2.247386634349823,0.0,21.2925,42781.8125,5456.0625,0.75
7.697877502441429,2.338403105735779,74.53330485026041,28.025,55965.8125,5015.375,6305.4375
14.644395446777366,2.5758138298988342,527.5598177083333,20.1275,60810.6875,5608.25,25920.125
17.198167419433616,3.5144671201705933,543.0170659722222,17.665,56086.1875,9268.0625,19468.125
14.660874938964866,3.255052328109741,121.62600732591416,29.7325,53895.125,8727.6875,1539.5625
9.397134399414085,2.797532379627228,0.0,25.7625,43127.1875,7966.8125,0.0
6.212258911132835,2.2841561436653137,0.0,24.955,37190.0,4826.3125,0.1875
5.9772506713867415,2.076218903064728,81.26001871744792,27.0525,40318.3125,2520.5625,6784.5625
12.522927856445335,1.9941908121109009,546.9343229166667,14.905,48465.0,1603.125,27331.25
15.498628234863304,2.626961648464203,573.7090277777778,14.4325,44920.1875,3470.4375,21064.0625
13.396089172363304,2.671330988407135,129.08703986273872,31.2075,46759.5625,5620.875,1718.5625
8.16767272949221,2.4801453351974487,0.0,25.255,40132.875,6585.625,0.0
5.179284667968773,2.159445106983185,0.0,22.235,36157.1875,4436.9375,0.125
5.274171447753929,1.884839504957199,83.35724066840277,23.985,42577.25,3367.25,7337.3125
12.430566406250023,1.8629505336284637,557.6998958333334,11.705,48899.875,1517.5625,28202.125
16.23994598388674,1.7940097749233246,609.0862065972223,11.5975,45518.1875,1202.625,22109.6875
14.799043273925804,2.217136114835739,140.3779837205675,32.4225,46731.625,3553.9375,1780.0625
9.414491271972679,2.7723624110221863,0.0,21.885,40030.9375,9129.1875,0.0
7.0998703002929915,2.638352930545807,0.0,15.0425,35581.375,9737.5625,0.0625
7.672700500488304,2.640314757823944,88.65597018771702,13.947500000000002,39152.0,6526.0,7037.8125
16.02632293701174,2.4021456241607666,569.2921267361111,4.2325,45970.9375,2775.5,26382.5625
19.468728637695335,2.8513917326927185,602.4306510416667,1.8275,42127.75,5814.1875,18653.4375
16.962068176269554,2.4729158878326416,131.97843643188477,22.5225,44875.375,7098.625,1453.3125
11.753572082519554,3.0700963735580444,0.0,9.5275,39343.1875,13920.625,0.0
9.188020324707054,3.9672449231147766,0.0,0.605,35904.5,21254.4375,0.0625
8.045747375488304,4.8723801374435425,77.57592678493924,-4.55,40391.6875,23147.5625,4445.75
10.202943420410179,5.682032942771912,504.09123263888887,-37.68,49708.5625,24801.875,18853.0625
10.363282775878929,6.422745704650879,553.9823090277778,-67.765,46643.8125,21019.875,16661.375
7.746804809570335,5.9078980684280396,128.12266625298395,6.4125000000000005,47923.625,28092.3125,1545.1875
4.351464843750023,4.804170489311218,0.0,6.625,41646.25,23224.4375,0.0
2.2335754394531477,4.182046294212341,0.0,7.085,40223.25,18245.0625,0.4375
2.0764556884765852,4.255004525184631,90.66096950954861,28.2,54626.6875,13080.9375,7207.75
5.62928161621096,4.723117351531982,492.10963541666666,18.71,60735.5625,12474.6875,20296.8125
7.67774353027346,4.5638474225997925,453.8229253472222,17.705,57498.375,13649.125,17956.75
6.845849609375023,3.7732760310173035,112.50734032524957,32.89,55260.75,12366.8125,1894.4375
3.2891937255859602,3.4053922295570374,0.0,22.0,46779.9375,14546.75,0.0625
1.9272018432617415,3.6309423446655273,0.0,17.26,44206.9375,15212.625,0.3125
2.7116790771484602,3.833056390285492,87.8914474826389,24.357499999999998,57014.6875,15217.5,6778.9375
8.957337951660179,4.216946840286255,568.7890190972222,11.129999999999999,61798.0,15441.125,27141.625
13.605134582519554,3.883914530277252,653.46546875,11.6225,56729.875,12171.875,22496.5625
12.894914245605491,3.304151237010956,162.3362927585178,34.6075,55255.5,10618.625,2012.875
7.431863403320335,3.29702228307724,0.0,23.165,46527.4375,12133.0625,0.0
4.860284423828148,3.104948103427887,0.0,21.7375,44057.9375,9889.875,0.5625
5.883935546875023,2.8673402070999146,100.04066270616319,29.4875,56792.0,5862.125,7823.5
13.995828247070335,2.774091124534607,587.874140625,18.127499999999998,61436.5625,4451.5,27454.0
17.709710693359398,3.0133509635925293,627.4543229166667,18.925,56845.5625,5350.75,20871.625
15.657144165039085,2.852582275867462,151.3286754014757,40.5875,55282.375,6695.875,1864.5
9.960862731933616,2.853265881538391,0.0,23.595,45917.25,7201.5,0.0
6.921723937988304,2.4096779227256775,0.0,22.475,42366.25,4986.1875,0.8125
7.13575134277346,2.193450629711151,100.49272476073769,37.9975,55077.5,2984.625,7529.875
13.83770904541018,1.9509057700634003,593.4146961805556,21.82,59566.0625,935.375,27785.625
16.97522888183596,2.064803898334503,626.9953472222222,21.8275,54239.6875,1314.4375,21074.375
15.211785888671898,2.2305420637130737,152.17570895724828,40.165,53507.0,4655.0,1788.5
10.101678466796898,2.4437429904937744,0.0,21.9775,43929.3125,9438.9375,0.0625
7.4216476440429915,2.4126991629600525,0.0,18.625,39137.875,10036.875,0.625
7.899163818359398,2.4875819087028503,100.15184625724952,23.41,44326.9375,6908.6875,6684.3125
14.605432128906273,2.5818278789520264,564.7326822916666,15.8925,50346.6875,5491.0,24201.75
17.30768737792971,2.935009002685547,573.8135069444444,16.0675,47777.3125,8101.75,16986.125
14.874536132812523,2.9401861429214478,134.33181118435328,26.97,48897.875,12032.4375,1413.5
10.666642761230491,3.0753300189971924,0.0,17.44,41541.875,16415.9375,0.0
8.236497497558616,3.01663339138031,0.0,10.9275,36518.25,14271.375,0.625
7.921929931640648,3.265844464302063,90.72645295719306,12.3225,40703.0,12385.6875,6455.8125
11.786859130859398,4.007111847400665,542.5418836805555,7.1275,49578.625,14539.625,24485.25
14.129228210449241,4.648270010948181,592.9730381944445,-12.8375,46082.6875,18439.5625,20648.625
12.432031250000023,4.64452850818634,154.36759806315104,13.735,47789.4375,23272.25,1933.5
8.45374450683596,4.320290565490723,0.0,7.835,42931.5,25336.0625,0.0
5.962564086914085,4.304575681686401,0.0,2.29,41278.625,23293.1875,0.8125
6.09015808105471,4.574506044387817,114.44646077076595,19.955,56106.1875,19558.875,8434.3125
11.475297546386741,5.473709225654602,628.3298784722222,-4.375,62696.5,25180.4375,29805.5
14.502915954589866,6.24426805973053,681.8756423611111,-25.86,59093.125,29608.875,23331.5625
13.254457092285179,5.944675445556641,175.81770602756077,16.655,57713.875,32839.8125,2141.125
9.568177795410179,5.717072606086731,0.0,6.0225,47460.25,32847.1875,0.0
7.20496520996096,5.442413568496704,0.0,2.8875,44324.375,31570.5,0.875
7.1309677124023665,5.584091782569885,118.21487299919129,12.6425,58674.25,28115.75,8653.75
12.409104919433616,6.456759810447693,639.6246875,-62.0225,64300.9375,27908.375,29645.8125
15.672731018066429,7.016308307647705,689.718359375,-66.2925,60225.3125,29453.5625,23556.5625
14.428308105468773,6.297868967056274,178.50231336805555,9.67,58562.25,34935.1875,2159.875
10.45758972167971,5.5085344314575195,0.0,6.105,47864.5,31310.0,0.3125
7.5440536499023665,4.817249655723572,0.0,4.5525,44008.125,27620.1875,1.0625
7.522317504882835,4.644726634025574,123.70794264369539,17.1725,58270.1875,20777.5,9041.875
13.701013183593773,5.199329972267151,655.6522135416667,-3.165,62916.25,21135.9375,30664.1875
17.033471679687523,5.480502367019653,703.6212934027778,-5.77,58957.875,22896.3125,24126.375
15.454301452636741,4.463671684265137,184.65053887261283,22.5875,57223.125,22664.8125,2253.75
10.316751098632835,3.670391619205475,0.0,19.6975,46867.8125,22213.375,0.375
6.967797851562523,2.969300925731659,0.0,20.3475,43443.125,13871.9375,1.75
7.690789794921898,2.7039237022399902,125.73733300950792,34.4825,56720.6875,6639.9375,9033.4375
15.140710449218773,2.8251373171806335,656.3001996527778,17.29,61408.5625,3581.75,29961.0
18.406648254394554,2.42512845993042,702.9187760416667,18.275,57029.4375,1804.25,23456.9375
16.71643981933596,2.0172552168369293,183.76023627387153,50.440000000000005,55423.0625,1694.5,2186.0625
10.140870666503929,2.110343098640442,0.0,27.1325,45165.5625,2564.5,0.25
7.228700256347679,2.2039602398872375,0.0,21.502499999999998,41897.125,4236.75,1.6875
8.36341247558596,2.7534318566322327,107.91049781799316,28.845,55368.4375,6947.5625,7485.4375
15.71515808105471,3.9241122603416443,597.4353819444445,17.2875,60477.9375,11716.4375,25875.5
17.898980712890648,5.335024952888489,609.3886545138889,12.3625,56842.625,22615.875,20220.5
15.461465454101585,4.633339047431946,155.7682881673177,21.68,55174.0625,23753.25,2091.0
10.615525817871116,4.095764636993408,0.0,16.3425,45119.25,23024.4375,0.0
8.271112060546898,3.956136405467987,0.0,13.885,39397.6875,16423.3125,1.5
7.928750610351585,3.7875012159347534,104.870867506663,16.325,45640.0625,9449.8125,6636.625
11.360162353515648,3.3634397387504578,554.0890972222222,14.915000000000001,51659.75,3811.9375,24899.5
13.887910461425804,3.2159088850021362,577.7349131944444,10.61,47926.25,4289.125,20228.4375
12.610208129882835,2.8951468467712402,159.52417222764757,27.995,49341.4375,4996.25,2135.125
7.97120056152346,2.3544368147850037,0.0,22.4725,41074.5,4380.25,0.0625
5.229226684570335,1.9830630123615265,0.0,21.5,36753.4375,2836.4375,1.8125
6.025117492675804,1.730289340019226,111.9925940153334,16.9925,40533.4375,1188.6875,8480.9375
12.275140380859398,1.8547040820121765,553.4630555555556,13.57,47734.4375,1054.25,27161.3125
15.116151428222679,2.0118545591831207,579.5801562500001,10.265,43738.4375,1494.375,22045.9375
13.946794128417991,1.990935355424881,167.25647501627603,28.03,46594.3125,1387.0625,2310.625
8.541238403320335,2.066027522087097,0.0,22.9425,40983.75,3019.25,0.0
6.000588989257835,2.081541955471039,0.0,20.064999999999998,39611.9375,4952.5,2.75
7.521180725097679,2.1184945106506348,121.10751468234591,25.46,55117.875,4034.375,7793.75
15.070718383789085,2.301870584487915,606.0557986111111,21.03,60494.0625,3144.875,26480.625
18.247483825683616,2.9685295820236206,620.67765625,20.3975,56547.3125,4356.125,20521.9375
16.764688110351585,2.2264848351478577,146.8953571234809,41.347500000000004,55483.0,2731.5,2182.0625
11.429345703125023,2.3020384311676025,0.0,24.83,45090.375,3683.3125,0.0625
9.189721679687523,2.4670258164405823,0.0,20.7825,41755.375,4643.6875,3.0625
9.950784301757835,2.693183422088623,112.61533816019693,27.6375,56774.125,3755.0,6662.3125
14.814874267578148,2.7627371549606323,479.5468055555556,25.244999999999997,61588.1875,3432.1875,18176.75
15.94873962402346,3.111683666706085,405.0819357638889,25.4325,58176.875,6400.625,11349.25
13.808755493164085,3.127277970314026,92.56546223958334,29.3625,56582.8125,7665.6875,1113.0
11.115678405761741,2.9930249452590942,0.0,20.435,45158.9375,8795.3125,0.5
9.910798645019554,3.0610998272895813,0.0,18.2875,42296.6875,8047.4375,2.0
9.748574829101585,3.5320608615875244,50.49162390391032,28.045,57288.3125,7103.4375,3138.0
11.49890289306643,4.089203953742981,286.58085069444445,24.1375,63291.375,9330.1875,12244.9375
12.947923278808616,4.1493202447891235,384.7421527777778,19.075,59225.8125,9931.625,12192.875
12.319543457031275,3.30981308221817,115.85991102430555,28.455,56802.5625,6764.6875,1798.75
9.881799316406273,3.4009856581687927,1.549937037958039e-05,19.442500000000003,46061.6875,12261.5625,0.25
8.975579833984398,3.948219954967499,0.0,14.7325,43917.5625,20205.3125,3.625
9.599183654785179,4.444223880767822,73.6582864888509,23.7225,57224.375,20443.25,4642.875
12.536302185058616,4.993271827697754,376.90528645833336,16.7425,62727.9375,21414.6875,14919.375
13.84399566650393,5.070181608200073,434.35205729166665,16.2075,58558.375,19575.4375,10982.75
12.372857666015648,3.772553861141205,118.04380940755209,31.3875,54187.875,11856.0625,1258.9375
9.854371643066429,4.004034638404846,8.5246538122475e-05,11.665,44053.0,20401.0,0.0
8.740098571777366,4.454521059989929,0.0,2.6174999999999997,38446.875,21417.625,2.9375
8.78962097167971,4.781415700912476,101.9973378668891,0.010000000000000009,41071.3125,19997.1875,6380.375
11.47492370605471,5.1140828132629395,500.66827256944447,-1.7625000000000002,49202.4375,18926.875,17564.625
12.438455200195335,4.377649426460266,516.8872482638889,1.9324999999999999,45607.625,14092.3125,12390.0625
10.76435241699221,3.5529314279556274,133.2636724175347,24.45,46770.3125,9587.1875,1573.625
8.261010742187523,3.320005476474762,0.000267364134391125,14.7775,39764.8125,12916.0,0.0
7.363069152832054,3.5256442427635193,0.0,8.5,36169.625,14787.875,4.5
7.886781311035179,4.1736701130867,104.3097459242079,9.0125,42965.6875,12592.0,6090.5625
10.089074707031273,4.763837695121765,488.25520833333337,9.834999999999999,50703.25,16002.5625,16263.5625
10.761827087402366,5.095235347747803,507.6325173611111,6.265000000000001,48832.125,17572.3125,12510.3125
9.613191223144554,4.185471892356873,147.90850504557292,24.4625,48768.75,12910.5,1893.375
7.14380798339846,3.2137420177459717,0.000658723248375775,19.1575,41251.75,11740.5625,0.0
6.11933288574221,3.138841152191162,0.0,11.945,36170.375,9469.3125,5.375
6.947076416015648,3.397178292274475,116.14484432644315,10.475,39452.25,6654.375,7341.9375
10.888703918457054,3.5282543897628784,512.7124131944445,9.19,46960.3125,5723.9375,19985.0
12.965417480468773,3.4371531009674072,498.90075520833335,7.19,44458.5625,4448.75,15974.5625
12.183396911621116,2.4314075708389282,137.21439480251735,25.6675,46661.5625,2549.4375,1969.25
8.843438720703148,1.923512488603592,0.00151506344477335,22.59,40977.3125,2189.875,0.0
7.494134521484398,2.1057865023612976,0.0,21.4225,38788.25,2426.25,5.1875
8.33204040527346,2.4170295000076294,94.64700951470269,44.4375,55995.6875,3199.25,5202.75
11.880372619628929,3.1502267122268677,446.4877951388889,24.1575,61946.1875,5123.4375,15496.625
13.144456481933616,3.9810373187065125,502.66019965277775,20.2,59252.75,11113.5,12980.9375
11.487405395507835,3.9282278418540955,159.82696912977428,26.78,57009.4375,13544.625,1822.3125
7.968995666503929,3.3412396907806396,0.0029720041486952,19.6325,47045.3125,12959.25,0.0625
5.787622070312523,3.289452612400055,0.0,18.35,43889.1875,12198.875,9.125
6.098382568359398,3.546097755432129,119.95908243815104,24.805,58035.5625,8203.0,7450.75
9.519746398925804,3.8270283937454224,528.8484288194445,20.0775,62842.25,8361.3125,21467.375
11.278237915039085,4.019653737545013,572.4135243055556,17.7525,59301.6875,9943.125,18987.25
10.406465148925804,3.695749819278717,180.00161946614583,28.15,56774.4375,9587.1875,2613.8125
6.509301757812523,3.0111790895462036,0.005188414255777975,22.4075,46313.6875,9695.375,0.0625
4.3288742065429915,2.8081048727035522,0.0,19.045,43589.6875,8355.9375,9.9375
5.580720520019554,3.028622567653656,145.99123982747395,26.3325,58006.5,5613.25,9798.1875
10.95868835449221,3.6694631576538086,622.8254166666667,19.9625,62442.25,7483.6875,29827.875
13.518334960937523,3.9897891879081726,667.4871180555556,17.04,58627.3125,11700.4375,23784.0
12.617303466796898,3.8357155323028564,202.9778521050347,24.5725,57418.875,13738.3125,2930.5625
7.800103759765648,3.4174859523773193,0.007970551384819875,21.4825,47254.875,14097.1875,0.0
5.467767333984398,3.092461884021759,0.0,18.655,43549.125,9669.9375,9.6875
6.7707077026367415,3.0506213903427124,144.69092848036024,23.64,57293.25,5975.5625,8952.9375
12.763749694824241,3.046022415161133,628.2327517361111,18.1425,61623.9375,5083.8125,27840.9375
16.388269042968773,2.962083637714386,712.9110503472223,18.7625,57745.1875,4316.1875,24184.5625
15.592462158203148,2.289693593978882,211.56815592447916,40.5725,55926.3125,2078.8125,2837.4375
9.680795288085962,1.9971700608730316,0.013096968332926425,24.3375,45615.625,1927.125,0.0625
7.03888854980471,1.83627650141716,0.0,20.8925,42016.875,1516.3125,13.3125
8.837548828125023,1.8494512140750885,147.91367485894096,26.7075,55527.4375,1773.6875,9735.9375
16.563272094726585,2.159671366214752,653.6666840277778,18.3125,60182.0,2804.1875,29298.5
19.746736145019554,2.466811180114746,689.0653993055555,18.2675,55553.8125,3688.375,22070.4375
18.297601318359398,2.2946218848228455,194.11015842013887,34.055,53382.0,3532.3125,2565.0
12.818826293945335,2.2082613706588745,0.0154373730553521,24.115,43272.1875,4632.375,0.0
10.057771301269554,1.9316190779209137,0.0,21.4075,37574.3125,3649.5625,13.8125
11.614038085937523,1.6998938620090485,135.19032355414498,20.88,43949.5625,2381.375,7906.625
17.69159088134768,1.651719570159912,585.8439583333334,18.2775,51090.3125,999.8125,22845.5625
19.97857818603518,1.7847451269626617,591.7494184027778,16.9825,47141.125,1469.9375,17991.75
18.377290344238304,2.123914062976837,173.02956380208335,31.4625,47032.0,3156.3125,2509.375
13.566682434082054,2.2683738470077515,0.025108979543050126,22.3625,40367.25,6699.125,0.0
11.267808532714866,2.129503846168518,0.0,17.455,35209.3125,5911.125,15.75
12.527146911621116,2.1593716144561768,125.71090867784288,13.885,39397.25,3547.5625,5956.0625
17.700280761718773,2.494381844997406,488.7030555555556,10.705,47107.375,6016.1875,18784.25
19.253892517089866,3.094706416130066,474.2661024305556,3.1225,43978.6875,12834.3125,14742.6875
16.607965087890648,3.678002178668976,128.4265771484375,14.0825,47146.8125,19283.3125,1767.1875
12.454751586914085,4.258057951927185,0.02261745664808485,8.1525,43340.0625,22917.125,0.0
9.926797485351585,4.6832826137542725,0.0,0.9700000000000001,41470.3125,24987.625,7.4375
8.66907653808596,5.429777503013611,62.17431816948785,22.2675,58813.0,25975.1875,2546.25
8.75293884277346,6.102644920349121,260.92564670138887,17.455000000000002,66036.6875,29499.875,8430.0
8.46405944824221,6.534799337387085,319.5911371527778,9.67,63023.625,32805.4375,8495.0
6.92585144042971,5.730618119239807,120.08329589843751,21.634999999999998,59079.625,25713.6875,1622.5625
4.21924743652346,4.162425398826599,0.04441732194688585,20.5475,48931.375,17672.625,0.0625
2.2935348510742415,3.5516138672828674,0.0,17.8125,45243.875,13325.6875,21.1875
3.5024505615234602,3.6113107800483704,152.6804087999132,27.6425,58759.3125,9650.4375,10104.625
7.573854064941429,4.029367983341217,553.5562586805555,20.6425,64026.4375,14410.1875,23187.1875
9.67414245605471,4.007014572620392,580.2136284722222,18.177500000000002,60596.5625,14803.1875,17986.875
9.03351745605471,3.5383647084236145,164.31210177951388,27.0975,57255.9375,9753.6875,2358.1875
5.8129745483398665,2.7291963696479797,0.048741645812988274,23.68,47159.5,7018.625,0.125
4.383729553222679,2.5211501121520996,0.0,20.7925,44059.0,7510.375,19.5
5.6373458862304915,2.473359167575836,137.69861300998264,38.665,57746.75,5878.0,8326.3125
9.757897949218775,2.5241581797599792,520.3647482638889,33.18,62595.375,4556.5,17527.5625
10.580751037597679,2.585016369819641,435.1572048611111,30.1825,59369.375,6570.1875,9875.8125
9.382722473144554,3.001132071018219,126.56241319444445,33.245,57336.1875,9560.25,1400.875
7.292199707031273,2.86691951751709,0.07646226671006945,20.0075,46755.4375,11266.1875,0.125
5.75122985839846,3.022516369819641,0.0,17.7275,43993.75,11368.25,19.8125
6.2066207885742415,3.373206675052643,119.62045247395832,27.375,57900.25,7525.5625,7545.5625
9.440164184570335,3.735301971435547,480.61855034722225,22.025,63136.3125,6596.0,19154.875
11.265863037109398,4.009750723838806,470.1285677083333,20.545,59527.375,7984.5,14894.25
10.643464660644554,3.7165361642837524,161.04885362413194,28.2575,56949.75,7873.125,2274.125
7.2962203979492415,3.4571298956871033,0.091144044664171,20.9175,46578.6875,11082.25,0.125
5.2410140991211165,3.5584070682525635,0.0,17.72,44730.3125,11876.375,25.9375
6.4733749389648665,3.7153913974761963,135.62668565538195,25.61,57436.0,8387.0,8325.125
10.62183532714846,4.228788495063782,506.13803819444445,20.71,62924.5625,10597.125,20515.5
12.306207275390648,4.429718971252441,478.19513020833335,18.61,58788.25,15631.8125,15738.6875
11.605828857421898,3.9949965476989746,161.51276150173612,24.53,55863.4375,14682.4375,2405.5625
8.110932922363304,3.282093107700348,0.10866608513726128,19.7125,45662.4375,13922.375,0.1875
5.611444091796898,3.2854279279708862,2.3249054534567726e-05,15.75,40777.3125,14065.125,29.5
7.180757141113304,3.3135507106781006,159.18590237087673,15.01,46567.25,11787.125,10591.25
12.698388671875023,3.872703433036804,580.6533246527778,11.515,53203.8125,13086.625,26561.4375
15.043611145019554,3.9633692502975464,551.856484375,11.41,49289.8125,13367.0,20698.9375
14.221887207031273,3.3723714351654053,173.10840169270833,26.12,48583.625,9071.75,2983.9375
9.930390930175804,2.9561874866485596,0.11022764417860242,21.575,41698.625,9583.5,0.0
7.498689270019554,3.128830313682556,8.9121378130375e-05,13.33,36911.4375,12405.6875,28.9375
8.687310791015648,3.4773187041282654,160.9659324815538,10.0275,40940.875,10491.0625,10565.9375
13.957154846191429,3.988035023212433,629.9789496527778,-0.5450000000000002,49228.875,12727.0625,28413.1875
16.479394531250023,4.519047021865845,586.8215972222222,-6.827500000000001,45545.9375,16720.625,21867.9375
15.700639343261741,3.9170867800712585,195.5514789496528,20.6725,47796.6875,14903.75,3141.375
10.732751464843773,3.2386255264282227,0.11976363288031683,19.325,43078.6875,13310.625,0.0
8.457246398925804,3.126735031604767,6.19974815183e-05,14.7275,40960.625,12591.5625,29.375
10.486444091796898,2.860899567604065,131.98595513237848,26.442500000000003,56465.1875,8639.5625,9868.125
16.416558837890648,3.248236656188965,530.2711631944444,16.3025,62206.0,11597.4375,27069.875
18.974031066894554,3.870932161808014,560.100859375,14.655,59278.75,14706.0625,21324.375
18.148187255859398,3.496998906135559,171.34952962239583,26.685,56843.9375,11780.0625,2902.6875
13.260842895507837,3.038265347480774,0.16007749769422744,19.5525,46288.875,10027.5,0.4375
10.577867126464866,2.9527541399002075,0.0001743679245313,16.86,43315.125,9853.5625,29.5625
12.09417114257815,3.034065365791321,135.42208509657118,24.86,58091.1875,8796.0,9297.4375
17.35724792480471,3.4239447712898254,542.4536979166667,19.425,63646.875,8767.1875,26002.1875
19.32819519042971,4.038926362991333,531.068515625,19.175,59771.75,8799.25,18702.5
17.970986938476585,3.3531042337417603,163.63793402777776,40.445,56597.0625,5543.375,2599.4375
14.021028137207054,2.326799511909485,0.16523491753472222,23.96,45225.875,3246.4375,0.4375
11.622514343261741,1.9820429980754852,0.001069456537564575,21.765,41663.8125,1712.1875,29.25
12.346307373046898,1.9017736315727234,124.1181187608507,48.207499999999996,55749.8125,741.0,6187.0625
15.826272583007835,2.1544991731643677,447.46870659722225,27.697499999999998,61034.375,846.25,19168.375
17.57215270996096,2.6531959176063538,472.52913194444443,23.715,56817.125,1857.0625,16385.3125
16.750398254394554,2.423944354057312,174.50930826822918,45.4375,53271.8125,2417.625,2938.5
12.112184143066429,2.084427297115326,0.2531589592827691,24.935000000000002,42664.0,3772.125,0.0
9.309480285644554,1.8364402949810028,0.00170880556106565,16.7625,37080.625,2733.125,45.125
11.357743835449241,1.6681313812732697,162.59270263671874,18.325,40695.8125,1468.0625,10721.5625
17.432954406738304,1.8983569741249084,646.1760069444445,14.46,47196.625,694.1875,28948.5
20.159692382812523,1.8313823342323303,611.4069010416667,14.877500000000001,43466.625,880.8125,23649.625
19.52148590087893,2.17421817779541,202.43240451388888,30.982499999999998,45033.125,2841.0625,3455.9375
14.13251647949221,2.7040151357650757,0.2936471896701389,20.9825,40719.625,11067.0,0.0625
11.676171875000023,2.8089197874069214,0.001925796800189525,14.855,37502.9375,13487.25,50.0625
13.50184020996096,3.0590535402297974,142.30096462673612,21.4725,48191.8125,10363.375,8575.4375
19.098985290527366,3.622709274291992,473.3426822916667,15.084999999999999,55962.5625,11605.75,17618.125
20.875329589843773,4.2032084465026855,379.7242361111111,18.445,53606.375,15617.8125,10822.5
18.813264465332054,3.774393677711487,88.69971408420139,23.060000000000002,52101.5,15118.75,1379.9375
15.862443542480491,3.5197927355766296,0.258672858344184,17.1925,43068.3125,13662.5,0.0625
13.978944396972679,3.412641227245331,0.0006160999668969,9.615,37864.6875,13997.0,19.75
13.670686340332054,3.425057888031006,75.88422661675347,15.1825,43906.0,12315.0,3998.8125
14.944970703125023,4.101841032505035,333.92881076388886,11.375,52561.6875,18269.25,11594.6875
14.655564880371116,4.988000154495239,362.56217881944445,-0.13999999999999999,51244.5625,23184.6875,10197.25
12.907693481445335,5.0754231214523315,126.3131494140625,12.0475,49768.9375,23188.75,2083.125
10.402551269531273,4.363053917884827,0.3957957967122396,6.535,41324.25,22643.0625,0.0
9.12799987792971,4.571287393569946,0.00512641694810655,-18.45,36361.125,19564.25,45.0
10.13068542480471,5.247219920158386,151.15259602864583,-30.6025,40725.1875,19442.25,8711.875
13.137544250488304,5.947474718093872,518.3646527777778,-67.7775,50236.3125,22836.125,19809.25
14.113023376464866,6.14539897441864,500.8914496527778,-54.92,47142.0,21855.0,14010.25
13.41363677978518,5.134868144989014,165.73529893663195,9.49,47807.3125,22908.9375,2139.0625
11.346398925781273,4.2829430103302,0.3827065700954861,12.337499999999999,42306.9375,22528.4375,0.0
10.521195983886741,4.479626536369324,0.002968129316965725,8.335,40275.0625,22788.125,26.375
10.843942260742212,4.853598356246948,102.2288456217448,20.0225,57960.0625,21491.0,4925.3125
12.864778137207054,5.0221556425094604,428.3942621527778,18.4775,64803.375,18891.625,15145.125
14.412080383300804,5.025121212005615,467.27258680555553,15.7575,60487.0,15496.4375,15464.5625
13.956277465820335,4.010192334651947,181.17207356770834,30.57,55809.0,9179.625,3000.1875
10.653962707519554,2.4306520223617554,0.4920313856336806,23.2925,45429.3125,4769.8125,0.5
8.418359375000023,1.9667129814624786,0.008873389561971024,22.0675,42081.3125,2701.6875,52.5625
9.651651000976585,2.1122103929519653,149.78955674913195,33.4625,56902.25,932.3125,9364.4375
14.072045898437523,2.4408426880836487,563.1016059027778,21.3275,62244.125,1179.3125,23536.1875
16.65217742919924,2.7752659916877747,580.4181163194445,21.5225,58484.25,1700.5,20338.6875
16.07215270996096,2.411255270242691,207.98480251736112,41.3225,54896.5625,1674.25,3547.375
11.080857849121116,1.8535722196102142,0.572531263563368,25.1225,45051.5625,1631.0,0.625
8.219018554687523,1.7154788672924042,0.012368497848510724,21.9625,41836.5625,1404.9375,64.6875
10.809403991699241,1.8034181594848633,181.59473687065972,27.235,57412.8125,1232.8125,11429.5
16.961289978027366,2.3667678833007812,630.1750954861111,21.7475,63032.4375,2453.75,27807.375
18.92878875732424,3.1607962250709534,547.0385416666667,20.259999999999998,59260.875,8061.8125,21253.125
17.62561950683596,3.5215799808502197,178.75184136284722,24.302500000000002,56939.1875,12360.5625,3243.0625
13.055253601074241,3.4073185324668884,0.5523006863064236,19.2675,46380.5,12541.0,0.5625
10.593621826171898,3.47133731842041,0.01453065978156195,16.5775,43007.625,13645.4375,51.0625
10.968713378906273,3.8053747415542603,158.5481304253472,24.16,57012.1875,9481.3125,9027.25
14.625489807128929,4.014894723892212,621.4150260416667,18.5325,62827.75,9028.5625,25395.5625
16.46930084228518,4.277928829193115,663.3950520833333,17.14,59725.3125,10993.6875,22363.9375
15.280152893066429,3.8328740000724792,235.45174262152779,25.6025,55701.5,9966.1875,3591.625
10.923699951171898,2.807687282562256,0.7694972059461805,21.435000000000002,44956.1875,9624.4375,0.25
8.17933044433596,2.305378019809723,0.018494622972276473,19.77,41225.5,6301.625,65.5625
10.04224548339846,2.3701823949813843,183.11554036458335,30.11,55426.9375,2458.5,10857.875
15.402375793457054,3.0677273273468018,663.225859375,20.495,59969.0,3292.625,26875.3125
17.35681304931643,3.717650830745697,643.8888541666666,18.6,55623.5625,5788.625,19987.875
16.38374481201174,3.516594409942627,226.57129991319442,25.982499999999998,52477.375,8079.0,3442.125
11.825456237792991,2.9508001804351807,0.8434757486979166,20.075,43132.75,11171.4375,0.0625
9.188272094726585,2.618003487586975,0.0208311547173394,14.9025,37488.3125,9052.625,64.4375
10.945207214355491,2.96548068523407,186.06970269097224,13.61,44043.3125,5400.0,10639.0
15.755273437500023,4.145842492580414,656.8626996527778,7.685,51182.375,11534.375,24866.125
16.89991912841799,4.555680632591248,540.477265625,4.612500000000001,48057.625,13512.3125,17226.8125
15.626695251464866,4.095953702926636,176.52775499131945,17.1625,47144.375,12250.9375,2931.5625
11.748696899414085,3.2245904207229614,0.786689927842882,14.662500000000001,39796.4375,10996.9375,0.0625
9.117181396484398,3.0837449431419373,0.018920856051974824,9.7075,34537.25,10989.5,61.3125
10.436242675781273,3.57104355096817,154.34769368489583,4.24,38955.875,8150.1875,9488.75
14.996537780761741,4.671250820159912,569.3173177083333,-1.42,47535.9375,12132.6875,25006.8125
17.32434997558596,4.792556405067444,525.3984461805555,-25.22,44140.3125,12904.25,21600.875
16.91096649169924,4.284349203109741,186.6243435329861,10.8675,44983.5,17600.3125,3511.875
12.911653137207054,3.7030025720596313,0.9003235541449652,10.192499999999999,38761.0,18613.375,0.125
10.010316467285179,3.0116993188858032,0.0309096188015408,6.4275,33433.1875,12958.1875,76.5
11.900872802734398,3.040987014770508,191.0324462890625,9.3725,38490.125,7055.1875,11755.0625
18.142129516601585,3.7720316648483276,711.2215451388889,-2.9375000000000004,46427.875,9079.0625,31205.0625
21.332864379882835,4.067009925842285,745.9956597222222,-12.91,43462.125,9686.5625,25619.3125
20.546662902832054,3.3843141198158264,261.52283094618053,21.1325,44883.375,10212.25,3880.8125
14.875993347167991,2.832375466823578,0.98512451171875,19.669999999999998,39963.8125,12260.0625,0.125
11.361726379394554,2.394281566143036,0.03430010689629447,16.380000000000003,37588.375,8241.9375,81.8125
13.879052734375023,2.182091474533081,196.87602430555557,35.855000000000004,55935.6875,3368.3125,11520.3125
20.410302734375023,2.4726215600967407,709.3709809027778,20.939999999999998,62885.5,2019.375,29957.375
22.901536560058616,2.4490851759910583,732.6834722222222,20.7975,59074.625,2868.8125,23604.6875
21.55939636230471,2.1785672903060913,244.5525412326389,51.5125,55287.5625,3387.0,3738.125
15.571534729003929,2.2814270853996277,1.0133837212456598,28.345,45098.9375,4443.1875,0.75
12.533067321777366,2.20908385515213,0.038616680569118926,21.25,41285.1875,4463.4375,92.75
14.576219177246116,2.288851499557495,175.05450086805556,37.59,56856.75,4121.75,10557.25
20.749925231933616,2.6453930139541626,632.2246875,27.305,63252.875,4946.0,26249.1875
22.147866821289085,3.0437979698181152,638.4058159722222,25.895,60372.5,10087.3125,18501.5625
19.16919860839846,2.8798424005508423,202.1886111111111,35.6375,56503.6875,11207.375,2826.5625
14.958528137207054,2.7547528743743896,0.8562239583333333,23.7625,45868.25,9226.875,0.25
12.98133239746096,2.7067745327949524,0.04372759924994572,20.987499999999997,42486.8125,7455.75,64.0625
13.79047546386721,2.845283269882202,121.29532280815971,34.7475,57924.9375,5129.3125,5445.3125
16.384637451171898,3.376896560192108,379.97610243055556,30.755,65076.75,7792.6875,11265.0
16.365098571777366,3.781387150287628,334.43667534722226,26.0525,62540.25,11125.4375,7513.0
14.599710083007837,4.0009013414382935,101.20584526909722,25.802500000000002,58618.625,13962.9375,1100.5
12.519616699218773,4.032938659191132,0.5482359822591146,18.695,46931.5625,15512.8125,0.625
11.022576904296898,4.012841582298279,0.015809357961018875,16.4375,43099.375,13812.3125,39.8125
10.552972412109398,4.2300015687942505,103.35302707248263,30.877499999999998,57470.6875,10775.125,5880.0625
12.30170593261721,4.5397361516952515,448.77999131944443,27.5625,64009.5,14217.0,15307.3125
13.595185852050804,5.164521336555481,479.8608854166667,23.6925,59818.4375,22101.6875,11699.9375
12.542031860351585,5.4447479248046875,150.35717013888888,27.205,56247.0625,26484.5625,2099.625
10.554971313476585,5.437744736671448,0.8355013113660325,13.8,46911.0,29042.0,0.0625
9.502275085449241,5.06182324886322,0.03867867787679035,0.6825,41198.5625,24598.0625,65.5
10.339997863769554,5.21937370300293,124.7739347330729,3.5825000000000005,46964.8125,22835.125,6235.9375
13.231187438964866,5.492227077484131,413.80096354166665,0.44999999999999973,54968.1875,26027.625,16646.125
14.984666442871116,5.288137793540955,491.5923784722222,1.1649999999999998,50577.375,23094.0,15129.3125
14.453424072265648,3.89129775762558,179.007939453125,20.975,48616.9375,13301.4375,2811.75
11.836396789550806,3.1162150502204895,1.0145229178113448,20.53,41348.6875,14697.1875,0.0625
10.727990722656273,3.3701822757720947,0.057471665276421426,12.36,35894.0625,16028.1875,59.5
11.63599548339846,3.6143531799316406,133.90566650390625,14.07,40343.5,12759.875,5889.1875
14.317918395996116,4.0130457282066345,418.69944444444445,15.5175,49344.9375,12555.125,13665.375
15.055841064453148,3.886339247226715,402.7457986111111,13.01,46243.3125,10967.8125,10901.0
14.074029541015648,2.9278175830841064,149.8414377170139,26.03,46354.5,5304.3125,2569.875
11.299485778808616,2.12672758102417,1.2643068904884986,27.485,41191.1875,2936.875,0.0625
9.571282958984398,1.9384140074253082,0.0534573279486762,21.9125,39043.9375,2080.0625,79.125
11.064630126953148,1.7783237099647522,161.34766059027777,37.595,55834.5625,668.125,8664.0
15.069360351562523,2.121399760246277,517.7385069444445,33.47,61949.375,1491.75,19171.0625
16.298211669921898,2.4060564637184143,482.4128298611111,30.4675,58617.5,2899.3125,14346.5
15.573625183105491,2.416067898273468,185.217939453125,36.832499999999996,55326.9375,3418.125,2908.25
12.289491271972679,2.2149550914764404,1.2782407883554696,29.307499999999997,45487.3125,3711.25,0.5625
10.654756164550804,2.1451807618141174,0.06324905395507813,24.125,41632.75,3529.25,67.375
11.822923278808616,2.4856008291244507,122.67738769531249,43.0125,57002.1875,2608.3125,5697.1875
15.029351806640648,2.76135116815567,403.5961805555556,44.1325,63007.9375,2265.0,13987.6875
16.119432067871116,3.0513502955436707,387.3392621527778,36.3125,59660.6875,3831.6875,10510.5
15.355203247070335,2.913881242275238,136.97163085937498,43.46,56410.125,4909.625,1970.3125
13.182168579101585,2.633914053440094,1.1972991765373282,28.044999999999998,45863.6875,5493.625,0.3125
11.905778503417991,2.5225404500961304,0.06615131378173827,22.7075,41768.375,5205.8125,51.875
12.490441894531273,2.6848851442337036,102.64683132595488,37.03,57262.6875,3282.4375,4409.125
14.959275817871116,3.05951589345932,378.4353732638889,36.3125,63177.1875,3527.25,12485.125
16.199700927734398,3.3613011837005615,380.1229861111111,31.4525,59389.5,5593.1875,9877.5
15.524736022949241,3.1416168808937073,128.7390890842014,33.3075,55891.4375,7749.25,1863.125
13.866822814941429,2.9149944186210632,1.000534696587258,27.0075,44702.1875,8931.75,0.1875
12.948266601562523,2.8559789657592773,0.026345053778754325,19.605,39961.9375,8512.625,27.1875
13.155091857910179,2.991660714149475,68.40436008029513,26.645,46804.0625,8970.4375,3576.25
15.267442321777366,3.0081971287727356,296.0392144097222,24.3625,53862.9375,9312.75,12055.5625
17.38349304199221,3.263827085494995,372.66664930555555,20.4875,50906.5625,9723.125,13159.6875
17.474580383300804,3.2700480222702026,139.69529622395834,28.4975,49623.5,9996.375,2884.375
14.564347839355491,3.0115628838539124,1.0404726998756328,22.25,42235.8125,11735.1875,0.1875
13.026124572753929,2.7549641728401184,0.0374426057603624,16.795,38629.125,9131.3125,66.625
14.343041992187523,2.9262560606002808,140.74343560112848,24.315,51685.625,7108.875,8915.0625
19.579202270507835,3.566115915775299,555.1918663194444,19.055,57514.625,7726.625,26689.0625
22.973107910156273,4.239840090274811,612.7998871527777,17.447499999999998,54975.1875,12577.625,22818.375
22.355981445312523,4.154363393783569,226.4073947482639,25.490000000000002,51950.3125,16753.125,3834.5625
17.909333801269554,3.855131506919861,1.5481661828690105,21.665,43668.0625,19807.0,0.1875
15.627320861816429,3.311217725276947,0.0573825454711914,18.85,37931.8125,14198.8125,81.1875
16.874986267089866,2.7475388050079346,160.45719184027777,19.572499999999998,44351.0625,7345.5,9335.4375
21.812860107421898,2.9655731320381165,577.7127083333334,17.3325,52413.1875,6670.75,25003.5625
23.557527160644554,3.63614159822464,575.0739409722222,16.9325,49898.3125,10612.75,18179.4375
21.09723052978518,3.8667407631874084,174.82570421006943,24.295,48733.6875,17434.25,2749.4375
17.750177001953148,3.7779558897018433,1.1591164695554308,20.810000000000002,41097.3125,16034.1875,0.125
16.15474090576174,3.6556569933891296,0.07124285380045572,14.4025,35763.625,13740.9375,51.1875
16.275552368164085,3.727708578109741,88.75549207899306,15.945,40454.0625,9893.3125,3410.25
17.65406188964846,4.025339782238007,301.24706163194446,19.377499999999998,49350.4375,10501.0625,8612.25
18.522515869140648,4.03042471408844,347.8051822916667,15.5325,46977.125,10775.9375,8295.5
17.824067687988304,3.5386516451835632,135.30145073784723,24.18,47617.25,11467.9375,1526.6875
15.699258422851585,3.440987288951874,1.0585217372576394,23.7,41475.6875,12348.9375,0.125
14.254373168945337,3.2147473096847534,0.07740772671169704,18.96,38537.6875,10746.4375,59.4375
14.90613708496096,3.143856167793274,109.48625298394097,34.2875,56265.375,7470.0,5383.6875
17.846101379394554,3.0621068477630615,417.71072048611114,33.835,62847.8125,4573.375,14859.625
19.22480926513674,2.7865052819252014,441.9930815972222,31.605,59425.1875,3139.5625,12057.5625
18.45790252685549,2.2533934116363525,160.8560275607639,39.625,55685.125,3222.625,2218.375
15.509416198730491,1.9291460514068604,1.491225425004959,31.19,44903.6875,2624.625,0.5
13.946199035644556,1.7327864170074463,0.07049888610839843,24.85,41564.3125,1545.0,71.1875
15.260453796386741,1.6086749732494354,120.9782288953993,39.2025,58224.75,718.6875,5843.5625
18.755654907226585,1.7364461719989777,457.23620659722224,38.3375,64068.125,474.875,16208.6875
20.357705688476585,1.9360115230083466,500.6632725694444,31.865,59921.0625,1117.3125,15304.5
19.482583618164085,1.8377484679222107,199.46313368055553,39.887499999999996,55939.375,1384.9375,3298.6875
15.999475097656273,1.655467301607132,1.8237644176350698,32.0725,45306.875,785.25,0.375
14.168565368652366,1.5511769354343414,0.07333914862738715,27.5775,41538.0625,675.875,85.25
15.83399353027346,1.5604380369186401,155.62341796875,46.6375,57586.25,653.0625,8000.3125
19.984727478027366,2.110191375017166,525.8133506944445,37.355000000000004,63344.0625,733.5,21299.125
21.296258544921898,3.0426963567733765,496.7027430555555,35.425,60623.75,3617.9375,15179.9375
19.765351867675804,3.0934616923332214,166.84772569444445,43.735,56819.8125,9054.0625,2295.625
16.583406066894554,2.953587055206299,1.50709674735864,30.3225,46049.5,10736.3125,0.625
14.889924621582054,3.0306801199913025,0.07705899556477865,23.39,42404.5,8792.3125,66.75
15.239686584472679,3.3620212078094482,127.36327745225694,34.2425,58240.375,6081.125,6516.8125
17.879022216796898,3.470098614692688,429.55428819444444,35.9525,63969.5625,5345.0,17958.0
19.13783416748049,3.1967193484306335,423.1831770833333,31.95,60501.875,4998.4375,15413.4375
18.07837066650393,2.5723626017570496,156.0092892795139,35.965,56149.0625,4134.6875,2800.8125
15.128274536132835,2.28818941116333,1.4389887100458145,29.2075,45791.0,3851.75,0.375
13.717149353027366,2.4712170362472534,0.04115470462375215,22.7,41536.5625,4487.3125,60.25
14.485696411132835,2.7461608052253723,114.23374918619793,34.817499999999995,56513.5625,4130.6875,6563.625
17.351960754394554,3.330593705177307,401.65605902777776,31.877499999999998,61226.3125,5979.8125,15748.3125
18.36615905761721,3.5705350041389465,408.88544270833336,26.2225,57331.875,7948.375,13153.875
17.45735321044924,3.0253809690475464,154.92380533854165,33.74,53796.375,6752.125,2734.75
15.225328063964866,2.9082323908805847,1.4837507931391398,29.4825,43515.4375,6883.25,0.1875
13.938699340820335,3.22357839345932,0.035346313052707225,21.2375,38024.875,9558.125,45.0625
14.530076599121116,3.533918023109436,108.79292534722222,23.157500000000002,45080.625,9812.875,6678.75
17.248208618164085,3.719693422317505,411.28630208333334,20.49,52558.875,12910.75,18374.75
18.382669067382835,3.9363958835601807,422.23741319444446,18.4,48858.6875,13203.1875,14654.0625
17.76460418701174,3.5591315627098083,166.25153103298612,31.735,47950.5,9942.375,2973.25
14.88672790527346,2.754080057144165,1.6908146552244823,30.424999999999997,40433.25,6072.0625,0.0625
13.149415588378929,2.8245195150375366,0.0349084578620063,17.785,34961.875,5307.25,58.1875
14.404496765136741,2.988620698451996,138.99714680989584,12.4775,39408.5,4491.125,9138.375
18.57923278808596,3.304882764816284,530.2948263888889,16.075,47215.0,5022.5,23666.75
20.800195312500023,3.326656401157379,502.47342013888886,12.2875,44496.6875,5472.25,20068.25
20.588838195800804,2.6430919766426086,182.22464626736112,28.869999999999997,45670.8125,4229.0625,3717.375
16.626809692382835,2.309025764465332,1.479077828394042,27.07,41114.5625,3853.125,0.1875
14.633538818359398,2.515382766723633,0.050485322740342876,21.5475,38375.3125,4874.125,82.9375
15.935525512695335,3.0476250052452087,155.95746907552083,34.795,57669.5625,5124.4375,8682.125
19.664758300781273,3.622577488422394,572.17,29.8625,63129.625,6631.0,23377.6875
21.545434570312523,4.108396530151367,611.0130729166667,26.0275,59905.25,9172.4375,20327.375
20.77906188964846,3.4228360652923584,238.6289474826389,36.5375,56269.375,5960.5,4061.9375
15.936791992187523,2.446298897266388,2.3256380302376223,31.6275,46095.9375,5160.625,0.625
13.070817565917991,2.236842632293701,0.07108011033799913,25.4375,41963.8125,3783.4375,88.8125
15.19629821777346,2.329374313354492,186.2501730685764,36.1325,57887.0,2138.4375,11045.625
20.482949829101585,2.786720335483551,671.9720052083334,29.795,63843.25,2570.5,28762.5625
22.815057373046898,3.0124674439430237,739.4542708333333,29.8675,60165.0,3152.0625,25240.125
22.127305603027366,2.7595815658569336,278.90610460069445,42.76,56435.0,3541.4375,4438.625
16.71437225341799,2.3120906949043274,2.355047863854302,34.275,45813.0,6024.4375,0.8125
13.564897155761741,2.129234492778778,0.06326068030463325,27.495,41602.5625,5225.8125,90.4375
15.949182128906273,2.161068379878998,198.4457470703125,38.9925,57554.0625,2269.25,11283.875
21.47156677246096,3.041021227836609,691.0222222222222,34.965,63362.0625,3337.3125,28819.125
23.30201110839846,3.538827896118164,664.2657291666667,34.1575,59876.0625,5555.6875,22732.5625
22.109094238281273,3.427630305290222,245.9193044704861,43.4825,56116.9375,8536.0625,4027.625
17.856072998046898,3.089012861251831,2.2926629583040876,32.6975,46225.6875,12678.0,0.9375
15.548997497558616,2.8410196900367737,0.0584907489352756,26.1975,42473.8125,11657.3125,64.125
17.018334960937523,3.0499887466430664,165.52703993055556,39.5725,57839.125,6572.9375,8678.75
21.480310058593773,3.7485180497169495,600.4458767361111,35.005,64385.1875,8590.6875,24495.5
23.731797790527366,4.027302801609039,628.6032725694445,32.3175,61355.8125,10813.8125,20672.625
22.941804504394554,3.5734349489212036,236.40367513020834,41.2875,57074.5625,10694.6875,4054.5
18.55194244384768,3.004998505115509,2.1590041369862027,33.005,46771.375,12496.5,0.9375
15.82630310058596,2.6936349868774414,0.057053180270724826,25.995,42376.5625,9532.75,84.3125
17.709519958496116,2.734921097755432,185.14441677517362,38.0775,56694.5625,5395.0625,10723.25
23.04773864746096,3.09927636384964,647.6336458333333,34.37,62284.125,6901.3125,27370.6875
25.04414520263674,3.2032569646835327,645.55078125,33.5825,58587.4375,6463.375,20817.0
23.543855285644554,2.6415773034095764,220.2648871527778,42.2725,54171.3125,7774.375,3206.75
19.273171997070335,2.525541126728058,1.988797878159417,36.025,44174.0,6721.875,0.375
16.998147583007835,2.432235598564148,0.05260098775227862,27.435000000000002,38129.5625,5479.125,79.625
18.726602172851585,2.4882240295410156,168.04132758246527,27.43,44897.0625,3995.8125,9199.5
23.551782226562523,2.9855045676231384,609.5696527777778,24.165,52578.375,5662.1875,24828.3125
25.604280090332054,3.5780559182167053,612.3296788194444,19.345,49488.25,10753.5625,19203.5
23.701654052734398,3.0132999420166016,200.79498914930556,30.71,47548.875,8657.625,3402.125
19.89198455810549,2.719532072544098,1.809524326192008,26.49,40682.875,9359.875,0.4375
18.175515747070335,3.072418510913849,0.045940132141113275,14.915,35512.375,11827.6875,76.625
18.956948852539085,3.686912417411804,137.1180406358507,12.7225,39955.5,11965.25,6766.0
21.355386352539085,4.3480530977249146,469.25309895833334,11.3,48308.0,17629.8125,16595.3125
21.639802551269554,4.618174910545349,482.38354166666664,4.935,46023.25,17655.1875,14910.125
19.929551696777366,3.6712119579315186,176.42249565972222,30.744999999999997,45663.25,9258.125,2612.25
16.417901611328148,2.639896333217621,1.5504679312970904,27.7325,40484.125,7605.0625,0.1875
14.636567687988304,2.8723320960998535,0.0379153357611762,18.16,38691.0625,10351.9375,52.3125
15.068933105468773,3.034961521625519,113.55681911892361,35.33,56655.3125,9901.875,5832.375
17.69513854980471,3.8680562376976013,438.8343489583333,30.3525,63706.6875,14142.5,19609.25
19.578942871093773,4.915658116340637,519.0370138888889,21.4225,60767.1875,19291.0,18853.8125
19.07661590576174,4.283477246761322,201.34420030381943,34.36,56265.4375,17013.125,3442.9375
15.400842285156273,3.7775142192840576,1.348635045554903,25.189999999999998,46149.875,17898.5625,0.625
13.512933349609398,4.397958517074585,0.0315993414984809,17.2225,43150.625,21725.0625,70.125
14.65508422851565,5.293248772621155,144.1419544813368,25.245,60157.125,24645.8125,9093.0625
17.890069580078148,6.4559645652771,454.83016493055555,0.9525,66219.625,26099.375,21540.5
19.91314849853518,6.4574549198150635,459.85686631944446,6.005,62473.0,25132.5625,18031.3125
19.491746520996116,5.155170917510986,149.5783181423611,33.1875,57733.25,20006.9375,3171.0
16.440103149414085,4.075598359107971,0.9901539975404741,28.875,47504.1875,17394.5625,0.125
15.065660095214866,3.9386273622512817,0.02220284779866535,25.3225,43901.125,15310.3125,52.25
16.491494750976585,3.855067551136017,124.934453125,37.5,58251.3125,10325.625,8097.0625
20.536347961425804,4.156534552574158,448.423828125,31.44,65833.125,11944.5,21043.25
22.768525695800804,4.333728194236755,470.984296875,27.8725,62428.8125,14310.8125,17911.9375
21.61438140869143,3.656852066516876,187.19860568576388,40.394999999999996,57750.375,14413.625,3262.875
17.979150390625023,3.351261258125305,1.4334167085753549,35.9,47644.875,12378.375,0.0625
16.022752380371116,3.432982861995697,0.0280693605211046,28.4175,43779.4375,10150.9375,58.375
16.550035095214866,3.4008975625038147,130.60281032986111,42.6975,57193.9375,6455.75,6961.0
19.296502685546898,3.4450008869171143,472.77890625000003,40.3825,64688.125,6577.375,18509.75
20.50770721435549,3.4360572695732117,508.10269097222226,35.9475,61721.75,7167.9375,15922.125
19.059106445312523,2.784655511379242,186.74667643229168,47.9725,56929.875,5938.375,2841.0625
15.996377563476585,2.473850727081299,1.4248648819989627,40.57,46530.25,5638.0,0.0625
14.352845764160179,2.580976903438568,0.0157163619995117,31.1525,41985.9375,6948.4375,51.0
14.645555114746116,3.0356990098953247,136.09475070529516,45.120000000000005,55198.625,5140.375,8280.25
17.64606628417971,3.909014046192169,501.4733854166667,34.8,61849.875,9551.375,20462.6875
19.769250488281273,4.421118140220642,442.76659722222223,26.53,59290.125,14920.1875,18373.125
19.42341003417971,3.7348833084106445,156.32341254340278,37.07,54362.875,13555.8125,3676.75
15.651109313964866,3.397661566734314,1.2356059042695497,28.9175,45144.3125,15772.8125,0.0625
13.833940124511741,3.9701406359672546,0.00986534966362845,16.9,39920.1875,22542.75,61.375
15.260400390625023,4.563129901885986,130.2611984592014,13.657499999999999,45681.6875,24025.125,8913.0625
19.43318328857424,5.584274768829346,472.8988194444444,-0.71,54692.6875,27562.0625,22621.375
21.420457458496116,5.9465391635894775,450.1746180555556,9.19,52473.8125,29110.0,17572.25
20.876947021484398,5.199991345405579,151.01873589409723,27.2875,49981.375,26548.375,2781.625
18.44104919433596,4.743601441383362,0.5117504559126165,16.5775,42949.375,24883.1875,0.0
17.557847595214866,4.968394637107849,0.005591397815280475,-4.3225,37451.4375,25604.25,28.375
18.35047302246096,5.833445191383362,73.83688788519966,-14.192499999999999,41655.875,28675.625,5831.375
20.99757537841799,7.232423663139343,346.16489583333333,-42.8775,51435.1875,30436.25,16187.125
22.64814147949221,7.24951446056366,373.91538194444445,-57.8775,50033.0625,26058.875,16365.125
22.018533325195335,5.8376384973526,175.004443359375,10.540000000000001,48867.8125,27687.5625,3489.3125
18.63116607666018,4.743276834487915,1.5493054101202222,20.259999999999998,44392.5625,23464.8125,0.0625
16.34045562744143,5.073700547218323,0.0140230549706353,4.665,41696.3125,27233.6875,52.0
15.58643493652346,5.894898891448975,131.4875523546007,24.6375,58363.9375,30707.25,7884.9375
16.93860015869143,6.682976603507996,502.17754340277776,0.9725,66700.4375,30919.0,20916.875
17.565049743652366,6.9222657680511475,538.5220486111111,-1.2025000000000001,63928.125,31067.0,18587.1875
16.120591735839866,6.336935043334961,208.00771375868055,33.0,59525.4375,26024.1875,3576.25
12.834519958496116,4.681389331817627,1.6740792216029432,31.244999999999997,49160.0625,20574.5,0.0625
10.554856872558616,3.8987395763397217,0.01288772688971625,27.5775,44246.8125,13776.9375,58.625
11.893899536132835,3.784986436367035,165.13232991536458,35.8875,57820.8125,9742.5625,9953.25
15.993623352050804,4.1042869091033936,522.0819184027778,27.88,65493.875,12601.5,23466.5625
18.09674224853518,4.556202054023743,484.5969010416667,26.205,62741.125,16051.875,18545.8125
17.16175994873049,3.784381628036499,170.6217046440972,40.05,58194.4375,11346.5,3292.3125
13.331666564941429,2.9160796999931335,1.0889121451642778,36.0325,48050.125,8477.5625,0.0625
11.77771911621096,2.8096423149108887,0.010365204281277124,30.045,43365.0625,7774.1875,31.625
12.72907409667971,2.9635308384895325,106.8614382595486,43.295,57964.0,5922.0,6125.125
15.974450683593773,3.3361708521842957,397.1773177083333,43.065,65656.0625,6241.1875,16050.5
17.364488220214866,3.54072505235672,379.8514930555556,41.315,62466.0625,5424.8125,11766.5625
16.771234130859398,2.8123095631599426,134.64853298611112,51.495000000000005,58305.5,3230.1875,2088.0625
14.409410095214868,1.971440464258194,0.9416022228697936,40.16,47939.3125,2290.8125,0.0
13.39203796386721,1.9568332731723785,0.00894313706292045,32.0575,43057.6875,2750.0625,29.1875
14.543450927734398,2.394690454006195,80.12322496202256,48.495,57494.875,5440.8125,5715.25
18.264619445800804,3.466103672981262,346.480234375,45.1,65174.9375,9421.0,16619.8125
20.77026519775393,3.930421233177185,379.6591319444444,40.4075,62493.5,12276.625,16066.625
20.794107055664085,3.1409594416618347,153.94016601562498,47.915,58716.5625,8326.25,3021.75
17.14325103759768,2.4399637579917908,0.8292667093955808,40.1325,48332.5,4248.9375,0.0
15.578775024414085,2.5799103379249573,0.00515741560194225,31.6525,42052.6875,8059.8125,29.25
16.71381530761721,3.3654093742370605,113.7037200249566,41.1375,56012.4375,12081.3125,6814.3125
20.495332336425804,4.605331540107727,423.93039930555557,38.8875,63385.5,18960.0,18579.1875
20.981927490234398,5.355423092842102,444.96293402777775,31.137500000000003,61080.5625,23935.75,13975.875
18.192918395996116,4.857582330703735,169.48409396701388,39.442499999999995,56934.625,17272.4375,2623.125
14.480767822265648,3.512286603450775,1.3558538882806896,35.1675,46253.0625,11746.75,0.0625
12.389009094238304,3.2463879585266113,0.005893635749816875,26.925,39854.5625,10442.125,40.0625
12.768556213378929,3.4229560494422913,123.87574517144097,27.775,45002.5625,7994.9375,7404.0625
15.764634704589866,3.554783046245575,484.46231770833333,24.575,52442.4375,8435.25,20046.9375
17.523042297363304,3.7181028723716736,504.3556076388889,23.9325,49415.5,8166.25,17403.625
16.958840942382835,3.236548066139221,200.6693283420139,34.12,47057.0,5504.6875,3476.6875
12.739961242675804,2.458458364009857,1.4687435267141296,33.61,40462.875,5494.25,0.0625
10.20020446777346,2.4591745734214783,0.00432819922765095,25.005000000000003,35409.125,5771.375,48.0625
12.06037292480471,2.582882821559906,165.80337646484375,20.205,38672.4375,4022.125,10308.875
17.233941650390648,3.182146728038788,584.2906597222222,16.925,46978.0,5157.25,25554.875
19.30989227294924,3.6485124826431274,529.6942795138889,18.16,45011.3125,6573.1875,20782.9375
18.74037322998049,3.2713311910629272,209.57644314236111,34.81,45202.0,4500.1875,4006.0625
13.777833557128929,2.642503499984741,1.4441344629502337,31.955,40208.875,5613.25,0.0625
10.806298828125023,2.405667245388031,0.002820885446336525,25.4375,38196.375,4268.1875,49.0625
13.040010070800804,2.2867701053619385,174.05750189887152,37.49,55835.1875,2402.625,10649.6875
19.198220825195335,2.5300081968307495,650.6131510416667,32.24,62447.875,2553.375,28558.25
21.62519989013674,2.5801469683647156,606.8865017361111,33.8625,58793.75,2144.75,23938.5
21.01941070556643,2.207442820072174,218.072275390625,43.0325,55437.6875,1470.9375,4204.625
15.291581726074241,2.1174610257148743,1.269661865234375,35.177499999999995,45488.0625,3487.125,0.0
12.507608032226585,2.2582242488861084,0.0022241597705417,27.9675,42522.8125,6027.0,45.875
14.669267272949241,2.2752737998962402,146.22042019314236,38.58,57331.3125,3740.875,9626.875
20.790437316894554,2.367372512817383,550.4300954861111,36.655,63450.5,3105.75,24244.125
22.079461669921898,2.7851726412773132,487.89510416666667,37.0075,60536.25,4924.875,16534.75
20.08979187011721,2.6345171332359314,149.23147569444444,44.692499999999995,56962.875,5204.1875,2486.125
16.08571014404299,2.2384077310562134,0.6855100504557292,36.055,46190.6875,4429.1875,0.0
14.286119079589866,1.9859080910682678,0.000972585479418425,30.715,42710.9375,2121.8125,18.75
14.47437438964846,2.0007984936237335,92.2057184516059,48.81,58589.0,1601.125,3989.3125
16.58985290527346,2.400989830493927,381.8751041666667,46.8425,64719.8125,2025.875,12351.875
17.460542297363304,2.8724557161331177,439.3701388888889,41.2675,60886.6875,3202.1875,12673.6875
16.721429443359398,2.581498920917511,167.46848524305554,46.165,57079.75,2409.125,2665.5625
14.36609802246096,1.862573891878128,0.9223248969184028,37.1875,46549.9375,1619.75,0.0
13.317216491699241,1.9764546751976013,0.000747844643063,30.1125,42998.1875,2048.0,24.5
13.78870544433596,2.14129376411438,81.49395128038195,52.0575,58824.4375,1320.8125,4134.6875
15.753945922851585,2.3956084847450256,309.4977907986111,52.4,64831.5,2069.75,11163.375
16.53668365478518,2.7409274578094482,328.56920138888887,45.2225,61415.1875,3244.25,9436.75
16.03418121337893,2.5198574662208557,124.23362087673613,49.19,56906.1875,2617.625,1850.1875
13.977647399902366,2.0667267441749573,0.787957017686632,37.6025,45882.6875,2265.6875,0.0
12.766114807128929,2.0535873770713806,0.000468855963812925,29.875,42254.25,2555.25,28.125
13.754975891113304,2.17195588350296,115.30799045138889,42.66,57047.6875,1930.1875,6954.6875
17.43396911621096,2.32860404253006,458.3694704861111,39.66,62268.125,2369.0,19527.6875
19.376451110839866,2.5509496331214905,475.7014756944444,35.81,57396.875,2523.5,15366.875
18.764184570312523,1.9368202686309814,166.13756184895834,41.1425,53473.3125,1278.8125,2880.6875
15.231690979003929,1.5387242138385773,0.8481178114149306,35.51,43086.0625,925.0625,0.0
13.145906066894554,1.5210026800632477,0.0002402402460575,26.5,37282.125,1014.125,29.9375
14.730920410156273,1.545467495918274,132.14849012586805,26.475,44123.75,1312.0625,9503.0625
20.187036132812523,2.0660459399223328,528.990078125,23.645,51316.9375,2008.8125,23849.8125
22.343713378906273,2.179508149623871,446.3960329861111,24.685,47590.6875,2018.0625,17402.0625
21.744622802734398,1.7532528638839722,157.8495746527778,37.2525,45331.75,759.5,3205.6875
17.243676757812523,1.858766496181488,0.6928024631076389,34.8325,38559.0625,1517.625,0.0
15.16871032714846,1.7534942924976349,0.00010462074644035,25.619999999999997,33606.875,2069.125,28.4375
16.792047119140648,1.5584453344345093,131.75586127387152,25.045,38625.0625,1695.1875,8963.125
22.72473297119143,1.919578105211258,562.1597569444444,23.1325,46370.375,1818.8125,25249.9375
24.61468658447268,2.31468266248703,559.1397135416667,22.6575,43810.8125,3335.125,19212.9375
23.16407928466799,2.161639928817749,192.33431640625,35.355000000000004,44852.375,4919.0625,3385.125
18.26544342041018,2.229917049407959,0.8076295979817708,34.175,40099.0,4718.0,0.0
15.822961425781273,2.3225887417793274,2.3249054534567726e-05,26.375,38435.25,4105.6875,23.25
16.43525085449221,2.7229970693588257,124.28538248697917,37.6875,55738.1875,5454.25,7546.125
20.61055145263674,3.189091980457306,524.2750694444444,29.697499999999998,63153.3125,6986.3125,22258.5625
22.146455383300804,3.771744430065155,589.9191319444444,27.8975,59784.25,9425.0625,20052.5625
20.93420562744143,3.5323840379714966,226.303046875,41.64,54783.0625,6953.8125,3660.5625
16.074441528320335,2.763034760951996,0.7899254014756945,34.3875,44858.4375,5988.3125,0.0
13.381974792480491,2.593242049217224,7.749685189790195e-06,27.265,41775.75,5636.0625,24.0625
14.46839294433596,2.797387182712555,136.8107533094618,37.11,56510.625,4552.5,9318.5
19.15357360839846,3.2245184779167175,555.8863281250001,26.275,62821.75,5775.625,25176.875
21.32985076904299,3.778981566429138,575.5295572916666,24.830000000000002,59954.25,8276.6875,21009.875
20.15559539794924,3.6176081895828247,213.1360904947917,40.7775,56401.6875,7803.875,3640.8125
15.212495422363304,2.8816569447517395,0.6960650634765625,34.64,46039.0625,7543.0625,0.0
12.394044494628929,2.5937705039978027,0.0,27.017500000000002,42571.375,5476.4375,23.6875
13.608934020996116,2.4960713386535645,148.54375813802085,37.7875,57447.625,2904.1875,9518.6875
18.836778259277366,2.412980556488037,593.0429340277777,31.11,63186.125,2514.875,25965.125
21.252969360351585,2.5411211252212524,595.4977864583334,31.6225,59695.625,3074.75,21201.625
20.341401672363304,2.7203949689865112,200.12845594618057,43.557500000000005,56146.875,3272.875,3476.375
15.704057312011741,2.329878807067871,0.5162103949652778,36.825,45503.8125,3488.125,0.0
13.258752441406275,2.1530611515045166,0.0,30.32,41664.625,2706.5,17.4375
14.312661743164085,2.1062530875205994,138.39217732747397,40.8125,56560.9375,3245.3125,8317.125
19.57470855712893,2.4755983352661133,591.1790538194444,31.225,62406.125,4627.4375,26560.9375
22.37055358886721,2.842349648475647,611.9675347222222,31.6775,59148.75,4867.125,21111.3125
21.66011199951174,2.2336061000823975,190.42288953993057,43.455,55867.125,3970.4375,3446.25
16.85584411621096,2.351680278778076,0.43567955864800345,33.76,45018.3125,5441.75,0.0
15.067758178710962,2.6884034276008606,0.0,23.9525,42261.875,10073.4375,16.0
16.246492004394554,2.941337823867798,111.48873596191406,36.5025,56167.4375,8889.75,6344.5
20.91712341308596,3.592910647392273,494.77510416666667,32.917500000000004,62700.1875,11240.0,19654.625
22.57928619384768,4.5457528829574585,525.5119878472223,24.7025,59583.1875,16546.1875,16639.5
21.00795135498049,3.90161794424057,183.45657552083333,36.5625,53981.5,10083.8125,2732.25
17.303193664550804,2.6569960713386536,0.4738816324869792,34.2525,43305.9375,4972.0,0.0
15.12854919433596,2.269454836845398,0.0,26.0,37521.8125,2896.25,14.9375
16.235887145996116,2.3238887786865234,125.13843953450521,25.43,43531.5,3766.8125,7311.0625
20.873223876953148,3.2433563470840454,492.84330729166663,19.7825,51046.125,8947.875,20257.375
22.990472412109398,3.3896814584732056,463.29984375000004,20.3475,48331.875,8561.8125,15635.8125
22.357583618164085,2.3887863159179688,155.5975857204861,31.0275,46102.375,6328.625,2695.0
18.63923034667971,2.711004376411438,0.25842486911349827,25.58,39247.5,10617.9375,0.0
17.092706298828148,3.4103893637657166,0.0,17.7425,34907.9375,15500.75,10.5
17.150186157226585,4.017144024372101,70.52164184570313,13.8075,40120.5625,15649.375,3646.6875
19.353845214843773,4.417770504951477,333.99133246527776,1.73,48127.8125,17660.875,17424.8125
21.125520324707054,4.462520718574524,501.6034809027778,-15.405000000000001,45004.875,16771.9375,17389.1875
20.181924438476585,3.2755013704299927,191.38758138020833,29.1675,45240.9375,9331.1875,3086.0625
16.15283355712893,2.170129358768463,0.3685788981119792,32.1375,39692.125,4433.3125,0.0
14.155152893066429,2.2276798486709595,0.0,25.2875,37592.0,4546.5625,12.3125
15.568376159667991,2.183132767677307,129.43284722222222,37.78,54305.25,5795.5,8052.625
21.220185852050804,2.780022978782654,516.4911024305555,33.76,61344.5625,5673.125,22182.1875
23.866006469726585,3.4315141439437866,505.70841145833333,33.185,58640.0625,8793.3125,16573.9375
23.36622772216799,3.2845218777656555,176.99849446614584,37.39,56232.4375,13313.5625,2693.1875
19.84388122558596,3.7559673190116882,0.19142884996202256,22.372500000000002,46396.8125,20758.6875,0.0
18.321389770507835,4.120043754577637,0.0,18.1725,43952.5,23261.1875,9.4375
19.270776367187523,4.516711473464966,116.54654819064669,30.080000000000002,58721.0,21029.6875,7232.9375
23.00061950683596,5.230186581611633,542.1231423611111,14.897499999999999,65682.25,25346.125,22499.4375
24.03759918212893,5.781752943992615,572.0126822916667,14.432500000000001,62217.875,26530.3125,16627.375
21.68318328857424,4.792339205741882,179.5966970486111,35.115,57009.9375,20360.9375,2872.4375
17.508691406250023,3.6871336698532104,0.2315528361002604,28.045,46480.25,16216.3125,0.0
14.980928039550804,3.600991427898407,0.0,23.0875,42957.3125,14862.0,10.125
15.21784362792971,4.022325217723846,124.79334445529514,28.9875,57956.75,17259.8125,8630.0
19.281098937988304,5.075081706047058,548.096935763889,3.6025,64422.5625,23474.8125,24939.375
21.69000396728518,5.071601033210754,592.9228298611112,4.665,60434.1875,20689.25,22285.625
20.847947692871116,4.14592045545578,214.0244509548611,33.9375,56677.625,14692.125,3418.1875
15.517411804199241,3.149121582508087,0.2166618177625868,34.7375,45845.1875,10591.3125,0.0
12.665452575683616,2.8880229592323303,0.0,28.115000000000002,42422.625,9218.6875,10.9375
14.233003234863304,2.830804705619812,141.08632975260417,37.74,56555.3125,7206.0,9440.1875
20.80018005371096,2.7286760807037354,620.8239496527777,26.9775,62879.0,5900.6875,28342.8125
24.195108032226585,2.6754124760627747,663.4895138888888,30.53,59556.4375,5135.125,23497.125
23.400491333007835,2.4908828735351562,224.68354926215278,52.8975,55715.5625,3409.375,3409.875
17.53462371826174,2.291778028011322,0.20295262654622395,38.692499999999995,45436.1875,3848.75,0.0
14.707643127441429,2.106773614883423,0.0,32.3975,42183.1875,3518.9375,9.5625
16.410737609863304,2.09473192691803,141.63970614963108,42.7025,55567.3125,2500.875,9137.1875
23.581781005859398,2.1848071217536926,640.477265625,32.7325,61426.9375,1885.6875,28635.4375
27.131822204589866,2.1470589637756348,715.3496006944445,34.5475,57286.4375,1951.875,24037.3125
26.254014587402366,2.3490440249443054,238.95493055555556,49.6875,53030.125,4191.75,3434.4375
20.088174438476585,2.7613914012908936,0.17446090698242187,35.2975,44468.875,14247.0,0.0
17.301232910156273,2.830552041530609,0.0,23.985,39244.25,16021.25,8.875
18.540750122070335,2.7331880927085876,136.33337951660155,25.73,44958.375,9369.3125,8325.875
24.91015777587893,2.6904428601264954,588.4856336805556,23.66,52771.5,6477.875,23707.9375
27.584092712402366,3.0128397941589355,621.1472569444445,26.107499999999998,49037.4375,6316.8125,18579.875
25.41694793701174,2.9454261660575867,180.3602121310764,38.34,46849.8125,7063.625,2499.4375
20.64325103759768,2.767825722694397,0.1194187757703993,32.175,41113.25,6172.625,0.0
18.476846313476585,2.625409245491028,0.0,25.634999999999998,35917.6875,4173.6875,4.875
18.31037292480471,2.463310182094574,86.01273500230577,26.6425,39123.0625,3424.75,4717.8125
20.710008239746116,2.747192084789276,393.5994357638889,26.705000000000002,46413.125,4686.9375,12850.625
21.24696502685549,2.9280866384506226,404.8426736111111,24.5275,45434.625,7994.25,10151.0
19.54853973388674,2.79025000333786,128.6407416449653,32.6775,45380.25,7079.5,1714.1875
16.825677490234398,2.55062597990036,0.10392715454101563,31.86,40276.8125,5010.6875,0.0
15.031449890136743,2.6534077525138855,0.0,26.2675,38440.125,4468.1875,3.75
15.027940368652366,2.623910903930664,75.43206246270074,39.435,54120.6875,2484.8125,4544.5
17.55310211181643,2.590944826602936,391.75419270833333,40.8075,61334.625,1976.625,15963.6875
18.713647460937523,2.9110823273658752,433.731015625,38.21,57929.5,3426.6875,12161.8125
17.555406188964866,2.870785653591156,123.46972493489584,43.0775,54895.1875,4057.125,1808.4375
14.656762695312523,2.7240740060806274,0.07389324612087672,33.8925,44238.5625,4413.3125,0.0
13.051171875000025,2.917615830898285,0.0,25.455000000000002,41167.75,4641.5,4.25
13.30616149902346,2.9594005346298218,84.52146977742514,44.0225,55439.5625,2828.0,5528.0625
16.768899536132835,3.0662918090820312,420.6288802083333,39.51,61454.5625,3137.25,16801.875
18.494607543945335,3.1183497309684753,445.92870659722223,35.44,58087.8125,3871.75,13839.375
17.958001708984398,2.2571362257003784,150.1174994574653,41.0225,54652.1875,2425.625,2524.625
13.994470214843773,2.1312540471553802,0.04151894039577907,32.6475,44330.75,5585.875,0.0
12.162950134277366,2.6105927228927612,0.0,21.375,41840.9375,11949.375,4.5625
13.802835083007837,3.0782232880592346,117.414283396403,30.174999999999997,56415.75,13350.5625,8338.75
20.554780578613304,3.490855038166046,586.5790885416667,23.932499999999997,62774.4375,12422.375,27730.6875
23.65760192871096,3.321573555469513,620.0404947916667,25.79,58911.125,8121.1875,23293.3125
22.992044067382835,2.3912211060523987,210.9109347873264,42.1175,55295.5625,3817.625,3226.1875
17.29499206542971,2.4162042140960693,0.0441925811767578,32.3225,45225.8125,7807.75,0.0
14.756036376953148,2.5947389602661133,0.0,24.322499999999998,41569.1875,10947.6875,4.3125
16.35650787353518,2.42513644695282,132.08497748480903,36.24,55585.125,5385.0,8957.0
23.564355468750023,2.605414032936096,634.5415711805556,27.2325,62147.875,2030.4375,28834.5
26.688157653808616,2.5056307911872864,679.2035416666668,32.11,59035.9375,1432.75,23836.9375
25.563806152343773,2.3688371777534485,209.47274522569444,47.49,56124.4375,2839.8125,3094.0
19.63153991699221,2.454585373401642,0.032804417080349375,35.88,45859.125,6311.9375,0.0
16.800714111328148,2.1174678802490234,0.0,28.7875,41650.75,3910.875,3.5625
18.255662536621116,1.9775424897670746,129.18672512478298,38.045,55495.875,1883.1875,8579.125
25.82283172607424,2.345646560192108,628.7215538194445,32.8925,62115.0625,1558.125,27865.5625
28.956658935546898,2.6372717022895813,660.4405034722222,33.975,58370.125,1935.75,23016.25
27.64697418212893,2.4705971479415894,206.91793348524305,46.35,54775.875,3590.25,2964.75
21.55292663574221,2.538332939147949,0.0233381758795844,37.207499999999996,44335.8125,6125.1875,0.0
18.543313598632835,2.0929611921310425,0.0,29.73,38446.0625,3069.75,2.75
19.760903930664085,1.5942870080471039,125.79756507025826,31.7325,45030.5625,874.375,8335.75
27.695787048339866,1.426811158657074,611.3623350694444,26.575,52531.25,340.25,27277.75
30.523004150390648,1.7062448859214783,652.7807291666667,28.5475,49990.9375,765.25,21913.3125
28.589692687988304,2.141440510749817,192.0588932291667,40.0225,48255.4375,3441.4375,2767.3125
22.51831970214846,2.2894203066825867,0.013391455544365775,33.2025,40811.75,6085.125,0.0
19.479829406738304,1.9750939905643463,0.0,26.4375,35822.0,4597.4375,2.1875
20.291421508789085,1.939678132534027,114.89081219143338,24.6925,40151.6875,3599.5,7403.875
27.300630187988304,2.1532767713069916,556.4236024305555,24.802500000000002,47886.25,2578.3125,24681.5625
29.875947570800804,2.7414003014564514,594.1873350694444,26.12,46614.625,5585.125,19189.5625
27.15553436279299,2.6937891244888306,170.9825857204861,38.5325,47240.625,8698.25,2246.875
22.06703338623049,2.5766111612319946,0.0090787559085422,30.0725,41809.25,8505.625,0.0
19.63367614746096,2.287890315055847,0.0,27.552500000000002,40446.9375,7379.5625,1.75
20.148171997070335,2.314332604408264,111.50158416748047,39.8625,57380.0,7320.6875,6471.25
25.906915283203148,2.762052059173584,549.5631336805556,36.495000000000005,64907.25,5165.6875,22728.3125
28.25251922607424,3.3385082483291626,576.9222569444444,37.8825,62474.75,7628.5625,19027.625
26.120812988281273,3.407392740249634,163.583381890191,47.4525,59244.125,10983.1875,2366.8125
21.88800201416018,3.185439348220825,0.005145790841844325,34.839999999999996,48529.75,12984.625,0.0
19.738519287109398,2.947955012321472,0.0,30.84,45519.3125,12027.125,1.8125
20.170495605468773,3.162581145763397,114.16971232096355,39.8575,59813.375,8308.75,7461.0
26.154168701171898,3.4771311283111572,585.4843923611111,35.545,67062.5,8624.75,25821.3125
28.711541748046898,3.7825071215629578,636.0086024305556,36.1225,64048.875,12573.375,18836.0625
26.170396423339866,3.5728872418403625,171.19897759331596,42.6975,60158.5625,17133.5625,1974.0625
21.61450347900393,3.553907811641693,0.002685265805986175,28.085,49782.875,18242.375,0.0
19.06770477294924,3.2330809235572815,0.0,26.775000000000002,45529.8125,15077.4375,1.875
19.49360809326174,3.179273307323456,116.44810063256158,39.1525,59500.3125,9725.3125,7711.875
25.743272399902366,3.5268043279647827,594.9604861111111,34.754999999999995,66284.125,7750.25,26445.0625
28.649766540527366,3.601319670677185,628.229375,36.4875,62956.8125,10087.0,19655.6875
26.23054656982424,3.2262325286865234,179.08068684895835,48.46,59060.375,14768.5,2120.5625
21.60041961669924,3.1580833196640015,0.001216700606875925,32.4125,48631.9375,15336.25,0.0
19.218843078613304,2.857661247253418,0.0,29.0275,44713.75,12487.5,1.375
19.608735656738304,2.756419539451599,101.64901381174724,39.68,59516.6875,6813.6875,5730.375
24.469415283203148,2.939170777797699,485.4752777777778,39.942499999999995,66102.8125,5379.3125,16958.25
26.07959899902346,3.2360764741897583,506.85237847222226,39.1175,62801.25,7988.3125,12628.5625
23.930390930175804,2.983432173728943,139.03313639322917,49.0225,59116.6875,9143.625,1676.6875
20.461022949218773,2.6777665615081787,0.000464981098969775,35.975,47824.3125,8198.125,0.0
18.833772277832054,2.3299428820610046,0.0,30.855,44251.9375,5387.5625,0.6875
19.04499206542971,2.291220724582672,71.91617351108127,49.412499999999994,58372.0,3757.8125,4074.25
22.194741821289085,2.2501949667930603,401.6347395833333,47.09,63924.9375,1976.75,15678.6875
23.995698547363304,2.266394019126892,440.72493923611114,38.1425,59439.5,2589.0625,14044.0625
22.29285583496096,2.042063385248184,124.37542453342013,44.207499999999996,55746.25,2959.3125,1729.0625
19.278710937500023,1.9313420355319977,0.00010849559472665,36.9025,44407.125,3032.5,0.0
17.86206970214846,1.8306663632392883,0.0,30.265,38596.875,2053.5,0.5625
18.26977691650393,1.738964557647705,77.94539856168959,29.9675,44737.3125,1958.125,4753.25
22.47754058837893,1.7628343403339386,448.1920920138889,29.395,52075.5,1466.4375,18861.0
24.64045104980471,2.0458621084690094,515.5621701388889,27.405,49201.9375,2299.8125,14999.3125
23.202172851562523,2.129824161529541,135.2993505859375,37.6475,47329.9375,3673.625,1881.875
19.54364166259768,2.149610698223114,1.549937037958039e-05,33.95,40376.625,4405.6875,0.0
17.643952941894554,1.9776641726493835,0.0,26.5875,35651.125,3683.25,0.6875
18.399407958984398,2.1238356232643127,100.57407515419854,27.0775,39865.875,3100.5625,6909.4375
24.458421325683616,2.7723228931427,558.6324479166667,23.6175,48580.5,4051.4375,25935.4375
27.037500000000023,3.1505969166755676,584.2279427083333,22.7925,46382.125,5491.375,20001.5625
24.82422027587893,2.814693570137024,156.4458140733507,37.74,47401.4375,8137.9375,2069.875
20.296289062500023,2.6505435705184937,0.0,33.55,42355.125,11935.3125,0.0
18.108255004882835,2.3930216431617737,0.0,28.509999999999998,39987.125,7536.5625,0.5625
18.282823181152366,2.3955463767051697,86.58926367865669,41.675,57534.625,3896.3125,5155.9375
22.163140869140648,2.5092493295669556,435.89953125,40.665,64417.125,2903.625,16708.125
23.587457275390648,2.466227948665619,450.8728385416666,40.7725,61482.0,3387.375,14029.9375
21.742951965332054,2.3005935549736023,109.93646660698785,54.835,58968.6875,4102.1875,1625.875
18.625604248046898,2.212762176990509,0.0,38.2425,46897.4375,3508.25,0.0
17.142984008789085,2.190700352191925,0.0,31.1675,43526.375,3879.9375,0.125
17.08618316650393,2.3772035241127014,73.10789080037011,49.9275,58930.5,3313.0625,5184.875
20.630838012695335,2.7818923592567444,442.3244184027778,40.9425,64441.1875,3568.625,19554.0625
22.009545898437523,2.9864893555641174,453.53283854166665,38.435,60746.375,4557.6875,15191.875
20.262254333496116,2.2585404217243195,119.21055989583333,54.239999999999995,57673.625,2657.875,1809.3125
16.944863891601585,1.9949432909488678,0.0,40.1975,46220.3125,1960.375,0.0
15.292054748535179,2.114161729812622,0.0,31.67,43400.4375,2104.4375,0.125
15.775361633300804,2.071345269680023,92.15002871645821,43.4375,58513.625,1733.125,7336.5
21.033494567871116,2.0736322700977325,529.0261805555556,35.09,63598.25,1311.3125,24914.0625
23.84253082275393,2.0789202451705933,519.7552170138889,35.8975,60554.25,1551.75,19078.0
22.63556823730471,1.747325211763382,137.3998493109809,47.235,57805.25,3519.9375,2117.0
18.52582702636721,2.4826743602752686,0.0,33.605000000000004,46820.8125,10603.1875,0.0
17.40516052246096,2.8986858129501343,0.0,26.0475,44333.8125,11925.4375,0.3125
18.185151672363304,2.9787654280662537,72.14903573128912,37.935,58773.5625,8900.5625,5016.375
23.719659423828148,3.009182631969452,453.9724826388889,37.4325,65209.8125,6613.4375,22994.5
27.15680847167971,2.9641194343566895,486.98801215277774,37.5025,62212.4375,5049.125,18487.5625
26.057458496093773,2.268680989742279,125.02806382921007,54.595,58947.4375,4490.4375,1917.8125
21.804437255859398,2.9696625471115112,0.0,35.402499999999996,48083.3125,13749.625,0.0
20.270913696289085,3.2338574528694153,0.0,22.8325,45157.1875,17129.0,0.375
20.972444152832054,3.6730273962020874,77.77097077508768,35.205,59988.1875,17366.1875,6115.625
26.199205017089866,3.6636205911636353,458.0634375,28.7975,66101.3125,13647.3125,21896.375
29.01709136962893,3.8820399045944214,503.3869704861111,28.2325,62210.3125,14576.5625,17275.5625
26.887841796875023,3.1367233991622925,125.5680050998264,40.84,57243.6875,11935.8125,1663.0
22.622407531738304,2.949662148952484,0.0,33.7875,45460.9375,11246.5625,0.0
20.578645324707054,2.8715441823005676,0.0,21.905,40675.875,12791.6875,0.25
19.852868652343773,3.5651758909225464,56.0518588239948,27.15,47108.875,16768.875,2901.1875
21.375360107421898,4.49625027179718,360.7676692708333,20.4975,54673.75,21473.125,13029.875
22.219392395019554,5.152510404586792,413.59080729166664,12.09,51528.9375,23753.5625,13034.8125
20.562554931640648,4.271922290325165,108.60903700086806,31.6025,49416.4375,18404.9375,1674.25
17.740769958496116,3.83706796169281,0.0,27.9025,41457.75,18057.125,0.0
16.39618835449221,3.9287604689598083,0.0,17.052500000000002,36701.0625,16385.8125,0.25
16.386399841308616,4.249411523342133,68.86944029265808,18.0875,41424.5,18666.5625,5088.3125
19.437982177734398,5.253379464149475,426.4900347222222,-2.7775,50358.375,24842.125,18201.0
20.533921813964866,5.549115300178528,445.46204861111113,0.9674999999999998,47733.125,24442.25,14660.4375
18.835000610351585,4.519982695579529,112.00188205295139,34.4,47752.5625,16643.0,1744.375
15.597703552246116,3.44536429643631,0.0,31.685,42124.8125,11999.1875,0.0
14.056108093261741,3.146103620529175,0.0,26.759999999999998,40407.5625,9456.0,0.1875
14.231103515625023,3.1272663474082947,64.57044747407755,50.005,57094.375,7618.5,5044.5
17.81739959716799,3.6098334789276123,380.04184895833333,45.355000000000004,64071.4375,9675.625,16642.8125
19.14991912841799,4.045388221740723,377.8433680555556,43.8675,60779.6875,11730.75,13369.875
17.65986785888674,3.3786383271217346,91.53792670355902,63.45,57504.4375,8896.0625,1595.25
14.282769775390648,2.6923152208328247,0.0,44.7475,46029.5,6856.4375,0.0
12.387475585937523,2.464127242565155,0.0,33.655,43617.625,4676.6875,0.125
12.793923950195335,2.4417101740837097,81.67076144748265,48.465,58877.0,3926.0625,6606.125
18.06562957763674,3.2127943634986877,439.99625000000003,40.67,64661.125,8814.0,19849.0
20.584222412109398,3.907513678073883,367.2945833333333,36.3625,61671.3125,14756.9375,12473.375
19.68121490478518,4.113917946815491,90.34836185031467,39.0625,59421.625,21482.0625,1164.125
17.99310455322268,5.165082573890686,0.0,16.2075,48435.5625,30007.8125,0.0
17.629083251953148,5.986860394477844,0.0,6.282500000000001,46526.8125,33496.375,0.0625
17.545892333984398,6.752670884132385,53.43972113715278,35.195,62609.875,38211.375,4813.0625
18.927285766601585,7.961520671844482,311.0796701388889,15.7325,68923.0625,42585.9375,15765.875
20.06276092529299,8.300182104110718,352.025390625,3.2575000000000003,65494.4375,42996.1875,12874.875
19.065583801269554,7.213650941848755,86.28867458767361,30.9625,62266.875,39813.125,1112.25
16.673623657226585,6.060064077377319,0.0,22.0775,49415.9375,32388.875,0.0
14.658418273925804,5.252014398574829,0.0,25.0425,46147.875,24051.4375,0.0
14.022012329101585,4.637117147445679,65.34108601888022,45.71,60944.125,18372.5625,5810.3125
17.372048950195335,4.359086811542511,384.8811979166667,41.567499999999995,65765.125,13599.6875,17797.125
19.187493896484398,3.4957647919654846,376.29196180555556,49.845,61204.0,7083.5,14298.3125
18.051377868652366,2.1586184203624725,106.40273003472223,79.825,57625.9375,2904.5625,1685.6875
14.419351196289085,2.492730438709259,0.0,44.17,45831.3125,9077.375,0.0
13.673295593261741,3.2934865951538086,0.0,30.7475,43590.125,17209.875,0.0
14.262345886230493,3.829416275024414,53.032317301432286,45.695,59123.25,17782.1875,4094.6875
18.06752166748049,4.325305104255676,369.7258550347222,40.45,64800.5,15065.125,16559.5625
20.13117370605471,4.128439784049988,383.77705729166667,39.4875,59652.0,12930.625,11172.375
18.03608093261721,3.111112415790558,74.98743952433269,49.275,55857.4375,8737.125,831.625
15.301866149902366,2.904816210269928,0.0,38.0325,44223.0,9530.0,0.0
14.122781372070335,3.109268009662628,0.0,29.33,39237.625,11261.5625,0.0
13.87091979980471,3.2837666869163513,51.75998752170139,33.9,45555.0625,9765.1875,3842.8125
16.78998718261721,3.778032660484314,363.5098828125,33.4925,53419.375,10410.0,15441.1875
18.574815368652366,3.662651836872101,371.83432725694445,33.345,49842.0625,9411.5625,10510.875
17.273736572265648,2.3549716770648956,82.43588641696506,45.567499999999995,48023.3125,5142.625,949.8125
14.446641540527366,1.8331797420978546,0.0,38.86,39310.875,3236.9375,0.0
13.090104675292991,1.6512803435325623,0.0,31.285,35247.4375,2649.5625,0.0
13.31348571777346,1.7562034726142883,42.68013461642795,31.3875,39465.8125,2960.125,3101.125
16.622476196289085,2.172761023044586,291.1615277777778,32.0375,47870.5625,3721.5625,11298.5625
17.819909667968773,2.9680436849594116,271.5737760416667,30.1475,46129.1875,7989.1875,7625.0
16.223054504394554,3.6172330379486084,58.2921507941352,40.0225,47238.75,12013.5,611.4375
14.349504089355491,3.871946334838867,0.0,34.1625,41114.1875,12397.9375,0.0
13.433686828613304,3.6564533710479736,0.0,30.28,40461.625,8432.375,0.0
13.306169128417993,3.32185035943985,43.76571126302084,60.3175,58982.125,6085.4375,2986.25
15.66791687011721,2.738486170768738,334.56081163194443,63.675,64380.0,3556.375,14439.0625
17.27978668212893,2.5271368622779846,381.4412934027778,59.2275,60793.125,3074.875,11673.9375
15.872064208984398,2.256668746471405,91.22239254421659,72.045,58416.4375,2466.0625,946.125
13.486962890625023,2.2179871201515198,0.0,43.5325,46051.625,3230.625,0.1875
12.306817626953148,2.3158827424049377,0.0,36.265,43646.875,3116.6875,0.75
12.28375396728518,2.634991705417633,49.50641784667969,58.075,59996.0,3291.375,3682.6875
15.394029235839866,3.0470741391181946,345.9987109375,52.4775,64943.625,3012.0625,15545.375
16.84510955810549,3.090459108352661,408.0597569444445,48.635,60899.1875,4255.6875,12401.125
15.270135498046898,2.663775682449341,92.56138870239258,62.0675,59538.6875,4230.75,1026.625
12.466859436035179,2.1936034560203552,0.0,41.980000000000004,47299.0,3646.4375,0.0
10.866143798828148,2.019615888595581,0.0,36.28,44283.75,2133.875,0.5
11.090135192871118,1.9879426062107086,61.43956753200955,61.745,60430.625,2045.5,4485.8125
15.842439270019554,1.9425260424613953,421.7303211805555,48.2625,65161.25,1618.125,21129.6875
17.904389953613304,2.251292407512665,453.978046875,46.697500000000005,61065.0625,2797.8125,16174.8125
16.231187438964866,2.0634995996952057,91.12188716464573,62.7,58952.8125,2625.0,1282.75
12.599794006347679,2.0172267854213715,0.0,44.2175,46875.5,2834.6875,0.125
11.010957336425804,2.3894373774528503,0.0,36.045,44140.3125,5466.6875,0.5625
11.57001647949221,2.8302796483039856,61.18428087022569,54.0875,59556.625,9337.75,5986.3125
16.93030700683596,3.5844502449035645,395.80486979166665,37.65,65045.0625,12200.5625,20299.1875
18.82306823730471,4.351505637168884,315.58862413194447,34.5275,62478.125,19441.3125,12176.0
17.36920318603518,3.9233065843582153,54.17281812985738,45.675,60982.0,21313.3125,727.1875
15.823121643066429,4.2826247215271,0.0,27.4675,49172.5625,21625.0,0.25
15.55420837402346,4.224283218383789,0.0,27.625,45841.125,17922.0,0.9375
15.793122863769554,3.8881195187568665,41.96132073296441,47.445,59809.3125,14056.75,3609.25
19.35901031494143,3.986076533794403,374.1645182291667,37.4625,64657.0625,11419.9375,18901.0625
22.087197875976585,4.0514684319496155,454.6842447916667,35.7125,60084.5625,10584.1875,15393.6875
20.307061767578148,2.8506051301956177,85.39873003111946,49.245000000000005,55834.5,7682.0,1071.5625
16.90895233154299,2.6871166229248047,0.0,38.0475,44197.875,8190.375,0.0
15.425294494628929,2.80956894159317,0.0,30.0275,39085.625,7791.4375,0.5625
15.103570556640648,3.298557162284851,42.839584554036456,35.4125,46697.125,11999.25,3483.125
18.02472839355471,4.00050550699234,331.41546440972223,28.174999999999997,54135.125,14129.0,14892.625
18.79230651855471,4.577872157096863,375.7202604166667,26.1775,50816.3125,15681.125,11625.3125
16.721726989746116,3.9849658608436584,72.77270307223002,43.042500000000004,49488.875,11842.6875,713.8125
13.906762695312523,3.125153064727783,0.0,35.18,40981.3125,10891.3125,0.0
12.265115356445335,3.0264151096343994,0.0,29.7075,36749.5625,10683.5625,0.1875
11.767381286621116,3.0612868070602417,50.21971171061198,31.425,41310.0625,8675.75,5489.8125
15.336808776855491,3.3390315771102905,382.52484375,32.815,48983.625,8026.625,19482.1875
16.732759094238304,3.423742413520813,354.7401432291667,32.1275,46388.5,6879.5625,11457.5
15.066888427734398,2.740161716938019,66.64121910598543,46.3475,47017.0,3487.375,807.625
12.219743347167991,2.4298859238624573,0.0,36.682500000000005,41052.1875,3972.125,0.0
10.923539733886741,2.4207011461257935,0.0,31.3325,40231.9375,3926.6875,0.5
10.970933532714866,2.464090049266815,55.60596418592665,56.605000000000004,58417.1875,2877.375,5374.625
15.64203796386721,2.948386549949646,428.69359809027776,43.57,64074.0,3616.625,22396.8125
18.076341247558616,3.3020580410957336,389.64161458333336,40.325,60849.6875,6163.875,16600.875
16.482713317871116,2.704737067222595,73.10248088359833,55.5475,59319.6875,8439.25,1156.25
12.639863586425804,3.037774085998535,0.0,32.1625,47506.625,14267.5,0.0625
11.395387268066429,3.59499728679657,0.0,26.7025,45785.3125,19108.125,0.6875
12.022668457031273,3.8979715704917908,46.36485195583768,38.4425,62455.0,18933.75,4944.0
17.687409973144554,4.18160092830658,356.77590711805556,29.244999999999997,67245.8125,18111.625,21485.375
20.501367187500023,4.159420311450958,415.7920138888889,36.4375,63125.625,14527.5,16521.375
18.90297088623049,3.1654804944992065,76.99894943874745,59.995000000000005,60209.0,8860.0625,982.75
15.301049804687523,2.8496641516685486,0.0,36.435,48366.5,9886.1875,0.25
13.721726989746116,3.033848226070404,0.0,30.7475,45290.8125,11002.3125,0.875
14.01209411621096,3.396867096424103,45.97207292344835,47.1025,61291.9375,13025.375,5238.0
19.49188385009768,3.9929096698760986,370.5188020833333,30.2125,67407.4375,15267.6875,21802.375
22.271096801757835,4.330089211463928,376.0679904513889,33.230000000000004,64221.0,17431.6875,15402.875
19.938043212890648,3.9293242692947388,67.76129320860996,46.78,61454.125,17099.25,843.0625
15.868547058105491,3.9153730273246765,0.0,29.865,49781.5625,17685.1875,0.375
13.68702087402346,3.590967893600464,0.0,30.259999999999998,46135.9375,12696.125,0.5
13.122796630859398,3.3207967877388,46.72603278266059,52.49,62100.375,8455.25,4409.75
16.67853698730471,3.1611745357513428,357.98717013888887,46.45,66247.8125,4151.375,19197.5
18.76721343994143,2.784264087677002,380.48489149305556,47.75,61768.4375,2895.5625,16241.75
16.804231262207054,2.129617750644684,73.91084337022569,69.12,59047.25,1109.25,996.125
13.133721923828148,1.982047200202942,0.0,44.9275,46723.875,1703.6875,0.0
11.946519470214866,1.983328104019165,0.0,38.535,44190.125,3814.1875,0.5
12.119104003906273,2.084997296333313,44.53402770996094,61.9825,59256.875,4095.0,4584.0625
17.605195617675804,2.3060050010681152,401.2234331597222,43.305,63803.875,4686.75,23137.6875
20.84680328369143,2.8704254627227783,419.2226302083333,39.385,59380.9375,6839.75,17797.375
18.541589355468773,2.2667559385299683,76.83164577907985,58.565,56663.0,6008.5,921.8125
14.139436340332054,2.4193583130836487,0.0,43.6975,44190.5625,7399.0625,0.0
12.392755126953148,2.5009341835975647,0.0,33.4775,39784.0,8829.1875,0.625
12.597459411621116,2.8762850165367126,54.84141757541232,37.75,47649.5,13044.3125,5478.1875
19.401300048828148,3.740658402442932,455.9159461805556,15.3625,55174.1875,16736.4375,23842.25
22.507295227050804,4.381662845611572,453.22401041666666,16.55,52199.0,20125.75,16778.75
19.633348083496116,3.5314928889274597,77.44717041015626,47.74,51081.125,14189.9375,843.25
15.11676177978518,2.885540723800659,0.0,37.4975,41433.25,9724.6875,0.0
12.903771972656273,2.7484076619148254,0.0,29.03,36714.625,10541.6875,0.125
12.990090942382835,3.01675146818161,51.806914757622614,29.81,41647.75,12956.9375,5449.25
19.520303344726585,3.5551148653030396,461.672578125,-16.95,49959.625,14268.0,24704.6875
23.442834472656273,3.6480201482772827,507.1747048611111,-4.487499999999999,46641.5,13373.75,18466.5
20.942926025390648,2.8124724626541138,86.71571994357639,46.9,48245.75,9287.0,890.5625
16.104104614257835,2.6994513869285583,0.0,37.015,41817.3125,7714.9375,0.0
13.957200622558618,2.4370843172073364,0.0,33.41,40679.5,5066.0,0.375
13.97565612792971,2.3186036348342896,57.29080581665039,56.58,58741.5,3837.3125,5747.1875
22.020715332031273,2.366765856742859,494.6090972222222,44.8175,64672.6875,2098.25,25484.875
26.464456176757835,2.3996732234954834,529.1067795138889,50.8675,61825.125,1500.0625,18679.5625
23.02955780029299,2.1734541952610016,87.80529568142362,91.0875,59548.4375,3466.1875,832.5625
17.87092742919924,2.426370620727539,0.0,45.05,47233.8125,6230.5,0.875
15.722459411621116,2.233033299446106,0.0,39.345,44724.5,4972.9375,0.875
15.587564086914085,2.1381752490997314,54.0598526679145,72.6825,61046.3125,3579.875,5406.8125
23.17195281982424,1.9447780549526215,473.1008854166667,57.155,66195.9375,1021.4375,24618.0
27.493371582031273,1.7217226922512054,507.1800694444445,66.3325,62923.3125,1304.9375,18435.0625
23.848779296875023,1.61049485206604,82.21235107421874,136.425,60318.5625,1700.5625,782.625
18.39428863525393,1.7962719202041626,0.0,52.8425,47427.6875,2511.0625,0.5
15.988450622558616,1.8965431451797485,0.0,44.6425,44794.9375,2827.8125,0.75
15.723298645019554,2.0686830282211304,50.082688590155705,74.475,61210.1875,3772.25,4817.75
22.057962036132835,2.3463093042373657,429.9467534722222,52.980000000000004,66782.625,5478.875,20997.875
24.63374481201174,3.50842422246933,434.09110243055557,45.7525,64184.5,12899.0625,14371.6875
21.048387145996116,3.9423311352729797,65.43710828993055,58.44,63114.625,18679.0625,572.4375
17.026216125488304,4.225567817687988,0.0,37.3225,50847.125,19676.4375,0.4375
14.521226501464866,4.195324182510376,0.0,35.0475,47497.5,17033.75,0.625
13.144166564941429,4.1953349113464355,42.40649703131781,53.81,61926.1875,13646.625,4267.3125
16.03645477294924,4.14678955078125,400.52498697916667,41.69,64960.5625,8778.25,21259.3125
18.124192810058616,4.13624119758606,478.5877604166667,44.4825,61455.4375,7747.4375,17084.3125
15.692018127441429,3.9100454449653625,78.68776774088542,66.2425,60167.0,13131.125,672.125
11.929750061035179,3.509514808654785,0.0,38.1575,47202.0625,15037.8125,0.0
9.578515625000023,3.135354697704315,0.0,35.0725,44770.0,12042.75,0.5625
9.187699890136741,2.9602831602096558,51.114709006415474,52.235,59749.125,9212.625,5395.125
15.454194641113304,3.1208276748657227,482.1303472222222,38.105000000000004,63409.0,5882.25,25724.8125
19.10041198730471,3.492039680480957,525.9305729166667,38.292500000000004,59314.875,8024.3125,19419.5
16.436074829101585,3.298827886581421,80.87240207248264,51.9375,57318.1875,13375.25,716.75
11.919839477539085,3.1319514513015747,0.0,34.945,45296.875,15940.5,0.0625
9.43946228027346,2.7886205911636353,0.0,31.6125,40040.5625,12836.5,0.0625
9.116326904296898,2.737523317337036,48.95636627621121,36.9675,46926.8125,10606.625,5341.0625
16.21954498291018,2.777490019798279,458.2019444444445,32.135,52400.25,5264.5,24839.1875
20.455499267578148,2.9570680260658264,475.72369791666665,34.705,49063.6875,6924.375,17801.1875
17.49611053466799,2.881798267364502,68.58587409125434,48.6075,49848.1875,12895.3125,617.1875
12.920808410644554,2.771022081375122,0.0,37.7775,40941.9375,13126.5,0.0
10.363099670410179,2.3425801396369934,0.0,34.542500000000004,36498.8125,7563.5,0.0625
10.00385437011721,2.4240713119506836,46.13465287950304,35.275,40803.375,6145.125,5327.5625
17.064057922363304,2.6271353363990784,451.2211284722222,31.9225,47617.5,3006.625,25424.5
21.08149108886721,3.0406084060668945,486.67164930555555,34.45,44644.5,4200.0625,18335.6875
17.844697570800804,2.792356789112091,70.56469502766927,49.495,48139.1875,9698.9375,590.25
12.985208129882835,2.4569088220596313,0.0,38.915,41379.9375,9329.375,0.0
10.474671936035179,2.0090643167495728,0.0,37.58,40208.4375,3457.5,0.375
10.114160156250023,1.7964112162590027,44.61164502249824,71.16,59146.75,1975.1875,5198.0625
17.767984008789085,1.696653962135315,448.15885416666663,46.94,64038.8125,561.75,24760.75
22.042962646484398,1.4932047426700592,479.5531423611111,53.9925,60657.4375,408.9375,17526.375
18.69281158447268,1.7416648268699646,66.58395812988282,112.875,59380.4375,1668.1875,531.1875
13.75287780761721,1.8902083933353424,0.0,47.375,46432.6875,2926.5,0.1875
11.59266052246096,1.7293826043605804,0.0,41.9625,43995.4375,1375.1875,0.6875
11.580705261230491,1.7004750967025757,42.81031564500597,65.2,61058.625,802.25,4756.9375
19.204927062988304,1.6993288695812225,438.5015147569444,47.07,65442.0,519.75,23597.25
23.06068572998049,2.0926907062530518,464.24344618055557,50.97,61958.4375,1562.4375,15696.9375
19.44935760498049,1.8112415075302124,59.164854566786026,70.4675,60246.75,1497.9375,433.4375
15.082025146484398,2.1092735528945923,0.0,43.832499999999996,46440.8125,3405.625,0.5625
13.482209777832054,2.4287540316581726,0.0,38.7,43942.875,5760.5625,0.5
13.628572082519554,2.7005130648612976,34.04892412874434,54.0025,62017.9375,8225.25,2862.625
18.478372192382835,3.0920987129211426,350.3558376736111,45.7825,66027.4375,6241.6875,15434.8125
21.01484832763674,3.5472943782806396,378.84649739583335,46.0375,62970.9375,9616.9375,11636.0625
18.338349914550804,2.9050947427749634,48.38130777994792,55.0325,60860.625,12715.9375,347.6875
15.748414611816429,3.6073683500289917,0.0,32.465,47505.5625,19862.875,0.5625
14.836366271972679,4.679326176643372,0.0,23.59,46580.3125,27950.5,0.8125
14.361169433593773,5.241021037101746,29.429565622541638,44.265,62642.3125,28601.8125,2997.875
16.83461151123049,5.348394870758057,345.6775130208333,31.405,67473.9375,24105.125,17448.0
18.63722381591799,4.770478367805481,367.5805555555556,39.955,63036.25,19249.3125,12354.3125
16.23028717041018,3.1707643866539,40.248039855957025,56.0175,59441.6875,12213.0,268.4375
13.785417175292991,3.2910003066062927,0.0,35.59,46940.625,13609.25,0.125
12.932305908203148,3.8831260204315186,0.0,28.6475,45164.9375,16171.625,0.5625
11.861405944824241,4.11090087890625,14.799310847057237,50.775,61434.5,15289.1875,1350.125
12.194825744628929,4.454982042312622,189.9044921875,45.685,65619.125,15645.0,8100.4375
12.445802307128929,4.528064250946045,216.28092447916666,37.7525,60503.25,11619.875,6405.5625
10.684655761718773,3.8569687008857727,29.633967844645184,50.32,58066.5,9793.5625,209.5
9.115495300292991,3.6585127115249634,0.0,34.915,45465.875,10028.25,0.0625
8.461793518066429,3.620081305503845,0.0,26.8825,40372.3125,8972.0,0.125
8.330690002441429,3.764648973941803,11.173833217707774,34.7225,47347.0,8862.0625,1045.3125
9.677079772949241,4.212151050567627,120.99755208333335,35.91,55378.9375,10583.875,5238.125
10.249917602539085,5.166480541229248,114.49134982638888,29.9875,54518.5625,20547.8125,2751.5
9.794671630859398,5.545391917228699,13.336711883544924,40.0775,54925.25,26106.625,40.125
9.390534973144554,5.399002909660339,0.0,20.192500000000003,43465.0,23217.0625,0.0
8.917802429199241,4.5844937562942505,0.0,14.157499999999999,37965.0625,17110.875,0.0625
8.534539794921898,3.6028811931610107,16.35065786048149,24.6675,41956.75,10076.8125,2524.375
10.560830688476585,3.323292851448059,185.90267144097223,33.8625,51288.5625,5134.0,12567.375
12.303163146972679,3.0807524919509888,196.83580078125001,33.7375,48259.6875,4013.8125,8750.8125
11.206636047363304,2.319460868835449,24.844726604885526,48.665,50296.125,4642.125,219.5
9.645433044433618,2.3068273067474365,0.0,35.93,42891.9375,5526.9375,0.125
8.708543395996116,2.3038352131843567,0.0,29.427500000000002,42129.6875,4392.0625,0.6875
8.538255310058616,2.3145424723625183,21.19314914279514,54.6325,60884.9375,3585.0,3236.1875
11.59497985839846,2.5755717158317566,251.79333333333335,50.47,65407.3125,2464.8125,15539.75
13.398454284667991,2.728869676589966,230.32020616319446,48.6075,62088.5625,2384.875,8690.8125
12.015222167968773,2.198701322078705,21.644044992658827,62.8525,61278.625,2537.1875,182.625
10.492944335937523,2.378212809562683,0.0,40.3625,47922.5625,2944.6875,0.6875
9.57972106933596,2.4251619577407837,0.0,36.9075,45155.0,3165.5,0.375
9.501741027832054,2.552730977535248,16.20943901909722,70.025,62200.375,3412.8125,2290.75
12.526078796386741,2.7947070598602295,197.8028927951389,62.410000000000004,66933.625,3484.75,11763.5625
14.503434753417991,3.032163918018341,205.5493532986111,56.155,63055.1875,3526.4375,7801.8125
13.057481384277368,2.3131527304649353,21.474455371432835,83.16,61514.5625,2756.25,130.75
11.533914184570335,2.027024358510971,0.0,45.1025,48209.4375,1801.8125,0.25
10.821992492675804,1.9599319398403166,0.0,39.3825,45632.6875,1790.9375,0.3125
10.799180603027366,2.1313602328300476,16.660397135416666,63.0625,62405.5625,2882.625,2393.375
13.920220947265648,2.396719992160797,239.1685503472222,51.004999999999995,65720.1875,3739.625,14847.375
16.46369323730471,2.310034692287445,267.1103993055556,48.287499999999994,61592.8125,3582.5625,11436.625
14.216233825683616,2.419034481048584,29.488679615656533,59.4575,61737.5625,7469.3125,204.375
11.439668273925804,2.8551827669143677,0.0,36.5525,48963.25,12298.125,0.1875
10.012857055664085,2.953877627849579,0.0,31.5175,46562.0625,12976.0,0.0
9.779718017578148,3.2065476179122925,22.202014702690974,50.5025,63487.0,13779.625,2821.8125
13.727067565917993,3.7236490845680237,297.9223871527778,38.895,66823.8125,13148.3125,16349.25
16.266038513183616,4.069642007350922,296.8697482638889,40.36,63958.0625,15938.0625,9853.25
14.115174865722679,3.4948509335517883,25.20888854821523,49.1475,63062.4375,16773.875,128.375
12.204988098144554,3.0329123735427856,0.0,34.82,48439.25,9590.125,0.0
10.824876403808616,2.504580318927765,0.0,34.3725,45967.75,4665.375,0.0
10.656495666503929,3.248317837715149,20.223036295572918,51.5825,62304.0,9365.1875,2281.1875
14.18665466308596,4.770189642906189,268.00589409722227,42.865,66706.5,14975.4375,14302.8125
16.68097839355471,5.6727036237716675,278.23888020833334,33.9925,63513.875,26614.5,8513.3125
15.55042419433596,5.678489685058594,26.477946173614924,31.335,62266.3125,33563.25,98.5625
14.38746032714846,5.528621196746826,0.0,3.7150000000000003,48866.75,31218.5625,0.0
13.651475524902366,5.3660513162612915,0.0,-2.825,43211.4375,28535.125,0.0
13.387498474121116,5.363350749015808,19.15243218315972,7.9799999999999995,46851.0625,26486.6875,1928.0
15.118699645996116,5.784881114959717,237.08204210069445,18.0375,53983.25,23770.625,10615.5625
15.980874633789085,5.615759611129761,238.08649739583333,18.71,50693.9375,20851.375,7343.4375
13.853486633300804,4.321900248527527,22.91421580672264,40.6525,52084.1875,19680.3125,135.6875
11.608201599121116,4.092521071434021,0.0,27.26,43344.625,19008.125,0.0
10.372773742675804,4.1415146589279175,0.0,6.4799999999999995,38483.5625,20401.4375,0.0
10.21869812011721,4.8034985065460205,19.47975206163194,1.3975,43850.0,26388.4375,2633.0
13.182641601562523,5.55496346950531,297.0597005208333,-26.4525,52760.6875,27570.75,16969.8125
15.011758422851585,5.274627923965454,323.0563845486111,-4.584999999999999,49444.3125,23304.4375,12121.375
12.665620422363304,4.183807373046875,30.172510899421237,39.832499999999996,51994.625,21778.75,138.1875
10.503419494628929,4.08029580116272,0.0,22.75,45180.25,22217.5625,0.0
9.77192077636721,3.9860669374465942,0.0,10.0125,44146.5,22050.8125,0.0
9.869729614257835,4.206009387969971,18.19615261501736,43.2475,63701.125,21762.25,1758.5625
11.960160827636741,4.79890513420105,232.88792534722222,36.4475,68434.8125,20347.125,10621.9375
13.102677917480491,4.915546298027039,221.9198459201389,35.5175,64988.3125,19413.875,6244.625
11.726014709472679,4.326290011405945,20.511703830295136,45.2725,63638.875,20844.6875,69.0625
10.695115661621116,4.738232135772705,0.0,27.9175,51235.5625,24650.0625,0.0
10.281457519531273,5.207088232040405,0.0,17.8225,48678.75,27865.125,0.0
10.44562683105471,5.5739006996154785,12.89568101671007,41.995,66507.5625,27976.6875,1652.0
12.311067199707054,5.809195637702942,190.8430707465278,35.927499999999995,71281.5,28924.875,8890.6875
13.499856567382835,5.583550333976746,202.51302734375003,36.8075,67366.4375,24170.375,5515.625
12.276101684570335,4.875481843948364,19.110072428385415,43.45,65036.4375,22302.375,68.25
11.234582519531273,4.611401081085205,0.0,31.1875,50731.625,20123.8125,0.0
10.718965148925804,4.6458128690719604,0.0,22.935,47818.1875,18111.8125,0.0
10.503137207031273,4.841043710708618,14.832470974392361,46.36,65213.375,18188.0625,1551.625
12.111322021484398,5.150448799133301,212.0771115451389,42.8375,69580.0,19315.875,9394.4375
12.971803283691429,5.346558213233948,240.60725694444443,36.0975,66654.625,21606.4375,7166.75
11.541993713378929,4.673728346824646,23.73907470703125,42.0,64667.5625,22990.5,77.375
10.562135314941429,4.502981424331665,0.0,28.06,51494.875,23456.0,0.0
9.943353271484398,4.375957012176514,0.0,24.335,48391.0625,21578.5625,0.0
9.841249084472679,4.628334283828735,12.79058837890625,45.8475,65756.0625,21739.9375,2109.5
12.09815368652346,5.817576885223389,161.29171440972223,33.4125,71420.1875,29892.0625,10613.625
14.013780212402368,6.143070340156555,149.77832248263888,27.38,68863.5625,37190.6875,5864.5
13.569757080078148,6.009095072746277,13.90760470920139,27.597500000000004,67245.3125,38691.125,37.0
12.89130554199221,5.509236693382263,0.0,16.07,52881.5625,30880.6875,0.625
12.080850219726585,4.47254204750061,0.0,28.98,48324.4375,18422.3125,0.0
11.201715087890648,3.44015896320343,14.122282104492188,54.2875,63798.625,8498.75,1863.3125
13.356164550781273,3.31672739982605,214.19256076388888,45.3275,66758.875,8277.125,11215.1875
14.532708740234398,3.5353206396102905,205.07661024305554,40.0075,61989.0,10977.3125,6113.25
12.815629577636741,3.248784840106964,15.675915798611111,45.075,61175.0,12702.6875,43.75
11.363069152832054,3.4418054819107056,0.0,35.03,47781.375,14278.8125,0.0
10.390649414062523,3.679882824420929,0.0,29.245,42670.3125,14063.5,0.0
9.485200500488304,4.006239473819733,12.21395751953125,33.6775,50211.125,17206.5,1364.4375
10.477937316894554,4.662407636642456,214.22531250000003,29.380000000000003,57277.6875,19985.9375,9269.5
10.737992858886741,4.917936563491821,243.42355902777777,28.7925,54564.625,17860.9375,7248.75
8.691873168945335,3.695936679840088,19.250931396484376,35.8875,54679.625,16118.0,59.0
6.863427734375023,3.5960554480552673,0.0,26.58,45045.5,17549.125,0.0
6.015351867675804,3.523297131061554,0.0,26.2675,40710.3125,16674.0625,0.1875
5.893472290039085,3.361424684524536,15.677469414605035,29.1375,45050.75,14984.0625,2306.4375
8.519349670410179,3.5284274220466614,254.48851128472222,32.15,52169.25,12432.5625,12835.8125
10.003602600097679,3.6110535264015198,221.1749197048611,29.53,49492.1875,10689.25,6802.4375
8.298341369628929,2.875851571559906,17.86024169921875,44.595,52745.0625,11378.4375,50.0625
6.7582260131836165,2.665382981300354,0.0,33.025,45201.375,10038.1875,0.0
6.21161804199221,2.537506401538849,0.0,29.195,43960.8125,7745.3125,0.0
6.309594726562523,2.5103463530540466,11.938816460503471,55.01,62295.375,5095.0625,1371.0625
8.779328918457054,2.830184042453766,212.6840256076389,50.875,67578.4375,2945.8125,9828.75
10.351655578613306,2.9194737672805786,237.51215277777777,48.22,64159.75,3267.25,7082.1875
8.36707458496096,2.056049644947052,18.54715101453993,62.1425,63161.875,2457.8125,35.0625
6.647546386718773,2.0495312213897705,0.0,37.707499999999996,49560.625,3654.9375,0.0
5.644532775878929,1.9869235157966614,0.0,33.06,47208.9375,4621.5,0.0
5.347512817382835,1.8427103459835052,11.367137315538194,60.182500000000005,63745.75,3761.5625,1480.1875
8.334779357910179,2.309962213039398,234.67205946180556,49.08,67212.8125,2701.9375,12836.8125
10.509378051757837,3.1915054321289062,239.94007161458333,45.595,63325.25,4181.6875,8026.375
8.678018188476585,3.3930694460868835,15.41200466579861,50.0075,64366.8125,11943.0625,40.3125
7.321473693847679,3.970726430416107,0.0,32.57,51735.5,17146.9375,0.0
6.874795532226585,4.806933403015137,0.0,30.7175,50069.1875,21196.25,0.0
6.8104415893554915,5.676316499710083,6.969175872802735,44.23,66786.4375,25562.3125,908.5
8.301148986816429,6.568923234939575,133.9241775173611,34.615,71610.6875,28337.25,6743.9375
9.222779846191429,6.50800359249115,119.89981336805556,35.3275,68467.1875,29307.5,3447.1875
8.353372192382835,5.652145504951477,8.330175103081597,38.2375,66810.0625,27482.0,11.5625
7.80347595214846,5.181941509246826,0.0,28.73,53608.625,24437.0625,0.0
7.522424316406273,4.747835874557495,0.0,29.1425,50759.4375,21931.375,0.0
7.4272018432617415,4.487410187721252,4.414507361518012,42.980000000000004,67206.625,20006.625,685.5
8.403054809570335,4.660722970962524,86.23502712673611,46.775,71420.8125,17227.875,5021.4375
9.180520629882835,4.4412841796875,89.47469618055555,45.4475,67570.25,14186.0625,2587.0625
8.612878417968773,4.042569696903229,5.149247266981337,48.8825,65340.125,13640.6875,6.25
8.112207031250023,3.675711154937744,0.0,36.21,51345.1875,11567.375,0.0
7.648797607421898,3.5043299794197083,0.0,34.1775,48347.0,9921.1875,0.0
7.361230468750023,3.552753269672394,5.345097164577909,57.35,63836.375,7970.5625,711.9375
8.592813110351585,3.6791094541549683,128.40094292534724,51.675,67663.3125,5265.125,6758.4375
9.366937255859398,3.486864447593689,145.38610677083335,46.9475,63566.3125,4722.8125,3774.0625
8.312478637695335,2.9898558855056763,8.354563395182291,52.4825,61726.6875,4657.4375,8.4375
7.40668640136721,2.659907042980194,0.0,41.012499999999996,48179.5,3756.5625,0.0
6.749017333984398,2.406823217868805,0.0,36.3375,42989.8125,2423.625,0.0
6.488793945312523,2.222720503807068,5.979827779134115,43.1825,49326.3125,1801.0625,899.125
8.129251098632835,2.0816406309604645,159.50750651041665,42.2975,55610.375,476.1875,8341.3125
9.333154296875023,1.9947355389595032,176.63308810763888,38.3275,52643.5625,599.375,4558.375
7.967279052734398,2.0541940927505493,10.096290113661023,46.7275,53770.0,2998.0,9.5625
6.8344284057617415,2.6765461564064026,0.0,33.68,44689.25,10264.4375,0.0
6.435151672363304,3.5015697479248047,0.0,22.705,41693.75,17308.875,0.0
6.474732971191429,4.047458291053772,7.841329057481554,24.6625,46595.6875,19947.875,1213.6875
8.517503356933616,4.3224910497665405,186.76962239583332,24.79,54304.625,17980.0625,10596.125
9.826730346679712,4.308220028877258,183.10396484375,32.0875,50423.0,14703.3125,5687.25
8.26569519042971,3.3065905570983887,10.145431043836805,46.3575,52776.3125,10950.5625,7.75
7.084748840332054,2.9474414587020874,0.0,34.3525,45708.0,9095.125,0.0
6.60730895996096,2.7337871193885803,0.0,34.0625,44563.5,7113.125,0.0
6.414453125000023,2.642796516418457,9.25441443549262,60.92,63719.125,5625.5,1129.6875
8.951394653320335,2.879574954509735,230.5846484375,47.8275,68056.4375,4331.75,12024.75
10.82850036621096,2.878476560115814,226.67679036458333,44.33,63948.8125,4268.3125,6916.625
8.288392639160179,2.697815239429474,13.205897352430556,47.03,63899.25,10151.5625,10.75
6.068704223632835,3.413321554660797,0.0,31.655,50907.4375,18251.3125,0.5
5.183930969238304,3.851851999759674,0.0,26.869999999999997,48943.9375,20457.4375,1.0
5.3761459350586165,4.355963230133057,10.280767737494575,42.6525,66177.0,24536.8125,1576.875
9.006822204589866,4.7047951221466064,226.23228515625,31.4825,69732.1875,20663.1875,10668.5
11.958619689941429,4.444586634635925,204.07672743055556,38.957499999999996,66566.9375,18734.5,5956.5
10.67389831542971,4.168864846229553,7.060482296413845,41.8925,65391.9375,21541.5,4.5625
10.190217590332054,3.999554991722107,0.0,28.302500000000002,51662.625,19593.0625,1.0
10.109185791015648,3.7941280007362366,0.0,27.9425,48382.5625,16165.5,1.0
10.047410583496116,3.8405983448028564,5.18794935438368,49.535000000000004,64763.0625,15915.1875,814.25
12.162431335449241,4.371000170707703,149.79872612847223,38.464999999999996,70253.0,19197.875,7701.75
14.736734008789087,5.0323169231414795,179.32328559027778,26.415,66870.5,28252.1875,5664.6875
14.129426574707054,6.037378549575806,10.273215060763889,29.9775,67850.3125,39367.6875,8.3125
13.657548522949241,6.414895534515381,0.0,11.63,54874.125,38785.4375,1.0
12.966813659667993,5.746144771575928,0.0,13.9125,50643.8125,33386.125,1.0
12.261437988281273,5.141593933105469,9.094794209798177,41.8675,66344.875,27678.9375,1612.6875
14.959245300292991,4.887611150741577,243.72721354166666,31.98,69385.75,24204.1875,12551.25
16.88984069824221,4.756476044654846,248.91597222222222,42.625,65594.5,20975.375,7210.9375
14.426354980468773,4.575862288475037,10.24838136461046,46.3625,65967.5625,27026.8125,4.9375
12.950311279296898,4.466512203216553,0.0,30.265,52534.8125,24593.3125,1.0
12.088853454589866,3.9691866636276245,0.0,33.5375,48907.4375,18625.6875,1.0
11.51966247558596,3.5743626952171326,4.88661418914795,52.58,64716.0,12619.75,721.4375
13.078485107421898,3.452057957649231,152.14703125,53.9875,68175.8125,7563.4375,6660.9375
14.241006469726585,3.1342408061027527,141.82425130208333,48.0275,63917.4375,7744.125,3034.875
12.962060546875023,3.1451284289360046,5.232184600830078,46.78,61931.4375,13486.75,3.6875
12.04767761230471,3.6896846294403076,0.0,34.2025,48535.75,16785.375,1.0
11.593247985839866,4.045960962772369,0.0,27.2175,44033.25,19363.0625,1.0
11.19135437011721,4.395896315574646,4.471700168185764,33.75,51677.25,20987.8125,1210.375
12.788545227050804,4.981765389442444,159.70071397569444,33.7775,58682.6875,23655.3125,10954.875
14.067803955078148,5.007287621498108,176.27935763888888,27.982499999999998,54786.9375,22794.6875,6460.75
12.297517395019554,4.391782760620117,6.256437208387586,36.295,55957.125,25459.3125,2.625
11.199624633789085,4.807706356048584,0.0,9.055,46090.625,29272.5625,1.0
10.575303649902366,5.14840030670166,0.0,-1.9600000000000002,41769.3125,30191.6875,1.0
9.988206481933616,5.333097338676453,7.01338382297092,-1.205,46515.5625,32090.5625,1599.9375
12.208230590820335,5.073238253593445,200.59208116319445,3.0275,53578.0625,25420.9375,12164.75
13.931474304199243,4.591189980506897,197.5073806423611,21.12,51087.4375,19731.8125,6511.0625
11.725068664550804,4.106087923049927,6.428046006096734,39.065,55233.5625,20191.875,2.0
10.487100219726585,3.639622211456299,0.0,29.6175,47516.875,17161.5,1.0
9.772485351562523,3.3746631145477295,0.0,20.185000000000002,42754.0625,12350.875,1.0
9.350854492187523,3.4508033990859985,4.0735329246521,40.2725,58761.1875,12949.5625,411.75
10.07978210449221,3.9411808252334595,115.82031684027777,48.212500000000006,68824.5,13512.5,3706.875
10.430566406250023,4.132391452789307,120.446728515625,44.1725,67494.25,14156.8125,2014.3125
9.183992004394554,3.973822236061096,4.363746927049425,47.65,67204.125,18735.75,2.1875
8.172227478027366,4.5062137842178345,0.0,30.215000000000003,54982.4375,23057.25,1.0
7.48584899902346,4.385030627250671,0.0,27.17,48519.9375,22684.875,1.0
7.278253173828148,4.532493472099304,4.28211951997545,41.3725,62049.5625,22662.875,895.875
8.89502868652346,5.31614077091217,170.36938151041664,37.3425,69747.1875,23238.1875,9498.8125
10.256265258789085,5.354636788368225,167.82895182291665,39.285,67588.3125,24580.5,5072.25
8.910997009277366,5.089785575866699,6.125629971822103,40.4925,69582.4375,31522.0,2.625
8.126390075683616,5.827633738517761,0.0,15.9825,57516.1875,36061.9375,1.0
8.060281372070335,5.819052219390869,0.0,6.345,50516.0625,33413.5,1.0
8.220063781738304,5.281224489212036,3.0417127694023978,38.215,63332.375,26334.0,612.625
10.212724304199241,5.036596775054932,134.81152126736112,39.2,70435.125,23708.875,8571.0625
11.874063110351585,5.349692344665527,170.74712022569446,37.9825,67734.9375,25414.9375,5758.0625
10.25995788574221,4.9431633949279785,6.404750616285535,38.9825,69150.5625,28531.8125,1.625
9.62378845214846,5.205793738365173,0.0,23.5075,56260.0,30543.1875,1.0
9.535440063476585,5.751830101013184,0.0,12.1875,49710.9375,31704.0625,1.0
9.014955139160179,5.833680748939514,2.5346546596950956,35.7525,63148.0625,31341.625,636.0
9.609140014648462,5.978383421897888,145.789296875,32.65,71895.8125,31301.9375,8274.25
10.295167541503929,5.780998587608337,160.64231336805557,39.63,69183.8125,25424.75,3964.25
9.234597778320335,4.671193718910217,3.7576827367146812,46.285,69138.0625,22486.125,1.0
9.042810058593773,4.626192212104797,0.0,29.0025,55763.3125,24463.125,1.0
9.605142211914085,4.807313323020935,0.0,9.0575,48335.4375,25655.0,1.0
10.477838134765648,5.246320962905884,0.8849249169561598,28.277499999999996,61722.6875,29457.875,225.3125
11.801057434082054,5.37960159778595,45.50468695746528,34.545,70167.9375,31938.9375,3113.125
12.812287902832054,5.1687411069869995,61.01686360677083,35.9075,66665.4375,29480.875,2108.875
12.339570617675804,4.582604765892029,2.331082003911336,42.685,65391.8125,23749.4375,1.375
11.848382568359398,3.912549674510956,0.0,34.0375,51195.4375,16714.0625,1.0
11.360597229003929,3.1846426725387573,0.0,29.96,41941.5,8890.625,1.0
10.915124511718773,2.687958776950836,2.641894841723972,32.6425,45122.5,4846.625,810.6875
12.373948669433616,2.9757235646247864,137.83124891493057,35.34,54136.4375,7819.5,10420.0625
13.80329284667971,3.3873462677001953,177.3826953125,28.085,51906.875,12802.375,6772.25
11.863626098632835,3.998653292655945,5.994017182456123,32.735,56004.125,23676.75,1.625
10.702905273437523,4.519412398338318,0.0,24.6675,47341.0,25364.8125,1.0
10.22199401855471,4.15137791633606,0.0,16.835,40650.125,19667.6875,1.0
10.177064514160179,4.027035474777222,2.365564187102848,9.469999999999999,42547.9375,17418.5,360.9375
11.61109313964846,4.510659456253052,95.49755425347223,23.5075,52754.6875,21594.375,4552.875
13.143937683105491,5.283976793289185,73.65261501736111,10.067499999999999,52789.125,28316.375,2204.0625
13.471971130371116,5.619778037071228,0.9884258565637801,24.3075,57068.75,33823.3125,1.0625
14.081292724609398,5.718325614929199,0.0,11.4575,49180.9375,33033.8125,1.0
14.682855224609398,6.2832934856414795,0.0,-3.2100000000000004,45579.25,33980.9375,1.0
15.245935058593773,6.626787543296814,1.5076741115252177,23.0475,61517.0625,38335.9375,354.5625
16.74939117431643,6.574627876281738,97.6581564670139,28.564999999999998,70824.4375,38530.625,6858.9375
18.265039062500023,6.430097222328186,134.96638237847222,32.3975,68588.5,36410.5625,4711.375
16.36847076416018,5.843405246734619,3.31863984213935,37.43,69002.8125,36013.8125,1.0625
14.319444274902366,5.383612394332886,0.0,27.92,54871.875,31221.6875,1.0
12.425683593750023,4.981998085975647,0.0,22.265,47914.5625,25911.6875,1.0
10.752656555175804,4.590045690536499,2.129381052421199,36.7475,62048.125,22201.9375,711.6875
11.217286682128929,4.017642438411713,145.05966796875,38.305,69333.25,14291.0,8906.625
11.715203857421898,3.7296125292778015,145.2881022135417,42.4,67322.125,12993.4375,3998.625
9.803712463378929,3.9292073845863342,2.4999708154466416,44.6575,68098.125,20928.8125,1.0625
8.674172973632835,4.297170639038086,0.0,31.4525,55186.75,23592.875,1.0
7.535585021972679,4.228693604469299,0.0,27.705,49476.5,22609.375,1.0
6.4490219116211165,3.8869807720184326,2.672696037847135,42.415,63365.4375,18884.5625,824.0
8.03394470214846,4.000784456729889,185.42481336805554,40.2625,69975.25,12747.375,10468.75
9.465043640136741,3.99398672580719,174.69867838541666,43.405,67597.5625,11109.3125,5160.0
7.2046066284179915,3.2168591022491455,3.5231851536697807,52.8675,68713.5625,13145.0,1.0625
5.610757446289085,3.309090733528137,0.0,34.255,56037.0,14966.125,1.0
4.5279708862304915,3.2838568687438965,0.0,30.7175,50343.25,14570.1875,1.0
3.9122177124023665,3.483909845352173,2.7213096303327213,40.445,63179.625,15855.5625,1053.625
6.886293029785179,3.904301702976227,172.63971137152777,38.11,69693.0,12115.3125,14176.4375
9.450120544433616,4.084597408771515,186.0385394965278,38.4,67727.75,14744.0625,7241.9375
7.2655807495117415,3.6616323590278625,3.5667769930097792,48.57,68878.0,14171.875,1.0625
5.9068771362304915,3.406874120235443,0.0,36.1875,56379.6875,12638.0625,1.0
5.25635681152346,3.2169288992881775,0.0,31.1825,49721.875,10549.1875,1.0
4.7502304077148665,2.8817853927612305,2.461664182452692,43.37,62072.8125,7954.1875,883.375
7.265100097656273,2.5831578969955444,159.34633138020834,43.9275,67781.9375,4066.875,11723.875
9.995469665527366,2.3210034370422363,186.32733072916668,41.805,64086.9375,2831.375,6737.75
7.495156860351585,2.2989127039909363,3.6408022149072754,47.745000000000005,65468.9375,6393.1875,1.0625
5.91132507324221,2.4720239639282227,0.0,35.4775,51843.25,8641.125,1.0
5.061441040039085,2.8100075125694275,0.0,30.4425,44889.3125,9709.9375,1.0
4.339074707031273,2.9638176560401917,2.7091233409884277,31.1225,48276.75,10003.8125,988.5
7.116799926757835,2.816533148288727,210.66119791666665,32.8025,56135.75,4575.5625,14464.875
10.586755371093773,2.166664868593216,229.9865972222222,38.455,53085.9375,1713.5,8031.0
7.0966964721679915,2.1632980704307556,3.616274248510599,47.6,57324.625,4614.0,1.0
5.110467529296898,2.059765100479126,0.0,37.1475,46749.6875,3591.4375,1.0
4.125894165039085,2.084176242351532,0.0,31.517500000000002,40139.1875,3828.875,1.0
3.6424041748047102,2.0359219312667847,2.360162760416667,32.735,42580.75,5319.25,969.5
7.20850524902346,1.9199247062206266,195.64307291666665,33.3775,51157.375,3392.9375,12411.5625
10.479180908203148,1.926858603954315,204.00560546875,37.63,49809.9375,2527.625,6069.375
7.612763977050804,2.4771416783332825,2.8114928214189905,46.6,54971.8125,6485.5,1.0
6.13782653808596,2.440437138080597,0.0,37.2275,47388.25,5364.875,1.0
5.46900329589846,2.42306250333786,0.0,31.5325,43033.125,4052.0625,1.0
5.083039855957054,2.509858012199402,1.8123143174913194,44.0875,59573.4375,3847.75,598.25
6.86756286621096,2.4208922386169434,164.23248155381944,46.730000000000004,67701.375,2914.25,8348.0625
8.781060791015648,2.4251543283462524,183.7213259548611,48.667500000000004,66021.875,3241.5625,4780.0
6.794061279296898,2.701116919517517,2.6925507269965276,59.3825,67326.4375,4985.5,1.0
5.56134948730471,2.5996758937835693,0.0,39.175,54346.75,5193.375,1.0
4.882867431640648,2.5004889965057373,0.0,32.792500000000004,47646.625,4209.0625,1.0
4.44336853027346,2.4594550132751465,1.2554334852430555,46.332499999999996,61649.4375,3843.0,338.4375
5.547883605957054,2.4190768599510193,122.59599283854168,52.245,69646.25,3314.0,5308.5625
6.857705688476585,2.272134244441986,139.63719292534722,53.96,67945.8125,2727.75,2820.75
5.8236251831054915,2.304766833782196,1.8685731336805556,63.975,67791.8125,3127.4375,1.0
5.411904907226585,2.0856953263282776,0.0,41.1925,54053.3125,2174.0625,1.0
5.3649459838867415,1.9054050147533417,0.0,34.985,47440.125,1321.3125,1.0
5.581536865234398,1.8752392530441284,0.8969718424479166,46.0275,61466.875,1351.1875,192.3125
6.60724792480471,2.140265166759491,80.4728244357639,49.6075,70052.875,1321.4375,3438.1875
7.75629577636721,2.1564114689826965,82.81788682725696,50.0525,68283.375,1606.25,1924.4375
7.1382003784179915,2.3954813480377197,1.1717678493923611,52.512499999999996,68430.4375,4366.125,1.0
6.702760314941429,2.8557167649269104,0.0,35.3175,55093.0625,8817.125,1.0
6.443055725097679,3.2977052330970764,0.0,30.8325,48242.5,11986.875,1.0
6.3137374877929915,3.709997773170471,0.9715586344401042,41.6075,62537.5625,15975.5,299.9375
7.796914672851585,4.247839331626892,105.16120659722222,43.47,70708.4375,16244.4375,6151.5625
9.587678527832054,4.015945494174957,123.02303385416666,44.135,68357.625,14196.9375,3449.5625
8.238336181640648,3.338280200958252,1.4491290961371528,49.4375,68805.9375,15488.25,1.0
7.120149230957054,3.1302477717399597,0.0,36.474999999999994,55356.3125,12853.3125,1.0
6.232904052734398,2.8802530169487,0.0,30.09,47981.875,10451.5,1.0
5.724893188476585,3.113038659095764,1.1261300320095486,40.6275,61292.5625,12214.625,527.4375
8.034776306152366,3.539962947368622,140.4205251736111,45.07,68267.1875,10975.1875,9320.3125
10.684266662597679,3.5108742713928223,148.74030598958333,44.6375,65805.1875,12386.3125,4665.3125
9.271951293945335,3.626521646976471,1.148681640625,47.4975,66691.125,17801.8125,1.0
9.034112548828148,3.5090814232826233,0.0,37.3525,52827.4375,14476.0,1.0
9.019525146484398,3.0990429520606995,0.0,32.985,43821.0,10184.5625,1.0
8.74250183105471,2.9833784103393555,0.9404669189453125,36.0525,47771.75,9422.25,570.4375
10.739038085937523,3.1651668548583984,137.63421983506944,41.815,56326.125,9357.6875,10813.0625
13.040513610839866,3.090384364128113,155.58132052951387,38.8675,53403.1875,9765.625,6170.625
10.469628906250023,3.455704629421234,1.7680829535590277,40.4925,58528.5,20761.875,1.0
9.222940063476585,4.093342423439026,0.0,20.4425,48147.9375,26925.1875,1.0
8.589273071289085,4.381879687309265,0.0,1.3025,41928.6875,27655.6875,1.0
8.334649658203148,4.4684765338897705,1.077857191297743,4.1375,44429.375,27779.25,676.6875
10.593743896484398,4.71289324760437,172.85633355034722,13.48,52974.1875,26071.6875,10747.4375
12.777383422851585,5.253485679626465,177.54018120659723,11.947500000000002,52190.0625,29946.6875,5129.75
10.577188110351585,5.9299880266189575,1.2328043619791667,11.27,58588.625,38595.25,1.0
9.073136901855491,5.78152060508728,0.0,0.5375,50614.0,33509.4375,1.0
8.336022949218773,5.494827747344971,0.0,-2.18,45589.6875,30987.0625,1.0
8.080979919433616,5.48034143447876,0.4055526394314236,27.490000000000002,62203.125,32631.375,345.1875
9.21405944824221,5.5924742221832275,94.09188259548611,34.08,71007.125,30504.375,6963.8125
10.268800354003929,5.495803594589233,102.94292643229167,41.0175,69150.4375,26756.4375,2995.375
9.336564636230491,4.734576344490051,0.7008737521701389,45.85,69048.5,24901.4375,1.0
8.77424011230471,4.639472961425781,0.0,32.835,55929.8125,23968.4375,1.0
8.407434082031273,4.524624705314636,0.0,27.9,48826.25,22147.125,1.0
8.152391052246116,4.511021971702576,0.510479498969184,38.755,63465.25,24055.3125,345.6875
9.512376403808616,5.045869469642639,78.98301649305554,42.1175,71828.6875,26485.8125,6329.375
10.631936645507835,5.073927044868469,78.34016655815972,42.36,71258.5625,27039.4375,2631.5625
9.635194396972679,4.663436055183411,0.8296038140190972,47.1475,70494.75,26062.6875,1.0
8.940332031250023,4.253757834434509,0.0,35.2325,56703.625,22726.6875,1.0
8.21814880371096,3.8568089604377747,0.0,30.2575,48644.625,19356.6875,1.0
7.623529052734398,3.872701108455658,0.6657018364800347,41.542500000000004,62352.75,18500.4375,537.6875
9.513406372070335,4.187267303466797,143.62984266493055,42.177499999999995,69468.1875,17993.1875,10800.1875
11.836305236816429,4.203359246253967,170.21253797743057,42.6025,67462.125,18454.0625,6301.9375
9.206910705566429,4.757542967796326,1.2970183648003473,41.1675,70545.8125,30040.375,1.0
8.386811828613304,5.478554010391235,0.0,12.9475,57753.1875,34054.5625,1.0
8.254388427734398,5.9041091203689575,0.0,0.025,50531.125,34090.5,1.0
8.017495727539085,6.211667895317078,0.5616119384765625,27.2825,64854.0,35443.1875,318.25
8.740228271484398,6.509595513343811,89.82986328125,31.89,73666.1875,36006.75,3917.375
8.626466369628929,6.744914770126343,96.25542534722221,32.1075,71980.5,33660.4375,2037.875
6.654656982421898,6.075072169303894,0.6976809353298611,41.28,71084.6875,29491.875,1.0
5.037271118164085,4.9920066595077515,0.0,33.0975,57514.6875,25162.5,1.0
3.972779846191429,4.766625285148621,0.0,32.805,50454.8125,22162.8125,1.0
2.9188018798828352,3.9726513624191284,0.39460235595703125,44.1975,63630.3125,15933.3125,539.5625
4.1352096557617415,3.765489876270294,134.35779405381945,48.4625,70172.8125,8438.125,8650.0
5.369653320312523,3.597106456756592,136.8211328125,46.9675,66944.6875,7009.25,3646.0
3.2446228027343977,2.9104206562042236,0.8610597737630208,51.8425,67578.0625,12171.3125,1.0
1.6581817626953352,3.2156556844711304,0.0,35.995000000000005,54767.5625,17055.3125,1.0
0.8838592529297102,3.8165752291679382,0.0,30.564999999999998,48063.3125,21593.375,1.0
0.9453903198242415,4.480786561965942,0.3879376220703125,29.4375,52111.8125,27687.25,473.5625
3.0397430419922102,5.101065039634705,98.88237033420138,26.900000000000002,61061.0625,30284.6875,7969.4375
5.38080749511721,5.274230360984802,113.2454958767361,31.8425,59242.875,30001.9375,4169.375
4.308877563476585,5.269396901130676,0.7886311848958333,35.9675,61692.4375,31817.875,1.0
3.9088607788086165,5.1230229139328,0.0,20.7375,51891.3125,29988.25,1.0
3.7687240600586165,4.8532668352127075,0.0,25.3275,45112.375,28129.375,1.0
3.755036926269554,5.00962495803833,0.3444696384006076,16.7225,46995.9375,29544.3125,384.125
5.598603820800804,4.8299241065979,98.19596625434028,27.1,56710.3125,27848.0,7489.375
7.310632324218773,4.384499907493591,106.01337022569444,34.144999999999996,55299.375,21421.25,3427.75
5.789208984375023,3.799839198589325,0.4834253607855903,45.2375,58753.375,19136.5,1.0
5.08564147949221,3.9127978682518005,0.0,37.0475,51576.875,21057.6875,1.0
4.712640380859398,4.190156817436218,0.0,32.5,46987.25,22562.6875,1.0
4.557519531250023,4.227307319641113,0.20151119656032987,47.24,63405.125,22476.875,269.125
5.926370239257835,4.187366843223572,102.72886773003472,43.0925,72082.6875,17706.5625,7295.0
7.4251266479492415,3.8452680110931396,109.13882432725694,48.9225,70384.0625,15298.4375,3463.0625
5.229707336425804,3.4104077219963074,0.5254983859592014,55.33,71030.125,18509.375,1.0
3.8874908447265852,3.4820581674575806,0.0,34.535,58653.875,17717.375,1.0
3.190950012207054,3.7485064268112183,0.0,33.25,52399.0,18483.5,1.0
3.0112396240234602,4.02136355638504,0.22126900566948784,43.0875,66180.0,19692.6875,226.5
4.585427856445335,4.011846899986267,97.32026258680555,43.995000000000005,73024.0,16134.0625,5539.375
6.089013671875023,3.716705560684204,118.80917860243056,45.582499999999996,70687.1875,13348.25,3220.125
4.239717102050804,3.516553819179535,0.6729129367404514,50.3525,70927.3125,15169.375,1.0
3.0540863037109602,3.3745583295822144,0.0,36.6175,58499.75,14966.25,1.0
2.1638122558593977,3.379924774169922,0.0,33.855,51136.625,14736.1875,1.0
1.6398025512695538,3.39958918094635,0.2286234537760417,46.2525,65071.625,13578.25,226.9375
2.9841400146484602,3.4248843789100647,133.41741373697917,51.39,72040.3125,8971.3125,6557.625
4.8146224975586165,3.203220546245575,157.97146592881944,52.4925,70322.3125,7869.9375,3391.25
3.1530853271484602,3.319606602191925,0.6706732855902777,57.035,71736.5,14176.4375,1.0
2.5670104980468977,3.1929046511650085,0.0,40.692499999999995,58443.625,13000.8125,1.0
2.5240112304687727,3.1906663179397583,0.0,36.7775,51869.125,12225.875,1.0
2.7510314941406477,3.1686050295829773,0.2035067409939236,52.3475,65328.0,11182.25,160.0
4.13269958496096,3.03771835565567,101.97460232204861,59.417500000000004,72125.75,7536.8125,4047.0625
5.605859375000023,2.7642083764076233,119.3840798611111,64.72,70545.75,5377.8125,2058.3125
4.204927062988304,2.365418255329132,0.5838380262586805,79.8925,70027.8125,3734.0,1.0
3.3457580566406477,2.0789725482463837,0.0,48.275,57815.4375,2527.0625,1.0
2.764558410644554,1.9015842378139496,0.0,42.3425,50414.4375,1476.75,1.0
2.3412338256836165,1.7380795180797577,0.15607091267903647,66.82000000000001,63261.8125,825.875,162.3125
3.3757568359375227,1.7381341457366943,105.99079915364584,75.9,70175.9375,832.3125,5220.0625
4.914529418945335,1.7741693556308746,127.80017252604166,74.52000000000001,67257.125,1666.5625,3112.3125
3.0895553588867415,2.1151041388511658,0.5761735704210069,79.51,67761.125,4742.5625,1.0
2.153047180175804,2.1713191270828247,0.0,50.01,55467.875,5750.5625,1.0
1.4875427246093977,2.1777113676071167,0.0,43.51,47728.6875,4968.6875,1.0
1.1352554321289288,2.2770130038261414,0.1205269792344835,43.795,51099.625,5166.25,121.0625
2.0576873779297102,2.729866087436676,103.13444281684028,49.4225,59730.8125,6553.3125,4339.5
3.2224670410156477,2.8706085681915283,119.8233810763889,48.5725,58350.5,6702.6875,2255.5625
2.136720275878929,3.151076555252075,0.5584113226996528,52.95,61045.75,10446.25,1.0
1.5132995605468977,3.115011692047119,0.0,40.54,51498.875,9232.625,1.0
0.9208084106445539,3.0213974118232727,0.0,36.65,44398.4375,6655.8125,1.0
0.4030548095703352,2.9028464555740356,0.087319581773546,40.004999999999995,45993.5625,6337.6875,180.6875
1.256013488769554,2.997203290462494,91.28940266927086,45.7325,55306.0625,4659.125,6556.5
2.3026824951172102,2.5605828762054443,113.64640842013888,45.635000000000005,54510.0,2523.3125,3450.125
0.865571594238304,2.1224504709243774,0.5252504136827257,57.0925,58837.6875,2570.125,1.0
-0.053823852539039756,1.9086756706237795,0.0,48.485,52272.1875,2334.375,1.0
-0.8572601318359148,1.9375956058502197,0.0,40.755,48124.625,2988.6875,1.0
-1.3265060424804462,2.09540194272995,0.0922987535264757,62.015,63573.3125,5630.0,228.8125
0.11053619384767899,2.7434465885162354,105.80710503472223,60.934999999999995,72110.8125,10149.1875,7547.375
1.745301818847679,3.465279757976532,120.00596354166666,55.2175,72126.1875,14345.875,3876.4375
0.7560974121093977,4.020210027694702,0.4679802449544271,54.84,73150.6875,21112.9375,1.0
0.7496124267578352,4.267892837524414,0.0,35.917500000000004,60775.1875,20100.5625,1.0
1.031068420410179,4.167289078235626,0.0,34.1325,52389.3125,13976.75,1.0
1.3421417236328352,3.508683204650879,0.0637527847290039,48.7375,65417.0,10519.9375,53.0
2.1853500366211165,3.0050665140151978,56.4494078233507,62.55,73145.75,6702.3125,1447.0625
2.9062591552734602,2.5114638805389404,64.29968478732638,61.870000000000005,71880.875,4960.3125,747.0
2.338319396972679,2.2941548824310303,0.14731375800238716,69.3025,70594.0625,4258.625,1.0
1.8273559570312727,2.159795820713043,0.0,49.6075,58298.0,3178.1875,1.0
1.3319869995117413,2.337482273578644,0.0,44.74,51480.4375,2705.5625,1.0
0.8314376831054915,2.4217785000801086,0.051845393710666224,73.8,64590.875,2546.625,127.1875
1.058137512207054,2.7203091382980347,78.16178792317709,96.405,72751.625,1965.0625,3087.25
1.3057723999023665,2.6752140522003174,88.2313427734375,91.5975,72547.125,2567.125,1397.5
0.3115020751953352,2.729704260826111,0.17710355970594618,87.845,71316.0,6366.75,1.0
-0.1501068115234147,3.0575074553489685,0.0,48.06,59959.75,10388.5,1.0
-0.24185028076169596,3.5883185267448425,0.0,39.417500000000004,53373.4375,13250.0,1.0
-0.1533416748046647,3.848819077014923,0.029227937062581377,54.665,66887.6875,13996.125,54.6875
0.514375305175804,4.412216663360596,63.70333089192708,63.1075,75888.9375,16576.375,1794.0
1.4200073242187727,4.803775191307068,80.76085123697916,53.87,75647.75,19950.3125,1476.375
0.8139511108398665,5.161044359207153,0.27242468939887154,43.9875,75669.5,28694.375,1.0
0.39938507080080393,5.424238920211792,0.0,30.2025,61830.1875,29955.1875,1.0
0.3667999267578352,5.714024543762207,0.0,27.0175,55142.4375,31531.5625,1.0
0.8002258300781477,5.624146580696106,0.041875423855251726,34.09,67850.3125,31195.5625,101.3125
2.313966369628929,5.125303387641907,76.96285074869792,40.0725,74418.875,25335.0625,3144.25
3.6752563476562727,4.597461938858032,97.629296875,48.4375,71377.6875,21333.1875,1976.75
2.7293640136718977,3.9670011401176453,0.19264166937934027,56.6575,70300.0,17899.6875,1.0
2.1082931518554915,3.3267073035240173,0.0,46.9475,56534.8125,11665.125,1.0
2.0508666992187727,3.4775102138519287,0.0,38.822500000000005,48671.875,9598.4375,1.0
2.1407867431640852,3.4777669310569763,0.0343233553568522,37.3525,51923.0,10631.9375,142.5
3.2122665405273665,3.4027931094169617,83.55780327690972,52.754999999999995,60581.1875,10707.3125,4068.6875
4.309548950195335,3.1674813628196716,88.95659559461805,53.775,59213.875,9091.4375,1685.4375
2.9414154052734602,3.0957793593406677,0.2620633612738715,55.33,60651.4375,10908.0,1.0
2.5760894775390852,2.727785646915436,0.0,40.332499999999996,50366.75,8447.5625,1.0
2.6590209960937727,2.836392343044281,0.0,36.24,43983.75,7627.8125,1.0
2.984223937988304,3.2040101289749146,0.02626755820380315,35.947500000000005,45708.1875,9861.375,80.4375
4.242288208007835,3.3120347261428833,64.32395697699653,51.17,56121.1875,9018.125,2761.8125
5.31849060058596,3.3500319123268127,70.7985498046875,48.2525,56137.5,9709.0,1161.8125
4.637147521972679,3.377365529537201,0.17401143391927085,47.9025,59713.3125,11675.6875,1.0
4.482301330566429,3.4854438304901123,0.0,35.75,52980.125,10589.6875,1.0
4.262208557128929,3.841280460357666,0.0,30.3725,48583.0625,12461.5,1.0
4.067079162597679,4.144734740257263,0.010946430630154075,49.59,65459.3125,16728.8125,84.0625
4.2605148315429915,4.411917448043823,61.83058865017361,38.0325,74515.0625,18692.1875,2839.0
4.7028366088867415,4.1236079931259155,70.40528591579861,49.2225,73436.0,17792.0625,1324.625
3.7108932495117415,3.4600330591201782,0.240240241156684,59.0675,72416.3125,14212.3125,1.0
2.7688079833984602,2.974309742450714,0.0,43.3425,58190.3125,9699.3125,1.0
2.2085968017578352,2.806970953941345,0.0,38.595,50481.3125,6608.5625,1.0
1.9135375976562727,2.77344286441803,0.018913105858696825,58.72,64369.3125,6504.1875,82.0625
2.7695480346679915,2.9383888244628906,89.41309054904514,74.6175,72021.1875,4767.75,5309.0
3.9537139892578352,2.902682304382324,105.3083935546875,77.9975,70875.4375,4435.5625,2778.4375
2.6677490234375227,3.0892670154571533,0.2767102559407552,67.65,71553.6875,8225.9375,1.0
2.1412597656250227,2.8377257585525513,0.0,48.69,58104.125,5786.625,1.0
1.9274078369140852,2.8154011964797974,0.0,38.129999999999995,51250.1875,5420.8125,1.0
1.8600021362304915,2.8341060876846313,0.007400949266221775,64.36749999999999,65350.0,5100.3125,37.4375
1.9413391113281477,2.7843738198280334,44.165636935763885,105.385,73944.375,3486.0,1316.0625
2.2219024658203352,2.5347860455513,49.136678059895836,104.8475,72901.625,3333.5,696.125
1.765420532226585,2.461737275123596,0.14995641072591145,92.7375,71670.0,4740.8125,1.0
1.272828674316429,2.3998360633850098,0.0,44.7875,58834.1875,5193.125,1.0
0.866548156738304,2.362623870372772,0.0,36.807500000000005,51266.8125,4324.5625,1.0
0.5277191162109602,2.281222879886627,0.0051380411783854,66.415,65476.625,3265.8125,45.1875
0.7632614135742415,2.317507266998291,55.56386474609374,91.5575,73256.5625,1991.125,1408.75
1.2361770629883038,2.1157785654067993,70.80970757378472,92.255,72661.875,1469.875,578.125
0.8240753173828352,2.2264134883880615,0.2573360527886285,83.9825,71804.875,3172.25,1.0
0.43536529541017893,2.554646134376526,0.0,45.2775,59199.1875,5658.5,1.0
0.21461639404299146,3.116813004016876,0.0,35.5525,52863.625,9798.9375,1.0
0.19470367431642896,3.765088379383087,0.0090400081210666,46.2475,65978.3125,15495.5625,62.75
0.9361511230468977,4.319392681121826,62.22764675564236,55.6875,73868.6875,18606.4375,2328.3125
1.9127746582031477,4.4657814502716064,67.61434461805555,53.745,71920.5,19998.9375,1139.1875
1.7965789794922102,4.57010018825531,0.11345538669162325,46.4775,71605.75,21587.25,1.0
1.7844635009765852,4.149814665317535,0.0,36.19,58089.6875,18838.5,1.0
1.970216369628929,4.030532598495483,0.0,36.705,49024.875,16314.8125,1.0
2.1081634521484602,3.7444764971733093,0.007982175615098725,37.91,52593.5,13623.875,44.9375
2.8507171630859602,3.3858900666236877,53.272378607855906,51.4575,60963.4375,8658.6875,2154.375
3.8116851806640852,2.856329619884491,55.86269178602431,50.8475,59815.0625,4853.3125,997.4375
3.6419845581054915,2.7598920464515686,0.10936355590820312,54.800000000000004,61022.3125,4779.1875,0.9375
3.603334045410179,2.507654309272766,0.0,44.095,50260.4375,3769.1875,1.0
3.648805236816429,2.352110505104065,0.0,37.8125,42749.375,3935.375,1.0
3.6726623535156477,2.337652623653412,0.00343698528077865,37.557500000000005,44592.3125,4299.8125,42.625
4.128663635253929,2.48852676153183,37.010085856119794,49.07,54476.75,4273.5625,1885.0625
4.866143798828148,2.532389521598816,48.948623046875,45.0325,54562.8125,4507.0,1112.625
4.2169662475586165,2.6588969230651855,0.1904795159233941,49.385,58248.625,10389.5625,1.0
3.7877441406250227,3.2336655855178833,0.0,37.9375,51995.5,16491.8125,1.0
3.4950347900390852,3.8927088379859924,0.0,28.439999999999998,47267.9375,21812.75,1.0
3.5936752319336165,4.395082473754883,0.004952048725552025,38.935,63491.3125,25238.5,88.75
4.903649902343773,4.648210167884827,63.37226779513889,43.92,72203.5625,24471.8125,5055.1875
6.6040817260742415,4.3332178592681885,88.569912109375,50.6825,70643.5,20751.0625,2692.875
5.620057678222679,3.987807333469391,0.2678213670518663,55.7825,70287.5,20677.6875,1.0
5.1326156616211165,3.6919366121292114,0.0,40.9625,56283.0625,18013.25,1.0
4.743859863281273,3.716365694999695,0.0,35.305,49502.8125,17849.75,1.0
4.660310363769554,3.6996798515319824,0.004091833697424975,47.575,64692.75,17542.0,49.3125
5.498818969726585,3.568602502346039,46.614340142144094,58.9375,72833.9375,12159.8125,2509.0
6.5524154663086165,3.2727217078208923,51.394245062934026,57.97,71641.9375,9052.625,1090.875
6.213685607910179,3.1734687089920044,0.12858277214898003,58.335,70262.375,11423.6875,1.0
5.978089904785179,2.9200023412704468,0.0,45.92,56418.625,10096.1875,1.0
5.712068176269554,2.548878490924835,0.0,40.3725,48315.125,5397.375,1.0
5.282533264160179,2.379657804965973,0.002875133090549025,54.245,61914.0625,5782.9375,50.3125
5.895532226562523,2.6797961592674255,57.78372585720486,57.7775,70392.5,8272.0,4636.0625
7.254129028320335,2.8302115201950073,90.1018191189236,56.975,68884.9375,8671.875,3075.3125
5.9570480346679915,3.4472920298576355,0.308282470703125,50.957499999999996,70044.875,18756.125,1.0
5.54706726074221,3.9185088872909546,0.0,37.995,57191.0625,22653.0625,1.0
5.194398498535179,4.114408373832703,0.0,33.6775,50087.375,23494.4375,1.0
4.873437500000023,4.212654113769531,0.002561270925733775,44.5975,62581.5625,23106.125,65.8125
5.549981689453148,4.340182185173035,67.78828206380209,44.655,70821.9375,22840.375,3824.125
6.832154846191429,4.3038952350616455,94.09206108940973,49.14,69369.625,22115.6875,2213.0
5.9026657104492415,3.935739815235138,0.2925351291232639,54.285,69562.75,22834.0625,1.0
5.13642272949221,3.6665714979171753,0.0,42.275,57052.5625,22139.0,1.0
4.3456588745117415,3.4540261030197144,0.0,36.042500000000004,49988.9375,20010.5625,1.0
3.806977844238304,3.4716036915779114,0.0020962897936503,45.9725,61374.4375,19815.875,108.0
4.800073242187523,3.711403727531433,84.39997504340278,46.9025,67339.875,17860.125,7159.0
6.697976684570335,3.635777473449707,117.4632736545139,45.8775,64285.9375,17154.125,3996.4375
4.711770629882835,3.9344714879989624,0.3435745578342014,44.2725,66836.9375,24809.1875,1.0
3.807374572753929,3.877807855606079,0.0,34.65,53852.25,23152.375,1.0
3.1568389892578352,3.9820688366889954,0.0,29.845,46482.625,22406.3125,1.0
2.635560607910179,4.120806455612183,0.0016119345029195,26.3675,49643.6875,23845.8125,93.1875
3.927919006347679,4.382954716682434,94.35175482855902,33.22,57542.125,22465.0,6774.0625
6.140740966796898,4.477087736129761,117.72874565972224,33.715,56911.125,23502.375,3178.9375
5.123963928222679,4.443148493766785,0.2670696512858073,38.5775,60419.625,27543.3125,1.0
4.55329284667971,4.075656294822693,0.0,32.3725,49862.3125,22449.125,1.0
4.152200317382835,3.814920425415039,0.0,31.405,42466.75,19142.625,1.0
3.7854705810547102,3.6016026735305786,0.001441441377003975,32.71,43809.75,17745.5,69.4375
4.386750793457054,3.5329299569129944,70.10529893663195,45.230000000000004,53328.8125,14201.5625,3675.125
5.4938217163086165,3.479155123233795,85.7177001953125,43.8975,53134.8125,13276.9375,1658.5625
4.689813232421898,3.5019015669822693,0.26951080322265625,48.4425,56360.25,17543.8125,1.0
4.301629638671898,3.5617745518684387,0.0,40.519999999999996,49322.4375,19058.625,1.0
4.12879333496096,3.5606099367141724,0.0,33.7575,43641.625,18991.5625,1.0
3.9331604003906477,3.6107925176620483,0.000689721968438875,46.96,54858.1875,19130.4375,81.875
4.682717895507835,3.8017993569374084,73.2105748155382,54.004999999999995,63190.0,17148.5625,4317.875
5.9559494018554915,4.121260404586792,79.57013834635417,47.8725,63041.9375,20355.25,1854.625
5.396272277832054,5.056677341461182,0.11468759324815538,33.277499999999996,64642.125,32685.5625,1.0
5.801637268066429,5.677767515182495,0.0,7.3775,54085.6875,35400.6875,1.0
7.070893859863304,6.156631112098694,0.0,-6.1375,47441.875,36176.4375,1.0
8.447869873046898,6.480992555618286,0.000232490549484875,14.3625,57684.25,39781.8125,43.25
9.958940124511741,6.441042423248291,26.621412285698785,31.927500000000002,65491.875,39919.9375,2299.1875
10.675920104980491,5.962951302528381,37.72868353949653,41.0925,63437.3125,31606.1875,1249.625
9.657151794433616,4.618360638618469,0.08455681694878472,52.957499999999996,61760.8125,16693.25,1.0
8.901879882812523,3.6764177083969116,0.0,41.215,49037.125,10203.375,1.0
8.178651428222679,3.1085646748542786,0.0,34.17,41413.8125,7050.9375,1.0
7.602296447753929,2.7381023168563843,0.000798217588000825,45.83,50549.9375,4861.625,31.4375
8.204202270507835,3.0206769704818726,46.007303602430554,54.7675,59452.625,7235.0,1916.6875
9.144715881347679,3.4363622665405273,49.240469021267366,49.5375,58611.0625,11336.8125,868.5
8.701226806640648,4.183681666851044,0.10908456590440538,47.07,59861.125,21701.6875,1.0
8.517053222656273,4.739113211631775,0.0,22.745,48734.9375,25746.5,1.0
7.53284606933596,4.825915455818176,0.0,2.6100000000000003,41006.625,27116.0,1.0
6.198403930664085,5.215075254440308,0.000216991189453325,12.622499999999999,45053.375,26676.1875,48.375
5.4966903686523665,5.262986421585083,48.03026631673177,34.58,53909.9375,23873.9375,3046.9375
5.246026611328148,5.292657971382141,61.2681005859375,36.3375,53290.125,21067.6875,1214.4375
4.130410766601585,4.659169316291809,0.1628286404079861,35.335,51762.125,18556.25,1.0
3.2975097656250227,4.1915847063064575,0.0,31.5625,44705.6875,16517.375,1.0
2.5519271850586165,3.9595224261283875,0.0,16.03,39063.0,14957.875,1.0
1.7340789794922102,3.851712942123413,0.0002286157177554,17.035,40427.1875,13189.375,30.6875
1.7455688476562727,3.7012285590171814,69.80075859917535,40.6,50123.0,8844.875,3536.25
2.338288879394554,3.6938456296920776,103.37268391927083,43.4975,48192.6875,7273.1875,2213.1875
1.043008422851585,3.2611641883850098,0.457316657172309,49.855,50801.0625,9086.4375,1.0
0.1757369995117415,2.9904953837394714,0.0,45.004999999999995,45222.25,7737.0,1.0
-0.1568969726562272,3.146536648273468,0.0,23.5275,39077.5625,11144.375,1.0
-0.06330718994138344,3.5049474835395813,0.000406858457459325,21.0875,40427.625,16392.75,71.375
0.7999511718750227,4.329384803771973,67.6132623969184,28.805,50581.9375,20669.0,4770.625
1.930024719238304,5.084015250205994,77.87300889756945,19.125,50435.3125,27041.75,2372.6875
1.342622375488304,5.570947647094727,0.3247040473090278,14.915,54666.5,34284.3125,1.0
0.8375717163086165,6.262433767318726,0.0,-4.225,50134.3125,36352.4375,1.0
0.30430755615236643,6.9302895069122314,0.0,-15.63,43606.9375,34940.6875,1.0
-0.11510314941403971,7.589806914329529,0.000565727021959075,-26.357499999999998,44837.9375,35780.5625,111.1875
0.7799468994140851,7.981633901596069,71.10120008680556,-17.98,54863.5625,38814.8125,4031.625
1.8587509155273663,7.870375394821167,80.75862467447917,-25.1975,55940.8125,41347.75,1596.9375
1.5491271972656477,7.164949417114258,0.25056282891167536,-0.08499999999999999,58404.5625,41301.375,1.0
1.7683654785156477,6.25355076789856,0.0,7.375,50110.0625,32957.5,1.0
2.068788146972679,5.100398302078247,0.0,5.8125,42600.4375,23150.375,1.0
2.004457092285179,4.163394749164581,0.000298362871011075,37.5075,48687.125,15442.125,37.625
2.3984161376953352,3.799699306488037,58.08742906358507,51.055,57019.75,10297.8125,2796.75
3.1006713867187727,3.593920588493347,78.50970865885417,51.480000000000004,56362.0625,7915.375,1574.0
2.2142425537109602,3.361408233642578,0.45124091254340276,54.6325,57656.6875,9416.9375,1.0
1.617158508300804,3.091058135032654,0.0,43.36,47708.25,7178.4375,1.0
1.29413757324221,3.3801087141036987,0.0,36.385000000000005,41529.375,8100.3125,1.0
1.1621109008789288,3.67531281709671,0.00038360940085515,46.0,47678.625,11487.5,63.3125
2.048005676269554,4.0311057567596436,69.15585137261284,53.9925,56198.6875,11861.125,3709.125
3.281404113769554,4.095738172531128,96.48365614149306,53.8075,56559.1875,13807.6875,2114.5
2.4258361816406477,3.860055983066559,0.5565824042426215,50.78,59261.5625,17603.6875,1.0
2.016450500488304,3.933619499206543,0.0,36.1,50144.5,19477.0625,1.0
1.597627258300804,3.908255875110626,0.0,33.305,43790.25,20628.125,1.0
1.191590881347679,3.8637375831604004,0.000244115077786975,43.4325,49683.0,20274.25,82.0625
2.1279541015625227,4.048286199569702,83.45545952690972,53.7575,56877.0625,17198.0,5734.6875
3.5526367187500227,4.184323847293854,106.37784613715277,54.9275,56925.75,16764.3125,2781.6875
2.6478134155273665,4.055678844451904,0.590363294813368,55.575,59203.1875,20869.6875,1.0
2.2147460937500227,4.121003866195679,0.0,41.5175,48973.8125,21161.5625,1.0
1.61231384277346,4.0792176723480225,0.0,32.01,41731.75,19085.375,1.0
0.9602447509765851,3.8909088373184204,0.000391359097427775,38.1025,44349.25,16063.6875,108.0
1.6163269042968977,3.870483696460724,72.84452134874132,46.3775,53065.875,14134.125,6181.625
2.801789855957054,3.3752576112747192,95.21063205295138,55.295,52938.0,10324.375,3171.1875
1.4632049560547102,3.0560072660446167,0.4431734890407986,59.6475,55468.3125,9299.875,1.0
0.9368682861328352,2.723042368888855,0.0,51.8575,46487.0625,5552.1875,1.0
0.47453460693361643,2.2763216495513916,0.0,44.045,41075.0,3318.125,1.0
0.17503509521486646,2.1204060912132263,0.000387484265698325,40.2975,39652.875,2463.6875,48.75
0.9527908325195539,2.146580755710602,70.98085720486111,46.965,46445.5625,2219.1875,3309.125
2.275941467285179,2.150628626346588,99.59743001302083,47.45,48251.4375,2297.1875,1937.125
1.4641967773437727,2.149246335029602,0.5819703504774305,59.6575,52553.8125,4376.75,1.0
1.0161071777343977,2.255112946033478,0.0,50.93,46322.9375,5159.4375,1.0
0.6627059936523665,2.269592821598053,0.0,40.2675,40360.5625,4536.4375,1.0
0.38884124755861643,2.1016781330108643,0.0003177370958858,43.625,43381.8125,3617.9375,39.625
0.8914199829101789,2.2234501242637634,65.5460211859809,53.025,52204.8125,1884.5625,2516.0
1.789674377441429,2.203403353691101,85.23362304687501,54.0325,53378.25,1620.125,1338.6875
1.259736633300804,2.3715274930000305,0.5658975219726563,61.82,56101.5625,4075.75,1.0
0.9758926391601789,2.770792603492737,0.0,50.46,47923.125,7379.6875,1.0
0.9035507202148665,3.205022394657135,0.0,37.795,41733.75,12016.625,1.0
0.8659530639648665,3.67694890499115,0.000278988679250075,33.4,43813.9375,17503.375,22.0625
1.0587326049804915,4.081242322921753,49.57226399739583,41.3375,53970.4375,20423.4375,1002.5
1.40009460449221,4.237204313278198,66.39970920138889,38.9375,55498.75,21136.75,601.875
1.1654907226562727,4.218716502189636,0.5367819552951388,44.8175,57880.0,20746.5625,1.0
0.9283386230468977,4.046523988246918,0.0,31.252499999999998,50982.8125,18013.875,1.0
0.7097946166992415,3.9271122217178345,0.0,25.495,46157.0,16654.8125,1.0
0.48635253906252274,3.8627009987831116,0.000375859737396225,43.3525,57852.625,16080.625,25.75
0.6427703857422102,4.037684321403503,57.77883992513021,58.8775,69243.75,16053.5,800.0
0.968507385253929,4.274588227272034,73.79217339409722,60.45,69599.5,16332.4375,473.25
0.7804962158203352,4.1081303358078,0.6256165907118055,57.7975,69562.375,16336.6875,1.0
0.6902023315429915,3.9645158648490906,0.0,44.1875,57880.6875,15204.4375,1.0
0.6425949096679915,3.9344804286956787,0.0,39.932500000000005,50566.625,14628.3125,1.0
0.6372009277343977,3.8923253417015076,0.000309987399313175,52.4875,60861.875,14530.75,25.625
0.9693847656250227,3.9867103695869446,46.18551988389757,65.5575,70386.875,14827.4375,906.1875
1.3533798217773663,4.101810812950134,64.57305338541667,64.0,69985.0,15905.0,524.0625
1.2381912231445538,3.940157651901245,0.6215789794921875,61.7925,69551.6875,16121.125,1.0625
1.12348327636721,3.744756579399109,0.0,49.97,58388.1875,15410.875,1.0
0.9188934326172102,3.691628873348236,0.0,42.8,50430.75,13827.1875,1.0
0.6467529296875227,3.5255940556526184,0.000232490549484875,47.355,57618.75,11406.4375,25.625
0.7322555541992415,3.5820534229278564,43.107794189453124,57.1175,66427.5,8406.0625,1029.5
0.9630371093750226,3.3403403759002686,58.42638400607639,59.5325,65617.8125,7324.375,661.3125
0.516145324707054,2.929575026035309,0.6173011610243055,59.3325,66158.875,7025.125,1.0
0.3045898437500227,2.87741619348526,0.0,51.615,56889.375,6356.1875,1.0
0.16493377685549146,2.882615387439728,0.0,48.185,50859.25,6191.625,1.0
0.037950134277366473,2.967556357383728,0.00049597985214655,65.4325,61585.5,6212.125,28.6875
0.41581115722658524,3.3327630162239075,66.35751315646702,87.28,70675.5625,5690.25,1128.6875
0.9940887451172102,3.2178603410720825,92.34855685763888,84.49000000000001,69742.125,5104.8125,794.5625
0.40226898193361643,2.904614269733429,1.0027782524956597,84.3775,69477.3125,6385.5625,1.0
0.1192565917968977,3.023950755596161,0.0,55.6725,58845.75,6322.875,1.0
-0.1576141357421647,2.9848052859306335,0.0,47.0225,51513.875,5956.75,1.0
-0.3002838134765397,2.9505061507225037,0.000670347743564175,73.83500000000001,61539.4375,5611.8125,23.75
0.21320495605471024,3.2719998955726624,67.17598795572917,107.4,70114.375,4563.625,1313.9375
0.9178710937500227,3.2017959356307983,96.34032335069445,95.7575,67793.4375,4219.3125,873.125
0.17539367675783524,2.6278907656669617,1.075966322157118,91.175,67760.75,4997.25,1.0
-0.3851684570312272,2.5589160323143005,0.0,55.8775,56683.375,4516.25,1.0
-0.7078918457031023,2.543064534664154,0.0,51.24,49200.6875,4142.3125,1.0
-1.0174011230468523,2.4933448433876038,0.0008912138144175,53.0725,50822.3125,3597.6875,30.25
-0.29196777343747726,2.6203469038009644,69.49741224500868,67.41,59538.0,2296.25,2213.4375
0.7199188232422102,2.604361891746521,99.66932074652777,61.3275,58949.5625,1698.25,1523.375
-0.23403015136716473,2.119858741760254,1.2970958116319444,68.38,61029.625,1821.3125,1.0
-0.9163345336913835,2.070714592933655,0.0,54.4625,52394.5625,2358.6875,1.0
-1.3263992309570085,2.284441888332367,0.0,49.4875,45745.1875,4464.625,1.0
-1.658598327636696,2.630112111568451,0.000972585479418425,45.925000000000004,46623.375,6743.6875,38.1875
-0.8545516967773211,3.182791292667389,76.30768229166667,54.5825,56722.625,9809.3125,3753.625
0.6346298217773665,3.535508632659912,107.0265017361111,54.292500000000004,56797.875,12131.0,3286.5625
-0.735563659667946,3.50870817899704,1.5709309895833334,59.3825,62072.625,14916.75,1.0625
-1.6168731689452898,3.383670210838318,0.0,46.879999999999995,56318.125,14964.0625,1.0
-2.0316299438476335,3.5459864735603333,0.0,44.6,51983.25,19603.3125,1.0
-2.3990234374999773,3.954005241394043,0.001298072205649475,58.765,66262.3125,23571.1875,47.4375
-1.4273590087890398,4.406440854072571,78.08486653645834,55.5125,76079.375,25919.875,3232.25
0.144227600097679,5.006291151046753,110.25051106770835,49.51,75214.3125,28820.125,2084.625
-0.3215698242187272,5.718668103218079,1.6880364312065972,45.3925,75526.3125,33626.3125,1.0
-0.24532928466794596,6.293635845184326,0.0,28.65,64055.3125,36453.5625,1.0
0.1574798583984602,6.43911874294281,0.0,21.490000000000002,57354.3125,35791.875,1.0
0.626710510253929,5.960466504096985,0.0016313087940216,48.0125,68710.3125,29871.5,27.0
1.3440719604492413,5.554623126983643,46.53019748263889,57.245000000000005,75777.125,25608.375,1493.9375
2.1656967163086165,5.833284378051758,72.12066243489585,56.265,73198.4375,27134.9375,1306.25
1.7269226074218977,5.649652719497681,0.9112544759114584,58.66,73269.5,29319.875,1.0
1.3317428588867415,5.3263022899627686,0.0,38.837500000000006,62586.9375,29638.9375,1.0
0.7660766601562727,5.314234495162964,0.0,32.0875,56651.25,29788.4375,1.0
0.6122222900390852,5.58637261390686,0.0016313087940216,45.2575,68034.3125,32123.6875,45.0
1.281404113769554,6.202591896057129,88.58068413628472,44.745,76477.4375,35793.1875,3386.625
2.160737609863304,6.9003918170928955,124.6262109375,41.6475,74694.25,39194.375,2266.0625
1.4083496093750227,6.471270203590393,1.7104252115885417,51.9825,73906.125,37290.75,1.0
1.1134429931640852,6.279499530792236,0.0,39.79,62645.125,34010.125,1.0
0.9155059814453352,5.992487072944641,0.0,39.2275,56220.0,30668.125,1.0
0.22287902832033524,4.961189031600952,0.001887048350440125,68.80250000000001,67034.75,18971.6875,27.75
0.2056823730468977,4.12627387046814,70.12164360894097,89.675,74645.1875,8692.375,1753.1875
0.5723739624023665,3.5456578731536865,110.81085394965278,83.615,72536.9375,5495.875,1195.6875
-0.050382995605446,3.090279221534729,1.442913818359375,88.2775,71797.875,7132.25,1.0
-0.6250747680663835,3.207240045070648,0.0,56.785,60770.3125,7399.5625,1.0
-1.3369812011718523,3.154118776321411,0.0,47.74,54254.0625,8273.625,1.0
-1.8705200195312273,3.2425429224967957,0.002871258258819575,71.625,65803.9375,9096.125,52.8125
-1.5010894775390398,3.587225914001465,87.36856174045138,88.6675,73787.6875,6705.3125,3178.125
-0.901884460449196,3.6697997450828557,127.75182074652778,78.19,70829.1875,6897.0625,2150.6875
-1.6457809448241962,3.1636723279953003,2.3187909159726567,92.4325,70560.375,5528.375,1.0
-2.2422622680663835,2.7335285544395447,0.0,61.05,58965.6875,3840.5,1.0
-2.732542419433571,2.770393490791321,0.0,52.125,51177.0625,3870.1875,1.0
-3.0567687988281023,2.6830809116363525,0.0031812458568149,52.4625,52999.375,4332.8125,26.1875
-2.492613220214821,3.1751116514205933,91.11083414713542,61.415,62694.5,6221.125,2040.5
-1.5869049072265398,3.8080087304115295,122.91086480034721,52.1225,61636.375,9591.8125,1510.125
-2.3312133789062273,3.45374858379364,2.1204146424598163,63.160000000000004,63880.1875,10886.125,1.0
-2.8375686645507585,3.0948535203933716,0.0,51.182500000000005,54657.0,9140.25,1.0
-3.0679458618163835,2.6927979588508606,0.0,46.7025,47897.5625,6275.5,1.0
-3.158140563964821,2.5210742354393005,0.00458006381988525,46.735,47936.5625,5663.9375,39.5625
-2.1637634277343523,2.4936641454696655,73.75839518229166,55.769999999999996,58370.0,4432.5,2077.4375
-0.778501892089821,2.475990056991577,109.74205186631944,54.2125,57275.5,3207.6875,1466.4375
-1.2316574096679462,2.542147159576416,1.8399069372150632,67.32,60894.375,5651.125,1.0
-1.3870071411132587,2.873166799545288,0.0,53.81,55208.3125,9398.3125,1.0
-1.0124267578124773,3.124183177947998,0.0,47.2325,50266.125,10655.6875,1.0
-0.4145645141601335,3.5365288853645325,0.002968129316965725,65.1875,64553.8125,14717.0625,29.375
0.7733856201172102,4.481690585613251,63.47395155164931,68.5325,74726.75,20541.0,1596.5625
2.038697814941429,5.071393251419067,91.35974283854166,57.26,73807.25,26618.8125,1185.375
1.9857116699218977,4.985645771026611,2.3103439627753364,53.3525,73492.5625,30787.625,1.0
2.012025451660179,5.163232326507568,0.0,40.7725,61249.75,30699.5,1.0
1.8339248657226788,5.247443795204163,0.0,35.835,54596.25,30307.5,1.0
1.4033905029297102,5.455466270446777,0.00833866119384765,45.3425,67449.375,33608.875,42.0625
1.7719894409179913,5.788635730743408,58.72539767795139,53.485,76796.8125,34222.0625,1815.125
2.7995773315429915,5.855887293815613,64.75439398871528,51.9275,74692.0,31017.9375,910.3125
3.474732971191429,5.610422968864441,1.2952669397989909,48.3025,72815.25,33269.4375,1.125
3.8288436889648665,5.737813115119934,0.0,33.245,61803.375,37549.625,1.0
3.5872283935547102,5.913364052772522,0.0,27.2275,54950.1875,36809.5,1.0
3.2711730957031477,5.987113952636719,0.011783396402994775,37.245000000000005,67644.8125,37562.8125,85.0625
4.639428710937523,5.941618919372559,90.91359863281251,38.195,75229.875,36274.8125,4758.5
6.853852844238304,5.739065170288086,137.76149739583332,38.215,72524.0,33853.0625,3895.8125
5.836953735351585,5.602643609046936,3.6247524807188247,47.5375,73512.375,37977.0625,1.125
5.24500427246096,5.915570378303528,0.0,27.9025,62298.25,38774.75,1.0
5.350442504882835,6.462828874588013,0.0,7.295,55461.4375,41409.125,1.0
5.705773925781273,7.622103333473206,0.013271336025661875,28.4275,68326.4375,44477.0625,122.8125
6.3496566772461165,7.383688688278198,110.02468668619792,33.8425,75316.375,39353.75,6549.375
7.372438049316429,6.782075524330139,150.6924294704861,39.910000000000004,72260.0625,35970.5625,3726.625
6.270661926269554,6.459025621414185,3.3020051972071336,42.795,72843.8125,35891.125,1.0
6.044229125976585,6.3815683126449585,0.0,24.24,61179.625,37221.3125,1.0
6.387628173828148,6.687679409980774,0.0,13.1875,55110.125,40456.625,1.0
5.760552978515648,6.7224555015563965,0.016406083636813677,37.474999999999994,67049.5625,36856.25,158.0625
5.6909957885742415,5.595394611358643,100.72513427734376,48.6275,72834.75,24733.75,5563.8125
6.158418273925804,4.7405266761779785,138.72521050347223,53.4625,69213.8125,20128.625,3770.375
4.0266586303711165,4.072262227535248,3.4904891520076324,62.5175,69812.0,18584.5625,1.0
2.6192184448242415,3.7539111971855164,0.0,48.7825,57954.0625,16212.125,1.0
1.845307922363304,3.466711163520813,0.0,42.2475,49843.1875,11253.1875,1.0
1.4109207153320538,3.6144896149635315,0.0087377701865302,45.0625,51769.1875,11990.3125,29.25
1.702424621582054,3.9607638120651245,72.16100016276042,57.6625,61383.75,14157.375,3068.8125
2.813905334472679,3.3799716234207153,113.44003797743056,53.7375,58795.8125,8427.25,2552.875
1.7441802978515852,2.6536442637443542,3.354304108089871,62.6675,60749.0625,7406.0625,1.0625
0.8685241699218977,2.615817904472351,0.0,48.995,51497.0,5448.5625,1.0
0.34967193603517893,2.8341851830482483,0.0,40.4825,45123.8125,7469.6875,1.0
0.01616821289064775,3.332382321357727,0.023748910692003026,42.1075,46295.75,9907.3125,78.5625
0.48420867919924143,3.769296884536743,90.93977566189236,52.4575,56411.1875,9463.375,3402.4375
1.3186126708984602,3.825539767742157,135.62065538194446,47.065,55489.125,7338.75,2406.8125
0.3337646484375227,2.9822617769241333,4.510735376146105,62.2975,59072.75,5777.375,1.1875
-0.3317779541015397,2.77218097448349,0.0,51.05,53502.25,5477.125,1.0
-0.9787811279296648,2.4579383730888367,0.0,42.72,49409.125,4128.8125,1.0
-1.497343444824196,2.4119539856910706,0.03052988476223415,63.307500000000005,63514.75,2852.0625,87.5625
-0.46655883789060226,2.5247856974601746,99.45188720703123,73.96000000000001,72575.6875,2537.0625,3388.625
1.106141662597679,3.0319485664367676,146.2133615451389,66.5675,70646.1875,4702.625,2883.9375
0.08044586181642902,3.0267715454101562,5.295390781826443,67.6975,71432.125,11057.375,1.5625
-0.4060882568359147,3.335423767566681,0.0,51.8525,61462.0,12357.5625,1.0
-0.5280670166015398,3.5502089858055115,0.0,46.815,55057.75,14066.1875,1.0
-0.5931915283202898,4.0185598731040955,0.0281817309061686,62.837500000000006,66557.125,15234.5,63.875
0.30626068115236643,4.493850588798523,100.82031494140625,71.91,74524.875,13017.25,3065.9375
1.5454956054687727,4.813697338104248,145.22272786458333,67.285,72153.875,12802.25,2352.875
0.9431625366211165,4.2201420068740845,5.472323849995932,67.305,72878.9375,15669.5625,1.625
0.3407379150390852,3.928015112876892,0.0,51.06,61861.5,15906.0,1.0
-0.12951507568357098,3.888077974319458,0.0,43.15,55079.0,16163.1875,1.0
-0.4326538085937272,3.86773419380188,0.036857503255208326,56.135000000000005,67091.8125,15705.5625,72.3125
0.184236145019554,4.194516599178314,95.69634168836805,65.8275,75722.375,14101.125,3181.625
1.3879257202148663,3.9976784586906433,124.4819455295139,65.86,72675.5625,10556.9375,2363.8125
1.1316925048828352,3.6041492223739624,3.1362976201375323,65.57000000000001,72136.0,12698.4375,1.0
1.3563629150390852,3.8453627824783325,0.0,51.415,61047.3125,14413.5,1.0
1.7096115112304913,3.894862473011017,0.0,43.7,53814.875,12986.0,1.0
1.7158981323242413,3.739678978919983,0.036706381903754325,57.445,66204.75,10086.5625,51.1875
2.2087951660156477,3.963243305683136,57.324369845920145,64.105,75121.9375,11099.3125,1816.625
3.1158538818359602,4.189391851425171,70.55239800347222,57.8475,72524.0625,11203.9375,1788.6875
2.9987274169922102,4.24002468585968,2.281360109117296,59.8925,72089.5625,13134.5,1.8125
2.5622955322265852,3.940916419029236,0.0,47.815,60057.625,12042.8125,1.0
2.3311401367187727,3.7597163319587708,0.0,38.435,52863.4375,15621.3125,1.0
2.4543014526367415,4.676679968833923,0.030297393798828124,49.7025,65291.6875,23907.8125,72.0625
3.1992736816406477,5.6350507736206055,58.71096842447916,55.925,73587.0625,27791.5625,3921.5625
4.002908325195335,5.939712882041931,95.84705512152779,50.175,70290.125,27322.0,3211.25
3.3666320800781477,5.453391790390015,4.457897830539279,58.5125,69519.1875,24922.6875,2.0625
2.8839355468750227,5.186100721359253,0.0,45.185,58497.125,23608.375,1.0
2.3648162841797102,5.021397113800049,0.0,36.9075,50583.0625,17955.6875,1.0
1.3417449951172102,4.521300792694092,0.058235007392035576,42.815,51830.375,10996.5,88.3125
0.9881225585937727,3.5696470737457275,94.72267903645833,57.1125,60323.0625,4985.6875,3497.25
1.129609680175804,3.0401042103767395,128.65349609375,50.805,58763.4375,4325.5,2153.375
-0.2236465454101335,2.982189416885376,4.439306348164877,58.6575,61912.5625,6342.8125,1.3125
-1.2886413574218523,3.162124991416931,0.0,44.58,54044.0,8400.5625,1.0
-2.2205642700195085,3.1730000972747803,0.0,39.9,47848.9375,8571.1875,1.0
-2.913114929199196,3.218241274356842,0.070421388414171,41.73,48522.5625,9261.3125,137.125
-1.6045898437499773,3.24854177236557,137.23795735677083,50.3475,58004.3125,6831.0,5619.25
0.434571838378929,2.839410960674286,214.00682508680555,48.2425,55485.625,4148.0,4744.8125
-1.1024078369140398,2.9504681825637817,8.320852517022027,62.17,60346.4375,8503.75,2.4375
-2.120634460449196,3.2657965421676636,0.0,46.79,54903.75,12016.0625,0.75
-2.4077056884765398,3.431018590927124,0.0,38.7475,50204.75,14148.1875,0.0
-2.2299560546874773,3.6718008518218994,0.12507603963216146,55.5325,64930.0,16336.875,120.3125
-0.47835388183591476,3.723089635372162,91.42303439670138,64.94749999999999,73539.9375,11535.5,4043.9375
1.680635070800804,3.284929394721985,119.21479817708334,64.08,71432.25,7179.0625,2573.125
1.4409118652343975,3.002345860004425,4.471537373860677,70.985,71267.125,6168.1875,1.125
1.3053909301758038,2.7395710945129395,0.0,51.785,59700.5625,5638.75,0.0
1.3438812255859602,2.852920711040497,0.0,43.675,52038.75,6657.75,0.0
1.5435043334961163,2.8282328844070435,0.05837450239393445,61.432500000000005,64928.6875,5950.25,122.5
2.6365142822265852,3.247795045375824,64.01894558376736,65.595,73894.625,6296.8125,3406.4375
4.2048507690429915,3.4909865260124207,84.64110894097222,55.7325,72080.4375,9776.6875,2094.4375
4.415872192382835,3.7773059606552124,3.468410280015734,56.085,71718.25,15365.25,2.8125
4.710046386718773,4.081699311733246,0.0,42.552499999999995,59236.625,19335.0625,0.0
4.9589706420898665,4.114852666854858,0.0,30.985,51906.625,21446.1875,0.0
5.140985107421898,4.314308404922485,0.1343524169921875,47.775,65621.0,22907.4375,96.1875
5.886575317382835,4.422627568244934,62.19723687065972,55.3475,74818.25,19687.0625,2213.5625
6.673028564453148,5.05212140083313,81.310107421875,45.835,73062.4375,23492.0625,1576.375
6.198083496093773,5.928016424179077,5.269181416829427,48.957499999999996,73477.0,28803.0625,2.75
5.602540588378929,6.527795433998108,0.0,37.83,60975.75,30126.75,0.0
4.743104553222679,6.151667356491089,0.0,33.3675,53004.625,27074.6875,0.0
3.660493469238304,5.102821946144104,0.16047659979926215,51.0075,65549.5,22214.1875,300.1875
4.152139282226585,4.2659385204315186,107.59759874131946,56.29,72308.75,14439.25,8739.9375
5.280419921875023,3.3765681982040405,158.82676432291666,57.465,68264.25,7806.6875,6188.75
3.6405731201172102,2.6172971725463867,8.659575466579861,67.475,69484.125,8043.0625,5.8125
2.4654403686523665,2.9078949689865112,0.0,49.5675,58093.0,10662.0625,0.25
2.0106750488281477,3.1325636506080627,0.0,41.9925,51702.0,12971.1875,0.375
1.889649963378929,3.4037342071533203,0.2340288628472222,53.615,63919.625,15848.0625,156.375
3.026582336425804,3.7567630410194397,96.34429633246528,59.2525,71999.0,17511.8125,4518.9375
4.530816650390648,3.6728322505950928,134.7662131076389,50.55,68807.75,17721.9375,3196.0625
3.6239410400390852,3.609533667564392,6.396233740912543,56.0275,69043.9375,19573.0,2.875
2.685884094238304,3.9162685871124268,0.0,45.66,57724.0625,20077.125,0.125
2.0872589111328352,4.139819264411926,0.0,36.8275,49868.125,21566.0625,0.0
1.5352035522461165,4.613777756690979,0.21433303833007813,37.2725,53047.0625,24902.6875,128.875
1.7447143554687727,5.251538872718811,89.00060167100695,42.815,62702.3125,28476.4375,3281.4375
2.0461059570312727,5.675822854042053,143.92265625,33.72,61224.1875,31556.0,1953.8125
0.9942794799804915,6.057729482650757,8.021606343587239,40.42,63690.875,37421.0625,1.875
-0.004423522949196013,6.261483073234558,0.0,16.755,55210.6875,35921.8125,0.0
-0.7965530395507585,6.471178293228149,0.0,-0.915,48817.5625,33011.4375,0.0
-1.6797546386718523,6.5507203340530396,0.2748697068956163,-1.5999999999999999,49651.8125,32688.75,75.375
-1.850790405273415,6.623908042907715,81.32946668836806,28.7325,60561.3125,33470.0625,2185.5
-1.6430725097656023,6.53171169757843,104.12110894097222,23.1475,59943.4375,32081.1875,1507.5625
-2.2620376586913835,6.2700841426849365,5.3600541856553825,40.085,62843.8125,31907.8125,3.0625
-3.0430130004882585,6.083003878593445,0.0,29.044999999999998,57419.25,29904.9375,0.0
-3.7895950317382585,5.7568724155426025,0.0,7.88,53549.8125,26524.125,0.0
-4.4731277465820085,5.41648805141449,0.2806354777018229,44.57,65512.1875,25075.875,95.125
-4.308226013183571,5.4085304737091064,103.80477376302085,56.3575,74585.6875,23359.125,2752.75
-3.769178771972634,5.205045938491821,154.48860243055555,53.6,72457.625,20102.6875,2124.3125
-4.6033157348632585,4.411361455917358,10.102679511176216,60.7375,72157.375,17370.8125,4.625
-5.662237548828102,3.832174837589264,0.0,47.98,62327.1875,13384.9375,0.0625
-6.3666519165038835,3.430995464324951,0.0,46.5325,56719.75,12791.4375,0.75
-6.7714675903320085,3.144270598888397,0.5199496120876737,64.9375,66751.6875,12861.9375,86.5625
-5.815084838867165,3.083404839038849,149.32743598090278,76.5575,75550.625,11714.75,1403.8125
-4.6378616333007585,3.0885236263275146,210.83768880208333,70.8675,73613.875,9006.125,1178.3125
-5.74065246582029,2.957815408706665,13.700269571940105,74.5025,73460.875,8005.75,4.625
-6.970945739746071,2.951196849346161,0.0,53.47,63922.375,8002.375,0.375
-7.6054214477538835,3.002937614917755,0.0,48.269999999999996,57421.1875,7090.375,0.0
-7.7224563598632585,3.218438684940338,0.4742884657118056,69.47749999999999,68127.5625,9804.625,92.125
-6.3708633422851335,3.563647508621216,139.16675564236112,90.1525,75939.3125,9517.875,1781.0
-4.6037734985351335,4.171363472938538,190.14102864583333,76.81,73412.6875,9659.25,1556.25
-5.512663269042946,3.9513095021247864,12.85327853732639,91.34,73784.6875,10983.8125,5.6875
-6.6990493774413835,3.578091263771057,0.0,58.2325,64577.625,8901.625,0.0
-7.5735916137695085,3.1628413796424866,0.0,51.2125,58518.25,6784.4375,0.0
-8.21300354003904,3.085327625274658,0.7726319715711806,92.2425,68196.1875,6171.1875,126.875
-6.126585388183571,3.175852596759796,190.77497504340278,100.8425,74854.5625,3638.125,3272.6875
-3.9045547485351335,3.4174909591674805,262.46946614583334,73.22500000000001,71458.0625,3669.5,3493.3125
-5.7856887817382585,3.1157524585723877,19.92678982204861,100.5775,73353.0625,6326.875,21.5
-7.963591003417946,3.2638403177261353,0.0,56.535,64452.1875,8915.3125,0.0
-9.266340637207009,3.1553578972816467,0.0,48.555,58202.4375,10306.9375,0.0
-9.919233703613259,3.246759057044983,1.0662714301215277,66.6825,68063.0625,12891.125,257.5625
-7.1269363403320085,3.9276561737060547,221.8635492621528,75.08,73609.125,10673.5625,5851.1875
-4.386206054687477,4.62564480304718,307.65741753472224,59.57,69962.375,12037.875,5542.375
-6.210874938964821,4.070358514785767,22.742327745225694,70.6475,72102.3125,15029.1875,30.5
-8.414770507812477,3.9135085344314575,0.0,51.525,62901.4375,14807.0,0.0
-9.88664855957029,3.433477461338043,0.0,46.105000000000004,55627.5,10970.5625,0.0
-10.791571044921852,3.135906159877777,1.1960786946614583,50.0075,56302.0625,9197.25,429.125
-7.223120117187477,3.1201990246772766,236.64735243055554,58.995000000000005,62814.75,6210.375,7925.9375
-3.3287185668945085,3.4281504154205322,329.6803689236111,49.34,59086.125,5387.25,6899.75
-5.179594421386696,3.1224981546401978,25.551015082465277,66.2075,64462.3125,9895.5625,52.25
-7.760466003417946,3.2213245034217834,0.0,48.055,58149.5,12677.5,0.0
-9.29350891113279,3.2916263341903687,0.0,43.37,52439.625,13146.9375,0.0
-10.310224914550759,3.189221978187561,1.5383589680989582,43.5625,51967.625,13228.375,567.375
-6.35405578613279,3.2118595838546753,252.02219401041668,45.625,59349.375,12426.6875,9400.0
-1.5775970458984148,3.3424270153045654,337.12916666666666,42.955,56263.3125,12673.5625,8115.5
-3.5547698974609148,3.6359633803367615,24.234579264322917,55.4025,62892.0,21633.375,49.3125
-5.634153747558571,3.9814956188201904,0.0,42.605000000000004,58903.5,24893.0625,0.0
-6.288244628906227,4.110997319221497,0.0,34.9375,54821.0,26984.5,0.0
-6.6094802856445085,4.312635540962219,1.6914501953125,52.1975,67200.0,29520.6875,513.5625
-2.8705657958984148,4.58758282661438,157.9135177951389,59.2475,76074.0625,26945.4375,5402.4375
0.09666595458986646,4.6775654554367065,151.19612413194446,51.3825,74775.125,22442.4375,2575.5
-0.04513397216794597,4.584043741226196,8.74797614203559,61.015,74781.875,20281.5,11.125
0.1490951538086165,4.105295181274414,0.0,47.6525,62876.1875,15194.375,0.0
0.6866241455078352,3.4357165098190308,0.0,43.0925,54951.5625,11590.625,0.0
1.1628280639648665,3.183737874031067,0.6733159044053819,56.62,65254.0,11972.8125,147.5
2.6601119995117415,3.274004817008972,106.14121148003471,63.92,72923.5,13293.875,4740.1875
4.9080978393554915,3.393823564052582,189.3056271701389,49.33,70241.8125,15950.0625,4968.0
4.0757919311523665,3.649388909339905,17.16766805013021,55.400000000000006,70843.5625,22332.1875,51.5
3.5828033447265852,4.124280154705048,0.0,45.17,61139.3125,26527.0,0.0625
3.9639144897461165,4.699472784996033,0.0,39.2,54927.0,31612.125,0.1875
4.3608871459961165,5.012272119522095,0.8689915635850695,47.875,66306.125,31246.5625,389.875
5.5941329956054915,5.081790208816528,129.1755002170139,53.96,73977.375,26876.125,7880.375
7.167878723144554,4.9276005029678345,186.26228298611113,47.317499999999995,70778.625,22250.5,6644.5625
5.832673645019554,3.401942551136017,16.263589816623263,63.9,70407.75,19346.5,60.125
4.30567321777346,3.0773975253105164,0.0,45.8,59174.1875,18422.1875,0.25
3.2786727905273665,2.970513105392456,0.0,39.165,52479.25,16755.5625,0.0
2.5983139038086165,3.1063085198402405,1.9839619954427083,52.0175,64505.8125,18371.375,948.1875
5.225373840332054,3.648752450942993,192.66303059895833,50.9875,71640.0625,18993.375,13829.1875
8.460206604003929,4.40495491027832,252.20043402777776,43.3175,69582.125,24334.125,8846.3125
6.906732177734398,5.173092484474182,19.97685980902778,47.995000000000005,71664.375,35119.6875,46.25
5.780397033691429,5.269482135772705,0.0,37.63,60367.375,32768.8125,0.0
4.901033020019554,4.749794363975525,0.0,36.6725,53473.75,29993.875,0.0
3.960694885253929,4.1573532819747925,1.942229953342014,49.730000000000004,65146.5,25592.75,749.9375
5.692201232910179,3.9122318029403687,206.18954969618056,51.125,71118.375,17480.75,13926.375
8.422021484375023,3.6430731415748596,280.9214453125,48.4375,66047.0625,12984.6875,11994.4375
6.274392700195335,2.980525314807892,26.684941406249997,57.6325,66650.0,16164.125,108.25
4.212678527832054,3.256313741207123,0.0,43.2775,56210.3125,20004.0,0.0625
3.656098937988304,3.29627525806427,0.0,36.0125,48001.25,19554.4375,0.0
3.253114318847679,3.4954037070274353,2.962634819878472,35.995000000000005,51532.25,21191.625,1280.6875
7.195520019531273,3.686043441295624,237.3052799479167,32.8525,58627.25,15890.4375,18496.5625
11.937280273437523,3.889031410217285,338.52734809027777,26.735,53943.3125,14643.125,14533.25
9.478616333007835,4.074489533901215,31.60677238099898,40.42,59341.8125,26049.5625,151.9375
6.72254333496096,4.211099147796631,0.0,27.1675,51769.75,29201.25,0.0
5.24079284667971,3.9147300720214844,0.0,16.419999999999998,44996.6875,26237.5625,0.0
4.020448303222679,3.6049813628196716,3.445820041232639,24.6025,46442.6875,22446.375,1489.9375
7.9354415893554915,3.255298912525177,272.14766710069443,32.6975,52695.875,10829.25,20031.25
12.506913757324241,2.98683500289917,371.7129600694444,32.435,47686.9375,5825.25,16505.9375
9.11292419433596,3.1151626110076904,36.20067799149288,54.99,54737.0625,10987.875,199.25
5.409539794921898,3.07276713848114,0.0,41.6225,49627.625,13053.75,0.0
3.782411193847679,2.9769880175590515,0.0,38.1025,45882.6875,13603.8125,0.0
2.9268966674804915,3.038630187511444,3.763944652896995,51.405,61393.6875,14716.0625,1310.375
6.793939208984398,3.118111550807953,269.8203927951389,47.99,68891.875,11857.25,16538.1875
11.683648681640648,2.9560295939445496,368.55319444444444,49.8875,65275.0,10297.0625,13375.375
8.950738525390648,3.010385036468506,34.70069214612246,65.7875,67401.625,16210.125,145.8125
6.151528930664085,3.227829933166504,0.0,46.667500000000004,57034.8125,19669.1875,0.375
5.278352355957054,2.996828854084015,0.0,38.665,50164.875,15179.375,0.0
4.8699203491211165,3.0530242919921875,4.431626467779279,49.5975,63517.0625,16447.0,1213.75
9.36011657714846,3.1979105472564697,251.86078559027777,46.957499999999996,69749.125,15304.875,16496.1875
14.478517150878929,3.2926294207572937,339.1936935763889,41.2525,65130.5,14908.4375,13737.75
11.753533935546898,3.234251379966736,34.461307675176194,56.785,67495.0,19098.125,180.5625
8.698663330078148,3.620579957962036,0.0,34.975,56739.1875,24762.5,0.0
7.32422790527346,3.7809306979179382,0.0,19.5625,50858.375,25839.375,0.0
6.302789306640648,3.7768834829330444,5.111990811559888,39.945,64328.0625,25147.5625,1532.875
10.89948425292971,3.736750364303589,287.93162543402775,37.845,69910.75,18775.375,19377.625
15.678941345214866,3.6176294684410095,377.5660199652778,39.205,65435.875,16475.5625,14899.8125
12.420129394531273,3.4950495958328247,38.738742612202955,56.1075,67416.5,19732.0,202.9375
8.82038269042971,3.623611092567444,0.0,39.870000000000005,56883.1875,23473.625,0.0
6.937127685546898,3.4748979806900024,0.0,34.485,50400.75,22005.5,0.0
5.726464843750023,3.452293038368225,5.9973884530862165,47.525,63379.75,21905.875,1818.0625
10.71943054199221,3.366287350654602,292.21914930555556,43.567499999999995,68964.25,14378.875,20889.75
15.342202758789085,3.130509316921234,367.82958333333335,44.957499999999996,64977.875,11767.4375,15796.5625
11.549226379394554,2.992108106613159,38.83703187041812,60.817499999999995,66800.25,10822.75,220.8125
7.420655822753929,3.054465889930725,0.0,48.01,55964.75,10451.5625,0.0
5.586404418945335,2.97523295879364,0.0,40.932500000000005,49463.625,10583.1875,0.0
4.534394836425804,3.1146604418754578,5.371415441301133,54.6275,62194.75,11471.0625,1204.375
7.117646789550804,3.7172154784202576,237.14632812500003,48.1325,69996.125,12563.4375,13144.75
8.875382995605491,4.421806812286377,270.8014322916667,40.6225,66562.1875,15088.9375,8695.5
6.674531555175804,3.9839953184127808,27.266708873112997,55.785,66654.75,15863.5,134.75
4.412263488769554,3.826913833618164,0.0,45.41,56084.9375,15871.0,0.0
3.1701141357422102,3.5421932339668274,0.0,39.605000000000004,48140.8125,12717.6875,0.0625
2.6116500854492415,3.41349858045578,4.012860514322917,46.34,50021.9375,8667.0,1064.875
4.054071044921898,3.5614163279533386,188.0792925347222,44.425,57583.5625,5288.8125,12412.6875
6.017022705078148,3.583707094192505,269.07327256944444,37.825,54089.6875,4812.875,11323.25
4.707330322265648,3.019532859325409,34.01758866733975,56.33,57240.1875,6699.25,249.125
2.7578216552734602,2.825725734233856,0.0,44.5125,49885.8125,8094.875,0.0
1.6628967285156477,2.792280852794647,0.0,39.3875,43645.6875,7542.125,0.0
0.9051452636718976,2.752205491065979,5.691787482367622,40.635,45497.375,7097.125,1780.375
3.5942855834961165,2.855451762676239,242.759921875,38.525,54042.9375,4498.3125,19416.375
6.7608505249023665,2.9871875643730164,334.48772135416664,31.66,50104.6875,4053.5625,15882.875
5.164666748046898,2.589883863925934,40.436814882490374,56.57,55617.625,5061.125,335.375
2.4962554931640852,2.2976866364479065,0.0,45.855000000000004,50463.5,4990.9375,0.125
1.2541061401367415,2.009865939617157,0.0,40.9275,46682.0625,3646.4375,1.0
0.7505966186523665,2.0039553344249725,6.265182772742378,58.4725,61678.625,3423.3125,1599.6875
3.7597824096679915,2.1997029781341553,244.26883680555557,49.522499999999994,69716.4375,2284.625,16743.6875
7.539979553222679,2.420695424079895,355.76305121527776,42.0,66102.9375,2038.4375,16752.625
5.665559387207054,2.3902541995048523,44.42104874504937,61.655,67901.8125,5240.25,392.0625
2.3343063354492415,2.4752382040023804,0.0,46.4675,57355.75,7336.1875,1.0
0.6859298706054914,2.3131133913993835,0.0,42.8725,50790.5625,6077.125,1.0
-0.17169036865232098,2.15701162815094,8.506255963643392,60.072500000000005,63311.25,4796.875,2164.125
4.100526428222679,1.8952897787094116,298.9465776909722,49.4475,69422.0625,2071.1875,21583.5625
9.587083435058616,1.816116064786911,404.3494357638889,46.3875,64994.375,1546.5,19180.0
7.407861328125023,1.991532802581787,50.80264279683431,70.0025,66719.9375,3767.625,422.4375
3.0538421630859602,2.0572184324264526,0.0,52.5125,56402.4375,4458.625,0.8125
1.2583709716797102,1.9766312539577484,0.0,44.1325,50231.625,3598.1875,1.0
0.667512512207054,1.981215089559555,9.960515594482422,60.540000000000006,63846.75,4219.1875,1935.9375
5.492776489257835,2.0485958456993103,325.7782378472223,49.144999999999996,69864.875,2490.8125,16384.75
10.207521057128929,2.6258196234703064,416.2859548611111,44.457499999999996,66394.5625,4507.75,11508.625
7.618814086914085,2.8097023963928223,49.75455903795031,63.565,68036.4375,10871.8125,226.75
5.0221115112304915,3.100862205028534,0.0,50.2775,57795.875,12825.125,1.0
3.969087219238304,3.082332730293274,0.0,44.435,50985.875,11461.125,0.9375
3.5251098632812727,2.9993762969970703,7.312362848917643,57.497499999999995,62913.75,9387.0,901.875
5.555696105957054,3.210334002971649,205.62047092013887,59.1075,70242.9375,7227.1875,9992.5
7.0002304077148665,3.62855464220047,242.18643229166668,53.442499999999995,68451.3125,8341.0,6894.3125
5.1722274780273665,3.3848934173583984,27.733871099683974,60.49,68276.625,10824.4375,131.5
3.2925888061523665,3.4913846254348755,0.0,48.8575,57470.5625,13076.5,0.9375
1.9115081787109602,3.529672622680664,0.0,43.08,50796.125,10300.25,1.0
0.7294860839843977,3.3806596994400024,7.8172546810574,59.2825,63162.25,7295.625,1482.875
2.1227966308593977,3.738783836364746,265.20967447916667,59.4925,70896.5625,5893.0,14803.0
3.5958801269531477,3.956437587738037,360.16459201388886,47.29,67163.125,7286.6875,11643.1875
1.9436584472656477,2.995716869831085,50.373014509412975,61.9025,67222.375,7108.25,367.0
-0.808073425292946,2.673908829689026,0.0,51.165,56299.4375,7228.6875,0.3125
-2.1373733520507585,2.7304391860961914,0.0,42.644999999999996,49106.75,9018.875,0.625
-2.3927368164062273,2.972074568271637,12.957992960611978,44.105000000000004,51756.3125,10800.3125,2882.125
1.7706237792968977,3.567043721675873,314.98298177083336,40.6225,59449.8125,9869.3125,22282.1875
4.4657150268554915,3.8378477096557617,371.58213975694446,38.34,55741.0,12154.5,16365.0
3.0770660400390852,3.4587243795394897,51.21000450981988,54.625,59070.8125,13080.25,467.8125
0.49913177490236643,3.3880988359451294,0.0,47.2125,52650.9375,15435.3125,0.125
-0.9036621093749773,3.354212701320648,0.0,42.2425,46509.6875,15586.625,0.6875
-1.214926147460915,3.38274085521698,13.497913462320962,43.26,47816.75,15731.75,2400.3125
2.519654846191429,3.800189793109894,303.22898871527775,38.2625,57081.3125,18305.3125,17546.125
5.2554489135742415,3.94644832611084,331.1039236111111,39.5075,53200.0625,17626.3125,13564.8125
3.6631942749023665,3.325895130634308,45.542880062527125,55.2975,57214.375,12592.75,382.25
1.1853576660156477,2.9761387705802917,0.0,50.89,52048.3125,9148.875,0.3125
-0.3095840454101335,2.442266047000885,0.0,44.5,47845.3125,4877.25,0.8125
-1.1696228027343525,2.1858116388320923,12.697572258843316,69.97749999999999,61647.75,2785.8125,2527.1875
2.021760559082054,2.2328420281410217,311.60028211805553,60.185,70258.3125,1202.0,20334.0
4.5441146850586165,2.154114067554474,374.15681423611113,55.67,67105.125,1155.375,15395.4375
2.7564025878906477,2.1229666471481323,49.89737581041124,85.19,68007.5625,3674.75,423.0625
0.15551147460939774,2.326620578765869,0.0,54.1725,58171.4375,6436.125,0.4375
-1.0328506469726335,2.323651969432831,0.0,44.2775,51620.875,6501.6875,0.75
-1.356748962402321,2.364241600036621,12.381555853949653,66.17750000000001,64386.1875,5374.6875,2044.0
1.8876892089843977,2.4574310183525085,261.4125846354167,63.3025,72682.0625,3559.0,15415.0
4.213471984863304,2.3615792989730835,299.3824522569445,56.85,69739.75,2562.4375,10113.0
3.091188049316429,1.9380861222743988,39.32569329155815,79.615,69567.3125,2031.1875,243.6875
1.4369827270508038,1.8200185000896454,0.0,57.285,57667.875,2501.0625,0.3125
0.5560470581054915,1.8712352812290192,0.0,50.28,50877.4375,3084.5,0.5625
0.370820617675804,2.204898238182068,12.056487765842016,62.489999999999995,64024.375,6016.4375,1568.875
3.464479064941429,3.1416589617729187,258.37534505208333,51.769999999999996,71353.75,9656.3125,12845.1875
6.147889709472679,3.794807553291321,278.16449652777777,46.97,68613.375,14953.25,10858.375
5.15961608886721,3.9457844495773315,34.9103079562717,53.8825,70297.375,24587.125,309.3125
3.8239913940429915,5.517383694648743,0.0,30.0975,61013.25,35629.3125,0.3125
3.872254943847679,6.441108345985413,0.0,0.035,54182.375,39542.5,0.6875
4.718728637695335,7.2008984088897705,3.8685731675889756,29.412499999999998,67365.625,43096.4375,479.5625
6.9886032104492415,7.869074463844299,99.61485894097223,36.94,75531.5625,43406.25,7159.0625
9.460755920410179,8.460205554962158,198.50126302083333,30.335,72531.6875,45130.75,7693.125
8.306909179687523,7.803899049758911,36.35867489284939,45.802499999999995,72253.8125,42510.5625,301.625
6.440652465820335,6.9307814836502075,0.0,22.0125,60542.9375,39552.875,0.5
5.139077758789085,7.087351560592651,0.0,8.92,53998.4375,40717.875,0.6875
4.413354492187523,7.0146015882492065,14.526528862847222,32.4825,66108.8125,41349.3125,2178.5625
6.031465148925804,7.555864453315735,315.31799479166665,4.7775,73349.8125,42621.625,15577.5625
7.684938049316429,7.317519426345825,382.71945312500003,13.127500000000001,69340.6875,40887.5,11863.3125
6.390740966796898,6.117885947227478,51.751764119466145,45.34,69048.875,38838.0,426.5625
4.793862915039085,6.333690404891968,0.0,31.32,57885.75,38817.875,0.375
4.4524398803711165,6.267287373542786,0.0,20.215,50321.75,36166.6875,1.0
4.6350570678711165,6.713900804519653,12.252336968315971,15.364999999999998,53271.8125,39172.625,1373.125
6.46491394042971,7.85761821269989,193.56180338541668,-0.03499999999999992,64136.9375,44858.625,8405.1875
7.258966064453148,8.266928672790527,257.4192491319444,-5.7725,61392.9375,43075.5,7498.5
5.584626770019554,7.673708915710449,42.894242723253036,29.0425,62097.9375,44795.0,337.625
4.353608703613304,7.111141800880432,0.0,4.8675,54635.5625,42305.3125,0.8125
3.5417953491211165,6.5404274463653564,0.0,-1.045,47898.125,38140.5,0.4375
3.0937591552734602,5.938161015510559,12.68466532389323,1.135,48671.875,33783.0625,1213.25
4.153466796875023,6.177635669708252,252.68942491319444,13.135,58235.0625,31061.25,10163.25
5.293885803222679,5.761730909347534,345.0690798611111,4.325,55150.375,27820.375,10303.8125
4.304010009765648,4.773977041244507,57.16704216851129,45.2275,57795.9375,24879.0,457.5625
3.1548858642578352,4.379844427108765,0.0,43.14,53313.125,24008.625,0.4375
2.8315979003906477,4.440533518791199,0.0,35.3425,48994.75,23354.1875,0.875
2.7731719970703352,4.912726402282715,12.494988132052951,55.9125,63055.75,24382.0,1270.5625
4.2641159057617415,5.505781888961792,221.6367534722222,53.75,72665.875,27083.5625,8942.875
5.462670898437523,5.479047179222107,300.68725694444447,42.025000000000006,70010.3125,30013.25,9631.6875
4.393586730957054,5.006111025810242,54.33875712076823,60.08,69157.6875,29524.3125,507.9375
3.405366516113304,4.824006795883179,0.0,49.745,58699.9375,27668.625,0.8125
2.827424621582054,4.7051849365234375,0.0,44.1775,52576.1875,24954.5,0.9375
2.5135437011718977,4.762344598770142,15.188994954427084,60.4275,65104.6875,21494.4375,1572.75
3.7845016479492415,5.197539806365967,275.3530642361111,58.97,72717.75,17656.625,11189.625
4.966943359375023,4.858433365821838,338.2200868055555,52.415,69557.75,14764.9375,9527.125
3.7756286621093977,3.607620120048523,57.136023898654514,68.9425,68442.0625,9807.9375,463.4375
2.1599594116211165,2.8412752747535706,0.0,51.305,57873.1875,8326.3125,0.9375
1.4538360595703352,2.6973057985305786,0.0,44.9275,51489.3125,9256.75,1.0
1.2964035034179913,2.978097438812256,16.593443603515624,57.4625,63920.8125,8718.875,1397.4375
2.8234802246093977,3.4277780652046204,281.07908854166664,58.6125,71271.1875,5883.625,10393.125
4.020722961425804,3.256000518798828,387.13793836805553,51.8975,68772.3125,6099.5,10029.5625
2.738526916503929,2.7457829117774963,66.52863661024305,74.5675,68097.0,4640.8125,522.0625
0.7317672729492415,2.338987350463867,0.0,59.6475,57896.125,3583.5,1.0
-0.22572937011716473,2.0638737082481384,0.0,48.175,51413.0,2204.6875,1.0
-0.4009536743163835,1.9203143417835236,21.2751799858941,68.7675,63283.8125,1319.9375,2254.75
2.3308807373047102,2.142293155193329,329.6997309027778,69.455,70401.75,1161.3125,14447.375
3.868165588378929,2.580820322036743,399.71555989583334,62.6975,68382.75,3078.25,11063.6875
2.5226837158203352,2.384697377681732,61.271129692925356,83.4575,68704.125,4710.8125,479.6875
0.8565155029297102,2.371597111225128,0.0,59.0925,58503.0,6726.6875,0.9375
-0.13474121093747723,2.3979791402816772,0.0,51.4075,52041.4375,6973.3125,1.0
-0.5198806762695085,2.898025870323181,25.799434136284724,65.55,64657.3125,8699.25,1878.5
1.8266845703125227,4.080101549625397,344.22025607638886,51.09,71997.625,12510.5,13699.875
3.0440765380859602,4.725390911102295,436.96842881944445,44.465,68873.25,17652.8125,11440.0
1.4456344604492415,4.062960684299469,75.04500094943577,65.2325,67746.625,12638.5,631.5625
-0.7322219848632585,2.9332900047302246,0.0,60.39,56417.125,7010.25,1.0
-2.0972503662109148,2.552372694015503,0.0,53.225,49038.0625,4760.875,1.0
-2.394773864746071,2.9011664390563965,26.85416259765625,53.4125,51588.25,6193.75,2958.6875
0.39843139648439774,3.4438483119010925,343.38442274305555,47.2775,59962.6875,8623.5,18451.375
2.4943634033203352,3.831896185874939,351.9950173611111,43.2375,57499.6875,14088.625,14186.25
2.1825500488281477,3.643426477909088,57.02346733940973,60.1175,59968.3125,18423.75,580.5
1.438111877441429,4.072364032268524,0.0,46.0,52881.25,23726.1875,1.0
1.6371856689453352,4.722127079963684,0.0,28.494999999999997,46177.25,26111.0625,1.0
1.979249572753929,5.12475323677063,14.171570638020833,22.5,47918.75,29199.9375,1121.9375
3.4834533691406477,5.730454921722412,210.36438368055553,31.927500000000002,57216.125,29633.75,8226.625
5.009927368164085,5.772973418235779,271.40955729166666,24.2825,55388.25,29473.1875,9027.5
4.33765563964846,4.685810089111328,53.911664225260424,55.41,57754.0625,26664.75,468.6875
2.9015747070312727,3.9149261713027954,0.0,52.3675,52536.25,20486.9375,1.0
1.935334777832054,3.53415447473526,0.0,47.7275,47980.5,15913.25,1.0
1.7568222045898663,3.4201812744140625,25.37973361545139,65.11500000000001,61733.4375,10273.6875,2287.25
4.05372009277346,3.628745675086975,289.1958940972222,64.725,70896.6875,5530.8125,13464.625
5.74463806152346,3.9282323718070984,299.1821657986111,52.6875,69223.4375,8339.125,9709.625
4.9851242065429915,3.3287383317947388,48.026561686197915,76.2375,68521.5625,9643.3125,454.25
3.747987365722679,2.9649813771247864,0.0,57.620000000000005,58588.125,10061.9375,1.0
3.1466766357422102,2.8858009576797485,0.0,51.9275,51528.5625,9012.5,1.0
2.990144348144554,2.9017763137817383,19.88582004123264,68.565,63614.25,6849.9375,1593.1875
4.976502990722679,3.397998809814453,251.4522526041667,64.1825,70507.25,5743.625,9619.1875
6.655610656738304,3.225392460823059,279.7139800347222,58.68,68120.875,5716.5625,7815.4375
6.050042724609398,2.484678566455841,51.03231662326389,73.0025,67782.125,5358.9375,579.8125
3.815126037597679,2.4561458826065063,0.0,55.9075,58074.5,8242.8125,1.0
2.7116943359375227,2.6621503233909607,0.0,46.317499999999995,51441.5625,10081.3125,1.0
2.6852279663086165,2.790689766407013,33.09144197451572,61.935,63587.875,10603.9375,3669.4375
7.290368652343773,3.0506617426872253,412.96493923611115,45.8075,69420.9375,8320.9375,24430.6875
11.099755859375023,3.2077431082725525,492.2231597222222,47.7425,65921.8125,9104.375,21243.4375
9.564073181152366,2.406854569911957,90.24847710503472,72.4525,66442.4375,7363.5,1138.625
5.001443481445335,2.494743764400482,0.0,60.7275,57111.9375,7396.8125,1.0
3.1400924682617415,2.436603844165802,0.0,49.765,50198.6875,5131.875,1.0
2.8332305908203352,2.3367165327072144,36.97029556790987,69.3925,61994.5625,4253.5625,4541.75
9.002030944824241,2.295802354812622,414.23061197916667,54.3575,68086.625,3669.0,23961.3125
12.56415710449221,2.9464049339294434,430.1093489583333,49.87,65230.875,5627.0,16702.625
10.527497863769554,2.246712386608124,71.34364501953125,73.295,65704.8125,5890.0,789.0625
6.860231018066429,2.4687065482139587,0.0,55.8725,55667.3125,9281.9375,1.0
5.12024841308596,2.714107930660248,0.0,47.655,49225.25,13441.875,1.0
4.8494125366211165,2.935524344444275,38.654057908058164,60.1375,61645.1875,15052.25,4519.5625
10.494775390625023,3.3069395422935486,416.62584635416664,41.3625,67600.125,15511.5625,24693.8125
13.630151367187523,4.0780415534973145,406.18344618055556,41.815,63129.875,17263.1875,18108.5
11.954385375976585,3.1444719433784485,72.3814759657118,64.105,63534.875,16252.375,988.1875
8.613626098632835,3.7484476566314697,0.0,50.825,54272.3125,22600.875,0.5
7.117837524414085,4.425641298294067,0.0,34.44,47173.625,27813.875,0.9375
6.070710754394554,5.419418454170227,28.124027281867136,31.0,52045.5625,35095.4375,2249.5
6.5959640502929915,6.656681776046753,310.00866753472224,-8.6675,61933.375,36567.75,15722.3125
7.091180419921898,6.906044363975525,418.91856770833334,-12.885,58104.25,33638.875,13753.0625
5.737344360351585,5.17029345035553,80.62143229166665,56.255,58430.25,25527.8125,875.625
3.865724182128929,4.017441511154175,0.0,48.2175,50761.625,23165.0625,1.0
2.9123474121093977,3.7429882884025574,0.0,36.03,44458.875,23661.0,1.0
3.152864074707054,3.8948052525520325,39.285800789727105,32.2675,46967.3125,24307.4375,3968.0625
7.8996749877929915,5.216172933578491,382.9192621527778,-11.482500000000002,54704.3125,25821.3125,21544.375
10.822259521484398,5.8152889013290405,333.2024782986111,-24.6375,51788.0625,27508.0625,16023.1875
9.866258239746116,4.614441990852356,57.11861246744792,41.915,54987.3125,26645.8125,793.625
7.9350448608398665,4.601271390914917,0.0,32.56,49552.75,26215.5,0.9375
7.129693603515648,4.4414966106414795,0.0,25.9725,47554.875,26971.75,1.0
7.0422225952148665,4.415130376815796,34.394137371910944,61.12,64513.375,26992.0,4346.3125
12.066629028320335,4.655198574066162,400.68428385416667,27.955,68965.375,25274.3125,24556.75
16.04986724853518,4.797485828399658,481.55299479166666,23.9725,64153.1875,23498.0,21261.75
14.466844177246116,3.6238372325897217,99.15773189078602,64.37,62972.3125,18890.0,1361.125
9.517266845703148,3.3526881337165833,0.0,52.18,52377.9375,18022.8125,1.0
6.9079452514648665,2.9717910289764404,0.0,47.432500000000005,49625.375,15398.0625,1.0
6.489434814453148,2.7011181712150574,54.57247439490424,71.1675,64770.125,10548.5625,6349.625
14.293847656250023,2.557657778263092,514.4772309027778,46.54,67332.5,5931.25,29376.8125
18.662759399414085,2.6343191862106323,584.3819704861111,43.8375,62719.625,5710.5,23014.125
16.000833129882835,2.2570741772651672,115.397902452449,70.48,62013.4375,3834.8125,1461.4375
9.446511840820335,2.266435980796814,0.0,58.4,51168.25,3616.125,0.9375
6.529702758789085,2.2146003246307373,0.0,50.2625,47601.625,3115.75,1.0
6.3397689819336165,2.1336480379104614,58.27295438978407,71.2225,62839.375,3246.3125,6326.6875
15.615396118164085,1.7526084184646606,525.4473697916667,50.795,66175.0625,950.5625,28797.0625
20.318772888183616,1.6657693982124329,590.9109809027777,46.28,61192.3125,1081.4375,22727.625
17.475457763671898,1.6482964158058167,117.2739983815617,77.1775,60750.0,1361.3125,1444.8125
10.994493103027366,1.9551611542701721,0.0,55.255,49891.25,2243.625,0.3125
8.528291320800804,2.3881081342697144,0.0,44.815,46429.125,7555.3125,0.0625
8.37537536621096,2.8488568663597107,51.719544389512805,65.19,61391.125,11071.3125,4595.9375
13.909509277343773,3.472820222377777,452.42967881944446,45.6,66165.875,13720.25,22331.5625
15.798036193847679,4.504611611366272,488.7510590277778,42.015,62154.5,18674.0625,16969.5
12.349656677246116,4.135386943817139,93.9648601992925,62.15,59938.4375,17898.625,1126.625
8.182946777343773,3.732087194919586,0.0,54.415,47963.5625,12863.1875,0.0
5.672547912597679,3.5144542455673218,0.0,45.4575,42172.125,10929.6875,0.5625
4.5489364624023665,3.552276909351349,44.060494656032986,57.67,45733.4375,11833.375,3952.8125
6.919038391113304,4.148682355880737,353.1156293402778,28.5725,54650.875,18365.625,18536.25
8.902665710449241,4.9642254114151,421.0178559027778,-7.6674999999999995,51046.25,24823.125,18040.4375
7.531587219238304,4.770918130874634,90.60847789578968,46.865,52351.25,25325.4375,1197.625
5.158624267578148,4.323294043540955,0.0,42.195,45435.375,20743.5,0.0
3.6533752441406477,3.9030973315238953,0.0,37.379999999999995,41680.5625,16078.875,0.5625
3.1359802246093977,4.050444781780243,49.68151106092665,43.7825,47856.8125,11751.0625,4866.875
5.947167968750023,4.362372994422913,430.4881684027778,33.955,54548.5625,12297.8125,21157.4375
7.75837097167971,4.6616270542144775,449.65802083333335,22.0825,51438.875,15650.5,15964.9375
6.484063720703148,3.666676104068756,94.00525535159642,55.082499999999996,51959.375,12880.0625,1276.9375
3.119081115722679,2.5772335529327393,0.0,47.235,44172.6875,7383.25,0.0625
1.2923751831054915,2.4353169798851013,0.0,39.582499999999996,39457.375,5935.375,0.75
1.5991302490234602,2.6437151432037354,59.449385715060764,37.69,43608.6875,7421.75,5996.1875
6.0471054077148665,3.394900143146515,423.0530729166667,15.175,50885.3125,10982.8125,22445.1875
8.243760681152366,4.130243539810181,415.85243923611114,2.5774999999999997,46852.1875,17804.5625,18270.0
7.244683837890648,4.171506762504578,88.92655682563782,39.7075,49550.8125,21077.0625,1405.0
4.047357177734398,4.689322233200073,0.0,6.6675,45078.9375,26458.875,0.0
3.1922241210937727,5.654733896255493,0.0,-29.064999999999998,42469.1875,32065.9375,0.25
3.5532318115234602,6.363582611083984,37.25673587375218,-32.0625,46927.375,33636.9375,3124.3125
5.2953659057617415,7.541252970695496,313.53452256944445,-26.2,55365.625,34420.0625,12686.375
5.036965942382835,7.861345052719116,374.15257812500005,-36.665,53406.0,34708.125,10334.1875
2.3713241577148665,6.733627796173096,78.50939752578735,17.265,55546.875,34633.0625,861.625
0.037011718750022765,5.5635740756988525,0.0,14.385,50824.375,30569.8125,0.0
-0.8427642822265398,5.640213370323181,0.0,17.425,49104.6875,29587.25,0.0625
-0.7432388305663836,5.86063027381897,60.15148864746094,52.864999999999995,65378.0625,26888.375,2708.75
1.5788360595703352,6.319425463676453,466.9719704861111,24.002499999999998,73108.5625,28990.0625,14756.125
2.5069976806640852,6.254192590713501,519.8262760416667,21.625,69113.3125,30425.3125,14258.1875
1.1629196166992415,5.517375588417053,99.43543380737304,62.94,66001.6875,26845.5,1075.0
-0.05036773681638348,4.8608078956604,0.0,51.7325,56177.5,24998.1875,0.25
-0.3485931396484147,4.75629198551178,0.0,46.144999999999996,53249.9375,23216.3125,0.1875
-0.17100372314450848,5.355035901069641,53.546882459852434,73.3,68303.0,24550.875,2062.5
1.787232971191429,6.656457781791687,389.51802517361114,47.56,75788.5,31460.9375,11935.375
3.1939559936523665,6.960918426513672,453.6497222222222,40.177499999999995,71335.6875,34863.8125,9450.0625
2.4568649291992415,6.357683181762695,98.60069303724501,49.35,67742.6875,34283.5,722.3125
1.4907318115234602,5.690374970436096,0.0,39.8875,57628.0625,31210.5625,0.5625
1.0211654663086165,5.303015828132629,0.0,44.9075,54006.25,27834.9375,1.0
0.9416442871093977,4.995516538619995,62.83890502929687,76.64,67193.1875,22231.6875,3611.6875
3.5137496948242415,5.525387525558472,456.7582899305556,57.1625,71658.9375,21653.5,15817.0
5.377656555175804,5.610533714294434,425.9931770833333,50.505,66838.5,22205.9375,14035.375
4.930017089843773,4.153669357299805,91.91548356797959,69.55250000000001,64846.375,19021.0,1439.375
2.3237091064453352,4.390422582626343,0.0,47.715,56435.375,24684.0625,0.9375
1.2700134277343977,4.732620477676392,0.0,40.730000000000004,54226.9375,28084.375,1.0
2.1058517456054915,4.870829463005066,61.634183146158854,51.96,67244.1875,26404.0625,6441.25
8.004457092285179,5.091868758201599,449.99573784722224,43.3375,70580.6875,22233.875,24808.8125
11.286149597167991,5.184115052223206,455.06768229166664,53.9875,64808.75,20134.875,15791.4375
9.930711364746116,3.321976900100708,94.50579260084365,78.77250000000001,61646.3125,8969.3125,1284.4375
6.434930419921898,2.7568185329437256,0.0,65.5975,50808.25,6168.875,0.5
4.947625732421898,2.8050544261932373,0.0,54.41,45223.375,6715.75,0.375
5.0608078002929915,2.8840001821517944,47.78606608072916,61.9225,50585.375,5499.25,3016.5625
7.716333007812523,2.886339545249939,328.51896701388887,59.2875,57696.5625,3245.0,13780.5625
9.584230041503929,2.687465190887451,363.7576953125,52.9925,53796.625,4061.625,12298.8125
8.892732238769554,2.7952648401260376,74.5781371392144,66.355,54156.3125,10186.4375,934.0625
7.125573730468773,3.64399117231369,0.0,51.0375,47608.0625,18284.625,0.9375
6.32050476074221,3.9709540009498596,0.0,43.5325,43382.1875,20268.6875,0.5625
6.495584106445335,4.093802452087402,44.24514187282986,44.185,47225.875,17943.0625,4513.6875
10.292047119140648,4.049289703369141,337.27369791666666,46.0375,54970.25,15181.5625,18861.0
11.686402893066429,4.180289268493652,362.78046875,42.3925,51290.5,16285.5,12111.625
8.883470153808616,3.9842981696128845,75.06407836914063,61.17,54188.4375,19133.6875,813.3125
5.268533325195335,4.226200819015503,0.0,54.26,49182.0625,16709.125,1.0
3.2196289062500227,4.0336703062057495,0.0,51.1425,48003.3125,13590.0,1.0
2.4160095214843977,4.107616662979126,47.642623087565106,84.06,65255.6875,10664.25,2973.1875
3.951661682128929,4.372836589813232,320.41688368055554,61.9275,70595.6875,10185.25,12887.0
4.8090072631836165,4.474221587181091,406.65585069444444,49.894999999999996,67262.0,13497.25,12359.375
3.994386291503929,3.5455103516578674,104.45927110460069,77.115,64800.4375,12011.4375,1407.75
1.6147247314453352,3.229621648788452,0.0,53.78,55774.5,15538.1875,0.6875
0.48940429687502274,3.3980972170829773,0.0,51.2275,53549.1875,16912.6875,0.8125
0.796937561035179,3.6432708501815796,74.38079996744791,71.05499999999999,67739.375,14758.875,6236.6875
4.418458557128929,4.41567587852478,480.7266232638889,45.457499999999996,71279.0625,14420.3125,20293.4375
5.987397766113304,4.5382983684539795,551.8152256944445,45.677499999999995,66780.8125,15734.3125,16764.3125
4.850038146972679,3.865191161632538,128.50444464789496,75.63499999999999,65238.875,13083.75,1728.875
1.9061981201172102,3.1140186190605164,0.0,55.925,55176.3125,11006.875,1.0
0.24201354980471024,2.908630073070526,0.0,54.2075,52951.8125,9758.3125,1.0
0.530793762207054,2.936966300010681,85.96198160807292,99.5275,66673.8125,6379.5,7475.6875
4.583779907226585,3.4455888867378235,518.6099131944444,59.4725,69897.5,5949.1875,19678.0625
5.839051818847679,3.4677422642707825,551.1736284722222,54.37,66037.875,7280.875,15612.375
4.559960937500023,2.8710217475891113,137.18174048529733,89.065,64606.375,5851.4375,1653.0625
1.5535140991211165,2.401274800300598,0.0,64.37,55073.4375,5405.1875,1.0
-0.06761016845700851,2.3301040530204773,0.0,60.37,52546.5,4901.8125,1.0625
0.40003356933596024,2.5830506086349487,82.5946164279514,95.77250000000001,66306.875,4174.6875,7149.875
4.992982482910179,3.597500264644623,512.6404513888889,59.185,70555.9375,6877.4375,21114.375
6.230073547363304,4.195562362670898,502.30212673611106,51.705,66753.625,11161.75,15101.375
5.019227600097679,3.699455976486206,115.1439498562283,75.4675,65400.1875,10733.4375,1564.125
2.6614547729492415,3.1631283164024353,0.0,55.675,55489.75,11460.5,1.0
1.5221038818359602,3.02138751745224,0.0,53.565,52873.5,9929.0625,1.125
1.7905059814453352,3.3501363396644592,77.69524210611979,79.6325,66946.3125,8470.8125,5499.3125
5.337930297851585,4.004753828048706,455.8236979166667,59.0175,70927.25,9150.6875,18193.6875
7.171937561035179,3.940081298351288,438.49528645833334,54.542500000000004,64866.875,8522.0625,14066.3125
6.507913208007835,3.416296124458313,106.63127024332682,73.0875,62641.25,9089.25,1378.1875
4.2328659057617415,2.900072753429413,0.0,62.5225,52921.125,8979.875,0.4375
2.8009582519531477,2.7169952988624573,0.0,56.545,47564.4375,7955.6875,1.0625
2.9351058959961165,2.8562021255493164,73.48018787121296,68.2175,52289.1875,6854.1875,4710.25
6.456994628906273,3.403924286365509,439.80563368055556,55.1525,58135.375,6680.625,17099.125
8.375856018066429,3.5474252104759216,402.60511284722224,50.7525,54083.625,7214.1875,12525.875
7.618524169921898,2.8607563972473145,85.4221793958876,72.5075,54565.5,6374.25,1089.8125
5.6349960327148665,2.368471145629883,0.0,66.71,46411.0,5477.0,1.0
4.3984237670898665,2.0622140765190125,0.0,61.585,41782.9375,3417.25,1.1875
4.51123962402346,2.0454733967781067,69.53780093553993,62.8125,44862.75,2231.25,3464.0625
7.4260116577148665,2.369394600391388,377.4165755208333,56.3475,52964.0,2194.75,13311.875
9.512040710449243,2.6865968704223633,408.24289062500003,51.07,50091.5,3176.375,10648.4375
8.678826904296898,2.3720425963401794,103.82066033257378,75.5,52486.5625,3837.0,1069.75
6.465844726562523,2.2625749111175537,0.0,65.5975,47288.25,4402.1875,0.625
5.2026535034179915,2.035732626914978,0.0,59.665,46377.5625,3060.875,1.375
5.263101196289085,2.069105714559555,67.88382832249006,100.88,63926.625,2242.3125,3900.25
8.344750976562523,2.3690096735954285,413.4745399305556,72.8025,69425.8125,1673.25,15443.3125
10.772019958496116,2.58765310049057,454.38721354166665,62.347500000000004,65454.75,2557.9375,14927.0
9.83307800292971,2.3567246198654175,121.59880594889322,93.4875,63710.5,4430.25,1687.75
6.616731262207054,2.2424159049987793,0.0,66.3925,53599.0,5362.375,1.0
4.69123229980471,2.0169456899166107,0.0,66.75,50785.6875,3314.0,1.25
4.993898010253929,1.9266510605812073,90.08731291545763,96.7225,64710.375,1710.6875,6588.6875
10.547235107421898,1.7801530957221985,526.6033940972222,62.81,68372.0,666.375,25378.625
13.38874206542971,1.9326383173465729,581.8179947916667,60.9,63773.375,1917.625,20179.875
11.869264221191429,1.9810950756072998,150.84207655164928,95.1575,62153.125,3481.9375,2124.625
7.169366455078148,1.9392223954200745,0.0,72.935,52039.625,3491.8125,1.0
4.562219238281273,1.989705890417099,0.0,62.25,49694.8125,3633.8125,1.3125
5.278710937500023,2.281010150909424,106.37792600154876,76.0,64645.3125,6602.75,8485.1875
11.663179016113304,3.0449933409690857,574.3330121527778,51.4375,67837.25,11519.25,27482.625
13.170938110351585,4.241209030151367,562.3593229166667,40.105000000000004,64246.5,17538.0,18892.4375
10.859071350097679,4.578967213630676,143.86999572753908,68.7925,63762.0,23400.6875,2026.375
6.900064086914085,4.479531288146973,0.0,51.5925,53497.0625,21868.1875,1.0
4.806665039062523,4.456510782241821,0.0,47.085,50705.875,20459.125,1.5
4.660462951660179,4.670684814453125,102.90012780984245,62.84,65203.875,19918.25,7286.125
7.982942199707054,5.284307956695557,521.5972309027777,20.585,68561.0625,18521.5,25486.6875
10.128503417968773,5.637800931930542,561.3015277777778,16.064999999999998,65421.1875,22930.3125,21690.5
8.99567565917971,4.761402487754822,149.2747266981337,72.9925,63671.125,21986.0,2302.5625
5.37830505371096,3.8160037398338313,0.0,63.745000000000005,53442.5,18922.6875,1.0
3.1596542358398665,3.5117953419685364,0.0,59.964999999999996,50877.6875,15704.5625,1.5
3.6883407592773665,3.649871587753296,109.42434472825792,76.945,64019.1875,12849.1875,8363.625
8.514505004882835,3.876429498195648,560.8297395833333,48.865,66672.8125,10860.1875,29523.75
11.63031921386721,3.963403105735779,617.3469878472222,43.86,61512.6875,11086.375,25592.125
10.549623107910179,3.2877484560012817,160.88959228515625,75.3425,58954.5,9341.625,2725.875
5.75122985839846,2.8962868452072144,0.0,67.4,49539.125,9494.75,1.0
3.0450531005859602,2.7795328497886658,0.0,56.925,45096.1875,9900.8125,1.8125
3.7778488159179915,2.7324007749557495,115.73454961776734,56.4725,49886.125,6669.75,9378.6875
9.620019531250023,2.79422265291214,603.7903645833333,43.675,54773.125,4934.625,29645.25
12.266053771972679,3.3504034280776978,622.7749826388889,29.0975,50988.3125,8925.875,23189.1875
10.659295654296898,3.4657580256462097,159.47392469618055,66.65,52395.3125,12780.6875,2595.0
6.056428527832054,3.070239245891571,0.0,56.235,44835.5,12165.1875,1.0
3.5816131591797102,2.829586625099182,0.0,48.09,40136.875,9481.0625,2.375
3.956208801269554,2.936293303966522,114.04876665327285,42.3125,43713.875,6783.125,8461.5
8.302827453613304,3.4295024275779724,580.9702517361111,12.557500000000001,51025.3125,5880.6875,28513.9375
10.548158264160179,3.724660336971283,625.1372829861111,2.1975,47672.5625,7249.9375,24372.5625
9.200471496582054,3.6158373951911926,177.2204093424479,63.6275,50898.125,9779.6875,2770.3125
4.58619079589846,2.9543457627296448,0.0,57.15,46514.6875,10128.625,1.0
1.736390686035179,2.543367922306061,0.0,52.96,45169.25,6494.125,3.3125
2.532441711425804,2.3228172659873962,130.035373433431,78.75,61855.1875,3502.1875,10323.5625
8.16407165527346,2.5789026021957397,620.1734114583332,50.6825,65693.5,2149.3125,31338.1875
10.549653625488304,2.718880832195282,620.9332899305555,52.295,61569.1875,2586.3125,25175.6875
9.274041748046898,2.9286866188049316,172.68827731662324,77.3975,61073.125,6235.5625,2773.3125
4.828736877441429,3.064402163028717,0.0,59.955,51945.4375,13029.25,1.0
2.1821990966797102,2.9703646302223206,0.0,52.0275,49191.3125,13784.1875,3.5625
3.154176330566429,3.0282323360443115,133.3135281202528,76.82,63020.8125,9046.125,10435.9375
9.33973083496096,3.562633752822876,660.8469965277778,48.93,66100.6875,7899.5625,33540.9375
12.322953796386741,3.436110496520996,650.7798003472222,49.075,61388.6875,7802.125,26766.6875
11.286546325683616,3.3045995235443115,164.8320388454861,75.92,60434.5,10893.375,2853.125
6.7008834838867415,3.5030295848846436,0.0,55.595,51555.0625,18165.0,1.0
4.174714660644554,2.8897672295570374,0.0,54.1775,48511.625,12301.0625,4.0
5.217691040039085,2.759187638759613,129.4855951944987,77.255,62331.125,5947.9375,9848.25
12.516511535644554,3.0422518849372864,648.6175173611111,51.24,65814.625,5183.0625,31159.4375
15.905725097656273,3.129802644252777,649.335546875,56.7025,62279.5625,6298.625,22238.4375
14.222840881347679,3.1953278183937073,150.35860663519966,73.62,61855.5,12833.125,1920.5625
10.403596496582056,3.473833739757538,0.0,56.112500000000004,51706.8125,15561.125,1.0
8.92896423339846,3.3108598589897156,0.0,52.69,47765.1875,11906.75,3.125
8.798234558105491,3.7403881549835205,71.16883580525716,77.125,63019.8125,12022.1875,3930.625
10.876634216308616,4.463355779647827,386.26223524305556,56.75,67853.9375,16348.0,15052.1875
12.027520751953148,4.976601839065552,452.43845486111115,47.14,65679.4375,21355.375,12651.5
10.432061767578148,4.251563131809235,121.34548828125,68.88,63323.5,18916.8125,1532.25
7.801873779296898,3.7399020195007324,3.874842594895098e-06,55.74,52835.875,16769.8125,1.0
6.16272888183596,3.3369855284690857,0.0,60.447500000000005,50215.8125,11865.125,3.9375
6.16480407714846,2.8574845790863037,81.71388558281792,79.7225,64093.375,5133.0625,5012.25
8.857774353027366,2.3898067474365234,392.92243923611113,69.72500000000001,66839.6875,1776.0625,16494.625
10.430947875976585,2.1357393860816956,363.3956597222222,62.2175,61806.9375,1307.625,10891.0
9.227517700195335,2.2465112805366516,103.91331258138021,78.57,58817.5,1488.625,1109.0
6.9911972045898665,2.0701058208942413,4.6498109069125e-05,69.495,47246.0625,2225.75,0.5
5.776826477050804,1.8373329639434814,0.0,59.7275,41230.4375,2487.4375,5.1875
6.0869918823242415,2.080598473548889,83.60910332573783,55.0175,43881.75,2464.375,5369.4375
9.284410095214866,2.386744976043701,382.5915017361111,53.0675,51323.8125,1898.25,16808.3125
10.900247192382835,2.8057236671447754,367.42414930555555,48.305,47731.9375,2415.6875,11778.5
9.974626159667991,2.7931689023971558,96.3970765516493,62.29,49616.125,4351.1875,1355.875
7.763551330566429,2.9484599232673645,8.13716981146e-05,55.17,43103.1875,6798.6875,1.0
6.116632080078148,3.2429351210594177,0.0,49.5225,39021.0625,8437.4375,4.5625
5.73798522949221,3.8059919476509094,59.51000815497504,49.11,43573.9375,9580.875,3941.9375
7.4793258666992415,4.377654194831848,371.50827256944444,38.2875,52436.875,13257.5,12819.125
8.367593383789085,4.7126970291137695,492.61733506944444,10.350000000000001,49673.875,18954.75,12997.6875
7.480218505859398,3.953711152076721,152.0340326605903,60.004999999999995,51650.9375,17021.125,1949.125
4.972894287109398,3.213296413421631,0.000449481738938225,55.405,47254.5625,15539.625,0.8125
3.4474578857422102,3.4205652475357056,0.0,52.802499999999995,46748.0,14831.5625,7.0
4.169030761718773,3.7227399945259094,123.83766479492188,78.0925,62939.3125,11784.5,8773.625
8.250543212890648,4.627156019210815,565.2597222222222,55.265,67928.3125,14685.4375,22999.375
10.414323425292991,4.745200872421265,581.4457986111112,51.725,64475.5,14795.25,18054.5625
9.850823974609398,3.3742905259132385,149.3567542860243,79.4925,61772.0,11003.375,2476.75
6.689080810546898,3.735927641391754,0.00055797735850015,51.19,52690.1875,23764.5,0.125
6.317781066894554,5.5179338455200195,0.0,6.1,51315.1875,34651.625,7.5625
7.5134140014648665,6.841695785522461,76.57851864284939,45.8525,66931.75,41821.4375,5028.625
10.870416259765648,8.072489142417908,339.5587934027778,28.4675,72044.3125,41734.875,15504.375
12.04883728027346,8.447423458099365,388.162421875,10.01,68885.9375,42249.875,11450.875
10.411111450195335,7.3024924993515015,121.98549641927085,48.3575,65339.0,39771.4375,1574.4375
8.368875122070335,6.46451735496521,0.001654557784398375,33.4925,54824.3125,35182.875,0.5625
7.00641784667971,6.098315000534058,0.0,31.197499999999998,51906.375,32502.0,11.4375
6.562684631347679,6.606913805007935,87.09383371988932,59.685,66975.0,33126.5,5632.0
7.751550292968773,7.729476809501648,430.66686631944447,17.72,71685.5625,36823.625,18645.0
8.308007812500023,8.198055028915405,490.9188975694445,-16.885,67870.0,37635.5,17129.875
7.169274902343773,7.235359787940979,149.70666666666665,60.69,65289.5,30765.5625,2475.5625
5.0440231323242415,5.962792277336121,0.003080499966939275,51.07,54919.4375,24815.3125,0.4375
4.088899230957054,5.538716673851013,0.0,51.1275,52229.4375,23094.6875,12.375
4.877053833007835,5.4453043937683105,114.63037740071614,66.2,66660.8125,19825.3125,6896.75
7.72162780761721,5.482777714729309,475.77930555555554,57.65,70957.9375,16786.3125,16170.5625
8.836183166503929,4.492012143135071,489.98494791666667,65.145,66734.375,10342.9375,11668.5625
7.926675415039085,3.2872233390808105,115.20992919921875,86.92750000000001,62659.25,4670.875,1376.25
6.047883605957054,2.8496463298797607,0.006091252432929125,74.7075,51482.9375,4690.875,0.9375
5.069741821289085,3.2673866748809814,0.0,63.64,48917.9375,7344.0625,10.25
5.07636413574221,3.903279662132263,89.99637437608507,89.1825,63684.875,9526.375,4903.8125
6.77167663574221,4.790867209434509,466.043203125,71.605,68463.0625,18543.875,18044.5
8.423463439941429,5.636663317680359,587.5820138888889,53.6375,63700.375,24323.25,18870.25
8.071588134765648,4.643975853919983,181.0927897135417,75.9075,60733.0625,18021.1875,2935.625
4.610383605957054,3.177766263484955,0.0100823402404785,69.895,50974.9375,13350.5,1.0
2.646363830566429,2.991539716720581,0.0,62.185,46104.1875,10592.4375,17.0625
4.403009033203148,3.042969584465027,151.03272542317708,55.2325,50572.8125,6446.4375,11367.5625
10.58704528808596,3.4953401684761047,562.7909114583333,36.76,55300.5625,8454.0,27913.375
13.297486877441429,3.7215023040771484,496.2097048611111,29.18,51534.875,12574.125,19313.6875
13.023721313476585,3.4728474020957947,129.03644856770833,63.06,52346.9375,17040.875,2274.75
10.352342224121116,4.151827812194824,0.00266589164733885,31.2725,45832.125,24319.0,0.125
9.295564270019554,4.2287973165512085,0.0,0.9500000000000001,41347.125,24650.75,16.125
11.275224304199241,4.2552173137664795,141.58436570909288,0.1225,45654.3125,19658.5625,11337.4375
19.16517028808596,4.655494451522827,660.594609375,-26.9725,50997.0,13743.9375,31930.0
23.280244445800804,4.952654838562012,681.4334288194444,-35.85,46775.4375,14760.4375,23585.25
22.07386169433596,4.270234823226929,193.65629937065972,52.4525,50067.75,22410.1875,2873.6875
17.62275085449221,4.383973836898804,0.0178010262383355,47.4,47490.4375,23573.75,0.0
15.059533691406273,3.854929208755493,0.0,35.120000000000005,44659.4375,17384.375,18.625
15.531877136230491,4.091460704803467,130.2346965874566,65.185,62264.1875,20096.6875,8794.5
19.93696746826174,4.579346776008606,560.8936371527777,46.545,67182.6875,20404.875,24664.625
20.801301574707054,4.364258050918579,510.62231770833336,56.06,63535.375,16843.875,16340.0625
18.38295135498049,2.9693503975868225,134.33561659071182,83.055,60169.0625,6743.5625,1893.75
14.578347778320335,2.7547410130500793,0.028402595520019527,70.7075,49509.1875,6732.125,0.0
12.664453125000023,2.697630524635315,0.0,59.38,46507.5,7797.0,21.8125
12.814164733886741,2.723833918571472,100.19431342230904,85.50999999999999,62188.8125,5582.5625,6320.8125
15.998170471191429,2.7476131916046143,415.45811631944446,75.1375,66889.75,4037.625,16622.0
17.137666320800804,3.2166661620140076,397.01752604166666,63.665,63316.3125,4849.0625,10240.125
15.079370117187523,3.510440170764923,96.83887803819445,79.6175,61352.75,8197.125,1104.5625
12.472215270996116,3.340737521648407,0.014003681606716575,66.105,50307.6875,8426.0,0.0
11.015885925292991,3.2708849906921387,0.0,56.2425,46809.8125,7775.9375,16.5
10.606912231445335,3.587373375892639,60.0991301812066,78.895,62355.875,7575.125,3209.1875
11.982087707519554,3.682161509990692,269.1860112847222,70.14,66884.875,7179.6875,11711.125
12.98481140136721,3.2219271659851074,321.7484071180555,63.2025,62436.5625,5996.6875,9030.5
12.082612609863304,2.727044403553009,98.91537000868055,78.7475,59613.4375,5274.0,1440.6875
10.088906860351585,2.5300169587135315,0.04720333099365232,67.17750000000001,48627.6875,4188.0625,0.25
8.84070739746096,2.5090942978858948,0.0,60.545,42158.9375,3934.5,12.9375
9.137551879882835,2.8258591890335083,74.85700486924914,63.46,45228.625,4175.5,5424.25
11.38306579589846,3.353895127773285,327.7411631944444,57.265,51880.0625,4752.6875,15423.8125
12.050187683105491,3.650111734867096,342.6054904513889,50.935,48340.625,6567.75,10415.5
11.085244750976585,3.1405982971191406,109.79453125,74.41499999999999,49088.0,5645.875,1661.1875
9.380960083007835,2.8794256448745728,0.046114501953125,73.84,43636.625,5622.1875,0.625
8.431718444824241,2.869394361972809,0.0,64.5125,41129.25,6048.125,13.6875
8.765946960449241,2.8848291635513306,83.12838311089409,78.72,52866.125,5412.3125,6918.6875
11.442102050781273,3.2732932567596436,386.1656467013889,66.85499999999999,58080.625,6003.5,18824.9375
12.912995910644554,3.4295656085014343,440.01690972222224,61.4375,54836.0,6683.875,16388.0
12.045877075195335,2.8361475467681885,144.92280436197916,82.2675,53033.5,4796.4375,2653.6875
8.946885681152366,2.561185359954834,0.06166424645317925,75.7075,45338.0,5619.0625,0.0625
7.675225830078148,2.767773985862732,0.0,57.57,40912.75,7101.4375,28.5
8.574357604980491,3.131759464740753,123.12042494032119,59.1525,47954.8125,5525.5,7458.25
11.743165588378929,3.2514042258262634,483.19068576388884,52.3,54153.75,6257.5625,20213.6875
12.894960021972679,3.3852386474609375,503.30625,49.832499999999996,50958.4375,7824.3125,15337.1875
11.524011230468773,2.967807948589325,145.03644639756945,73.635,50213.625,7298.8125,2005.75
9.200418090820335,3.16062992811203,0.08360360039605035,59.1025,43359.9375,10335.5,0.6875
8.402215576171898,3.211664319038391,7.749685189790195e-06,33.345,39004.5,10028.25,25.625
9.133096313476585,3.6358107328414917,125.13376586914063,27.4075,42726.1875,8341.9375,7307.25
12.10376892089846,3.9590622782707214,512.670859375,23.0775,50656.9375,9704.375,21996.375
13.542588806152366,3.6046494245529175,549.7116840277778,15.865,47603.5625,7591.25,17531.75
12.297242736816429,2.685306191444397,154.65871961805556,78.195,49270.9375,4583.6875,2515.1875
9.392678833007835,2.5860925912857056,0.1172139909532335,64.53999999999999,44730.75,6711.1875,0.25
8.467431640625023,3.0513904094696045,6.97471698125e-05,55.9975,43505.875,8397.4375,31.25
9.233789062500023,3.3745402693748474,106.92986016167535,90.675,60905.875,6931.625,7162.1875
11.769586181640648,3.7345794439315796,443.2397135416667,78.47,66115.375,8211.5625,20026.75
12.881318664550804,4.121426820755005,541.291796875,63.775,62694.5625,9622.25,16679.0625
11.848970031738304,3.6633851528167725,164.65324815538196,84.9225,59708.1875,9037.25,2683.125
9.531335449218775,3.2701281905174255,0.1448067389594184,72.4975,49605.0625,10536.75,0.4375
8.757043457031273,3.4488624334335327,0.00018986728456285,60.8675,46959.75,10167.125,29.5625
9.256143188476585,3.734820008277893,105.32767116970486,86.57249999999999,62559.875,7548.875,5945.0
11.282640075683616,3.925570785999298,439.9202517361111,75.74,67612.3125,7497.6875,18176.125
12.552964782714866,3.812603533267975,551.8614843749999,62.22,63710.75,6745.375,17622.3125
11.523675537109398,2.769440472126007,173.9764013671875,86.5175,60009.1875,3700.875,2914.375
8.465615844726585,2.2534302473068237,0.1871665276421441,75.175,49930.9375,4517.625,0.3125
7.169046020507835,2.511639893054962,0.00043398237890665,64.6975,47283.375,5230.6875,33.75
8.12195739746096,2.901042342185974,134.9393241373698,93.57749999999999,61867.5,3082.5,7643.75
11.265168762207054,3.2628929018974304,507.1333940972222,78.615,66180.8125,4479.0,22188.125
12.398820495605491,3.5671141743659973,551.9849131944444,65.60499999999999,63059.1875,6453.0,18375.4375
11.382180786132835,2.960222601890564,174.32490776909722,87.48,60248.875,4556.625,3013.0625
8.485978698730491,2.4887372255325317,0.2138409423828125,75.115,50221.75,5437.0,0.0625
7.416322326660179,2.801824152469635,0.00089896347787645,61.585,47213.6875,6391.0,37.75
8.285523986816429,3.162786900997162,133.91645860460068,88.205,62203.5,3857.875,7471.75
11.510713195800804,3.606620132923126,525.8176649305556,64.395,66541.5,5823.0,22776.5625
13.689195251464866,3.979375660419464,567.4735590277778,56.765,63041.6875,8363.6875,19974.375
13.113038635253929,3.036576509475708,167.54638129340276,81.68,59874.3125,6432.0625,2884.0
10.266275024414087,3.257997989654541,0.14715877956814236,49.0075,50415.3125,16487.5625,0.0
9.470147705078148,4.115982949733734,0.00111207988527085,12.5475,47878.4375,24364.1875,41.25
10.682130432128929,4.704495787620544,126.73953640407984,58.942499999999995,63076.125,24918.25,7909.9375
13.932092285156273,5.967750787734985,454.9700434027778,18.67,68294.625,32856.0625,18044.4375
14.495698547363304,6.560893774032593,463.87105034722225,0.7600000000000002,64200.0625,34216.8125,14663.375
13.04139099121096,5.141567230224609,160.94040907118057,57.629999999999995,59671.875,24462.1875,2625.0625
10.243180847167991,4.5780335664749146,0.22184636433919272,30.475,49395.6875,24538.0625,0.1875
9.022050476074241,5.300611615180969,0.0022241597705417,0.08249999999999999,44824.1875,29338.3125,45.125
9.346971130371116,6.103711247444153,122.18876790364584,-2.325,51326.6875,31836.125,7690.5
11.666856384277366,7.0570127964019775,465.080390625,-50.552499999999995,58028.0625,30823.0,20925.9375
13.19361267089846,6.9293094873428345,548.4611024305556,-49.5925,53768.4375,28998.75,17353.875
12.459954833984398,5.434900879859924,179.86568250868055,35.6125,51953.5,31048.4375,2907.0625
9.725427246093775,4.525516033172607,0.19013853285047744,28.189999999999998,44664.4375,25028.875,0.125
8.323320007324241,4.448730945587158,0.002739513715108225,9.89,39400.8125,22437.375,43.625
8.675859069824241,4.8954174518585205,110.67745103624131,11.7225,43195.25,19471.8125,6767.875
11.029931640625023,5.346319675445557,492.4633333333333,0.40249999999999986,51312.6875,20316.0625,20793.4375
13.044389343261741,5.2707847356796265,579.5926215277777,-11.5625,47091.9375,16280.9375,20158.3125
12.913346862792991,3.505563795566559,190.38567057291667,72.6325,46484.5625,8748.25,3519.5625
9.059449768066429,2.7959893941879272,0.3324421183268229,53.9925,41797.25,12668.125,0.1875
7.592164611816429,3.4233784675598145,0.0050837935341729,16.095,38257.25,20456.875,56.875
9.53223571777346,4.0406734347343445,163.1128097873264,26.8375,42504.625,18844.1875,9968.0
14.768495178222679,4.866992712020874,540.057595486111,0.6074999999999999,51439.625,21702.375,22985.0
16.16040191650393,4.7794517278671265,438.07266493055556,27.060000000000002,48484.6875,17477.0,14706.5
14.164262390136741,3.6666857600212097,119.69240831163194,70.4925,49849.0625,13377.375,2128.875
11.060609436035179,3.5414254665374756,0.2581575181749132,54.25,44977.625,14433.25,0.0
9.549440002441429,3.9859529733657837,0.004990797042846675,44.4075,43353.5625,16404.8125,36.375
9.097489929199241,4.849891304969788,94.7059117296007,77.45500000000001,60702.9375,19926.8125,6150.9375
10.310334777832054,5.6983479261398315,424.94563368055555,57.8775,67069.3125,23592.75,18449.5
11.33771667480471,5.954205393791199,519.0640885416667,43.7275,64463.875,24415.0,17253.5625
10.524430847167991,5.117004871368408,175.40879286024307,74.24000000000001,60984.4375,21427.125,2840.0
8.534516906738304,4.3840367794036865,0.3533391316731771,64.6225,51392.4375,21179.125,0.375
7.8654037475586165,4.609539985656738,0.00707158777448865,53.8,48750.3125,20144.125,51.375
8.706094360351585,5.077073574066162,112.391455078125,79.6,63723.3125,21535.375,6437.75
11.14252624511721,5.575222969055176,388.79761284722224,66.1375,69073.1875,21577.8125,14199.25
12.171426391601585,5.726525068283081,407.4570052083333,55.56,65041.1875,23722.1875,12556.375
11.38282165527346,5.116822600364685,136.66666829427083,77.945,61453.125,23749.5625,2317.0
9.430558776855491,4.476122975349426,0.29386420355902776,61.16,52081.375,24420.375,0.1875
8.585305786132835,4.521267414093018,0.01031095610724555,55.6825,48894.8125,24265.375,45.3125
8.979425048828148,4.700242280960083,95.87294894748263,81.92750000000001,63153.5,21042.875,5171.1875
10.792657470703148,4.763152599334717,343.08596788194444,74.36749999999999,68101.8125,19253.3125,14750.25
12.119172668457054,4.700915217399597,453.46428819444446,62.9375,64629.6875,17573.1875,13445.9375
11.663392639160179,3.9178497791290283,176.78920355902778,85.1825,60192.75,12361.3125,2455.0
9.539277648925804,3.0262134075164795,0.5395098198784722,74.52250000000001,49859.375,9665.0,0.0
8.354310607910179,2.784755527973175,0.012449869579739025,64.0475,46713.9375,7513.5625,42.8125
9.152749633789085,3.0151495337486267,133.79469509548613,87.7925,61024.6875,5272.125,8219.4375
12.518632507324241,3.2589420676231384,508.81877604166664,73.255,64940.5,5676.4375,22361.1875
14.404382324218773,3.4493050575256348,555.8355815972222,62.862500000000004,60275.125,7032.0,19576.875
13.410882568359398,2.8300756216049194,194.26433702256944,81.16499999999999,57252.5,4919.4375,3400.6875
10.066361999511741,2.3863561749458313,0.5683812798394097,73.72,48113.9375,4492.9375,0.25
8.338471984863304,2.3953136801719666,0.016468080944485125,64.5875,43243.0625,5246.75,60.3125
9.373612976074241,2.8202584981918335,152.48019341362846,64.405,49511.8125,3781.8125,9075.3125
12.764688110351585,3.239920139312744,539.122326388889,47.415,54384.0625,4181.25,24176.25
14.778398132324241,3.5417333841323853,577.1331944444445,26.265,49721.0625,5898.875,23239.5625
14.194764709472679,3.2435749769210815,211.80160047743055,67.455,49182.0,6845.625,4193.875
9.929460144042991,2.6948065757751465,0.7729652235243055,62.7275,42810.75,7704.75,0.1875
7.559991455078148,2.4647074341773987,0.0211333910624186,49.0225,38215.125,6329.375,81.9375
9.236177062988304,2.48071151971817,184.5876215277778,40.5175,42824.625,2912.0,12662.3125
14.222764587402366,2.9121994376182556,667.2570138888889,7.155,49314.6875,3718.4375,31993.9375
16.58728942871096,3.6497782468795776,657.8173090277778,-2.5550000000000006,45482.875,5272.0625,26572.1875
15.741593933105491,3.1277750730514526,233.39196614583335,68.83,47670.5625,5341.5,4400.0
10.661614990234398,2.4550483226776123,0.8744667561848959,64.6,44094.5,6978.5,0.0
7.59748229980471,2.0669217109680176,0.02631018108791775,57.405,41846.75,4707.5625,85.4375
9.874238586425804,1.7582375407218933,200.47522189670138,81.83250000000001,58823.3125,1484.9375,12979.0625
15.866616821289085,2.3939467072486877,715.584921875,59.6075,63609.625,2348.8125,33261.4375
18.56323394775393,2.8746073246002197,721.4135416666667,56.245,59902.875,3235.3125,27507.8125
17.999002075195335,2.624440848827362,258.89627821180557,82.285,57870.3125,4568.8125,4468.75
12.219277954101585,2.554444134235382,0.9742206488715278,68.3725,48843.625,7020.4375,0.25
9.128450012207054,2.2891971468925476,0.024582000308566623,57.92,45300.5,5780.9375,86.9375
11.648950195312523,2.062033087015152,189.33802680121528,82.52,60175.5625,2674.0,12464.4375
18.139154052734398,2.6416906118392944,684.3003211805556,60.075,64335.75,3584.8125,32295.75
20.284944152832054,3.0361300706863403,702.0741145833333,60.254999999999995,60866.0,5274.3125,25830.1875
18.97937927246096,2.968228757381439,235.31945529513888,82.925,58269.75,6614.8125,4135.875
13.916444396972679,3.0174354314804077,0.920786607530382,67.19,48742.375,9298.5625,0.0
11.203538513183616,2.761053740978241,0.029456553988986525,60.695,45498.5625,8524.8125,81.4375
12.906083679199241,2.892435848712921,179.69089680989583,78.3875,60449.875,8697.0,11551.625
18.992166137695335,3.320192337036133,664.5132552083334,57.37,65089.375,9925.875,31859.5625
21.950036621093773,3.5513060688972473,704.3723611111111,58.0125,62388.4375,10384.375,25837.4375
21.058068847656273,3.291199028491974,236.497158203125,80.725,59310.8125,13181.5,4176.0625
16.439241027832054,3.544420540332794,1.008404541015625,61.32,50313.5,18937.1875,0.0
14.120477294921898,3.1847233176231384,0.033238400353325724,52.7875,44622.4375,15845.25,94.5
15.704042053222679,3.0996007919311523,176.88457139756946,58.795,50423.5625,8994.4375,11363.4375
21.06611022949221,3.13486385345459,638.0086805555555,51.9925,57072.375,7718.3125,28127.1875
22.822305297851585,2.868673324584961,599.4283333333333,62.2475,54367.6875,7580.25,19890.5
20.957551574707054,2.5307454466819763,193.96735677083333,79.78999999999999,53977.9375,10719.3125,2864.6875
16.924905395507835,2.6097885966300964,0.6791281467013889,70.5125,46713.0625,9558.9375,0.0
15.048638916015648,2.374241054058075,0.029991281297471774,60.115,42913.6875,5600.6875,59.25
16.087030029296898,2.037582963705063,137.0391517469618,81.58,55598.625,2647.0,7696.5
20.678025817871116,2.1736810207366943,566.2795225694445,70.855,61351.5625,1280.9375,24319.5625
22.713342285156273,2.3405173420906067,568.7567274305555,67.435,58241.6875,2267.5,18060.5625
20.980432128906273,2.167489469051361,187.3922341579861,80.8875,55036.375,4151.875,3101.125
16.895417785644554,2.3875730633735657,0.9094759114583333,72.605,45694.1875,5053.8125,0.0
15.00110778808596,2.4891965985298157,0.04645936330159505,57.01,40041.0,4507.75,94.125
16.274224853515648,2.2969806790351868,139.7257804361979,62.287499999999994,47484.5625,2895.9375,8319.8125
19.86280975341799,2.5982666015625,488.8167621527778,57.519999999999996,54498.125,2753.9375,20543.9375
20.44452819824221,3.0350862741470337,471.7708246527778,55.4825,51226.3125,5019.6875,15578.125
18.297830200195335,2.9979462027549744,144.38690592447918,74.4575,49607.125,6452.25,2174.4375
15.891023254394554,2.8290770053863525,0.6048862033420139,62.8,41973.1875,5604.1875,0.0
14.639031982421898,2.59932279586792,0.04910588158501517,55.245000000000005,36893.6875,5266.4375,59.5625
14.89441833496096,2.7117908000946045,78.90180772569444,54.9525,41789.4375,5074.3125,4410.1875
16.929124450683616,2.714406371116638,311.0452907986111,57.442499999999995,50450.1875,3969.75,13419.0625
18.20007476806643,2.865571975708008,362.08780381944445,50.995,47981.8125,4763.8125,11584.3125
17.50800476074221,2.671490490436554,135.26432237413195,70.65,48751.0625,5680.6875,2007.375
15.317315673828148,2.298769474029541,0.8588394596950254,69.6525,43772.125,4483.5625,0.0
14.01623687744143,2.1916526556015015,0.053658820258246524,61.0725,41867.5625,2872.375,69.375
14.844117736816429,2.276608943939209,120.89881591796875,85.5325,59991.875,2037.4375,6760.125
18.081590270996116,2.3960430026054382,477.2729861111111,80.3075,66458.6875,1558.0625,19677.875
19.966905212402366,2.6599111557006836,514.5260590277778,77.48,62578.625,2262.75,17383.1875
18.999078369140648,2.6428101658821106,180.40722764756944,87.0925,59047.875,4222.6875,3157.625
15.691651916503929,2.3267516493797302,1.1778320098461377,74.8775,48545.3125,4578.875,0.0
14.014421081542991,2.0018007457256317,0.0518763944837782,63.5575,45234.9375,3073.125,88.5
15.114305114746116,1.9009761214256287,150.8327267795139,87.3175,61046.0,1151.375,8723.4375
19.30598602294924,1.9982835352420807,543.0816232638889,73.96,66531.875,711.0,24567.25
21.34668121337893,2.466034770011902,574.7208159722222,71.7225,63440.5625,1927.6875,19982.1875
20.185884094238304,2.268287092447281,204.0992892795139,90.67,59775.9375,3017.0,3445.5
16.118089294433616,2.0175308883190155,1.3900029411332473,74.035,49365.875,3138.3125,0.0
13.915383911132835,1.7873549163341522,0.06276082356770832,65.1225,45660.5625,1753.375,95.8125
15.73169860839846,1.468338131904602,170.689697265625,84.2525,61162.125,709.3125,10659.0
20.49739227294924,1.6024732887744904,607.9202777777778,71.75,67105.375,498.9375,28249.9375
22.06885681152346,2.0895709693431854,611.11640625,72.7825,63677.9375,1311.3125,20283.8125
20.830651855468773,1.7122141420841217,210.93768663194444,92.1325,59839.25,1666.5625,3686.375
16.34486541748049,1.741113930940628,1.4914579764505227,78.565,49444.5,1669.5625,0.0
13.95820007324221,1.653451919555664,0.0638341564602322,67.335,45752.875,1442.875,103.9375
15.887498474121116,1.4664081931114197,174.0929638671875,86.8175,61071.875,776.0,11356.1875
21.099710083007835,1.750945895910263,645.009236111111,75.5075,66869.0625,1437.6875,28414.8125
22.624993896484398,2.3765703439712524,643.1855034722222,71.1625,63796.6875,3004.875,22506.5
21.167382812500023,2.0442091524600983,219.7337814670139,92.3025,59904.625,2599.5625,4005.1875
16.59301910400393,1.8002419769763947,1.611151808425784,81.21000000000001,49534.8125,1945.6875,0.0625
14.16578063964846,1.7247081696987152,0.0639813995361328,67.78999999999999,45943.5625,1721.625,107.3125
16.184068298339866,1.7156412303447723,180.67398057725697,90.7575,61318.3125,2337.3125,11840.3125
21.623521423339866,2.2634883522987366,642.4390885416667,73.58250000000001,66262.9375,4205.5,30175.625
23.34956512451174,3.0678147673606873,565.503359375,68.6925,62502.875,6826.6875,23497.1875
22.269395446777366,2.7992606163024902,205.77570203993056,87.25999999999999,58526.0625,7018.625,4211.0625
17.762796020507835,2.4439215660095215,1.328834695484903,78.62,48332.5625,5603.875,0.0
15.796647644042991,2.7837855219841003,0.0474900690714518,59.7675,42122.6875,6984.125,84.5625
16.825708007812523,3.4381213188171387,116.99340087890624,62.057500000000005,49281.4375,9942.3125,8583.125
19.94117889404299,4.709944367408752,452.30664930555554,22.584999999999997,56414.375,22326.8125,21476.1875
20.456765747070335,5.984124660491943,513.7581250000001,-15.225,54047.5,30063.3125,18036.5625
18.848901367187523,5.975518465042114,199.2962131076389,44.2375,52231.75,27796.375,3898.875
15.212869262695335,4.920520544052124,1.4875676128599378,33.144999999999996,44524.8125,21113.5625,0.0625
12.604150390625023,4.448171615600586,0.05900997585720485,4.952500000000001,38966.875,17704.0625,103.75
12.99799499511721,4.4244701862335205,154.62904405381943,4.6475,43630.125,13535.875,10728.125
16.210198974609398,4.333843469619751,551.0822395833333,-5.847499999999999,50672.0,12600.6875,28705.3125
18.860574340820335,4.192169189453125,643.1584114583334,-13.02,47186.8125,10245.0625,26544.9375
18.73957214355471,3.331107199192047,255.35638020833332,77.1275,48953.75,5551.0625,4898.75
13.649888610839866,2.4239975214004517,1.9081778973672125,72.5975,44349.3125,3908.125,0.0
10.834146118164085,2.2830790877342224,0.07668313768174913,60.775000000000006,41581.875,5071.8125,113.625
13.735353088378929,2.4619851112365723,203.3701410590278,89.225,59427.6875,6707.5,13107.75
19.931665039062523,2.809356391429901,719.5449565972222,58.3725,65587.9375,7880.5625,33941.8125
23.356187438964866,2.4936142563819885,760.0862673611111,65.2875,62728.6875,6273.5,28039.9375
22.84669647216799,2.261156737804413,265.54180772569447,95.2825,60037.0625,3781.0625,4669.875
16.788323974609398,2.421042263507843,1.658254431883494,80.98,49931.8125,4481.5,0.25
13.76630554199221,2.1776680946350098,0.05615809546576605,69.1,46298.5625,3210.1875,103.25
15.498750305175804,2.0525310337543488,167.79998101128473,91.91,61882.25,1680.0625,10952.0625
20.72052917480471,2.1389618515968323,640.7337847222223,78.0975,66912.0,1448.375,29242.0
22.962205505371116,2.2825522422790527,678.1008680555556,77.3775,64036.4375,2047.625,24966.5625
21.917367553710964,2.2111719846725464,244.02957248263888,97.99,60519.6875,2425.75,4573.75
16.60022125244143,2.0070429742336273,1.8520352723201114,80.8175,50352.0,4024.75,0.125
13.752656555175804,1.9122249484062195,0.0828673807779948,69.35,46458.25,4862.6875,131.5
16.20752868652346,2.126075327396393,188.34406629774307,94.205,61716.5625,2868.8125,11956.625
22.808862304687523,2.3781399726867676,694.1799913194444,77.6825,67261.25,1962.375,31619.75
25.98034820556643,2.5610638856887817,703.1812847222222,84.775,64633.5,2119.625,25791.3125
25.316705322265648,2.5954213738441467,255.16425889756945,108.2375,61649.5625,5226.3125,4549.6875
20.10060272216799,3.23607736825943,1.9520759510331684,71.7525,52316.4375,13099.0625,0.1875
17.57678375244143,3.1876842379570007,0.07722173902723523,63.67,48208.4375,14113.25,114.0625
20.027375793457054,3.1501402258872986,196.0561404079861,88.09,63583.625,7693.5625,12202.375
26.61499938964846,3.3572254180908203,698.0624305555556,66.67,70117.9375,6651.8125,31770.6875
29.584153747558616,3.6728206276893616,717.9347222222223,68.385,67967.125,10894.375,26243.875
28.098733520507835,3.087762773036957,257.68706597222223,101.8875,63227.4375,9717.0,4508.25
22.156602478027366,3.1624906063079834,1.974228366282251,79.455,53107.25,9834.625,0.125
18.91028747558596,2.541514217853546,0.0798760053846571,67.1125,48412.0625,6326.1875,112.25
20.580735778808616,2.413026988506317,190.0675857204861,94.41,63935.0,3719.375,11718.8125
26.332795715332054,2.728164315223694,648.5696354166666,76.1175,69674.4375,5577.4375,30163.0625
29.06617126464846,2.89332777261734,664.8183420138889,71.175,65438.375,6255.125,24919.25
27.472505187988304,2.6245146989822388,237.14632378472223,94.345,61106.0,9335.5625,4231.4375
22.39898834228518,2.8125393986701965,1.6273564172453352,80.0025,51898.125,10908.375,0.1875
19.772454833984398,2.7068939805030823,0.07716361151801215,68.4075,44910.625,9240.25,128.25
21.292810058593773,2.833122491836548,180.57998155381944,69.71000000000001,52028.0625,8398.3125,11218.0625
25.990136718750023,2.8621127605438232,638.0032986111112,53.7875,58263.875,7735.875,29593.5
28.211946105957054,2.468617022037506,656.751328125,61.39,54442.8125,3750.625,23779.625
26.249429321289085,2.378966450691223,228.69147569444445,88.1825,51880.6875,4526.375,4150.25
21.504975891113304,2.8588112592697144,1.7742788336012099,76.21000000000001,45319.875,9723.0,0.25
19.566011047363304,3.396816313266754,0.07715973748101128,57.0225,40493.75,16251.4375,95.125
20.604280090332054,3.7734040021896362,130.774404296875,53.2175,45538.375,18001.3125,7937.875
24.167535400390648,4.060207903385162,536.6068229166667,40.72,52901.6875,17419.25,22746.9375
25.700036621093773,3.5662569403648376,585.7128211805556,39.8225,49672.25,9466.5625,19314.5625
23.629502868652366,2.7530000805854797,196.26015516493055,81.8275,50396.0,3744.375,3036.8125
19.68922576904299,3.0200366973876953,1.745271720621321,74.52,46054.5,8776.0625,0.0
17.557702636718773,3.366488754749298,0.0663373057047526,60.2625,44328.0625,11163.375,76.375
17.724084472656273,3.999589502811432,118.26823404947916,86.75999999999999,62563.5625,12913.5625,8724.5625
20.84088287353518,4.1300963163375854,438.63032118055554,79.1725,69446.5625,13411.125,24857.3125
22.765428161621116,3.6739741563796997,489.5427517361111,74.365,65907.5,12266.5,21610.5625
21.08418426513674,3.34073406457901,165.36202473958332,92.025,62306.9375,13628.375,3603.1875
17.05568084716799,3.3996052145957947,1.1074765422609116,76.575,51668.4375,11740.0,0.3125
15.05268249511721,3.381433129310608,0.05577061123318142,66.2475,47982.8125,9275.75,65.375
14.954118347167991,3.534485340118408,110.31595323350695,91.6225,62928.75,8809.0625,6962.3125
16.971726989746116,3.5739293098449707,368.95569878472224,88.3625,68378.875,7190.8125,17582.3125
18.42548522949221,3.395370900630951,431.9070746527778,83.53999999999999,64757.25,6249.9375,14938.6875
17.79815826416018,3.0880799293518066,166.568125,98.755,60809.625,5766.25,3155.8125
15.293374633789085,2.659870207309723,1.3611005153920914,79.685,50331.1875,5094.5,0.25
14.184053039550804,2.2543272972106934,0.06525235070122612,71.64250000000001,46652.875,3416.1875,77.5
14.898004150390648,2.3557419180870056,113.56560221354167,105.42750000000001,61409.875,2085.1875,6964.875
17.614190673828148,2.224522292613983,402.01495659722224,91.0275,66582.125,1318.0625,19478.0
19.563348388671898,2.399728298187256,458.01098958333336,84.765,62520.8125,1679.5625,17910.5
18.925019836425804,2.7780069708824158,167.51439670138888,123.0025,58442.25,3258.5625,3219.6875
16.045007324218773,2.543282210826874,1.4250198390748765,84.9675,49311.125,4411.6875,0.0625
14.64398345947268,2.1005151867866516,0.0538486862182617,75.925,45649.1875,2711.125,63.25
15.106622314453148,2.221574068069458,109.82889621310764,107.87,60447.6875,1380.5,6372.8125
17.565118408203148,2.0649246871471405,355.74484809027774,93.3,65959.3125,659.6875,17216.8125
18.867333984375023,2.220781087875366,379.56673611111114,88.5975,63014.625,1162.8125,14041.9375
17.74091491699221,2.370868742465973,144.17965711805556,117.41749999999999,59113.4375,1305.0,2516.1875
15.470964050292991,2.1571854948997498,1.4206761219766404,86.87,49009.625,1363.8125,0.125
14.222894287109398,2.2317609190940857,0.04580838945176865,76.625,45946.0625,1773.6875,70.0
14.706346130371116,2.3695632815361023,110.82719211154514,97.7175,60865.5,1852.8125,6890.5
17.412881469726585,2.5368953347206116,420.0353559027778,87.1625,65590.1875,1990.9375,19794.5
19.289903259277366,2.5303722620010376,500.7400260416666,82.83,60918.0,1944.625,17527.625
18.68763885498049,1.9444156885147095,190.54606336805557,105.9375,56654.875,1118.8125,3771.125
15.438508605957054,1.5746118426322937,1.8367955580022597,90.34,46934.75,600.25,0.125
13.520906066894554,1.4934353530406952,0.05170589870876735,78.75,41126.6875,344.875,94.25
15.320062255859398,1.2947226464748383,153.4313875325521,82.115,48121.1875,194.1875,10524.0625
20.07344207763674,1.5033188164234161,583.5059635416667,72.1875,54482.25,307.4375,27279.5625
22.11462554931643,1.887596756219864,569.9952517361111,66.6125,51217.375,991.125,22330.1875
21.360833740234398,2.0791346728801727,213.2716937934028,92.315,49187.4375,1897.4375,4564.4375
16.808557128906273,2.1578844785690308,2.0048435923788284,80.925,42546.5625,4317.625,0.0625
14.430383300781273,1.978919267654419,0.04825341542561847,67.5775,37715.125,4317.125,113.8125
16.457147216796898,1.9572232961654663,172.20024468315972,63.25,42356.0,2332.0625,11320.4375
21.722817993164085,2.463827133178711,622.1711631944445,46.735,49309.5625,1728.4375,29540.6875
23.774804687500023,2.562937557697296,632.73953125,40.2475,47190.9375,2559.5,23229.375
22.489244079589866,2.2140544056892395,231.03533311631944,90.02,48850.25,3729.375,3908.375
18.149507141113304,2.1852543354034424,1.8555768522951337,83.6125,44811.875,4003.3125,0.0625
16.135583496093773,2.1831573843955994,0.04934999677870008,70.5675,43415.9375,4344.125,83.625
17.999620056152366,1.9287922382354736,167.35956868489583,97.55,61665.75,2196.0625,10478.375
23.55293426513674,2.2687414288520813,604.024435763889,85.465,68742.1875,2221.5625,28098.1875
25.841119384765648,2.562069833278656,612.3565798611111,83.2525,66275.75,3707.875,21471.1875
24.117402648925804,2.4482250809669495,205.08456163194444,110.13,62561.5,6365.125,3421.0625
19.684869384765648,2.7514564394950867,1.571434695124626,86.11,52213.0,10519.375,0.0625
17.68457183837893,2.6074429154396057,0.03912428538004557,75.35249999999999,48407.1875,9791.1875,71.125
18.129800415039085,2.649069368839264,116.02037489149306,103.08500000000001,62812.6875,7141.0625,6192.4375
20.995530700683616,2.4743540287017822,413.12151041666664,96.2475,68456.4375,4905.3125,21638.4375
21.97864685058596,2.353383421897888,419.82437500000003,91.2625,65812.5,7371.9375,14569.1875
19.73683319091799,2.4783700704574585,149.35677191840279,99.70750000000001,59387.0625,7528.4375,2483.0
16.49029693603518,2.824373781681061,1.0083115385803911,84.85,49938.25,7243.5625,0.125
15.358872985839866,3.1670785546302795,0.03116535822550455,75.455,46765.1875,7575.75,49.0
15.547448730468773,3.6944980025291443,94.61649929470487,103.095,61662.6875,8251.1875,5028.0625
17.07838592529299,4.046980798244476,337.3180859375,101.2175,67665.4375,8267.375,14140.875
17.63520965576174,4.240312457084656,356.58390625,90.38,65489.9375,9703.875,12276.0
16.414949035644554,4.005896687507629,123.9943869357639,99.0575,61086.3125,9339.3125,2361.75
14.731462097167991,3.7629867792129517,0.7617630255884594,84.46000000000001,50778.9375,10596.75,0.1875
14.028276062011741,4.155544698238373,0.0106906912061903,72.735,48173.25,13159.375,35.9375
14.131303405761741,4.551245927810669,55.4018798828125,93.94,64216.75,14557.4375,3122.9375
15.31427917480471,4.634248375892639,250.10914930555555,93.7925,70284.6875,13390.5625,10387.625
16.529328918457054,4.652774691581726,328.2993967013889,88.065,66315.8125,12156.8125,9499.5
16.164453125000023,3.6681936979293823,129.53069878472223,100.9,60903.0,7781.6875,1912.5
14.547364807128929,2.784388244152069,1.2142478103770151,91.57249999999999,49978.625,5895.0,0.125
13.71997985839846,2.9356091618537903,0.024911363389756924,83.6075,46987.8125,5745.0625,45.0625
14.289308166503929,3.2383283972740173,99.94465359157986,110.935,61320.5625,5082.0625,6354.5
17.048394775390648,3.5559674501419067,391.7797829861111,97.9975,66316.375,5699.0,19651.3125
19.07466278076174,3.5440999269485474,458.9271527777778,85.425,62242.8125,6509.9375,19930.4375
18.87745819091799,2.7134605050086975,191.02525824652778,106.255,57178.5625,4621.1875,4278.6875
15.056306457519554,2.251152217388153,1.9000096333026886,95.5075,47464.5625,4096.4375,0.125
12.980142211914085,2.130534529685974,0.018087764316134975,76.645,41562.75,3004.0,77.8125
14.595658874511741,2.100223660469055,155.92329264322916,80.6975,48180.375,1751.0,11124.75
19.668183898925804,2.1666963696479797,578.8069097222221,69.025,54638.5625,1726.6875,29048.5
21.874368286132835,2.2565696835517883,538.2359114583334,75.0625,51245.3125,1163.0625,22985.4375
20.74262390136721,1.8435419499874115,191.25013237847222,104.2,49413.1875,1041.75,3790.75
16.70191345214846,1.712215781211853,1.5564274049467512,96.9675,42301.5625,1720.625,0.1875
15.009515380859398,1.6985887289047241,0.01799089431762695,76.17,37137.3125,1466.5625,73.3125
16.480203247070335,1.4855302274227142,131.42893229166665,76.42,42207.5625,708.5,8716.4375
20.60407409667971,1.4506235122680664,528.7481684027778,76.32249999999999,50158.1875,705.4375,22724.5
21.45466003417971,2.0784257650375366,495.53260416666666,74.6075,48050.375,2923.75,16579.6875
19.662446594238304,2.3512725830078125,168.78263997395834,98.87,49259.6875,4381.0625,2903.8125
16.698724365234398,2.6307424902915955,1.3720895170172054,89.355,44656.5,6772.0625,0.125
15.52723083496096,2.865762770175934,0.021001646253797725,72.91250000000001,42425.5,6664.8125,65.125
16.135675048828148,3.077415406703949,113.88789008246528,100.685,60342.6875,4489.0625,6869.25
18.441674804687523,3.247110426425934,346.00450520833334,98.3075,66923.1875,5943.0,16652.5625
19.907823181152366,3.5360488295555115,407.6968836805556,90.005,64112.75,6456.375,15861.3125
19.816094970703148,2.6538339257240295,183.5284255642361,112.3325,59791.8125,2969.25,3678.875
16.943879699707054,2.3751935362815857,1.563688813712862,90.8575,49995.625,5828.25,0.1875
15.778245544433616,3.0668315291404724,0.019474957784016925,70.8825,46787.125,13706.1875,71.5625
17.745355224609398,3.7976633310317993,147.90187581380206,90.87,63509.6875,17527.25,9964.8125
22.084443664550804,4.787936806678772,480.63102430555557,66.78,69051.75,20534.9375,23009.25
22.872361755371116,4.906722068786621,474.6009722222222,66.2925,66210.4375,21494.4375,15579.625
21.00518951416018,4.072417914867401,138.09282552083334,99.71,61730.75,17683.6875,2439.5
17.83752593994143,3.582421362400055,1.175914015505049,87.64750000000001,51299.8125,15565.125,0.0625
15.950959777832054,3.0788090229034424,0.00471955829196505,76.24249999999999,47462.1875,11957.875,28.125
15.839761352539085,2.7135561108589172,76.74431586371527,103.62,62191.9375,7893.6875,4365.8125
18.525811767578148,2.826403260231018,372.47921875000003,98.70750000000001,68012.3125,6653.375,16487.5625
20.77040252685549,2.853229820728302,492.4239583333333,97.6275,64197.6875,6292.0625,17875.875
20.606790161132835,2.151781052350998,197.370576171875,124.44749999999999,59560.3125,3127.75,3853.9375
17.056146240234398,2.104132890701294,1.5631425568130282,97.745,50099.25,3817.125,0.0
15.513658142089866,2.022154003381729,0.0123762469821506,80.4875,46828.375,3628.8125,53.4375
16.599641418457054,1.9212872982025146,127.66935112847221,116.5,61130.5,1828.5,5631.5625
19.942613220214866,2.084718644618988,395.3369965277778,106.56,66973.25,1018.875,14146.5
20.378388977050804,2.2833319306373596,377.88694444444445,115.8925,64076.625,2597.8125,9988.25
18.65417633056643,2.3359804153442383,132.91347222222223,139.7725,59627.875,3376.3125,2067.5625
16.54621276855471,2.3247180581092834,1.0630901986112196,93.445,49080.4375,3049.875,0.0
15.592187500000023,2.482909381389618,0.0070832120047675,76.26,46233.375,4667.25,28.75
15.911431884765648,3.129332661628723,73.97295939127605,102.49,61372.625,5978.6875,3331.8125
17.769494628906273,3.7731077671051025,319.51529513888886,98.69,66915.25,8136.375,12373.4375
18.66314849853518,4.142234683036804,379.89522569444443,85.215,63275.5,10189.75,12558.125
17.692071533203148,3.579134225845337,149.57533528645834,97.20750000000001,58532.875,8682.0625,2752.5625
15.211061096191429,3.001512050628662,0.995071220571796,88.565,48504.1875,8828.5625,0.0
13.729524230957054,2.851212501525879,0.0029720041486952,73.7775,42334.125,8765.8125,40.4375
14.698258972167991,3.088293492794037,130.08942369249132,78.41749999999999,49074.6875,6972.4375,8745.1875
19.073777770996116,3.1830347776412964,527.3999479166666,69.7675,56202.6875,5960.5625,26268.25
21.730989074707054,2.762517750263214,546.7629340277778,73.385,51865.0625,2935.875,22039.0
20.92370758056643,2.119861900806427,200.37405056423611,97.5775,48821.125,1803.0625,3906.625
16.660432434082054,2.006428986787796,1.1728528574647175,89.9975,42175.5,3416.75,0.0625
15.083947753906273,2.092906355857849,0.0063004938761393,70.67,37434.6875,4202.8125,54.875
16.13385925292971,2.30277556180954,116.98547200520834,70.5525,42036.875,2710.4375,6474.5
19.628160095214866,2.4554073810577393,464.25758680555555,71.455,50136.375,2484.875,19115.4375
21.009545898437523,2.619577705860138,480.12463541666665,67.7375,47755.4375,4312.1875,17657.0
20.14710388183596,2.200649678707123,187.400654296875,94.49,49185.0625,4812.4375,3747.0
16.752229309082054,2.41009920835495,1.195873246766213,89.77250000000001,45745.5,6059.25,0.125
15.130632019042991,2.2664735317230225,0.0045994382434421,74.025,43021.5625,5525.8125,50.125
16.253030395507835,2.496372878551483,135.56433349609375,102.065,60238.375,3522.25,9379.4375
20.98956451416018,2.794905364513397,526.1392274305556,92.2725,67662.4375,3929.4375,26784.0625
23.450967407226585,2.9431896209716797,517.2139930555555,91.7475,65151.9375,4704.75,20553.0625
22.579125976562523,2.57896488904953,167.30237087673612,111.3125,61563.8125,5042.0625,3493.5625
18.97070465087893,2.477294683456421,0.7236035834418403,92.42750000000001,50957.4375,4770.1875,0.125
17.25294647216799,2.21910160779953,0.0030417513847351,79.85,47044.4375,2447.3125,52.875
18.072808837890648,2.318547785282135,115.84146402994793,104.48,62564.625,2161.0625,6770.0
21.182855224609398,2.9329797625541687,407.6044704861111,101.0425,68901.8125,3158.5,16739.5
22.11914215087893,3.5844578742980957,411.9903298611111,94.54,65785.4375,5734.125,11739.3125
20.636018371582054,2.9677019119262695,131.61568522135417,101.8925,61089.1875,6729.5,2292.25
18.014878845214866,2.7411051988601685,0.7620962863498264,83.5825,50660.875,7348.0625,0.0
16.866967773437523,2.8740009665489197,0.002417901886834025,74.69,47239.3125,5897.25,36.125
17.043634033203148,3.1290998458862305,81.1135393608941,105.375,62238.0,5230.1875,4058.8125
18.712800598144554,3.2037063241004944,286.8472048611111,97.1075,68642.75,6927.0,11742.25
20.057473754882835,3.7529590725898743,361.58625868055555,76.635,65611.5625,12454.625,13357.0
19.30109558105471,3.3595281839370728,146.67286621093749,91.9325,60927.375,10969.5,2633.6875
16.805566406250023,2.9418479204177856,0.7495262993706597,78.99000000000001,49496.9375,8129.9375,0.0
15.751153564453148,2.525619924068451,0.001511188613043875,77.7425,45770.5625,7156.625,37.875
16.470925903320335,2.487780272960663,107.13775268554689,102.72749999999999,60893.8125,6635.5625,6676.8125
19.482934570312523,2.312541127204895,385.7933203125,96.92750000000001,66712.5,6281.5,19284.6875
21.21180877685549,2.4267324209213257,457.3655381944444,83.42750000000001,63381.0625,8061.0625,16305.75
20.299829101562523,2.512772500514984,176.291904296875,94.8875,60446.125,9636.0,3039.5
17.498941040039085,2.568200707435608,0.8874978298611113,82.52,49919.25,8773.5,0.0625
16.143212890625023,2.553727447986603,0.00092996219793955,73.5725,46108.875,7270.25,40.4375
16.887567138671898,2.6016262769699097,119.11562242296007,98.8125,60670.1875,5624.5625,7272.8125
20.289270019531273,2.6307639479637146,481.23967013888887,87.715,66394.0625,4965.8125,21211.625
22.145310974121116,3.2688706517219543,540.170060763889,73.4,62543.6875,7957.3125,19049.1875
21.271325683593773,3.298614025115967,193.17881727430557,94.69,58464.375,10540.4375,3582.25
18.585359191894554,3.360311210155487,1.0097840033637153,78.805,47711.1875,11664.625,0.0
17.44677886962893,3.499487042427063,0.00053860313362545,60.185,41626.125,11712.875,33.25
17.65839538574221,3.7768648266792297,101.98166965060764,70.4375,48464.625,9879.375,4605.4375
20.102563476562523,3.9752774834632874,431.0284201388889,60.175,55487.8125,10281.5,17242.75
22.474702453613304,4.538013696670532,527.9484288194444,31.77,52854.375,15059.5,18250.875
22.02051696777346,4.1980655789375305,210.97362630208332,76.19,50947.6875,14708.375,3756.25
18.781831359863304,3.875641107559204,1.1182253011067709,65.175,43793.375,15611.0625,0.0625
16.624971008300804,3.7406423091888428,0.000309987399313175,48.2125,38929.9375,12376.5,43.125
16.96136627197268,3.7849841117858887,141.27197455512152,51.9275,42975.625,6847.25,9347.3125
20.73872528076174,4.003655970096588,565.8119878472222,20.1925,50308.0625,7181.4375,27892.8125
23.199685668945335,4.593276500701904,635.0047395833333,4.1175,48171.8125,11741.4375,24832.125
22.15992126464846,4.25412654876709,234.71039930555554,74.39750000000001,49536.125,14715.3125,4350.25
17.91449127197268,3.5146467685699463,0.85927734375,81.405,45286.375,11993.0625,0.625
15.548768615722679,3.278929889202118,0.00012012012302875,67.1075,43003.0625,9055.9375,33.0
15.991754150390648,3.3439289927482605,127.04368693033854,99.835,59874.8125,6358.5,8167.375
19.125405883789085,3.594568192958832,508.55390624999995,90.235,65898.5,5772.5,23054.375
20.832971191406273,3.742598056793213,531.6054600694445,83.79,62778.5625,6216.25,20067.0
19.566255187988304,3.443090319633484,190.9805349392361,108.805,59249.5,6150.4375,3593.8125
15.697923278808616,2.614333212375641,0.7860505506727431,92.1625,49689.75,4998.4375,0.0
13.749269104003929,2.3493269085884094,4.6498109069125e-05,78.9775,46221.6875,2895.8125,27.1875
14.539025878906273,2.4461127519607544,115.2239069281684,106.8375,60897.6875,2655.5,8509.375
18.271051025390648,2.776149332523346,462.59208333333333,86.3075,66205.75,3761.5625,23971.375
20.322686767578148,3.318980634212494,487.6074479166667,80.285,63403.4375,5748.375,22466.625
19.753320312500023,3.210403800010681,188.450654296875,106.7525,59773.25,5052.5,3952.375
15.726762390136741,2.6472415924072266,0.5555439249674479,89.2975,49664.75,5004.9375,0.0
13.677384948730491,2.4515956044197083,1.1624527267283863e-05,77.2375,45982.125,4408.1875,23.5625
14.760301208496116,2.36136531829834,122.91243679470486,101.045,60232.625,3038.75,8414.3125
19.252427673339866,2.5963505506515503,520.600564236111,80.775,65418.875,2617.8125,24395.6875
21.30696258544924,2.7188863158226013,528.6109982638889,81.58250000000001,62020.4375,2930.5625,20884.1875
20.54358825683596,2.409842610359192,191.98361219618056,109.2025,58657.375,2127.75,3607.25
16.362901306152366,2.048772484064102,0.652682359483507,90.11500000000001,48703.5,2053.125,0.0
14.317201232910179,1.9155762493610382,0.0,75.805,45052.4375,1507.5,23.4375
15.381120300292991,1.8975918292999268,127.39663492838541,100.25,59854.75,1279.3125,8352.875
19.99446258544924,2.0037147998809814,532.0593663194445,83.34,65728.0,1450.625,25384.9375
22.125283813476585,2.4160401225090027,535.5809982638889,79.385,63105.375,2582.875,21155.625
21.10811004638674,2.519941985607147,193.41608072916668,101.2475,59229.125,3228.5,3788.4375
16.47413024902346,2.178700715303421,0.5470502726236979,86.7825,49166.0625,3140.0625,0.0625
14.126565551757835,1.8880667984485626,0.0,77.82249999999999,45731.6875,2103.3125,21.9375
15.371369934082054,1.680410623550415,124.28354722764757,101.255,59911.5,1153.625,9011.5625
20.512422180175804,1.499815046787262,539.6058072916667,87.56,65033.625,352.25,27321.4375
22.877587890625023,1.436443418264389,572.1535329861111,77.6925,60919.625,495.6875,22999.5625
22.11200866699221,1.7885209023952484,203.42221788194442,100.675,56846.9375,1604.3125,3868.9375
17.384820556640648,2.2545915842056274,0.495181647406684,87.6225,46740.375,5776.625,0.0625
15.20978698730471,2.3523226380348206,0.0,71.945,40675.0625,7027.5,24.75
16.74019012451174,2.726964771747589,130.88826714409723,76.0675,47667.1875,6027.0,8625.6875
22.36114654541018,3.1652802228927612,560.3857291666667,70.475,54669.0,5710.4375,23668.5625
24.644097900390648,3.089129626750946,557.4273871527778,68.685,52201.0625,7298.5625,15816.125
22.769876098632835,3.1816408038139343,174.72376302083333,88.08,51206.0,11154.6875,2050.5
19.402124023437523,3.42216420173645,0.3562375217013889,66.3,44175.4375,12767.5,0.0625
17.79548797607424,3.3118091225624084,0.0,50.19,38869.625,10582.625,18.75
18.072229003906273,3.0648791193962097,106.33903259277344,51.055,43160.8125,8616.8125,7007.3125
21.97975311279299,2.956494629383087,494.31663194444445,49.4975,50867.5625,7299.5,22638.0625
23.984155273437523,2.920642077922821,549.8499913194445,52.8525,48750.3125,6160.3125,17357.125
22.125299072265648,2.3623369336128235,180.45271701388887,87.87,49815.0625,4426.1875,2922.0625
18.60395202636721,2.261876940727234,0.36647098117404514,81.4475,44303.3125,3706.6875,0.0
16.931443786621116,2.204302728176117,0.0,71.9725,41956.125,3154.5625,17.8125
17.902124023437523,2.0457500517368317,119.27434299045139,97.89,59207.5,2220.5625,7607.5625
22.382234191894554,2.293623149394989,539.9811111111111,87.7225,66128.3125,2377.875,23520.875
23.910516357421898,2.557096779346466,565.5147569444445,85.14,63782.8125,4399.625,18000.8125
21.74633941650393,2.1660472750663757,171.72983018663194,106.5575,59767.9375,4626.25,2564.75
18.184800720214866,2.207702159881592,0.3096929253472222,83.58,49073.5625,5498.375,0.0
16.62012634277346,2.5456098318099976,0.0,72.94,45598.75,6845.5,16.3125
17.370889282226585,2.763290584087372,127.22805419921875,95.33,59944.875,5308.9375,8677.1875
21.449082946777366,3.149876892566681,538.3411979166667,82.545,66616.6875,7886.375,24058.9375
23.232957458496116,3.3653757572174072,551.0231597222222,83.35249999999999,63869.0625,8711.125,17827.8125
21.591050720214866,2.4321787357330322,171.01401529947915,106.47749999999999,58956.1875,5013.4375,2706.125
18.25384674072268,2.3539991974830627,0.1890768263075087,83.35249999999999,48363.75,6136.0,0.0
16.87781677246096,2.7218043208122253,0.0,74.09,44335.6875,7811.0,14.0625
17.221231079101585,3.3384848833084106,96.61404459635416,102.755,59909.5625,10324.625,5512.8125
19.89918670654299,4.210203289985657,415.90775173611115,74.2275,66543.75,15545.125,16808.6875
20.98982391357424,4.725075125694275,457.28405381944447,58.43,63201.0,19031.0,15793.125
19.82294616699221,4.200402617454529,164.38818033854167,88.9025,59447.4375,18553.625,3127.8125
16.94422302246096,4.031182706356049,0.18395814683702258,65.0475,48955.625,21282.125,1.0
15.511132812500023,4.457353234291077,0.0,46.2425,46019.75,24575.0625,14.1875
16.080529785156273,5.016010522842407,121.61170315212675,60.8575,60906.9375,27233.8125,8501.125
19.406892395019554,6.346506714820862,519.2859375,1.2375,67656.8125,31545.6875,23784.8125
21.217828369140648,6.618484616279602,548.7985243055556,8.7075,63568.6875,29349.8125,21892.1875
20.341661071777366,5.0704967975616455,195.46287217881945,89.1425,59054.9375,22209.3125,3640.75
15.922570800781273,3.790103018283844,0.18810423109266494,72.7425,48765.4375,17940.375,0.0625
13.810624694824241,3.626119077205658,0.0,50.0075,45513.3125,18847.0,13.5
15.209489440917991,3.8171650171279907,136.6354235839844,73.52,58768.4375,15270.625,9988.625
21.00068817138674,4.517088055610657,587.0788541666667,49.667500000000004,64791.75,16407.125,29407.6875
23.608819580078148,4.588064551353455,582.8174392361111,48.61,61226.9375,13311.875,23396.25
22.28778991699221,3.2787052392959595,178.87083007812498,99.6075,56282.9375,9012.9375,3191.125
18.024331665039085,3.212951183319092,0.12022861904568143,66.8125,45816.0625,11045.6875,0.0
16.432420349121116,4.071440696716309,0.0,37.5,41654.75,21444.875,12.625
16.52693328857424,4.872504472732544,115.93809234619141,32.9925,48887.5,26497.0625,8348.6875
19.080682373046898,5.86974024772644,492.6757204861111,-7.5075,56146.875,28881.875,21894.875
20.510827636718773,5.905701637268066,470.7698697916667,-7.74,53183.375,26840.25,18087.1875
19.34851226806643,4.641176879405975,163.15842176649306,64.245,50733.875,19284.4375,2983.75
16.05628356933596,3.517441689968109,0.12800154791937934,56.8275,42905.0625,13088.6875,0.0
14.424974060058616,3.091350257396698,0.0,50.39,37737.1875,8817.25,9.8125
14.571771240234398,3.055973470211029,69.88269005669488,55.615,41545.0,5743.4375,4246.9375
16.714624023437523,3.262916386127472,350.1319965277778,58.635,48702.5,6045.125,15890.4375
17.980622863769554,3.717638611793518,423.0984114583333,52.615,46551.5,8822.6875,15334.1875
16.84315643310549,3.6232463717460632,156.44466959635417,75.1125,47292.6875,9952.25,2439.4375
14.379678344726585,3.413542330265045,0.10248959011501735,62.71,42605.3125,11285.125,0.0
13.347817993164085,3.5755078196525574,0.0,54.1125,41263.3125,12889.8125,7.8125
13.790925598144554,3.8986279368400574,99.48190168592666,89.3275,57594.625,11288.125,6122.6875
16.768731689453148,4.349619269371033,439.63436631944444,77.41499999999999,64486.125,13000.75,21043.3125
18.525323486328148,4.447541832923889,499.6848611111111,71.2975,61013.875,12841.5625,17994.25
17.34271392822268,3.3329261541366577,161.46413248697917,109.5575,56282.375,6705.25,2778.5
14.043168640136741,2.4085416197776794,0.08580451117621528,90.4725,46078.8125,3958.3125,0.0
12.569276428222679,2.269016981124878,0.0,76.6525,43535.625,2761.0625,7.3125
13.39270935058596,2.1044698357582092,103.12268310546875,113.35,58308.6875,1641.5625,7206.0625
17.18731842041018,2.18899929523468,460.4168142361111,93.7975,64676.75,1408.5625,18947.75
18.660607910156273,2.1939507722854614,472.13595486111114,89.655,61196.5,1988.375,15303.75
17.147866821289085,2.0703684091567993,143.34519911024304,115.675,57065.5,2310.0625,2115.0
14.47656402587893,1.9574028551578522,0.07293616400824653,90.5125,46550.1875,2535.875,0.0
13.471887207031273,1.7904956638813019,0.0,78.7375,43312.25,1919.875,7.0
14.049493408203148,1.669879287481308,92.9696204800076,110.55000000000001,57410.1875,996.8125,6034.0
17.32630310058596,1.6163131594657898,475.83133680555557,101.775,62900.125,557.6875,18929.5625
18.852876281738304,1.7218702137470245,473.92126736111106,91.4325,59704.4375,1363.375,13959.9375
17.662927246093773,1.6672834753990173,139.92070692274305,117.625,56741.4375,2364.0625,2051.1875
15.169877624511743,1.8779265880584717,0.0634427981906467,88.9425,46443.375,2645.25,0.0
14.088792419433618,2.024804800748825,0.0,79.5025,43347.875,2845.8125,6.3125
14.63654479980471,2.2126959562301636,85.67958575778536,116.1575,57396.625,2165.875,5602.1875
18.149163818359398,2.60021311044693,427.7604427083333,99.2325,63819.5625,2210.0,19841.3125
19.64662322998049,2.9188159108161926,456.7497916666666,85.31,61453.0,4686.1875,16628.375
18.407197570800804,2.795413374900818,157.729482421875,106.825,58179.0625,6922.375,2439.1875
15.54676208496096,2.9942635893821716,0.04207691616482205,70.5325,46887.5,9813.875,0.0
14.595338439941429,3.13969486951828,0.0,64.43,43856.0625,10999.875,4.8125
15.250184631347679,3.526765823364258,89.35536892361111,88.135,57755.5625,11254.3125,6005.3125
18.73267517089846,4.16971492767334,421.638984375,67.6225,63393.3125,13357.8125,20499.75
20.378205871582054,4.747128248214722,454.18861979166667,58.515,60271.5625,15570.0625,17417.4375
18.88691101074221,3.68164724111557,144.85828016493056,82.0525,55323.75,11564.1875,2543.8125
15.763787841796898,2.9897114038467407,0.0276470014784071,67.5875,45055.5,12023.0,0.0625
14.35730895996096,2.886728346347809,0.0,58.405,39861.75,11018.625,4.5625
15.150849914550804,2.8597803711891174,102.98320814344618,61.9275,45957.375,7894.375,7566.4375
19.513398742675804,3.347166419029236,470.7557118055555,53.7325,53063.25,7374.625,20058.5
20.78029022216799,3.5069639682769775,455.25457465277776,58.2875,50364.1875,8489.0625,12472.75
18.62708435058596,3.4394195079803467,116.90981716579861,75.295,49021.0,11388.4375,1484.125
15.909944152832054,3.862572133541107,0.016142594019571924,34.875,41487.5625,15327.9375,0.0
14.885278320312523,4.369561076164246,0.0,0.3425,37956.3125,19750.125,4.0
15.202569580078148,4.851823210716248,91.68412801106771,-1.1975,42991.5,21042.125,6817.0
17.767053222656273,5.560417175292969,458.9814236111111,-21.835,51247.4375,22404.1875,20239.8125
19.16571960449221,5.583406090736389,482.1561197916667,-37.0975,48259.0,19975.9375,15817.4375
17.76196441650393,4.304842054843903,143.5123638237847,59.1725,47854.125,18901.375,2529.375
14.473062133789085,3.888166844844818,0.012833478715684675,50.8875,42107.625,20542.1875,0.0
13.066667175292991,3.766849398612976,0.0,39.6425,40647.3125,20223.0625,3.4375
13.798799133300804,3.652689218521118,103.80817715962729,80.1625,56171.0625,14604.4375,8013.9375
18.557771301269554,4.102044224739075,493.0815190972222,59.2675,62767.0,14642.5625,24923.4375
20.718782043457054,4.122344195842743,498.8792013888889,59.4325,59411.625,13635.3125,18259.1875
19.158441162109398,3.087299883365631,141.07358181423612,101.2225,56119.8125,9216.3125,2434.375
15.302285766601585,2.7557076811790466,0.006602731810675725,81.15,45928.375,10550.1875,0.0
13.755700683593773,2.826983094215393,0.0,67.525,42898.5625,9552.5625,2.625
14.501397705078148,2.942954123020172,92.26256453620063,103.13499999999999,56721.5,7347.4375,6021.5
18.992120361328148,3.3062424063682556,447.91147569444445,87.47749999999999,62703.625,7457.8125,22189.0625
21.26190338134768,3.6936997175216675,492.45862847222224,79.85499999999999,60384.0625,8751.5,19764.1875
19.63831481933596,2.746494710445404,143.0001736111111,119.5,57163.9375,5346.5625,2579.4375
15.777589416503929,2.238355576992035,0.005851012335883225,95.005,46263.8125,3596.0,0.0
14.076112365722679,2.299889028072357,0.0,84.215,43425.9375,3703.625,2.0
14.878656005859398,2.2646862864494324,100.61402804056803,118.1475,57408.75,2155.375,7904.9375
19.905305480957054,2.4532291889190674,517.2570920138888,87.10249999999999,63253.125,2474.25,26307.3125
22.577546691894554,2.693360209465027,528.7069704861111,88.9425,60170.625,3009.9375,21548.6875
21.571466064453148,1.8820054531097412,165.20899007161458,127.1225,56822.9375,1189.9375,2940.3125
16.34376678466799,1.769991785287857,0.00293325583140055,102.0925,46253.75,1074.9375,0.0
14.23517761230471,1.8740582764148712,0.0,87.1775,42773.6875,2265.125,2.125
15.535859680175804,1.9111042618751526,110.75889577653672,114.1725,57338.4375,2746.6875,8743.25
22.393785095214866,2.0424709618091583,583.1702690972222,96.93,63731.8125,1791.8125,28196.9375
25.19952545166018,1.981994241476059,578.6886458333333,100.0625,60492.4375,1915.6875,21895.3125
23.659959411621116,1.862155169248581,168.1469656032986,137.29000000000002,57336.0625,1926.3125,2831.25
18.81366882324221,2.1462727785110474,0.001286447710461075,101.59,47332.3125,3359.6875,0.0
16.97332916259768,2.1031644344329834,0.0,81.8825,44058.6875,2909.5,1.1875
17.84291229248049,2.254053473472595,98.0933761299981,117.14750000000001,58519.625,4140.8125,7576.75
23.74273834228518,2.8716145157814026,533.0331597222222,86.45,64044.75,7699.5,26811.875
25.95831451416018,3.8576080799102783,541.6206770833334,75.6525,60600.375,15821.5625,20043.1875
23.80397186279299,3.340155601501465,147.13401801215278,113.46000000000001,56662.6875,13647.5,2559.75
19.047235107421898,3.152047574520111,0.00055797735850015,88.195,46787.0,11730.1875,0.0625
16.523110961914085,2.9350651502609253,0.0,69.815,41258.625,9439.0,0.875
16.97052154541018,2.7896642684936523,101.2159982278612,73.02250000000001,47261.875,8630.25,8407.4375
22.315164184570335,3.489802300930023,504.80785590277776,43.315,54333.75,13694.8125,29209.3125
25.135057067871116,4.112427592277527,560.8777430555556,29.7725,51591.4375,17826.1875,23472.5625
23.562905883789085,3.3622219562530518,159.43059054904512,85.09,49908.9375,12769.25,2795.3125
18.309983825683616,2.9094170928001404,0.000123994963036625,76.6725,42640.5625,8548.3125,0.0625
15.972940063476585,2.7849915623664856,0.0,61.7625,38074.3125,7867.25,0.5
16.626870727539085,2.5368427634239197,92.87787082884047,57.105000000000004,42298.875,6010.3125,7846.4375
22.165757751464866,2.7287226915359497,514.3435677083334,47.4325,49710.25,4610.875,26779.75
24.91365203857424,3.2222615480422974,540.9915972222223,37.82,47542.375,7664.375,19538.1875
22.904328918457054,2.738943338394165,150.5733761935764,90.7225,48534.3125,9318.1875,2154.25
18.72023162841799,3.1477407217025757,1.1624527267283863e-05,74.235,43493.75,11082.4375,0.0
17.133592224121116,3.6207351684570312,0.0,62.7725,42203.1875,13846.0,0.4375
17.051126098632835,4.390332758426666,67.15646625942654,91.86500000000001,59208.1875,19257.3125,5211.0
18.846856689453148,5.7041144371032715,340.4224782986111,57.49,66916.1875,30142.3125,15841.375
18.548310852050804,6.234903812408447,347.7202517361111,51.7775,63377.3125,32702.75,10363.625
15.853288269042991,6.009967684745789,82.87367092556424,76.2875,59849.8125,30697.375,1169.9375
13.352281188964868,5.8465481996536255,0.0,59.4975,49534.0,32394.125,0.0
12.235261535644554,5.760409832000732,0.0,34.5875,46674.0,33801.25,0.25
12.389482116699241,5.932210922241211,67.23071809874641,65.3175,60613.8125,31237.6875,5801.625
15.029092407226585,6.56194794178009,329.28653211805556,36.8,67029.1875,31481.875,17805.875
16.39631805419924,6.524670839309692,352.31230902777776,53.085,63438.5625,29701.0,11790.8125
15.304925537109398,5.141072034835815,93.48943834092881,89.8575,60189.125,22218.875,1118.875
13.68323669433596,4.667473793029785,0.0,67.88,48827.3125,20160.8125,0.0
13.210359191894554,4.741698980331421,0.0,63.4475,46016.75,20390.25,0.25
13.64539489746096,5.062377691268921,44.54689063390096,92.66,60986.875,20974.5625,3346.75
15.818803405761741,5.7056416273117065,244.65258246527776,87.3375,66768.9375,22719.625,12882.625
17.631379699707054,5.891345262527466,294.7507421875,69.1425,63315.375,24658.25,11496.25
17.202928161621116,4.907881140708923,82.98660807291667,91.9575,59953.125,22119.5,1427.125
15.712846374511741,4.613737225532532,0.0,69.32,49217.8125,23132.9375,0.0
15.213868713378929,4.645447611808777,0.0,62.5625,45997.5625,20256.5625,0.0625
15.321374511718773,4.356789469718933,53.38444729328155,94.805,60657.0625,14724.0625,3037.25
17.284036254882835,4.560258626937866,305.96393229166665,91.8575,66310.0625,12601.9375,12763.6875
18.722390747070335,4.273222208023071,317.9031119791667,93.0625,63104.8125,11380.4375,10744.0
17.844781494140648,3.128512740135193,89.83176425509983,122.3625,59156.8125,6427.0,1248.1875
15.950303649902366,2.584071695804596,0.0,97.82249999999999,47784.9375,4539.125,0.0
14.986848449707054,2.443711817264557,0.0,84.89750000000001,44465.0625,3734.625,0.1875
15.098931884765648,2.2339354753494263,53.82222580115,115.2125,59161.625,3308.5,4160.375
17.955346679687523,2.4937633275985718,365.17925347222223,100.275,63958.25,3633.4375,18712.75
20.032319641113304,2.889564275741577,431.45640625,90.8275,59672.375,4115.0625,17416.125
18.89235076904299,2.1385504007339478,125.36113891601562,122.39,56003.5,1718.75,2084.625
14.950784301757835,1.7697276771068573,0.0,103.6,45387.125,1233.25,0.0
13.120866394042993,1.64822119474411,0.0,83.85249999999999,39657.0,785.5,0.5
13.846192932128929,1.4959394335746765,84.05766451146869,93.035,46343.5,739.875,7121.3125
19.72100982666018,1.5538241267204285,512.3836892361111,79.2275,52857.9375,377.3125,26458.6875
22.70484313964846,1.7524660229682922,485.0604427083333,82.47749999999999,49659.0,441.125,20217.75
21.138589477539085,1.706337958574295,124.36824944390192,110.0425,48534.0,1596.0625,2033.5
17.136392211914085,2.3719112277030945,0.0,91.6675,41049.125,6847.125,0.0
15.726113891601585,2.577136993408203,0.0,71.14,37170.875,9666.3125,0.3125
15.941461181640648,3.0858248472213745,50.7323772674799,72.39500000000001,41529.8125,9431.4375,3621.5625
18.374314880371116,3.6071547269821167,310.39780381944445,75.2775,49112.9375,9174.25,12619.3125
19.14570007324221,3.5456246733665466,335.17567274305554,71.435,47612.1875,10506.375,9766.25
17.440393066406273,3.098275065422058,85.31245137532552,94.115,48882.0625,9619.375,1090.125
15.516656494140648,3.225158214569092,0.0,81.0325,42564.625,8497.625,0.0
14.686402893066429,3.501784920692444,0.0,75.8775,41186.5625,8698.375,0.1875
14.746156311035179,3.792635440826416,56.36156694315373,108.95,59161.3125,10810.5,3554.75
16.963525390625023,4.226018190383911,358.2241015625,100.9725,66409.5,11912.125,14943.4375
18.28199920654299,4.325363039970398,414.57397569444447,87.1375,62822.0625,13200.75,12943.625
16.92181549072268,3.9437217712402344,115.306996866862,108.0625,59861.0625,12870.75,1422.75
14.180139160156273,3.666249394416809,0.0,84.12,48698.1875,12809.6875,0.0
12.607110595703148,3.3463371992111206,0.0,80.8475,45275.1875,10485.4375,0.25
12.624696350097679,3.490031123161316,68.9483265887801,109.905,59817.4375,7044.0625,5595.0625
16.250955200195335,3.9024258852005005,398.96233506944446,91.68,65069.75,6595.625,20658.75
18.151086425781273,3.8137248158454895,440.311875,88.2625,61766.5625,6488.75,17222.0
16.813150024414085,3.0857990384101868,121.97871446397569,114.44,58695.0625,5639.125,1946.75
13.011941528320335,2.7035223245620728,0.0,88.545,47807.0625,6688.5625,0.0
10.887139892578148,2.585358202457428,0.0,82.31,44450.1875,5206.875,0.1875
11.402551269531273,2.9891512989997864,80.33001736111112,102.6625,60670.9375,8321.0625,7353.4375
16.71076354980471,4.168033301830292,481.2861458333333,77.405,65794.8125,13985.3125,25830.9375
18.90356597900393,4.856989026069641,477.88688368055557,70.1925,63088.875,21974.9375,20080.25
17.375207519531273,4.374130725860596,117.13961235894098,93.235,60354.25,22367.6875,1752.875
14.440034484863306,4.056230425834656,0.0,75.1925,48978.0,21018.5625,0.0
13.400880432128929,4.08702826499939,0.0,72.745,45589.5625,16680.9375,0.125
13.254396057128929,3.957933783531189,52.356058756510414,111.5175,60240.875,11463.25,3761.875
15.313874816894554,4.7508381605148315,326.6942925347222,99.5875,66569.5,14293.625,15280.4375
15.961541748046898,5.040023922920227,348.00445746527777,84.71,63066.3125,19708.0,12799.0
14.436746215820335,4.234438240528107,90.2991429985894,105.1125,59397.375,16750.125,1274.75
12.778672790527366,3.693388044834137,0.0,87.69,48291.875,15523.5,0.125
12.132157897949241,3.6516969203948975,0.0,80.0725,45393.875,15535.875,0.0625
12.220185852050804,3.9466126561164856,47.4357428656684,110.19749999999999,60253.875,16833.5,3447.5
14.29230651855471,4.355386257171631,328.08432725694445,99.7125,65149.125,16743.4375,13793.9375
15.608949279785179,4.35549783706665,391.1170138888889,87.0075,60642.625,15909.6875,13429.5625
14.664659118652368,3.7252511978149414,100.47588734944662,109.10249999999999,57551.5625,13551.4375,1325.4375
12.939057922363304,3.3087656497955322,0.0,89.9075,46158.3125,11982.75,0.0
12.367738342285179,3.103568136692047,0.0,76.935,40836.75,11662.625,0.0
12.59980163574221,3.3928956389427185,39.115563286675346,86.14750000000001,48127.875,12896.3125,3092.875
14.601564025878929,3.4070746302604675,291.09515625,82.58500000000001,54396.125,11658.25,13501.0
15.879495239257835,3.5474576354026794,341.90441840277776,76.505,50849.25,10641.5,11610.75
14.732690429687523,3.238799214363098,78.0221758694119,99.0,49752.75,10509.0625,1111.8125
13.330628967285179,3.115299880504608,0.0,82.5375,41569.9375,10535.0625,0.0
12.988320922851587,3.111146092414856,0.0,68.9925,37602.375,10606.875,0.0
13.186387634277366,3.3940449953079224,27.740376925998262,75.4575,42566.25,10851.5,1811.75
14.709710693359398,3.573802649974823,181.97529079861113,81.33500000000001,50978.3125,10385.875,8913.625
15.83594665527346,3.8426825404167175,236.39512586805554,78.0675,49373.3125,11166.875,7260.6875
15.160096740722679,3.6239843368530273,54.37831637912327,98.14,50566.0625,11882.5625,630.25
14.261720275878929,3.623356521129608,0.0,84.08500000000001,44008.5,11748.9375,0.0
13.822236633300804,3.5907108187675476,0.0,75.74,42631.6875,11633.1875,0.0
13.866761779785179,3.8442938923835754,37.568111436631945,125.2525,61549.5,11672.875,2361.875
15.751947021484398,4.036399185657501,281.6572960069444,122.3075,67729.75,11193.9375,11937.625
17.103143310546898,4.037894785404205,364.5725,104.1275,63983.4375,11397.75,11325.1875
16.056077575683616,3.7439868450164795,89.73095765855578,122.4325,60923.8125,11233.3125,1107.125
14.216882324218773,3.461209237575531,0.0,96.2825,49278.8125,11573.125,0.0
13.364366149902368,3.5159918665885925,0.0,89.13,46301.0,10975.6875,0.0
13.437776184082054,3.847050964832306,46.66347737630208,130.58,62760.4375,10015.8125,3358.125
15.977258300781273,4.211493015289307,334.3776258680556,114.8975,67718.125,8971.125,16354.625
17.819795227050804,4.333434343338013,407.86932291666665,99.6,63685.8125,10610.6875,15924.25
16.556420898437523,3.5667209029197693,97.55718948364259,128.59,60491.5,9876.5625,1526.375
13.53968200683596,2.9800841212272644,0.0,98.22749999999999,49207.625,7972.75,0.0
12.311990356445335,2.757525861263275,0.0,93.74000000000001,45707.625,6539.3125,0.25
12.51502380371096,2.714587688446045,60.91102023654514,131.215,61209.5,4065.0625,5438.9375
16.368341064453148,2.9697296619415283,409.4954470486111,107.155,66349.375,2579.125,22657.0
18.896165466308616,3.1023353934288025,443.26104166666664,100.9425,62386.875,3486.75,19593.9375
17.227586364746116,2.7507574558258057,107.29862957424588,136.9,60357.25,4753.3125,1664.625
13.36933288574221,2.5890453457832336,0.0,103.0925,48924.5,6840.5,0.125
11.528680419921898,2.252198815345764,0.0,98.1525,45194.75,4543.375,0.0
11.845903015136741,2.024430751800537,63.982988416883686,139.03,60503.125,2633.75,6423.8125
17.005548095703148,2.2430543303489685,459.2162847222222,110.1875,64552.8125,1238.125,26142.1875
19.913690185546898,2.551953673362732,498.6244184027778,109.53,61318.4375,1810.875,21738.4375
18.031671142578148,2.3747372031211853,115.126222720676,145.47,59459.25,3370.375,1689.625
13.528703308105491,2.4874582290649414,0.0,107.3925,48260.4375,5209.125,0.0
11.423677062988304,2.5169774293899536,0.0,93.455,45898.5,5284.1875,0.0
11.785577392578148,2.7414509654045105,71.14713311089409,129.4325,61397.75,6753.3125,7053.875
17.967858886718773,2.835403561592102,512.1319444444445,96.5375,64940.375,5171.875,29124.9375
21.303392028808616,2.743738532066345,577.8582638888889,97.41,60117.8125,5083.875,23398.0
18.974450683593773,2.504009425640106,125.00411700778538,137.20499999999998,57055.625,5250.5625,1639.1875
14.048112487792991,2.3253039121627808,0.0,114.7375,46021.5625,4231.375,0.0
12.223649597167991,1.9918367564678192,0.0,96.405,41160.25,2661.25,0.0
12.484880065917991,1.949055165052414,59.821461588541666,115.6925,47770.6875,2128.625,5849.4375
17.396661376953148,1.93933567404747,449.0781814236111,90.425,53240.6875,1309.25,23835.625
20.18244323730471,2.2154531478881836,508.65734375,91.8575,49844.25,1803.6875,20929.8125
18.02332458496096,2.549885332584381,109.70451141357422,135.05,50134.9375,4152.0625,1543.5625
13.658654785156273,2.67129123210907,0.0,109.065,41818.375,7078.0625,0.0
11.781526184082054,2.5687761306762695,0.0,93.1225,37813.0,7159.6875,0.0
11.942994689941429,2.6294147968292236,62.39331278483073,93.0425,42092.1875,5279.3125,6453.9375
17.651155090332054,2.7250537276268005,466.1331163194444,79.955,49071.5,3496.75,26927.875
20.95228729248049,2.7029463052749634,496.78219618055556,77.3075,46253.25,3252.8125,21349.9375
18.730447387695335,2.5513877868652344,102.2789589775933,133.5525,49200.5625,4124.875,1459.9375
14.160264587402366,2.4353156089782715,0.0,109.05,43614.0625,4127.125,0.0
11.839326477050804,1.857961505651474,0.0,102.455,41933.0625,1991.875,0.0625
11.849961853027366,1.511092722415924,64.44367648654514,150.0575,59036.6875,865.9375,6827.625
18.751390075683616,1.469791054725647,481.54837673611115,111.8925,64346.875,563.375,28224.8125
21.92659149169924,1.8658916354179382,475.4697829861111,121.74249999999999,60955.125,759.25,19710.4375
19.294709777832054,1.821687936782837,93.78947350449032,167.405,58585.0,1126.25,1166.75
14.992341613769554,1.7859268188476562,0.0,116.5425,47185.3125,1087.875,0.0
13.182374572753929,1.616894394159317,0.0,108.7975,44870.1875,818.625,0.0625
13.348695373535179,1.5861125886440277,52.24224758572049,152.4425,60997.25,878.4375,4832.25
18.87085876464846,1.5838464498519897,425.4547309027778,117.97749999999999,65189.1875,445.5625,24224.5625
21.76368103027346,1.7297748625278473,477.59441840277776,116.29,61749.75,418.1875,18547.375
19.31799468994143,1.9363473951816559,94.92437882145246,157.8075,59680.1875,1738.25,1190.5625
14.805940246582054,2.2415846586227417,0.0,115.15,47884.5,4292.25,0.0
12.810807800292991,2.248138964176178,0.0,108.95,45518.3125,4276.75,0.0
13.118928527832054,2.3086130619049072,64.80369805230035,146.03,61206.125,3762.9375,6838.3125
20.057717895507835,2.717956066131592,502.4456076388889,110.6675,65757.875,2256.5,28520.3125
23.452416992187523,2.7829354405403137,555.5043055555556,116.64,62259.5625,2825.125,22019.0
20.74762878417971,2.532848596572876,107.16133932146761,151.25,60405.9375,7103.0,1277.25
16.01130065917971,2.7301405668258667,0.0,112.75,48966.5625,10210.25,0.0
13.976884460449241,2.5610985159873962,0.0,104.7725,45823.625,7095.6875,0.0
14.239221191406273,2.7161202430725098,64.31133480495876,145.2125,61121.625,5881.4375,6523.9375
20.93463287353518,2.8679659962654114,484.56559895833334,119.42999999999999,66046.625,2935.8125,26209.6875
24.353486633300804,3.032077968120575,507.16894965277777,130.0275,63368.9375,3702.1875,18916.25
21.542474365234398,2.3429648876190186,90.30430706325504,162.1025,61080.3125,4711.8125,947.6875
17.593064880371116,2.555713713169098,0.0,124.3525,49230.125,6717.875,0.0
16.225305175781273,2.30580598115921,0.0,114.2375,46195.1875,5123.125,0.0
16.399713134765648,2.2994802594184875,52.8597108968099,155.6125,61801.0,3776.9375,5005.875
20.67469940185549,2.380672335624695,376.1216276041667,140.36,66043.625,2337.25,21395.4375
22.533715820312523,2.526794910430908,383.31749131944446,135.925,61201.0,3203.375,14730.0
20.047395324707054,2.006316065788269,63.23752739800347,156.6775,58325.5625,2814.0625,723.5625
17.368577575683616,2.294748306274414,0.0,136.0275,45823.375,4322.125,0.0
16.42706451416018,2.527454912662506,0.0,111.7525,41001.4375,5747.8125,0.0
16.39038238525393,2.8879146575927734,37.150456797281905,138.66750000000002,47701.125,6435.25,2821.6875
18.883638000488304,3.3283716440200806,323.233515625,127.1525,54362.625,7289.75,14818.9375
20.377770996093773,3.317582428455353,369.53674479166665,113.8625,51794.25,7832.4375,12830.5625
18.626138305664085,2.7038837671279907,68.25136691623264,150.25,50478.375,6196.75,805.625
16.101548767089866,2.58658629655838,0.0,115.995,41750.0,7038.9375,0.0
15.061341857910179,2.657585322856903,0.0,97.4025,38133.9375,7222.25,0.0
14.983537292480491,2.74283766746521,40.849493967692055,102.6275,43070.125,7137.75,3987.25
18.40052185058596,3.1131651401519775,355.15332899305554,94.1625,50553.6875,8498.125,20687.1875
20.40948638916018,3.3188730478286743,385.6934635416667,82.2975,47788.625,8718.125,16223.3125
18.26746520996096,2.8183408975601196,68.81696885850695,144.6375,50266.8125,7099.875,901.5
14.718095397949241,2.6167656779289246,0.0,114.455,44245.4375,7137.25,0.0
13.189538574218773,2.5488158464431763,0.0,105.6425,42547.1875,6023.9375,0.0
13.148210144042991,2.3401618599891663,42.32421090020074,159.18,59731.0,3958.1875,4867.6875
17.569497680664085,2.3651196360588074,355.5907204861111,130.9325,64830.125,2904.625,21910.0
19.899156188964866,2.2167455554008484,360.738515625,142.6625,61282.6875,1699.9375,15987.5
17.570581054687523,1.9033025801181793,64.32380384657118,184.6125,59566.875,1506.0,815.375
14.039750671386741,1.8941861987113953,0.0,130.5375,47825.4375,2805.75,0.0
12.565171813964866,1.8526219129562378,0.0,113.4325,45128.125,2825.25,0.0
12.797914123535179,2.0286961495876312,48.77436637030708,164.335,61092.3125,2700.875,5757.5625
18.913873291015648,1.979358583688736,436.7677560763889,128.6225,65936.875,1327.0625,25718.375
22.033738708496116,2.131083607673645,438.19995659722224,150.8275,62818.25,2371.25,17043.0625
19.712266540527366,2.3351080417633057,65.70550428602431,175.6,61043.5,7377.875,655.875
16.811578369140648,3.019151449203491,0.0,132.7775,48859.3125,11608.4375,0.0
15.996476745605491,2.93658310174942,0.0,129.26749999999998,45949.5,8949.9375,0.0
16.06825408935549,3.081037402153015,34.113277994791666,182.6525,63132.9375,8211.6875,2363.5625
18.905870056152366,3.2599984407424927,213.24244791666666,180.99,68490.25,6761.0625,8831.875
19.976548767089866,3.24228972196579,197.6348806423611,181.20499999999998,65178.125,7332.5,6474.0625
18.634492492675804,3.0566304326057434,36.727882351345485,189.035,62742.5,11064.0,327.6875
17.256646728515648,3.3603103160858154,0.0,144.2125,50032.625,12778.625,0.0
16.25720367431643,3.36035418510437,0.0,120.8375,46822.625,13423.6875,0.0
15.628961181640648,3.717698812484741,24.55297041575114,188.86,63303.25,14326.5,2072.625
16.89021453857424,4.187419414520264,244.3873046875,167.025,68608.5,15716.3125,11431.6875
17.63593444824221,4.47503387928009,263.71651475694443,143.7175,65045.9375,17099.5625,8052.5
16.24042663574221,3.7532237768173218,44.05927639431424,190.875,61908.4375,14096.125,390.5
14.252038574218773,3.3683672547340393,0.0,140.32,48792.5625,11571.375,0.0
13.075669860839866,3.304010272026062,0.0,125.4475,46200.9375,9499.5625,0.0
12.858392333984398,3.2137895822525024,28.233756887647843,180.5675,62098.3125,7227.0,2592.0625
15.191995239257835,3.4334320425987244,291.17120659722224,160.85500000000002,65957.25,7114.5625,13551.9375
16.593225097656273,3.4752286672592163,287.8880859375,146.8775,61063.5625,6391.8125,9685.4375
15.129884338378929,2.544091284275055,47.413262939453126,183.51999999999998,59060.25,3896.0,487.9375
12.835786437988304,2.3204652070999146,0.0,151.355,46663.3125,3127.875,0.0
11.755525207519554,2.2839059233665466,0.0,119.52000000000001,41951.25,3016.3125,0.0
11.699212646484398,2.4516714215278625,32.50939840104844,148.435,49215.125,3721.0625,3900.625
15.373612976074241,3.0386587977409363,307.3439496527778,119.69749999999999,54997.25,3470.0625,18861.125
17.196649169921898,3.210153639316559,297.71549913194445,119.485,51362.375,4069.875,12794.3125
15.312341308593773,3.1391457319259644,45.27540398491753,170.0425,51734.1875,6558.6875,531.5625
12.800508117675804,3.3348278999328613,0.0,95.78,41964.1875,10771.8125,0.0
11.505509948730491,3.2624117732048035,0.0,75.785,37828.125,11627.8125,0.0
11.178872680664085,3.435599625110626,30.208430917527945,79.6,43026.25,10792.5625,3655.375
13.685845947265648,3.7559970021247864,268.8262152777778,80.6925,50668.0625,8192.4375,15334.0625
14.628259277343773,3.659935176372528,248.65062934027776,85.27,47760.75,6955.4375,8601.5625
12.9722839355469,3.400685667991638,36.400211791992184,151.7225,50191.8125,6901.875,310.1875
11.409425354003929,2.947309136390686,0.0,100.56750000000001,42456.9375,5424.5,0.0
10.686265563964866,2.545431971549988,0.0,102.3425,42164.875,4107.9375,0.0
10.515702819824241,2.521233558654785,24.161693445841472,177.3725,60822.25,4073.8125,1865.0625
12.630845642089866,2.637507677078247,253.8673220486111,160.3575,65501.5,2255.6875,12519.9375
13.973100280761743,2.2193023562431335,246.8016796875,157.1775,61605.5625,1487.5625,9005.375
12.511865234375023,1.981473982334137,37.01782019721137,185.48250000000002,60111.6875,1903.4375,336.8125
10.695901489257835,1.7329416573047638,0.0,136.535,47141.375,1570.4375,0.0
9.805261230468773,1.9054126739501953,0.0,121.69500000000001,44548.5625,2994.125,0.0
9.878480529785179,2.284044921398163,26.4516203795539,181.6275,61947.3125,5692.5625,2815.25
13.115357971191429,2.9144526720046997,278.1788151041667,147.365,66456.0625,8235.5625,16737.0
14.797502136230493,3.4457096457481384,261.7596527777778,138.305,63279.3125,10541.3125,11101.9375
13.130952453613304,3.1841177344322205,39.0032132297092,177.7075,61765.3125,9733.625,394.875
11.011376953125023,3.1306503415107727,0.0,119.6675,49743.625,11098.0625,0.0
9.876374816894554,3.0294127464294434,0.0,102.745,46624.875,8646.625,0.0
9.899232482910179,2.937944531440735,26.306852548917135,193.39499999999998,62074.8125,5756.6875,3248.0625
13.833306884765648,3.4599323868751526,296.6640190972222,155.1925,65873.8125,5193.0,18564.375
16.505158996582054,3.4455390572547913,329.23962239583335,142.63,62283.4375,7035.25,15596.0625
14.387712097167991,2.883522391319275,52.205496317545574,179.51,61995.375,11653.375,513.4375
11.196328735351585,3.354759156703949,0.0,98.9825,49679.375,15742.0,0.0
9.993463134765648,3.6942965984344482,0.0,77.13,47766.875,19689.1875,0.0
10.118951416015648,4.342363715171814,37.16224316491021,127.46,64265.0,23270.9375,4974.125
15.47187194824221,5.391422271728516,361.33466145833336,36.5725,68542.875,27018.1875,23154.375
18.548333740234398,6.523552060127258,352.5845703125,30.7725,65748.8125,32316.5,14845.3125
16.36731109619143,6.4733054637908936,44.6039749484592,87.375,64368.875,33710.3125,417.6875
13.894013977050804,6.120245456695557,0.0,61.8,51588.75,28710.9375,0.0
12.574945068359398,5.299966812133789,0.0,68.4975,48184.375,23463.75,0.0
12.318597412109398,4.740151286125183,25.174871554904513,161.89249999999998,64424.9375,18346.875,3416.25
15.546891784667991,5.218075394630432,272.04635850694444,105.2375,68046.375,18861.8125,15189.875
17.78039703369143,5.1265586614608765,255.8936111111111,93.125,63166.0625,19693.0625,10841.9375
16.539727783203148,4.107325971126556,37.090911661783856,151.4725,61135.75,19331.625,345.375
14.52710876464846,3.9434332251548767,0.0,94.18,49237.3125,19336.1875,0.0
13.470506286621116,3.7124593257904053,0.0,102.8,44399.875,14095.625,0.0
13.191682434082054,3.1542428135871887,29.031758641203247,118.9075,50952.375,8772.6875,3772.875
17.345422363281273,2.9179109930992126,322.58506944444446,100.7925,55602.3125,4547.5625,20267.3125
20.36396942138674,2.308360129594803,365.3597352430556,125.3975,51029.25,1923.4375,14446.375
17.748269653320335,1.576493352651596,46.03747278849284,186.01,51111.75,857.9375,347.0625
14.803216552734398,1.818861961364746,0.0,148.36,41955.0625,2626.4375,0.0
13.941148376464866,2.304329752922058,0.0,107.33500000000001,38090.8125,5396.1875,0.0
14.037828063964866,2.5675889253616333,31.012549961921238,114.55,43640.8125,7011.0625,3734.6875
18.801187133789085,2.928138017654419,325.87243489583335,103.6325,51791.1875,4557.75,19580.9375
21.174592590332054,3.06336772441864,314.4409548611111,108.7825,49304.0625,4840.375,11020.0625
18.615380859375023,2.548780679702759,36.03726098802355,175.5875,51809.75,5546.0,201.875
16.162507629394554,2.654290795326233,0.0,138.185,44656.625,6491.375,0.0
15.111390686035179,2.5519497990608215,0.0,105.3275,43781.0,6261.3125,0.0
14.771379089355491,2.810003876686096,22.991433648003472,182.0875,62493.9375,6659.625,2548.8125
17.383035278320335,3.4883928894996643,251.6891232638889,149.105,67263.1875,9221.3125,15934.4375
19.321199035644554,3.7109678983688354,261.8458203125,135.7875,64775.8125,13950.625,9338.25
17.27838287353518,3.3831105828285217,25.922030215793185,169.5625,62758.0,15715.25,179.4375
14.85236511230471,3.2995039224624634,0.0,107.39500000000001,49324.4375,12170.5,0.0
13.220277404785179,2.920317232608795,0.0,105.5875,46661.3125,8979.25,0.0
12.25763854980471,2.752706825733185,23.329063042534724,185.9425,62843.3125,6746.5625,2724.125
14.756044006347679,2.7531272172927856,288.3541579861111,153.5375,66466.5625,3479.5,15866.6875
16.462304687500023,2.3851317763328552,299.80101996527776,156.26,62647.875,2078.25,11529.0625
14.194131469726585,2.0515183210372925,36.05488005320232,201.79,61597.3125,3183.25,274.75
11.959214782714866,2.31991183757782,0.0,133.965,48654.3125,8481.4375,0.0
11.43415222167971,2.723899781703949,0.0,93.9175,46287.25,11988.875,0.0
11.779077148437523,3.4430676102638245,18.201143391927083,189.35,63430.6875,15493.5625,2016.0625
14.005479431152366,4.419100761413574,210.35162543402777,148.3025,68333.0,15563.75,12299.5
14.619584655761741,5.087354302406311,221.84708767361113,111.1725,66186.875,22961.375,9316.0
12.19294128417971,4.89967942237854,28.665806094275577,155.715,65212.75,28823.3125,210.0625
10.302018737792991,5.248440861701965,0.0,77.46000000000001,51964.625,32125.9375,4.0
9.04450378417971,5.490306854248047,0.0,63.042500000000004,49530.75,32747.5625,5.75
8.531861877441429,5.251077651977539,28.172105034722225,136.85,65454.375,29061.125,4481.25
11.974526977539085,5.407363414764404,330.1501345486111,88.19,67878.3125,25406.75,22380.4375
13.97046051025393,4.916748881340027,315.8005121527778,117.08500000000001,64250.125,21124.75,14305.1875
11.494889831542991,3.8875426650047302,34.30463658226861,189.79500000000002,63499.375,19809.8125,247.0625
9.094483947753929,4.23356819152832,0.0,86.93,51012.375,24012.5625,2.5
7.977655029296898,4.40254282951355,0.0,57.0325,48943.0,26576.125,0.75
7.9523178100586165,4.549196004867554,26.875532497829866,130.1525,65260.125,26312.875,4573.9375
13.427209472656273,4.731746315956116,358.1832465277778,66.465,67198.875,22117.0,25110.375
17.015100097656273,4.865477919578552,392.7790885416667,90.325,63041.375,21175.875,16320.3125
14.287767028808616,4.185985088348389,37.25358862400056,164.995,62151.625,22645.875,207.6875
11.775422668457054,3.974690020084381,0.0,107.72749999999999,49054.9375,20167.8125,1.0625
10.792619323730491,3.344505727291107,0.0,106.36,43539.8125,12354.6875,0.9375
10.804498291015648,3.238741159439087,23.052007921006947,156.5025,50343.0625,9586.8125,2708.6875
14.673196411132835,3.596717596054077,315.88964409722223,112.7575,55123.75,9972.8125,19498.9375
17.71167907714846,4.154815435409546,320.24163628472223,83.22,51915.0625,14133.3125,13296.625
15.821336364746116,4.801185965538025,29.555589640140532,97.10249999999999,54742.5,28763.4375,160.6875
14.88507995605471,6.1731226444244385,0.0,13.3025,46468.0625,33412.875,1.875
14.864198303222679,6.531144499778748,0.0,-1.495,41956.0625,31465.25,0.0
14.856362915039085,6.219353795051575,14.697506239149305,0.7225,47939.875,33790.4375,2406.75
17.20710906982424,5.718514800071716,202.0031401909722,7.0024999999999995,54929.125,29647.0625,12149.875
18.890977478027366,5.329611659049988,203.9494683159722,53.442499999999995,52127.4375,28375.0625,7450.9375
16.57489166259768,4.957367181777954,15.717620671391488,134.4825,54553.0625,27855.3125,64.9375
14.060235595703148,4.441973567008972,0.0,87.96000000000001,46173.5,22374.5,1.0
12.495545959472679,3.5261685252189636,0.0,73.8225,43486.3125,15666.4375,0.0625
11.825883483886741,3.211679458618164,13.714517415364584,208.2925,62839.3125,13574.0,1369.0
13.402421569824241,3.4673693776130676,174.44049696180556,181.5425,67536.3125,12071.6875,7572.4375
14.702714538574241,3.572647273540497,209.5370876736111,170.5975,63946.375,12911.625,7029.9375
13.076020812988304,2.886066436767578,24.48259218831857,205.095,62905.9375,13675.9375,134.25
11.455834960937523,2.8879380226135254,0.0,131.555,49553.0,13634.9375,0.1875
10.945962524414085,2.718207001686096,0.0,100.2075,46914.9375,11209.6875,0.0
10.960191345214866,3.064573645591736,12.09771226671007,208.08,64463.8125,11641.9375,903.5625
12.899003601074241,3.930563747882843,168.0863042534722,185.4625,68537.875,11920.4375,8427.8125
14.383386230468773,4.3364497423172,173.66738932291668,163.19,66505.625,16317.4375,5983.8125
12.872895812988304,4.235240340232849,15.160202011408078,187.8675,64862.375,21371.5,90.25
11.628778076171898,4.37257182598114,0.0,94.045,50944.0,22308.0,0.625
10.928186035156273,4.458119869232178,0.0,67.185,48658.5625,22512.875,0.0
10.429078674316429,4.54524827003479,16.223174913194445,214.2625,65199.0,21055.75,2183.4375
11.853334045410179,4.829999804496765,242.3619921875,202.7375,69046.0,16147.125,13101.5
12.777024841308616,3.9335577487945557,236.02519097222222,212.95,64641.6875,10052.9375,8429.0625
11.099794006347679,2.3628320693969727,22.213686252170138,262.1425,62770.0625,6367.1875,96.0
9.415338134765648,2.149789273738861,0.0,234.9375,49419.375,3787.0625,0.0
8.352876281738304,1.740430861711502,0.0,248.2625,46708.25,1292.9375,0.0
8.078919982910179,1.4373744428157806,16.882456868489584,352.9475,63862.0,390.375,2652.875
11.630609130859398,1.7260645925998688,254.21418402777778,295.8325,67281.1875,721.625,16433.4375
13.770654296875023,2.250742197036743,250.24219618055554,294.135,63813.5625,898.4375,10491.0625
11.559236145019554,2.215602993965149,20.889039713541667,353.11249999999995,62751.125,2114.6875,103.625
9.390130615234398,2.413875102996826,0.0,228.395,49208.75,4186.9375,0.0
8.352449035644554,2.397975742816925,0.0,165.3225,46599.8125,4510.3125,0.0
8.108796691894554,2.5949228405952454,16.072521362304688,263.57,63145.125,4051.3125,2131.75
11.928742980957054,3.3258509635925293,269.1597482638889,200.94,65792.25,3336.375,16951.125
14.617044067382835,3.59236878156662,280.8818619791667,186.635,61098.125,4723.25,12322.125
11.866494750976585,3.2774317860603333,23.860076497395834,238.0975,60797.0625,11972.3125,105.5
8.976029968261741,3.3952627182006836,0.0,147.415,48229.75,13833.0,0.0
7.1029830932617415,3.0113258957862854,0.0,133.64000000000001,43464.1875,10225.1875,0.0
6.1086288452148665,3.163686215877533,23.33048963758681,162.1925,50304.0625,9986.1875,3878.75
10.490220642089866,3.706086277961731,372.67687934027776,93.4875,54973.9375,6369.25,25541.875
13.90534362792971,3.583413302898407,396.9575086805556,125.46000000000001,50924.0,6028.875,17057.375
10.285516357421898,3.203805685043335,31.898672417534723,197.625,53947.5,14470.375,119.1875
6.793847656250023,3.1291422247886658,0.0,126.8175,45550.5625,15126.0625,0.0
4.442231750488304,2.5560771226882935,0.0,120.32,41233.0625,7864.3125,0.0
3.3877502441406477,2.27568519115448,22.87292751736111,156.32,45212.125,4521.3125,4209.8125
9.17328796386721,2.236828029155731,361.8888802083333,107.395,51590.375,1805.4375,24479.0625
12.84723815917971,2.1741023659706116,371.2955251736111,112.04499999999999,48280.8125,1682.9375,15993.8125
9.089601135253929,2.3333271741867065,27.993292643229164,218.33249999999998,53946.0,6701.4375,95.9375
5.90888366699221,2.6528515219688416,0.0,157.3825,47178.6875,10351.75,0.0
5.029908752441429,2.887284576892853,0.0,125.4975,45962.0625,12105.0625,0.0
5.4959274291992415,3.065761148929596,15.489121432834201,237.375,64498.1875,12074.4375,2477.375
9.762055969238304,3.613748550415039,263.2690234375,159.1825,69158.1875,12675.625,15967.0
12.236360168457054,4.486179828643799,265.7962717013889,139.915,66101.9375,16622.6875,9350.25
9.906388854980491,4.080993056297302,18.02730238172743,218.3475,65912.1875,19037.4375,41.5625
8.38581237792971,3.959200382232666,0.0,102.87,52719.75,19370.25,0.0
7.838037109375023,4.052697241306305,0.0,94.89,50256.25,18773.4375,0.0
7.8148971557617415,4.148651719093323,9.402828470865886,207.9525,67128.875,17773.4375,1177.9375
9.473939514160179,4.414140939712524,178.53420789930556,188.6925,71572.4375,15080.125,9081.8125
10.256455993652366,4.658513903617859,200.45187499999997,157.1875,67918.1875,15625.375,6747.625
8.298631286621116,3.808967411518097,14.995393202039931,225.865,65880.5,14282.375,31.6875
6.529901123046898,3.2442399859428406,0.0,157.1825,52584.5,12251.625,0.0
5.42560729980471,3.0360700488090515,0.0,139.7375,50149.5625,10225.8125,0.0
5.245416259765648,3.055392324924469,13.64878424750434,228.7575,66587.75,9447.875,2119.0
8.450006103515648,3.4541999101638794,244.03455512152777,191.34,69471.375,5582.625,15702.5
10.319627380371116,3.6713549494743347,232.64185546874998,184.22,65987.3125,7240.25,9874.75
8.379106140136741,3.108196973800659,14.587589179144965,242.0925,66060.75,11527.0,39.0
7.1957260131836165,3.2087243795394897,0.0,136.955,52892.125,13408.625,0.0625
7.090051269531273,3.4839625358581543,0.0,125.015,50438.6875,14218.875,0.0
7.55713806152346,3.719955444335937,5.694379475911458,237.2625,67128.5625,15327.375,968.25
9.801118469238304,4.254938840866089,116.91432291666666,193.695,71867.8125,17247.125,8228.5
11.680642700195335,4.645751118659973,149.1665277777778,159.9675,68163.4375,19976.4375,5702.375
10.775453186035179,4.391980051994324,12.00863274468316,176.9725,67317.125,23270.0625,30.6875
9.786531066894554,4.609301924705505,0.0,75.255,54086.75,25879.4375,0.0
9.041123962402366,4.891765832901001,0.0,55.5175,51932.75,27738.25,0.0
8.510163879394554,5.1574612855911255,10.171710001627604,131.085,68492.9375,30666.5,2052.6875
10.793740844726585,5.063377022743225,211.57112630208334,70.1775,71368.375,26183.875,15009.1875
12.475740051269554,4.765876054763794,235.39367404513888,115.865,65543.125,19930.5625,9186.125
9.830072021484398,3.685412108898163,14.884044799804688,224.0775,64263.3125,15951.5,29.0
7.384400939941429,3.1501859426498413,0.0,135.56,51578.0,12644.5,0.0
6.035638427734398,2.8631040453910828,0.0,138.3075,46934.4375,9750.1875,0.0
5.704522705078148,2.687918543815613,10.676880255805122,172.7975,53196.9375,8026.1875,2105.8125
8.957444763183616,2.8332316279411316,221.2640451388889,126.60499999999999,58294.875,6507.125,15843.375
11.37037048339846,3.0171542167663574,226.29395399305557,129.7675,54600.0625,7298.125,9801.0625
8.922731018066429,2.785018265247345,13.472378472222223,230.10750000000002,56080.5625,8955.9375,26.9375
6.905755615234398,2.8953739404678345,0.0,133.4,47370.125,11940.5625,0.0
6.1557785034179915,2.7957228422164917,0.0,109.73,42862.8125,10170.125,0.0
6.0934310913086165,2.6762446761131287,9.949557189941405,144.795,47267.5625,8419.1875,1461.5625
9.045510864257835,2.626197397708893,200.73542317708333,132.855,53825.0625,5796.625,11713.75
11.313600158691429,2.59027361869812,205.74684895833332,130.135,50890.5625,6322.5625,7613.75
9.382859802246116,2.5432514548301697,10.788786485460069,204.685,54472.9375,9522.9375,15.125
8.006509399414085,2.550275206565857,0.0,135.1925,47377.75,10199.375,0.0
7.369927978515648,2.4736794233322144,0.0,123.3625,46251.25,9949.4375,0.0
7.0892196655273665,2.4951578974723816,9.267174021402996,248.3875,64065.3125,9539.375,1566.1875
10.31128845214846,2.7638120651245117,203.75214626736113,190.515,68453.5,6835.0,13925.125
12.955705261230491,2.8928032517433167,233.47116102430556,200.8475,64701.3125,7001.0625,9386.5625
10.29963073730471,2.80458927154541,12.203909369574653,233.7725,65130.4375,12697.8125,17.0
8.740228271484398,3.090843975543976,0.0,138.285,52315.75,15865.0625,0.0
8.432839965820335,3.3075587153434753,0.0,101.5775,49655.0625,15493.625,0.0
8.956819152832054,3.7479187846183777,7.351874423556858,210.345,66571.875,18028.875,929.25
11.841233825683616,4.077747642993927,123.53735785590277,200.575,71455.9375,18617.75,6906.3125
14.334306335449241,4.585300922393799,121.20006401909723,177.24,68425.5625,22945.75,3860.25
13.834138488769554,4.963777422904968,7.208532341851129,145.9575,67778.875,30498.875,9.25
13.238580322265648,5.491496920585632,0.0,35.1075,54173.0,33066.875,0.0
12.459382629394554,5.454020023345947,0.0,4.6075,51504.5,33009.75,0.0
12.077142333984398,5.712007522583008,10.49538335164388,106.02,68324.375,37143.5,2314.75
15.525781250000023,6.361401677131653,194.88092447916668,52.3875,72259.5625,39196.0,13274.625
17.298486328125023,6.844778299331665,179.48458333333335,65.07,69803.3125,41994.5625,5009.3125
15.87580261230471,6.568448185920715,8.558016153971353,98.42750000000001,68398.25,40132.0625,5.0625
14.544480895996116,6.107824683189392,0.0,44.192499999999995,54443.25,34456.5625,0.0
13.547105407714866,6.355502724647522,0.0,28.6625,51762.4375,32000.0,0.0
12.500062561035179,8.403926014900208,5.249780315823026,98.335,69993.125,42946.0,1020.5625
11.90522155761721,9.60862135887146,173.20194010416668,62.2475,73960.875,45186.3125,10380.3125
11.450975036621116,8.742026329040527,214.13506727430556,40.7175,70186.3125,42935.5625,8109.6875
9.070024108886741,7.202011704444885,10.542779914008248,94.185,67904.625,36842.5625,8.5625
7.3389755249023665,6.211870908737183,0.0,60.7875,55046.0625,31564.0,0.0
6.353616333007835,5.858049988746643,0.0,60.595,52570.3125,32304.9375,0.0
5.883416748046898,6.3743473291397095,8.261365763346353,105.975,68478.4375,36874.75,1855.125
7.84674987792971,7.371526837348938,207.4807421875,48.08,72111.75,39814.875,14746.4375
9.185227966308618,7.539935231208801,197.38696397569444,47.81,67983.5,39912.75,7794.875
7.72065124511721,6.333489298820496,9.057002783881295,101.8775,66052.5,35552.6875,6.4375
6.53778991699221,5.529049873352051,0.0,71.4825,53181.0,30674.9375,0.0
5.838372802734398,5.059848308563232,0.0,70.6075,48409.375,26693.4375,0.0
5.437005615234398,4.322653770446777,8.248881217108833,112.3675,54415.8125,19181.5,1945.8125
8.424989318847679,4.121819853782654,214.83677083333333,128.10750000000002,58981.25,12026.8125,16453.8125
10.277970886230491,3.6316738724708557,210.68685546875,169.1275,54485.625,7264.0,8255.8125
7.4380966186523665,2.601279377937317,9.539327358669704,231.9375,55724.375,8252.75,7.9375
4.92603454589846,2.755219280719757,0.0,150.29500000000002,46207.25,11938.4375,0.0
3.5554443359375227,2.9607369899749756,0.0,104.4675,41864.1875,14296.8125,0.0
2.8665710449218977,3.3274935483932495,9.661799680921765,95.0925,46423.5,16312.75,2776.0
7.8036361694336165,3.6970839500427246,292.1946375868056,76.4325,53267.6875,11065.0625,23301.375
11.636247253417991,3.637681305408478,310.2596918402778,93.8325,50364.6875,10468.75,13647.375
7.833161926269554,3.5994417667388916,12.422536061604818,125.3425,56841.625,21079.0,6.9375
5.129251098632835,3.7250877022743225,0.0,81.0575,50214.6875,22552.625,0.0
3.8731857299804915,3.359772503376007,0.0,92.7825,48554.6875,18355.8125,0.0
3.2499862670898665,3.2983386516571045,9.20652483622233,220.615,67088.6875,17111.625,2078.375
8.044656372070335,3.351165771484375,252.96352647569444,162.66750000000002,69114.1875,9267.3125,16234.9375
11.59649810791018,3.181580424308777,228.8553168402778,206.725,65670.4375,9248.4375,8009.8125
9.08094177246096,3.2089508771896362,8.12615724351671,232.51500000000001,66185.75,14711.625,3.9375
7.76618347167971,3.3826367259025574,0.0,147.92,53585.1875,15524.5625,0.0
7.561883544921898,3.3260560631752014,0.0,129.11,50427.375,14246.25,0.0
7.679467773437523,3.4640978574752808,5.2542283460829005,232.79500000000002,67437.4375,14042.625,884.0625
10.35816345214846,4.115146994590759,170.0478732638889,203.6475,71394.75,15463.3125,9966.8125
12.388726806640648,4.257129192352295,178.19459635416666,189.03,68243.125,17122.9375,5943.6875
10.407792663574241,3.779018461704254,6.408307859632704,200.445,67521.3125,21883.0625,2.3125
9.006822204589866,4.060693383216858,0.0,94.4375,55082.375,24767.375,0.0
8.580850219726585,4.221798300743103,0.0,78.83,51801.0,22733.25,0.0
8.721109008789085,4.322094202041626,4.423729423946805,185.4475,69172.3125,22305.375,1065.5625
11.189645385742212,4.559616684913635,155.91931315104168,135.07999999999998,72187.6875,21755.125,10168.3125
13.283708190917991,4.385397791862488,177.7536328125,145.6475,68034.25,19704.375,6453.9375
11.105691528320335,3.9061068892478943,6.6941240183512365,206.1925,67586.375,18553.1875,2.875
8.995706176757835,3.6004051566123962,0.0,132.2775,54452.125,17045.5625,0.0
7.502053833007835,3.2560338377952576,0.0,128.425,51496.25,15010.4375,0.0
6.570458984375023,3.306526780128479,6.25405396991306,214.835,67487.25,15198.25,1479.25
9.924127197265648,3.3301259875297546,240.06513020833336,138.54500000000002,69379.5,10100.8125,15670.875
13.189141845703148,3.344094932079315,273.2156293402778,156.2475,65452.9375,10568.125,9841.9375
9.83020935058596,3.7633056044578552,8.826341145833334,167.8525,67921.375,22897.125,1.25
7.694970703125023,3.858575165271759,0.0,95.4375,55152.625,22677.1875,0.0
6.462312316894554,3.649328827857971,0.0,78.16499999999999,51742.8125,20956.1875,0.0
5.783319091796898,3.8266130089759827,6.242026555803087,163.7075,67368.75,20464.3125,1531.375
9.578431701660179,3.8725534081459045,250.43323350694445,95.015,68995.0625,15541.75,14833.75
13.048463439941429,4.0717103481292725,265.01073567708335,129.3125,64104.1875,18064.0625,8661.5
10.092317199707054,4.300227522850037,7.748391092088487,129.3675,65038.5,26308.6875,1.0625
8.405725097656273,4.102464139461517,0.0,74.3475,51598.4375,23113.5625,0.0
7.360375976562523,3.583861529827118,0.0,70.4825,45911.0,19150.875,0.0
6.5780197143554915,3.651403307914734,5.658552596833972,102.0375,52205.625,17754.5,1450.125
9.489343261718773,4.133385419845581,176.08786458333333,92.4925,58455.75,18685.9375,11400.1875
11.664773559570335,4.524502158164978,149.35868489583333,77.5375,56507.0,21750.1875,4172.375
10.423150634765648,4.544394850730896,3.2833943218655053,94.525,57890.75,25728.8125,0.4375
10.27051696777346,4.208839654922485,0.0,60.28,46723.125,22773.875,0.0
9.895326232910179,3.7524344325065613,0.0,62.32,41374.4375,17266.375,0.0
9.278039550781273,3.471877872943878,5.018126369582283,58.015,44439.625,13942.75,1666.4375
12.393212890625023,3.9321221709251404,222.8730707465278,65.8175,52114.1875,12337.0625,15922.9375
15.203065490722679,4.446499824523926,217.2793967013889,61.3225,50958.6875,20522.5,8076.1875
13.05854187011721,5.2995054721832275,4.350316858291626,66.4825,56458.5,34004.125,0.5
11.396516418457054,5.4852564334869385,0.0,55.635,49812.9375,31148.25,0.0625
9.741838073730491,4.59310257434845,0.0,35.347500000000004,43655.625,23840.625,0.0
8.762689208984398,4.458987355232239,3.464283622370826,66.61500000000001,51270.6875,24203.8125,643.0625
10.197557067871116,4.687969326972961,133.1908984375,82.11500000000001,59902.5625,23599.5,5741.75
10.865586853027366,4.4527130126953125,126.38149197048611,93.045,58316.3125,19005.75,3423.5
9.151567077636741,3.7605811953544617,3.7859847561518354,172.54500000000002,61086.6875,18793.25,0.6875
7.842797851562523,3.389559745788574,0.0,144.695,51146.75,16089.1875,0.0
6.931497192382835,2.944018542766571,0.0,123.895,45767.1875,10663.6875,0.0
6.320550537109398,2.7715134024620056,2.4727618817819486,194.2425,60510.8125,7026.5,894.9375
8.10462341308596,3.1912378072738647,146.81527994791668,222.235,68052.1875,3888.75,9887.8125
9.409097290039085,3.1366280913352966,145.03766059027777,230.3725,66154.375,4242.1875,4880.75
7.42432556152346,2.467849910259247,3.8946352455351088,280.66,67349.9375,5520.1875,0.6875
6.077844238281273,2.549452841281891,0.0,173.66750000000002,54506.3125,5509.8125,0.125
5.0831466674804915,2.5285326838493347,0.0,136.05,48175.625,4282.875,0.0
4.6675277709961165,2.4895254969596863,3.267941481404834,185.7775,61796.625,4641.5625,758.125
6.86451110839846,2.7885788083076477,148.71594835069445,211.5425,69321.9375,2850.9375,8131.5
8.44831237792971,2.5980834364891052,129.21866102430556,222.315,67718.5,2551.5625,3054.875
7.229188537597679,2.5511693954467773,2.29150449819035,242.8175,67774.0,4202.25,0.3125
6.605859375000023,2.3375020623207092,0.0,165.0025,54539.1875,2914.625,0.0
6.2011886596679915,2.42092764377594,0.0,146.70499999999998,48412.1875,3393.25,0.0
6.0390182495117415,3.3472399711608887,0.9670521912144292,191.9875,62765.1875,6719.75,210.9375
6.4492660522461165,4.65071177482605,66.98396050347222,199.26,72741.5,11982.25,3118.4375
7.211343383789085,5.472023010253906,79.85168294270834,171.805,72764.5,22033.5625,1936.25
6.739114379882835,5.49693500995636,2.3898247905572254,190.1825,73102.75,26303.3125,0.4375
6.285195922851585,5.101213455200195,0.0,118.73,59694.125,22223.9375,0.0
5.9681564331054915,4.522364020347595,0.0,116.5375,51977.25,18055.6875,0.0
5.801545715332054,4.143032431602478,2.0359972788559064,179.6775,64933.0625,15403.8125,501.0
7.344239807128929,4.149252235889435,135.2604340277778,194.79000000000002,72231.4375,14089.375,6045.625
8.647492980957054,3.998681664466858,131.259677734375,192.7725,68627.6875,15447.6875,3426.1875
7.333375549316429,3.7627562284469604,2.7065386717849313,170.51,69583.8125,20279.1875,0.3125
6.41761169433596,3.962488532066345,0.0,99.1625,56624.875,22418.75,0.0
5.895776367187523,3.9250458478927612,0.0,76.3425,48609.375,22543.1875,0.0
5.51197204589846,3.991460859775543,2.2926746505374713,84.0625,52396.5,22916.75,794.75
7.173242187500023,4.380801439285278,138.15895182291666,81.2575,60017.125,22685.125,9759.125
8.714051818847679,4.698045372962952,136.31575737847223,80.0975,57837.3125,24603.5,5668.75
7.056062316894554,4.98942756652832,2.591386339167754,85.6075,61616.1875,31048.375,0.25
6.141046142578148,5.483064651489258,0.0,34.582499999999996,52138.375,32162.0,0.0
5.81922302246096,6.076508402824402,0.0,2.8075,46182.0625,34168.75,0.0
5.74476013183596,6.340109825134277,1.7762975674526145,6.547499999999999,48294.9375,35656.3125,521.3125
7.026666259765648,6.090548634529114,123.29037868923612,13.7625,57824.625,34946.1875,7247.875
8.218125915527366,6.085092902183533,131.98129231770832,45.8425,55954.6875,33422.4375,3980.0
7.299554443359398,5.5959250926971436,1.8476721934022176,84.405,59411.875,33409.5625,0.25
6.819055175781273,4.929319262504578,0.0,71.245,51832.375,29793.9375,0.0
6.359475708007835,4.223574280738831,0.0,60.4525,46896.6875,23241.375,0.0
5.816926574707054,3.5201759338378906,1.3470076497395833,171.025,62736.4375,16686.6875,685.1875
7.37415466308596,3.2398681640625,113.00934244791665,195.26,71024.25,12174.25,9527.4375
8.600930786132835,3.031424582004547,104.84884331597223,219.3075,69208.0,8497.3125,4429.0625
6.9494796752929915,2.454078733921051,1.9500223367495668,270.615,69193.4375,5258.75,0.1875
5.853616333007835,2.2715250849723816,0.0,172.225,56397.5625,4058.75,0.0
5.134561157226585,2.368948996067047,0.0,148.68,50488.125,7077.75,0.0
4.478425598144554,2.849778473377228,2.037609185112847,195.5825,64540.875,11986.125,978.625
7.0390487670898665,3.5427775979042053,178.96267795138888,149.2675,71700.375,13017.25,16242.0625
9.53339538574221,3.9805911779403687,194.03243055555555,162.0925,69226.375,14102.6875,9066.125
6.528344726562523,3.731473684310913,2.966339246961806,184.9625,72235.3125,19234.25,0.25
4.455110168457054,3.494630992412567,0.0,123.41499999999999,59680.5,17237.875,0.0
3.2444320678711165,3.1949338912963867,0.0,100.315,52769.8125,14976.3125,0.0
2.4381958007812727,2.8217775225639343,2.0815770128038196,180.0325,66068.0,11018.4375,981.0
5.515420532226585,2.6379867792129517,173.9708539496528,152.1525,72632.75,6010.625,11926.5625
8.416841125488304,2.106534242630005,172.95480577256944,216.86,70286.375,2724.75,5085.1875
5.9580551147461165,2.1441677808761597,2.2416197374131945,254.995,70760.625,2777.5625,0.1875
4.357293701171898,2.0121851563453674,0.0,171.775,57360.6875,2421.25,0.0
3.4824920654297102,1.9845004379749298,0.0,157.215,49412.625,2277.125,0.0
3.1828781127929915,2.2031534910202026,1.6016855197482638,194.475,62924.3125,3310.875,746.375
5.532708740234398,2.2736008763313293,142.71906575520833,185.8825,70042.4375,4322.8125,10569.4375
7.9003158569336165,2.238727331161499,159.68246419270835,193.135,68357.0625,4326.0625,5223.4375
6.03656921386721,2.1851105093955994,2.1764990234375,235.5575,68349.0625,2988.5625,0.1875
4.968568420410179,2.0186903178691864,0.0,176.2175,55461.5,2926.75,0.0
4.448854064941429,1.9885926842689514,0.0,158.60750000000002,48245.0,3128.25,0.0
4.210145568847679,2.2306132316589355,1.015057644314236,191.0525,61859.0625,6167.5,311.75
5.168008422851585,2.7185344099998474,125.36111111111111,185.9775,69488.0625,8362.75,5805.25
6.47498474121096,2.9811835885047913,163.7074826388889,169.61,67288.5625,11538.8125,3319.1875
5.03125915527346,3.4923120737075806,2.133240288628472,176.6825,68070.1875,18693.9375,0.25
4.361352539062523,3.6954638361930847,0.0,102.2675,55604.875,18803.125,0.0
4.201150512695335,3.737086534500122,0.0,102.0675,48376.375,16106.875,0.0
4.4007125854492415,3.4679551124572754,0.8547476535373264,132.3775,52195.1875,11806.6875,251.1875
5.7699447631836165,3.0076948404312134,83.54668131510417,172.6525,60832.4375,6229.875,3749.6875
7.124566650390648,2.425423264503479,80.59851996527777,177.54000000000002,58366.5625,2560.75,1905.375
6.74610290527346,1.9398633241653442,0.6824062771267361,206.9725,59096.0,2202.875,0.25
6.4740768432617415,1.855837494134903,0.0,171.20749999999998,48686.75,2264.625,0.0
6.391992187500023,2.047446131706238,0.0,159.25,40870.375,4227.0,0.0
6.3415390014648665,2.278816044330597,0.6409764268663194,144.3775,43121.75,5534.5,232.625
7.165925598144554,3.0254499912261963,90.93467285156251,177.695,52414.5,4130.375,4159.75
7.93036804199221,3.5519768595695496,92.34145562065972,163.205,52474.6875,6550.8125,1895.5
7.193391418457054,3.6284945011138916,1.0333042399088541,199.8075,56235.125,9897.125,0.3125
6.628938293457054,3.5115861892700195,0.0,166.7175,49044.875,8832.8125,0.0
6.1192184448242415,3.448118031024933,0.0,153.925,44762.625,8839.6875,0.0
5.63312683105471,3.3635164499282837,0.6337575954861111,215.64249999999998,60615.6875,7912.4375,105.4375
5.713166809082054,3.5971473455429077,87.63386610243055,264.3225,69682.5625,6036.3125,2150.25
5.967462158203148,3.336981952190399,101.09154513888889,266.8,68878.8125,5530.8125,1374.4375
5.33692321777346,2.848519206047058,0.921112060546875,277.835,67408.125,4979.5625,0.125
4.9532943725586165,2.443331778049469,0.0,193.375,54574.1875,3191.4375,0.0
4.653771972656273,2.1712109446525574,0.0,161.945,47938.625,2104.4375,0.0
4.502229309082054,1.8156180679798126,0.6875132921006945,239.22249999999997,61565.0,1116.9375,118.9375
5.0319992065429915,1.8525273203849792,90.66339626736111,278.02,70193.25,758.5,2015.5625
5.516458129882835,1.7173665463924408,85.96413031684028,279.98749999999995,69028.8125,712.0,846.4375
4.9736801147461165,1.7083905935287476,0.5870309109157986,281.77,67674.375,1380.5,0.1875
4.632806396484398,2.015576124191284,0.0,186.73250000000002,55040.8125,3135.625,0.0
4.452943420410179,2.618830442428589,0.0,168.41,48608.25,8285.0,0.0
4.447244262695335,3.151478409767151,0.3850663587782118,198.9675,62216.4375,12885.3125,97.375
5.112817382812523,4.010824263095856,69.14362087673611,228.235,71036.6875,15494.75,2238.875
6.113442993164085,4.352712273597717,71.81312662760416,191.7025,70894.5,19086.875,1356.6875
5.976525878906273,4.259633541107178,0.5876586235894097,173.60750000000002,70630.875,22985.6875,0.25
5.795289611816429,4.183501243591309,0.0,99.195,57314.0,23776.4375,0.0
5.5825363159179915,4.196039915084839,0.0,94.925,50645.5,24323.875,0.0
5.733789062500023,4.1720592975616455,0.34509735107421874,182.135,64416.8125,24734.4375,268.25
7.1239181518554915,4.740069031715393,76.20431423611112,184.29500000000002,72358.625,26220.5,5643.9375
8.41858825683596,5.193148374557495,84.54697645399305,154.8,70295.5,30646.9375,2858.4375
7.50647888183596,5.250531911849976,0.8264341905381944,134.785,70770.0,35354.3125,0.25
7.19086608886721,5.335139513015747,0.0,81.41,57627.5625,33950.0,0.0
7.372193908691429,5.279438257217407,0.0,68.005,50411.4375,31044.3125,0.0
7.606530761718773,5.209829211235046,0.3055701022677951,123.4225,63468.5625,29934.875,193.6875
8.586816406250023,5.173708915710449,71.478681640625,169.3975,71772.4375,31159.375,3841.6875
9.578851318359398,5.119619011878967,81.40875379774306,163.5675,68600.5,28581.375,2110.3125
8.882180786132835,4.747190475463867,0.6952010091145834,169.45999999999998,67372.5625,27437.625,0.1875
8.576623535156273,4.523926019668579,0.0,104.75,54675.75,23320.875,0.0
8.331422424316429,4.240091681480408,0.0,89.5475,48851.875,19670.4375,0.0
7.98298034667971,4.026686668395996,0.270150146484375,101.72,52338.25,19385.6875,124.5
8.514665222167991,4.125758767127991,73.2456640625,125.2475,60911.9375,21207.4375,3230.6875
8.944879150390648,4.27641499042511,88.77920789930556,112.75999999999999,59964.25,22557.125,1584.75
7.647149658203148,4.301925420761108,0.7977836100260417,141.9725,61232.75,22951.9375,0.1875
6.740472412109398,4.3669116497039795,0.0,81.45750000000001,52006.125,23098.8125,0.0
6.023126220703148,4.359373211860657,0.0,78.2225,46077.4375,19838.875,0.0
5.445252990722679,3.9890461564064026,0.3735774400499132,84.5775,47838.6875,16223.9375,165.3125
5.96112976074221,3.6345776319503784,90.4048828125,169.8375,56814.4375,11384.375,4550.25
6.557641601562523,3.1630022525787354,96.93185167100694,191.51,55861.8125,9939.875,2178.6875
5.0647140502929915,2.977457344532013,0.4943446519639757,224.44,59171.4375,12981.3125,0.25
4.402581787109398,2.9286370277404785,0.0,146.2375,52432.875,13482.0,0.0
3.983735656738304,3.0789265036582947,0.0,148.7775,47840.5625,11710.875,0.0
3.425569152832054,3.358463227748871,0.17046207004123265,249.59750000000003,63544.6875,11188.5625,205.75
4.249902343750023,3.677401900291443,94.66121961805555,275.21500000000003,72321.1875,9047.75,6872.5625
5.3000045776367415,3.7753493189811707,115.07815863715278,268.4475,71068.75,9401.9375,3622.6875
3.4278503417968977,3.664418041706085,0.6204630533854166,277.045,71495.875,14486.5,0.25
2.3824249267578352,3.8922451734542847,0.0,178.05,60686.6875,19392.25,0.0
2.0785919189453352,3.9240320920944214,0.0,150.925,53775.5,20173.75,0.0
2.0667816162109602,3.694697082042694,0.2691388108995226,227.42000000000002,65848.625,16271.5,414.1875
3.978974914550804,3.425737142562866,102.49451714409722,261.195,71571.1875,9369.75,9475.3125
5.9288803100586165,3.2183404564857483,110.52639973958333,288.525,70195.25,8649.8125,4469.375
4.571557617187523,3.0217989087104797,0.658281521267361,317.495,70395.5625,9463.4375,0.25
3.910249328613304,2.966298460960388,0.0,211.0775,57947.8125,9432.625,0.0
3.6506896972656477,2.9617725610733032,0.0,181.435,51206.75,8949.5625,0.0
3.5068756103515852,2.801386296749115,0.2465678575303819,270.25,63951.8125,7681.5,169.4375
4.6263290405273665,3.0495362281799316,93.84591200086805,316.1025,71594.3125,8443.125,5107.5
5.535943603515648,2.9694671630859375,111.04096462673611,330.275,70546.125,8486.375,2693.25
4.03351745605471,2.8826777935028076,0.7018812391493056,333.1275,70603.8125,9380.75,0.25
3.1458068847656477,2.8827221393585205,0.0,214.6125,59085.9375,8926.6875,0.0
2.439973449707054,2.628359079360962,0.0,199.8025,53092.75,7215.875,0.0
2.0380187988281477,2.649061441421509,0.2350363328721788,293.895,66005.6875,8957.25,108.6875
2.8078399658203352,3.0921677947044373,106.48890570746528,296.3225,74283.5,11793.75,2732.8125
3.5514007568359602,3.70924574136734,107.49448242187499,288.51,73918.0625,15697.625,1277.875
2.8178497314453352,3.742462456226349,0.44166229248046873,222.305,73201.5625,18050.5,0.1875
2.4161926269531477,3.4899328351020813,0.0,148.0975,59594.6875,14711.4375,0.0
2.0159393310547102,3.197174072265625,0.0,152.7625,52810.5625,10926.8125,0.0
1.9241577148437727,3.2470986247062683,0.1055545891655816,234.01749999999998,65810.5,11560.8125,92.3125
2.4434600830078352,4.000851988792419,66.8660923936632,251.365,74148.875,16931.875,3119.0
2.9382720947265852,4.637966871261597,74.62427734375,185.70999999999998,71511.5625,21218.6875,1656.6875
2.2909332275390852,4.779029369354248,0.335452880859375,180.7975,70957.375,26354.5,0.1875
1.8382354736328352,4.6060099601745605,0.0,119.25750000000001,58744.375,21719.9375,0.0
1.5669036865234602,4.220353007316589,0.0,155.5825,49981.0,16800.1875,0.0
1.4898620605468977,3.8728678226470947,0.12269301520453557,183.6825,53323.4375,14343.6875,156.5
2.3076721191406477,3.833868682384491,83.72636176215278,221.4625,62271.0625,10375.625,3705.9375
3.0356689453125227,3.470727860927582,90.33969889322917,222.79500000000002,60873.625,7296.625,1742.6875
1.9314819335937727,2.999060869216919,0.5181129625108507,247.5125,62433.5,8198.1875,0.1875
1.3230529785156477,2.6560866832733154,0.0,202.315,52945.1875,7253.125,0.0
0.906068420410179,2.3457751274108887,0.0,183.55,46070.375,6016.75,0.0
0.5632492065429915,2.288569927215576,0.05365494622124565,181.66500000000002,47501.625,5876.5625,145.75
1.2469268798828352,2.4432196617126465,84.94659233940973,205.70749999999998,57540.875,5399.75,3907.5
2.0737396240234602,2.482317805290222,85.19648491753472,204.69,57523.5,6257.5,1705.625
1.2197280883789288,2.4718198776245117,0.342683342827691,236.9625,60231.3125,7402.4375,0.1875
0.7305999755859602,2.356120228767395,0.0,184.78,53662.1875,7930.5625,0.0
0.545045471191429,2.523097813129425,0.0,143.12,49387.0625,7593.0,0.0
0.46589813232424143,3.150052547454834,0.09878136528862848,250.54,65079.5625,9479.3125,72.5625
1.2182403564453352,3.9669984579086304,89.15168565538194,303.3725,74605.0625,9749.5625,3158.9375
1.9401718139648665,4.120067596435547,102.99686577690971,346.02,73819.5625,9209.5625,1513.3125
1.271638488769554,3.736224949359894,0.3587484402126736,374.305,72761.375,10092.5625,0.25
1.1900268554687725,4.464868426322937,0.0,168.04000000000002,61378.125,20570.125,0.0
1.659791564941429,5.899367809295654,0.0,82.58,55385.1875,33944.5625,0.0
2.1270233154297102,7.516460657119751,0.05389518737792968,81.9175,71153.5,44680.0625,35.75
3.159272766113304,8.265820264816284,38.22080023871528,102.99000000000001,80271.8125,45875.4375,1262.0625
4.026155090332054,8.373705625534058,44.926082899305555,119.92750000000001,78688.5625,44536.375,676.625
4.062280273437523,6.896346569061279,0.07613290574815537,215.965,74663.4375,30806.75,0.1875
4.028619384765648,5.2303842306137085,0.0,142.9925,60053.4375,20484.3125,0.125
4.2654891967773665,5.469949722290039,0.0,96.305,53682.6875,29671.375,0.1875
4.886087036132835,6.71875786781311,0.03727210998535155,106.0075,69243.875,41875.0625,89.625
6.02063903808596,7.685259819030762,41.37781724717882,88.1925,78610.9375,46040.0,3310.1875
7.083009338378929,7.923336625099182,54.736162109375,86.0625,77616.125,46203.1875,1261.875
6.53540954589846,8.09833574295044,0.18431850857204862,83.87,75433.25,44967.25,0.125
5.314859008789085,7.740815281867981,0.0,63.02,61013.375,40020.25,0.0
3.8492980957031477,6.913794040679932,0.0,51.4275,54746.8125,32861.75,0.0
2.7864852905273665,5.75286602973938,0.0503884548611111,173.60750000000002,69290.5625,24030.875,191.3125
2.614930725097679,5.077129483222961,87.68523410373264,225.5525,78064.625,17607.9375,5284.1875
2.5288787841797102,4.403063476085663,104.14406575520835,281.1825,76382.625,13118.875,2353.8125
1.0709320068359602,3.747666656970978,0.3685052829318576,299.4525,75357.0625,14707.5,0.1875
0.25851593017580393,3.9158031344413757,0.0,168.26,62261.375,18146.25,0.0
-0.1628479003906022,4.341096878051758,0.0,117.3725,56340.1875,23298.4375,0.0
-0.2636932373046647,4.6580363512039185,0.0533100848727756,199.79250000000002,69695.4375,28114.9375,180.9375
0.827088928222679,5.766611456871033,100.70361002604167,174.3525,77387.0,32850.6875,5814.125
1.8173385620117415,6.372262716293335,103.16193196614583,145.6825,75461.1875,37649.3125,2618.3125
1.340821838378929,6.119244575500488,0.29937808566623264,138.45,75825.125,40517.4375,0.25
1.4107452392578352,5.575841903686523,0.0,116.96000000000001,61843.25,29353.875,0.0
1.6292968750000227,4.681428551673889,0.0,166.6875,52379.0,15350.6875,0.0
1.8262496948242415,3.899403929710388,0.02144725375705295,199.795,54452.625,8239.1875,41.0625
2.5738922119140852,3.62725967168808,44.90866943359375,236.8725,63106.6875,6159.0,1920.0
3.4933029174804915,3.6107794046401978,53.677393663194444,218.1825,61905.0625,8764.6875,950.4375
3.3309265136718977,4.082066535949707,0.10921631707085502,217.66500000000002,63267.0625,15793.1875,0.125
2.7654357910156477,4.300909042358398,0.0,128.985,54121.0,17491.75,0.0
2.3399520874023665,4.402621030807495,0.0,83.615,47502.6875,18337.375,0.0
1.9216400146484602,4.120870649814606,0.02169136895073785,89.4225,49189.0,15046.1875,87.5625
2.3675323486328352,3.891920030117035,66.80026828342014,166.0125,58536.375,11754.125,4584.9375
2.9771286010742415,3.2387508749961853,79.23062391493056,209.35750000000002,58380.5,9632.875,2039.1875
1.7933517456054915,3.1316675543785095,0.30677127414279515,236.6325,61391.25,11236.375,0.25
1.1250930786133038,3.011266767978668,0.0,188.74,54507.75,10133.0,0.0
0.6914764404297102,2.8699321150779724,0.0,178.7575,50585.625,8465.1875,0.0
0.5061508178711165,2.686386227607727,0.02615518781873915,291.245,65515.625,8232.8125,57.5
1.0240264892578352,3.021924078464508,78.04745198567709,352.09749999999997,73570.0,7998.9375,3578.25
1.7206359863281477,3.266458749771118,85.84983778211806,315.2575,73372.5625,10333.0,2010.5625
0.7921691894531477,3.6431607604026794,0.25218249850802954,266.465,73670.3125,18060.0,0.1875
0.41815338134767893,4.2240071296691895,0.0,172.0125,61381.4375,21663.9375,0.0
0.3324218750000227,4.549340486526489,0.0,120.1175,54494.8125,22752.625,0.0
0.527803039550804,4.260252952575684,0.0213697560628255,233.6675,67792.25,19357.3125,78.0
1.385835266113304,4.263315916061401,79.84125217013889,289.06,75927.1875,14019.3125,4082.375
2.3733764648437727,4.057936906814575,96.02342827690973,288.7325,74398.625,12755.25,2562.625
1.2236801147461165,4.215942084789276,0.29203915066189234,234.8425,75256.9375,24322.5625,0.25
0.811769104003929,5.355921149253845,0.0,119.195,62702.8125,32991.4375,0.0
0.8035140991211165,6.1085978746414185,0.0,73.4075,55579.0625,34218.875,0.0
1.0113464355468977,5.6000306606292725,0.016747069888644724,152.93,69403.6875,32017.625,54.625
1.607148742675804,4.869552850723267,55.188940429687506,211.13,77753.3125,24357.0625,2154.75
2.1393066406250227,4.135846495628357,67.73026421440971,242.2025,76012.0625,18332.8125,1134.0625
1.2993560791015852,3.5832952857017517,0.18638768513997395,255.29500000000002,75066.75,15910.625,0.25
0.7106262207031477,3.2138442397117615,0.0,195.45,59780.0,11835.5,0.0
0.39967498779299143,3.003924310207367,0.0,185.32,53109.9375,9833.5625,0.0
0.2337280273437727,2.871245265007019,0.006498111089070625,272.75,66636.6875,9053.9375,46.125
0.6613784790039289,3.3987050652503967,58.082467719184024,340.2075,74522.25,7627.75,1883.25
1.4167266845703352,3.4446566700935364,67.73455729166666,342.22749999999996,73868.125,7910.625,822.9375
1.256013488769554,3.325582444667816,0.19727598402235244,319.39750000000004,73057.0625,10257.8125,0.1875
1.1503845214843977,3.411212384700775,0.0,209.4725,59731.5,11984.0625,0.0
0.7002960205078352,3.1984808444976807,0.0,157.45,53224.875,10532.625,0.0
0.1639190673828352,3.1656883358955383,0.01501501507229275,255.08249999999998,66336.125,11833.4375,71.625
0.6933456420898664,3.4559908509254456,77.71677191840277,272.7175,73756.8125,9635.625,3396.1875
1.587159729003929,3.151584804058075,89.18103678385417,254.32999999999998,71525.5625,4787.5,1544.1875
0.5895248413086165,2.7866222858428955,0.14446187337239583,279.34250000000003,70353.875,4558.9375,0.1875
0.14209136962892896,2.4990431666374207,0.0,225.54500000000002,57271.8125,2609.3125,0.0
-0.08199157714841471,2.480794072151184,0.0,207.44,49616.25,2627.125,0.0
-0.14857330322263346,2.532270610332489,0.007823307249281125,235.96,52880.0,3894.875,48.5
0.7212692260742415,3.0622791051864624,74.32229709201388,293.165,62519.125,7240.1875,2870.5
1.9255920410156477,3.4085159301757812,87.84510362413195,251.35,62211.0625,9530.5625,1403.6875
1.3332458496093977,3.111365795135498,0.20208853827582465,255.0675,63592.75,11151.25,0.1875
1.0170989990234602,3.332981288433075,0.0,159.885,53929.25,14685.25,0.0
0.9995742797851789,3.6331393122673035,0.0,112.8925,47094.3125,19236.375,0.0
1.2546401977539288,4.166351318359375,0.004928799735175225,108.96000000000001,48918.5625,23704.4375,71.25
2.3581710815429915,4.449838399887085,48.032521430121534,180.3,60102.1875,24038.5,2707.25
3.717897033691429,4.2148571610450745,47.174166395399304,221.20250000000001,59390.0625,18674.5,1135.0625
4.0317245483398665,3.631633162498474,0.0889276377360026,276.6825,61047.375,14939.25,0.1875
4.4557052612304915,3.3654197454452515,0.0,210.57999999999998,53504.3125,12672.6875,0.0
4.860513305664085,3.020862400531769,0.0,145.845,48224.375,12498.5,0.0
5.068093872070335,2.9000890851020813,0.001743679179085625,266.23,63836.625,12771.9375,37.5
5.7774520874023665,2.869186043739319,31.730667656792534,326.4025,72206.8125,12224.9375,2409.75
6.657472229003929,2.7683322429656982,48.0415345594618,323.9225,71763.625,11123.5625,1253.625
6.072290039062523,2.749432384967804,0.2267867872450087,314.2875,71046.0,12287.125,0.1875
5.708283996582054,2.947734534740448,0.0,211.70499999999998,58617.8125,14857.5,0.0
5.328820800781273,3.203587293624878,0.0,152.5875,52148.9375,15511.8125,0.0
4.951531982421898,3.3164780139923096,0.003200620015462225,271.195,66355.1875,13361.5625,48.3125
5.250245666503929,3.010169804096222,51.34421685112848,367.1075,73713.3125,7471.1875,2273.6875
5.828515625000023,2.6168940663337708,62.82978135850695,374.2375,71729.8125,5011.75,1120.4375
5.438195800781273,2.5932457447052,0.211806640625,372.8275,70517.625,7866.3125,0.125
5.422296142578148,2.876401364803314,0.0,248.14,58285.0625,12736.25,0.0
5.518518066406273,3.054853081703186,0.0,201.3725,51504.25,15400.625,0.0
5.652627563476585,3.2550933361053467,0.0022474087609185,294.12,65807.25,17755.6875,30.625
6.258241271972679,3.5465848445892334,40.7939244249132,330.5925,74137.6875,17869.5625,2112.8125
7.0190597534179915,3.5586929321289062,56.98619954427083,343.9275,73060.3125,16931.5,1061.3125
6.466531372070335,3.3912142515182495,0.1905957539876302,351.2675,71922.75,16686.4375,0.125
6.0269943237304915,3.3218347430229187,0.0,252.67,58810.0,15909.1875,0.0
5.772645568847679,3.210175633430481,0.0,230.4,50918.4375,12606.4375,0.0
5.6062179565429915,2.9017067551612854,0.00219316085179645,348.775,64826.3125,9065.625,33.6875
6.05951843261721,2.8154162168502808,50.63844278971354,407.4925,72656.0625,6077.1875,2686.5
6.80457458496096,2.957643687725067,69.57548665364584,400.45500000000004,71483.4375,6610.5,1658.0
5.7527328491211165,2.7635974287986755,0.247408701578776,403.145,71249.0,8457.6875,0.125
5.128518676757835,2.814113199710846,0.0,287.5675,58803.0,9363.9375,0.0
4.74060974121096,2.919924557209015,0.0,250.95499999999998,51273.9375,8785.125,0.0
4.466790771484398,2.865716338157654,0.0022357842657301,342.205,63723.3125,7085.25,57.25
4.879617309570335,3.054716110229492,60.51854614257812,392.865,70686.5625,6092.4375,3740.0
5.6615463256836165,2.9802770614624023,82.01143446180556,371.90999999999997,68453.375,5962.8125,1849.8125
4.871377563476585,2.844582200050354,0.309305419921875,380.95000000000005,67840.75,7085.625,0.1875
4.271524047851585,2.6616299152374268,0.0,295.16999999999996,55329.375,5684.6875,0.0
3.8471466064453352,2.4712233543395996,0.0,265.435,48553.25,6054.5,0.0
3.6062179565429915,2.672372817993164,0.00179017729229395,282.1825,52502.375,8387.0,32.1875
4.1759811401367415,3.229793906211853,52.22058824327257,314.6625,63026.0,12374.375,2089.9375
4.99683532714846,3.5700262784957886,71.77431803385416,289.9175,62145.4375,15529.4375,1196.9375
4.4221054077148665,3.785854399204254,0.3009357706705729,250.3575,63103.625,19769.3125,0.1875
4.2587753295898665,4.168390274047852,0.0,97.745,53050.3125,24111.0,0.0
4.1512619018554915,4.738643646240234,0.0,58.6425,46826.6875,27581.6875,0.0
3.9896484375000227,4.918686270713806,0.001662307447857325,45.9025,48450.375,27431.5625,38.6875
4.368188476562523,5.230057120323181,54.91620198567708,95.1175,58882.9375,28944.25,2200.4375
4.863854980468773,5.279670715332031,73.83017198350694,101.8125,58412.1875,28177.1875,1320.5
4.01184997558596,4.675437569618225,0.2877458021375868,202.195,60995.4375,22646.25,0.1875
3.010621643066429,3.9575266242027283,0.0,233.4325,53528.4375,15672.6875,0.0
1.971772766113304,3.5839009284973145,0.0,145.8425,48221.75,12817.6875,0.0
1.013032531738304,3.1936460733413696,0.00109270559416875,319.19,62450.875,10117.25,124.3125
1.5350433349609602,2.9616310000419617,91.27865234375,370.4375,69477.25,5343.25,9109.4375
2.907563781738304,2.686812460422516,119.05006727430555,410.515,67198.0,2983.5,5099.5
0.39415893554689774,2.3483450412750244,0.3692105102539063,448.1975,68406.6875,4036.625,0.1875
-1.0460342407226335,1.9919759631156921,0.0,325.2025,56564.3125,3248.8125,0.0
-2.1228240966796648,1.8317641019821167,0.0,294.1375,50390.5,2635.8125,0.0
-2.9741271972656023,1.785850614309311,0.001418192386627175,425.875,62155.0,2313.625,99.3125
-1.6804565429687273,1.7293243408203125,92.33674994574653,488.5575,68664.25,1788.6875,8139.375
0.3323532104492415,1.7043006718158722,118.84496419270833,495.3125,66632.9375,1555.6875,4554.0
-1.5395263671874773,1.9610913693904877,0.4417088148328993,552.6725,67497.25,3143.1875,0.25
-2.7147430419921648,1.9985466301441193,0.0,353.9825,56670.1875,4093.1875,0.0625
-3.4243072509765398,2.202574670314789,0.0,330.8425,51366.125,5413.5,0.0
-4.0771316528320085,2.5394328832626343,0.00112370438045925,449.6675,62390.8125,6768.625,122.125
-2.8218749999999773,3.0076438784599304,92.34470024956596,454.345,69207.5625,6623.6875,8864.6875
-0.894071960449196,2.7916141152381897,126.17739800347222,469.15,66712.8125,4355.0,4788.125
-2.6038116455077898,2.997724711894989,0.4815499538845486,465.65999999999997,67925.0625,8397.25,0.3125
-3.4518646240234148,3.049766719341278,0.0,319.1825,57362.3125,10318.4375,0.0
-3.557096862792946,3.1703503131866455,0.0,269.5175,50022.5625,9770.875,0.0
-3.0588821411132585,3.443924307823181,0.00093771192762585,395.78499999999997,59257.0,12687.75,66.6875
-1.4784606933593523,3.789273738861084,57.41976521809896,377.935,67407.375,15109.5625,3312.125
0.7272125244140852,4.140078067779541,58.097378743489585,314.095,65907.3125,18267.9375,1403.625
1.5507369995117413,4.661639213562012,0.2325099351671007,271.935,65726.5,24411.0,0.1875
2.9515014648437727,5.004541754722595,0.0,124.42750000000001,53915.4375,27333.3125,0.0
4.1676803588867415,4.8607858419418335,0.0,100.17750000000001,44791.875,24789.0,0.125
4.841828918457054,4.786963224411011,0.00064709868696,141.1525,48539.3125,23336.375,15.125
5.3806015014648665,5.054514169692993,26.984062160915798,220.94,58675.9375,23583.9375,1263.9375
4.98627624511721,5.264591217041016,39.775294053819444,234.79250000000002,57798.25,23937.75,718.75
3.2116790771484602,4.63228964805603,0.15438147650824652,255.1225,55298.625,18276.6875,0.25
1.6171127319336165,3.8082622289657593,0.0,242.61499999999998,46856.5,11309.3125,0.0
0.281221008300804,3.2081421613693237,0.0,159.61,40797.3125,8659.5625,0.0
-0.8013290405273211,3.349665105342865,0.0004301075140635,142.5675,42900.25,9381.8125,42.625
-0.5466369628906023,3.340522527694702,65.9279045952691,220.465,53284.6875,8847.0625,3331.3125
0.1475616455078352,3.1025665402412415,91.04889702690971,225.625,50977.9375,6761.625,1839.75
-1.9027236938476335,2.9207261204719543,0.2268449062771267,238.1125,53664.3125,8256.4375,0.3125
-3.197019958496071,3.034406065940857,0.0,202.905,48642.5625,9101.5625,0.0
-3.8786071777343523,2.9263686537742615,0.0,142.6525,43192.75,9796.5625,0.0
-4.162069702148415,2.9317643642425537,0.0003681100408236,149.8425,44071.8125,11918.1875,52.5
-2.7829193115234148,3.0224191546440125,68.53165690104166,196.875,53106.875,12018.5625,3947.1875
-0.7630828857421648,3.1411879658699036,87.55972493489584,194.01749999999998,51677.125,13419.8125,1997.25
-1.5347808837890398,3.541373133659363,0.20056572808159723,206.6425,55411.3125,20743.375,0.25
-1.6524795532226337,3.8521833419799805,0.0,124.065,50303.1875,20142.625,0.0
-1.3413223266601337,4.014120399951935,0.0,80.64750000000001,44565.5625,18174.75,0.0
-0.8496841430663835,4.009352922439575,0.00032161192761525,126.55250000000001,52389.625,16963.8125,43.5625
0.383424377441429,4.045141220092773,61.698790283203124,202.9025,61918.4375,14891.8125,3832.625
1.9472595214843977,4.01143479347229,87.21696017795138,188.7725,61749.4375,14191.4375,1745.9375
1.804902648925804,4.293725252151489,0.2912680392795139,192.37,63208.3125,18950.25,0.25
2.026185607910179,4.504575848579407,0.0,96.375,52608.3125,22030.25,0.0
2.2123580932617415,4.510378360748291,0.0,45.2475,45613.5625,21541.5625,0.0625
2.4025741577148665,4.577340245246887,0.00041460815403195,87.095,52790.375,21230.4375,25.25
3.3902526855468977,4.892845153808594,47.99208021375868,136.7175,61716.625,24317.125,2442.4375
4.82166442871096,5.297735333442688,51.730283745659726,102.44,62300.75,26147.25,1202.375
4.560243225097679,5.254948973655701,0.2771132405598958,144.51,62545.375,23140.5625,0.1875
4.605706787109398,4.582808613777161,0.0,118.76,50563.0,17175.1875,0.1875
4.6451889038086165,4.023218154907227,0.0,93.1175,43487.5,15099.25,0.125
4.843713378906273,3.6094695329666138,0.00027123898267745,161.4025,49308.9375,13219.4375,26.875
5.347558593750023,3.207043170928955,25.20754835340712,204.41,57537.9375,9617.25,2386.6875
6.030305480957054,3.2478665709495544,40.620091688368056,201.8275,57387.625,9359.125,1298.0625
5.8679367065429915,3.618106245994568,0.1357744852701823,170.265,58774.8125,17459.625,0.0625
6.65253601074221,4.370525598526001,0.0,92.85249999999999,49299.5625,25070.5,0.0
7.586770629882835,4.79996657371521,0.0,31.974999999999998,42885.4375,27088.6875,0.0
8.500421142578148,4.967262148857117,0.00011237043473455,75.935,50271.4375,30329.3125,22.375
9.708901977539085,5.347606062889099,26.904214545355902,96.11,59565.0625,34941.875,2146.25
11.027604675292991,5.750188231468201,32.29249565972222,81.9525,59528.25,37817.6875,1331.375
11.111001586914085,5.665449261665344,0.28014336480034724,84.8525,61285.5625,38371.625,0.125
10.98487243652346,5.556153774261475,0.0,51.904999999999994,50495.0,35307.625,0.0
10.729302978515648,5.602578639984131,0.0,-0.005000000000000001,42718.8125,30823.625,0.0
10.330041503906273,5.734277248382568,0.000360360344250975,0.025,46783.8125,31993.8125,79.125
10.73426208496096,5.907437443733215,68.00681613498264,5.475,55306.1875,32152.125,7197.375
11.681390380859398,5.898641109466553,94.66466471354167,29.557499999999997,54581.8125,35587.875,3657.3125
10.233743286132835,5.626599431037903,0.7019432237413195,33.4125,56151.4375,38728.125,0.1875
9.745149230957054,5.26462709903717,0.0,15.3875,46436.375,32689.4375,0.5
