timestamp,value
2019-01-01 00:00:00+00:00,0.0
2019-01-01 01:00:00+00:00,0.0
2019-01-01 02:00:00+00:00,0.0
2019-01-01 03:00:00+00:00,0.0
2019-01-01 04:00:00+00:00,0.0
2019-01-01 05:00:00+00:00,0.0
2019-01-01 06:00:00+00:00,0.0
2019-01-01 07:00:00+00:00,84.0
2019-01-01 08:00:00+00:00,578.0
2019-01-01 09:00:00+00:00,1335.25
2019-01-01 10:00:00+00:00,1992.0
2019-01-01 11:00:00+00:00,2175.25
2019-01-01 12:00:00+00:00,1925.75
2019-01-01 13:00:00+00:00,1206.75
2019-01-01 14:00:00+00:00,397.5
2019-01-01 15:00:00+00:00,18.5
2019-01-01 16:00:00+00:00,0.0
2019-01-01 17:00:00+00:00,0.0
2019-01-01 18:00:00+00:00,0.0
2019-01-01 19:00:00+00:00,0.0
2019-01-01 20:00:00+00:00,0.0
2019-01-01 21:00:00+00:00,0.0
2019-01-01 22:00:00+00:00,0.0
2019-01-01 23:00:00+00:00,0.0
2019-01-02 00:00:00+00:00,0.0
2019-01-02 01:00:00+00:00,0.0
2019-01-02 02:00:00+00:00,0.0
2019-01-02 03:00:00+00:00,0.0
2019-01-02 04:00:00+00:00,0.0
2019-01-02 05:00:00+00:00,0.0
2019-01-02 06:00:00+00:00,0.0
2019-01-02 07:00:00+00:00,108.0
2019-01-02 08:00:00+00:00,1424.0
2019-01-02 09:00:00+00:00,4017.0
2019-01-02 10:00:00+00:00,6124.5
2019-01-02 11:00:00+00:00,6722.5
2019-01-02 12:00:00+00:00,6030.25
2019-01-02 13:00:00+00:00,4096.75
2019-01-02 14:00:00+00:00,1410.75
2019-01-02 15:00:00+00:00,74.0
2019-01-02 16:00:00+00:00,0.0
2019-01-02 17:00:00+00:00,0.0
2019-01-02 18:00:00+00:00,0.0
2019-01-02 19:00:00+00:00,0.0
2019-01-02 20:00:00+00:00,0.0
2019-01-02 21:00:00+00:00,0.0
2019-01-02 22:00:00+00:00,0.0
2019-01-02 23:00:00+00:00,0.0
2019-01-03 00:00:00+00:00,0.0
2019-01-03 01:00:00+00:00,0.0
2019-01-03 02:00:00+00:00,0.0
2019-01-03 03:00:00+00:00,0.0
2019-01-03 04:00:00+00:00,0.0
2019-01-03 05:00:00+00:00,0.0
2019-01-03 06:00:00+00:00,0.0
2019-01-03 07:00:00+00:00,179.0
2019-01-03 08:00:00+00:00,1571.75
2019-01-03 09:00:00+00:00,3426.75
2019-01-03 10:00:00+00:00,4661.25
2019-01-03 11:00:00+00:00,4697.0
2019-01-03 12:00:00+00:00,4051.0
2019-01-03 13:00:00+00:00,2596.0
2019-01-03 14:00:00+00:00,782.25
2019-01-03 15:00:00+00:00,37.5
2019-01-03 16:00:00+00:00,0.0
2019-01-03 17:00:00+00:00,0.0
2019-01-03 18:00:00+00:00,0.0
2019-01-03 19:00:00+00:00,0.0
2019-01-03 20:00:00+00:00,0.0
2019-01-03 21:00:00+00:00,0.0
2019-01-03 22:00:00+00:00,0.0
2019-01-03 23:00:00+00:00,0.0
2019-01-04 00:00:00+00:00,0.0
2019-01-04 01:00:00+00:00,0.0
2019-01-04 02:00:00+00:00,0.0
2019-01-04 03:00:00+00:00,0.0
2019-01-04 04:00:00+00:00,0.0
2019-01-04 05:00:00+00:00,0.0
2019-01-04 06:00:00+00:00,0.0
2019-01-04 07:00:00+00:00,88.75
2019-01-04 08:00:00+00:00,658.75
2019-01-04 09:00:00+00:00,1473.5
2019-01-04 10:00:00+00:00,2106.25
2019-01-04 11:00:00+00:00,2097.25
2019-01-04 12:00:00+00:00,1650.75
2019-01-04 13:00:00+00:00,954.25
2019-01-04 14:00:00+00:00,304.5
2019-01-04 15:00:00+00:00,19.75
2019-01-04 16:00:00+00:00,0.0
2019-01-04 17:00:00+00:00,0.0
2019-01-04 18:00:00+00:00,0.0
2019-01-04 19:00:00+00:00,0.0
2019-01-04 20:00:00+00:00,0.0
2019-01-04 21:00:00+00:00,0.0
2019-01-04 22:00:00+00:00,0.0
2019-01-04 23:00:00+00:00,0.0
2019-01-05 00:00:00+00:00,0.0
2019-01-05 01:00:00+00:00,0.0
2019-01-05 02:00:00+00:00,0.0
2019-01-05 03:00:00+00:00,0.0
2019-01-05 04:00:00+00:00,0.0
2019-01-05 05:00:00+00:00,0.0
2019-01-05 06:00:00+00:00,0.0
2019-01-05 07:00:00+00:00,66.25
2019-01-05 08:00:00+00:00,360.25
2019-01-05 09:00:00+00:00,853.0
2019-01-05 10:00:00+00:00,1402.5
2019-01-05 11:00:00+00:00,1610.5
2019-01-05 12:00:00+00:00,1302.25
2019-01-05 13:00:00+00:00,752.0
2019-01-05 14:00:00+00:00,224.0
2019-01-05 15:00:00+00:00,10.75
2019-01-05 16:00:00+00:00,0.0
2019-01-05 17:00:00+00:00,0.0
2019-01-05 18:00:00+00:00,0.0
2019-01-05 19:00:00+00:00,0.0
2019-01-05 20:00:00+00:00,0.0
2019-01-05 21:00:00+00:00,0.0
2019-01-05 22:00:00+00:00,0.0
2019-01-05 23:00:00+00:00,0.0
2019-01-06 00:00:00+00:00,0.0
2019-01-06 01:00:00+00:00,0.0
2019-01-06 02:00:00+00:00,0.0
2019-01-06 03:00:00+00:00,0.0
2019-01-06 04:00:00+00:00,0.0
2019-01-06 05:00:00+00:00,0.0
2019-01-06 06:00:00+00:00,0.0
2019-01-06 07:00:00+00:00,79.0
2019-01-06 08:00:00+00:00,708.75
2019-01-06 09:00:00+00:00,1691.5
2019-01-06 10:00:00+00:00,2419.75
2019-01-06 11:00:00+00:00,2610.0
2019-01-06 12:00:00+00:00,2210.25
2019-01-06 13:00:00+00:00,1361.5
2019-01-06 14:00:00+00:00,425.25
2019-01-06 15:00:00+00:00,23.5
2019-01-06 16:00:00+00:00,0.0
2019-01-06 17:00:00+00:00,0.0
2019-01-06 18:00:00+00:00,0.0
2019-01-06 19:00:00+00:00,0.0
2019-01-06 20:00:00+00:00,0.0
2019-01-06 21:00:00+00:00,0.0
2019-01-06 22:00:00+00:00,0.0
2019-01-06 23:00:00+00:00,0.0
2019-01-07 00:00:00+00:00,0.0
2019-01-07 01:00:00+00:00,0.0
2019-01-07 02:00:00+00:00,0.0
2019-01-07 03:00:00+00:00,0.0
2019-01-07 04:00:00+00:00,0.0
2019-01-07 05:00:00+00:00,0.0
2019-01-07 06:00:00+00:00,0.0
2019-01-07 07:00:00+00:00,69.75
2019-01-07 08:00:00+00:00,611.75
2019-01-07 09:00:00+00:00,1450.5
2019-01-07 10:00:00+00:00,2101.25
2019-01-07 11:00:00+00:00,2240.25
2019-01-07 12:00:00+00:00,1961.0
2019-01-07 13:00:00+00:00,1225.5
2019-01-07 14:00:00+00:00,417.75
2019-01-07 15:00:00+00:00,31.75
2019-01-07 16:00:00+00:00,0.0
2019-01-07 17:00:00+00:00,0.0
2019-01-07 18:00:00+00:00,0.0
2019-01-07 19:00:00+00:00,0.0
2019-01-07 20:00:00+00:00,0.0
2019-01-07 21:00:00+00:00,0.0
2019-01-07 22:00:00+00:00,0.0
2019-01-07 23:00:00+00:00,0.0
2019-01-08 00:00:00+00:00,0.0
2019-01-08 01:00:00+00:00,0.0
2019-01-08 02:00:00+00:00,0.0
2019-01-08 03:00:00+00:00,0.0
2019-01-08 04:00:00+00:00,0.0
2019-01-08 05:00:00+00:00,0.0
2019-01-08 06:00:00+00:00,0.0
2019-01-08 07:00:00+00:00,87.0
2019-01-08 08:00:00+00:00,727.5
2019-01-08 09:00:00+00:00,1759.75
2019-01-08 10:00:00+00:00,2552.5
2019-01-08 11:00:00+00:00,2933.5
2019-01-08 12:00:00+00:00,2592.75
2019-01-08 13:00:00+00:00,1667.75
2019-01-08 14:00:00+00:00,593.5
2019-01-08 15:00:00+00:00,46.0
2019-01-08 16:00:00+00:00,0.0
2019-01-08 17:00:00+00:00,0.0
2019-01-08 18:00:00+00:00,0.0
2019-01-08 19:00:00+00:00,0.0
2019-01-08 20:00:00+00:00,0.0
2019-01-08 21:00:00+00:00,0.0
2019-01-08 22:00:00+00:00,0.0
2019-01-08 23:00:00+00:00,0.0
2019-01-09 00:00:00+00:00,0.0
2019-01-09 01:00:00+00:00,0.0
2019-01-09 02:00:00+00:00,0.0
2019-01-09 03:00:00+00:00,0.0
2019-01-09 04:00:00+00:00,0.0
2019-01-09 05:00:00+00:00,0.0
2019-01-09 06:00:00+00:00,0.0
2019-01-09 07:00:00+00:00,75.0
2019-01-09 08:00:00+00:00,744.25
2019-01-09 09:00:00+00:00,1913.0
2019-01-09 10:00:00+00:00,2726.25
2019-01-09 11:00:00+00:00,2739.0
2019-01-09 12:00:00+00:00,2276.25
2019-01-09 13:00:00+00:00,1466.75
2019-01-09 14:00:00+00:00,560.0
2019-01-09 15:00:00+00:00,44.75
2019-01-09 16:00:00+00:00,0.0
2019-01-09 17:00:00+00:00,0.0
2019-01-09 18:00:00+00:00,0.0
2019-01-09 19:00:00+00:00,0.0
2019-01-09 20:00:00+00:00,0.0
2019-01-09 21:00:00+00:00,0.0
2019-01-09 22:00:00+00:00,0.0
2019-01-09 23:00:00+00:00,0.0
2019-01-10 00:00:00+00:00,0.0
2019-01-10 01:00:00+00:00,0.0
2019-01-10 02:00:00+00:00,0.0
2019-01-10 03:00:00+00:00,0.0
2019-01-10 04:00:00+00:00,0.0
2019-01-10 05:00:00+00:00,0.0
2019-01-10 06:00:00+00:00,0.0
2019-01-10 07:00:00+00:00,88.0
2019-01-10 08:00:00+00:00,687.75
2019-01-10 09:00:00+00:00,1559.5
2019-01-10 10:00:00+00:00,2173.25
2019-01-10 11:00:00+00:00,2384.0
2019-01-10 12:00:00+00:00,2042.5
2019-01-10 13:00:00+00:00,1283.25
2019-01-10 14:00:00+00:00,431.75
2019-01-10 15:00:00+00:00,32.75
2019-01-10 16:00:00+00:00,0.0
2019-01-10 17:00:00+00:00,0.0
2019-01-10 18:00:00+00:00,0.0
2019-01-10 19:00:00+00:00,0.0
2019-01-10 20:00:00+00:00,0.0
2019-01-10 21:00:00+00:00,0.0
2019-01-10 22:00:00+00:00,0.0
2019-01-10 23:00:00+00:00,0.0
2019-01-11 00:00:00+00:00,0.0
2019-01-11 01:00:00+00:00,0.0
2019-01-11 02:00:00+00:00,0.0
2019-01-11 03:00:00+00:00,0.0
2019-01-11 04:00:00+00:00,0.0
2019-01-11 05:00:00+00:00,0.0
2019-01-11 06:00:00+00:00,0.0
2019-01-11 07:00:00+00:00,77.25
2019-01-11 08:00:00+00:00,348.25
2019-01-11 09:00:00+00:00,732.0
2019-01-11 10:00:00+00:00,994.0
2019-01-11 11:00:00+00:00,1120.75
2019-01-11 12:00:00+00:00,989.75
2019-01-11 13:00:00+00:00,635.0
2019-01-11 14:00:00+00:00,235.5
2019-01-11 15:00:00+00:00,21.0
2019-01-11 16:00:00+00:00,0.0
2019-01-11 17:00:00+00:00,0.0
2019-01-11 18:00:00+00:00,0.0
2019-01-11 19:00:00+00:00,0.0
2019-01-11 20:00:00+00:00,0.0
2019-01-11 21:00:00+00:00,0.0
2019-01-11 22:00:00+00:00,0.0
2019-01-11 23:00:00+00:00,0.0
2019-01-12 00:00:00+00:00,0.0
2019-01-12 01:00:00+00:00,0.0
2019-01-12 02:00:00+00:00,0.0
2019-01-12 03:00:00+00:00,0.0
2019-01-12 04:00:00+00:00,0.0
2019-01-12 05:00:00+00:00,0.0
2019-01-12 06:00:00+00:00,0.0
2019-01-12 07:00:00+00:00,60.0
2019-01-12 08:00:00+00:00,483.0
2019-01-12 09:00:00+00:00,1088.5
2019-01-12 10:00:00+00:00,1363.5
2019-01-12 11:00:00+00:00,1472.5
2019-01-12 12:00:00+00:00,1247.75
2019-01-12 13:00:00+00:00,759.25
2019-01-12 14:00:00+00:00,249.5
2019-01-12 15:00:00+00:00,18.75
2019-01-12 16:00:00+00:00,0.0
2019-01-12 17:00:00+00:00,0.0
2019-01-12 18:00:00+00:00,0.0
2019-01-12 19:00:00+00:00,0.0
2019-01-12 20:00:00+00:00,0.0
2019-01-12 21:00:00+00:00,0.0
2019-01-12 22:00:00+00:00,0.0
2019-01-12 23:00:00+00:00,0.0
2019-01-13 00:00:00+00:00,0.0
2019-01-13 01:00:00+00:00,0.0
2019-01-13 02:00:00+00:00,0.0
2019-01-13 03:00:00+00:00,0.0
2019-01-13 04:00:00+00:00,0.0
2019-01-13 05:00:00+00:00,0.0
2019-01-13 06:00:00+00:00,0.0
2019-01-13 07:00:00+00:00,83.5
2019-01-13 08:00:00+00:00,384.25
2019-01-13 09:00:00+00:00,838.0
2019-01-13 10:00:00+00:00,1183.25
2019-01-13 11:00:00+00:00,1313.0
2019-01-13 12:00:00+00:00,1121.5
2019-01-13 13:00:00+00:00,683.25
2019-01-13 14:00:00+00:00,262.5
2019-01-13 15:00:00+00:00,20.5
2019-01-13 16:00:00+00:00,0.0
2019-01-13 17:00:00+00:00,0.0
2019-01-13 18:00:00+00:00,0.0
2019-01-13 19:00:00+00:00,0.0
2019-01-13 20:00:00+00:00,0.0
2019-01-13 21:00:00+00:00,0.0
2019-01-13 22:00:00+00:00,0.0
2019-01-13 23:00:00+00:00,0.0
2019-01-14 00:00:00+00:00,0.0
2019-01-14 01:00:00+00:00,0.0
2019-01-14 02:00:00+00:00,0.0
2019-01-14 03:00:00+00:00,0.0
2019-01-14 04:00:00+00:00,0.0
2019-01-14 05:00:00+00:00,0.0
2019-01-14 06:00:00+00:00,0.25
2019-01-14 07:00:00+00:00,232.0
2019-01-14 08:00:00+00:00,1562.5
2019-01-14 09:00:00+00:00,3406.0
2019-01-14 10:00:00+00:00,4761.5
2019-01-14 11:00:00+00:00,5113.75
2019-01-14 12:00:00+00:00,4423.5
2019-01-14 13:00:00+00:00,3290.75
2019-01-14 14:00:00+00:00,1516.25
2019-01-14 15:00:00+00:00,157.75
2019-01-14 16:00:00+00:00,0.0
2019-01-14 17:00:00+00:00,0.0
2019-01-14 18:00:00+00:00,0.0
2019-01-14 19:00:00+00:00,0.0
2019-01-14 20:00:00+00:00,0.0
2019-01-14 21:00:00+00:00,0.0
2019-01-14 22:00:00+00:00,0.0
2019-01-14 23:00:00+00:00,0.0
2019-01-15 00:00:00+00:00,0.0
2019-01-15 01:00:00+00:00,0.0
2019-01-15 02:00:00+00:00,0.0
2019-01-15 03:00:00+00:00,0.0
2019-01-15 04:00:00+00:00,0.0
2019-01-15 05:00:00+00:00,0.0
2019-01-15 06:00:00+00:00,0.25
2019-01-15 07:00:00+00:00,124.0
2019-01-15 08:00:00+00:00,905.75
2019-01-15 09:00:00+00:00,1906.25
2019-01-15 10:00:00+00:00,2589.25
2019-01-15 11:00:00+00:00,3088.5
2019-01-15 12:00:00+00:00,2968.5
2019-01-15 13:00:00+00:00,2140.75
2019-01-15 14:00:00+00:00,814.5
2019-01-15 15:00:00+00:00,70.75
2019-01-15 16:00:00+00:00,0.0
2019-01-15 17:00:00+00:00,0.0
2019-01-15 18:00:00+00:00,0.0
2019-01-15 19:00:00+00:00,0.0
2019-01-15 20:00:00+00:00,0.0
2019-01-15 21:00:00+00:00,0.0
2019-01-15 22:00:00+00:00,0.0
2019-01-15 23:00:00+00:00,0.0
2019-01-16 00:00:00+00:00,0.0
2019-01-16 01:00:00+00:00,0.0
2019-01-16 02:00:00+00:00,0.0
2019-01-16 03:00:00+00:00,0.0
2019-01-16 04:00:00+00:00,0.0
2019-01-16 05:00:00+00:00,0.0
2019-01-16 06:00:00+00:00,0.25
2019-01-16 07:00:00+00:00,284.5
2019-01-16 08:00:00+00:00,1707.0
2019-01-16 09:00:00+00:00,3784.0
2019-01-16 10:00:00+00:00,5548.25
2019-01-16 11:00:00+00:00,6294.25
2019-01-16 12:00:00+00:00,5990.75
2019-01-16 13:00:00+00:00,4462.0
2019-01-16 14:00:00+00:00,1987.25
2019-01-16 15:00:00+00:00,259.75
2019-01-16 16:00:00+00:00,0.0
2019-01-16 17:00:00+00:00,0.0
2019-01-16 18:00:00+00:00,0.0
2019-01-16 19:00:00+00:00,0.0
2019-01-16 20:00:00+00:00,0.0
2019-01-16 21:00:00+00:00,0.0
2019-01-16 22:00:00+00:00,0.0
2019-01-16 23:00:00+00:00,0.0
2019-01-17 00:00:00+00:00,0.0
2019-01-17 01:00:00+00:00,0.0
2019-01-17 02:00:00+00:00,0.0
2019-01-17 03:00:00+00:00,0.0
2019-01-17 04:00:00+00:00,0.0
2019-01-17 05:00:00+00:00,0.0
2019-01-17 06:00:00+00:00,0.25
2019-01-17 07:00:00+00:00,320.25
2019-01-17 08:00:00+00:00,1495.5
2019-01-17 09:00:00+00:00,2674.25
2019-01-17 10:00:00+00:00,3609.75
2019-01-17 11:00:00+00:00,3778.75
2019-01-17 12:00:00+00:00,3527.5
2019-01-17 13:00:00+00:00,2690.25
2019-01-17 14:00:00+00:00,1323.5
2019-01-17 15:00:00+00:00,180.0
2019-01-17 16:00:00+00:00,0.25
2019-01-17 17:00:00+00:00,0.0
2019-01-17 18:00:00+00:00,0.0
2019-01-17 19:00:00+00:00,0.0
2019-01-17 20:00:00+00:00,0.0
2019-01-17 21:00:00+00:00,0.0
2019-01-17 22:00:00+00:00,0.0
2019-01-17 23:00:00+00:00,0.0
2019-01-18 00:00:00+00:00,0.0
2019-01-18 01:00:00+00:00,0.0
2019-01-18 02:00:00+00:00,0.0
2019-01-18 03:00:00+00:00,0.0
2019-01-18 04:00:00+00:00,0.0
2019-01-18 05:00:00+00:00,0.0
2019-01-18 06:00:00+00:00,0.5
2019-01-18 07:00:00+00:00,359.75
2019-01-18 08:00:00+00:00,2245.25
2019-01-18 09:00:00+00:00,5011.5
2019-01-18 10:00:00+00:00,8122.5
2019-01-18 11:00:00+00:00,9768.25
2019-01-18 12:00:00+00:00,9663.75
2019-01-18 13:00:00+00:00,7450.25
2019-01-18 14:00:00+00:00,3480.0
2019-01-18 15:00:00+00:00,440.0
2019-01-18 16:00:00+00:00,0.25
2019-01-18 17:00:00+00:00,0.0
2019-01-18 18:00:00+00:00,0.0
2019-01-18 19:00:00+00:00,0.0
2019-01-18 20:00:00+00:00,0.0
2019-01-18 21:00:00+00:00,0.0
2019-01-18 22:00:00+00:00,0.0
2019-01-18 23:00:00+00:00,0.0
2019-01-19 00:00:00+00:00,0.0
2019-01-19 01:00:00+00:00,0.0
2019-01-19 02:00:00+00:00,0.0
2019-01-19 03:00:00+00:00,0.0
2019-01-19 04:00:00+00:00,0.0
2019-01-19 05:00:00+00:00,0.0
2019-01-19 06:00:00+00:00,0.75
2019-01-19 07:00:00+00:00,598.25
2019-01-19 08:00:00+00:00,3964.75
2019-01-19 09:00:00+00:00,8324.0
2019-01-19 10:00:00+00:00,11796.75
2019-01-19 11:00:00+00:00,12964.75
2019-01-19 12:00:00+00:00,11810.5
2019-01-19 13:00:00+00:00,8460.25
2019-01-19 14:00:00+00:00,3866.0
2019-01-19 15:00:00+00:00,568.0
2019-01-19 16:00:00+00:00,0.5
2019-01-19 17:00:00+00:00,0.0
2019-01-19 18:00:00+00:00,0.0
2019-01-19 19:00:00+00:00,0.0
2019-01-19 20:00:00+00:00,0.0
2019-01-19 21:00:00+00:00,0.0
2019-01-19 22:00:00+00:00,0.0
2019-01-19 23:00:00+00:00,0.0
2019-01-20 00:00:00+00:00,0.0
2019-01-20 01:00:00+00:00,0.0
2019-01-20 02:00:00+00:00,0.0
2019-01-20 03:00:00+00:00,0.0
2019-01-20 04:00:00+00:00,0.0
2019-01-20 05:00:00+00:00,0.0
2019-01-20 06:00:00+00:00,0.75
2019-01-20 07:00:00+00:00,553.5
2019-01-20 08:00:00+00:00,3611.25
2019-01-20 09:00:00+00:00,7326.5
2019-01-20 10:00:00+00:00,10020.0
2019-01-20 11:00:00+00:00,10801.5
2019-01-20 12:00:00+00:00,9830.0
2019-01-20 13:00:00+00:00,6991.0
2019-01-20 14:00:00+00:00,3084.5
2019-01-20 15:00:00+00:00,422.5
2019-01-20 16:00:00+00:00,0.5
2019-01-20 17:00:00+00:00,0.0
2019-01-20 18:00:00+00:00,0.0
2019-01-20 19:00:00+00:00,0.0
2019-01-20 20:00:00+00:00,0.0
2019-01-20 21:00:00+00:00,0.0
2019-01-20 22:00:00+00:00,0.0
2019-01-20 23:00:00+00:00,0.0
2019-01-21 00:00:00+00:00,0.0
2019-01-21 01:00:00+00:00,0.0
2019-01-21 02:00:00+00:00,0.0
2019-01-21 03:00:00+00:00,0.0
2019-01-21 04:00:00+00:00,0.0
2019-01-21 05:00:00+00:00,0.0
2019-01-21 06:00:00+00:00,0.75
2019-01-21 07:00:00+00:00,392.0
2019-01-21 08:00:00+00:00,2831.75
2019-01-21 09:00:00+00:00,6311.5
2019-01-21 10:00:00+00:00,9321.25
2019-01-21 11:00:00+00:00,10593.25
2019-01-21 12:00:00+00:00,9918.75
2019-01-21 13:00:00+00:00,7419.25
2019-01-21 14:00:00+00:00,3550.5
2019-01-21 15:00:00+00:00,545.25
2019-01-21 16:00:00+00:00,0.75
2019-01-21 17:00:00+00:00,0.0
2019-01-21 18:00:00+00:00,0.0
2019-01-21 19:00:00+00:00,0.0
2019-01-21 20:00:00+00:00,0.0
2019-01-21 21:00:00+00:00,0.0
2019-01-21 22:00:00+00:00,0.0
2019-01-21 23:00:00+00:00,0.0
2019-01-22 00:00:00+00:00,0.0
2019-01-22 01:00:00+00:00,0.0
2019-01-22 02:00:00+00:00,0.0
2019-01-22 03:00:00+00:00,0.0
2019-01-22 04:00:00+00:00,0.0
2019-01-22 05:00:00+00:00,0.0
2019-01-22 06:00:00+00:00,0.75
2019-01-22 07:00:00+00:00,357.5
2019-01-22 08:00:00+00:00,2391.75
2019-01-22 09:00:00+00:00,4820.75
2019-01-22 10:00:00+00:00,6817.5
2019-01-22 11:00:00+00:00,7696.0
2019-01-22 12:00:00+00:00,6987.0
2019-01-22 13:00:00+00:00,4783.5
2019-01-22 14:00:00+00:00,2068.25
2019-01-22 15:00:00+00:00,270.25
2019-01-22 16:00:00+00:00,0.5
2019-01-22 17:00:00+00:00,1.25
2019-01-22 18:00:00+00:00,0.0
2019-01-22 19:00:00+00:00,0.0
2019-01-22 20:00:00+00:00,0.0
2019-01-22 21:00:00+00:00,0.0
2019-01-22 22:00:00+00:00,0.0
2019-01-22 23:00:00+00:00,0.0
2019-01-23 00:00:00+00:00,0.0
2019-01-23 01:00:00+00:00,0.0
2019-01-23 02:00:00+00:00,0.0
2019-01-23 03:00:00+00:00,0.0
2019-01-23 04:00:00+00:00,0.0
2019-01-23 05:00:00+00:00,0.0
2019-01-23 06:00:00+00:00,0.75
2019-01-23 07:00:00+00:00,338.75
2019-01-23 08:00:00+00:00,1852.5
2019-01-23 09:00:00+00:00,3748.0
2019-01-23 10:00:00+00:00,5177.75
2019-01-23 11:00:00+00:00,5508.0
2019-01-23 12:00:00+00:00,4719.0
2019-01-23 13:00:00+00:00,3229.25
2019-01-23 14:00:00+00:00,1406.75
2019-01-23 15:00:00+00:00,196.5
2019-01-23 16:00:00+00:00,2.25
2019-01-23 17:00:00+00:00,1.5
2019-01-23 18:00:00+00:00,0.0
2019-01-23 19:00:00+00:00,0.0
2019-01-23 20:00:00+00:00,0.0
2019-01-23 21:00:00+00:00,0.0
2019-01-23 22:00:00+00:00,0.0
2019-01-23 23:00:00+00:00,0.0
2019-01-24 00:00:00+00:00,0.0
2019-01-24 01:00:00+00:00,0.0
2019-01-24 02:00:00+00:00,0.0
2019-01-24 03:00:00+00:00,0.0
2019-01-24 04:00:00+00:00,0.0
2019-01-24 05:00:00+00:00,0.0
2019-01-24 06:00:00+00:00,1.0
2019-01-24 07:00:00+00:00,156.25
2019-01-24 08:00:00+00:00,870.25
2019-01-24 09:00:00+00:00,1884.75
2019-01-24 10:00:00+00:00,2760.0
2019-01-24 11:00:00+00:00,3080.25
2019-01-24 12:00:00+00:00,2645.25
2019-01-24 13:00:00+00:00,1709.5
2019-01-24 14:00:00+00:00,689.5
2019-01-24 15:00:00+00:00,109.75
2019-01-24 16:00:00+00:00,1.5
2019-01-24 17:00:00+00:00,0.0
2019-01-24 18:00:00+00:00,0.0
2019-01-24 19:00:00+00:00,0.0
2019-01-24 20:00:00+00:00,0.0
2019-01-24 21:00:00+00:00,0.0
2019-01-24 22:00:00+00:00,0.0
2019-01-24 23:00:00+00:00,0.0
2019-01-25 00:00:00+00:00,0.0
2019-01-25 01:00:00+00:00,0.0
2019-01-25 02:00:00+00:00,0.0
2019-01-25 03:00:00+00:00,0.0
2019-01-25 04:00:00+00:00,0.0
2019-01-25 05:00:00+00:00,0.0
2019-01-25 06:00:00+00:00,1.25
2019-01-25 07:00:00+00:00,175.0
2019-01-25 08:00:00+00:00,805.75
2019-01-25 09:00:00+00:00,1813.0
2019-01-25 10:00:00+00:00,2846.0
2019-01-25 11:00:00+00:00,3293.0
2019-01-25 12:00:00+00:00,3029.25
2019-01-25 13:00:00+00:00,2249.75
2019-01-25 14:00:00+00:00,1125.0
2019-01-25 15:00:00+00:00,242.25
2019-01-25 16:00:00+00:00,1.75
2019-01-25 17:00:00+00:00,0.0
2019-01-25 18:00:00+00:00,0.0
2019-01-25 19:00:00+00:00,0.0
2019-01-25 20:00:00+00:00,0.0
2019-01-25 21:00:00+00:00,0.0
2019-01-25 22:00:00+00:00,0.0
2019-01-25 23:00:00+00:00,0.0
2019-01-26 00:00:00+00:00,0.0
2019-01-26 01:00:00+00:00,0.0
2019-01-26 02:00:00+00:00,0.0
2019-01-26 03:00:00+00:00,0.0
2019-01-26 04:00:00+00:00,0.0
2019-01-26 05:00:00+00:00,0.0
2019-01-26 06:00:00+00:00,1.75
2019-01-26 07:00:00+00:00,119.0
2019-01-26 08:00:00+00:00,524.0
2019-01-26 09:00:00+00:00,1085.25
2019-01-26 10:00:00+00:00,1695.5
2019-01-26 11:00:00+00:00,2131.5
2019-01-26 12:00:00+00:00,2308.0
2019-01-26 13:00:00+00:00,1935.75
2019-01-26 14:00:00+00:00,1024.75
2019-01-26 15:00:00+00:00,237.25
2019-01-26 16:00:00+00:00,1.75
2019-01-26 17:00:00+00:00,0.0
2019-01-26 18:00:00+00:00,0.0
2019-01-26 19:00:00+00:00,0.0
2019-01-26 20:00:00+00:00,0.0
2019-01-26 21:00:00+00:00,0.0
2019-01-26 22:00:00+00:00,0.0
2019-01-26 23:00:00+00:00,0.0
2019-01-27 00:00:00+00:00,0.0
2019-01-27 01:00:00+00:00,0.0
2019-01-27 02:00:00+00:00,0.0
2019-01-27 03:00:00+00:00,0.0
2019-01-27 04:00:00+00:00,0.0
2019-01-27 05:00:00+00:00,0.0
2019-01-27 06:00:00+00:00,2.0
2019-01-27 07:00:00+00:00,260.5
2019-01-27 08:00:00+00:00,1281.25
2019-01-27 09:00:00+00:00,2458.5
2019-01-27 10:00:00+00:00,3662.75
2019-01-27 11:00:00+00:00,4489.75
2019-01-27 12:00:00+00:00,4738.75
2019-01-27 13:00:00+00:00,3953.0
2019-01-27 14:00:00+00:00,2071.0
2019-01-27 15:00:00+00:00,490.5
2019-01-27 16:00:00+00:00,2.75
2019-01-27 17:00:00+00:00,0.0
2019-01-27 18:00:00+00:00,0.0
2019-01-27 19:00:00+00:00,0.0
2019-01-27 20:00:00+00:00,0.0
2019-01-27 21:00:00+00:00,0.0
2019-01-27 22:00:00+00:00,0.0
2019-01-27 23:00:00+00:00,0.0
2019-01-28 00:00:00+00:00,0.0
2019-01-28 01:00:00+00:00,0.0
2019-01-28 02:00:00+00:00,0.0
2019-01-28 03:00:00+00:00,0.0
2019-01-28 04:00:00+00:00,0.0
2019-01-28 05:00:00+00:00,0.0
2019-01-28 06:00:00+00:00,2.5
2019-01-28 07:00:00+00:00,393.75
2019-01-28 08:00:00+00:00,1767.75
2019-01-28 09:00:00+00:00,3364.75
2019-01-28 10:00:00+00:00,4687.25
2019-01-28 11:00:00+00:00,5082.25
2019-01-28 12:00:00+00:00,4152.0
2019-01-28 13:00:00+00:00,2874.0
2019-01-28 14:00:00+00:00,1378.25
2019-01-28 15:00:00+00:00,306.75
2019-01-28 16:00:00+00:00,5.25
2019-01-28 17:00:00+00:00,0.25
2019-01-28 18:00:00+00:00,0.0
2019-01-28 19:00:00+00:00,0.0
2019-01-28 20:00:00+00:00,0.0
2019-01-28 21:00:00+00:00,0.0
2019-01-28 22:00:00+00:00,0.0
2019-01-28 23:00:00+00:00,0.0
2019-01-29 00:00:00+00:00,0.0
2019-01-29 01:00:00+00:00,0.0
2019-01-29 02:00:00+00:00,0.0
2019-01-29 03:00:00+00:00,0.0
2019-01-29 04:00:00+00:00,0.0
2019-01-29 05:00:00+00:00,0.0
2019-01-29 06:00:00+00:00,3.5
2019-01-29 07:00:00+00:00,354.0
2019-01-29 08:00:00+00:00,1614.75
2019-01-29 09:00:00+00:00,3571.5
2019-01-29 10:00:00+00:00,5831.75
2019-01-29 11:00:00+00:00,6994.5
2019-01-29 12:00:00+00:00,6986.5
2019-01-29 13:00:00+00:00,5571.5
2019-01-29 14:00:00+00:00,3215.5
2019-01-29 15:00:00+00:00,871.0
2019-01-29 16:00:00+00:00,10.75
2019-01-29 17:00:00+00:00,1.0
2019-01-29 18:00:00+00:00,0.0
2019-01-29 19:00:00+00:00,0.0
2019-01-29 20:00:00+00:00,0.0
2019-01-29 21:00:00+00:00,0.0
2019-01-29 22:00:00+00:00,0.0
2019-01-29 23:00:00+00:00,0.0
2019-01-30 00:00:00+00:00,0.0
2019-01-30 01:00:00+00:00,0.0
2019-01-30 02:00:00+00:00,0.0
2019-01-30 03:00:00+00:00,0.0
2019-01-30 04:00:00+00:00,0.0
2019-01-30 05:00:00+00:00,0.0
2019-01-30 06:00:00+00:00,5.5
2019-01-30 07:00:00+00:00,651.25
2019-01-30 08:00:00+00:00,2451.0
2019-01-30 09:00:00+00:00,4379.75
2019-01-30 10:00:00+00:00,6383.0
2019-01-30 11:00:00+00:00,7501.75
2019-01-30 12:00:00+00:00,6181.25
2019-01-30 13:00:00+00:00,3998.75
2019-01-30 14:00:00+00:00,1912.0
2019-01-30 15:00:00+00:00,368.75
2019-01-30 16:00:00+00:00,3.5
2019-01-30 17:00:00+00:00,0.0
2019-01-30 18:00:00+00:00,0.0
2019-01-30 19:00:00+00:00,0.0
2019-01-30 20:00:00+00:00,0.0
2019-01-30 21:00:00+00:00,0.0
2019-01-30 22:00:00+00:00,0.0
2019-01-30 23:00:00+00:00,0.0
2019-01-31 00:00:00+00:00,0.0
2019-01-31 01:00:00+00:00,0.0
2019-01-31 02:00:00+00:00,0.0
2019-01-31 03:00:00+00:00,0.0
2019-01-31 04:00:00+00:00,0.0
2019-01-31 05:00:00+00:00,0.0
2019-01-31 06:00:00+00:00,8.0
2019-01-31 07:00:00+00:00,968.5
2019-01-31 08:00:00+00:00,3861.0
2019-01-31 09:00:00+00:00,6974.0
2019-01-31 10:00:00+00:00,9268.75
2019-01-31 11:00:00+00:00,10281.0
2019-01-31 12:00:00+00:00,9990.75
2019-01-31 13:00:00+00:00,7811.75
2019-01-31 14:00:00+00:00,4162.25
2019-01-31 15:00:00+00:00,916.5
2019-01-31 16:00:00+00:00,8.0
2019-01-31 17:00:00+00:00,0.0
2019-01-31 18:00:00+00:00,0.75
2019-01-31 19:00:00+00:00,0.5
2019-01-31 20:00:00+00:00,0.0
2019-01-31 21:00:00+00:00,0.0
2019-01-31 22:00:00+00:00,0.0
2019-01-31 23:00:00+00:00,0.0
2019-02-01 00:00:00+00:00,0.0
2019-02-01 01:00:00+00:00,0.0
2019-02-01 02:00:00+00:00,0.0
2019-02-01 03:00:00+00:00,0.0
2019-02-01 04:00:00+00:00,0.0
2019-02-01 05:00:00+00:00,0.0
2019-02-01 06:00:00+00:00,6.75
2019-02-01 07:00:00+00:00,476.75
2019-02-01 08:00:00+00:00,1422.25
2019-02-01 09:00:00+00:00,2433.25
2019-02-01 10:00:00+00:00,3220.25
2019-02-01 11:00:00+00:00,3603.5
2019-02-01 12:00:00+00:00,3678.5
2019-02-01 13:00:00+00:00,3203.25
2019-02-01 14:00:00+00:00,1778.25
2019-02-01 15:00:00+00:00,394.75
2019-02-01 16:00:00+00:00,3.25
2019-02-01 17:00:00+00:00,0.0
2019-02-01 18:00:00+00:00,0.0
2019-02-01 19:00:00+00:00,0.0
2019-02-01 20:00:00+00:00,0.0
2019-02-01 21:00:00+00:00,0.0
2019-02-01 22:00:00+00:00,0.0
2019-02-01 23:00:00+00:00,0.0
2019-02-02 00:00:00+00:00,0.0
2019-02-02 01:00:00+00:00,0.0
2019-02-02 02:00:00+00:00,0.0
2019-02-02 03:00:00+00:00,0.0
2019-02-02 04:00:00+00:00,0.0
2019-02-02 05:00:00+00:00,0.0
2019-02-02 06:00:00+00:00,9.0
2019-02-02 07:00:00+00:00,236.25
2019-02-02 08:00:00+00:00,955.0
2019-02-02 09:00:00+00:00,1812.75
2019-02-02 10:00:00+00:00,2999.0
2019-02-02 11:00:00+00:00,3696.25
2019-02-02 12:00:00+00:00,4229.25
2019-02-02 13:00:00+00:00,3522.75
2019-02-02 14:00:00+00:00,1849.0
2019-02-02 15:00:00+00:00,443.75
2019-02-02 16:00:00+00:00,4.0
2019-02-02 17:00:00+00:00,0.0
2019-02-02 18:00:00+00:00,0.0
2019-02-02 19:00:00+00:00,0.0
2019-02-02 20:00:00+00:00,0.0
2019-02-02 21:00:00+00:00,0.0
2019-02-02 22:00:00+00:00,0.0
2019-02-02 23:00:00+00:00,0.0
2019-02-03 00:00:00+00:00,0.0
2019-02-03 01:00:00+00:00,0.0
2019-02-03 02:00:00+00:00,0.0
2019-02-03 03:00:00+00:00,0.0
2019-02-03 04:00:00+00:00,0.0
2019-02-03 05:00:00+00:00,0.0
2019-02-03 06:00:00+00:00,8.0
2019-02-03 07:00:00+00:00,225.25
2019-02-03 08:00:00+00:00,1140.75
2019-02-03 09:00:00+00:00,2430.25
2019-02-03 10:00:00+00:00,3618.0
2019-02-03 11:00:00+00:00,3781.25
2019-02-03 12:00:00+00:00,3345.5
2019-02-03 13:00:00+00:00,2583.25
2019-02-03 14:00:00+00:00,1522.75
2019-02-03 15:00:00+00:00,430.25
2019-02-03 16:00:00+00:00,11.75
2019-02-03 17:00:00+00:00,0.0
2019-02-03 18:00:00+00:00,0.0
2019-02-03 19:00:00+00:00,0.0
2019-02-03 20:00:00+00:00,0.0
2019-02-03 21:00:00+00:00,0.0
2019-02-03 22:00:00+00:00,0.0
2019-02-03 23:00:00+00:00,0.0
2019-02-04 00:00:00+00:00,0.0
2019-02-04 01:00:00+00:00,0.0
2019-02-04 02:00:00+00:00,0.0
2019-02-04 03:00:00+00:00,0.0
2019-02-04 04:00:00+00:00,0.0
2019-02-04 05:00:00+00:00,0.0
2019-02-04 06:00:00+00:00,13.0
2019-02-04 07:00:00+00:00,951.25
2019-02-04 08:00:00+00:00,3791.0
2019-02-04 09:00:00+00:00,6924.0
2019-02-04 10:00:00+00:00,9546.0
2019-02-04 11:00:00+00:00,10988.75
2019-02-04 12:00:00+00:00,10351.5
2019-02-04 13:00:00+00:00,7813.5
2019-02-04 14:00:00+00:00,4310.0
2019-02-04 15:00:00+00:00,1164.75
2019-02-04 16:00:00+00:00,25.75
2019-02-04 17:00:00+00:00,0.0
2019-02-04 18:00:00+00:00,0.0
2019-02-04 19:00:00+00:00,0.0
2019-02-04 20:00:00+00:00,0.0
2019-02-04 21:00:00+00:00,0.0
2019-02-04 22:00:00+00:00,0.0
2019-02-04 23:00:00+00:00,0.0
2019-02-05 00:00:00+00:00,0.0
2019-02-05 01:00:00+00:00,0.0
2019-02-05 02:00:00+00:00,0.0
2019-02-05 03:00:00+00:00,0.0
2019-02-05 04:00:00+00:00,0.0
2019-02-05 05:00:00+00:00,0.0
2019-02-05 06:00:00+00:00,15.0
2019-02-05 07:00:00+00:00,652.5
2019-02-05 08:00:00+00:00,2542.5
2019-02-05 09:00:00+00:00,4407.0
2019-02-05 10:00:00+00:00,5739.0
2019-02-05 11:00:00+00:00,6397.5
2019-02-05 12:00:00+00:00,6220.75
2019-02-05 13:00:00+00:00,5134.25
2019-02-05 14:00:00+00:00,3009.75
2019-02-05 15:00:00+00:00,950.5
2019-02-05 16:00:00+00:00,39.5
2019-02-05 17:00:00+00:00,0.0
2019-02-05 18:00:00+00:00,0.0
2019-02-05 19:00:00+00:00,0.0
2019-02-05 20:00:00+00:00,0.0
2019-02-05 21:00:00+00:00,0.0
2019-02-05 22:00:00+00:00,0.0
2019-02-05 23:00:00+00:00,0.0
2019-02-06 00:00:00+00:00,0.0
2019-02-06 01:00:00+00:00,0.0
2019-02-06 02:00:00+00:00,0.0
2019-02-06 03:00:00+00:00,0.0
2019-02-06 04:00:00+00:00,0.0
2019-02-06 05:00:00+00:00,0.0
2019-02-06 06:00:00+00:00,20.5
2019-02-06 07:00:00+00:00,1052.0
2019-02-06 08:00:00+00:00,3842.25
2019-02-06 09:00:00+00:00,6808.25
2019-02-06 10:00:00+00:00,9105.25
2019-02-06 11:00:00+00:00,10112.25
2019-02-06 12:00:00+00:00,9627.25
2019-02-06 13:00:00+00:00,7690.5
2019-02-06 14:00:00+00:00,4652.0
2019-02-06 15:00:00+00:00,1363.5
2019-02-06 16:00:00+00:00,59.25
2019-02-06 17:00:00+00:00,0.0
2019-02-06 18:00:00+00:00,0.0
2019-02-06 19:00:00+00:00,0.0
2019-02-06 20:00:00+00:00,0.0
2019-02-06 21:00:00+00:00,0.0
2019-02-06 22:00:00+00:00,0.0
2019-02-06 23:00:00+00:00,0.0
2019-02-07 00:00:00+00:00,0.0
2019-02-07 01:00:00+00:00,0.0
2019-02-07 02:00:00+00:00,0.0
2019-02-07 03:00:00+00:00,0.0
2019-02-07 04:00:00+00:00,0.0
2019-02-07 05:00:00+00:00,0.0
2019-02-07 06:00:00+00:00,21.0
2019-02-07 07:00:00+00:00,591.0
2019-02-07 08:00:00+00:00,1922.25
2019-02-07 09:00:00+00:00,3347.5
2019-02-07 10:00:00+00:00,4657.5
2019-02-07 11:00:00+00:00,5282.0
2019-02-07 12:00:00+00:00,4829.5
2019-02-07 13:00:00+00:00,3651.75
2019-02-07 14:00:00+00:00,2205.75
2019-02-07 15:00:00+00:00,685.0
2019-02-07 16:00:00+00:00,31.5
2019-02-07 17:00:00+00:00,0.0
2019-02-07 18:00:00+00:00,0.0
2019-02-07 19:00:00+00:00,0.0
2019-02-07 20:00:00+00:00,0.0
2019-02-07 21:00:00+00:00,0.0
2019-02-07 22:00:00+00:00,0.0
2019-02-07 23:00:00+00:00,0.0
2019-02-08 00:00:00+00:00,0.0
2019-02-08 01:00:00+00:00,0.0
2019-02-08 02:00:00+00:00,0.0
2019-02-08 03:00:00+00:00,0.0
2019-02-08 04:00:00+00:00,0.0
2019-02-08 05:00:00+00:00,0.0
2019-02-08 06:00:00+00:00,33.0
2019-02-08 07:00:00+00:00,1207.25
2019-02-08 08:00:00+00:00,4366.25
2019-02-08 09:00:00+00:00,7552.5
2019-02-08 10:00:00+00:00,9904.75
2019-02-08 11:00:00+00:00,10422.25
2019-02-08 12:00:00+00:00,9483.25
2019-02-08 13:00:00+00:00,7194.75
2019-02-08 14:00:00+00:00,3888.0
2019-02-08 15:00:00+00:00,942.0
2019-02-08 16:00:00+00:00,18.0
2019-02-08 17:00:00+00:00,0.0
2019-02-08 18:00:00+00:00,0.0
2019-02-08 19:00:00+00:00,0.0
2019-02-08 20:00:00+00:00,0.0
2019-02-08 21:00:00+00:00,1.0
2019-02-08 22:00:00+00:00,1.0
2019-02-08 23:00:00+00:00,1.0
2019-02-09 00:00:00+00:00,1.0
2019-02-09 01:00:00+00:00,1.0
2019-02-09 02:00:00+00:00,1.0
2019-02-09 03:00:00+00:00,1.0
2019-02-09 04:00:00+00:00,1.0
2019-02-09 05:00:00+00:00,1.0
2019-02-09 06:00:00+00:00,29.25
2019-02-09 07:00:00+00:00,1073.0
2019-02-09 08:00:00+00:00,4131.5
2019-02-09 09:00:00+00:00,8058.0
2019-02-09 10:00:00+00:00,10487.0
2019-02-09 11:00:00+00:00,10499.75
2019-02-09 12:00:00+00:00,9541.0
2019-02-09 13:00:00+00:00,7463.25
2019-02-09 14:00:00+00:00,3932.25
2019-02-09 15:00:00+00:00,1064.25
2019-02-09 16:00:00+00:00,32.5
2019-02-09 17:00:00+00:00,0.0
2019-02-09 18:00:00+00:00,0.0
2019-02-09 19:00:00+00:00,0.0
2019-02-09 20:00:00+00:00,0.0
2019-02-09 21:00:00+00:00,0.0
2019-02-09 22:00:00+00:00,0.0
2019-02-09 23:00:00+00:00,0.0
2019-02-10 00:00:00+00:00,0.0
2019-02-10 01:00:00+00:00,0.0
2019-02-10 02:00:00+00:00,0.0
2019-02-10 03:00:00+00:00,0.0
2019-02-10 04:00:00+00:00,0.0
2019-02-10 05:00:00+00:00,0.0
2019-02-10 06:00:00+00:00,37.5
2019-02-10 07:00:00+00:00,824.5
2019-02-10 08:00:00+00:00,2126.75
2019-02-10 09:00:00+00:00,3372.5
2019-02-10 10:00:00+00:00,4669.0
2019-02-10 11:00:00+00:00,4862.75
2019-02-10 12:00:00+00:00,4239.5
2019-02-10 13:00:00+00:00,3183.25
2019-02-10 14:00:00+00:00,1480.75
2019-02-10 15:00:00+00:00,381.0
2019-02-10 16:00:00+00:00,12.75
2019-02-10 17:00:00+00:00,0.0
2019-02-10 18:00:00+00:00,0.0
2019-02-10 19:00:00+00:00,0.0
2019-02-10 20:00:00+00:00,0.0
2019-02-10 21:00:00+00:00,0.0
2019-02-10 22:00:00+00:00,0.0
2019-02-10 23:00:00+00:00,0.0
2019-02-11 00:00:00+00:00,0.0
2019-02-11 01:00:00+00:00,0.0
2019-02-11 02:00:00+00:00,0.0
2019-02-11 03:00:00+00:00,0.0
2019-02-11 04:00:00+00:00,0.0
2019-02-11 05:00:00+00:00,0.0
2019-02-11 06:00:00+00:00,25.5
2019-02-11 07:00:00+00:00,643.5
2019-02-11 08:00:00+00:00,2506.75
2019-02-11 09:00:00+00:00,4525.25
2019-02-11 10:00:00+00:00,5981.75
2019-02-11 11:00:00+00:00,6946.25
2019-02-11 12:00:00+00:00,7202.5
2019-02-11 13:00:00+00:00,6285.0
2019-02-11 14:00:00+00:00,4199.75
2019-02-11 15:00:00+00:00,1378.5
2019-02-11 16:00:00+00:00,68.25
2019-02-11 17:00:00+00:00,0.0
2019-02-11 18:00:00+00:00,0.0
2019-02-11 19:00:00+00:00,0.0
2019-02-11 20:00:00+00:00,0.0
2019-02-11 21:00:00+00:00,0.0
2019-02-11 22:00:00+00:00,0.0
2019-02-11 23:00:00+00:00,0.0
2019-02-12 00:00:00+00:00,0.0
2019-02-12 01:00:00+00:00,0.0
2019-02-12 02:00:00+00:00,0.0
2019-02-12 03:00:00+00:00,0.0
2019-02-12 04:00:00+00:00,0.0
2019-02-12 05:00:00+00:00,0.0
2019-02-12 06:00:00+00:00,40.5
2019-02-12 07:00:00+00:00,896.0
2019-02-12 08:00:00+00:00,3166.5
2019-02-12 09:00:00+00:00,6018.75
2019-02-12 10:00:00+00:00,7709.75
2019-02-12 11:00:00+00:00,8244.75
2019-02-12 12:00:00+00:00,7771.5
2019-02-12 13:00:00+00:00,6563.75
2019-02-12 14:00:00+00:00,4394.25
2019-02-12 15:00:00+00:00,1581.0
2019-02-12 16:00:00+00:00,112.0
2019-02-12 17:00:00+00:00,0.0
2019-02-12 18:00:00+00:00,0.0
2019-02-12 19:00:00+00:00,0.0
2019-02-12 20:00:00+00:00,0.0
2019-02-12 21:00:00+00:00,0.0
2019-02-12 22:00:00+00:00,0.0
2019-02-12 23:00:00+00:00,0.0
2019-02-13 00:00:00+00:00,0.0
2019-02-13 01:00:00+00:00,0.0
2019-02-13 02:00:00+00:00,0.0
2019-02-13 03:00:00+00:00,0.0
2019-02-13 04:00:00+00:00,0.0
2019-02-13 05:00:00+00:00,0.0
2019-02-13 06:00:00+00:00,88.5
2019-02-13 07:00:00+00:00,1853.5
2019-02-13 08:00:00+00:00,5602.25
2019-02-13 09:00:00+00:00,9445.75
2019-02-13 10:00:00+00:00,11843.0
2019-02-13 11:00:00+00:00,12693.5
2019-02-13 12:00:00+00:00,11979.75
2019-02-13 13:00:00+00:00,9701.75
2019-02-13 14:00:00+00:00,6011.75
2019-02-13 15:00:00+00:00,2111.25
2019-02-13 16:00:00+00:00,180.0
2019-02-13 17:00:00+00:00,0.0
2019-02-13 18:00:00+00:00,0.0
2019-02-13 19:00:00+00:00,0.0
2019-02-13 20:00:00+00:00,0.0
2019-02-13 21:00:00+00:00,0.0
2019-02-13 22:00:00+00:00,0.0
2019-02-13 23:00:00+00:00,0.0
2019-02-14 00:00:00+00:00,0.0
2019-02-14 01:00:00+00:00,0.0
2019-02-14 02:00:00+00:00,0.0
2019-02-14 03:00:00+00:00,0.0
2019-02-14 04:00:00+00:00,0.0
2019-02-14 05:00:00+00:00,0.0
2019-02-14 06:00:00+00:00,122.75
2019-02-14 07:00:00+00:00,2326.25
2019-02-14 08:00:00+00:00,6984.25
2019-02-14 09:00:00+00:00,11907.25
2019-02-14 10:00:00+00:00,16453.75
2019-02-14 11:00:00+00:00,18424.0
2019-02-14 12:00:00+00:00,17900.0
2019-02-14 13:00:00+00:00,14934.25
2019-02-14 14:00:00+00:00,9861.5
2019-02-14 15:00:00+00:00,3759.75
2019-02-14 16:00:00+00:00,278.0
2019-02-14 17:00:00+00:00,0.25
2019-02-14 18:00:00+00:00,0.0
2019-02-14 19:00:00+00:00,0.0
2019-02-14 20:00:00+00:00,0.0
2019-02-14 21:00:00+00:00,0.0
2019-02-14 22:00:00+00:00,0.0
2019-02-14 23:00:00+00:00,0.0
2019-02-15 00:00:00+00:00,0.0
2019-02-15 01:00:00+00:00,0.0
2019-02-15 02:00:00+00:00,0.0
2019-02-15 03:00:00+00:00,0.0
2019-02-15 04:00:00+00:00,0.0
2019-02-15 05:00:00+00:00,0.25
2019-02-15 06:00:00+00:00,248.25
2019-02-15 07:00:00+00:00,4045.0
2019-02-15 08:00:00+00:00,10900.0
2019-02-15 09:00:00+00:00,16755.5
2019-02-15 10:00:00+00:00,20334.75
2019-02-15 11:00:00+00:00,21366.5
2019-02-15 12:00:00+00:00,20119.75
2019-02-15 13:00:00+00:00,16596.5
2019-02-15 14:00:00+00:00,10968.0
2019-02-15 15:00:00+00:00,4275.0
2019-02-15 16:00:00+00:00,344.0
2019-02-15 17:00:00+00:00,0.25
2019-02-15 18:00:00+00:00,0.0
2019-02-15 19:00:00+00:00,0.0
2019-02-15 20:00:00+00:00,0.0
2019-02-15 21:00:00+00:00,0.0
2019-02-15 22:00:00+00:00,0.0
2019-02-15 23:00:00+00:00,0.0
2019-02-16 00:00:00+00:00,0.0
2019-02-16 01:00:00+00:00,0.0
2019-02-16 02:00:00+00:00,0.0
2019-02-16 03:00:00+00:00,0.0
2019-02-16 04:00:00+00:00,0.0
2019-02-16 05:00:00+00:00,0.25
2019-02-16 06:00:00+00:00,285.0
2019-02-16 07:00:00+00:00,4402.25
2019-02-16 08:00:00+00:00,11305.25
2019-02-16 09:00:00+00:00,17152.75
2019-02-16 10:00:00+00:00,20704.75
2019-02-16 11:00:00+00:00,21590.25
2019-02-16 12:00:00+00:00,20175.5
2019-02-16 13:00:00+00:00,16605.5
2019-02-16 14:00:00+00:00,10856.25
2019-02-16 15:00:00+00:00,4225.5
2019-02-16 16:00:00+00:00,331.25
2019-02-16 17:00:00+00:00,0.25
2019-02-16 18:00:00+00:00,0.0
2019-02-16 19:00:00+00:00,0.0
2019-02-16 20:00:00+00:00,0.0
2019-02-16 21:00:00+00:00,0.0
2019-02-16 22:00:00+00:00,0.0
2019-02-16 23:00:00+00:00,0.0
2019-02-17 00:00:00+00:00,0.0
2019-02-17 01:00:00+00:00,0.0
2019-02-17 02:00:00+00:00,0.0
2019-02-17 03:00:00+00:00,0.0
2019-02-17 04:00:00+00:00,0.0
2019-02-17 05:00:00+00:00,0.25
2019-02-17 06:00:00+00:00,354.5
2019-02-17 07:00:00+00:00,4294.0
2019-02-17 08:00:00+00:00,10477.0
2019-02-17 09:00:00+00:00,16053.25
2019-02-17 10:00:00+00:00,19521.5
2019-02-17 11:00:00+00:00,20616.75
2019-02-17 12:00:00+00:00,19329.0
2019-02-17 13:00:00+00:00,16054.25
2019-02-17 14:00:00+00:00,10651.25
2019-02-17 15:00:00+00:00,4329.75
2019-02-17 16:00:00+00:00,439.0
2019-02-17 17:00:00+00:00,0.25
2019-02-17 18:00:00+00:00,0.0
2019-02-17 19:00:00+00:00,0.0
2019-02-17 20:00:00+00:00,0.0
2019-02-17 21:00:00+00:00,0.0
2019-02-17 22:00:00+00:00,0.0
2019-02-17 23:00:00+00:00,0.0
2019-02-18 00:00:00+00:00,0.0
2019-02-18 01:00:00+00:00,0.0
2019-02-18 02:00:00+00:00,0.0
2019-02-18 03:00:00+00:00,0.0
2019-02-18 04:00:00+00:00,0.0
2019-02-18 05:00:00+00:00,0.25
2019-02-18 06:00:00+00:00,389.25
2019-02-18 07:00:00+00:00,4898.25
2019-02-18 08:00:00+00:00,11733.0
2019-02-18 09:00:00+00:00,17298.75
2019-02-18 10:00:00+00:00,20676.25
2019-02-18 11:00:00+00:00,21623.25
2019-02-18 12:00:00+00:00,20353.25
2019-02-18 13:00:00+00:00,16939.75
2019-02-18 14:00:00+00:00,11313.25
2019-02-18 15:00:00+00:00,4526.25
2019-02-18 16:00:00+00:00,435.75
2019-02-18 17:00:00+00:00,0.25
2019-02-18 18:00:00+00:00,0.0
2019-02-18 19:00:00+00:00,0.0
2019-02-18 20:00:00+00:00,0.0
2019-02-18 21:00:00+00:00,0.0
2019-02-18 22:00:00+00:00,0.0
2019-02-18 23:00:00+00:00,0.0
2019-02-19 00:00:00+00:00,0.0
2019-02-19 01:00:00+00:00,0.0
2019-02-19 02:00:00+00:00,0.0
2019-02-19 03:00:00+00:00,0.0
2019-02-19 04:00:00+00:00,0.0
2019-02-19 05:00:00+00:00,0.0
2019-02-19 06:00:00+00:00,352.25
2019-02-19 07:00:00+00:00,3190.75
2019-02-19 08:00:00+00:00,6820.25
2019-02-19 09:00:00+00:00,9358.0
2019-02-19 10:00:00+00:00,10470.5
2019-02-19 11:00:00+00:00,10224.75
2019-02-19 12:00:00+00:00,9623.25
2019-02-19 13:00:00+00:00,8258.5
2019-02-19 14:00:00+00:00,5362.0
2019-02-19 15:00:00+00:00,2187.75
2019-02-19 16:00:00+00:00,224.75
2019-02-19 17:00:00+00:00,0.0
2019-02-19 18:00:00+00:00,0.0
2019-02-19 19:00:00+00:00,0.0
2019-02-19 20:00:00+00:00,0.0
2019-02-19 21:00:00+00:00,0.0
2019-02-19 22:00:00+00:00,0.0
2019-02-19 23:00:00+00:00,0.0
2019-02-20 00:00:00+00:00,0.0
2019-02-20 01:00:00+00:00,0.0
2019-02-20 02:00:00+00:00,0.0
2019-02-20 03:00:00+00:00,0.0
2019-02-20 04:00:00+00:00,0.0
2019-02-20 05:00:00+00:00,0.0
2019-02-20 06:00:00+00:00,216.5
2019-02-20 07:00:00+00:00,2253.5
2019-02-20 08:00:00+00:00,5763.75
2019-02-20 09:00:00+00:00,9546.25
2019-02-20 10:00:00+00:00,12710.25
2019-02-20 11:00:00+00:00,13620.75
2019-02-20 12:00:00+00:00,12527.0
2019-02-20 13:00:00+00:00,9987.0
2019-02-20 14:00:00+00:00,6215.75
2019-02-20 15:00:00+00:00,2537.75
2019-02-20 16:00:00+00:00,308.25
2019-02-20 17:00:00+00:00,0.25
2019-02-20 18:00:00+00:00,0.0
2019-02-20 19:00:00+00:00,0.0
2019-02-20 20:00:00+00:00,0.0
2019-02-20 21:00:00+00:00,0.0
2019-02-20 22:00:00+00:00,0.0
2019-02-20 23:00:00+00:00,0.0
2019-02-21 00:00:00+00:00,0.0
2019-02-21 01:00:00+00:00,0.0
2019-02-21 02:00:00+00:00,0.0
2019-02-21 03:00:00+00:00,0.0
2019-02-21 04:00:00+00:00,0.0
2019-02-21 05:00:00+00:00,0.0
2019-02-21 06:00:00+00:00,241.25
2019-02-21 07:00:00+00:00,2562.5
2019-02-21 08:00:00+00:00,5985.25
2019-02-21 09:00:00+00:00,9146.0
2019-02-21 10:00:00+00:00,11132.25
2019-02-21 11:00:00+00:00,11212.25
2019-02-21 12:00:00+00:00,9681.75
2019-02-21 13:00:00+00:00,7220.0
2019-02-21 14:00:00+00:00,4410.25
2019-02-21 15:00:00+00:00,1613.5
2019-02-21 16:00:00+00:00,208.0
2019-02-21 17:00:00+00:00,0.0
2019-02-21 18:00:00+00:00,0.0
2019-02-21 19:00:00+00:00,0.0
2019-02-21 20:00:00+00:00,0.0
2019-02-21 21:00:00+00:00,0.0
2019-02-21 22:00:00+00:00,0.0
2019-02-21 23:00:00+00:00,0.0
2019-02-22 00:00:00+00:00,0.0
2019-02-22 01:00:00+00:00,0.0
2019-02-22 02:00:00+00:00,0.0
2019-02-22 03:00:00+00:00,0.0
2019-02-22 04:00:00+00:00,0.0
2019-02-22 05:00:00+00:00,0.0
2019-02-22 06:00:00+00:00,131.25
2019-02-22 07:00:00+00:00,1038.75
2019-02-22 08:00:00+00:00,2792.25
2019-02-22 09:00:00+00:00,4747.5
2019-02-22 10:00:00+00:00,6868.25
2019-02-22 11:00:00+00:00,7979.0
2019-02-22 12:00:00+00:00,8263.25
2019-02-22 13:00:00+00:00,7555.75
2019-02-22 14:00:00+00:00,5275.25
2019-02-22 15:00:00+00:00,2362.75
2019-02-22 16:00:00+00:00,299.75
2019-02-22 17:00:00+00:00,0.25
2019-02-22 18:00:00+00:00,0.0
2019-02-22 19:00:00+00:00,0.0
2019-02-22 20:00:00+00:00,0.0
2019-02-22 21:00:00+00:00,0.0
2019-02-22 22:00:00+00:00,0.0
2019-02-22 23:00:00+00:00,0.0
2019-02-23 00:00:00+00:00,0.0
2019-02-23 01:00:00+00:00,0.0
2019-02-23 02:00:00+00:00,0.0
2019-02-23 03:00:00+00:00,0.0
2019-02-23 04:00:00+00:00,0.0
2019-02-23 05:00:00+00:00,0.25
2019-02-23 06:00:00+00:00,640.25
2019-02-23 07:00:00+00:00,5235.25
2019-02-23 08:00:00+00:00,11756.0
2019-02-23 09:00:00+00:00,17484.0
2019-02-23 10:00:00+00:00,20891.25
2019-02-23 11:00:00+00:00,21649.25
2019-02-23 12:00:00+00:00,19883.5
2019-02-23 13:00:00+00:00,15983.75
2019-02-23 14:00:00+00:00,10441.5
2019-02-23 15:00:00+00:00,4205.5
2019-02-23 16:00:00+00:00,502.5
2019-02-23 17:00:00+00:00,0.75
2019-02-23 18:00:00+00:00,0.0
2019-02-23 19:00:00+00:00,0.0
2019-02-23 20:00:00+00:00,0.0
2019-02-23 21:00:00+00:00,0.0
2019-02-23 22:00:00+00:00,0.0
2019-02-23 23:00:00+00:00,0.0
2019-02-24 00:00:00+00:00,0.0
2019-02-24 01:00:00+00:00,0.0
2019-02-24 02:00:00+00:00,0.0
2019-02-24 03:00:00+00:00,0.0
2019-02-24 04:00:00+00:00,0.0
2019-02-24 05:00:00+00:00,0.5
2019-02-24 06:00:00+00:00,747.75
2019-02-24 07:00:00+00:00,5579.5
2019-02-24 08:00:00+00:00,11905.5
2019-02-24 09:00:00+00:00,16340.25
2019-02-24 10:00:00+00:00,18827.5
2019-02-24 11:00:00+00:00,20091.5
2019-02-24 12:00:00+00:00,19468.5
2019-02-24 13:00:00+00:00,16679.75
2019-02-24 14:00:00+00:00,12254.5
2019-02-24 15:00:00+00:00,5482.75
2019-02-24 16:00:00+00:00,759.25
2019-02-24 17:00:00+00:00,0.75
2019-02-24 18:00:00+00:00,0.0
2019-02-24 19:00:00+00:00,0.0
2019-02-24 20:00:00+00:00,0.0
2019-02-24 21:00:00+00:00,0.0
2019-02-24 22:00:00+00:00,0.0
2019-02-24 23:00:00+00:00,0.0
2019-02-25 00:00:00+00:00,0.0
2019-02-25 01:00:00+00:00,0.0
2019-02-25 02:00:00+00:00,0.0
2019-02-25 03:00:00+00:00,0.0
2019-02-25 04:00:00+00:00,0.0
2019-02-25 05:00:00+00:00,0.5
2019-02-25 06:00:00+00:00,783.75
2019-02-25 07:00:00+00:00,5868.25
2019-02-25 08:00:00+00:00,12590.5
2019-02-25 09:00:00+00:00,18216.0
2019-02-25 10:00:00+00:00,21560.0
2019-02-25 11:00:00+00:00,22487.0
2019-02-25 12:00:00+00:00,21138.5
2019-02-25 13:00:00+00:00,17681.25
2019-02-25 14:00:00+00:00,12138.5
2019-02-25 15:00:00+00:00,5282.5
2019-02-25 16:00:00+00:00,791.5
2019-02-25 17:00:00+00:00,1.5
2019-02-25 18:00:00+00:00,0.0
2019-02-25 19:00:00+00:00,0.0
2019-02-25 20:00:00+00:00,0.0
2019-02-25 21:00:00+00:00,0.0
2019-02-25 22:00:00+00:00,0.0
2019-02-25 23:00:00+00:00,0.0
2019-02-26 00:00:00+00:00,0.0
2019-02-26 01:00:00+00:00,0.0
2019-02-26 02:00:00+00:00,0.0
2019-02-26 03:00:00+00:00,0.0
2019-02-26 04:00:00+00:00,0.0
2019-02-26 05:00:00+00:00,0.5
2019-02-26 06:00:00+00:00,799.0
2019-02-26 07:00:00+00:00,5766.25
2019-02-26 08:00:00+00:00,12284.0
2019-02-26 09:00:00+00:00,17546.5
2019-02-26 10:00:00+00:00,20448.25
2019-02-26 11:00:00+00:00,20933.5
2019-02-26 12:00:00+00:00,19324.75
2019-02-26 13:00:00+00:00,16219.5
2019-02-26 14:00:00+00:00,11422.25
2019-02-26 15:00:00+00:00,5358.75
2019-02-26 16:00:00+00:00,882.5
2019-02-26 17:00:00+00:00,2.0
2019-02-26 18:00:00+00:00,0.0
2019-02-26 19:00:00+00:00,0.0
2019-02-26 20:00:00+00:00,0.0
2019-02-26 21:00:00+00:00,0.0
2019-02-26 22:00:00+00:00,0.0
2019-02-26 23:00:00+00:00,0.0
2019-02-27 00:00:00+00:00,0.0
2019-02-27 01:00:00+00:00,0.0
2019-02-27 02:00:00+00:00,0.0
2019-02-27 03:00:00+00:00,0.0
2019-02-27 04:00:00+00:00,0.0
2019-02-27 05:00:00+00:00,0.75
2019-02-27 06:00:00+00:00,1133.25
2019-02-27 07:00:00+00:00,6822.25
2019-02-27 08:00:00+00:00,13988.5
2019-02-27 09:00:00+00:00,19391.75
2019-02-27 10:00:00+00:00,22514.25
2019-02-27 11:00:00+00:00,23362.25
2019-02-27 12:00:00+00:00,22068.75
2019-02-27 13:00:00+00:00,18854.25
2019-02-27 14:00:00+00:00,13444.75
2019-02-27 15:00:00+00:00,6413.0
2019-02-27 16:00:00+00:00,1036.75
2019-02-27 17:00:00+00:00,2.0
2019-02-27 18:00:00+00:00,0.0
2019-02-27 19:00:00+00:00,0.0
2019-02-27 20:00:00+00:00,0.0
2019-02-27 21:00:00+00:00,0.0
2019-02-27 22:00:00+00:00,0.0
2019-02-27 23:00:00+00:00,0.0
2019-02-28 00:00:00+00:00,0.0
2019-02-28 01:00:00+00:00,0.0
2019-02-28 02:00:00+00:00,0.0
2019-02-28 03:00:00+00:00,0.0
2019-02-28 04:00:00+00:00,0.0
2019-02-28 05:00:00+00:00,0.75
2019-02-28 06:00:00+00:00,1145.5
2019-02-28 07:00:00+00:00,6610.75
2019-02-28 08:00:00+00:00,12774.0
2019-02-28 09:00:00+00:00,17081.75
2019-02-28 10:00:00+00:00,19210.0
2019-02-28 11:00:00+00:00,19488.25
2019-02-28 12:00:00+00:00,17687.5
2019-02-28 13:00:00+00:00,13931.0
2019-02-28 14:00:00+00:00,9114.25
2019-02-28 15:00:00+00:00,3997.25
2019-02-28 16:00:00+00:00,623.0
2019-02-28 17:00:00+00:00,1.0
2019-02-28 18:00:00+00:00,0.0
2019-02-28 19:00:00+00:00,0.0
2019-02-28 20:00:00+00:00,0.0
2019-02-28 21:00:00+00:00,0.0
2019-02-28 22:00:00+00:00,0.0
2019-02-28 23:00:00+00:00,0.0
2019-03-01 00:00:00+00:00,0.0
2019-03-01 01:00:00+00:00,0.0
2019-03-01 02:00:00+00:00,0.0
2019-03-01 03:00:00+00:00,0.0
2019-03-01 04:00:00+00:00,0.0
2019-03-01 05:00:00+00:00,0.5
2019-03-01 06:00:00+00:00,230.0
2019-03-01 07:00:00+00:00,1115.25
2019-03-01 08:00:00+00:00,2653.75
2019-03-01 09:00:00+00:00,4014.5
2019-03-01 10:00:00+00:00,4836.25
2019-03-01 11:00:00+00:00,4937.25
2019-03-01 12:00:00+00:00,4621.0
2019-03-01 13:00:00+00:00,4154.0
2019-03-01 14:00:00+00:00,3036.75
2019-03-01 15:00:00+00:00,1446.25
2019-03-01 16:00:00+00:00,226.5
2019-03-01 17:00:00+00:00,0.25
2019-03-01 18:00:00+00:00,0.0
2019-03-01 19:00:00+00:00,0.0
2019-03-01 20:00:00+00:00,0.0
2019-03-01 21:00:00+00:00,0.0
2019-03-01 22:00:00+00:00,0.0
2019-03-01 23:00:00+00:00,0.0
2019-03-02 00:00:00+00:00,0.0
2019-03-02 01:00:00+00:00,0.0
2019-03-02 02:00:00+00:00,0.0
2019-03-02 03:00:00+00:00,0.0
2019-03-02 04:00:00+00:00,0.0
2019-03-02 05:00:00+00:00,1.25
2019-03-02 06:00:00+00:00,237.5
2019-03-02 07:00:00+00:00,1127.0
2019-03-02 08:00:00+00:00,2590.5
2019-03-02 09:00:00+00:00,3857.75
2019-03-02 10:00:00+00:00,4907.25
2019-03-02 11:00:00+00:00,5570.25
2019-03-02 12:00:00+00:00,5574.5
2019-03-02 13:00:00+00:00,5048.25
2019-03-02 14:00:00+00:00,3738.75
2019-03-02 15:00:00+00:00,1842.25
2019-03-02 16:00:00+00:00,344.5
2019-03-02 17:00:00+00:00,1.25
2019-03-02 18:00:00+00:00,0.0
2019-03-02 19:00:00+00:00,0.0
2019-03-02 20:00:00+00:00,0.0
2019-03-02 21:00:00+00:00,0.0
2019-03-02 22:00:00+00:00,0.0
2019-03-02 23:00:00+00:00,0.0
2019-03-03 00:00:00+00:00,0.0
2019-03-03 01:00:00+00:00,0.0
2019-03-03 02:00:00+00:00,0.0
2019-03-03 03:00:00+00:00,0.0
2019-03-03 04:00:00+00:00,0.0
2019-03-03 05:00:00+00:00,2.0
2019-03-03 06:00:00+00:00,592.25
2019-03-03 07:00:00+00:00,2688.5
2019-03-03 08:00:00+00:00,5020.25
2019-03-03 09:00:00+00:00,6934.0
2019-03-03 10:00:00+00:00,7468.25
2019-03-03 11:00:00+00:00,7471.5
2019-03-03 12:00:00+00:00,6687.75
2019-03-03 13:00:00+00:00,5380.25
2019-03-03 14:00:00+00:00,3671.25
2019-03-03 15:00:00+00:00,1655.0
2019-03-03 16:00:00+00:00,281.5
2019-03-03 17:00:00+00:00,0.25
2019-03-03 18:00:00+00:00,0.0
2019-03-03 19:00:00+00:00,0.0
2019-03-03 20:00:00+00:00,0.0
2019-03-03 21:00:00+00:00,0.0
2019-03-03 22:00:00+00:00,0.0
2019-03-03 23:00:00+00:00,0.0
2019-03-04 00:00:00+00:00,0.0
2019-03-04 01:00:00+00:00,0.0
2019-03-04 02:00:00+00:00,0.0
2019-03-04 03:00:00+00:00,0.0
2019-03-04 04:00:00+00:00,0.0
2019-03-04 05:00:00+00:00,5.25
2019-03-04 06:00:00+00:00,775.25
2019-03-04 07:00:00+00:00,3398.0
2019-03-04 08:00:00+00:00,6754.75
2019-03-04 09:00:00+00:00,8874.25
2019-03-04 10:00:00+00:00,9471.75
2019-03-04 11:00:00+00:00,8629.5
2019-03-04 12:00:00+00:00,7461.5
2019-03-04 13:00:00+00:00,6300.0
2019-03-04 14:00:00+00:00,4781.25
2019-03-04 15:00:00+00:00,2756.0
2019-03-04 16:00:00+00:00,642.0
2019-03-04 17:00:00+00:00,4.25
2019-03-04 18:00:00+00:00,0.0
2019-03-04 19:00:00+00:00,0.0
2019-03-04 20:00:00+00:00,0.0
2019-03-04 21:00:00+00:00,0.0
2019-03-04 22:00:00+00:00,0.0
2019-03-04 23:00:00+00:00,0.0
2019-03-05 00:00:00+00:00,0.0
2019-03-05 01:00:00+00:00,0.0
2019-03-05 02:00:00+00:00,0.0
2019-03-05 03:00:00+00:00,0.0
2019-03-05 04:00:00+00:00,0.0
2019-03-05 05:00:00+00:00,6.0
2019-03-05 06:00:00+00:00,888.0
2019-03-05 07:00:00+00:00,3937.25
2019-03-05 08:00:00+00:00,7216.0
2019-03-05 09:00:00+00:00,9192.0
2019-03-05 10:00:00+00:00,10474.0
2019-03-05 11:00:00+00:00,10474.25
2019-03-05 12:00:00+00:00,9121.5
2019-03-05 13:00:00+00:00,7840.25
2019-03-05 14:00:00+00:00,5968.5
2019-03-05 15:00:00+00:00,3171.25
2019-03-05 16:00:00+00:00,681.75
2019-03-05 17:00:00+00:00,4.0
2019-03-05 18:00:00+00:00,0.0
2019-03-05 19:00:00+00:00,0.0
2019-03-05 20:00:00+00:00,0.0
2019-03-05 21:00:00+00:00,0.0
2019-03-05 22:00:00+00:00,0.0
2019-03-05 23:00:00+00:00,0.0
2019-03-06 00:00:00+00:00,0.0
2019-03-06 01:00:00+00:00,0.0
2019-03-06 02:00:00+00:00,0.0
2019-03-06 03:00:00+00:00,0.0
2019-03-06 04:00:00+00:00,0.0
2019-03-06 05:00:00+00:00,11.75
2019-03-06 06:00:00+00:00,1449.75
2019-03-06 07:00:00+00:00,5977.5
2019-03-06 08:00:00+00:00,10696.0
2019-03-06 09:00:00+00:00,14488.5
2019-03-06 10:00:00+00:00,16361.75
2019-03-06 11:00:00+00:00,15950.0
2019-03-06 12:00:00+00:00,13875.75
2019-03-06 13:00:00+00:00,10711.25
2019-03-06 14:00:00+00:00,6785.5
2019-03-06 15:00:00+00:00,2784.75
2019-03-06 16:00:00+00:00,463.75
2019-03-06 17:00:00+00:00,0.75
2019-03-06 18:00:00+00:00,0.0
2019-03-06 19:00:00+00:00,0.0
2019-03-06 20:00:00+00:00,0.0
2019-03-06 21:00:00+00:00,0.0
2019-03-06 22:00:00+00:00,0.0
2019-03-06 23:00:00+00:00,0.0
2019-03-07 00:00:00+00:00,0.0
2019-03-07 01:00:00+00:00,0.0
2019-03-07 02:00:00+00:00,0.0
2019-03-07 03:00:00+00:00,0.0
2019-03-07 04:00:00+00:00,0.0
2019-03-07 05:00:00+00:00,10.0
2019-03-07 06:00:00+00:00,728.5
2019-03-07 07:00:00+00:00,3126.5
2019-03-07 08:00:00+00:00,5898.75
2019-03-07 09:00:00+00:00,7985.0
2019-03-07 10:00:00+00:00,9243.25
2019-03-07 11:00:00+00:00,9789.75
2019-03-07 12:00:00+00:00,9836.5
2019-03-07 13:00:00+00:00,9108.0
2019-03-07 14:00:00+00:00,7376.5
2019-03-07 15:00:00+00:00,4709.5
2019-03-07 16:00:00+00:00,1196.5
2019-03-07 17:00:00+00:00,13.5
2019-03-07 18:00:00+00:00,0.25
2019-03-07 19:00:00+00:00,0.0
2019-03-07 20:00:00+00:00,0.0
2019-03-07 21:00:00+00:00,0.0
2019-03-07 22:00:00+00:00,0.0
2019-03-07 23:00:00+00:00,0.0
2019-03-08 00:00:00+00:00,0.0
2019-03-08 01:00:00+00:00,0.0
2019-03-08 02:00:00+00:00,0.0
2019-03-08 03:00:00+00:00,0.0
2019-03-08 04:00:00+00:00,0.0
2019-03-08 05:00:00+00:00,16.75
2019-03-08 06:00:00+00:00,984.0
2019-03-08 07:00:00+00:00,3884.0
2019-03-08 08:00:00+00:00,6433.25
2019-03-08 09:00:00+00:00,8844.25
2019-03-08 10:00:00+00:00,11019.25
2019-03-08 11:00:00+00:00,12180.5
2019-03-08 12:00:00+00:00,12358.25
2019-03-08 13:00:00+00:00,11472.0
2019-03-08 14:00:00+00:00,9167.0
2019-03-08 15:00:00+00:00,5025.75
2019-03-08 16:00:00+00:00,1135.5
2019-03-08 17:00:00+00:00,8.25
2019-03-08 18:00:00+00:00,0.0
2019-03-08 19:00:00+00:00,0.0
2019-03-08 20:00:00+00:00,0.0
2019-03-08 21:00:00+00:00,0.0
2019-03-08 22:00:00+00:00,0.0
2019-03-08 23:00:00+00:00,0.0
2019-03-09 00:00:00+00:00,0.0
2019-03-09 01:00:00+00:00,0.0
2019-03-09 02:00:00+00:00,0.0
2019-03-09 03:00:00+00:00,0.0
2019-03-09 04:00:00+00:00,0.0
2019-03-09 05:00:00+00:00,12.25
2019-03-09 06:00:00+00:00,530.75
2019-03-09 07:00:00+00:00,2230.0
2019-03-09 08:00:00+00:00,5062.75
2019-03-09 09:00:00+00:00,8143.25
2019-03-09 10:00:00+00:00,9840.5
2019-03-09 11:00:00+00:00,9804.5
2019-03-09 12:00:00+00:00,8617.0
2019-03-09 13:00:00+00:00,6765.5
2019-03-09 14:00:00+00:00,4581.75
2019-03-09 15:00:00+00:00,2362.75
2019-03-09 16:00:00+00:00,597.25
2019-03-09 17:00:00+00:00,10.0
2019-03-09 18:00:00+00:00,0.25
2019-03-09 19:00:00+00:00,0.0
2019-03-09 20:00:00+00:00,0.0
2019-03-09 21:00:00+00:00,0.0
2019-03-09 22:00:00+00:00,0.0
2019-03-09 23:00:00+00:00,0.0
2019-03-10 00:00:00+00:00,0.0
2019-03-10 01:00:00+00:00,0.0
2019-03-10 02:00:00+00:00,0.0
2019-03-10 03:00:00+00:00,0.0
2019-03-10 04:00:00+00:00,0.0
2019-03-10 05:00:00+00:00,21.25
2019-03-10 06:00:00+00:00,543.5
2019-03-10 07:00:00+00:00,1946.75
2019-03-10 08:00:00+00:00,3447.0
2019-03-10 09:00:00+00:00,4538.5
2019-03-10 10:00:00+00:00,5743.5
2019-03-10 11:00:00+00:00,7008.75
2019-03-10 12:00:00+00:00,8216.0
2019-03-10 13:00:00+00:00,8258.25
2019-03-10 14:00:00+00:00,6498.0
2019-03-10 15:00:00+00:00,3754.75
2019-03-10 16:00:00+00:00,910.5
2019-03-10 17:00:00+00:00,10.0
2019-03-10 18:00:00+00:00,0.0
2019-03-10 19:00:00+00:00,0.0
2019-03-10 20:00:00+00:00,0.0
2019-03-10 21:00:00+00:00,0.0
2019-03-10 22:00:00+00:00,0.0
2019-03-10 23:00:00+00:00,0.0
2019-03-11 00:00:00+00:00,0.0
2019-03-11 01:00:00+00:00,0.0
2019-03-11 02:00:00+00:00,0.0
2019-03-11 03:00:00+00:00,0.0
2019-03-11 04:00:00+00:00,0.0
2019-03-11 05:00:00+00:00,31.5
2019-03-11 06:00:00+00:00,842.5
2019-03-11 07:00:00+00:00,2810.0
2019-03-11 08:00:00+00:00,5024.0
2019-03-11 09:00:00+00:00,7466.25
2019-03-11 10:00:00+00:00,9447.0
2019-03-11 11:00:00+00:00,10152.5
2019-03-11 12:00:00+00:00,9913.0
2019-03-11 13:00:00+00:00,8836.25
2019-03-11 14:00:00+00:00,6875.25
2019-03-11 15:00:00+00:00,3861.75
2019-03-11 16:00:00+00:00,1127.5
2019-03-11 17:00:00+00:00,26.25
2019-03-11 18:00:00+00:00,0.0
2019-03-11 19:00:00+00:00,0.0
2019-03-11 20:00:00+00:00,0.0
2019-03-11 21:00:00+00:00,0.0
2019-03-11 22:00:00+00:00,0.0
2019-03-11 23:00:00+00:00,0.0
2019-03-12 00:00:00+00:00,0.0
2019-03-12 01:00:00+00:00,0.0
2019-03-12 02:00:00+00:00,0.0
2019-03-12 03:00:00+00:00,0.0
2019-03-12 04:00:00+00:00,0.0
2019-03-12 05:00:00+00:00,46.0
2019-03-12 06:00:00+00:00,1456.5
2019-03-12 07:00:00+00:00,5481.5
2019-03-12 08:00:00+00:00,10717.5
2019-03-12 09:00:00+00:00,14385.75
2019-03-12 10:00:00+00:00,16517.5
2019-03-12 11:00:00+00:00,17190.75
2019-03-12 12:00:00+00:00,16520.0
2019-03-12 13:00:00+00:00,13844.25
2019-03-12 14:00:00+00:00,9096.5
2019-03-12 15:00:00+00:00,4063.25
2019-03-12 16:00:00+00:00,845.0
2019-03-12 17:00:00+00:00,13.25
2019-03-12 18:00:00+00:00,0.0
2019-03-12 19:00:00+00:00,0.0
2019-03-12 20:00:00+00:00,0.0
2019-03-12 21:00:00+00:00,0.0
2019-03-12 22:00:00+00:00,0.0
2019-03-12 23:00:00+00:00,0.0
2019-03-13 00:00:00+00:00,0.0
2019-03-13 01:00:00+00:00,0.0
2019-03-13 02:00:00+00:00,0.0
2019-03-13 03:00:00+00:00,0.0
2019-03-13 04:00:00+00:00,0.0
2019-03-13 05:00:00+00:00,69.75
2019-03-13 06:00:00+00:00,1528.25
2019-03-13 07:00:00+00:00,5457.75
2019-03-13 08:00:00+00:00,9054.5
2019-03-13 09:00:00+00:00,10405.0
2019-03-13 10:00:00+00:00,11268.0
2019-03-13 11:00:00+00:00,11083.0
2019-03-13 12:00:00+00:00,10198.75
2019-03-13 13:00:00+00:00,8749.25
2019-03-13 14:00:00+00:00,6700.75
2019-03-13 15:00:00+00:00,3459.25
2019-03-13 16:00:00+00:00,868.5
2019-03-13 17:00:00+00:00,20.5
2019-03-13 18:00:00+00:00,0.0
2019-03-13 19:00:00+00:00,0.0
2019-03-13 20:00:00+00:00,0.0
2019-03-13 21:00:00+00:00,0.0
2019-03-13 22:00:00+00:00,0.0
2019-03-13 23:00:00+00:00,0.0
2019-03-14 00:00:00+00:00,0.0
2019-03-14 01:00:00+00:00,0.0
2019-03-14 02:00:00+00:00,0.0
2019-03-14 03:00:00+00:00,0.0
2019-03-14 04:00:00+00:00,0.0
2019-03-14 05:00:00+00:00,49.75
2019-03-14 06:00:00+00:00,893.0
2019-03-14 07:00:00+00:00,2747.0
2019-03-14 08:00:00+00:00,4308.75
2019-03-14 09:00:00+00:00,4674.25
2019-03-14 10:00:00+00:00,5076.25
2019-03-14 11:00:00+00:00,4712.75
2019-03-14 12:00:00+00:00,3776.5
2019-03-14 13:00:00+00:00,2939.75
2019-03-14 14:00:00+00:00,2380.5
2019-03-14 15:00:00+00:00,1497.0
2019-03-14 16:00:00+00:00,462.5
2019-03-14 17:00:00+00:00,19.25
2019-03-14 18:00:00+00:00,0.0
2019-03-14 19:00:00+00:00,0.0
2019-03-14 20:00:00+00:00,0.0
2019-03-14 21:00:00+00:00,0.0
2019-03-14 22:00:00+00:00,0.0
2019-03-14 23:00:00+00:00,0.0
2019-03-15 00:00:00+00:00,0.0
2019-03-15 01:00:00+00:00,0.0
2019-03-15 02:00:00+00:00,0.0
2019-03-15 03:00:00+00:00,0.0
2019-03-15 04:00:00+00:00,0.0
2019-03-15 05:00:00+00:00,60.25
2019-03-15 06:00:00+00:00,850.75
2019-03-15 07:00:00+00:00,2346.25
2019-03-15 08:00:00+00:00,3745.75
2019-03-15 09:00:00+00:00,4589.5
2019-03-15 10:00:00+00:00,5005.75
2019-03-15 11:00:00+00:00,4998.5
2019-03-15 12:00:00+00:00,4797.75
2019-03-15 13:00:00+00:00,4026.25
2019-03-15 14:00:00+00:00,2986.25
2019-03-15 15:00:00+00:00,1690.25
2019-03-15 16:00:00+00:00,485.0
2019-03-15 17:00:00+00:00,17.25
2019-03-15 18:00:00+00:00,0.0
2019-03-15 19:00:00+00:00,0.0
2019-03-15 20:00:00+00:00,0.0
2019-03-15 21:00:00+00:00,0.0
2019-03-15 22:00:00+00:00,0.0
2019-03-15 23:00:00+00:00,0.0
2019-03-16 00:00:00+00:00,0.0
2019-03-16 01:00:00+00:00,0.0
2019-03-16 02:00:00+00:00,0.0
2019-03-16 03:00:00+00:00,0.0
2019-03-16 04:00:00+00:00,0.0
2019-03-16 05:00:00+00:00,63.75
2019-03-16 06:00:00+00:00,907.0
2019-03-16 07:00:00+00:00,2476.75
2019-03-16 08:00:00+00:00,4222.25
2019-03-16 09:00:00+00:00,5519.0
2019-03-16 10:00:00+00:00,6769.5
2019-03-16 11:00:00+00:00,7362.0
2019-03-16 12:00:00+00:00,7271.5
2019-03-16 13:00:00+00:00,7123.0
2019-03-16 14:00:00+00:00,5858.25
2019-03-16 15:00:00+00:00,3599.25
2019-03-16 16:00:00+00:00,1244.0
2019-03-16 17:00:00+00:00,59.0
2019-03-16 18:00:00+00:00,0.0
2019-03-16 19:00:00+00:00,0.0
2019-03-16 20:00:00+00:00,0.0
2019-03-16 21:00:00+00:00,0.0
2019-03-16 22:00:00+00:00,0.0
2019-03-16 23:00:00+00:00,0.0
2019-03-17 00:00:00+00:00,0.0
2019-03-17 01:00:00+00:00,0.0
2019-03-17 02:00:00+00:00,0.0
2019-03-17 03:00:00+00:00,0.0
2019-03-17 04:00:00+00:00,0.0
2019-03-17 05:00:00+00:00,229.25
2019-03-17 06:00:00+00:00,2847.25
2019-03-17 07:00:00+00:00,7207.25
2019-03-17 08:00:00+00:00,12050.75
2019-03-17 09:00:00+00:00,15182.25
2019-03-17 10:00:00+00:00,15603.75
2019-03-17 11:00:00+00:00,14162.25
2019-03-17 12:00:00+00:00,12695.0
2019-03-17 13:00:00+00:00,10117.25
2019-03-17 14:00:00+00:00,7280.75
2019-03-17 15:00:00+00:00,3889.25
2019-03-17 16:00:00+00:00,1103.75
2019-03-17 17:00:00+00:00,51.5
2019-03-17 18:00:00+00:00,0.25
2019-03-17 19:00:00+00:00,0.0
2019-03-17 20:00:00+00:00,0.0
2019-03-17 21:00:00+00:00,0.0
2019-03-17 22:00:00+00:00,0.0
2019-03-17 23:00:00+00:00,0.0
2019-03-18 00:00:00+00:00,0.0
2019-03-18 01:00:00+00:00,0.0
2019-03-18 02:00:00+00:00,0.0
2019-03-18 03:00:00+00:00,0.0
2019-03-18 04:00:00+00:00,0.5
2019-03-18 05:00:00+00:00,125.5
2019-03-18 06:00:00+00:00,1752.25
2019-03-18 07:00:00+00:00,5053.75
2019-03-18 08:00:00+00:00,8533.0
2019-03-18 09:00:00+00:00,11133.5
2019-03-18 10:00:00+00:00,12961.0
2019-03-18 11:00:00+00:00,14042.25
2019-03-18 12:00:00+00:00,14359.5
2019-03-18 13:00:00+00:00,13211.0
2019-03-18 14:00:00+00:00,10993.75
2019-03-18 15:00:00+00:00,6689.5
2019-03-18 16:00:00+00:00,2260.25
2019-03-18 17:00:00+00:00,105.75
2019-03-18 18:00:00+00:00,0.25
2019-03-18 19:00:00+00:00,0.0
2019-03-18 20:00:00+00:00,0.0
2019-03-18 21:00:00+00:00,0.0
2019-03-18 22:00:00+00:00,0.0
2019-03-18 23:00:00+00:00,0.0
2019-03-19 00:00:00+00:00,0.0
2019-03-19 01:00:00+00:00,0.0
2019-03-19 02:00:00+00:00,0.0
2019-03-19 03:00:00+00:00,0.25
2019-03-19 04:00:00+00:00,1.0
2019-03-19 05:00:00+00:00,237.5
2019-03-19 06:00:00+00:00,3120.25
2019-03-19 07:00:00+00:00,8845.5
2019-03-19 08:00:00+00:00,14738.0
2019-03-19 09:00:00+00:00,18181.75
2019-03-19 10:00:00+00:00,18496.0
2019-03-19 11:00:00+00:00,17862.5
2019-03-19 12:00:00+00:00,17127.5
2019-03-19 13:00:00+00:00,15161.0
2019-03-19 14:00:00+00:00,11806.0
2019-03-19 15:00:00+00:00,7186.5
2019-03-19 16:00:00+00:00,2450.0
2019-03-19 17:00:00+00:00,140.75
2019-03-19 18:00:00+00:00,0.5
2019-03-19 19:00:00+00:00,0.0
2019-03-19 20:00:00+00:00,0.0
2019-03-19 21:00:00+00:00,0.0
2019-03-19 22:00:00+00:00,0.0
2019-03-19 23:00:00+00:00,0.0
2019-03-20 00:00:00+00:00,0.0
2019-03-20 01:00:00+00:00,0.0
2019-03-20 02:00:00+00:00,0.0
2019-03-20 03:00:00+00:00,0.0
2019-03-20 04:00:00+00:00,0.25
2019-03-20 05:00:00+00:00,391.5
2019-03-20 06:00:00+00:00,4372.5
2019-03-20 07:00:00+00:00,10954.0
2019-03-20 08:00:00+00:00,16999.75
2019-03-20 09:00:00+00:00,20550.25
2019-03-20 10:00:00+00:00,22254.5
2019-03-20 11:00:00+00:00,22438.25
2019-03-20 12:00:00+00:00,20650.75
2019-03-20 13:00:00+00:00,17657.0
2019-03-20 14:00:00+00:00,13608.25
2019-03-20 15:00:00+00:00,7988.75
2019-03-20 16:00:00+00:00,2532.25
2019-03-20 17:00:00+00:00,125.25
2019-03-20 18:00:00+00:00,0.5
2019-03-20 19:00:00+00:00,0.0
2019-03-20 20:00:00+00:00,0.0
2019-03-20 21:00:00+00:00,0.0
2019-03-20 22:00:00+00:00,0.0
2019-03-20 23:00:00+00:00,0.0
2019-03-21 00:00:00+00:00,0.0
2019-03-21 01:00:00+00:00,0.0
2019-03-21 02:00:00+00:00,0.0
2019-03-21 03:00:00+00:00,0.25
2019-03-21 04:00:00+00:00,1.0
2019-03-21 05:00:00+00:00,358.75
2019-03-21 06:00:00+00:00,3847.25
2019-03-21 07:00:00+00:00,9688.75
2019-03-21 08:00:00+00:00,15772.25
2019-03-21 09:00:00+00:00,20077.5
2019-03-21 10:00:00+00:00,22433.75
2019-03-21 11:00:00+00:00,23022.5
2019-03-21 12:00:00+00:00,22188.25
2019-03-21 13:00:00+00:00,19769.75
2019-03-21 14:00:00+00:00,15397.0
2019-03-21 15:00:00+00:00,9059.5
2019-03-21 16:00:00+00:00,2906.0
2019-03-21 17:00:00+00:00,163.0
2019-03-21 18:00:00+00:00,0.75
2019-03-21 19:00:00+00:00,0.0
2019-03-21 20:00:00+00:00,0.0
2019-03-21 21:00:00+00:00,0.0
2019-03-21 22:00:00+00:00,0.0
2019-03-21 23:00:00+00:00,0.0
2019-03-22 00:00:00+00:00,0.0
2019-03-22 01:00:00+00:00,0.0
2019-03-22 02:00:00+00:00,0.0
2019-03-22 03:00:00+00:00,0.0
2019-03-22 04:00:00+00:00,1.0
2019-03-22 05:00:00+00:00,425.25
2019-03-22 06:00:00+00:00,3906.0
2019-03-22 07:00:00+00:00,9433.0
2019-03-22 08:00:00+00:00,15126.0
2019-03-22 09:00:00+00:00,19704.75
2019-03-22 10:00:00+00:00,22355.25
2019-03-22 11:00:00+00:00,23192.75
2019-03-22 12:00:00+00:00,22325.25
2019-03-22 13:00:00+00:00,19971.0
2019-03-22 14:00:00+00:00,15430.5
2019-03-22 15:00:00+00:00,9143.75
2019-03-22 16:00:00+00:00,2963.25
2019-03-22 17:00:00+00:00,183.75
2019-03-22 18:00:00+00:00,0.75
2019-03-22 19:00:00+00:00,0.0
2019-03-22 20:00:00+00:00,0.0
2019-03-22 21:00:00+00:00,0.0
2019-03-22 22:00:00+00:00,0.0
2019-03-22 23:00:00+00:00,0.0
2019-03-23 00:00:00+00:00,0.0
2019-03-23 01:00:00+00:00,0.0
2019-03-23 02:00:00+00:00,0.0
2019-03-23 03:00:00+00:00,0.0
2019-03-23 04:00:00+00:00,0.0
2019-03-23 05:00:00+00:00,530.0
2019-03-23 06:00:00+00:00,4328.25
2019-03-23 07:00:00+00:00,10079.75
2019-03-23 08:00:00+00:00,15230.5
2019-03-23 09:00:00+00:00,18815.0
2019-03-23 10:00:00+00:00,21032.25
2019-03-23 11:00:00+00:00,21865.0
2019-03-23 12:00:00+00:00,20957.25
2019-03-23 13:00:00+00:00,18237.75
2019-03-23 14:00:00+00:00,13831.5
2019-03-23 15:00:00+00:00,8052.25
2019-03-23 16:00:00+00:00,2583.5
2019-03-23 17:00:00+00:00,169.25
2019-03-23 18:00:00+00:00,0.25
2019-03-23 19:00:00+00:00,0.0
2019-03-23 20:00:00+00:00,0.0
2019-03-23 21:00:00+00:00,0.0
2019-03-23 22:00:00+00:00,0.0
2019-03-23 23:00:00+00:00,0.0
2019-03-24 00:00:00+00:00,0.0
2019-03-24 01:00:00+00:00,0.0
2019-03-24 02:00:00+00:00,0.0
2019-03-24 03:00:00+00:00,0.0
2019-03-24 04:00:00+00:00,0.25
2019-03-24 05:00:00+00:00,437.0
2019-03-24 06:00:00+00:00,3431.25
2019-03-24 07:00:00+00:00,8216.75
2019-03-24 08:00:00+00:00,13229.0
2019-03-24 09:00:00+00:00,17089.0
2019-03-24 10:00:00+00:00,19324.0
2019-03-24 11:00:00+00:00,19529.0
2019-03-24 12:00:00+00:00,18159.0
2019-03-24 13:00:00+00:00,15824.0
2019-03-24 14:00:00+00:00,12238.75
2019-03-24 15:00:00+00:00,7355.5
2019-03-24 16:00:00+00:00,2503.75
2019-03-24 17:00:00+00:00,196.0
2019-03-24 18:00:00+00:00,0.75
2019-03-24 19:00:00+00:00,0.0
2019-03-24 20:00:00+00:00,0.0
2019-03-24 21:00:00+00:00,0.0
2019-03-24 22:00:00+00:00,0.0
2019-03-24 23:00:00+00:00,0.0
2019-03-25 00:00:00+00:00,0.0
2019-03-25 01:00:00+00:00,0.0
2019-03-25 02:00:00+00:00,0.0
2019-03-25 03:00:00+00:00,0.0
2019-03-25 04:00:00+00:00,0.25
2019-03-25 05:00:00+00:00,336.5
2019-03-25 06:00:00+00:00,2739.75
2019-03-25 07:00:00+00:00,6339.5
2019-03-25 08:00:00+00:00,9722.0
2019-03-25 09:00:00+00:00,12540.75
2019-03-25 10:00:00+00:00,13945.25
2019-03-25 11:00:00+00:00,14696.0
2019-03-25 12:00:00+00:00,14151.75
2019-03-25 13:00:00+00:00,12552.0
2019-03-25 14:00:00+00:00,10078.0
2019-03-25 15:00:00+00:00,6395.5
2019-03-25 16:00:00+00:00,2345.5
2019-03-25 17:00:00+00:00,197.75
2019-03-25 18:00:00+00:00,1.0
2019-03-25 19:00:00+00:00,0.25
2019-03-25 20:00:00+00:00,0.0
2019-03-25 21:00:00+00:00,0.0
2019-03-25 22:00:00+00:00,0.0
2019-03-25 23:00:00+00:00,0.0
2019-03-26 00:00:00+00:00,0.0
2019-03-26 01:00:00+00:00,0.0
2019-03-26 02:00:00+00:00,0.0
2019-03-26 03:00:00+00:00,0.0
2019-03-26 04:00:00+00:00,0.5
2019-03-26 05:00:00+00:00,304.75
2019-03-26 06:00:00+00:00,2256.75
2019-03-26 07:00:00+00:00,5240.0
2019-03-26 08:00:00+00:00,8432.25
2019-03-26 09:00:00+00:00,10539.5
2019-03-26 10:00:00+00:00,11171.25
2019-03-26 11:00:00+00:00,11071.5
2019-03-26 12:00:00+00:00,10870.25
2019-03-26 13:00:00+00:00,9979.75
2019-03-26 14:00:00+00:00,7753.5
2019-03-26 15:00:00+00:00,4688.5
2019-03-26 16:00:00+00:00,1684.75
2019-03-26 17:00:00+00:00,132.0
2019-03-26 18:00:00+00:00,0.25
2019-03-26 19:00:00+00:00,0.0
2019-03-26 20:00:00+00:00,0.0
2019-03-26 21:00:00+00:00,0.0
2019-03-26 22:00:00+00:00,0.0
2019-03-26 23:00:00+00:00,0.0
2019-03-27 00:00:00+00:00,0.0
2019-03-27 01:00:00+00:00,0.0
2019-03-27 02:00:00+00:00,0.0
2019-03-27 03:00:00+00:00,0.0
2019-03-27 04:00:00+00:00,0.75
2019-03-27 05:00:00+00:00,310.25
2019-03-27 06:00:00+00:00,2463.75
2019-03-27 07:00:00+00:00,6075.75
2019-03-27 08:00:00+00:00,9791.75
2019-03-27 09:00:00+00:00,12256.75
2019-03-27 10:00:00+00:00,12642.25
2019-03-27 11:00:00+00:00,12235.0
2019-03-27 12:00:00+00:00,11353.75
2019-03-27 13:00:00+00:00,9564.75
2019-03-27 14:00:00+00:00,7349.25
2019-03-27 15:00:00+00:00,4763.0
2019-03-27 16:00:00+00:00,1829.75
2019-03-27 17:00:00+00:00,176.25
2019-03-27 18:00:00+00:00,0.75
2019-03-27 19:00:00+00:00,0.0
2019-03-27 20:00:00+00:00,0.0
2019-03-27 21:00:00+00:00,0.0
2019-03-27 22:00:00+00:00,0.0
2019-03-27 23:00:00+00:00,0.0
2019-03-28 00:00:00+00:00,0.0
2019-03-28 01:00:00+00:00,0.0
2019-03-28 02:00:00+00:00,0.0
2019-03-28 03:00:00+00:00,0.0
2019-03-28 04:00:00+00:00,0.5
2019-03-28 05:00:00+00:00,343.5
2019-03-28 06:00:00+00:00,2669.5
2019-03-28 07:00:00+00:00,6912.0
2019-03-28 08:00:00+00:00,11545.5
2019-03-28 09:00:00+00:00,14684.25
2019-03-28 10:00:00+00:00,15456.25
2019-03-28 11:00:00+00:00,14307.5
2019-03-28 12:00:00+00:00,12155.75
2019-03-28 13:00:00+00:00,9538.75
2019-03-28 14:00:00+00:00,6928.5
2019-03-28 15:00:00+00:00,4265.75
2019-03-28 16:00:00+00:00,1640.75
2019-03-28 17:00:00+00:00,167.75
2019-03-28 18:00:00+00:00,0.5
2019-03-28 19:00:00+00:00,0.0
2019-03-28 20:00:00+00:00,0.0
2019-03-28 21:00:00+00:00,0.0
2019-03-28 22:00:00+00:00,0.0
2019-03-28 23:00:00+00:00,0.0
2019-03-29 00:00:00+00:00,0.0
2019-03-29 01:00:00+00:00,0.0
2019-03-29 02:00:00+00:00,0.0
2019-03-29 03:00:00+00:00,0.5
2019-03-29 04:00:00+00:00,2.5
2019-03-29 05:00:00+00:00,663.5
2019-03-29 06:00:00+00:00,4328.0
2019-03-29 07:00:00+00:00,10070.0
2019-03-29 08:00:00+00:00,15675.0
2019-03-29 09:00:00+00:00,19741.75
2019-03-29 10:00:00+00:00,21940.0
2019-03-29 11:00:00+00:00,22798.5
2019-03-29 12:00:00+00:00,22605.25
2019-03-29 13:00:00+00:00,20882.0
2019-03-29 14:00:00+00:00,16937.0
2019-03-29 15:00:00+00:00,10740.75
2019-03-29 16:00:00+00:00,4145.5
2019-03-29 17:00:00+00:00,437.5
2019-03-29 18:00:00+00:00,1.25
2019-03-29 19:00:00+00:00,0.0
2019-03-29 20:00:00+00:00,0.0
2019-03-29 21:00:00+00:00,0.0
2019-03-29 22:00:00+00:00,0.0
2019-03-29 23:00:00+00:00,0.0
2019-03-30 00:00:00+00:00,0.0
2019-03-30 01:00:00+00:00,0.0
2019-03-30 02:00:00+00:00,0.0
2019-03-30 03:00:00+00:00,0.75
2019-03-30 04:00:00+00:00,5.0
2019-03-30 05:00:00+00:00,1113.25
2019-03-30 06:00:00+00:00,6309.0
2019-03-30 07:00:00+00:00,13685.75
2019-03-30 08:00:00+00:00,20305.5
2019-03-30 09:00:00+00:00,24748.0
2019-03-30 10:00:00+00:00,27192.25
2019-03-30 11:00:00+00:00,27558.25
2019-03-30 12:00:00+00:00,25723.75
2019-03-30 13:00:00+00:00,22108.25
2019-03-30 14:00:00+00:00,16790.75
2019-03-30 15:00:00+00:00,10336.5
2019-03-30 16:00:00+00:00,3926.75
2019-03-30 17:00:00+00:00,426.75
2019-03-30 18:00:00+00:00,1.0
2019-03-30 19:00:00+00:00,0.0
2019-03-30 20:00:00+00:00,0.0
2019-03-30 21:00:00+00:00,0.0
2019-03-30 22:00:00+00:00,0.0
2019-03-30 23:00:00+00:00,0.0
2019-03-31 00:00:00+00:00,0.0
2019-03-31 01:00:00+00:00,0.0
2019-03-31 02:00:00+00:00,0.0
2019-03-31 03:00:00+00:00,0.0
2019-03-31 04:00:00+00:00,5.5
2019-03-31 05:00:00+00:00,996.5
2019-03-31 06:00:00+00:00,5305.25
2019-03-31 07:00:00+00:00,11104.5
2019-03-31 08:00:00+00:00,16220.5
2019-03-31 09:00:00+00:00,19809.0
2019-03-31 10:00:00+00:00,21836.0
2019-03-31 11:00:00+00:00,22071.75
2019-03-31 12:00:00+00:00,21149.0
2019-03-31 13:00:00+00:00,18794.0
2019-03-31 14:00:00+00:00,14936.25
2019-03-31 15:00:00+00:00,9596.75
2019-03-31 16:00:00+00:00,3825.75
2019-03-31 17:00:00+00:00,456.75
2019-03-31 18:00:00+00:00,22.25
2019-03-31 19:00:00+00:00,0.0
2019-03-31 20:00:00+00:00,0.0
2019-03-31 21:00:00+00:00,0.0
2019-03-31 22:00:00+00:00,0.0
2019-03-31 23:00:00+00:00,0.0
2019-04-01 00:00:00+00:00,0.0
2019-04-01 01:00:00+00:00,0.0
2019-04-01 02:00:00+00:00,0.0
2019-04-01 03:00:00+00:00,0.0
2019-04-01 04:00:00+00:00,12.0
2019-04-01 05:00:00+00:00,1324.5
2019-04-01 06:00:00+00:00,6602.5
2019-04-01 07:00:00+00:00,13888.0
2019-04-01 08:00:00+00:00,20346.25
2019-04-01 09:00:00+00:00,25048.5
2019-04-01 10:00:00+00:00,27771.25
2019-04-01 11:00:00+00:00,28527.5
2019-04-01 12:00:00+00:00,27204.25
2019-04-01 13:00:00+00:00,23723.75
2019-04-01 14:00:00+00:00,18281.5
2019-04-01 15:00:00+00:00,11235.75
2019-04-01 16:00:00+00:00,4325.0
2019-04-01 17:00:00+00:00,518.25
2019-04-01 18:00:00+00:00,1.25
2019-04-01 19:00:00+00:00,0.0
2019-04-01 20:00:00+00:00,0.0
2019-04-01 21:00:00+00:00,0.0
2019-04-01 22:00:00+00:00,0.0
2019-04-01 23:00:00+00:00,0.0
2019-04-02 00:00:00+00:00,0.0
2019-04-02 01:00:00+00:00,0.0
2019-04-02 02:00:00+00:00,0.0
2019-04-02 03:00:00+00:00,0.0
2019-04-02 04:00:00+00:00,14.0
2019-04-02 05:00:00+00:00,1427.5
2019-04-02 06:00:00+00:00,6466.75
2019-04-02 07:00:00+00:00,13151.5
2019-04-02 08:00:00+00:00,18871.75
2019-04-02 09:00:00+00:00,22590.5
2019-04-02 10:00:00+00:00,24129.5
2019-04-02 11:00:00+00:00,23867.5
2019-04-02 12:00:00+00:00,21524.5
2019-04-02 13:00:00+00:00,17585.75
2019-04-02 14:00:00+00:00,12544.25
2019-04-02 15:00:00+00:00,7050.75
2019-04-02 16:00:00+00:00,2563.75
2019-04-02 17:00:00+00:00,294.75
2019-04-02 18:00:00+00:00,1.0
2019-04-02 19:00:00+00:00,1.0
2019-04-02 20:00:00+00:00,0.25
2019-04-02 21:00:00+00:00,0.0
2019-04-02 22:00:00+00:00,0.0
2019-04-02 23:00:00+00:00,0.0
2019-04-03 00:00:00+00:00,0.0
2019-04-03 01:00:00+00:00,0.0
2019-04-03 02:00:00+00:00,0.0
2019-04-03 03:00:00+00:00,0.0
2019-04-03 04:00:00+00:00,13.0
2019-04-03 05:00:00+00:00,753.0
2019-04-03 06:00:00+00:00,2936.0
2019-04-03 07:00:00+00:00,6394.75
2019-04-03 08:00:00+00:00,10754.75
2019-04-03 09:00:00+00:00,14372.5
2019-04-03 10:00:00+00:00,16325.0
2019-04-03 11:00:00+00:00,16795.5
2019-04-03 12:00:00+00:00,16050.0
2019-04-03 13:00:00+00:00,13740.25
2019-04-03 14:00:00+00:00,10222.5
2019-04-03 15:00:00+00:00,5901.0
2019-04-03 16:00:00+00:00,2015.0
2019-04-03 17:00:00+00:00,198.75
2019-04-03 18:00:00+00:00,0.25
2019-04-03 19:00:00+00:00,0.0
2019-04-03 20:00:00+00:00,0.0
2019-04-03 21:00:00+00:00,0.0
2019-04-03 22:00:00+00:00,0.0
2019-04-03 23:00:00+00:00,0.0
2019-04-04 00:00:00+00:00,0.0
2019-04-04 01:00:00+00:00,0.0
2019-04-04 02:00:00+00:00,0.0
2019-04-04 03:00:00+00:00,0.0
2019-04-04 04:00:00+00:00,19.25
2019-04-04 05:00:00+00:00,915.25
2019-04-04 06:00:00+00:00,3410.25
2019-04-04 07:00:00+00:00,6755.5
2019-04-04 08:00:00+00:00,9986.75
2019-04-04 09:00:00+00:00,12540.25
2019-04-04 10:00:00+00:00,14109.25
2019-04-04 11:00:00+00:00,14394.5
2019-04-04 12:00:00+00:00,13720.25
2019-04-04 13:00:00+00:00,11812.25
2019-04-04 14:00:00+00:00,8659.25
2019-04-04 15:00:00+00:00,5162.75
2019-04-04 16:00:00+00:00,1964.0
2019-04-04 17:00:00+00:00,238.75
2019-04-04 18:00:00+00:00,0.5
2019-04-04 19:00:00+00:00,0.0
2019-04-04 20:00:00+00:00,0.0
2019-04-04 21:00:00+00:00,0.0
2019-04-04 22:00:00+00:00,0.0
2019-04-04 23:00:00+00:00,0.0
2019-04-05 00:00:00+00:00,0.0
2019-04-05 01:00:00+00:00,0.0
2019-04-05 02:00:00+00:00,0.0
2019-04-05 03:00:00+00:00,0.0
2019-04-05 04:00:00+00:00,14.75
2019-04-05 05:00:00+00:00,572.0
2019-04-05 06:00:00+00:00,2271.0
2019-04-05 07:00:00+00:00,4732.75
2019-04-05 08:00:00+00:00,7255.75
2019-04-05 09:00:00+00:00,9097.0
2019-04-05 10:00:00+00:00,10125.5
2019-04-05 11:00:00+00:00,10587.25
2019-04-05 12:00:00+00:00,10348.75
2019-04-05 13:00:00+00:00,9406.5
2019-04-05 14:00:00+00:00,7593.5
2019-04-05 15:00:00+00:00,4920.25
2019-04-05 16:00:00+00:00,1984.75
2019-04-05 17:00:00+00:00,269.25
2019-04-05 18:00:00+00:00,0.25
2019-04-05 19:00:00+00:00,0.0
2019-04-05 20:00:00+00:00,0.0
2019-04-05 21:00:00+00:00,0.0
2019-04-05 22:00:00+00:00,0.0
2019-04-05 23:00:00+00:00,0.0
2019-04-06 00:00:00+00:00,0.0
2019-04-06 01:00:00+00:00,0.0
2019-04-06 02:00:00+00:00,0.0
2019-04-06 03:00:00+00:00,0.0
2019-04-06 04:00:00+00:00,27.0
2019-04-06 05:00:00+00:00,1190.75
2019-04-06 06:00:00+00:00,4699.25
2019-04-06 07:00:00+00:00,9772.0
2019-04-06 08:00:00+00:00,15634.5
2019-04-06 09:00:00+00:00,20507.5
2019-04-06 10:00:00+00:00,23162.75
2019-04-06 11:00:00+00:00,23921.75
2019-04-06 12:00:00+00:00,22593.5
2019-04-06 13:00:00+00:00,19258.75
2019-04-06 14:00:00+00:00,15055.0
2019-04-06 15:00:00+00:00,9860.5
2019-04-06 16:00:00+00:00,4138.25
2019-04-06 17:00:00+00:00,598.75
2019-04-06 18:00:00+00:00,1.5
2019-04-06 19:00:00+00:00,0.0
2019-04-06 20:00:00+00:00,0.0
2019-04-06 21:00:00+00:00,0.0
2019-04-06 22:00:00+00:00,0.0
2019-04-06 23:00:00+00:00,0.0
2019-04-07 00:00:00+00:00,0.0
2019-04-07 01:00:00+00:00,0.0
2019-04-07 02:00:00+00:00,0.0
2019-04-07 03:00:00+00:00,0.25
2019-04-07 04:00:00+00:00,45.25
2019-04-07 05:00:00+00:00,1808.0
2019-04-07 06:00:00+00:00,6964.0
2019-04-07 07:00:00+00:00,13426.0
2019-04-07 08:00:00+00:00,19075.0
2019-04-07 09:00:00+00:00,23068.25
2019-04-07 10:00:00+00:00,24860.5
2019-04-07 11:00:00+00:00,24732.5
2019-04-07 12:00:00+00:00,22904.0
2019-04-07 13:00:00+00:00,19234.25
2019-04-07 14:00:00+00:00,14409.5
2019-04-07 15:00:00+00:00,8834.25
2019-04-07 16:00:00+00:00,3610.25
2019-04-07 17:00:00+00:00,551.0
2019-04-07 18:00:00+00:00,2.25
2019-04-07 19:00:00+00:00,0.0
2019-04-07 20:00:00+00:00,0.0
2019-04-07 21:00:00+00:00,0.0
2019-04-07 22:00:00+00:00,0.0
2019-04-07 23:00:00+00:00,0.0
2019-04-08 00:00:00+00:00,0.0
2019-04-08 01:00:00+00:00,0.0
2019-04-08 02:00:00+00:00,0.0
2019-04-08 03:00:00+00:00,0.0
2019-04-08 04:00:00+00:00,43.25
2019-04-08 05:00:00+00:00,1279.75
2019-04-08 06:00:00+00:00,4763.25
2019-04-08 07:00:00+00:00,9430.75
2019-04-08 08:00:00+00:00,14003.0
2019-04-08 09:00:00+00:00,17358.5
2019-04-08 10:00:00+00:00,19185.75
2019-04-08 11:00:00+00:00,19561.75
2019-04-08 12:00:00+00:00,18173.0
2019-04-08 13:00:00+00:00,15635.25
2019-04-08 14:00:00+00:00,11841.5
2019-04-08 15:00:00+00:00,7454.25
2019-04-08 16:00:00+00:00,3178.0
2019-04-08 17:00:00+00:00,529.0
2019-04-08 18:00:00+00:00,2.25
2019-04-08 19:00:00+00:00,0.0
2019-04-08 20:00:00+00:00,0.0
2019-04-08 21:00:00+00:00,0.0
2019-04-08 22:00:00+00:00,0.0
2019-04-08 23:00:00+00:00,0.0
2019-04-09 00:00:00+00:00,0.0
2019-04-09 01:00:00+00:00,0.0
2019-04-09 02:00:00+00:00,0.0
2019-04-09 03:00:00+00:00,0.0
2019-04-09 04:00:00+00:00,48.0
2019-04-09 05:00:00+00:00,1247.0
2019-04-09 06:00:00+00:00,4722.25
2019-04-09 07:00:00+00:00,8974.75
2019-04-09 08:00:00+00:00,13249.25
2019-04-09 09:00:00+00:00,16636.75
2019-04-09 10:00:00+00:00,18937.0
2019-04-09 11:00:00+00:00,19512.75
2019-04-09 12:00:00+00:00,18497.5
2019-04-09 13:00:00+00:00,16065.75
2019-04-09 14:00:00+00:00,12327.25
2019-04-09 15:00:00+00:00,7643.75
2019-04-09 16:00:00+00:00,3245.5
2019-04-09 17:00:00+00:00,569.25
2019-04-09 18:00:00+00:00,4.5
2019-04-09 19:00:00+00:00,0.0
2019-04-09 20:00:00+00:00,0.0
2019-04-09 21:00:00+00:00,0.0
2019-04-09 22:00:00+00:00,0.0
2019-04-09 23:00:00+00:00,0.0
2019-04-10 00:00:00+00:00,0.0
2019-04-10 01:00:00+00:00,0.0
2019-04-10 02:00:00+00:00,0.0
2019-04-10 03:00:00+00:00,0.0
2019-04-10 04:00:00+00:00,63.5
2019-04-10 05:00:00+00:00,1562.75
2019-04-10 06:00:00+00:00,5485.0
2019-04-10 07:00:00+00:00,10397.75
2019-04-10 08:00:00+00:00,15043.25
2019-04-10 09:00:00+00:00,18232.75
2019-04-10 10:00:00+00:00,19657.25
2019-04-10 11:00:00+00:00,19964.5
2019-04-10 12:00:00+00:00,18912.5
2019-04-10 13:00:00+00:00,16320.0
2019-04-10 14:00:00+00:00,12632.0
2019-04-10 15:00:00+00:00,8158.0
2019-04-10 16:00:00+00:00,3709.5
2019-04-10 17:00:00+00:00,726.5
2019-04-10 18:00:00+00:00,7.5
2019-04-10 19:00:00+00:00,0.0
2019-04-10 20:00:00+00:00,0.0
2019-04-10 21:00:00+00:00,0.0
2019-04-10 22:00:00+00:00,0.0
2019-04-10 23:00:00+00:00,0.0
2019-04-11 00:00:00+00:00,0.0
2019-04-11 01:00:00+00:00,0.0
2019-04-11 02:00:00+00:00,0.0
2019-04-11 03:00:00+00:00,0.25
2019-04-11 04:00:00+00:00,77.5
2019-04-11 05:00:00+00:00,1812.0
2019-04-11 06:00:00+00:00,6414.5
2019-04-11 07:00:00+00:00,12229.0
2019-04-11 08:00:00+00:00,17300.5
2019-04-11 09:00:00+00:00,19199.75
2019-04-11 10:00:00+00:00,18686.0
2019-04-11 11:00:00+00:00,18130.5
2019-04-11 12:00:00+00:00,17136.5
2019-04-11 13:00:00+00:00,14707.25
2019-04-11 14:00:00+00:00,11349.0
2019-04-11 15:00:00+00:00,7464.0
2019-04-11 16:00:00+00:00,3428.25
2019-04-11 17:00:00+00:00,662.25
2019-04-11 18:00:00+00:00,5.0
2019-04-11 19:00:00+00:00,0.0
2019-04-11 20:00:00+00:00,0.0
2019-04-11 21:00:00+00:00,0.0
2019-04-11 22:00:00+00:00,0.0
2019-04-11 23:00:00+00:00,0.0
2019-04-12 00:00:00+00:00,0.0
2019-04-12 01:00:00+00:00,0.0
2019-04-12 02:00:00+00:00,0.0
2019-04-12 03:00:00+00:00,0.0
2019-04-12 04:00:00+00:00,75.75
2019-04-12 05:00:00+00:00,1371.0
2019-04-12 06:00:00+00:00,4609.25
2019-04-12 07:00:00+00:00,8942.5
2019-04-12 08:00:00+00:00,12596.25
2019-04-12 09:00:00+00:00,14643.0
2019-04-12 10:00:00+00:00,15755.0
2019-04-12 11:00:00+00:00,15148.25
2019-04-12 12:00:00+00:00,13184.5
2019-04-12 13:00:00+00:00,10713.25
2019-04-12 14:00:00+00:00,6670.5
2019-04-12 15:00:00+00:00,4308.5
2019-04-12 16:00:00+00:00,2019.0
2019-04-12 17:00:00+00:00,419.75
2019-04-12 18:00:00+00:00,5.25
2019-04-12 19:00:00+00:00,0.0
2019-04-12 20:00:00+00:00,0.0
2019-04-12 21:00:00+00:00,0.0
2019-04-12 22:00:00+00:00,0.0
2019-04-12 23:00:00+00:00,0.0
2019-04-13 00:00:00+00:00,0.0
2019-04-13 01:00:00+00:00,0.0
2019-04-13 02:00:00+00:00,0.0
2019-04-13 03:00:00+00:00,0.0
2019-04-13 04:00:00+00:00,68.5
2019-04-13 05:00:00+00:00,1221.5
2019-04-13 06:00:00+00:00,4541.25
2019-04-13 07:00:00+00:00,8969.75
2019-04-13 08:00:00+00:00,13179.25
2019-04-13 09:00:00+00:00,15839.25
2019-04-13 10:00:00+00:00,16199.75
2019-04-13 11:00:00+00:00,15205.75
2019-04-13 12:00:00+00:00,13762.5
2019-04-13 13:00:00+00:00,12079.75
2019-04-13 14:00:00+00:00,9518.25
2019-04-13 15:00:00+00:00,6453.25
2019-04-13 16:00:00+00:00,3178.75
2019-04-13 17:00:00+00:00,671.0
2019-04-13 18:00:00+00:00,8.75
2019-04-13 19:00:00+00:00,0.0
2019-04-13 20:00:00+00:00,0.0
2019-04-13 21:00:00+00:00,0.0
2019-04-13 22:00:00+00:00,0.0
2019-04-13 23:00:00+00:00,0.0
2019-04-14 00:00:00+00:00,0.0
2019-04-14 01:00:00+00:00,0.0
2019-04-14 02:00:00+00:00,0.0
2019-04-14 03:00:00+00:00,0.25
2019-04-14 04:00:00+00:00,59.75
2019-04-14 05:00:00+00:00,1209.0
2019-04-14 06:00:00+00:00,4319.0
2019-04-14 07:00:00+00:00,8513.5
2019-04-14 08:00:00+00:00,12671.0
2019-04-14 09:00:00+00:00,15391.5
2019-04-14 10:00:00+00:00,16014.25
2019-04-14 11:00:00+00:00,15018.5
2019-04-14 12:00:00+00:00,13213.25
2019-04-14 13:00:00+00:00,11109.75
2019-04-14 14:00:00+00:00,8481.25
2019-04-14 15:00:00+00:00,5517.5
2019-04-14 16:00:00+00:00,2566.75
2019-04-14 17:00:00+00:00,522.75
2019-04-14 18:00:00+00:00,6.5
2019-04-14 19:00:00+00:00,0.0
2019-04-14 20:00:00+00:00,0.0
2019-04-14 21:00:00+00:00,0.0
2019-04-14 22:00:00+00:00,0.0
2019-04-14 23:00:00+00:00,0.0
2019-04-15 00:00:00+00:00,0.0
2019-04-15 01:00:00+00:00,0.0
2019-04-15 02:00:00+00:00,0.0
2019-04-15 03:00:00+00:00,1.0
2019-04-15 04:00:00+00:00,145.75
2019-04-15 05:00:00+00:00,2379.5
2019-04-15 06:00:00+00:00,7657.25
2019-04-15 07:00:00+00:00,14571.5
2019-04-15 08:00:00+00:00,20780.0
2019-04-15 09:00:00+00:00,25410.25
2019-04-15 10:00:00+00:00,28300.75
2019-04-15 11:00:00+00:00,29062.5
2019-04-15 12:00:00+00:00,27802.25
2019-04-15 13:00:00+00:00,24847.0
2019-04-15 14:00:00+00:00,19903.0
2019-04-15 15:00:00+00:00,13174.5
2019-04-15 16:00:00+00:00,6022.25
2019-04-15 17:00:00+00:00,1242.5
2019-04-15 18:00:00+00:00,20.25
2019-04-15 19:00:00+00:00,0.0
2019-04-15 20:00:00+00:00,0.0
2019-04-15 21:00:00+00:00,0.0
2019-04-15 22:00:00+00:00,0.0
2019-04-15 23:00:00+00:00,0.0
2019-04-16 00:00:00+00:00,0.0
2019-04-16 01:00:00+00:00,0.0
2019-04-16 02:00:00+00:00,0.0
2019-04-16 03:00:00+00:00,0.5
2019-04-16 04:00:00+00:00,203.0
2019-04-16 05:00:00+00:00,3049.5
2019-04-16 06:00:00+00:00,9359.75
2019-04-16 07:00:00+00:00,16652.75
2019-04-16 08:00:00+00:00,22549.25
2019-04-16 09:00:00+00:00,26427.0
2019-04-16 10:00:00+00:00,28364.5
2019-04-16 11:00:00+00:00,28044.5
2019-04-16 12:00:00+00:00,25794.5
2019-04-16 13:00:00+00:00,22150.5
2019-04-16 14:00:00+00:00,17095.75
2019-04-16 15:00:00+00:00,10802.75
2019-04-16 16:00:00+00:00,4671.75
2019-04-16 17:00:00+00:00,917.75
2019-04-16 18:00:00+00:00,14.25
2019-04-16 19:00:00+00:00,0.0
2019-04-16 20:00:00+00:00,0.0
2019-04-16 21:00:00+00:00,0.0
2019-04-16 22:00:00+00:00,0.0
2019-04-16 23:00:00+00:00,0.0
2019-04-17 00:00:00+00:00,0.0
2019-04-17 01:00:00+00:00,0.0
2019-04-17 02:00:00+00:00,0.0
2019-04-17 03:00:00+00:00,0.0
2019-04-17 04:00:00+00:00,229.5
2019-04-17 05:00:00+00:00,2667.0
2019-04-17 06:00:00+00:00,7758.0
2019-04-17 07:00:00+00:00,13455.5
2019-04-17 08:00:00+00:00,18223.25
2019-04-17 09:00:00+00:00,22079.0
2019-04-17 10:00:00+00:00,24659.0
2019-04-17 11:00:00+00:00,25430.5
2019-04-17 12:00:00+00:00,24691.5
2019-04-17 13:00:00+00:00,22125.0
2019-04-17 14:00:00+00:00,17507.25
2019-04-17 15:00:00+00:00,11548.75
2019-04-17 16:00:00+00:00,5399.0
2019-04-17 17:00:00+00:00,1217.75
2019-04-17 18:00:00+00:00,24.25
2019-04-17 19:00:00+00:00,0.0
2019-04-17 20:00:00+00:00,0.0
2019-04-17 21:00:00+00:00,0.0
2019-04-17 22:00:00+00:00,0.0
2019-04-17 23:00:00+00:00,0.0
2019-04-18 00:00:00+00:00,0.0
2019-04-18 01:00:00+00:00,0.0
2019-04-18 02:00:00+00:00,0.0
2019-04-18 03:00:00+00:00,0.25
2019-04-18 04:00:00+00:00,264.75
2019-04-18 05:00:00+00:00,3199.75
2019-04-18 06:00:00+00:00,9446.5
2019-04-18 07:00:00+00:00,16723.75
2019-04-18 08:00:00+00:00,22754.5
2019-04-18 09:00:00+00:00,26793.25
2019-04-18 10:00:00+00:00,28964.5
2019-04-18 11:00:00+00:00,29289.5
2019-04-18 12:00:00+00:00,27804.5
2019-04-18 13:00:00+00:00,24618.25
2019-04-18 14:00:00+00:00,19732.0
2019-04-18 15:00:00+00:00,13129.75
2019-04-18 16:00:00+00:00,6168.75
2019-04-18 17:00:00+00:00,1406.75
2019-04-18 18:00:00+00:00,39.75
2019-04-18 19:00:00+00:00,0.0
2019-04-18 20:00:00+00:00,0.0
2019-04-18 21:00:00+00:00,0.0
2019-04-18 22:00:00+00:00,0.0
2019-04-18 23:00:00+00:00,0.0
2019-04-19 00:00:00+00:00,0.0
2019-04-19 01:00:00+00:00,0.0
2019-04-19 02:00:00+00:00,0.0
2019-04-19 03:00:00+00:00,0.75
2019-04-19 04:00:00+00:00,296.5
2019-04-19 05:00:00+00:00,3397.0
2019-04-19 06:00:00+00:00,9901.75
2019-04-19 07:00:00+00:00,17204.0
2019-04-19 08:00:00+00:00,23183.0
2019-04-19 09:00:00+00:00,27170.0
2019-04-19 10:00:00+00:00,29256.75
2019-04-19 11:00:00+00:00,29572.25
2019-04-19 12:00:00+00:00,28114.0
2019-04-19 13:00:00+00:00,24933.75
2019-04-19 14:00:00+00:00,19978.0
2019-04-19 15:00:00+00:00,13418.25
2019-04-19 16:00:00+00:00,6358.75
2019-04-19 17:00:00+00:00,1473.75
2019-04-19 18:00:00+00:00,42.75
2019-04-19 19:00:00+00:00,0.0
2019-04-19 20:00:00+00:00,0.0
2019-04-19 21:00:00+00:00,0.0
2019-04-19 22:00:00+00:00,0.0
2019-04-19 23:00:00+00:00,0.0
2019-04-20 00:00:00+00:00,0.0
2019-04-20 01:00:00+00:00,0.0
2019-04-20 02:00:00+00:00,0.0
2019-04-20 03:00:00+00:00,0.5
2019-04-20 04:00:00+00:00,323.5
2019-04-20 05:00:00+00:00,3542.75
2019-04-20 06:00:00+00:00,10053.5
2019-04-20 07:00:00+00:00,17271.5
2019-04-20 08:00:00+00:00,23107.0
2019-04-20 09:00:00+00:00,27002.75
2019-04-20 10:00:00+00:00,29046.0
2019-04-20 11:00:00+00:00,29348.0
2019-04-20 12:00:00+00:00,27951.0
2019-04-20 13:00:00+00:00,24876.75
2019-04-20 14:00:00+00:00,20108.5
2019-04-20 15:00:00+00:00,13586.25
2019-04-20 16:00:00+00:00,6534.0
2019-04-20 17:00:00+00:00,1557.5
2019-04-20 18:00:00+00:00,53.75
2019-04-20 19:00:00+00:00,0.0
2019-04-20 20:00:00+00:00,0.0
2019-04-20 21:00:00+00:00,0.0
2019-04-20 22:00:00+00:00,0.0
2019-04-20 23:00:00+00:00,0.0
2019-04-21 00:00:00+00:00,0.0
2019-04-21 01:00:00+00:00,0.0
2019-04-21 02:00:00+00:00,0.0
2019-04-21 03:00:00+00:00,0.5
2019-04-21 04:00:00+00:00,369.0
2019-04-21 05:00:00+00:00,3728.25
2019-04-21 06:00:00+00:00,10337.75
2019-04-21 07:00:00+00:00,17530.0
2019-04-21 08:00:00+00:00,23261.25
2019-04-21 09:00:00+00:00,27198.0
2019-04-21 10:00:00+00:00,29261.5
2019-04-21 11:00:00+00:00,29481.0
2019-04-21 12:00:00+00:00,28077.25
2019-04-21 13:00:00+00:00,24980.0
2019-04-21 14:00:00+00:00,20153.25
2019-04-21 15:00:00+00:00,13640.0
2019-04-21 16:00:00+00:00,6568.0
2019-04-21 17:00:00+00:00,1553.25
2019-04-21 18:00:00+00:00,59.0
2019-04-21 19:00:00+00:00,0.0
2019-04-21 20:00:00+00:00,0.0
2019-04-21 21:00:00+00:00,0.0
2019-04-21 22:00:00+00:00,0.0
2019-04-21 23:00:00+00:00,0.0
2019-04-22 00:00:00+00:00,0.0
2019-04-22 01:00:00+00:00,0.0
2019-04-22 02:00:00+00:00,0.0
2019-04-22 03:00:00+00:00,0.75
2019-04-22 04:00:00+00:00,428.25
2019-04-22 05:00:00+00:00,3818.25
2019-04-22 06:00:00+00:00,10370.5
2019-04-22 07:00:00+00:00,17469.5
2019-04-22 08:00:00+00:00,23197.5
2019-04-22 09:00:00+00:00,26949.75
2019-04-22 10:00:00+00:00,28901.5
2019-04-22 11:00:00+00:00,28889.0
2019-04-22 12:00:00+00:00,27321.75
2019-04-22 13:00:00+00:00,24376.0
2019-04-22 14:00:00+00:00,19577.75
2019-04-22 15:00:00+00:00,13092.5
2019-04-22 16:00:00+00:00,6351.75
2019-04-22 17:00:00+00:00,1612.5
2019-04-22 18:00:00+00:00,65.75
2019-04-22 19:00:00+00:00,0.0
2019-04-22 20:00:00+00:00,0.0
2019-04-22 21:00:00+00:00,0.0
2019-04-22 22:00:00+00:00,0.0
2019-04-22 23:00:00+00:00,0.0
2019-04-23 00:00:00+00:00,0.0
2019-04-23 01:00:00+00:00,0.0
2019-04-23 02:00:00+00:00,0.0
2019-04-23 03:00:00+00:00,1.0
2019-04-23 04:00:00+00:00,451.75
2019-04-23 05:00:00+00:00,3478.0
2019-04-23 06:00:00+00:00,8871.0
2019-04-23 07:00:00+00:00,14809.75
2019-04-23 08:00:00+00:00,19862.75
2019-04-23 09:00:00+00:00,23108.5
2019-04-23 10:00:00+00:00,24501.75
2019-04-23 11:00:00+00:00,23601.0
2019-04-23 12:00:00+00:00,20976.25
2019-04-23 13:00:00+00:00,17227.5
2019-04-23 14:00:00+00:00,12659.75
2019-04-23 15:00:00+00:00,8235.75
2019-04-23 16:00:00+00:00,4195.25
2019-04-23 17:00:00+00:00,1203.75
2019-04-23 18:00:00+00:00,49.25
2019-04-23 19:00:00+00:00,0.0
2019-04-23 20:00:00+00:00,0.0
2019-04-23 21:00:00+00:00,0.0
2019-04-23 22:00:00+00:00,0.0
2019-04-23 23:00:00+00:00,0.0
2019-04-24 00:00:00+00:00,0.0
2019-04-24 01:00:00+00:00,0.0
2019-04-24 02:00:00+00:00,0.0
2019-04-24 03:00:00+00:00,1.25
2019-04-24 04:00:00+00:00,390.25
2019-04-24 05:00:00+00:00,3058.25
2019-04-24 06:00:00+00:00,8137.25
2019-04-24 07:00:00+00:00,14591.75
2019-04-24 08:00:00+00:00,20330.25
2019-04-24 09:00:00+00:00,24700.75
2019-04-24 10:00:00+00:00,26998.5
2019-04-24 11:00:00+00:00,27350.25
2019-04-24 12:00:00+00:00,25437.25
2019-04-24 13:00:00+00:00,21337.5
2019-04-24 14:00:00+00:00,15795.25
2019-04-24 15:00:00+00:00,9727.25
2019-04-24 16:00:00+00:00,4434.75
2019-04-24 17:00:00+00:00,1139.75
2019-04-24 18:00:00+00:00,49.25
2019-04-24 19:00:00+00:00,0.0
2019-04-24 20:00:00+00:00,0.0
2019-04-24 21:00:00+00:00,0.0
2019-04-24 22:00:00+00:00,0.0
2019-04-24 23:00:00+00:00,0.0
2019-04-25 00:00:00+00:00,0.0
2019-04-25 01:00:00+00:00,0.0
2019-04-25 02:00:00+00:00,0.0
2019-04-25 03:00:00+00:00,2.0
2019-04-25 04:00:00+00:00,489.75
2019-04-25 05:00:00+00:00,3753.0
2019-04-25 06:00:00+00:00,9963.0
2019-04-25 07:00:00+00:00,16486.0
2019-04-25 08:00:00+00:00,21583.25
2019-04-25 09:00:00+00:00,24692.25
2019-04-25 10:00:00+00:00,25795.25
2019-04-25 11:00:00+00:00,25511.5
2019-04-25 12:00:00+00:00,24102.75
2019-04-25 13:00:00+00:00,20920.25
2019-04-25 14:00:00+00:00,16279.25
2019-04-25 15:00:00+00:00,10571.75
2019-04-25 16:00:00+00:00,5208.25
2019-04-25 17:00:00+00:00,1472.75
2019-04-25 18:00:00+00:00,74.5
2019-04-25 19:00:00+00:00,0.0
2019-04-25 20:00:00+00:00,0.0
2019-04-25 21:00:00+00:00,0.0
2019-04-25 22:00:00+00:00,0.0
2019-04-25 23:00:00+00:00,0.0
2019-04-26 00:00:00+00:00,0.0
2019-04-26 01:00:00+00:00,0.0
2019-04-26 02:00:00+00:00,0.0
2019-04-26 03:00:00+00:00,3.0
2019-04-26 04:00:00+00:00,438.25
2019-04-26 05:00:00+00:00,2765.75
2019-04-26 06:00:00+00:00,6243.5
2019-04-26 07:00:00+00:00,9531.5
2019-04-26 08:00:00+00:00,11765.0
2019-04-26 09:00:00+00:00,12751.25
2019-04-26 10:00:00+00:00,12913.0
2019-04-26 11:00:00+00:00,12415.25
2019-04-26 12:00:00+00:00,11014.75
2019-04-26 13:00:00+00:00,9422.0
2019-04-26 14:00:00+00:00,7543.0
2019-04-26 15:00:00+00:00,5574.25
2019-04-26 16:00:00+00:00,3161.75
2019-04-26 17:00:00+00:00,976.25
2019-04-26 18:00:00+00:00,73.25
2019-04-26 19:00:00+00:00,0.0
2019-04-26 20:00:00+00:00,0.0
2019-04-26 21:00:00+00:00,0.0
2019-04-26 22:00:00+00:00,0.0
2019-04-26 23:00:00+00:00,0.0
2019-04-27 00:00:00+00:00,0.0
2019-04-27 01:00:00+00:00,0.0
2019-04-27 02:00:00+00:00,0.0
2019-04-27 03:00:00+00:00,3.0
2019-04-27 04:00:00+00:00,360.75
2019-04-27 05:00:00+00:00,2401.25
2019-04-27 06:00:00+00:00,5937.5
2019-04-27 07:00:00+00:00,10134.5
2019-04-27 08:00:00+00:00,13110.75
2019-04-27 09:00:00+00:00,14442.75
2019-04-27 10:00:00+00:00,14929.75
2019-04-27 11:00:00+00:00,14856.25
2019-04-27 12:00:00+00:00,14082.5
2019-04-27 13:00:00+00:00,12125.75
2019-04-27 14:00:00+00:00,9646.5
2019-04-27 15:00:00+00:00,6838.25
2019-04-27 16:00:00+00:00,3396.5
2019-04-27 17:00:00+00:00,1072.75
2019-04-27 18:00:00+00:00,71.25
2019-04-27 19:00:00+00:00,0.0
2019-04-27 20:00:00+00:00,0.0
2019-04-27 21:00:00+00:00,0.0
2019-04-27 22:00:00+00:00,0.0
2019-04-27 23:00:00+00:00,0.0
2019-04-28 00:00:00+00:00,0.0
2019-04-28 01:00:00+00:00,0.0
2019-04-28 02:00:00+00:00,0.0
2019-04-28 03:00:00+00:00,3.5
2019-04-28 04:00:00+00:00,364.25
2019-04-28 05:00:00+00:00,2126.0
2019-04-28 06:00:00+00:00,5070.75
2019-04-28 07:00:00+00:00,8250.5
2019-04-28 08:00:00+00:00,11073.0
2019-04-28 09:00:00+00:00,13350.75
2019-04-28 10:00:00+00:00,15154.25
2019-04-28 11:00:00+00:00,16187.25
2019-04-28 12:00:00+00:00,15880.5
2019-04-28 13:00:00+00:00,14487.0
2019-04-28 14:00:00+00:00,12561.25
2019-04-28 15:00:00+00:00,9342.75
2019-04-28 16:00:00+00:00,5386.75
2019-04-28 17:00:00+00:00,1798.0
2019-04-28 18:00:00+00:00,132.0
2019-04-28 19:00:00+00:00,0.0
2019-04-28 20:00:00+00:00,0.0
2019-04-28 21:00:00+00:00,0.0
2019-04-28 22:00:00+00:00,0.0
2019-04-28 23:00:00+00:00,0.0
2019-04-29 00:00:00+00:00,0.0
2019-04-29 01:00:00+00:00,0.0
2019-04-29 02:00:00+00:00,0.0
2019-04-29 03:00:00+00:00,3.5
2019-04-29 04:00:00+00:00,350.0
2019-04-29 05:00:00+00:00,2292.25
2019-04-29 06:00:00+00:00,5327.0
2019-04-29 07:00:00+00:00,8514.5
2019-04-29 08:00:00+00:00,11123.75
2019-04-29 09:00:00+00:00,12282.75
2019-04-29 10:00:00+00:00,12359.25
2019-04-29 11:00:00+00:00,12055.25
2019-04-29 12:00:00+00:00,11260.25
2019-04-29 13:00:00+00:00,9518.25
2019-04-29 14:00:00+00:00,7337.5
2019-04-29 15:00:00+00:00,5072.25
2019-04-29 16:00:00+00:00,2585.5
2019-04-29 17:00:00+00:00,760.75
2019-04-29 18:00:00+00:00,59.5
2019-04-29 19:00:00+00:00,0.0
2019-04-29 20:00:00+00:00,0.0
2019-04-29 21:00:00+00:00,0.0
2019-04-29 22:00:00+00:00,0.0
2019-04-29 23:00:00+00:00,0.0
2019-04-30 00:00:00+00:00,0.0
2019-04-30 01:00:00+00:00,0.0
2019-04-30 02:00:00+00:00,0.0
2019-04-30 03:00:00+00:00,8.5
2019-04-30 04:00:00+00:00,481.25
2019-04-30 05:00:00+00:00,2902.75
2019-04-30 06:00:00+00:00,7071.25
2019-04-30 07:00:00+00:00,12058.5
2019-04-30 08:00:00+00:00,17166.75
2019-04-30 09:00:00+00:00,21429.75
2019-04-30 10:00:00+00:00,24190.5
2019-04-30 11:00:00+00:00,24884.5
2019-04-30 12:00:00+00:00,24029.0
2019-04-30 13:00:00+00:00,21425.75
2019-04-30 14:00:00+00:00,17560.25
2019-04-30 15:00:00+00:00,12287.5
2019-04-30 16:00:00+00:00,6456.5
2019-04-30 17:00:00+00:00,2019.5
2019-04-30 18:00:00+00:00,173.25
2019-04-30 19:00:00+00:00,0.0
2019-04-30 20:00:00+00:00,0.0
2019-04-30 21:00:00+00:00,0.0
2019-04-30 22:00:00+00:00,0.0
2019-04-30 23:00:00+00:00,0.0
2019-05-01 00:00:00+00:00,0.0
2019-05-01 01:00:00+00:00,0.0
2019-05-01 02:00:00+00:00,0.0
2019-05-01 03:00:00+00:00,8.25
2019-05-01 04:00:00+00:00,590.0
2019-05-01 05:00:00+00:00,3206.25
2019-05-01 06:00:00+00:00,7603.0
2019-05-01 07:00:00+00:00,12763.25
2019-05-01 08:00:00+00:00,17508.75
2019-05-01 09:00:00+00:00,20655.5
2019-05-01 10:00:00+00:00,22225.5
2019-05-01 11:00:00+00:00,22627.25
2019-05-01 12:00:00+00:00,22056.5
2019-05-01 13:00:00+00:00,20065.0
2019-05-01 14:00:00+00:00,16473.75
2019-05-01 15:00:00+00:00,11725.25
2019-05-01 16:00:00+00:00,6308.5
2019-05-01 17:00:00+00:00,1987.0
2019-05-01 18:00:00+00:00,158.75
2019-05-01 19:00:00+00:00,0.0
2019-05-01 20:00:00+00:00,0.0
2019-05-01 21:00:00+00:00,0.0
2019-05-01 22:00:00+00:00,0.0
2019-05-01 23:00:00+00:00,0.0
2019-05-02 00:00:00+00:00,0.0
2019-05-02 01:00:00+00:00,0.0
2019-05-02 02:00:00+00:00,0.0
2019-05-02 03:00:00+00:00,10.25
2019-05-02 04:00:00+00:00,626.0
2019-05-02 05:00:00+00:00,3384.0
2019-05-02 06:00:00+00:00,7735.0
2019-05-02 07:00:00+00:00,12623.5
2019-05-02 08:00:00+00:00,17312.25
2019-05-02 09:00:00+00:00,20694.75
2019-05-02 10:00:00+00:00,21139.5
2019-05-02 11:00:00+00:00,20137.75
2019-05-02 12:00:00+00:00,18171.0
2019-05-02 13:00:00+00:00,15487.75
2019-05-02 14:00:00+00:00,12252.75
2019-05-02 15:00:00+00:00,8264.25
2019-05-02 16:00:00+00:00,4142.0
2019-05-02 17:00:00+00:00,1263.5
2019-05-02 18:00:00+00:00,106.0
2019-05-02 19:00:00+00:00,0.25
2019-05-02 20:00:00+00:00,0.0
2019-05-02 21:00:00+00:00,0.0
2019-05-02 22:00:00+00:00,0.0
2019-05-02 23:00:00+00:00,0.0
2019-05-03 00:00:00+00:00,0.0
2019-05-03 01:00:00+00:00,0.0
2019-05-03 02:00:00+00:00,0.0
2019-05-03 03:00:00+00:00,13.5
2019-05-03 04:00:00+00:00,488.0
2019-05-03 05:00:00+00:00,2465.75
2019-05-03 06:00:00+00:00,6014.75
2019-05-03 07:00:00+00:00,9811.0
2019-05-03 08:00:00+00:00,12537.0
2019-05-03 09:00:00+00:00,14098.0
2019-05-03 10:00:00+00:00,15433.25
2019-05-03 11:00:00+00:00,15755.5
2019-05-03 12:00:00+00:00,14625.5
2019-05-03 13:00:00+00:00,12513.0
2019-05-03 14:00:00+00:00,10002.5
2019-05-03 15:00:00+00:00,7159.25
2019-05-03 16:00:00+00:00,3973.0
2019-05-03 17:00:00+00:00,1402.75
2019-05-03 18:00:00+00:00,124.25
2019-05-03 19:00:00+00:00,0.0
2019-05-03 20:00:00+00:00,0.0
2019-05-03 21:00:00+00:00,0.0
2019-05-03 22:00:00+00:00,0.0
2019-05-03 23:00:00+00:00,0.0
2019-05-04 00:00:00+00:00,0.0
2019-05-04 01:00:00+00:00,0.0
2019-05-04 02:00:00+00:00,0.0
2019-05-04 03:00:00+00:00,11.25
2019-05-04 04:00:00+00:00,515.75
2019-05-04 05:00:00+00:00,2433.25
2019-05-04 06:00:00+00:00,5405.0
2019-05-04 07:00:00+00:00,8583.75
2019-05-04 08:00:00+00:00,10636.75
2019-05-04 09:00:00+00:00,12188.0
2019-05-04 10:00:00+00:00,13391.75
2019-05-04 11:00:00+00:00,13290.5
2019-05-04 12:00:00+00:00,13051.75
2019-05-04 13:00:00+00:00,12114.75
2019-05-04 14:00:00+00:00,10347.25
2019-05-04 15:00:00+00:00,7968.75
2019-05-04 16:00:00+00:00,4852.5
2019-05-04 17:00:00+00:00,1818.5
2019-05-04 18:00:00+00:00,198.0
2019-05-04 19:00:00+00:00,0.25
2019-05-04 20:00:00+00:00,0.0
2019-05-04 21:00:00+00:00,0.0
2019-05-04 22:00:00+00:00,0.0
2019-05-04 23:00:00+00:00,0.0
2019-05-05 00:00:00+00:00,0.0
2019-05-05 01:00:00+00:00,0.0
2019-05-05 02:00:00+00:00,0.0
2019-05-05 03:00:00+00:00,20.5
2019-05-05 04:00:00+00:00,802.25
2019-05-05 05:00:00+00:00,3866.25
2019-05-05 06:00:00+00:00,8292.5
2019-05-05 07:00:00+00:00,13016.5
2019-05-05 08:00:00+00:00,15954.25
2019-05-05 09:00:00+00:00,17486.75
2019-05-05 10:00:00+00:00,17592.75
2019-05-05 11:00:00+00:00,16949.25
2019-05-05 12:00:00+00:00,16425.25
2019-05-05 13:00:00+00:00,14988.25
2019-05-05 14:00:00+00:00,12521.25
2019-05-05 15:00:00+00:00,9088.0
2019-05-05 16:00:00+00:00,5331.5
2019-05-05 17:00:00+00:00,2016.5
2019-05-05 18:00:00+00:00,222.0
2019-05-05 19:00:00+00:00,0.25
2019-05-05 20:00:00+00:00,0.0
2019-05-05 21:00:00+00:00,0.0
2019-05-05 22:00:00+00:00,0.0
2019-05-05 23:00:00+00:00,0.0
2019-05-06 00:00:00+00:00,0.0
2019-05-06 01:00:00+00:00,0.0
2019-05-06 02:00:00+00:00,0.0
2019-05-06 03:00:00+00:00,22.75
2019-05-06 04:00:00+00:00,869.5
2019-05-06 05:00:00+00:00,4146.5
2019-05-06 06:00:00+00:00,9591.5
2019-05-06 07:00:00+00:00,15012.25
2019-05-06 08:00:00+00:00,16816.25
2019-05-06 09:00:00+00:00,15868.5
2019-05-06 10:00:00+00:00,14954.5
2019-05-06 11:00:00+00:00,14562.75
2019-05-06 12:00:00+00:00,13946.25
2019-05-06 13:00:00+00:00,12394.75
2019-05-06 14:00:00+00:00,10085.25
2019-05-06 15:00:00+00:00,7135.5
2019-05-06 16:00:00+00:00,3929.5
2019-05-06 17:00:00+00:00,1398.75
2019-05-06 18:00:00+00:00,141.75
2019-05-06 19:00:00+00:00,0.25
2019-05-06 20:00:00+00:00,0.0
2019-05-06 21:00:00+00:00,0.0
2019-05-06 22:00:00+00:00,0.0
2019-05-06 23:00:00+00:00,0.0
2019-05-07 00:00:00+00:00,0.0
2019-05-07 01:00:00+00:00,0.0
2019-05-07 02:00:00+00:00,0.0
2019-05-07 03:00:00+00:00,25.25
2019-05-07 04:00:00+00:00,946.0
2019-05-07 05:00:00+00:00,4244.75
2019-05-07 06:00:00+00:00,9517.25
2019-05-07 07:00:00+00:00,15036.0
2019-05-07 08:00:00+00:00,18230.75
2019-05-07 09:00:00+00:00,18978.75
2019-05-07 10:00:00+00:00,18970.25
2019-05-07 11:00:00+00:00,19182.0
2019-05-07 12:00:00+00:00,18790.0
2019-05-07 13:00:00+00:00,17210.25
2019-05-07 14:00:00+00:00,14741.0
2019-05-07 15:00:00+00:00,10591.0
2019-05-07 16:00:00+00:00,5989.5
2019-05-07 17:00:00+00:00,2186.0
2019-05-07 18:00:00+00:00,243.25
2019-05-07 19:00:00+00:00,0.25
2019-05-07 20:00:00+00:00,0.0
2019-05-07 21:00:00+00:00,0.0
2019-05-07 22:00:00+00:00,0.0
2019-05-07 23:00:00+00:00,0.0
2019-05-08 00:00:00+00:00,0.0
2019-05-08 01:00:00+00:00,0.0
2019-05-08 02:00:00+00:00,0.0
2019-05-08 03:00:00+00:00,32.0
2019-05-08 04:00:00+00:00,912.0
2019-05-08 05:00:00+00:00,3588.25
2019-05-08 06:00:00+00:00,7342.5
2019-05-08 07:00:00+00:00,11396.25
2019-05-08 08:00:00+00:00,14785.5
2019-05-08 09:00:00+00:00,16257.0
2019-05-08 10:00:00+00:00,15000.0
2019-05-08 11:00:00+00:00,12697.0
2019-05-08 12:00:00+00:00,10500.75
2019-05-08 13:00:00+00:00,8500.0
2019-05-08 14:00:00+00:00,5893.25
2019-05-08 15:00:00+00:00,3733.5
2019-05-08 16:00:00+00:00,2042.5
2019-05-08 17:00:00+00:00,809.25
2019-05-08 18:00:00+00:00,87.25
2019-05-08 19:00:00+00:00,0.5
2019-05-08 20:00:00+00:00,0.0
2019-05-08 21:00:00+00:00,0.0
2019-05-08 22:00:00+00:00,0.0
2019-05-08 23:00:00+00:00,0.0
2019-05-09 00:00:00+00:00,0.0
2019-05-09 01:00:00+00:00,0.0
2019-05-09 02:00:00+00:00,0.0
2019-05-09 03:00:00+00:00,22.5
2019-05-09 04:00:00+00:00,653.5
2019-05-09 05:00:00+00:00,3219.5
2019-05-09 06:00:00+00:00,7693.0
2019-05-09 07:00:00+00:00,12477.25
2019-05-09 08:00:00+00:00,15350.75
2019-05-09 09:00:00+00:00,16073.0
2019-05-09 10:00:00+00:00,16303.5
2019-05-09 11:00:00+00:00,16156.25
2019-05-09 12:00:00+00:00,14947.25
2019-05-09 13:00:00+00:00,13338.75
2019-05-09 14:00:00+00:00,11108.25
2019-05-09 15:00:00+00:00,7855.5
2019-05-09 16:00:00+00:00,4673.75
2019-05-09 17:00:00+00:00,1880.25
2019-05-09 18:00:00+00:00,223.0
2019-05-09 19:00:00+00:00,0.75
2019-05-09 20:00:00+00:00,0.0
2019-05-09 21:00:00+00:00,0.0
2019-05-09 22:00:00+00:00,0.0
2019-05-09 23:00:00+00:00,0.0
2019-05-10 00:00:00+00:00,0.0
2019-05-10 01:00:00+00:00,0.0
2019-05-10 02:00:00+00:00,0.0
2019-05-10 03:00:00+00:00,35.5
2019-05-10 04:00:00+00:00,824.25
2019-05-10 05:00:00+00:00,3319.5
2019-05-10 06:00:00+00:00,6903.25
2019-05-10 07:00:00+00:00,10841.5
2019-05-10 08:00:00+00:00,13289.25
2019-05-10 09:00:00+00:00,14582.75
2019-05-10 10:00:00+00:00,15932.5
2019-05-10 11:00:00+00:00,16377.0
2019-05-10 12:00:00+00:00,16465.25
2019-05-10 13:00:00+00:00,15622.25
2019-05-10 14:00:00+00:00,13256.0
2019-05-10 15:00:00+00:00,9602.75
2019-05-10 16:00:00+00:00,5720.75
2019-05-10 17:00:00+00:00,2308.0
2019-05-10 18:00:00+00:00,288.25
2019-05-10 19:00:00+00:00,1.25
2019-05-10 20:00:00+00:00,0.0
2019-05-10 21:00:00+00:00,0.0
2019-05-10 22:00:00+00:00,0.0
2019-05-10 23:00:00+00:00,0.0
2019-05-11 00:00:00+00:00,0.0
2019-05-11 01:00:00+00:00,0.0
2019-05-11 02:00:00+00:00,0.0
2019-05-11 03:00:00+00:00,42.0
2019-05-11 04:00:00+00:00,711.75
2019-05-11 05:00:00+00:00,2587.25
2019-05-11 06:00:00+00:00,5230.0
2019-05-11 07:00:00+00:00,8233.75
2019-05-11 08:00:00+00:00,11139.75
2019-05-11 09:00:00+00:00,12720.25
2019-05-11 10:00:00+00:00,13446.0
2019-05-11 11:00:00+00:00,12778.0
2019-05-11 12:00:00+00:00,12465.75
2019-05-11 13:00:00+00:00,10828.25
2019-05-11 14:00:00+00:00,8490.25
2019-05-11 15:00:00+00:00,5984.5
2019-05-11 16:00:00+00:00,3699.75
2019-05-11 17:00:00+00:00,1519.75
2019-05-11 18:00:00+00:00,266.5
2019-05-11 19:00:00+00:00,2.5
2019-05-11 20:00:00+00:00,0.0
2019-05-11 21:00:00+00:00,0.0
2019-05-11 22:00:00+00:00,0.0
2019-05-11 23:00:00+00:00,0.0
2019-05-12 00:00:00+00:00,0.0
2019-05-12 01:00:00+00:00,0.0
2019-05-12 02:00:00+00:00,0.0
2019-05-12 03:00:00+00:00,44.5
2019-05-12 04:00:00+00:00,801.75
2019-05-12 05:00:00+00:00,3404.25
2019-05-12 06:00:00+00:00,7528.0
2019-05-12 07:00:00+00:00,11896.25
2019-05-12 08:00:00+00:00,15859.75
2019-05-12 09:00:00+00:00,19442.0
2019-05-12 10:00:00+00:00,21507.0
2019-05-12 11:00:00+00:00,22035.75
2019-05-12 12:00:00+00:00,21464.25
2019-05-12 13:00:00+00:00,19497.5
2019-05-12 14:00:00+00:00,16278.0
2019-05-12 15:00:00+00:00,11791.75
2019-05-12 16:00:00+00:00,6814.75
2019-05-12 17:00:00+00:00,2673.25
2019-05-12 18:00:00+00:00,422.25
2019-05-12 19:00:00+00:00,3.25
2019-05-12 20:00:00+00:00,0.0
2019-05-12 21:00:00+00:00,0.0
2019-05-12 22:00:00+00:00,0.0
2019-05-12 23:00:00+00:00,0.0
2019-05-13 00:00:00+00:00,0.0
2019-05-13 01:00:00+00:00,0.0
2019-05-13 02:00:00+00:00,0.0
2019-05-13 03:00:00+00:00,64.0
2019-05-13 04:00:00+00:00,1348.5
2019-05-13 05:00:00+00:00,5668.25
2019-05-13 06:00:00+00:00,12493.0
2019-05-13 07:00:00+00:00,19367.25
2019-05-13 08:00:00+00:00,24647.75
2019-05-13 09:00:00+00:00,27030.0
2019-05-13 10:00:00+00:00,27163.0
2019-05-13 11:00:00+00:00,26558.75
2019-05-13 12:00:00+00:00,25446.25
2019-05-13 13:00:00+00:00,22977.25
2019-05-13 14:00:00+00:00,19485.25
2019-05-13 15:00:00+00:00,14216.5
2019-05-13 16:00:00+00:00,8079.75
2019-05-13 17:00:00+00:00,3018.5
2019-05-13 18:00:00+00:00,430.25
2019-05-13 19:00:00+00:00,3.0
2019-05-13 20:00:00+00:00,0.0
2019-05-13 21:00:00+00:00,0.0
2019-05-13 22:00:00+00:00,0.0
2019-05-13 23:00:00+00:00,0.0
2019-05-14 00:00:00+00:00,0.0
2019-05-14 01:00:00+00:00,0.0
2019-05-14 02:00:00+00:00,0.0
2019-05-14 03:00:00+00:00,77.75
2019-05-14 04:00:00+00:00,1465.5
2019-05-14 05:00:00+00:00,5870.25
2019-05-14 06:00:00+00:00,12574.25
2019-05-14 07:00:00+00:00,18489.75
2019-05-14 08:00:00+00:00,21558.0
2019-05-14 09:00:00+00:00,22071.25
2019-05-14 10:00:00+00:00,22410.5
2019-05-14 11:00:00+00:00,22175.25
2019-05-14 12:00:00+00:00,21258.5
2019-05-14 13:00:00+00:00,19611.5
2019-05-14 14:00:00+00:00,16585.0
2019-05-14 15:00:00+00:00,12319.5
2019-05-14 16:00:00+00:00,7280.25
2019-05-14 17:00:00+00:00,2941.25
2019-05-14 18:00:00+00:00,452.75
2019-05-14 19:00:00+00:00,4.25
2019-05-14 20:00:00+00:00,0.0
2019-05-14 21:00:00+00:00,0.0
2019-05-14 22:00:00+00:00,0.0
2019-05-14 23:00:00+00:00,0.0
2019-05-15 00:00:00+00:00,0.0
2019-05-15 01:00:00+00:00,0.0
2019-05-15 02:00:00+00:00,0.0
2019-05-15 03:00:00+00:00,68.0
2019-05-15 04:00:00+00:00,1162.5
2019-05-15 05:00:00+00:00,4567.25
2019-05-15 06:00:00+00:00,9699.0
2019-05-15 07:00:00+00:00,15087.5
2019-05-15 08:00:00+00:00,19318.25
2019-05-15 09:00:00+00:00,21881.75
2019-05-15 10:00:00+00:00,22209.0
2019-05-15 11:00:00+00:00,21123.0
2019-05-15 12:00:00+00:00,19000.5
2019-05-15 13:00:00+00:00,16143.5
2019-05-15 14:00:00+00:00,12712.5
2019-05-15 15:00:00+00:00,8910.0
2019-05-15 16:00:00+00:00,5162.5
2019-05-15 17:00:00+00:00,2025.5
2019-05-15 18:00:00+00:00,325.5
2019-05-15 19:00:00+00:00,4.75
2019-05-15 20:00:00+00:00,0.0
2019-05-15 21:00:00+00:00,0.0
2019-05-15 22:00:00+00:00,0.0
2019-05-15 23:00:00+00:00,0.0
2019-05-16 00:00:00+00:00,0.0
2019-05-16 01:00:00+00:00,0.0
2019-05-16 02:00:00+00:00,0.0
2019-05-16 03:00:00+00:00,34.5
2019-05-16 04:00:00+00:00,674.25
2019-05-16 05:00:00+00:00,2524.25
2019-05-16 06:00:00+00:00,5256.25
2019-05-16 07:00:00+00:00,8002.25
2019-05-16 08:00:00+00:00,10068.75
2019-05-16 09:00:00+00:00,11323.0
2019-05-16 10:00:00+00:00,12107.75
2019-05-16 11:00:00+00:00,12041.25
2019-05-16 12:00:00+00:00,10923.75
2019-05-16 13:00:00+00:00,9178.0
2019-05-16 14:00:00+00:00,7023.75
2019-05-16 15:00:00+00:00,4753.0
2019-05-16 16:00:00+00:00,2672.75
2019-05-16 17:00:00+00:00,995.25
2019-05-16 18:00:00+00:00,149.0
2019-05-16 19:00:00+00:00,2.0
2019-05-16 20:00:00+00:00,0.0
2019-05-16 21:00:00+00:00,0.0
2019-05-16 22:00:00+00:00,0.0
2019-05-16 23:00:00+00:00,0.0
2019-05-17 00:00:00+00:00,0.0
2019-05-17 01:00:00+00:00,0.0
2019-05-17 02:00:00+00:00,0.0
2019-05-17 03:00:00+00:00,77.75
2019-05-17 04:00:00+00:00,1029.0
2019-05-17 05:00:00+00:00,3607.5
2019-05-17 06:00:00+00:00,7741.25
2019-05-17 07:00:00+00:00,12630.75
2019-05-17 08:00:00+00:00,16550.0
2019-05-17 09:00:00+00:00,18814.25
2019-05-17 10:00:00+00:00,19614.5
2019-05-17 11:00:00+00:00,19771.25
2019-05-17 12:00:00+00:00,18894.75
2019-05-17 13:00:00+00:00,17342.0
2019-05-17 14:00:00+00:00,14640.0
2019-05-17 15:00:00+00:00,10772.5
2019-05-17 16:00:00+00:00,6246.25
2019-05-17 17:00:00+00:00,2514.0
2019-05-17 18:00:00+00:00,406.75
2019-05-17 19:00:00+00:00,3.5
2019-05-17 20:00:00+00:00,0.0
2019-05-17 21:00:00+00:00,0.0
2019-05-17 22:00:00+00:00,0.0
2019-05-17 23:00:00+00:00,0.0
2019-05-18 00:00:00+00:00,0.0
2019-05-18 01:00:00+00:00,0.0
2019-05-18 02:00:00+00:00,0.0
2019-05-18 03:00:00+00:00,116.75
2019-05-18 04:00:00+00:00,1609.75
2019-05-18 05:00:00+00:00,5625.5
2019-05-18 06:00:00+00:00,11467.5
2019-05-18 07:00:00+00:00,17531.25
2019-05-18 08:00:00+00:00,22544.5
2019-05-18 09:00:00+00:00,25944.0
2019-05-18 10:00:00+00:00,27393.5
2019-05-18 11:00:00+00:00,26855.5
2019-05-18 12:00:00+00:00,24175.25
2019-05-18 13:00:00+00:00,20530.5
2019-05-18 14:00:00+00:00,16227.25
2019-05-18 15:00:00+00:00,11438.75
2019-05-18 16:00:00+00:00,6456.0
2019-05-18 17:00:00+00:00,2511.0
2019-05-18 18:00:00+00:00,430.75
2019-05-18 19:00:00+00:00,4.0
2019-05-18 20:00:00+00:00,0.0
2019-05-18 21:00:00+00:00,0.0
2019-05-18 22:00:00+00:00,0.0
2019-05-18 23:00:00+00:00,0.0
2019-05-19 00:00:00+00:00,0.0
2019-05-19 01:00:00+00:00,0.0
2019-05-19 02:00:00+00:00,0.0
2019-05-19 03:00:00+00:00,120.5
2019-05-19 04:00:00+00:00,1625.5
2019-05-19 05:00:00+00:00,5346.5
2019-05-19 06:00:00+00:00,10648.25
2019-05-19 07:00:00+00:00,16095.25
2019-05-19 08:00:00+00:00,20838.5
2019-05-19 09:00:00+00:00,24471.25
2019-05-19 10:00:00+00:00,25730.25
2019-05-19 11:00:00+00:00,25240.5
2019-05-19 12:00:00+00:00,23084.25
2019-05-19 13:00:00+00:00,19907.0
2019-05-19 14:00:00+00:00,15592.5
2019-05-19 15:00:00+00:00,10610.25
2019-05-19 16:00:00+00:00,6099.75
2019-05-19 17:00:00+00:00,2450.75
2019-05-19 18:00:00+00:00,430.5
2019-05-19 19:00:00+00:00,3.75
2019-05-19 20:00:00+00:00,0.0
2019-05-19 21:00:00+00:00,0.0
2019-05-19 22:00:00+00:00,0.0
2019-05-19 23:00:00+00:00,0.0
2019-05-20 00:00:00+00:00,0.0
2019-05-20 01:00:00+00:00,0.0
2019-05-20 02:00:00+00:00,0.0
2019-05-20 03:00:00+00:00,92.5
2019-05-20 04:00:00+00:00,1134.25
2019-05-20 05:00:00+00:00,3271.0
2019-05-20 06:00:00+00:00,5959.0
2019-05-20 07:00:00+00:00,8772.5
2019-05-20 08:00:00+00:00,10726.75
2019-05-20 09:00:00+00:00,12069.5
2019-05-20 10:00:00+00:00,12401.5
2019-05-20 11:00:00+00:00,12017.5
2019-05-20 12:00:00+00:00,10593.0
2019-05-20 13:00:00+00:00,8992.5
2019-05-20 14:00:00+00:00,7117.5
2019-05-20 15:00:00+00:00,4877.75
2019-05-20 16:00:00+00:00,2553.0
2019-05-20 17:00:00+00:00,958.0
2019-05-20 18:00:00+00:00,192.5
2019-05-20 19:00:00+00:00,10.25
2019-05-20 20:00:00+00:00,0.0
2019-05-20 21:00:00+00:00,0.0
2019-05-20 22:00:00+00:00,0.0
2019-05-20 23:00:00+00:00,0.0
2019-05-21 00:00:00+00:00,0.0
2019-05-21 01:00:00+00:00,0.0
2019-05-21 02:00:00+00:00,0.0
2019-05-21 03:00:00+00:00,95.75
2019-05-21 04:00:00+00:00,701.5
2019-05-21 05:00:00+00:00,2188.5
2019-05-21 06:00:00+00:00,4201.25
2019-05-21 07:00:00+00:00,6283.0
2019-05-21 08:00:00+00:00,7977.0
2019-05-21 09:00:00+00:00,9416.5
2019-05-21 10:00:00+00:00,10056.25
2019-05-21 11:00:00+00:00,10010.5
2019-05-21 12:00:00+00:00,9478.25
2019-05-21 13:00:00+00:00,8202.0
2019-05-21 14:00:00+00:00,6677.25
2019-05-21 15:00:00+00:00,4725.75
2019-05-21 16:00:00+00:00,2734.0
2019-05-21 17:00:00+00:00,1096.75
2019-05-21 18:00:00+00:00,180.25
2019-05-21 19:00:00+00:00,5.25
2019-05-21 20:00:00+00:00,0.0
2019-05-21 21:00:00+00:00,0.0
2019-05-21 22:00:00+00:00,0.0
2019-05-21 23:00:00+00:00,0.0
2019-05-22 00:00:00+00:00,0.0
2019-05-22 01:00:00+00:00,0.0
2019-05-22 02:00:00+00:00,0.0
2019-05-22 03:00:00+00:00,48.5
2019-05-22 04:00:00+00:00,305.5
2019-05-22 05:00:00+00:00,1112.0
2019-05-22 06:00:00+00:00,2394.5
2019-05-22 07:00:00+00:00,4075.75
2019-05-22 08:00:00+00:00,6255.0
2019-05-22 09:00:00+00:00,8508.75
2019-05-22 10:00:00+00:00,10826.5
2019-05-22 11:00:00+00:00,12580.0
2019-05-22 12:00:00+00:00,13212.75
2019-05-22 13:00:00+00:00,12628.75
2019-05-22 14:00:00+00:00,11329.25
2019-05-22 15:00:00+00:00,9248.0
2019-05-22 16:00:00+00:00,6127.5
2019-05-22 17:00:00+00:00,2792.5
2019-05-22 18:00:00+00:00,587.5
2019-05-22 19:00:00+00:00,12.25
2019-05-22 20:00:00+00:00,0.0
2019-05-22 21:00:00+00:00,0.0
2019-05-22 22:00:00+00:00,0.0
2019-05-22 23:00:00+00:00,0.0
2019-05-23 00:00:00+00:00,0.0
2019-05-23 01:00:00+00:00,0.0
2019-05-23 02:00:00+00:00,0.0
2019-05-23 03:00:00+00:00,148.5
2019-05-23 04:00:00+00:00,1754.0
2019-05-23 05:00:00+00:00,5953.75
2019-05-23 06:00:00+00:00,12146.0
2019-05-23 07:00:00+00:00,18621.0
2019-05-23 08:00:00+00:00,23284.25
2019-05-23 09:00:00+00:00,26213.75
2019-05-23 10:00:00+00:00,27587.25
2019-05-23 11:00:00+00:00,27730.75
2019-05-23 12:00:00+00:00,26411.0
2019-05-23 13:00:00+00:00,23627.5
2019-05-23 14:00:00+00:00,19494.75
2019-05-23 15:00:00+00:00,14310.25
2019-05-23 16:00:00+00:00,8445.0
2019-05-23 17:00:00+00:00,3481.0
2019-05-23 18:00:00+00:00,751.5
2019-05-23 19:00:00+00:00,18.0
2019-05-23 20:00:00+00:00,0.0
2019-05-23 21:00:00+00:00,0.0
2019-05-23 22:00:00+00:00,0.0
2019-05-23 23:00:00+00:00,0.0
2019-05-24 00:00:00+00:00,0.0
2019-05-24 01:00:00+00:00,0.0
2019-05-24 02:00:00+00:00,0.25
2019-05-24 03:00:00+00:00,185.75
2019-05-24 04:00:00+00:00,1890.75
2019-05-24 05:00:00+00:00,6205.5
2019-05-24 06:00:00+00:00,12348.0
2019-05-24 07:00:00+00:00,18664.0
2019-05-24 08:00:00+00:00,23480.25
2019-05-24 09:00:00+00:00,26320.0
2019-05-24 10:00:00+00:00,26959.5
2019-05-24 11:00:00+00:00,25832.25
2019-05-24 12:00:00+00:00,23882.25
2019-05-24 13:00:00+00:00,20950.25
2019-05-24 14:00:00+00:00,16938.75
2019-05-24 15:00:00+00:00,12348.5
2019-05-24 16:00:00+00:00,7503.5
2019-05-24 17:00:00+00:00,3280.0
2019-05-24 18:00:00+00:00,738.25
2019-05-24 19:00:00+00:00,22.5
2019-05-24 20:00:00+00:00,0.0
2019-05-24 21:00:00+00:00,0.0
2019-05-24 22:00:00+00:00,0.0
2019-05-24 23:00:00+00:00,0.0
2019-05-25 00:00:00+00:00,0.0
2019-05-25 01:00:00+00:00,0.0
2019-05-25 02:00:00+00:00,0.25
2019-05-25 03:00:00+00:00,169.25
2019-05-25 04:00:00+00:00,1632.0
2019-05-25 05:00:00+00:00,4847.5
2019-05-25 06:00:00+00:00,9034.25
2019-05-25 07:00:00+00:00,13141.0
2019-05-25 08:00:00+00:00,16589.75
2019-05-25 09:00:00+00:00,19179.75
2019-05-25 10:00:00+00:00,20048.75
2019-05-25 11:00:00+00:00,20410.25
2019-05-25 12:00:00+00:00,19219.75
2019-05-25 13:00:00+00:00,16599.75
2019-05-25 14:00:00+00:00,13821.75
2019-05-25 15:00:00+00:00,10304.0
2019-05-25 16:00:00+00:00,6224.75
2019-05-25 17:00:00+00:00,2813.75
2019-05-25 18:00:00+00:00,662.25
2019-05-25 19:00:00+00:00,14.5
2019-05-25 20:00:00+00:00,0.0
2019-05-25 21:00:00+00:00,0.0
2019-05-25 22:00:00+00:00,0.0
2019-05-25 23:00:00+00:00,0.0
2019-05-26 00:00:00+00:00,0.0
2019-05-26 01:00:00+00:00,0.0
2019-05-26 02:00:00+00:00,0.5
2019-05-26 03:00:00+00:00,164.75
2019-05-26 04:00:00+00:00,1621.75
2019-05-26 05:00:00+00:00,5110.75
2019-05-26 06:00:00+00:00,10118.0
2019-05-26 07:00:00+00:00,15333.0
2019-05-26 08:00:00+00:00,19616.0
2019-05-26 09:00:00+00:00,22413.75
2019-05-26 10:00:00+00:00,23047.75
2019-05-26 11:00:00+00:00,22270.75
2019-05-26 12:00:00+00:00,20911.25
2019-05-26 13:00:00+00:00,18379.75
2019-05-26 14:00:00+00:00,15127.5
2019-05-26 15:00:00+00:00,11010.0
2019-05-26 16:00:00+00:00,6737.75
2019-05-26 17:00:00+00:00,2877.75
2019-05-26 18:00:00+00:00,596.75
2019-05-26 19:00:00+00:00,15.25
2019-05-26 20:00:00+00:00,0.0
2019-05-26 21:00:00+00:00,0.0
2019-05-26 22:00:00+00:00,0.0
2019-05-26 23:00:00+00:00,0.0
2019-05-27 00:00:00+00:00,0.0
2019-05-27 01:00:00+00:00,0.0
2019-05-27 02:00:00+00:00,0.25
2019-05-27 03:00:00+00:00,154.0
2019-05-27 04:00:00+00:00,1446.0
2019-05-27 05:00:00+00:00,4445.5
2019-05-27 06:00:00+00:00,8789.25
2019-05-27 07:00:00+00:00,13336.25
2019-05-27 08:00:00+00:00,16999.25
2019-05-27 09:00:00+00:00,18332.25
2019-05-27 10:00:00+00:00,17487.75
2019-05-27 11:00:00+00:00,16382.5
2019-05-27 12:00:00+00:00,15882.5
2019-05-27 13:00:00+00:00,13875.0
2019-05-27 14:00:00+00:00,10611.0
2019-05-27 15:00:00+00:00,7303.0
2019-05-27 16:00:00+00:00,4477.5
2019-05-27 17:00:00+00:00,2138.5
2019-05-27 18:00:00+00:00,563.75
2019-05-27 19:00:00+00:00,28.5
2019-05-27 20:00:00+00:00,0.0
2019-05-27 21:00:00+00:00,0.0
2019-05-27 22:00:00+00:00,0.0
2019-05-27 23:00:00+00:00,0.0
2019-05-28 00:00:00+00:00,0.0
2019-05-28 01:00:00+00:00,0.0
2019-05-28 02:00:00+00:00,0.75
2019-05-28 03:00:00+00:00,107.75
2019-05-28 04:00:00+00:00,864.0
2019-05-28 05:00:00+00:00,2618.5
2019-05-28 06:00:00+00:00,4961.75
2019-05-28 07:00:00+00:00,7745.5
2019-05-28 08:00:00+00:00,10796.75
2019-05-28 09:00:00+00:00,12699.75
2019-05-28 10:00:00+00:00,13799.5
2019-05-28 11:00:00+00:00,14302.25
2019-05-28 12:00:00+00:00,13868.5
2019-05-28 13:00:00+00:00,12548.25
2019-05-28 14:00:00+00:00,10611.5
2019-05-28 15:00:00+00:00,8152.0
2019-05-28 16:00:00+00:00,5228.25
2019-05-28 17:00:00+00:00,2467.25
2019-05-28 18:00:00+00:00,636.75
2019-05-28 19:00:00+00:00,30.5
2019-05-28 20:00:00+00:00,0.0
2019-05-28 21:00:00+00:00,0.0
2019-05-28 22:00:00+00:00,0.0
2019-05-28 23:00:00+00:00,0.0
2019-05-29 00:00:00+00:00,0.0
2019-05-29 01:00:00+00:00,0.0
2019-05-29 02:00:00+00:00,1.0
2019-05-29 03:00:00+00:00,168.0
2019-05-29 04:00:00+00:00,1454.75
2019-05-29 05:00:00+00:00,4474.5
2019-05-29 06:00:00+00:00,8651.5
2019-05-29 07:00:00+00:00,12828.75
2019-05-29 08:00:00+00:00,16298.5
2019-05-29 09:00:00+00:00,19027.5
2019-05-29 10:00:00+00:00,20306.0
2019-05-29 11:00:00+00:00,20711.75
2019-05-29 12:00:00+00:00,20244.75
2019-05-29 13:00:00+00:00,18680.25
2019-05-29 14:00:00+00:00,16037.25
2019-05-29 15:00:00+00:00,12253.0
2019-05-29 16:00:00+00:00,7654.25
2019-05-29 17:00:00+00:00,3545.75
2019-05-29 18:00:00+00:00,932.5
2019-05-29 19:00:00+00:00,32.25
2019-05-29 20:00:00+00:00,0.0
2019-05-29 21:00:00+00:00,0.0
2019-05-29 22:00:00+00:00,0.0
2019-05-29 23:00:00+00:00,0.0
2019-05-30 00:00:00+00:00,0.0
2019-05-30 01:00:00+00:00,0.0
2019-05-30 02:00:00+00:00,1.25
2019-05-30 03:00:00+00:00,212.0
2019-05-30 04:00:00+00:00,1905.0
2019-05-30 05:00:00+00:00,5817.25
2019-05-30 06:00:00+00:00,11212.5
2019-05-30 07:00:00+00:00,16342.25
2019-05-30 08:00:00+00:00,19605.75
2019-05-30 09:00:00+00:00,21432.75
2019-05-30 10:00:00+00:00,21932.5
2019-05-30 11:00:00+00:00,20971.5
2019-05-30 12:00:00+00:00,19303.75
2019-05-30 13:00:00+00:00,17208.5
2019-05-30 14:00:00+00:00,14307.75
2019-05-30 15:00:00+00:00,10546.25
2019-05-30 16:00:00+00:00,6566.75
2019-05-30 17:00:00+00:00,2925.0
2019-05-30 18:00:00+00:00,638.75
2019-05-30 19:00:00+00:00,19.25
2019-05-30 20:00:00+00:00,0.0
2019-05-30 21:00:00+00:00,0.0
2019-05-30 22:00:00+00:00,0.0
2019-05-30 23:00:00+00:00,0.0
2019-05-31 00:00:00+00:00,0.0
2019-05-31 01:00:00+00:00,0.0
2019-05-31 02:00:00+00:00,1.5
2019-05-31 03:00:00+00:00,148.0
2019-05-31 04:00:00+00:00,1205.75
2019-05-31 05:00:00+00:00,3712.0
2019-05-31 06:00:00+00:00,7609.0
2019-05-31 07:00:00+00:00,12184.75
2019-05-31 08:00:00+00:00,16617.75
2019-05-31 09:00:00+00:00,19299.0
2019-05-31 10:00:00+00:00,19632.5
2019-05-31 11:00:00+00:00,18871.5
2019-05-31 12:00:00+00:00,17480.0
2019-05-31 13:00:00+00:00,15782.0
2019-05-31 14:00:00+00:00,13616.25
2019-05-31 15:00:00+00:00,10733.25
2019-05-31 16:00:00+00:00,7130.0
2019-05-31 17:00:00+00:00,3519.0
2019-05-31 18:00:00+00:00,912.0
2019-05-31 19:00:00+00:00,36.5
2019-05-31 20:00:00+00:00,0.0
2019-05-31 21:00:00+00:00,0.0
2019-05-31 22:00:00+00:00,0.0
2019-05-31 23:00:00+00:00,0.0
2019-06-01 00:00:00+00:00,0.0
2019-06-01 01:00:00+00:00,0.0
2019-06-01 02:00:00+00:00,2.0
2019-06-01 03:00:00+00:00,239.75
2019-06-01 04:00:00+00:00,1895.5
2019-06-01 05:00:00+00:00,5992.25
2019-06-01 06:00:00+00:00,11961.75
2019-06-01 07:00:00+00:00,18248.0
2019-06-01 08:00:00+00:00,23318.0
2019-06-01 09:00:00+00:00,26126.25
2019-06-01 10:00:00+00:00,27336.5
2019-06-01 11:00:00+00:00,27836.5
2019-06-01 12:00:00+00:00,27198.5
2019-06-01 13:00:00+00:00,24771.25
2019-06-01 14:00:00+00:00,20821.0
2019-06-01 15:00:00+00:00,15353.0
2019-06-01 16:00:00+00:00,9269.25
2019-06-01 17:00:00+00:00,3931.75
2019-06-01 18:00:00+00:00,986.75
2019-06-01 19:00:00+00:00,39.75
2019-06-01 20:00:00+00:00,0.0
2019-06-01 21:00:00+00:00,0.0
2019-06-01 22:00:00+00:00,0.0
2019-06-01 23:00:00+00:00,0.0
2019-06-02 00:00:00+00:00,0.0
2019-06-02 01:00:00+00:00,0.0
2019-06-02 02:00:00+00:00,2.5
2019-06-02 03:00:00+00:00,264.5
2019-06-02 04:00:00+00:00,2106.25
2019-06-02 05:00:00+00:00,6567.75
2019-06-02 06:00:00+00:00,12925.5
2019-06-02 07:00:00+00:00,19300.5
2019-06-02 08:00:00+00:00,24206.5
2019-06-02 09:00:00+00:00,27514.0
2019-06-02 10:00:00+00:00,29189.5
2019-06-02 11:00:00+00:00,29336.25
2019-06-02 12:00:00+00:00,28125.5
2019-06-02 13:00:00+00:00,25467.0
2019-06-02 14:00:00+00:00,21352.75
2019-06-02 15:00:00+00:00,15766.0
2019-06-02 16:00:00+00:00,9350.75
2019-06-02 17:00:00+00:00,3897.5
2019-06-02 18:00:00+00:00,995.0
2019-06-02 19:00:00+00:00,45.5
2019-06-02 20:00:00+00:00,0.0
2019-06-02 21:00:00+00:00,0.0
2019-06-02 22:00:00+00:00,0.0
2019-06-02 23:00:00+00:00,0.0
2019-06-03 00:00:00+00:00,0.0
2019-06-03 01:00:00+00:00,0.0
2019-06-03 02:00:00+00:00,2.75
2019-06-03 03:00:00+00:00,278.25
2019-06-03 04:00:00+00:00,1994.25
2019-06-03 05:00:00+00:00,6090.5
2019-06-03 06:00:00+00:00,11658.75
2019-06-03 07:00:00+00:00,17510.0
2019-06-03 08:00:00+00:00,22396.75
2019-06-03 09:00:00+00:00,25009.25
2019-06-03 10:00:00+00:00,25913.25
2019-06-03 11:00:00+00:00,25425.0
2019-06-03 12:00:00+00:00,23148.5
2019-06-03 13:00:00+00:00,19221.5
2019-06-03 14:00:00+00:00,14463.25
2019-06-03 15:00:00+00:00,9713.25
2019-06-03 16:00:00+00:00,5384.0
2019-06-03 17:00:00+00:00,2377.5
2019-06-03 18:00:00+00:00,634.25
2019-06-03 19:00:00+00:00,38.25
2019-06-03 20:00:00+00:00,0.0
2019-06-03 21:00:00+00:00,0.0
2019-06-03 22:00:00+00:00,0.0
2019-06-03 23:00:00+00:00,0.0
2019-06-04 00:00:00+00:00,0.0
2019-06-04 01:00:00+00:00,0.0
2019-06-04 02:00:00+00:00,2.75
2019-06-04 03:00:00+00:00,262.25
2019-06-04 04:00:00+00:00,1917.75
2019-06-04 05:00:00+00:00,5636.25
2019-06-04 06:00:00+00:00,11181.25
2019-06-04 07:00:00+00:00,17085.75
2019-06-04 08:00:00+00:00,22013.0
2019-06-04 09:00:00+00:00,25501.75
2019-06-04 10:00:00+00:00,27305.25
2019-06-04 11:00:00+00:00,27341.0
2019-06-04 12:00:00+00:00,26153.0
2019-06-04 13:00:00+00:00,23705.25
2019-06-04 14:00:00+00:00,19861.0
2019-06-04 15:00:00+00:00,14612.5
2019-06-04 16:00:00+00:00,8695.0
2019-06-04 17:00:00+00:00,3744.5
2019-06-04 18:00:00+00:00,1014.25
2019-06-04 19:00:00+00:00,43.5
2019-06-04 20:00:00+00:00,0.0
2019-06-04 21:00:00+00:00,0.0
2019-06-04 22:00:00+00:00,0.0
2019-06-04 23:00:00+00:00,0.0
2019-06-05 00:00:00+00:00,0.0
2019-06-05 01:00:00+00:00,0.0
2019-06-05 02:00:00+00:00,3.5
2019-06-05 03:00:00+00:00,272.5
2019-06-05 04:00:00+00:00,2012.75
2019-06-05 05:00:00+00:00,6059.25
2019-06-05 06:00:00+00:00,11604.0
2019-06-05 07:00:00+00:00,17476.0
2019-06-05 08:00:00+00:00,22292.0
2019-06-05 09:00:00+00:00,25356.75
2019-06-05 10:00:00+00:00,26960.0
2019-06-05 11:00:00+00:00,27098.5
2019-06-05 12:00:00+00:00,26081.25
2019-06-05 13:00:00+00:00,23119.75
2019-06-05 14:00:00+00:00,19144.0
2019-06-05 15:00:00+00:00,14072.25
2019-06-05 16:00:00+00:00,8473.75
2019-06-05 17:00:00+00:00,3771.5
2019-06-05 18:00:00+00:00,1050.25
2019-06-05 19:00:00+00:00,52.75
2019-06-05 20:00:00+00:00,0.0
2019-06-05 21:00:00+00:00,0.0
2019-06-05 22:00:00+00:00,0.0
2019-06-05 23:00:00+00:00,0.0
2019-06-06 00:00:00+00:00,0.0
2019-06-06 01:00:00+00:00,0.0
2019-06-06 02:00:00+00:00,3.25
2019-06-06 03:00:00+00:00,268.25
2019-06-06 04:00:00+00:00,1765.25
2019-06-06 05:00:00+00:00,4780.25
2019-06-06 06:00:00+00:00,8389.25
2019-06-06 07:00:00+00:00,11797.5
2019-06-06 08:00:00+00:00,13865.0
2019-06-06 09:00:00+00:00,15273.25
2019-06-06 10:00:00+00:00,15059.0
2019-06-06 11:00:00+00:00,14551.25
2019-06-06 12:00:00+00:00,13806.5
2019-06-06 13:00:00+00:00,11557.75
2019-06-06 14:00:00+00:00,9375.75
2019-06-06 15:00:00+00:00,6787.0
2019-06-06 16:00:00+00:00,4267.0
2019-06-06 17:00:00+00:00,2216.75
2019-06-06 18:00:00+00:00,663.0
2019-06-06 19:00:00+00:00,49.0
2019-06-06 20:00:00+00:00,0.0
2019-06-06 21:00:00+00:00,0.0
2019-06-06 22:00:00+00:00,0.0
2019-06-06 23:00:00+00:00,0.0
2019-06-07 00:00:00+00:00,0.0
2019-06-07 01:00:00+00:00,0.0
2019-06-07 02:00:00+00:00,3.75
2019-06-07 03:00:00+00:00,270.25
2019-06-07 04:00:00+00:00,1943.0
2019-06-07 05:00:00+00:00,5767.75
2019-06-07 06:00:00+00:00,11331.0
2019-06-07 07:00:00+00:00,17563.5
2019-06-07 08:00:00+00:00,22186.75
2019-06-07 09:00:00+00:00,25907.0
2019-06-07 10:00:00+00:00,27964.0
2019-06-07 11:00:00+00:00,28281.25
2019-06-07 12:00:00+00:00,27492.0
2019-06-07 13:00:00+00:00,25040.75
2019-06-07 14:00:00+00:00,20355.0
2019-06-07 15:00:00+00:00,14369.25
2019-06-07 16:00:00+00:00,7966.5
2019-06-07 17:00:00+00:00,3190.75
2019-06-07 18:00:00+00:00,795.5
2019-06-07 19:00:00+00:00,53.25
2019-06-07 20:00:00+00:00,0.0
2019-06-07 21:00:00+00:00,0.0
2019-06-07 22:00:00+00:00,0.0
2019-06-07 23:00:00+00:00,0.0
2019-06-08 00:00:00+00:00,0.0
2019-06-08 01:00:00+00:00,0.0
2019-06-08 02:00:00+00:00,3.5
2019-06-08 03:00:00+00:00,197.5
2019-06-08 04:00:00+00:00,1166.0
2019-06-08 05:00:00+00:00,3323.75
2019-06-08 06:00:00+00:00,6556.5
2019-06-08 07:00:00+00:00,10085.75
2019-06-08 08:00:00+00:00,13819.5
2019-06-08 09:00:00+00:00,17040.5
2019-06-08 10:00:00+00:00,20067.0
2019-06-08 11:00:00+00:00,22502.5
2019-06-08 12:00:00+00:00,23400.25
2019-06-08 13:00:00+00:00,22411.25
2019-06-08 14:00:00+00:00,19448.25
2019-06-08 15:00:00+00:00,14763.75
2019-06-08 16:00:00+00:00,8973.0
2019-06-08 17:00:00+00:00,3889.75
2019-06-08 18:00:00+00:00,1097.0
2019-06-08 19:00:00+00:00,77.5
2019-06-08 20:00:00+00:00,0.0
2019-06-08 21:00:00+00:00,0.0
2019-06-08 22:00:00+00:00,0.0
2019-06-08 23:00:00+00:00,0.0
2019-06-09 00:00:00+00:00,0.0
2019-06-09 01:00:00+00:00,0.0
2019-06-09 02:00:00+00:00,5.5
2019-06-09 03:00:00+00:00,344.75
2019-06-09 04:00:00+00:00,2302.5
2019-06-09 05:00:00+00:00,6944.5
2019-06-09 06:00:00+00:00,13328.75
2019-06-09 07:00:00+00:00,19516.75
2019-06-09 08:00:00+00:00,24343.25
2019-06-09 09:00:00+00:00,26871.75
2019-06-09 10:00:00+00:00,27430.5
2019-06-09 11:00:00+00:00,26067.75
2019-06-09 12:00:00+00:00,23381.25
2019-06-09 13:00:00+00:00,19282.75
2019-06-09 14:00:00+00:00,14721.5
2019-06-09 15:00:00+00:00,9702.5
2019-06-09 16:00:00+00:00,5582.5
2019-06-09 17:00:00+00:00,2592.5
2019-06-09 18:00:00+00:00,728.5
2019-06-09 19:00:00+00:00,51.0
2019-06-09 20:00:00+00:00,0.0
2019-06-09 21:00:00+00:00,0.0
2019-06-09 22:00:00+00:00,0.0
2019-06-09 23:00:00+00:00,0.0
2019-06-10 00:00:00+00:00,0.0
2019-06-10 01:00:00+00:00,0.0
2019-06-10 02:00:00+00:00,4.0
2019-06-10 03:00:00+00:00,216.5
2019-06-10 04:00:00+00:00,1198.75
2019-06-10 05:00:00+00:00,3279.0
2019-06-10 06:00:00+00:00,6105.0
2019-06-10 07:00:00+00:00,9519.0
2019-06-10 08:00:00+00:00,14305.75
2019-06-10 09:00:00+00:00,18178.25
2019-06-10 10:00:00+00:00,20039.25
2019-06-10 11:00:00+00:00,19763.5
2019-06-10 12:00:00+00:00,18119.5
2019-06-10 13:00:00+00:00,15019.5
2019-06-10 14:00:00+00:00,11471.0
2019-06-10 15:00:00+00:00,7605.75
2019-06-10 16:00:00+00:00,4032.0
2019-06-10 17:00:00+00:00,1784.75
2019-06-10 18:00:00+00:00,507.5
2019-06-10 19:00:00+00:00,47.0
2019-06-10 20:00:00+00:00,0.0
2019-06-10 21:00:00+00:00,0.0
2019-06-10 22:00:00+00:00,0.0
2019-06-10 23:00:00+00:00,0.0
2019-06-11 00:00:00+00:00,0.0
2019-06-11 01:00:00+00:00,0.0
2019-06-11 02:00:00+00:00,5.25
2019-06-11 03:00:00+00:00,230.25
2019-06-11 04:00:00+00:00,1131.25
2019-06-11 05:00:00+00:00,3582.0
2019-06-11 06:00:00+00:00,7356.5
2019-06-11 07:00:00+00:00,11221.5
2019-06-11 08:00:00+00:00,14667.5
2019-06-11 09:00:00+00:00,16896.25
2019-06-11 10:00:00+00:00,18422.0
2019-06-11 11:00:00+00:00,18991.0
2019-06-11 12:00:00+00:00,18207.75
2019-06-11 13:00:00+00:00,16619.25
2019-06-11 14:00:00+00:00,14203.25
2019-06-11 15:00:00+00:00,10672.25
2019-06-11 16:00:00+00:00,6378.5
2019-06-11 17:00:00+00:00,2940.25
2019-06-11 18:00:00+00:00,836.25
2019-06-11 19:00:00+00:00,65.75
2019-06-11 20:00:00+00:00,0.0
2019-06-11 21:00:00+00:00,0.0
2019-06-11 22:00:00+00:00,0.0
2019-06-11 23:00:00+00:00,0.0
2019-06-12 00:00:00+00:00,0.0
2019-06-12 01:00:00+00:00,0.0
2019-06-12 02:00:00+00:00,5.25
2019-06-12 03:00:00+00:00,263.0
2019-06-12 04:00:00+00:00,1599.75
2019-06-12 05:00:00+00:00,4218.0
2019-06-12 06:00:00+00:00,7217.5
2019-06-12 07:00:00+00:00,9610.5
2019-06-12 08:00:00+00:00,11213.5
2019-06-12 09:00:00+00:00,12858.5
2019-06-12 10:00:00+00:00,14480.0
2019-06-12 11:00:00+00:00,15266.5
2019-06-12 12:00:00+00:00,15312.25
2019-06-12 13:00:00+00:00,13829.75
2019-06-12 14:00:00+00:00,12162.0
2019-06-12 15:00:00+00:00,9945.25
2019-06-12 16:00:00+00:00,6907.0
2019-06-12 17:00:00+00:00,3342.0
2019-06-12 18:00:00+00:00,987.0
2019-06-12 19:00:00+00:00,68.75
2019-06-12 20:00:00+00:00,0.0
2019-06-12 21:00:00+00:00,0.0
2019-06-12 22:00:00+00:00,0.0
2019-06-12 23:00:00+00:00,0.0
2019-06-13 00:00:00+00:00,0.0
2019-06-13 01:00:00+00:00,0.0
2019-06-13 02:00:00+00:00,4.25
2019-06-13 03:00:00+00:00,239.25
2019-06-13 04:00:00+00:00,1735.25
2019-06-13 05:00:00+00:00,5000.25
2019-06-13 06:00:00+00:00,10268.0
2019-06-13 07:00:00+00:00,16135.25
2019-06-13 08:00:00+00:00,21424.25
2019-06-13 09:00:00+00:00,24918.75
2019-06-13 10:00:00+00:00,26289.25
2019-06-13 11:00:00+00:00,26364.25
2019-06-13 12:00:00+00:00,24990.0
2019-06-13 13:00:00+00:00,22665.0
2019-06-13 14:00:00+00:00,19132.5
2019-06-13 15:00:00+00:00,14375.75
2019-06-13 16:00:00+00:00,8886.5
2019-06-13 17:00:00+00:00,3994.0
2019-06-13 18:00:00+00:00,1109.25
2019-06-13 19:00:00+00:00,73.0
2019-06-13 20:00:00+00:00,0.25
2019-06-13 21:00:00+00:00,0.0
2019-06-13 22:00:00+00:00,0.0
2019-06-13 23:00:00+00:00,0.0
2019-06-14 00:00:00+00:00,0.0
2019-06-14 01:00:00+00:00,0.0
2019-06-14 02:00:00+00:00,5.25
2019-06-14 03:00:00+00:00,329.0
2019-06-14 04:00:00+00:00,2259.25
2019-06-14 05:00:00+00:00,6699.75
2019-06-14 06:00:00+00:00,12681.25
2019-06-14 07:00:00+00:00,17881.75
2019-06-14 08:00:00+00:00,21934.75
2019-06-14 09:00:00+00:00,24435.0
2019-06-14 10:00:00+00:00,25439.25
2019-06-14 11:00:00+00:00,24620.0
2019-06-14 12:00:00+00:00,22207.0
2019-06-14 13:00:00+00:00,18578.0
2019-06-14 14:00:00+00:00,14626.75
2019-06-14 15:00:00+00:00,10511.0
2019-06-14 16:00:00+00:00,6716.5
2019-06-14 17:00:00+00:00,3299.5
2019-06-14 18:00:00+00:00,935.5
2019-06-14 19:00:00+00:00,78.5
2019-06-14 20:00:00+00:00,0.25
2019-06-14 21:00:00+00:00,0.0
2019-06-14 22:00:00+00:00,0.0
2019-06-14 23:00:00+00:00,0.0
2019-06-15 00:00:00+00:00,0.0
2019-06-15 01:00:00+00:00,0.0
2019-06-15 02:00:00+00:00,10.0
2019-06-15 03:00:00+00:00,244.75
2019-06-15 04:00:00+00:00,1529.75
2019-06-15 05:00:00+00:00,4432.25
2019-06-15 06:00:00+00:00,8837.75
2019-06-15 07:00:00+00:00,13890.0
2019-06-15 08:00:00+00:00,17708.75
2019-06-15 09:00:00+00:00,20345.25
2019-06-15 10:00:00+00:00,20960.25
2019-06-15 11:00:00+00:00,20814.25
2019-06-15 12:00:00+00:00,20479.25
2019-06-15 13:00:00+00:00,19050.75
2019-06-15 14:00:00+00:00,16445.75
2019-06-15 15:00:00+00:00,12466.0
2019-06-15 16:00:00+00:00,7933.25
2019-06-15 17:00:00+00:00,4009.5
2019-06-15 18:00:00+00:00,1231.75
2019-06-15 19:00:00+00:00,90.5
2019-06-15 20:00:00+00:00,0.25
2019-06-15 21:00:00+00:00,0.0
2019-06-15 22:00:00+00:00,0.0
2019-06-15 23:00:00+00:00,0.0
2019-06-16 00:00:00+00:00,0.0
2019-06-16 01:00:00+00:00,0.0
2019-06-16 02:00:00+00:00,5.75
2019-06-16 03:00:00+00:00,257.0
2019-06-16 04:00:00+00:00,1431.75
2019-06-16 05:00:00+00:00,3756.0
2019-06-16 06:00:00+00:00,6901.75
2019-06-16 07:00:00+00:00,10489.5
2019-06-16 08:00:00+00:00,13742.5
2019-06-16 09:00:00+00:00,15635.5
2019-06-16 10:00:00+00:00,16335.5
2019-06-16 11:00:00+00:00,16798.25
2019-06-16 12:00:00+00:00,16425.75
2019-06-16 13:00:00+00:00,15090.0
2019-06-16 14:00:00+00:00,13238.25
2019-06-16 15:00:00+00:00,10674.5
2019-06-16 16:00:00+00:00,7235.75
2019-06-16 17:00:00+00:00,3711.25
2019-06-16 18:00:00+00:00,1115.0
2019-06-16 19:00:00+00:00,79.5
2019-06-16 20:00:00+00:00,0.25
2019-06-16 21:00:00+00:00,0.0
2019-06-16 22:00:00+00:00,0.0
2019-06-16 23:00:00+00:00,0.0
2019-06-17 00:00:00+00:00,0.0
2019-06-17 01:00:00+00:00,0.0
2019-06-17 02:00:00+00:00,7.0
2019-06-17 03:00:00+00:00,314.25
2019-06-17 04:00:00+00:00,2110.25
2019-06-17 05:00:00+00:00,6332.0
2019-06-17 06:00:00+00:00,12525.75
2019-06-17 07:00:00+00:00,18901.75
2019-06-17 08:00:00+00:00,23541.0
2019-06-17 09:00:00+00:00,26134.75
2019-06-17 10:00:00+00:00,26766.5
2019-06-17 11:00:00+00:00,26257.25
2019-06-17 12:00:00+00:00,25077.5
2019-06-17 13:00:00+00:00,22907.0
2019-06-17 14:00:00+00:00,19696.5
2019-06-17 15:00:00+00:00,15091.25
2019-06-17 16:00:00+00:00,9575.75
2019-06-17 17:00:00+00:00,4540.25
2019-06-17 18:00:00+00:00,1359.25
2019-06-17 19:00:00+00:00,96.0
2019-06-17 20:00:00+00:00,0.25
2019-06-17 21:00:00+00:00,0.0
2019-06-17 22:00:00+00:00,0.0
2019-06-17 23:00:00+00:00,0.0
2019-06-18 00:00:00+00:00,0.0
2019-06-18 01:00:00+00:00,0.0
2019-06-18 02:00:00+00:00,4.75
2019-06-18 03:00:00+00:00,323.25
2019-06-18 04:00:00+00:00,2208.75
2019-06-18 05:00:00+00:00,6509.0
2019-06-18 06:00:00+00:00,12713.5
2019-06-18 07:00:00+00:00,18859.0
2019-06-18 08:00:00+00:00,23693.5
2019-06-18 09:00:00+00:00,26419.5
2019-06-18 10:00:00+00:00,27052.25
2019-06-18 11:00:00+00:00,26791.25
2019-06-18 12:00:00+00:00,25418.0
2019-06-18 13:00:00+00:00,22609.5
2019-06-18 14:00:00+00:00,18820.0
2019-06-18 15:00:00+00:00,14005.0
2019-06-18 16:00:00+00:00,8412.25
2019-06-18 17:00:00+00:00,3889.0
2019-06-18 18:00:00+00:00,1216.5
2019-06-18 19:00:00+00:00,112.0
2019-06-18 20:00:00+00:00,0.25
2019-06-18 21:00:00+00:00,0.0
2019-06-18 22:00:00+00:00,0.0
2019-06-18 23:00:00+00:00,0.0
2019-06-19 00:00:00+00:00,0.0
2019-06-19 01:00:00+00:00,0.0
2019-06-19 02:00:00+00:00,4.0
2019-06-19 03:00:00+00:00,309.25
2019-06-19 04:00:00+00:00,2136.75
2019-06-19 05:00:00+00:00,5861.25
2019-06-19 06:00:00+00:00,11531.25
2019-06-19 07:00:00+00:00,17500.25
2019-06-19 08:00:00+00:00,22304.5
2019-06-19 09:00:00+00:00,25300.25
2019-06-19 10:00:00+00:00,26172.0
2019-06-19 11:00:00+00:00,25636.25
2019-06-19 12:00:00+00:00,23694.25
2019-06-19 13:00:00+00:00,21217.5
2019-06-19 14:00:00+00:00,18051.25
2019-06-19 15:00:00+00:00,13491.25
2019-06-19 16:00:00+00:00,8255.5
2019-06-19 17:00:00+00:00,3695.75
2019-06-19 18:00:00+00:00,1040.0
2019-06-19 19:00:00+00:00,73.0
2019-06-19 20:00:00+00:00,0.25
2019-06-19 21:00:00+00:00,0.0
2019-06-19 22:00:00+00:00,0.0
2019-06-19 23:00:00+00:00,0.0
2019-06-20 00:00:00+00:00,0.0
2019-06-20 01:00:00+00:00,0.0
2019-06-20 02:00:00+00:00,3.5
2019-06-20 03:00:00+00:00,244.5
2019-06-20 04:00:00+00:00,1644.0
2019-06-20 05:00:00+00:00,4337.25
2019-06-20 06:00:00+00:00,7707.5
2019-06-20 07:00:00+00:00,11541.5
2019-06-20 08:00:00+00:00,15494.25
2019-06-20 09:00:00+00:00,17869.5
2019-06-20 10:00:00+00:00,18489.25
2019-06-20 11:00:00+00:00,18713.25
2019-06-20 12:00:00+00:00,17631.0
2019-06-20 13:00:00+00:00,15276.5
2019-06-20 14:00:00+00:00,12473.0
2019-06-20 15:00:00+00:00,9618.25
2019-06-20 16:00:00+00:00,6437.0
2019-06-20 17:00:00+00:00,3342.25
2019-06-20 18:00:00+00:00,1054.0
2019-06-20 19:00:00+00:00,87.25
2019-06-20 20:00:00+00:00,0.25
2019-06-20 21:00:00+00:00,0.0
2019-06-20 22:00:00+00:00,0.0
2019-06-20 23:00:00+00:00,0.0
2019-06-21 00:00:00+00:00,0.0
2019-06-21 01:00:00+00:00,0.0
2019-06-21 02:00:00+00:00,2.75
2019-06-21 03:00:00+00:00,257.5
2019-06-21 04:00:00+00:00,1895.25
2019-06-21 05:00:00+00:00,5216.5
2019-06-21 06:00:00+00:00,9872.75
2019-06-21 07:00:00+00:00,14790.0
2019-06-21 08:00:00+00:00,19118.25
2019-06-21 09:00:00+00:00,22037.5
2019-06-21 10:00:00+00:00,23198.25
2019-06-21 11:00:00+00:00,23279.5
2019-06-21 12:00:00+00:00,22189.5
2019-06-21 13:00:00+00:00,19728.0
2019-06-21 14:00:00+00:00,16722.5
2019-06-21 15:00:00+00:00,13010.5
2019-06-21 16:00:00+00:00,8335.0
2019-06-21 17:00:00+00:00,4117.0
2019-06-21 18:00:00+00:00,1284.0
2019-06-21 19:00:00+00:00,113.25
2019-06-21 20:00:00+00:00,0.25
2019-06-21 21:00:00+00:00,0.0
2019-06-21 22:00:00+00:00,0.0
2019-06-21 23:00:00+00:00,0.0
2019-06-22 00:00:00+00:00,0.0
2019-06-22 01:00:00+00:00,0.0
2019-06-22 02:00:00+00:00,4.25
2019-06-22 03:00:00+00:00,303.0
2019-06-22 04:00:00+00:00,2091.5
2019-06-22 05:00:00+00:00,5881.25
2019-06-22 06:00:00+00:00,10869.75
2019-06-22 07:00:00+00:00,15220.25
2019-06-22 08:00:00+00:00,18907.25
2019-06-22 09:00:00+00:00,21103.75
2019-06-22 10:00:00+00:00,21978.0
2019-06-22 11:00:00+00:00,21574.5
2019-06-22 12:00:00+00:00,20188.75
2019-06-22 13:00:00+00:00,17809.25
2019-06-22 14:00:00+00:00,14317.5
2019-06-22 15:00:00+00:00,10473.5
2019-06-22 16:00:00+00:00,6465.5
2019-06-22 17:00:00+00:00,3090.25
2019-06-22 18:00:00+00:00,998.0
2019-06-22 19:00:00+00:00,117.25
2019-06-22 20:00:00+00:00,0.75
2019-06-22 21:00:00+00:00,0.0
2019-06-22 22:00:00+00:00,1.0
2019-06-22 23:00:00+00:00,1.0
2019-06-23 00:00:00+00:00,1.0
2019-06-23 01:00:00+00:00,1.0
2019-06-23 02:00:00+00:00,5.5
2019-06-23 03:00:00+00:00,266.25
2019-06-23 04:00:00+00:00,1828.5
2019-06-23 05:00:00+00:00,5433.5
2019-06-23 06:00:00+00:00,10508.0
2019-06-23 07:00:00+00:00,15931.0
2019-06-23 08:00:00+00:00,20595.75
2019-06-23 09:00:00+00:00,23955.0
2019-06-23 10:00:00+00:00,25689.75
2019-06-23 11:00:00+00:00,25562.75
2019-06-23 12:00:00+00:00,24279.0
2019-06-23 13:00:00+00:00,22474.0
2019-06-23 14:00:00+00:00,19397.25
2019-06-23 15:00:00+00:00,14798.5
2019-06-23 16:00:00+00:00,9173.75
2019-06-23 17:00:00+00:00,4188.5
2019-06-23 18:00:00+00:00,1242.25
2019-06-23 19:00:00+00:00,93.25
2019-06-23 20:00:00+00:00,1.25
2019-06-23 21:00:00+00:00,1.0
2019-06-23 22:00:00+00:00,0.0
2019-06-23 23:00:00+00:00,0.0
2019-06-24 00:00:00+00:00,0.0
2019-06-24 01:00:00+00:00,0.0
2019-06-24 02:00:00+00:00,4.75
2019-06-24 03:00:00+00:00,301.0
2019-06-24 04:00:00+00:00,2149.25
2019-06-24 05:00:00+00:00,6536.75
2019-06-24 06:00:00+00:00,12770.5
2019-06-24 07:00:00+00:00,18990.5
2019-06-24 08:00:00+00:00,24125.25
2019-06-24 09:00:00+00:00,27553.0
2019-06-24 10:00:00+00:00,29409.25
2019-06-24 11:00:00+00:00,29648.5
2019-06-24 12:00:00+00:00,28453.0
2019-06-24 13:00:00+00:00,25811.5
2019-06-24 14:00:00+00:00,21688.5
2019-06-24 15:00:00+00:00,16229.0
2019-06-24 16:00:00+00:00,9831.0
2019-06-24 17:00:00+00:00,4319.75
2019-06-24 18:00:00+00:00,1296.25
2019-06-24 19:00:00+00:00,103.75
2019-06-24 20:00:00+00:00,0.25
2019-06-24 21:00:00+00:00,0.0
2019-06-24 22:00:00+00:00,0.0
2019-06-24 23:00:00+00:00,0.0
2019-06-25 00:00:00+00:00,0.0
2019-06-25 01:00:00+00:00,0.0
2019-06-25 02:00:00+00:00,4.5
2019-06-25 03:00:00+00:00,316.75
2019-06-25 04:00:00+00:00,2148.5
2019-06-25 05:00:00+00:00,6367.0
2019-06-25 06:00:00+00:00,12380.0
2019-06-25 07:00:00+00:00,18219.5
2019-06-25 08:00:00+00:00,23008.75
2019-06-25 09:00:00+00:00,26305.0
2019-06-25 10:00:00+00:00,28045.5
2019-06-25 11:00:00+00:00,28290.75
2019-06-25 12:00:00+00:00,27247.75
2019-06-25 13:00:00+00:00,24699.75
2019-06-25 14:00:00+00:00,20758.25
2019-06-25 15:00:00+00:00,15499.0
2019-06-25 16:00:00+00:00,9446.5
2019-06-25 17:00:00+00:00,4288.75
2019-06-25 18:00:00+00:00,1348.75
2019-06-25 19:00:00+00:00,117.5
2019-06-25 20:00:00+00:00,0.25
2019-06-25 21:00:00+00:00,0.0
2019-06-25 22:00:00+00:00,0.0
2019-06-25 23:00:00+00:00,0.0
2019-06-26 00:00:00+00:00,0.0
2019-06-26 01:00:00+00:00,0.0
2019-06-26 02:00:00+00:00,4.0
2019-06-26 03:00:00+00:00,294.0
2019-06-26 04:00:00+00:00,2069.5
2019-06-26 05:00:00+00:00,6178.5
2019-06-26 06:00:00+00:00,11994.25
2019-06-26 07:00:00+00:00,17869.5
2019-06-26 08:00:00+00:00,22551.25
2019-06-26 09:00:00+00:00,25802.25
2019-06-26 10:00:00+00:00,27568.75
2019-06-26 11:00:00+00:00,27810.5
2019-06-26 12:00:00+00:00,26764.0
2019-06-26 13:00:00+00:00,24335.75
2019-06-26 14:00:00+00:00,20548.5
2019-06-26 15:00:00+00:00,15431.75
2019-06-26 16:00:00+00:00,9415.5
2019-06-26 17:00:00+00:00,4160.25
2019-06-26 18:00:00+00:00,1238.0
2019-06-26 19:00:00+00:00,94.0
2019-06-26 20:00:00+00:00,0.25
2019-06-26 21:00:00+00:00,0.0
2019-06-26 22:00:00+00:00,0.0
2019-06-26 23:00:00+00:00,0.0
2019-06-27 00:00:00+00:00,0.0
2019-06-27 01:00:00+00:00,0.0
2019-06-27 02:00:00+00:00,5.0
2019-06-27 03:00:00+00:00,272.5
2019-06-27 04:00:00+00:00,1933.75
2019-06-27 05:00:00+00:00,5762.5
2019-06-27 06:00:00+00:00,11744.5
2019-06-27 07:00:00+00:00,17767.75
2019-06-27 08:00:00+00:00,21916.25
2019-06-27 09:00:00+00:00,25109.25
2019-06-27 10:00:00+00:00,26743.0
2019-06-27 11:00:00+00:00,26933.5
2019-06-27 12:00:00+00:00,25976.0
2019-06-27 13:00:00+00:00,23797.75
2019-06-27 14:00:00+00:00,20438.25
2019-06-27 15:00:00+00:00,15814.75
2019-06-27 16:00:00+00:00,9939.25
2019-06-27 17:00:00+00:00,4408.75
2019-06-27 18:00:00+00:00,1294.0
2019-06-27 19:00:00+00:00,101.5
2019-06-27 20:00:00+00:00,0.25
2019-06-27 21:00:00+00:00,0.0
2019-06-27 22:00:00+00:00,0.0
2019-06-27 23:00:00+00:00,0.0
2019-06-28 00:00:00+00:00,0.25
2019-06-28 01:00:00+00:00,0.0
2019-06-28 02:00:00+00:00,4.0
2019-06-28 03:00:00+00:00,249.0
2019-06-28 04:00:00+00:00,1779.0
2019-06-28 05:00:00+00:00,5318.0
2019-06-28 06:00:00+00:00,10457.5
2019-06-28 07:00:00+00:00,16441.5
2019-06-28 08:00:00+00:00,21904.0
2019-06-28 09:00:00+00:00,25882.75
2019-06-28 10:00:00+00:00,28481.5
2019-06-28 11:00:00+00:00,29313.5
2019-06-28 12:00:00+00:00,28530.5
2019-06-28 13:00:00+00:00,26399.0
2019-06-28 14:00:00+00:00,22590.0
2019-06-28 15:00:00+00:00,17185.75
2019-06-28 16:00:00+00:00,10580.0
2019-06-28 17:00:00+00:00,4650.5
2019-06-28 18:00:00+00:00,1335.5
2019-06-28 19:00:00+00:00,112.25
2019-06-28 20:00:00+00:00,0.5
2019-06-28 21:00:00+00:00,0.0
2019-06-28 22:00:00+00:00,0.0
2019-06-28 23:00:00+00:00,0.0
2019-06-29 00:00:00+00:00,0.0
2019-06-29 01:00:00+00:00,0.0
2019-06-29 02:00:00+00:00,3.75
2019-06-29 03:00:00+00:00,277.0
2019-06-29 04:00:00+00:00,2061.25
2019-06-29 05:00:00+00:00,6630.75
2019-06-29 06:00:00+00:00,13121.25
2019-06-29 07:00:00+00:00,19591.25
2019-06-29 08:00:00+00:00,24660.0
2019-06-29 09:00:00+00:00,27989.5
2019-06-29 10:00:00+00:00,29782.25
2019-06-29 11:00:00+00:00,30051.5
2019-06-29 12:00:00+00:00,28928.0
2019-06-29 13:00:00+00:00,26442.0
2019-06-29 14:00:00+00:00,22438.75
2019-06-29 15:00:00+00:00,16983.25
2019-06-29 16:00:00+00:00,10488.75
2019-06-29 17:00:00+00:00,4560.75
2019-06-29 18:00:00+00:00,1283.25
2019-06-29 19:00:00+00:00,105.75
2019-06-29 20:00:00+00:00,0.25
2019-06-29 21:00:00+00:00,0.0
2019-06-29 22:00:00+00:00,0.0
2019-06-29 23:00:00+00:00,0.0
2019-06-30 00:00:00+00:00,0.0
2019-06-30 01:00:00+00:00,0.0
2019-06-30 02:00:00+00:00,3.25
2019-06-30 03:00:00+00:00,268.0
2019-06-30 04:00:00+00:00,2017.0
2019-06-30 05:00:00+00:00,6439.75
2019-06-30 06:00:00+00:00,12870.25
2019-06-30 07:00:00+00:00,19090.0
2019-06-30 08:00:00+00:00,23949.25
2019-06-30 09:00:00+00:00,27189.0
2019-06-30 10:00:00+00:00,28861.0
2019-06-30 11:00:00+00:00,28976.0
2019-06-30 12:00:00+00:00,27901.5
2019-06-30 13:00:00+00:00,25435.5
2019-06-30 14:00:00+00:00,21228.0
2019-06-30 15:00:00+00:00,15562.0
2019-06-30 16:00:00+00:00,9526.5
2019-06-30 17:00:00+00:00,4230.25
2019-06-30 18:00:00+00:00,1256.25
2019-06-30 19:00:00+00:00,111.75
2019-06-30 20:00:00+00:00,0.25
2019-06-30 21:00:00+00:00,0.0
2019-06-30 22:00:00+00:00,0.0
2019-06-30 23:00:00+00:00,0.0
2019-07-01 00:00:00+00:00,0.0
2019-07-01 01:00:00+00:00,0.0
2019-07-01 02:00:00+00:00,2.75
2019-07-01 03:00:00+00:00,249.0
2019-07-01 04:00:00+00:00,1765.75
2019-07-01 05:00:00+00:00,4914.0
2019-07-01 06:00:00+00:00,9327.75
2019-07-01 07:00:00+00:00,14124.0
2019-07-01 08:00:00+00:00,18110.75
2019-07-01 09:00:00+00:00,21005.75
2019-07-01 10:00:00+00:00,23136.75
2019-07-01 11:00:00+00:00,23614.5
2019-07-01 12:00:00+00:00,22169.25
2019-07-01 13:00:00+00:00,18940.75
2019-07-01 14:00:00+00:00,15601.5
2019-07-01 15:00:00+00:00,11582.25
2019-07-01 16:00:00+00:00,7564.75
2019-07-01 17:00:00+00:00,3645.25
2019-07-01 18:00:00+00:00,1157.75
2019-07-01 19:00:00+00:00,93.0
2019-07-01 20:00:00+00:00,0.25
2019-07-01 21:00:00+00:00,0.0
2019-07-01 22:00:00+00:00,0.0
2019-07-01 23:00:00+00:00,0.0
2019-07-02 00:00:00+00:00,0.0
2019-07-02 01:00:00+00:00,0.0
2019-07-02 02:00:00+00:00,2.5
2019-07-02 03:00:00+00:00,234.0
2019-07-02 04:00:00+00:00,1660.75
2019-07-02 05:00:00+00:00,5371.5
2019-07-02 06:00:00+00:00,10778.0
2019-07-02 07:00:00+00:00,15895.0
2019-07-02 08:00:00+00:00,19860.75
2019-07-02 09:00:00+00:00,22448.25
2019-07-02 10:00:00+00:00,23570.5
2019-07-02 11:00:00+00:00,23801.75
2019-07-02 12:00:00+00:00,23443.25
2019-07-02 13:00:00+00:00,22034.75
2019-07-02 14:00:00+00:00,19221.75
2019-07-02 15:00:00+00:00,14556.25
2019-07-02 16:00:00+00:00,9231.25
2019-07-02 17:00:00+00:00,4325.25
2019-07-02 18:00:00+00:00,1305.5
2019-07-02 19:00:00+00:00,103.5
2019-07-02 20:00:00+00:00,0.25
2019-07-02 21:00:00+00:00,0.0
2019-07-02 22:00:00+00:00,0.0
2019-07-02 23:00:00+00:00,0.0
2019-07-03 00:00:00+00:00,0.0
2019-07-03 01:00:00+00:00,0.0
2019-07-03 02:00:00+00:00,2.5
2019-07-03 03:00:00+00:00,255.0
2019-07-03 04:00:00+00:00,2006.0
2019-07-03 05:00:00+00:00,6209.0
2019-07-03 06:00:00+00:00,12388.75
2019-07-03 07:00:00+00:00,17981.5
2019-07-03 08:00:00+00:00,21422.5
2019-07-03 09:00:00+00:00,23164.25
2019-07-03 10:00:00+00:00,23806.5
2019-07-03 11:00:00+00:00,24266.75
2019-07-03 12:00:00+00:00,23906.5
2019-07-03 13:00:00+00:00,22368.25
2019-07-03 14:00:00+00:00,19608.0
2019-07-03 15:00:00+00:00,15339.25
2019-07-03 16:00:00+00:00,9728.5
2019-07-03 17:00:00+00:00,4469.5
2019-07-03 18:00:00+00:00,1293.0
2019-07-03 19:00:00+00:00,105.0
2019-07-03 20:00:00+00:00,0.25
2019-07-03 21:00:00+00:00,0.0
2019-07-03 22:00:00+00:00,0.0
2019-07-03 23:00:00+00:00,0.0
2019-07-04 00:00:00+00:00,0.0
2019-07-04 01:00:00+00:00,0.0
2019-07-04 02:00:00+00:00,2.25
2019-07-04 03:00:00+00:00,252.25
2019-07-04 04:00:00+00:00,1965.0
2019-07-04 05:00:00+00:00,6316.5
2019-07-04 06:00:00+00:00,12564.25
2019-07-04 07:00:00+00:00,18775.0
2019-07-04 08:00:00+00:00,23436.75
2019-07-04 09:00:00+00:00,26615.5
2019-07-04 10:00:00+00:00,28141.0
2019-07-04 11:00:00+00:00,28294.25
2019-07-04 12:00:00+00:00,27155.75
2019-07-04 13:00:00+00:00,24658.0
2019-07-04 14:00:00+00:00,20689.5
2019-07-04 15:00:00+00:00,15185.0
2019-07-04 16:00:00+00:00,9267.25
2019-07-04 17:00:00+00:00,4073.25
2019-07-04 18:00:00+00:00,1181.0
2019-07-04 19:00:00+00:00,78.5
2019-07-04 20:00:00+00:00,0.25
2019-07-04 21:00:00+00:00,0.0
2019-07-04 22:00:00+00:00,0.0
2019-07-04 23:00:00+00:00,0.0
2019-07-05 00:00:00+00:00,0.0
2019-07-05 01:00:00+00:00,0.0
2019-07-05 02:00:00+00:00,2.0
2019-07-05 03:00:00+00:00,164.5
2019-07-05 04:00:00+00:00,1337.0
2019-07-05 05:00:00+00:00,3919.75
2019-07-05 06:00:00+00:00,7691.25
2019-07-05 07:00:00+00:00,11680.0
2019-07-05 08:00:00+00:00,15415.5
2019-07-05 09:00:00+00:00,18982.5
2019-07-05 10:00:00+00:00,21772.25
2019-07-05 11:00:00+00:00,22747.0
2019-07-05 12:00:00+00:00,22327.0
2019-07-05 13:00:00+00:00,20631.75
2019-07-05 14:00:00+00:00,17424.5
2019-07-05 15:00:00+00:00,13482.75
2019-07-05 16:00:00+00:00,8563.25
2019-07-05 17:00:00+00:00,4004.0
2019-07-05 18:00:00+00:00,1129.75
2019-07-05 19:00:00+00:00,73.75
2019-07-05 20:00:00+00:00,0.25
2019-07-05 21:00:00+00:00,0.0
2019-07-05 22:00:00+00:00,0.0
2019-07-05 23:00:00+00:00,0.0
2019-07-06 00:00:00+00:00,0.0
2019-07-06 01:00:00+00:00,0.0
2019-07-06 02:00:00+00:00,2.0
2019-07-06 03:00:00+00:00,196.25
2019-07-06 04:00:00+00:00,1559.0
2019-07-06 05:00:00+00:00,4992.5
2019-07-06 06:00:00+00:00,10196.75
2019-07-06 07:00:00+00:00,15630.0
2019-07-06 08:00:00+00:00,19737.25
2019-07-06 09:00:00+00:00,21892.0
2019-07-06 10:00:00+00:00,22538.75
2019-07-06 11:00:00+00:00,21785.0
2019-07-06 12:00:00+00:00,19604.5
2019-07-06 13:00:00+00:00,16245.0
2019-07-06 14:00:00+00:00,12371.0
2019-07-06 15:00:00+00:00,8698.75
2019-07-06 16:00:00+00:00,5620.0
2019-07-06 17:00:00+00:00,2935.25
2019-07-06 18:00:00+00:00,933.0
2019-07-06 19:00:00+00:00,58.5
2019-07-06 20:00:00+00:00,0.25
2019-07-06 21:00:00+00:00,0.0
2019-07-06 22:00:00+00:00,0.0
2019-07-06 23:00:00+00:00,0.0
2019-07-07 00:00:00+00:00,0.0
2019-07-07 01:00:00+00:00,0.0
2019-07-07 02:00:00+00:00,1.5
2019-07-07 03:00:00+00:00,179.25
2019-07-07 04:00:00+00:00,1340.75
2019-07-07 05:00:00+00:00,3506.25
2019-07-07 06:00:00+00:00,6340.5
2019-07-07 07:00:00+00:00,8932.0
2019-07-07 08:00:00+00:00,11057.75
2019-07-07 09:00:00+00:00,13380.0
2019-07-07 10:00:00+00:00,15457.25
2019-07-07 11:00:00+00:00,16938.75
2019-07-07 12:00:00+00:00,17700.25
2019-07-07 13:00:00+00:00,16715.75
2019-07-07 14:00:00+00:00,14588.0
2019-07-07 15:00:00+00:00,11095.25
2019-07-07 16:00:00+00:00,7006.5
2019-07-07 17:00:00+00:00,3462.25
2019-07-07 18:00:00+00:00,1063.25
2019-07-07 19:00:00+00:00,69.25
2019-07-07 20:00:00+00:00,0.0
2019-07-07 21:00:00+00:00,0.0
2019-07-07 22:00:00+00:00,0.0
2019-07-07 23:00:00+00:00,0.0
2019-07-08 00:00:00+00:00,0.0
2019-07-08 01:00:00+00:00,0.0
2019-07-08 02:00:00+00:00,1.25
2019-07-08 03:00:00+00:00,190.5
2019-07-08 04:00:00+00:00,1541.75
2019-07-08 05:00:00+00:00,4708.0
2019-07-08 06:00:00+00:00,9287.5
2019-07-08 07:00:00+00:00,13596.0
2019-07-08 08:00:00+00:00,15949.0
2019-07-08 09:00:00+00:00,16625.0
2019-07-08 10:00:00+00:00,17136.5
2019-07-08 11:00:00+00:00,17387.5
2019-07-08 12:00:00+00:00,16721.75
2019-07-08 13:00:00+00:00,15364.0
2019-07-08 14:00:00+00:00,13103.75
2019-07-08 15:00:00+00:00,9918.0
2019-07-08 16:00:00+00:00,6378.5
2019-07-08 17:00:00+00:00,3166.25
2019-07-08 18:00:00+00:00,973.25
2019-07-08 19:00:00+00:00,57.5
2019-07-08 20:00:00+00:00,0.0
2019-07-08 21:00:00+00:00,0.0
2019-07-08 22:00:00+00:00,0.0
2019-07-08 23:00:00+00:00,0.0
2019-07-09 00:00:00+00:00,0.0
2019-07-09 01:00:00+00:00,0.0
2019-07-09 02:00:00+00:00,1.0
2019-07-09 03:00:00+00:00,181.75
2019-07-09 04:00:00+00:00,1530.25
2019-07-09 05:00:00+00:00,4400.75
2019-07-09 06:00:00+00:00,8716.75
2019-07-09 07:00:00+00:00,13188.5
2019-07-09 08:00:00+00:00,16344.75
2019-07-09 09:00:00+00:00,17896.25
2019-07-09 10:00:00+00:00,18333.75
2019-07-09 11:00:00+00:00,18901.0
2019-07-09 12:00:00+00:00,18594.5
2019-07-09 13:00:00+00:00,17394.25
2019-07-09 14:00:00+00:00,15406.5
2019-07-09 15:00:00+00:00,12331.0
2019-07-09 16:00:00+00:00,8297.0
2019-07-09 17:00:00+00:00,4030.0
2019-07-09 18:00:00+00:00,1190.5
2019-07-09 19:00:00+00:00,77.5
2019-07-09 20:00:00+00:00,0.0
2019-07-09 21:00:00+00:00,0.0
2019-07-09 22:00:00+00:00,0.0
2019-07-09 23:00:00+00:00,0.0
2019-07-10 00:00:00+00:00,0.0
2019-07-10 01:00:00+00:00,0.0
2019-07-10 02:00:00+00:00,0.5
2019-07-10 03:00:00+00:00,204.75
2019-07-10 04:00:00+00:00,1770.0
2019-07-10 05:00:00+00:00,5613.5
2019-07-10 06:00:00+00:00,11270.75
2019-07-10 07:00:00+00:00,16327.25
2019-07-10 08:00:00+00:00,20506.25
2019-07-10 09:00:00+00:00,24371.25
2019-07-10 10:00:00+00:00,26922.75
2019-07-10 11:00:00+00:00,27626.0
2019-07-10 12:00:00+00:00,26511.75
2019-07-10 13:00:00+00:00,23786.0
2019-07-10 14:00:00+00:00,20007.75
2019-07-10 15:00:00+00:00,14836.0
2019-07-10 16:00:00+00:00,8883.5
2019-07-10 17:00:00+00:00,3873.75
2019-07-10 18:00:00+00:00,1055.25
2019-07-10 19:00:00+00:00,50.0
2019-07-10 20:00:00+00:00,0.0
2019-07-10 21:00:00+00:00,0.0
2019-07-10 22:00:00+00:00,0.0
2019-07-10 23:00:00+00:00,0.0
2019-07-11 00:00:00+00:00,0.0
2019-07-11 01:00:00+00:00,0.0
2019-07-11 02:00:00+00:00,0.5
2019-07-11 03:00:00+00:00,140.5
2019-07-11 04:00:00+00:00,1143.25
2019-07-11 05:00:00+00:00,3423.25
2019-07-11 06:00:00+00:00,6498.75
2019-07-11 07:00:00+00:00,9694.25
2019-07-11 08:00:00+00:00,12103.5
2019-07-11 09:00:00+00:00,13747.75
2019-07-11 10:00:00+00:00,14089.75
2019-07-11 11:00:00+00:00,13796.0
2019-07-11 12:00:00+00:00,12981.0
2019-07-11 13:00:00+00:00,11045.0
2019-07-11 14:00:00+00:00,8927.25
2019-07-11 15:00:00+00:00,6765.25
2019-07-11 16:00:00+00:00,4386.5
2019-07-11 17:00:00+00:00,2247.25
2019-07-11 18:00:00+00:00,629.0
2019-07-11 19:00:00+00:00,30.5
2019-07-11 20:00:00+00:00,0.0
2019-07-11 21:00:00+00:00,0.0
2019-07-11 22:00:00+00:00,0.0
2019-07-11 23:00:00+00:00,0.0
2019-07-12 00:00:00+00:00,0.0
2019-07-12 01:00:00+00:00,0.0
2019-07-12 02:00:00+00:00,0.0
2019-07-12 03:00:00+00:00,94.5
2019-07-12 04:00:00+00:00,982.75
2019-07-12 05:00:00+00:00,3335.0
2019-07-12 06:00:00+00:00,6603.25
2019-07-12 07:00:00+00:00,10228.75
2019-07-12 08:00:00+00:00,13196.25
2019-07-12 09:00:00+00:00,15109.25
2019-07-12 10:00:00+00:00,16583.25
2019-07-12 11:00:00+00:00,17233.5
2019-07-12 12:00:00+00:00,16035.25
2019-07-12 13:00:00+00:00,13862.25
2019-07-12 14:00:00+00:00,11122.5
2019-07-12 15:00:00+00:00,8744.25
2019-07-12 16:00:00+00:00,5272.5
2019-07-12 17:00:00+00:00,2511.5
2019-07-12 18:00:00+00:00,691.5
2019-07-12 19:00:00+00:00,35.25
2019-07-12 20:00:00+00:00,0.0
2019-07-12 21:00:00+00:00,0.0
2019-07-12 22:00:00+00:00,0.0
2019-07-12 23:00:00+00:00,0.0
2019-07-13 00:00:00+00:00,0.0
2019-07-13 01:00:00+00:00,0.0
2019-07-13 02:00:00+00:00,0.0
2019-07-13 03:00:00+00:00,111.75
2019-07-13 04:00:00+00:00,865.5
2019-07-13 05:00:00+00:00,2657.25
2019-07-13 06:00:00+00:00,5268.25
2019-07-13 07:00:00+00:00,8175.0
2019-07-13 08:00:00+00:00,10815.5
2019-07-13 09:00:00+00:00,12895.0
2019-07-13 10:00:00+00:00,14427.0
2019-07-13 11:00:00+00:00,15983.25
2019-07-13 12:00:00+00:00,16346.5
2019-07-13 13:00:00+00:00,15568.0
2019-07-13 14:00:00+00:00,13363.25
2019-07-13 15:00:00+00:00,10090.0
2019-07-13 16:00:00+00:00,6476.5
2019-07-13 17:00:00+00:00,2962.0
2019-07-13 18:00:00+00:00,791.25
2019-07-13 19:00:00+00:00,37.5
2019-07-13 20:00:00+00:00,0.0
2019-07-13 21:00:00+00:00,0.0
2019-07-13 22:00:00+00:00,0.0
2019-07-13 23:00:00+00:00,0.0
2019-07-14 00:00:00+00:00,0.0
2019-07-14 01:00:00+00:00,0.0
2019-07-14 02:00:00+00:00,0.0
2019-07-14 03:00:00+00:00,104.75
2019-07-14 04:00:00+00:00,909.75
2019-07-14 05:00:00+00:00,2769.75
2019-07-14 06:00:00+00:00,5520.25
2019-07-14 07:00:00+00:00,8638.25
2019-07-14 08:00:00+00:00,11171.25
2019-07-14 09:00:00+00:00,13246.5
2019-07-14 10:00:00+00:00,14592.75
2019-07-14 11:00:00+00:00,15323.5
2019-07-14 12:00:00+00:00,15133.0
2019-07-14 13:00:00+00:00,13955.75
2019-07-14 14:00:00+00:00,12109.25
2019-07-14 15:00:00+00:00,8846.75
2019-07-14 16:00:00+00:00,5667.75
2019-07-14 17:00:00+00:00,2744.75
2019-07-14 18:00:00+00:00,704.75
2019-07-14 19:00:00+00:00,25.25
2019-07-14 20:00:00+00:00,0.0
2019-07-14 21:00:00+00:00,0.0
2019-07-14 22:00:00+00:00,0.0
2019-07-14 23:00:00+00:00,0.0
2019-07-15 00:00:00+00:00,0.0
2019-07-15 01:00:00+00:00,0.0
2019-07-15 02:00:00+00:00,0.0
2019-07-15 03:00:00+00:00,102.75
2019-07-15 04:00:00+00:00,990.0
2019-07-15 05:00:00+00:00,3090.25
2019-07-15 06:00:00+00:00,6361.0
2019-07-15 07:00:00+00:00,9970.0
2019-07-15 08:00:00+00:00,12820.5
2019-07-15 09:00:00+00:00,14613.25
2019-07-15 10:00:00+00:00,15415.5
2019-07-15 11:00:00+00:00,16122.75
2019-07-15 12:00:00+00:00,16252.25
2019-07-15 13:00:00+00:00,15567.75
2019-07-15 14:00:00+00:00,14045.75
2019-07-15 15:00:00+00:00,11212.5
2019-07-15 16:00:00+00:00,7273.75
2019-07-15 17:00:00+00:00,3479.25
2019-07-15 18:00:00+00:00,931.25
2019-07-15 19:00:00+00:00,40.5
2019-07-15 20:00:00+00:00,0.0
2019-07-15 21:00:00+00:00,0.0
2019-07-15 22:00:00+00:00,0.0
2019-07-15 23:00:00+00:00,0.0
2019-07-16 00:00:00+00:00,0.0
2019-07-16 01:00:00+00:00,0.0
2019-07-16 02:00:00+00:00,0.0
2019-07-16 03:00:00+00:00,91.25
2019-07-16 04:00:00+00:00,1111.0
2019-07-16 05:00:00+00:00,3652.25
2019-07-16 06:00:00+00:00,7494.75
2019-07-16 07:00:00+00:00,11488.5
2019-07-16 08:00:00+00:00,15038.5
2019-07-16 09:00:00+00:00,17878.0
2019-07-16 10:00:00+00:00,19870.25
2019-07-16 11:00:00+00:00,21318.0
2019-07-16 12:00:00+00:00,21764.0
2019-07-16 13:00:00+00:00,20425.75
2019-07-16 14:00:00+00:00,17497.25
2019-07-16 15:00:00+00:00,13439.0
2019-07-16 16:00:00+00:00,8392.25
2019-07-16 17:00:00+00:00,3735.5
2019-07-16 18:00:00+00:00,931.25
2019-07-16 19:00:00+00:00,44.25
2019-07-16 20:00:00+00:00,0.0
2019-07-16 21:00:00+00:00,0.0
2019-07-16 22:00:00+00:00,0.0
2019-07-16 23:00:00+00:00,0.0
2019-07-17 00:00:00+00:00,0.0
2019-07-17 01:00:00+00:00,0.0
2019-07-17 02:00:00+00:00,0.0
2019-07-17 03:00:00+00:00,123.25
2019-07-17 04:00:00+00:00,1282.5
2019-07-17 05:00:00+00:00,4231.75
2019-07-17 06:00:00+00:00,8783.0
2019-07-17 07:00:00+00:00,13780.75
2019-07-17 08:00:00+00:00,18110.0
2019-07-17 09:00:00+00:00,21661.0
2019-07-17 10:00:00+00:00,23740.75
2019-07-17 11:00:00+00:00,23948.5
2019-07-17 12:00:00+00:00,23220.25
2019-07-17 13:00:00+00:00,21481.75
2019-07-17 14:00:00+00:00,18813.25
2019-07-17 15:00:00+00:00,14439.0
2019-07-17 16:00:00+00:00,9222.25
2019-07-17 17:00:00+00:00,4210.75
2019-07-17 18:00:00+00:00,1121.25
2019-07-17 19:00:00+00:00,50.0
2019-07-17 20:00:00+00:00,0.0
2019-07-17 21:00:00+00:00,0.0
2019-07-17 22:00:00+00:00,0.0
2019-07-17 23:00:00+00:00,0.0
2019-07-18 00:00:00+00:00,0.0
2019-07-18 01:00:00+00:00,0.0
2019-07-18 02:00:00+00:00,0.0
2019-07-18 03:00:00+00:00,136.75
2019-07-18 04:00:00+00:00,1651.25
2019-07-18 05:00:00+00:00,5443.0
2019-07-18 06:00:00+00:00,10776.5
2019-07-18 07:00:00+00:00,16601.0
2019-07-18 08:00:00+00:00,21706.75
2019-07-18 09:00:00+00:00,24741.0
2019-07-18 10:00:00+00:00,25573.25
2019-07-18 11:00:00+00:00,25051.25
2019-07-18 12:00:00+00:00,23197.5
2019-07-18 13:00:00+00:00,20533.25
2019-07-18 14:00:00+00:00,16771.25
2019-07-18 15:00:00+00:00,11987.5
2019-07-18 16:00:00+00:00,7157.0
2019-07-18 17:00:00+00:00,3097.75
2019-07-18 18:00:00+00:00,754.25
2019-07-18 19:00:00+00:00,29.5
2019-07-18 20:00:00+00:00,0.0
2019-07-18 21:00:00+00:00,0.0
2019-07-18 22:00:00+00:00,0.0
2019-07-18 23:00:00+00:00,0.0
2019-07-19 00:00:00+00:00,0.0
2019-07-19 01:00:00+00:00,0.0
2019-07-19 02:00:00+00:00,0.0
2019-07-19 03:00:00+00:00,82.5
2019-07-19 04:00:00+00:00,901.0
2019-07-19 05:00:00+00:00,2863.75
2019-07-19 06:00:00+00:00,5908.5
2019-07-19 07:00:00+00:00,9944.25
2019-07-19 08:00:00+00:00,13672.5
2019-07-19 09:00:00+00:00,16392.5
2019-07-19 10:00:00+00:00,18307.75
2019-07-19 11:00:00+00:00,18911.5
2019-07-19 12:00:00+00:00,17810.5
2019-07-19 13:00:00+00:00,16138.25
2019-07-19 14:00:00+00:00,13936.0
2019-07-19 15:00:00+00:00,11063.5
2019-07-19 16:00:00+00:00,7394.25
2019-07-19 17:00:00+00:00,3507.0
2019-07-19 18:00:00+00:00,912.5
2019-07-19 19:00:00+00:00,33.75
2019-07-19 20:00:00+00:00,0.0
2019-07-19 21:00:00+00:00,0.0
2019-07-19 22:00:00+00:00,0.0
2019-07-19 23:00:00+00:00,0.0
2019-07-20 00:00:00+00:00,0.0
2019-07-20 01:00:00+00:00,0.0
2019-07-20 02:00:00+00:00,0.0
2019-07-20 03:00:00+00:00,104.5
2019-07-20 04:00:00+00:00,1397.5
2019-07-20 05:00:00+00:00,5223.75
2019-07-20 06:00:00+00:00,11065.5
2019-07-20 07:00:00+00:00,17068.0
2019-07-20 08:00:00+00:00,21590.25
2019-07-20 09:00:00+00:00,24215.5
2019-07-20 10:00:00+00:00,24568.25
2019-07-20 11:00:00+00:00,23320.25
2019-07-20 12:00:00+00:00,21841.25
2019-07-20 13:00:00+00:00,19023.25
2019-07-20 14:00:00+00:00,14678.0
2019-07-20 15:00:00+00:00,10026.0
2019-07-20 16:00:00+00:00,6328.25
2019-07-20 17:00:00+00:00,2894.75
2019-07-20 18:00:00+00:00,717.75
2019-07-20 19:00:00+00:00,30.25
2019-07-20 20:00:00+00:00,0.0
2019-07-20 21:00:00+00:00,0.0
2019-07-20 22:00:00+00:00,0.0
2019-07-20 23:00:00+00:00,0.0
2019-07-21 00:00:00+00:00,0.0
2019-07-21 01:00:00+00:00,0.0
2019-07-21 02:00:00+00:00,0.0
2019-07-21 03:00:00+00:00,89.25
2019-07-21 04:00:00+00:00,1000.5
2019-07-21 05:00:00+00:00,3319.75
2019-07-21 06:00:00+00:00,6877.25
2019-07-21 07:00:00+00:00,11710.25
2019-07-21 08:00:00+00:00,16691.75
2019-07-21 09:00:00+00:00,20419.5
2019-07-21 10:00:00+00:00,22029.5
2019-07-21 11:00:00+00:00,22513.5
2019-07-21 12:00:00+00:00,21999.5
2019-07-21 13:00:00+00:00,20456.25
2019-07-21 14:00:00+00:00,18253.5
2019-07-21 15:00:00+00:00,13963.0
2019-07-21 16:00:00+00:00,8557.25
2019-07-21 17:00:00+00:00,3793.5
2019-07-21 18:00:00+00:00,960.75
2019-07-21 19:00:00+00:00,31.25
2019-07-21 20:00:00+00:00,0.0
2019-07-21 21:00:00+00:00,0.0
2019-07-21 22:00:00+00:00,0.0
2019-07-21 23:00:00+00:00,0.0
2019-07-22 00:00:00+00:00,0.0
2019-07-22 01:00:00+00:00,0.0
2019-07-22 02:00:00+00:00,0.0
2019-07-22 03:00:00+00:00,95.5
2019-07-22 04:00:00+00:00,1369.25
2019-07-22 05:00:00+00:00,4673.75
2019-07-22 06:00:00+00:00,9468.25
2019-07-22 07:00:00+00:00,14578.0
2019-07-22 08:00:00+00:00,18589.75
2019-07-22 09:00:00+00:00,21320.75
2019-07-22 10:00:00+00:00,22250.75
2019-07-22 11:00:00+00:00,22273.0
2019-07-22 12:00:00+00:00,21874.75
2019-07-22 13:00:00+00:00,19944.25
2019-07-22 14:00:00+00:00,16617.5
2019-07-22 15:00:00+00:00,12465.75
2019-07-22 16:00:00+00:00,7939.5
2019-07-22 17:00:00+00:00,3584.25
2019-07-22 18:00:00+00:00,853.5
2019-07-22 19:00:00+00:00,28.25
2019-07-22 20:00:00+00:00,0.0
2019-07-22 21:00:00+00:00,0.0
2019-07-22 22:00:00+00:00,0.0
2019-07-22 23:00:00+00:00,0.0
2019-07-23 00:00:00+00:00,0.0
2019-07-23 01:00:00+00:00,0.0
2019-07-23 02:00:00+00:00,0.0
2019-07-23 03:00:00+00:00,83.75
2019-07-23 04:00:00+00:00,1253.0
2019-07-23 05:00:00+00:00,5090.5
2019-07-23 06:00:00+00:00,11217.75
2019-07-23 07:00:00+00:00,17673.5
2019-07-23 08:00:00+00:00,22887.0
2019-07-23 09:00:00+00:00,26423.0
2019-07-23 10:00:00+00:00,28399.0
2019-07-23 11:00:00+00:00,28880.25
2019-07-23 12:00:00+00:00,27912.75
2019-07-23 13:00:00+00:00,25458.5
2019-07-23 14:00:00+00:00,21524.25
2019-07-23 15:00:00+00:00,16017.0
2019-07-23 16:00:00+00:00,9532.25
2019-07-23 17:00:00+00:00,3839.0
2019-07-23 18:00:00+00:00,865.75
2019-07-23 19:00:00+00:00,27.0
2019-07-23 20:00:00+00:00,0.0
2019-07-23 21:00:00+00:00,0.0
2019-07-23 22:00:00+00:00,0.0
2019-07-23 23:00:00+00:00,0.0
2019-07-24 00:00:00+00:00,0.0
2019-07-24 01:00:00+00:00,0.0
2019-07-24 02:00:00+00:00,0.0
2019-07-24 03:00:00+00:00,82.75
2019-07-24 04:00:00+00:00,1248.0
2019-07-24 05:00:00+00:00,5105.5
2019-07-24 06:00:00+00:00,11163.75
2019-07-24 07:00:00+00:00,17477.0
2019-07-24 08:00:00+00:00,22642.75
2019-07-24 09:00:00+00:00,26138.5
2019-07-24 10:00:00+00:00,28053.5
2019-07-24 11:00:00+00:00,28410.75
2019-07-24 12:00:00+00:00,27350.5
2019-07-24 13:00:00+00:00,24830.5
2019-07-24 14:00:00+00:00,20812.25
2019-07-24 15:00:00+00:00,15376.5
2019-07-24 16:00:00+00:00,9041.5
2019-07-24 17:00:00+00:00,3679.0
2019-07-24 18:00:00+00:00,823.0
2019-07-24 19:00:00+00:00,24.75
2019-07-24 20:00:00+00:00,0.0
2019-07-24 21:00:00+00:00,0.0
2019-07-24 22:00:00+00:00,0.0
2019-07-24 23:00:00+00:00,0.0
2019-07-25 00:00:00+00:00,0.0
2019-07-25 01:00:00+00:00,0.0
2019-07-25 02:00:00+00:00,0.0
2019-07-25 03:00:00+00:00,71.5
2019-07-25 04:00:00+00:00,1267.5
2019-07-25 05:00:00+00:00,4998.0
2019-07-25 06:00:00+00:00,10782.0
2019-07-25 07:00:00+00:00,16866.25
2019-07-25 08:00:00+00:00,21846.0
2019-07-25 09:00:00+00:00,25343.75
2019-07-25 10:00:00+00:00,27217.25
2019-07-25 11:00:00+00:00,27506.5
2019-07-25 12:00:00+00:00,26362.0
2019-07-25 13:00:00+00:00,23803.25
2019-07-25 14:00:00+00:00,19883.0
2019-07-25 15:00:00+00:00,14610.75
2019-07-25 16:00:00+00:00,8607.75
2019-07-25 17:00:00+00:00,3542.75
2019-07-25 18:00:00+00:00,791.75
2019-07-25 19:00:00+00:00,15.75
2019-07-25 20:00:00+00:00,0.0
2019-07-25 21:00:00+00:00,0.0
2019-07-25 22:00:00+00:00,0.0
2019-07-25 23:00:00+00:00,0.0
2019-07-26 00:00:00+00:00,0.0
2019-07-26 01:00:00+00:00,0.0
2019-07-26 02:00:00+00:00,0.0
2019-07-26 03:00:00+00:00,65.5
2019-07-26 04:00:00+00:00,1222.5
2019-07-26 05:00:00+00:00,4920.0
2019-07-26 06:00:00+00:00,10656.75
2019-07-26 07:00:00+00:00,16722.0
2019-07-26 08:00:00+00:00,21772.25
2019-07-26 09:00:00+00:00,25338.25
2019-07-26 10:00:00+00:00,27274.5
2019-07-26 11:00:00+00:00,27354.0
2019-07-26 12:00:00+00:00,25860.25
2019-07-26 13:00:00+00:00,22892.25
2019-07-26 14:00:00+00:00,18563.75
2019-07-26 15:00:00+00:00,13050.25
2019-07-26 16:00:00+00:00,7248.25
2019-07-26 17:00:00+00:00,2949.5
2019-07-26 18:00:00+00:00,635.0
2019-07-26 19:00:00+00:00,12.0
2019-07-26 20:00:00+00:00,0.0
2019-07-26 21:00:00+00:00,0.0
2019-07-26 22:00:00+00:00,0.0
2019-07-26 23:00:00+00:00,0.0
2019-07-27 00:00:00+00:00,0.0
2019-07-27 01:00:00+00:00,0.0
2019-07-27 02:00:00+00:00,0.0
2019-07-27 03:00:00+00:00,57.75
2019-07-27 04:00:00+00:00,980.5
2019-07-27 05:00:00+00:00,3845.0
2019-07-27 06:00:00+00:00,8209.25
2019-07-27 07:00:00+00:00,12773.75
2019-07-27 08:00:00+00:00,16578.25
2019-07-27 09:00:00+00:00,18930.25
2019-07-27 10:00:00+00:00,20481.5
2019-07-27 11:00:00+00:00,20937.5
2019-07-27 12:00:00+00:00,20507.75
2019-07-27 13:00:00+00:00,18516.25
2019-07-27 14:00:00+00:00,15377.25
2019-07-27 15:00:00+00:00,11057.5
2019-07-27 16:00:00+00:00,6425.0
2019-07-27 17:00:00+00:00,2567.5
2019-07-27 18:00:00+00:00,499.25
2019-07-27 19:00:00+00:00,10.0
2019-07-27 20:00:00+00:00,0.0
2019-07-27 21:00:00+00:00,0.0
2019-07-27 22:00:00+00:00,0.0
2019-07-27 23:00:00+00:00,0.0
2019-07-28 00:00:00+00:00,0.0
2019-07-28 01:00:00+00:00,0.0
2019-07-28 02:00:00+00:00,0.0
2019-07-28 03:00:00+00:00,47.5
2019-07-28 04:00:00+00:00,866.75
2019-07-28 05:00:00+00:00,3238.5
2019-07-28 06:00:00+00:00,6883.75
2019-07-28 07:00:00+00:00,10747.5
2019-07-28 08:00:00+00:00,13724.75
2019-07-28 09:00:00+00:00,16023.25
2019-07-28 10:00:00+00:00,17041.75
2019-07-28 11:00:00+00:00,16451.5
2019-07-28 12:00:00+00:00,15221.25
2019-07-28 13:00:00+00:00,12975.75
2019-07-28 14:00:00+00:00,10065.5
2019-07-28 15:00:00+00:00,7021.25
2019-07-28 16:00:00+00:00,4084.0
2019-07-28 17:00:00+00:00,1709.5
2019-07-28 18:00:00+00:00,345.0
2019-07-28 19:00:00+00:00,6.25
2019-07-28 20:00:00+00:00,0.0
2019-07-28 21:00:00+00:00,0.0
2019-07-28 22:00:00+00:00,0.0
2019-07-28 23:00:00+00:00,0.0
2019-07-29 00:00:00+00:00,0.0
2019-07-29 01:00:00+00:00,0.0
2019-07-29 02:00:00+00:00,0.0
2019-07-29 03:00:00+00:00,38.25
2019-07-29 04:00:00+00:00,594.25
2019-07-29 05:00:00+00:00,2342.75
2019-07-29 06:00:00+00:00,4957.0
2019-07-29 07:00:00+00:00,7929.75
2019-07-29 08:00:00+00:00,10855.75
2019-07-29 09:00:00+00:00,13758.25
2019-07-29 10:00:00+00:00,16136.75
2019-07-29 11:00:00+00:00,17131.0
2019-07-29 12:00:00+00:00,16747.0
2019-07-29 13:00:00+00:00,15390.75
2019-07-29 14:00:00+00:00,13192.5
2019-07-29 15:00:00+00:00,10143.0
2019-07-29 16:00:00+00:00,6274.0
2019-07-29 17:00:00+00:00,2713.0
2019-07-29 18:00:00+00:00,530.5
2019-07-29 19:00:00+00:00,7.25
2019-07-29 20:00:00+00:00,0.0
2019-07-29 21:00:00+00:00,0.0
2019-07-29 22:00:00+00:00,0.0
2019-07-29 23:00:00+00:00,0.0
2019-07-30 00:00:00+00:00,0.0
2019-07-30 01:00:00+00:00,0.0
2019-07-30 02:00:00+00:00,0.0
2019-07-30 03:00:00+00:00,27.5
2019-07-30 04:00:00+00:00,704.75
2019-07-30 05:00:00+00:00,3028.75
2019-07-30 06:00:00+00:00,6798.75
2019-07-30 07:00:00+00:00,11497.5
2019-07-30 08:00:00+00:00,15851.75
2019-07-30 09:00:00+00:00,18784.75
2019-07-30 10:00:00+00:00,20625.25
2019-07-30 11:00:00+00:00,21372.5
2019-07-30 12:00:00+00:00,20785.5
2019-07-30 13:00:00+00:00,18643.5
2019-07-30 14:00:00+00:00,15340.0
2019-07-30 15:00:00+00:00,11351.5
2019-07-30 16:00:00+00:00,6589.75
2019-07-30 17:00:00+00:00,2695.0
2019-07-30 18:00:00+00:00,485.25
2019-07-30 19:00:00+00:00,5.75
2019-07-30 20:00:00+00:00,0.0
2019-07-30 21:00:00+00:00,0.0
2019-07-30 22:00:00+00:00,0.0
2019-07-30 23:00:00+00:00,0.0
2019-07-31 00:00:00+00:00,0.0
2019-07-31 01:00:00+00:00,0.0
2019-07-31 02:00:00+00:00,0.0
2019-07-31 03:00:00+00:00,26.75
2019-07-31 04:00:00+00:00,606.75
2019-07-31 05:00:00+00:00,2465.5
2019-07-31 06:00:00+00:00,5355.25
2019-07-31 07:00:00+00:00,8654.5
2019-07-31 08:00:00+00:00,11941.25
2019-07-31 09:00:00+00:00,14439.25
2019-07-31 10:00:00+00:00,14886.0
2019-07-31 11:00:00+00:00,15122.0
2019-07-31 12:00:00+00:00,15703.0
2019-07-31 13:00:00+00:00,15122.5
2019-07-31 14:00:00+00:00,12871.5
2019-07-31 15:00:00+00:00,9879.5
2019-07-31 16:00:00+00:00,6000.25
2019-07-31 17:00:00+00:00,2565.75
2019-07-31 18:00:00+00:00,503.75
2019-07-31 19:00:00+00:00,5.25
2019-07-31 20:00:00+00:00,0.0
2019-07-31 21:00:00+00:00,0.0
2019-07-31 22:00:00+00:00,0.0
2019-07-31 23:00:00+00:00,0.0
2019-08-01 00:00:00+00:00,0.0
2019-08-01 01:00:00+00:00,0.0
2019-08-01 02:00:00+00:00,0.0
2019-08-01 03:00:00+00:00,25.75
2019-08-01 04:00:00+00:00,876.25
2019-08-01 05:00:00+00:00,3966.0
2019-08-01 06:00:00+00:00,9062.75
2019-08-01 07:00:00+00:00,15045.0
2019-08-01 08:00:00+00:00,20220.0
2019-08-01 09:00:00+00:00,22907.0
2019-08-01 10:00:00+00:00,23209.5
2019-08-01 11:00:00+00:00,22210.25
2019-08-01 12:00:00+00:00,20380.75
2019-08-01 13:00:00+00:00,18184.75
2019-08-01 14:00:00+00:00,15071.25
2019-08-01 15:00:00+00:00,11235.25
2019-08-01 16:00:00+00:00,6755.75
2019-08-01 17:00:00+00:00,2815.0
2019-08-01 18:00:00+00:00,530.25
2019-08-01 19:00:00+00:00,4.25
2019-08-01 20:00:00+00:00,0.0
2019-08-01 21:00:00+00:00,0.0
2019-08-01 22:00:00+00:00,0.0
2019-08-01 23:00:00+00:00,0.0
2019-08-02 00:00:00+00:00,0.0
2019-08-02 01:00:00+00:00,0.0
2019-08-02 02:00:00+00:00,0.0
2019-08-02 03:00:00+00:00,24.0
2019-08-02 04:00:00+00:00,771.5
2019-08-02 05:00:00+00:00,3437.75
2019-08-02 06:00:00+00:00,7697.5
2019-08-02 07:00:00+00:00,12782.5
2019-08-02 08:00:00+00:00,16992.5
2019-08-02 09:00:00+00:00,19699.5
2019-08-02 10:00:00+00:00,19907.0
2019-08-02 11:00:00+00:00,18904.0
2019-08-02 12:00:00+00:00,17429.0
2019-08-02 13:00:00+00:00,15658.25
2019-08-02 14:00:00+00:00,12577.5
2019-08-02 15:00:00+00:00,8913.5
2019-08-02 16:00:00+00:00,5424.75
2019-08-02 17:00:00+00:00,2298.0
2019-08-02 18:00:00+00:00,390.75
2019-08-02 19:00:00+00:00,4.5
2019-08-02 20:00:00+00:00,0.0
2019-08-02 21:00:00+00:00,0.0
2019-08-02 22:00:00+00:00,0.0
2019-08-02 23:00:00+00:00,0.0
2019-08-03 00:00:00+00:00,0.0
2019-08-03 01:00:00+00:00,0.0
2019-08-03 02:00:00+00:00,0.0
2019-08-03 03:00:00+00:00,20.0
2019-08-03 04:00:00+00:00,633.25
2019-08-03 05:00:00+00:00,2974.5
2019-08-03 06:00:00+00:00,6833.5
2019-08-03 07:00:00+00:00,10856.75
2019-08-03 08:00:00+00:00,13806.5
2019-08-03 09:00:00+00:00,16259.75
2019-08-03 10:00:00+00:00,18198.0
2019-08-03 11:00:00+00:00,18714.25
2019-08-03 12:00:00+00:00,18115.75
2019-08-03 13:00:00+00:00,17275.0
2019-08-03 14:00:00+00:00,14810.25
2019-08-03 15:00:00+00:00,11128.75
2019-08-03 16:00:00+00:00,6819.75
2019-08-03 17:00:00+00:00,2827.0
2019-08-03 18:00:00+00:00,464.5
2019-08-03 19:00:00+00:00,2.25
2019-08-03 20:00:00+00:00,0.0
2019-08-03 21:00:00+00:00,0.0
2019-08-03 22:00:00+00:00,0.0
2019-08-03 23:00:00+00:00,0.0
2019-08-04 00:00:00+00:00,0.0
2019-08-04 01:00:00+00:00,0.0
2019-08-04 02:00:00+00:00,0.0
2019-08-04 03:00:00+00:00,19.75
2019-08-04 04:00:00+00:00,785.0
2019-08-04 05:00:00+00:00,3846.25
2019-08-04 06:00:00+00:00,8717.25
2019-08-04 07:00:00+00:00,14504.25
2019-08-04 08:00:00+00:00,19572.75
2019-08-04 09:00:00+00:00,22459.5
2019-08-04 10:00:00+00:00,23739.5
2019-08-04 11:00:00+00:00,24229.5
2019-08-04 12:00:00+00:00,23884.75
2019-08-04 13:00:00+00:00,22269.0
2019-08-04 14:00:00+00:00,19037.25
2019-08-04 15:00:00+00:00,13966.75
2019-08-04 16:00:00+00:00,7975.0
2019-08-04 17:00:00+00:00,3025.25
2019-08-04 18:00:00+00:00,460.75
2019-08-04 19:00:00+00:00,1.5
2019-08-04 20:00:00+00:00,0.0
2019-08-04 21:00:00+00:00,0.0
2019-08-04 22:00:00+00:00,0.0
2019-08-04 23:00:00+00:00,0.0
2019-08-05 00:00:00+00:00,0.0
2019-08-05 01:00:00+00:00,0.0
2019-08-05 02:00:00+00:00,0.0
2019-08-05 03:00:00+00:00,16.25
2019-08-05 04:00:00+00:00,628.5
2019-08-05 05:00:00+00:00,2786.5
2019-08-05 06:00:00+00:00,5903.25
2019-08-05 07:00:00+00:00,9379.75
2019-08-05 08:00:00+00:00,12681.5
2019-08-05 09:00:00+00:00,14923.0
2019-08-05 10:00:00+00:00,16029.75
2019-08-05 11:00:00+00:00,16951.0
2019-08-05 12:00:00+00:00,16864.0
2019-08-05 13:00:00+00:00,15740.0
2019-08-05 14:00:00+00:00,12917.75
2019-08-05 15:00:00+00:00,9790.25
2019-08-05 16:00:00+00:00,5890.5
2019-08-05 17:00:00+00:00,2419.5
2019-08-05 18:00:00+00:00,372.25
2019-08-05 19:00:00+00:00,1.25
2019-08-05 20:00:00+00:00,0.0
2019-08-05 21:00:00+00:00,0.0
2019-08-05 22:00:00+00:00,0.0
2019-08-05 23:00:00+00:00,0.0
2019-08-06 00:00:00+00:00,0.0
2019-08-06 01:00:00+00:00,0.0
2019-08-06 02:00:00+00:00,0.0
2019-08-06 03:00:00+00:00,14.25
2019-08-06 04:00:00+00:00,617.5
2019-08-06 05:00:00+00:00,3022.75
2019-08-06 06:00:00+00:00,6846.5
2019-08-06 07:00:00+00:00,11278.5
2019-08-06 08:00:00+00:00,16219.25
2019-08-06 09:00:00+00:00,19690.5
2019-08-06 10:00:00+00:00,20868.5
2019-08-06 11:00:00+00:00,20403.75
2019-08-06 12:00:00+00:00,18250.75
2019-08-06 13:00:00+00:00,16099.75
2019-08-06 14:00:00+00:00,14036.25
2019-08-06 15:00:00+00:00,9851.5
2019-08-06 16:00:00+00:00,5055.5
2019-08-06 17:00:00+00:00,2263.5
2019-08-06 18:00:00+00:00,373.25
2019-08-06 19:00:00+00:00,1.25
2019-08-06 20:00:00+00:00,0.0
2019-08-06 21:00:00+00:00,0.0
2019-08-06 22:00:00+00:00,0.0
2019-08-06 23:00:00+00:00,0.0
2019-08-07 00:00:00+00:00,0.0
2019-08-07 01:00:00+00:00,0.0
2019-08-07 02:00:00+00:00,0.0
2019-08-07 03:00:00+00:00,10.0
2019-08-07 04:00:00+00:00,516.75
2019-08-07 05:00:00+00:00,2262.75
2019-08-07 06:00:00+00:00,5001.5
2019-08-07 07:00:00+00:00,9058.5
2019-08-07 08:00:00+00:00,12434.0
2019-08-07 09:00:00+00:00,13735.0
2019-08-07 10:00:00+00:00,12799.0
2019-08-07 11:00:00+00:00,11657.5
2019-08-07 12:00:00+00:00,10823.5
2019-08-07 13:00:00+00:00,9313.75
2019-08-07 14:00:00+00:00,7644.75
2019-08-07 15:00:00+00:00,5741.75
2019-08-07 16:00:00+00:00,3771.75
2019-08-07 17:00:00+00:00,1766.25
2019-08-07 18:00:00+00:00,281.0
2019-08-07 19:00:00+00:00,1.75
2019-08-07 20:00:00+00:00,0.0
2019-08-07 21:00:00+00:00,0.0
2019-08-07 22:00:00+00:00,0.0
2019-08-07 23:00:00+00:00,0.0
2019-08-08 00:00:00+00:00,0.0
2019-08-08 01:00:00+00:00,0.0
2019-08-08 02:00:00+00:00,0.0
2019-08-08 03:00:00+00:00,11.75
2019-08-08 04:00:00+00:00,674.75
2019-08-08 05:00:00+00:00,3589.25
2019-08-08 06:00:00+00:00,8102.0
2019-08-08 07:00:00+00:00,13728.5
2019-08-08 08:00:00+00:00,18936.25
2019-08-08 09:00:00+00:00,22219.75
2019-08-08 10:00:00+00:00,22971.5
2019-08-08 11:00:00+00:00,22803.25
2019-08-08 12:00:00+00:00,22706.25
2019-08-08 13:00:00+00:00,20636.25
2019-08-08 14:00:00+00:00,17455.25
2019-08-08 15:00:00+00:00,12931.0
2019-08-08 16:00:00+00:00,7549.75
2019-08-08 17:00:00+00:00,2733.25
2019-08-08 18:00:00+00:00,374.75
2019-08-08 19:00:00+00:00,0.75
2019-08-08 20:00:00+00:00,0.0
2019-08-08 21:00:00+00:00,0.0
2019-08-08 22:00:00+00:00,0.0
2019-08-08 23:00:00+00:00,0.0
2019-08-09 00:00:00+00:00,0.0
2019-08-09 01:00:00+00:00,0.0
2019-08-09 02:00:00+00:00,0.0
2019-08-09 03:00:00+00:00,8.5
2019-08-09 04:00:00+00:00,722.5
2019-08-09 05:00:00+00:00,3965.0
2019-08-09 06:00:00+00:00,8992.0
2019-08-09 07:00:00+00:00,14170.5
2019-08-09 08:00:00+00:00,17838.25
2019-08-09 09:00:00+00:00,20295.75
2019-08-09 10:00:00+00:00,21277.5
2019-08-09 11:00:00+00:00,20532.75
2019-08-09 12:00:00+00:00,18534.5
2019-08-09 13:00:00+00:00,16108.75
2019-08-09 14:00:00+00:00,12639.0
2019-08-09 15:00:00+00:00,7950.25
2019-08-09 16:00:00+00:00,4068.5
2019-08-09 17:00:00+00:00,1289.0
2019-08-09 18:00:00+00:00,101.25
2019-08-09 19:00:00+00:00,0.25
2019-08-09 20:00:00+00:00,0.0
2019-08-09 21:00:00+00:00,0.0
2019-08-09 22:00:00+00:00,0.0
2019-08-09 23:00:00+00:00,0.0
2019-08-10 00:00:00+00:00,0.0
2019-08-10 01:00:00+00:00,0.0
2019-08-10 02:00:00+00:00,0.0
2019-08-10 03:00:00+00:00,5.75
2019-08-10 04:00:00+00:00,368.25
2019-08-10 05:00:00+00:00,2260.75
2019-08-10 06:00:00+00:00,5292.5
2019-08-10 07:00:00+00:00,7760.0
2019-08-10 08:00:00+00:00,9916.0
2019-08-10 09:00:00+00:00,11996.75
2019-08-10 10:00:00+00:00,13417.0
2019-08-10 11:00:00+00:00,14494.75
2019-08-10 12:00:00+00:00,15236.25
2019-08-10 13:00:00+00:00,15141.0
2019-08-10 14:00:00+00:00,13885.25
2019-08-10 15:00:00+00:00,11060.25
2019-08-10 16:00:00+00:00,6913.0
2019-08-10 17:00:00+00:00,2660.25
2019-08-10 18:00:00+00:00,310.75
2019-08-10 19:00:00+00:00,0.25
2019-08-10 20:00:00+00:00,0.0
2019-08-10 21:00:00+00:00,0.0
2019-08-10 22:00:00+00:00,0.0
2019-08-10 23:00:00+00:00,0.0
2019-08-11 00:00:00+00:00,0.0
2019-08-11 01:00:00+00:00,0.0
2019-08-11 02:00:00+00:00,0.0
2019-08-11 03:00:00+00:00,6.25
2019-08-11 04:00:00+00:00,619.5
2019-08-11 05:00:00+00:00,3836.5
2019-08-11 06:00:00+00:00,9737.5
2019-08-11 07:00:00+00:00,16663.0
2019-08-11 08:00:00+00:00,22122.25
2019-08-11 09:00:00+00:00,25059.75
2019-08-11 10:00:00+00:00,25291.25
2019-08-11 11:00:00+00:00,25066.25
2019-08-11 12:00:00+00:00,23336.25
2019-08-11 13:00:00+00:00,19724.25
2019-08-11 14:00:00+00:00,15089.5
2019-08-11 15:00:00+00:00,10357.25
2019-08-11 16:00:00+00:00,5366.75
2019-08-11 17:00:00+00:00,1551.0
2019-08-11 18:00:00+00:00,133.25
2019-08-11 19:00:00+00:00,0.5
2019-08-11 20:00:00+00:00,0.0
2019-08-11 21:00:00+00:00,0.0
2019-08-11 22:00:00+00:00,0.0
2019-08-11 23:00:00+00:00,0.0
2019-08-12 00:00:00+00:00,0.0
2019-08-12 01:00:00+00:00,0.0
2019-08-12 02:00:00+00:00,0.0
2019-08-12 03:00:00+00:00,3.75
2019-08-12 04:00:00+00:00,384.5
2019-08-12 05:00:00+00:00,2360.5
2019-08-12 06:00:00+00:00,6148.0
2019-08-12 07:00:00+00:00,11083.75
2019-08-12 08:00:00+00:00,14762.75
2019-08-12 09:00:00+00:00,15721.5
2019-08-12 10:00:00+00:00,15474.0
2019-08-12 11:00:00+00:00,14354.25
2019-08-12 12:00:00+00:00,12877.5
2019-08-12 13:00:00+00:00,13104.5
2019-08-12 14:00:00+00:00,11841.25
2019-08-12 15:00:00+00:00,7976.5
2019-08-12 16:00:00+00:00,4213.25
2019-08-12 17:00:00+00:00,1563.25
2019-08-12 18:00:00+00:00,160.5
2019-08-12 19:00:00+00:00,0.25
2019-08-12 20:00:00+00:00,0.0
2019-08-12 21:00:00+00:00,0.0
2019-08-12 22:00:00+00:00,0.0
2019-08-12 23:00:00+00:00,0.0
2019-08-13 00:00:00+00:00,0.0
2019-08-13 01:00:00+00:00,0.0
2019-08-13 02:00:00+00:00,0.0
2019-08-13 03:00:00+00:00,3.5
2019-08-13 04:00:00+00:00,424.0
2019-08-13 05:00:00+00:00,2890.25
2019-08-13 06:00:00+00:00,7569.0
2019-08-13 07:00:00+00:00,13036.0
2019-08-13 08:00:00+00:00,17327.25
2019-08-13 09:00:00+00:00,18880.25
2019-08-13 10:00:00+00:00,19147.5
2019-08-13 11:00:00+00:00,18902.5
2019-08-13 12:00:00+00:00,17948.0
2019-08-13 13:00:00+00:00,16018.75
2019-08-13 14:00:00+00:00,12820.0
2019-08-13 15:00:00+00:00,8879.0
2019-08-13 16:00:00+00:00,4823.0
2019-08-13 17:00:00+00:00,1834.5
2019-08-13 18:00:00+00:00,200.5
2019-08-13 19:00:00+00:00,0.0
2019-08-13 20:00:00+00:00,0.0
2019-08-13 21:00:00+00:00,0.0
2019-08-13 22:00:00+00:00,0.0
2019-08-13 23:00:00+00:00,0.0
2019-08-14 00:00:00+00:00,0.0
2019-08-14 01:00:00+00:00,0.0
2019-08-14 02:00:00+00:00,0.0
2019-08-14 03:00:00+00:00,2.75
2019-08-14 04:00:00+00:00,466.25
2019-08-14 05:00:00+00:00,3275.5
2019-08-14 06:00:00+00:00,8631.0
2019-08-14 07:00:00+00:00,15200.5
2019-08-14 08:00:00+00:00,20447.5
2019-08-14 09:00:00+00:00,22990.5
2019-08-14 10:00:00+00:00,23425.75
2019-08-14 11:00:00+00:00,23056.5
2019-08-14 12:00:00+00:00,22876.25
2019-08-14 13:00:00+00:00,21073.25
2019-08-14 14:00:00+00:00,17347.75
2019-08-14 15:00:00+00:00,12302.25
2019-08-14 16:00:00+00:00,6800.75
2019-08-14 17:00:00+00:00,2231.5
2019-08-14 18:00:00+00:00,179.0
2019-08-14 19:00:00+00:00,0.0
2019-08-14 20:00:00+00:00,0.0
2019-08-14 21:00:00+00:00,0.0
2019-08-14 22:00:00+00:00,0.0
2019-08-14 23:00:00+00:00,0.0
2019-08-15 00:00:00+00:00,0.0
2019-08-15 01:00:00+00:00,0.0
2019-08-15 02:00:00+00:00,0.0
2019-08-15 03:00:00+00:00,1.75
2019-08-15 04:00:00+00:00,390.5
2019-08-15 05:00:00+00:00,2476.0
2019-08-15 06:00:00+00:00,5418.75
2019-08-15 07:00:00+00:00,8034.75
2019-08-15 08:00:00+00:00,9723.5
2019-08-15 09:00:00+00:00,10906.75
2019-08-15 10:00:00+00:00,11716.5
2019-08-15 11:00:00+00:00,12403.75
2019-08-15 12:00:00+00:00,12681.25
2019-08-15 13:00:00+00:00,11997.75
2019-08-15 14:00:00+00:00,10590.0
2019-08-15 15:00:00+00:00,8133.75
2019-08-15 16:00:00+00:00,4514.75
2019-08-15 17:00:00+00:00,1557.25
2019-08-15 18:00:00+00:00,139.5
2019-08-15 19:00:00+00:00,0.0
2019-08-15 20:00:00+00:00,0.0
2019-08-15 21:00:00+00:00,0.0
2019-08-15 22:00:00+00:00,0.0
2019-08-15 23:00:00+00:00,0.0
2019-08-16 00:00:00+00:00,0.0
2019-08-16 01:00:00+00:00,0.0
2019-08-16 02:00:00+00:00,0.0
2019-08-16 03:00:00+00:00,1.0
2019-08-16 04:00:00+00:00,368.75
2019-08-16 05:00:00+00:00,2766.75
2019-08-16 06:00:00+00:00,7281.0
2019-08-16 07:00:00+00:00,12735.5
2019-08-16 08:00:00+00:00,17064.5
2019-08-16 09:00:00+00:00,19962.5
2019-08-16 10:00:00+00:00,21613.0
2019-08-16 11:00:00+00:00,21914.0
2019-08-16 12:00:00+00:00,21688.5
2019-08-16 13:00:00+00:00,20160.0
2019-08-16 14:00:00+00:00,17143.0
2019-08-16 15:00:00+00:00,12224.75
2019-08-16 16:00:00+00:00,6681.0
2019-08-16 17:00:00+00:00,2128.25
2019-08-16 18:00:00+00:00,137.75
2019-08-16 19:00:00+00:00,0.0
2019-08-16 20:00:00+00:00,0.0
2019-08-16 21:00:00+00:00,0.0
2019-08-16 22:00:00+00:00,0.0
2019-08-16 23:00:00+00:00,0.0
2019-08-17 00:00:00+00:00,0.0
2019-08-17 01:00:00+00:00,0.0
2019-08-17 02:00:00+00:00,0.0
2019-08-17 03:00:00+00:00,0.5
2019-08-17 04:00:00+00:00,215.25
2019-08-17 05:00:00+00:00,1686.5
2019-08-17 06:00:00+00:00,4307.75
2019-08-17 07:00:00+00:00,7003.75
2019-08-17 08:00:00+00:00,9332.5
2019-08-17 09:00:00+00:00,11426.5
2019-08-17 10:00:00+00:00,12919.25
2019-08-17 11:00:00+00:00,13141.5
2019-08-17 12:00:00+00:00,12631.25
2019-08-17 13:00:00+00:00,9852.5
2019-08-17 14:00:00+00:00,7414.0
2019-08-17 15:00:00+00:00,4509.5
2019-08-17 16:00:00+00:00,2249.5
2019-08-17 17:00:00+00:00,742.75
2019-08-17 18:00:00+00:00,41.25
2019-08-17 19:00:00+00:00,0.0
2019-08-17 20:00:00+00:00,0.0
2019-08-17 21:00:00+00:00,0.0
2019-08-17 22:00:00+00:00,0.0
2019-08-17 23:00:00+00:00,0.0
2019-08-18 00:00:00+00:00,0.0
2019-08-18 01:00:00+00:00,0.0
2019-08-18 02:00:00+00:00,0.0
2019-08-18 03:00:00+00:00,0.25
2019-08-18 04:00:00+00:00,151.5
2019-08-18 05:00:00+00:00,1668.0
2019-08-18 06:00:00+00:00,5230.0
2019-08-18 07:00:00+00:00,9930.75
2019-08-18 08:00:00+00:00,14246.75
2019-08-18 09:00:00+00:00,17386.75
2019-08-18 10:00:00+00:00,19598.25
2019-08-18 11:00:00+00:00,20153.5
2019-08-18 12:00:00+00:00,19347.75
2019-08-18 13:00:00+00:00,17630.75
2019-08-18 14:00:00+00:00,13984.5
2019-08-18 15:00:00+00:00,9068.75
2019-08-18 16:00:00+00:00,4627.75
2019-08-18 17:00:00+00:00,1526.5
2019-08-18 18:00:00+00:00,103.25
2019-08-18 19:00:00+00:00,0.0
2019-08-18 20:00:00+00:00,0.0
2019-08-18 21:00:00+00:00,0.0
2019-08-18 22:00:00+00:00,0.0
2019-08-18 23:00:00+00:00,0.0
2019-08-19 00:00:00+00:00,0.0
2019-08-19 01:00:00+00:00,0.0
2019-08-19 02:00:00+00:00,0.0
2019-08-19 03:00:00+00:00,0.25
2019-08-19 04:00:00+00:00,181.0
2019-08-19 05:00:00+00:00,1629.0
2019-08-19 06:00:00+00:00,4634.25
2019-08-19 07:00:00+00:00,9082.75
2019-08-19 08:00:00+00:00,13914.0
2019-08-19 09:00:00+00:00,18129.25
2019-08-19 10:00:00+00:00,20885.0
2019-08-19 11:00:00+00:00,20875.0
2019-08-19 12:00:00+00:00,19832.75
2019-08-19 13:00:00+00:00,18035.0
2019-08-19 14:00:00+00:00,14575.5
2019-08-19 15:00:00+00:00,10474.25
2019-08-19 16:00:00+00:00,5741.75
2019-08-19 17:00:00+00:00,1710.75
2019-08-19 18:00:00+00:00,100.75
2019-08-19 19:00:00+00:00,0.0
2019-08-19 20:00:00+00:00,0.0
2019-08-19 21:00:00+00:00,0.0
2019-08-19 22:00:00+00:00,0.0
2019-08-19 23:00:00+00:00,0.0
2019-08-20 00:00:00+00:00,0.0
2019-08-20 01:00:00+00:00,0.0
2019-08-20 02:00:00+00:00,0.0
2019-08-20 03:00:00+00:00,0.0
2019-08-20 04:00:00+00:00,264.75
2019-08-20 05:00:00+00:00,2263.5
2019-08-20 06:00:00+00:00,6239.5
2019-08-20 07:00:00+00:00,10567.25
2019-08-20 08:00:00+00:00,13269.75
2019-08-20 09:00:00+00:00,13950.5
2019-08-20 10:00:00+00:00,13703.5
2019-08-20 11:00:00+00:00,12955.75
2019-08-20 12:00:00+00:00,11651.0
2019-08-20 13:00:00+00:00,9602.25
2019-08-20 14:00:00+00:00,7061.75
2019-08-20 15:00:00+00:00,4332.75
2019-08-20 16:00:00+00:00,2169.75
2019-08-20 17:00:00+00:00,699.0
2019-08-20 18:00:00+00:00,55.25
2019-08-20 19:00:00+00:00,0.0
2019-08-20 20:00:00+00:00,0.0
2019-08-20 21:00:00+00:00,0.0
2019-08-20 22:00:00+00:00,0.0
2019-08-20 23:00:00+00:00,0.0
2019-08-21 00:00:00+00:00,0.0
2019-08-21 01:00:00+00:00,0.0
2019-08-21 02:00:00+00:00,0.0
2019-08-21 03:00:00+00:00,0.0
2019-08-21 04:00:00+00:00,269.0
2019-08-21 05:00:00+00:00,2787.5
2019-08-21 06:00:00+00:00,8041.0
2019-08-21 07:00:00+00:00,14646.0
2019-08-21 08:00:00+00:00,20519.75
2019-08-21 09:00:00+00:00,24188.5
2019-08-21 10:00:00+00:00,25166.75
2019-08-21 11:00:00+00:00,24507.75
2019-08-21 12:00:00+00:00,22545.5
2019-08-21 13:00:00+00:00,20073.0
2019-08-21 14:00:00+00:00,16516.5
2019-08-21 15:00:00+00:00,11459.25
2019-08-21 16:00:00+00:00,5831.0
2019-08-21 17:00:00+00:00,1665.0
2019-08-21 18:00:00+00:00,88.25
2019-08-21 19:00:00+00:00,0.0
2019-08-21 20:00:00+00:00,0.0
2019-08-21 21:00:00+00:00,0.0
2019-08-21 22:00:00+00:00,0.0
2019-08-21 23:00:00+00:00,0.0
2019-08-22 00:00:00+00:00,0.0
2019-08-22 01:00:00+00:00,0.0
2019-08-22 02:00:00+00:00,0.0
2019-08-22 03:00:00+00:00,0.0
2019-08-22 04:00:00+00:00,288.75
2019-08-22 05:00:00+00:00,3068.25
2019-08-22 06:00:00+00:00,8756.75
2019-08-22 07:00:00+00:00,15350.75
2019-08-22 08:00:00+00:00,20691.75
2019-08-22 09:00:00+00:00,24371.25
2019-08-22 10:00:00+00:00,26321.75
2019-08-22 11:00:00+00:00,26884.5
2019-08-22 12:00:00+00:00,25885.25
2019-08-22 13:00:00+00:00,23318.25
2019-08-22 14:00:00+00:00,18948.25
2019-08-22 15:00:00+00:00,12839.25
2019-08-22 16:00:00+00:00,6278.25
2019-08-22 17:00:00+00:00,1648.25
2019-08-22 18:00:00+00:00,72.0
2019-08-22 19:00:00+00:00,0.0
2019-08-22 20:00:00+00:00,0.0
2019-08-22 21:00:00+00:00,0.0
2019-08-22 22:00:00+00:00,0.0
2019-08-22 23:00:00+00:00,0.0
2019-08-23 00:00:00+00:00,0.0
2019-08-23 01:00:00+00:00,0.0
2019-08-23 02:00:00+00:00,0.0
2019-08-23 03:00:00+00:00,0.0
2019-08-23 04:00:00+00:00,274.0
2019-08-23 05:00:00+00:00,3027.0
2019-08-23 06:00:00+00:00,8673.75
2019-08-23 07:00:00+00:00,15578.25
2019-08-23 08:00:00+00:00,21061.75
2019-08-23 09:00:00+00:00,24211.25
2019-08-23 10:00:00+00:00,25955.25
2019-08-23 11:00:00+00:00,26308.0
2019-08-23 12:00:00+00:00,25197.5
2019-08-23 13:00:00+00:00,22383.75
2019-08-23 14:00:00+00:00,17936.75
2019-08-23 15:00:00+00:00,12271.25
2019-08-23 16:00:00+00:00,6142.5
2019-08-23 17:00:00+00:00,1593.5
2019-08-23 18:00:00+00:00,61.5
2019-08-23 19:00:00+00:00,0.0
2019-08-23 20:00:00+00:00,0.0
2019-08-23 21:00:00+00:00,0.0
2019-08-23 22:00:00+00:00,0.0
2019-08-23 23:00:00+00:00,0.0
2019-08-24 00:00:00+00:00,0.0
2019-08-24 01:00:00+00:00,0.0
2019-08-24 02:00:00+00:00,0.0
2019-08-24 03:00:00+00:00,0.0
2019-08-24 04:00:00+00:00,241.5
2019-08-24 05:00:00+00:00,2859.5
2019-08-24 06:00:00+00:00,8260.0
2019-08-24 07:00:00+00:00,14608.25
2019-08-24 08:00:00+00:00,20151.0
2019-08-24 09:00:00+00:00,24246.75
2019-08-24 10:00:00+00:00,26349.0
2019-08-24 11:00:00+00:00,26688.75
2019-08-24 12:00:00+00:00,25309.0
2019-08-24 13:00:00+00:00,22254.0
2019-08-24 14:00:00+00:00,17849.25
2019-08-24 15:00:00+00:00,12196.5
2019-08-24 16:00:00+00:00,6052.0
2019-08-24 17:00:00+00:00,1579.5
2019-08-24 18:00:00+00:00,54.5
2019-08-24 19:00:00+00:00,0.0
2019-08-24 20:00:00+00:00,0.0
2019-08-24 21:00:00+00:00,0.0
2019-08-24 22:00:00+00:00,0.0
2019-08-24 23:00:00+00:00,0.0
2019-08-25 00:00:00+00:00,0.0
2019-08-25 01:00:00+00:00,0.0
2019-08-25 02:00:00+00:00,0.0
2019-08-25 03:00:00+00:00,0.0
2019-08-25 04:00:00+00:00,221.25
2019-08-25 05:00:00+00:00,2623.0
2019-08-25 06:00:00+00:00,7820.75
2019-08-25 07:00:00+00:00,14341.75
2019-08-25 08:00:00+00:00,20117.75
2019-08-25 09:00:00+00:00,24150.5
2019-08-25 10:00:00+00:00,26151.75
2019-08-25 11:00:00+00:00,26004.75
2019-08-25 12:00:00+00:00,24045.75
2019-08-25 13:00:00+00:00,20598.25
2019-08-25 14:00:00+00:00,15913.25
2019-08-25 15:00:00+00:00,10447.25
2019-08-25 16:00:00+00:00,5084.75
2019-08-25 17:00:00+00:00,1328.0
2019-08-25 18:00:00+00:00,43.0
2019-08-25 19:00:00+00:00,0.0
2019-08-25 20:00:00+00:00,0.0
2019-08-25 21:00:00+00:00,0.0
2019-08-25 22:00:00+00:00,0.0
2019-08-25 23:00:00+00:00,0.0
2019-08-26 00:00:00+00:00,0.0
2019-08-26 01:00:00+00:00,0.0
2019-08-26 02:00:00+00:00,0.0
2019-08-26 03:00:00+00:00,0.0
2019-08-26 04:00:00+00:00,203.75
2019-08-26 05:00:00+00:00,2533.5
2019-08-26 06:00:00+00:00,7599.0
2019-08-26 07:00:00+00:00,13936.5
2019-08-26 08:00:00+00:00,19663.0
2019-08-26 09:00:00+00:00,23701.75
2019-08-26 10:00:00+00:00,25649.0
2019-08-26 11:00:00+00:00,25286.75
2019-08-26 12:00:00+00:00,23338.0
2019-08-26 13:00:00+00:00,19872.25
2019-08-26 14:00:00+00:00,15329.5
2019-08-26 15:00:00+00:00,10165.75
2019-08-26 16:00:00+00:00,4866.0
2019-08-26 17:00:00+00:00,1235.75
2019-08-26 18:00:00+00:00,35.75
2019-08-26 19:00:00+00:00,0.0
2019-08-26 20:00:00+00:00,0.0
2019-08-26 21:00:00+00:00,0.0
2019-08-26 22:00:00+00:00,0.0
2019-08-26 23:00:00+00:00,0.0
2019-08-27 00:00:00+00:00,0.0
2019-08-27 01:00:00+00:00,0.0
2019-08-27 02:00:00+00:00,0.0
2019-08-27 03:00:00+00:00,0.0
2019-08-27 04:00:00+00:00,176.0
2019-08-27 05:00:00+00:00,2448.25
2019-08-27 06:00:00+00:00,7514.75
2019-08-27 07:00:00+00:00,13915.25
2019-08-27 08:00:00+00:00,19615.0
2019-08-27 09:00:00+00:00,23566.25
2019-08-27 10:00:00+00:00,25320.75
2019-08-27 11:00:00+00:00,24788.0
2019-08-27 12:00:00+00:00,22721.75
2019-08-27 13:00:00+00:00,19518.0
2019-08-27 14:00:00+00:00,15064.75
2019-08-27 15:00:00+00:00,9775.25
2019-08-27 16:00:00+00:00,4522.5
2019-08-27 17:00:00+00:00,1043.0
2019-08-27 18:00:00+00:00,27.75
2019-08-27 19:00:00+00:00,0.0
2019-08-27 20:00:00+00:00,0.0
2019-08-27 21:00:00+00:00,0.0
2019-08-27 22:00:00+00:00,0.0
2019-08-27 23:00:00+00:00,0.0
2019-08-28 00:00:00+00:00,0.0
2019-08-28 01:00:00+00:00,0.0
2019-08-28 02:00:00+00:00,0.0
2019-08-28 03:00:00+00:00,0.0
2019-08-28 04:00:00+00:00,164.75
2019-08-28 05:00:00+00:00,2223.5
2019-08-28 06:00:00+00:00,6173.25
2019-08-28 07:00:00+00:00,11187.5
2019-08-28 08:00:00+00:00,15971.0
2019-08-28 09:00:00+00:00,19956.0
2019-08-28 10:00:00+00:00,22708.0
2019-08-28 11:00:00+00:00,23528.75
2019-08-28 12:00:00+00:00,21976.75
2019-08-28 13:00:00+00:00,18591.75
2019-08-28 14:00:00+00:00,14135.5
2019-08-28 15:00:00+00:00,9095.0
2019-08-28 16:00:00+00:00,4221.5
2019-08-28 17:00:00+00:00,917.0
2019-08-28 18:00:00+00:00,10.5
2019-08-28 19:00:00+00:00,0.0
2019-08-28 20:00:00+00:00,0.0
2019-08-28 21:00:00+00:00,0.0
2019-08-28 22:00:00+00:00,0.0
2019-08-28 23:00:00+00:00,0.0
2019-08-29 00:00:00+00:00,0.0
2019-08-29 01:00:00+00:00,0.0
2019-08-29 02:00:00+00:00,0.0
2019-08-29 03:00:00+00:00,0.0
2019-08-29 04:00:00+00:00,123.75
2019-08-29 05:00:00+00:00,1652.75
2019-08-29 06:00:00+00:00,4802.75
2019-08-29 07:00:00+00:00,8974.75
2019-08-29 08:00:00+00:00,13094.75
2019-08-29 09:00:00+00:00,16884.75
2019-08-29 10:00:00+00:00,19283.25
2019-08-29 11:00:00+00:00,19443.75
2019-08-29 12:00:00+00:00,18697.75
2019-08-29 13:00:00+00:00,17030.5
2019-08-29 14:00:00+00:00,13431.0
2019-08-29 15:00:00+00:00,8744.75
2019-08-29 16:00:00+00:00,4128.25
2019-08-29 17:00:00+00:00,953.75
2019-08-29 18:00:00+00:00,12.25
2019-08-29 19:00:00+00:00,0.0
2019-08-29 20:00:00+00:00,0.0
2019-08-29 21:00:00+00:00,0.0
2019-08-29 22:00:00+00:00,0.0
2019-08-29 23:00:00+00:00,0.0
2019-08-30 00:00:00+00:00,0.0
2019-08-30 01:00:00+00:00,0.0
2019-08-30 02:00:00+00:00,0.0
2019-08-30 03:00:00+00:00,0.25
2019-08-30 04:00:00+00:00,114.75
2019-08-30 05:00:00+00:00,2139.25
2019-08-30 06:00:00+00:00,6849.0
2019-08-30 07:00:00+00:00,13003.5
2019-08-30 08:00:00+00:00,18648.25
2019-08-30 09:00:00+00:00,22675.5
2019-08-30 10:00:00+00:00,24785.0
2019-08-30 11:00:00+00:00,25106.5
2019-08-30 12:00:00+00:00,23749.75
2019-08-30 13:00:00+00:00,20446.0
2019-08-30 14:00:00+00:00,16071.5
2019-08-30 15:00:00+00:00,10621.5
2019-08-30 16:00:00+00:00,4955.75
2019-08-30 17:00:00+00:00,1004.0
2019-08-30 18:00:00+00:00,9.5
2019-08-30 19:00:00+00:00,0.0
2019-08-30 20:00:00+00:00,0.0
2019-08-30 21:00:00+00:00,0.0
2019-08-30 22:00:00+00:00,0.0
2019-08-30 23:00:00+00:00,0.0
2019-08-31 00:00:00+00:00,0.0
2019-08-31 01:00:00+00:00,0.0
2019-08-31 02:00:00+00:00,0.0
2019-08-31 03:00:00+00:00,0.25
2019-08-31 04:00:00+00:00,129.25
2019-08-31 05:00:00+00:00,2466.0
2019-08-31 06:00:00+00:00,8001.25
2019-08-31 07:00:00+00:00,14892.25
2019-08-31 08:00:00+00:00,20577.0
2019-08-31 09:00:00+00:00,24595.75
2019-08-31 10:00:00+00:00,26588.0
2019-08-31 11:00:00+00:00,26787.0
2019-08-31 12:00:00+00:00,25243.5
2019-08-31 13:00:00+00:00,21984.75
2019-08-31 14:00:00+00:00,17187.0
2019-08-31 15:00:00+00:00,11080.75
2019-08-31 16:00:00+00:00,4781.25
2019-08-31 17:00:00+00:00,848.5
2019-08-31 18:00:00+00:00,3.25
2019-08-31 19:00:00+00:00,0.0
2019-08-31 20:00:00+00:00,0.0
2019-08-31 21:00:00+00:00,0.0
2019-08-31 22:00:00+00:00,0.0
2019-08-31 23:00:00+00:00,0.0
2019-09-01 00:00:00+00:00,0.0
2019-09-01 01:00:00+00:00,0.0
2019-09-01 02:00:00+00:00,0.0
2019-09-01 03:00:00+00:00,0.0
2019-09-01 04:00:00+00:00,109.5
2019-09-01 05:00:00+00:00,2001.5
2019-09-01 06:00:00+00:00,5829.75
2019-09-01 07:00:00+00:00,10403.25
2019-09-01 08:00:00+00:00,14445.75
2019-09-01 09:00:00+00:00,16940.25
2019-09-01 10:00:00+00:00,18256.75
2019-09-01 11:00:00+00:00,17993.0
2019-09-01 12:00:00+00:00,15788.0
2019-09-01 13:00:00+00:00,13282.5
2019-09-01 14:00:00+00:00,10329.0
2019-09-01 15:00:00+00:00,6752.75
2019-09-01 16:00:00+00:00,3214.0
2019-09-01 17:00:00+00:00,635.25
2019-09-01 18:00:00+00:00,7.5
2019-09-01 19:00:00+00:00,0.0
2019-09-01 20:00:00+00:00,0.0
2019-09-01 21:00:00+00:00,0.0
2019-09-01 22:00:00+00:00,0.0
2019-09-01 23:00:00+00:00,0.0
2019-09-02 00:00:00+00:00,0.0
2019-09-02 01:00:00+00:00,0.0
2019-09-02 02:00:00+00:00,0.0
2019-09-02 03:00:00+00:00,0.25
2019-09-02 04:00:00+00:00,81.0
2019-09-02 05:00:00+00:00,1795.25
2019-09-02 06:00:00+00:00,6093.5
2019-09-02 07:00:00+00:00,11728.75
2019-09-02 08:00:00+00:00,16753.75
2019-09-02 09:00:00+00:00,19092.25
2019-09-02 10:00:00+00:00,19672.25
2019-09-02 11:00:00+00:00,19918.5
2019-09-02 12:00:00+00:00,18987.5
2019-09-02 13:00:00+00:00,16610.75
2019-09-02 14:00:00+00:00,13308.5
2019-09-02 15:00:00+00:00,8962.25
2019-09-02 16:00:00+00:00,4197.75
2019-09-02 17:00:00+00:00,787.5
2019-09-02 18:00:00+00:00,3.25
2019-09-02 19:00:00+00:00,0.0
2019-09-02 20:00:00+00:00,0.0
2019-09-02 21:00:00+00:00,0.0
2019-09-02 22:00:00+00:00,0.0
2019-09-02 23:00:00+00:00,0.0
2019-09-03 00:00:00+00:00,0.0
2019-09-03 01:00:00+00:00,0.0
2019-09-03 02:00:00+00:00,0.0
2019-09-03 03:00:00+00:00,0.0
2019-09-03 04:00:00+00:00,70.25
2019-09-03 05:00:00+00:00,1908.5
2019-09-03 06:00:00+00:00,6609.75
2019-09-03 07:00:00+00:00,12166.75
2019-09-03 08:00:00+00:00,17266.5
2019-09-03 09:00:00+00:00,20266.25
2019-09-03 10:00:00+00:00,21236.25
2019-09-03 11:00:00+00:00,20962.5
2019-09-03 12:00:00+00:00,19573.5
2019-09-03 13:00:00+00:00,17054.0
2019-09-03 14:00:00+00:00,13434.75
2019-09-03 15:00:00+00:00,8666.0
2019-09-03 16:00:00+00:00,3700.25
2019-09-03 17:00:00+00:00,580.25
2019-09-03 18:00:00+00:00,1.25
2019-09-03 19:00:00+00:00,0.0
2019-09-03 20:00:00+00:00,0.0
2019-09-03 21:00:00+00:00,0.0
2019-09-03 22:00:00+00:00,0.0
2019-09-03 23:00:00+00:00,0.0
2019-09-04 00:00:00+00:00,0.0
2019-09-04 01:00:00+00:00,0.0
2019-09-04 02:00:00+00:00,0.0
2019-09-04 03:00:00+00:00,0.0
2019-09-04 04:00:00+00:00,74.0
2019-09-04 05:00:00+00:00,2028.25
2019-09-04 06:00:00+00:00,7061.25
2019-09-04 07:00:00+00:00,13300.25
2019-09-04 08:00:00+00:00,19067.0
2019-09-04 09:00:00+00:00,23181.25
2019-09-04 10:00:00+00:00,25422.0
2019-09-04 11:00:00+00:00,25697.25
2019-09-04 12:00:00+00:00,24080.75
2019-09-04 13:00:00+00:00,20560.0
2019-09-04 14:00:00+00:00,15467.0
2019-09-04 15:00:00+00:00,9481.5
2019-09-04 16:00:00+00:00,3770.75
2019-09-04 17:00:00+00:00,507.25
2019-09-04 18:00:00+00:00,1.5
2019-09-04 19:00:00+00:00,0.0
2019-09-04 20:00:00+00:00,0.0
2019-09-04 21:00:00+00:00,0.0
2019-09-04 22:00:00+00:00,0.0
2019-09-04 23:00:00+00:00,0.0
2019-09-05 00:00:00+00:00,0.0
2019-09-05 01:00:00+00:00,0.0
2019-09-05 02:00:00+00:00,0.0
2019-09-05 03:00:00+00:00,0.0
2019-09-05 04:00:00+00:00,54.25
2019-09-05 05:00:00+00:00,1626.0
2019-09-05 06:00:00+00:00,5276.25
2019-09-05 07:00:00+00:00,9540.0
2019-09-05 08:00:00+00:00,13024.75
2019-09-05 09:00:00+00:00,14958.75
2019-09-05 10:00:00+00:00,15127.0
2019-09-05 11:00:00+00:00,15182.0
2019-09-05 12:00:00+00:00,14469.5
2019-09-05 13:00:00+00:00,12550.75
2019-09-05 14:00:00+00:00,9429.5
2019-09-05 15:00:00+00:00,6010.25
2019-09-05 16:00:00+00:00,2573.75
2019-09-05 17:00:00+00:00,416.5
2019-09-05 18:00:00+00:00,0.75
2019-09-05 19:00:00+00:00,0.0
2019-09-05 20:00:00+00:00,0.0
2019-09-05 21:00:00+00:00,0.0
2019-09-05 22:00:00+00:00,0.0
2019-09-05 23:00:00+00:00,0.0
2019-09-06 00:00:00+00:00,0.0
2019-09-06 01:00:00+00:00,0.0
2019-09-06 02:00:00+00:00,0.0
2019-09-06 03:00:00+00:00,0.0
2019-09-06 04:00:00+00:00,48.5
2019-09-06 05:00:00+00:00,1666.0
2019-09-06 06:00:00+00:00,6074.5
2019-09-06 07:00:00+00:00,11304.75
2019-09-06 08:00:00+00:00,16075.75
2019-09-06 09:00:00+00:00,20016.75
2019-09-06 10:00:00+00:00,21609.5
2019-09-06 11:00:00+00:00,20764.0
2019-09-06 12:00:00+00:00,18652.75
2019-09-06 13:00:00+00:00,15430.75
2019-09-06 14:00:00+00:00,11116.0
2019-09-06 15:00:00+00:00,6628.25
2019-09-06 16:00:00+00:00,2526.0
2019-09-06 17:00:00+00:00,316.25
2019-09-06 18:00:00+00:00,0.25
2019-09-06 19:00:00+00:00,0.0
2019-09-06 20:00:00+00:00,0.0
2019-09-06 21:00:00+00:00,0.0
2019-09-06 22:00:00+00:00,0.0
2019-09-06 23:00:00+00:00,0.0
2019-09-07 00:00:00+00:00,0.0
2019-09-07 01:00:00+00:00,0.0
2019-09-07 02:00:00+00:00,0.0
2019-09-07 03:00:00+00:00,0.0
2019-09-07 04:00:00+00:00,23.75
2019-09-07 05:00:00+00:00,740.5
2019-09-07 06:00:00+00:00,2752.25
2019-09-07 07:00:00+00:00,5560.0
2019-09-07 08:00:00+00:00,8373.5
2019-09-07 09:00:00+00:00,10985.5
2019-09-07 10:00:00+00:00,12673.0
2019-09-07 11:00:00+00:00,12637.75
2019-09-07 12:00:00+00:00,11436.0
2019-09-07 13:00:00+00:00,10126.5
2019-09-07 14:00:00+00:00,8008.5
2019-09-07 15:00:00+00:00,5210.0
2019-09-07 16:00:00+00:00,2267.0
2019-09-07 17:00:00+00:00,315.5
2019-09-07 18:00:00+00:00,0.25
2019-09-07 19:00:00+00:00,0.0
2019-09-07 20:00:00+00:00,0.0
2019-09-07 21:00:00+00:00,0.0
2019-09-07 22:00:00+00:00,0.0
2019-09-07 23:00:00+00:00,0.0
2019-09-08 00:00:00+00:00,0.0
2019-09-08 01:00:00+00:00,0.0
2019-09-08 02:00:00+00:00,0.0
2019-09-08 03:00:00+00:00,0.0
2019-09-08 04:00:00+00:00,29.5
2019-09-08 05:00:00+00:00,1074.5
2019-09-08 06:00:00+00:00,3823.25
2019-09-08 07:00:00+00:00,7465.25
2019-09-08 08:00:00+00:00,10621.5
2019-09-08 09:00:00+00:00,12269.5
2019-09-08 10:00:00+00:00,12118.25
2019-09-08 11:00:00+00:00,11304.0
2019-09-08 12:00:00+00:00,10546.5
2019-09-08 13:00:00+00:00,9008.75
2019-09-08 14:00:00+00:00,6778.25
2019-09-08 15:00:00+00:00,4070.0
2019-09-08 16:00:00+00:00,1638.75
2019-09-08 17:00:00+00:00,209.0
2019-09-08 18:00:00+00:00,0.25
2019-09-08 19:00:00+00:00,0.0
2019-09-08 20:00:00+00:00,0.0
2019-09-08 21:00:00+00:00,0.0
2019-09-08 22:00:00+00:00,0.0
2019-09-08 23:00:00+00:00,0.0
2019-09-09 00:00:00+00:00,0.0
2019-09-09 01:00:00+00:00,0.0
2019-09-09 02:00:00+00:00,0.0
2019-09-09 03:00:00+00:00,0.0
2019-09-09 04:00:00+00:00,5.75
2019-09-09 05:00:00+00:00,336.75
2019-09-09 06:00:00+00:00,1740.0
2019-09-09 07:00:00+00:00,3923.25
2019-09-09 08:00:00+00:00,6219.0
2019-09-09 09:00:00+00:00,7839.25
2019-09-09 10:00:00+00:00,9043.0
2019-09-09 11:00:00+00:00,9697.0
2019-09-09 12:00:00+00:00,9749.5
2019-09-09 13:00:00+00:00,8775.5
2019-09-09 14:00:00+00:00,7150.75
2019-09-09 15:00:00+00:00,4830.5
2019-09-09 16:00:00+00:00,2140.0
2019-09-09 17:00:00+00:00,278.0
2019-09-09 18:00:00+00:00,0.25
2019-09-09 19:00:00+00:00,0.0
2019-09-09 20:00:00+00:00,0.0
2019-09-09 21:00:00+00:00,0.0
2019-09-09 22:00:00+00:00,0.0
2019-09-09 23:00:00+00:00,0.0
2019-09-10 00:00:00+00:00,0.0
2019-09-10 01:00:00+00:00,0.0
2019-09-10 02:00:00+00:00,0.0
2019-09-10 03:00:00+00:00,0.0
2019-09-10 04:00:00+00:00,23.75
2019-09-10 05:00:00+00:00,1339.75
2019-09-10 06:00:00+00:00,5348.0
2019-09-10 07:00:00+00:00,11064.25
2019-09-10 08:00:00+00:00,16892.0
2019-09-10 09:00:00+00:00,21623.75
2019-09-10 10:00:00+00:00,23638.25
2019-09-10 11:00:00+00:00,23425.75
2019-09-10 12:00:00+00:00,21257.25
2019-09-10 13:00:00+00:00,17876.25
2019-09-10 14:00:00+00:00,13856.25
2019-09-10 15:00:00+00:00,8628.25
2019-09-10 16:00:00+00:00,3302.5
2019-09-10 17:00:00+00:00,335.5
2019-09-10 18:00:00+00:00,0.25
2019-09-10 19:00:00+00:00,0.0
2019-09-10 20:00:00+00:00,0.0
2019-09-10 21:00:00+00:00,0.0
2019-09-10 22:00:00+00:00,0.0
2019-09-10 23:00:00+00:00,0.0
2019-09-11 00:00:00+00:00,0.0
2019-09-11 01:00:00+00:00,0.0
2019-09-11 02:00:00+00:00,0.0
2019-09-11 03:00:00+00:00,0.0
2019-09-11 04:00:00+00:00,24.25
2019-09-11 05:00:00+00:00,1506.5
2019-09-11 06:00:00+00:00,6280.25
2019-09-11 07:00:00+00:00,12945.25
2019-09-11 08:00:00+00:00,18673.75
2019-09-11 09:00:00+00:00,22622.0
2019-09-11 10:00:00+00:00,23918.25
2019-09-11 11:00:00+00:00,22748.5
2019-09-11 12:00:00+00:00,20234.0
2019-09-11 13:00:00+00:00,16469.25
2019-09-11 14:00:00+00:00,11487.75
2019-09-11 15:00:00+00:00,6420.5
2019-09-11 16:00:00+00:00,2050.5
2019-09-11 17:00:00+00:00,134.0
2019-09-11 18:00:00+00:00,0.0
2019-09-11 19:00:00+00:00,0.0
2019-09-11 20:00:00+00:00,0.0
2019-09-11 21:00:00+00:00,0.0
2019-09-11 22:00:00+00:00,0.0
2019-09-11 23:00:00+00:00,0.0
2019-09-12 00:00:00+00:00,0.0
2019-09-12 01:00:00+00:00,0.0
2019-09-12 02:00:00+00:00,0.0
2019-09-12 03:00:00+00:00,0.0
2019-09-12 04:00:00+00:00,10.0
2019-09-12 05:00:00+00:00,701.5
2019-09-12 06:00:00+00:00,3200.25
2019-09-12 07:00:00+00:00,7022.75
2019-09-12 08:00:00+00:00,11551.25
2019-09-12 09:00:00+00:00,15420.25
2019-09-12 10:00:00+00:00,18004.25
2019-09-12 11:00:00+00:00,18979.75
2019-09-12 12:00:00+00:00,18553.75
2019-09-12 13:00:00+00:00,16665.75
2019-09-12 14:00:00+00:00,13260.5
2019-09-12 15:00:00+00:00,8354.75
2019-09-12 16:00:00+00:00,3154.25
2019-09-12 17:00:00+00:00,226.75
2019-09-12 18:00:00+00:00,0.0
2019-09-12 19:00:00+00:00,0.0
2019-09-12 20:00:00+00:00,0.0
2019-09-12 21:00:00+00:00,0.0
2019-09-12 22:00:00+00:00,0.0
2019-09-12 23:00:00+00:00,0.0
2019-09-13 00:00:00+00:00,0.0
2019-09-13 01:00:00+00:00,0.0
2019-09-13 02:00:00+00:00,0.0
2019-09-13 03:00:00+00:00,0.0
2019-09-13 04:00:00+00:00,8.75
2019-09-13 05:00:00+00:00,960.75
2019-09-13 06:00:00+00:00,4273.75
2019-09-13 07:00:00+00:00,8677.25
2019-09-13 08:00:00+00:00,12939.5
2019-09-13 09:00:00+00:00,15717.25
2019-09-13 10:00:00+00:00,16857.75
2019-09-13 11:00:00+00:00,16985.75
2019-09-13 12:00:00+00:00,16783.0
2019-09-13 13:00:00+00:00,15118.75
2019-09-13 14:00:00+00:00,11574.5
2019-09-13 15:00:00+00:00,6963.0
2019-09-13 16:00:00+00:00,2562.25
2019-09-13 17:00:00+00:00,184.5
2019-09-13 18:00:00+00:00,0.0
2019-09-13 19:00:00+00:00,0.0
2019-09-13 20:00:00+00:00,0.0
2019-09-13 21:00:00+00:00,0.0
2019-09-13 22:00:00+00:00,0.0
2019-09-13 23:00:00+00:00,0.0
2019-09-14 00:00:00+00:00,0.0
2019-09-14 01:00:00+00:00,0.0
2019-09-14 02:00:00+00:00,0.0
2019-09-14 03:00:00+00:00,0.0
2019-09-14 04:00:00+00:00,15.25
2019-09-14 05:00:00+00:00,1416.0
2019-09-14 06:00:00+00:00,6257.25
2019-09-14 07:00:00+00:00,12702.5
2019-09-14 08:00:00+00:00,18731.75
2019-09-14 09:00:00+00:00,23100.75
2019-09-14 10:00:00+00:00,24543.0
2019-09-14 11:00:00+00:00,24198.0
2019-09-14 12:00:00+00:00,22879.75
2019-09-14 13:00:00+00:00,20194.75
2019-09-14 14:00:00+00:00,15780.0
2019-09-14 15:00:00+00:00,9580.75
2019-09-14 16:00:00+00:00,3086.25
2019-09-14 17:00:00+00:00,177.75
2019-09-14 18:00:00+00:00,0.25
2019-09-14 19:00:00+00:00,0.0
2019-09-14 20:00:00+00:00,0.0
2019-09-14 21:00:00+00:00,0.0
2019-09-14 22:00:00+00:00,0.0
2019-09-14 23:00:00+00:00,0.0
2019-09-15 00:00:00+00:00,0.0
2019-09-15 01:00:00+00:00,0.0
2019-09-15 02:00:00+00:00,0.0
2019-09-15 03:00:00+00:00,0.0
2019-09-15 04:00:00+00:00,12.75
2019-09-15 05:00:00+00:00,1504.0
2019-09-15 06:00:00+00:00,6623.5
2019-09-15 07:00:00+00:00,13075.25
2019-09-15 08:00:00+00:00,18401.25
2019-09-15 09:00:00+00:00,22341.25
2019-09-15 10:00:00+00:00,24271.75
2019-09-15 11:00:00+00:00,24225.5
2019-09-15 12:00:00+00:00,22335.75
2019-09-15 13:00:00+00:00,18965.25
2019-09-15 14:00:00+00:00,13770.0
2019-09-15 15:00:00+00:00,7662.0
2019-09-15 16:00:00+00:00,2482.5
2019-09-15 17:00:00+00:00,125.5
2019-09-15 18:00:00+00:00,0.25
2019-09-15 19:00:00+00:00,0.0
2019-09-15 20:00:00+00:00,0.0
2019-09-15 21:00:00+00:00,0.0
2019-09-15 22:00:00+00:00,0.0
2019-09-15 23:00:00+00:00,0.0
2019-09-16 00:00:00+00:00,0.0
2019-09-16 01:00:00+00:00,0.0
2019-09-16 02:00:00+00:00,0.0
2019-09-16 03:00:00+00:00,0.0
2019-09-16 04:00:00+00:00,4.25
2019-09-16 05:00:00+00:00,898.75
2019-09-16 06:00:00+00:00,4051.5
2019-09-16 07:00:00+00:00,8050.25
2019-09-16 08:00:00+00:00,11675.25
2019-09-16 09:00:00+00:00,13771.25
2019-09-16 10:00:00+00:00,14479.5
2019-09-16 11:00:00+00:00,13930.5
2019-09-16 12:00:00+00:00,12686.0
2019-09-16 13:00:00+00:00,10109.75
2019-09-16 14:00:00+00:00,6749.0
2019-09-16 15:00:00+00:00,3738.0
2019-09-16 16:00:00+00:00,1175.5
2019-09-16 17:00:00+00:00,46.75
2019-09-16 18:00:00+00:00,0.0
2019-09-16 19:00:00+00:00,0.0
2019-09-16 20:00:00+00:00,0.0
2019-09-16 21:00:00+00:00,0.0
2019-09-16 22:00:00+00:00,0.0
2019-09-16 23:00:00+00:00,0.0
2019-09-17 00:00:00+00:00,0.0
2019-09-17 01:00:00+00:00,0.0
2019-09-17 02:00:00+00:00,0.0
2019-09-17 03:00:00+00:00,0.0
2019-09-17 04:00:00+00:00,5.5
2019-09-17 05:00:00+00:00,645.0
2019-09-17 06:00:00+00:00,3481.25
2019-09-17 07:00:00+00:00,7944.75
2019-09-17 08:00:00+00:00,12147.75
2019-09-17 09:00:00+00:00,14185.5
2019-09-17 10:00:00+00:00,15444.0
2019-09-17 11:00:00+00:00,16049.25
2019-09-17 12:00:00+00:00,15419.25
2019-09-17 13:00:00+00:00,14301.25
2019-09-17 14:00:00+00:00,11372.5
2019-09-17 15:00:00+00:00,6942.5
2019-09-17 16:00:00+00:00,2346.25
2019-09-17 17:00:00+00:00,100.75
2019-09-17 18:00:00+00:00,0.0
2019-09-17 19:00:00+00:00,0.0
2019-09-17 20:00:00+00:00,0.0
2019-09-17 21:00:00+00:00,0.0
2019-09-17 22:00:00+00:00,0.0
2019-09-17 23:00:00+00:00,0.0
2019-09-18 00:00:00+00:00,0.0
2019-09-18 01:00:00+00:00,0.0
2019-09-18 02:00:00+00:00,0.0
2019-09-18 03:00:00+00:00,0.0
2019-09-18 04:00:00+00:00,5.75
2019-09-18 05:00:00+00:00,1270.0
2019-09-18 06:00:00+00:00,6476.5
2019-09-18 07:00:00+00:00,13206.25
2019-09-18 08:00:00+00:00,18614.75
2019-09-18 09:00:00+00:00,21380.5
2019-09-18 10:00:00+00:00,21945.75
2019-09-18 11:00:00+00:00,22203.75
2019-09-18 12:00:00+00:00,21388.75
2019-09-18 13:00:00+00:00,18384.25
2019-09-18 14:00:00+00:00,13940.0
2019-09-18 15:00:00+00:00,8069.0
2019-09-18 16:00:00+00:00,2418.75
2019-09-18 17:00:00+00:00,82.25
2019-09-18 18:00:00+00:00,0.0
2019-09-18 19:00:00+00:00,0.0
2019-09-18 20:00:00+00:00,0.0
2019-09-18 21:00:00+00:00,0.0
2019-09-18 22:00:00+00:00,0.0
2019-09-18 23:00:00+00:00,0.0
2019-09-19 00:00:00+00:00,0.0
2019-09-19 01:00:00+00:00,0.0
2019-09-19 02:00:00+00:00,0.0
2019-09-19 03:00:00+00:00,0.0
2019-09-19 04:00:00+00:00,4.25
2019-09-19 05:00:00+00:00,1171.0
2019-09-19 06:00:00+00:00,6060.5
2019-09-19 07:00:00+00:00,13027.5
2019-09-19 08:00:00+00:00,19170.25
2019-09-19 09:00:00+00:00,22320.0
2019-09-19 10:00:00+00:00,23030.5
2019-09-19 11:00:00+00:00,23329.0
2019-09-19 12:00:00+00:00,22499.5
2019-09-19 13:00:00+00:00,19572.0
2019-09-19 14:00:00+00:00,14666.5
2019-09-19 15:00:00+00:00,8328.75
2019-09-19 16:00:00+00:00,2497.75
2019-09-19 17:00:00+00:00,87.25
2019-09-19 18:00:00+00:00,0.0
2019-09-19 19:00:00+00:00,0.0
2019-09-19 20:00:00+00:00,0.0
2019-09-19 21:00:00+00:00,0.0
2019-09-19 22:00:00+00:00,0.0
2019-09-19 23:00:00+00:00,0.0
2019-09-20 00:00:00+00:00,0.0
2019-09-20 01:00:00+00:00,0.0
2019-09-20 02:00:00+00:00,0.0
2019-09-20 03:00:00+00:00,0.0
2019-09-20 04:00:00+00:00,3.25
2019-09-20 05:00:00+00:00,1071.25
2019-09-20 06:00:00+00:00,5756.5
2019-09-20 07:00:00+00:00,12234.75
2019-09-20 08:00:00+00:00,17779.0
2019-09-20 09:00:00+00:00,21573.0
2019-09-20 10:00:00+00:00,23322.5
2019-09-20 11:00:00+00:00,23497.75
2019-09-20 12:00:00+00:00,22130.0
2019-09-20 13:00:00+00:00,18999.0
2019-09-20 14:00:00+00:00,14047.5
2019-09-20 15:00:00+00:00,7798.0
2019-09-20 16:00:00+00:00,2170.25
2019-09-20 17:00:00+00:00,56.75
2019-09-20 18:00:00+00:00,0.0
2019-09-20 19:00:00+00:00,0.0
2019-09-20 20:00:00+00:00,0.0
2019-09-20 21:00:00+00:00,0.0
2019-09-20 22:00:00+00:00,0.0
2019-09-20 23:00:00+00:00,0.0
2019-09-21 00:00:00+00:00,0.0
2019-09-21 01:00:00+00:00,0.0
2019-09-21 02:00:00+00:00,0.0
2019-09-21 03:00:00+00:00,0.25
2019-09-21 04:00:00+00:00,3.0
2019-09-21 05:00:00+00:00,1102.25
2019-09-21 06:00:00+00:00,6335.5
2019-09-21 07:00:00+00:00,13596.0
2019-09-21 08:00:00+00:00,19936.75
2019-09-21 09:00:00+00:00,24159.25
2019-09-21 10:00:00+00:00,26374.75
2019-09-21 11:00:00+00:00,26734.25
2019-09-21 12:00:00+00:00,25110.75
2019-09-21 13:00:00+00:00,21518.0
2019-09-21 14:00:00+00:00,15811.5
2019-09-21 15:00:00+00:00,8693.0
2019-09-21 16:00:00+00:00,2282.25
2019-09-21 17:00:00+00:00,50.0
2019-09-21 18:00:00+00:00,0.0
2019-09-21 19:00:00+00:00,0.0
2019-09-21 20:00:00+00:00,0.0
2019-09-21 21:00:00+00:00,0.0
2019-09-21 22:00:00+00:00,0.0
2019-09-21 23:00:00+00:00,0.0
2019-09-22 00:00:00+00:00,0.0
2019-09-22 01:00:00+00:00,0.0
2019-09-22 02:00:00+00:00,0.0
2019-09-22 03:00:00+00:00,0.0
2019-09-22 04:00:00+00:00,2.25
2019-09-22 05:00:00+00:00,1064.5
2019-09-22 06:00:00+00:00,5927.5
2019-09-22 07:00:00+00:00,12517.5
2019-09-22 08:00:00+00:00,18008.5
2019-09-22 09:00:00+00:00,21338.0
2019-09-22 10:00:00+00:00,22487.75
2019-09-22 11:00:00+00:00,21922.75
2019-09-22 12:00:00+00:00,20018.75
2019-09-22 13:00:00+00:00,16508.5
2019-09-22 14:00:00+00:00,11541.25
2019-09-22 15:00:00+00:00,5888.0
2019-09-22 16:00:00+00:00,1464.0
2019-09-22 17:00:00+00:00,22.0
2019-09-22 18:00:00+00:00,0.0
2019-09-22 19:00:00+00:00,0.0
2019-09-22 20:00:00+00:00,0.0
2019-09-22 21:00:00+00:00,0.0
2019-09-22 22:00:00+00:00,0.0
2019-09-22 23:00:00+00:00,0.0
2019-09-23 00:00:00+00:00,0.0
2019-09-23 01:00:00+00:00,0.0
2019-09-23 02:00:00+00:00,0.0
2019-09-23 03:00:00+00:00,0.0
2019-09-23 04:00:00+00:00,1.25
2019-09-23 05:00:00+00:00,546.25
2019-09-23 06:00:00+00:00,2619.25
2019-09-23 07:00:00+00:00,5454.5
2019-09-23 08:00:00+00:00,8019.75
2019-09-23 09:00:00+00:00,9582.25
2019-09-23 10:00:00+00:00,10902.25
2019-09-23 11:00:00+00:00,11397.5
2019-09-23 12:00:00+00:00,10623.5
2019-09-23 13:00:00+00:00,8898.25
2019-09-23 14:00:00+00:00,6100.25
2019-09-23 15:00:00+00:00,3108.0
2019-09-23 16:00:00+00:00,819.0
2019-09-23 17:00:00+00:00,18.25
2019-09-23 18:00:00+00:00,0.0
2019-09-23 19:00:00+00:00,0.0
2019-09-23 20:00:00+00:00,0.0
2019-09-23 21:00:00+00:00,0.0
2019-09-23 22:00:00+00:00,0.0
2019-09-23 23:00:00+00:00,0.0
2019-09-24 00:00:00+00:00,0.0
2019-09-24 01:00:00+00:00,0.0
2019-09-24 02:00:00+00:00,0.0
2019-09-24 03:00:00+00:00,0.0
2019-09-24 04:00:00+00:00,0.5
2019-09-24 05:00:00+00:00,434.5
2019-09-24 06:00:00+00:00,3091.0
2019-09-24 07:00:00+00:00,6919.0
2019-09-24 08:00:00+00:00,11090.75
2019-09-24 09:00:00+00:00,14785.5
2019-09-24 10:00:00+00:00,16601.25
2019-09-24 11:00:00+00:00,15712.0
2019-09-24 12:00:00+00:00,12903.75
2019-09-24 13:00:00+00:00,9021.75
2019-09-24 14:00:00+00:00,5517.25
2019-09-24 15:00:00+00:00,2630.0
2019-09-24 16:00:00+00:00,596.5
2019-09-24 17:00:00+00:00,4.5
2019-09-24 18:00:00+00:00,0.0
2019-09-24 19:00:00+00:00,0.0
2019-09-24 20:00:00+00:00,0.0
2019-09-24 21:00:00+00:00,0.0
2019-09-24 22:00:00+00:00,0.0
2019-09-24 23:00:00+00:00,0.0
2019-09-25 00:00:00+00:00,0.0
2019-09-25 01:00:00+00:00,0.0
2019-09-25 02:00:00+00:00,0.0
2019-09-25 03:00:00+00:00,0.0
2019-09-25 04:00:00+00:00,0.25
2019-09-25 05:00:00+00:00,201.25
2019-09-25 06:00:00+00:00,1675.75
2019-09-25 07:00:00+00:00,4321.5
2019-09-25 08:00:00+00:00,7289.25
2019-09-25 09:00:00+00:00,9691.0
2019-09-25 10:00:00+00:00,11658.5
2019-09-25 11:00:00+00:00,11937.5
2019-09-25 12:00:00+00:00,11458.5
2019-09-25 13:00:00+00:00,9581.75
2019-09-25 14:00:00+00:00,6314.0
2019-09-25 15:00:00+00:00,3244.0
2019-09-25 16:00:00+00:00,825.0
2019-09-25 17:00:00+00:00,8.75
2019-09-25 18:00:00+00:00,0.0
2019-09-25 19:00:00+00:00,0.0
2019-09-25 20:00:00+00:00,0.0
2019-09-25 21:00:00+00:00,0.0
2019-09-25 22:00:00+00:00,0.0
2019-09-25 23:00:00+00:00,0.0
2019-09-26 00:00:00+00:00,0.0
2019-09-26 01:00:00+00:00,0.0
2019-09-26 02:00:00+00:00,0.0
2019-09-26 03:00:00+00:00,0.0
2019-09-26 04:00:00+00:00,0.0
2019-09-26 05:00:00+00:00,394.5
2019-09-26 06:00:00+00:00,2672.5
2019-09-26 07:00:00+00:00,5973.25
2019-09-26 08:00:00+00:00,9053.0
2019-09-26 09:00:00+00:00,10503.25
2019-09-26 10:00:00+00:00,10060.0
2019-09-26 11:00:00+00:00,9009.25
2019-09-26 12:00:00+00:00,7586.25
2019-09-26 13:00:00+00:00,6028.0
2019-09-26 14:00:00+00:00,3927.25
2019-09-26 15:00:00+00:00,1854.75
2019-09-26 16:00:00+00:00,368.25
2019-09-26 17:00:00+00:00,2.5
2019-09-26 18:00:00+00:00,0.0
2019-09-26 19:00:00+00:00,0.0
2019-09-26 20:00:00+00:00,0.0
2019-09-26 21:00:00+00:00,0.0
2019-09-26 22:00:00+00:00,0.0
2019-09-26 23:00:00+00:00,0.0
2019-09-27 00:00:00+00:00,0.0
2019-09-27 01:00:00+00:00,0.0
2019-09-27 02:00:00+00:00,0.0
2019-09-27 03:00:00+00:00,0.0
2019-09-27 04:00:00+00:00,0.25
2019-09-27 05:00:00+00:00,174.5
2019-09-27 06:00:00+00:00,1527.75
2019-09-27 07:00:00+00:00,3740.75
2019-09-27 08:00:00+00:00,5973.75
2019-09-27 09:00:00+00:00,8962.25
2019-09-27 10:00:00+00:00,11282.25
2019-09-27 11:00:00+00:00,10871.0
2019-09-27 12:00:00+00:00,9804.75
2019-09-27 13:00:00+00:00,8481.75
2019-09-27 14:00:00+00:00,6299.0
2019-09-27 15:00:00+00:00,3376.0
2019-09-27 16:00:00+00:00,758.0
2019-09-27 17:00:00+00:00,5.5
2019-09-27 18:00:00+00:00,0.0
2019-09-27 19:00:00+00:00,0.0
2019-09-27 20:00:00+00:00,0.0
2019-09-27 21:00:00+00:00,0.0
2019-09-27 22:00:00+00:00,0.0
2019-09-27 23:00:00+00:00,0.0
2019-09-28 00:00:00+00:00,0.0
2019-09-28 01:00:00+00:00,0.0
2019-09-28 02:00:00+00:00,0.0
2019-09-28 03:00:00+00:00,0.0
2019-09-28 04:00:00+00:00,0.0
2019-09-28 05:00:00+00:00,327.75
2019-09-28 06:00:00+00:00,2699.0
2019-09-28 07:00:00+00:00,6888.25
2019-09-28 08:00:00+00:00,11122.75
2019-09-28 09:00:00+00:00,14446.0
2019-09-28 10:00:00+00:00,15686.0
2019-09-28 11:00:00+00:00,14860.75
2019-09-28 12:00:00+00:00,13578.75
2019-09-28 13:00:00+00:00,11072.5
2019-09-28 14:00:00+00:00,7629.0
2019-09-28 15:00:00+00:00,4085.25
2019-09-28 16:00:00+00:00,810.5
2019-09-28 17:00:00+00:00,3.5
2019-09-28 18:00:00+00:00,0.0
2019-09-28 19:00:00+00:00,0.0
2019-09-28 20:00:00+00:00,0.0
2019-09-28 21:00:00+00:00,0.0
2019-09-28 22:00:00+00:00,0.0
2019-09-28 23:00:00+00:00,0.0
2019-09-29 00:00:00+00:00,0.0
2019-09-29 01:00:00+00:00,0.0
2019-09-29 02:00:00+00:00,0.0
2019-09-29 03:00:00+00:00,0.0
2019-09-29 04:00:00+00:00,0.0
2019-09-29 05:00:00+00:00,298.5
2019-09-29 06:00:00+00:00,3061.5
2019-09-29 07:00:00+00:00,7224.25
2019-09-29 08:00:00+00:00,10753.0
2019-09-29 09:00:00+00:00,13619.25
2019-09-29 10:00:00+00:00,14949.75
2019-09-29 11:00:00+00:00,14671.25
2019-09-29 12:00:00+00:00,12358.25
2019-09-29 13:00:00+00:00,9099.25
2019-09-29 14:00:00+00:00,5631.25
2019-09-29 15:00:00+00:00,2406.25
2019-09-29 16:00:00+00:00,402.75
2019-09-29 17:00:00+00:00,1.5
2019-09-29 18:00:00+00:00,0.0
2019-09-29 19:00:00+00:00,0.0
2019-09-29 20:00:00+00:00,0.0
2019-09-29 21:00:00+00:00,0.0
2019-09-29 22:00:00+00:00,0.0
2019-09-29 23:00:00+00:00,0.0
2019-09-30 00:00:00+00:00,0.0
2019-09-30 01:00:00+00:00,0.0
2019-09-30 02:00:00+00:00,0.0
2019-09-30 03:00:00+00:00,0.0
2019-09-30 04:00:00+00:00,0.5
2019-09-30 05:00:00+00:00,197.25
2019-09-30 06:00:00+00:00,2191.5
2019-09-30 07:00:00+00:00,5674.0
2019-09-30 08:00:00+00:00,9065.5
2019-09-30 09:00:00+00:00,12326.75
2019-09-30 10:00:00+00:00,13825.5
2019-09-30 11:00:00+00:00,13704.25
2019-09-30 12:00:00+00:00,12972.5
2019-09-30 13:00:00+00:00,11381.5
2019-09-30 14:00:00+00:00,8123.0
2019-09-30 15:00:00+00:00,4037.25
2019-09-30 16:00:00+00:00,722.25
2019-09-30 17:00:00+00:00,2.25
2019-09-30 18:00:00+00:00,0.0
2019-09-30 19:00:00+00:00,0.0
2019-09-30 20:00:00+00:00,0.0
2019-09-30 21:00:00+00:00,0.0
2019-09-30 22:00:00+00:00,0.0
2019-09-30 23:00:00+00:00,0.0
2019-10-01 00:00:00+00:00,0.0
2019-10-01 01:00:00+00:00,0.0
2019-10-01 02:00:00+00:00,0.0
2019-10-01 03:00:00+00:00,0.0
2019-10-01 04:00:00+00:00,0.0
2019-10-01 05:00:00+00:00,278.25
2019-10-01 06:00:00+00:00,2449.5
2019-10-01 07:00:00+00:00,5522.75
2019-10-01 08:00:00+00:00,8722.75
2019-10-01 09:00:00+00:00,11257.5
2019-10-01 10:00:00+00:00,12329.25
2019-10-01 11:00:00+00:00,11636.5
2019-10-01 12:00:00+00:00,10140.0
2019-10-01 13:00:00+00:00,7907.25
2019-10-01 14:00:00+00:00,5439.5
2019-10-01 15:00:00+00:00,2581.5
2019-10-01 16:00:00+00:00,383.25
2019-10-01 17:00:00+00:00,0.75
2019-10-01 18:00:00+00:00,0.0
2019-10-01 19:00:00+00:00,0.0
2019-10-01 20:00:00+00:00,0.0
2019-10-01 21:00:00+00:00,0.0
2019-10-01 22:00:00+00:00,0.0
2019-10-01 23:00:00+00:00,0.0
2019-10-02 00:00:00+00:00,0.0
2019-10-02 01:00:00+00:00,0.0
2019-10-02 02:00:00+00:00,0.0
2019-10-02 03:00:00+00:00,0.0
2019-10-02 04:00:00+00:00,0.5
2019-10-02 05:00:00+00:00,99.75
2019-10-02 06:00:00+00:00,1420.25
2019-10-02 07:00:00+00:00,4381.75
2019-10-02 08:00:00+00:00,8030.5
2019-10-02 09:00:00+00:00,10944.25
2019-10-02 10:00:00+00:00,12116.75
2019-10-02 11:00:00+00:00,12425.0
2019-10-02 12:00:00+00:00,11660.5
2019-10-02 13:00:00+00:00,9838.0
2019-10-02 14:00:00+00:00,7177.25
2019-10-02 15:00:00+00:00,3561.0
2019-10-02 16:00:00+00:00,569.0
2019-10-02 17:00:00+00:00,1.25
2019-10-02 18:00:00+00:00,0.0
2019-10-02 19:00:00+00:00,0.0
2019-10-02 20:00:00+00:00,0.0
2019-10-02 21:00:00+00:00,0.0
2019-10-02 22:00:00+00:00,0.0
2019-10-02 23:00:00+00:00,0.0
2019-10-03 00:00:00+00:00,0.0
2019-10-03 01:00:00+00:00,0.0
2019-10-03 02:00:00+00:00,0.0
2019-10-03 03:00:00+00:00,0.0
2019-10-03 04:00:00+00:00,0.25
2019-10-03 05:00:00+00:00,198.0
2019-10-03 06:00:00+00:00,2336.75
2019-10-03 07:00:00+00:00,5818.25
2019-10-03 08:00:00+00:00,9000.5
2019-10-03 09:00:00+00:00,11058.5
2019-10-03 10:00:00+00:00,12280.25
2019-10-03 11:00:00+00:00,12507.5
2019-10-03 12:00:00+00:00,11764.25
2019-10-03 13:00:00+00:00,9848.75
2019-10-03 14:00:00+00:00,6726.5
2019-10-03 15:00:00+00:00,3173.25
2019-10-03 16:00:00+00:00,484.5
2019-10-03 17:00:00+00:00,0.75
2019-10-03 18:00:00+00:00,0.0
2019-10-03 19:00:00+00:00,0.0
2019-10-03 20:00:00+00:00,0.0
2019-10-03 21:00:00+00:00,0.0
2019-10-03 22:00:00+00:00,0.0
2019-10-03 23:00:00+00:00,0.0
2019-10-04 00:00:00+00:00,0.0
2019-10-04 01:00:00+00:00,0.0
2019-10-04 02:00:00+00:00,0.0
2019-10-04 03:00:00+00:00,0.0
2019-10-04 04:00:00+00:00,0.0
2019-10-04 05:00:00+00:00,144.75
2019-10-04 06:00:00+00:00,1553.0
2019-10-04 07:00:00+00:00,3472.5
2019-10-04 08:00:00+00:00,5570.25
2019-10-04 09:00:00+00:00,7596.5
2019-10-04 10:00:00+00:00,8009.5
2019-10-04 11:00:00+00:00,6939.25
2019-10-04 12:00:00+00:00,5647.0
2019-10-04 13:00:00+00:00,4002.0
2019-10-04 14:00:00+00:00,2430.25
2019-10-04 15:00:00+00:00,1142.75
2019-10-04 16:00:00+00:00,181.75
2019-10-04 17:00:00+00:00,0.5
2019-10-04 18:00:00+00:00,0.0
2019-10-04 19:00:00+00:00,0.0
2019-10-04 20:00:00+00:00,0.0
2019-10-04 21:00:00+00:00,0.0
2019-10-04 22:00:00+00:00,0.0
2019-10-04 23:00:00+00:00,0.0
2019-10-05 00:00:00+00:00,0.0
2019-10-05 01:00:00+00:00,0.0
2019-10-05 02:00:00+00:00,0.0
2019-10-05 03:00:00+00:00,0.0
2019-10-05 04:00:00+00:00,0.0
2019-10-05 05:00:00+00:00,78.25
2019-10-05 06:00:00+00:00,1105.25
2019-10-05 07:00:00+00:00,3566.25
2019-10-05 08:00:00+00:00,6542.25
2019-10-05 09:00:00+00:00,8839.75
2019-10-05 10:00:00+00:00,9693.75
2019-10-05 11:00:00+00:00,9938.5
2019-10-05 12:00:00+00:00,8909.5
2019-10-05 13:00:00+00:00,7428.25
2019-10-05 14:00:00+00:00,5039.25
2019-10-05 15:00:00+00:00,2147.5
2019-10-05 16:00:00+00:00,249.0
2019-10-05 17:00:00+00:00,1.0
2019-10-05 18:00:00+00:00,0.0
2019-10-05 19:00:00+00:00,0.0
2019-10-05 20:00:00+00:00,0.0
2019-10-05 21:00:00+00:00,0.0
2019-10-05 22:00:00+00:00,0.0
2019-10-05 23:00:00+00:00,0.0
2019-10-06 00:00:00+00:00,0.0
2019-10-06 01:00:00+00:00,0.0
2019-10-06 02:00:00+00:00,0.0
2019-10-06 03:00:00+00:00,0.0
2019-10-06 04:00:00+00:00,0.0
2019-10-06 05:00:00+00:00,220.75
2019-10-06 06:00:00+00:00,2207.5
2019-10-06 07:00:00+00:00,5531.25
2019-10-06 08:00:00+00:00,8693.75
2019-10-06 09:00:00+00:00,10533.5
2019-10-06 10:00:00+00:00,10644.75
2019-10-06 11:00:00+00:00,9892.75
2019-10-06 12:00:00+00:00,8079.25
2019-10-06 13:00:00+00:00,5595.5
2019-10-06 14:00:00+00:00,3362.75
2019-10-06 15:00:00+00:00,1317.0
2019-10-06 16:00:00+00:00,122.5
2019-10-06 17:00:00+00:00,0.25
2019-10-06 18:00:00+00:00,0.0
2019-10-06 19:00:00+00:00,0.0
2019-10-06 20:00:00+00:00,0.0
2019-10-06 21:00:00+00:00,0.0
2019-10-06 22:00:00+00:00,0.0
2019-10-06 23:00:00+00:00,0.0
2019-10-07 00:00:00+00:00,0.0
2019-10-07 01:00:00+00:00,0.0
2019-10-07 02:00:00+00:00,0.0
2019-10-07 03:00:00+00:00,0.0
2019-10-07 04:00:00+00:00,0.25
2019-10-07 05:00:00+00:00,210.75
2019-10-07 06:00:00+00:00,2548.75
2019-10-07 07:00:00+00:00,6903.0
2019-10-07 08:00:00+00:00,11377.5
2019-10-07 09:00:00+00:00,14487.5
2019-10-07 10:00:00+00:00,15775.0
2019-10-07 11:00:00+00:00,15402.0
2019-10-07 12:00:00+00:00,13902.75
2019-10-07 13:00:00+00:00,11005.5
2019-10-07 14:00:00+00:00,6683.0
2019-10-07 15:00:00+00:00,2613.75
2019-10-07 16:00:00+00:00,250.5
2019-10-07 17:00:00+00:00,0.25
2019-10-07 18:00:00+00:00,0.0
2019-10-07 19:00:00+00:00,0.0
2019-10-07 20:00:00+00:00,0.0
2019-10-07 21:00:00+00:00,0.0
2019-10-07 22:00:00+00:00,0.0
2019-10-07 23:00:00+00:00,0.0
2019-10-08 00:00:00+00:00,0.0
2019-10-08 01:00:00+00:00,0.0
2019-10-08 02:00:00+00:00,0.0
2019-10-08 03:00:00+00:00,0.0
2019-10-08 04:00:00+00:00,0.0
2019-10-08 05:00:00+00:00,61.0
2019-10-08 06:00:00+00:00,737.75
2019-10-08 07:00:00+00:00,2160.75
2019-10-08 08:00:00+00:00,4067.0
2019-10-08 09:00:00+00:00,5632.75
2019-10-08 10:00:00+00:00,6284.0
2019-10-08 11:00:00+00:00,5865.5
2019-10-08 12:00:00+00:00,5204.25
2019-10-08 13:00:00+00:00,4118.0
2019-10-08 14:00:00+00:00,2772.5
2019-10-08 15:00:00+00:00,1272.5
2019-10-08 16:00:00+00:00,114.75
2019-10-08 17:00:00+00:00,0.5
2019-10-08 18:00:00+00:00,0.0
2019-10-08 19:00:00+00:00,0.0
2019-10-08 20:00:00+00:00,0.0
2019-10-08 21:00:00+00:00,0.0
2019-10-08 22:00:00+00:00,0.0
2019-10-08 23:00:00+00:00,0.0
2019-10-09 00:00:00+00:00,0.0
2019-10-09 01:00:00+00:00,0.0
2019-10-09 02:00:00+00:00,0.0
2019-10-09 03:00:00+00:00,0.0
2019-10-09 04:00:00+00:00,0.0
2019-10-09 05:00:00+00:00,98.0
2019-10-09 06:00:00+00:00,1767.5
2019-10-09 07:00:00+00:00,4831.5
2019-10-09 08:00:00+00:00,7983.0
2019-10-09 09:00:00+00:00,9845.5
2019-10-09 10:00:00+00:00,9379.5
2019-10-09 11:00:00+00:00,7465.25
2019-10-09 12:00:00+00:00,5584.0
2019-10-09 13:00:00+00:00,4123.25
2019-10-09 14:00:00+00:00,2554.25
2019-10-09 15:00:00+00:00,1197.0
2019-10-09 16:00:00+00:00,128.5
2019-10-09 17:00:00+00:00,0.5
2019-10-09 18:00:00+00:00,0.0
2019-10-09 19:00:00+00:00,0.0
2019-10-09 20:00:00+00:00,0.0
2019-10-09 21:00:00+00:00,0.0
2019-10-09 22:00:00+00:00,0.0
2019-10-09 23:00:00+00:00,0.0
2019-10-10 00:00:00+00:00,0.0
2019-10-10 01:00:00+00:00,0.0
2019-10-10 02:00:00+00:00,0.0
2019-10-10 03:00:00+00:00,0.0
2019-10-10 04:00:00+00:00,0.0
2019-10-10 05:00:00+00:00,98.5
2019-10-10 06:00:00+00:00,1715.0
2019-10-10 07:00:00+00:00,4522.0
2019-10-10 08:00:00+00:00,7262.25
2019-10-10 09:00:00+00:00,9546.75
2019-10-10 10:00:00+00:00,11703.25
2019-10-10 11:00:00+00:00,12275.25
2019-10-10 12:00:00+00:00,12211.25
2019-10-10 13:00:00+00:00,10528.25
2019-10-10 14:00:00+00:00,7071.0
2019-10-10 15:00:00+00:00,2822.75
2019-10-10 16:00:00+00:00,216.5
2019-10-10 17:00:00+00:00,0.5
2019-10-10 18:00:00+00:00,0.0
2019-10-10 19:00:00+00:00,0.0
2019-10-10 20:00:00+00:00,0.0
2019-10-10 21:00:00+00:00,0.0
2019-10-10 22:00:00+00:00,0.0
2019-10-10 23:00:00+00:00,0.0
2019-10-11 00:00:00+00:00,0.0
2019-10-11 01:00:00+00:00,0.0
2019-10-11 02:00:00+00:00,0.0
2019-10-11 03:00:00+00:00,0.0
2019-10-11 04:00:00+00:00,0.0
2019-10-11 05:00:00+00:00,120.5
2019-10-11 06:00:00+00:00,2133.25
2019-10-11 07:00:00+00:00,5499.75
2019-10-11 08:00:00+00:00,8649.0
2019-10-11 09:00:00+00:00,11066.75
2019-10-11 10:00:00+00:00,12653.75
2019-10-11 11:00:00+00:00,12851.5
2019-10-11 12:00:00+00:00,11938.25
2019-10-11 13:00:00+00:00,9474.5
2019-10-11 14:00:00+00:00,6154.5
2019-10-11 15:00:00+00:00,2545.0
2019-10-11 16:00:00+00:00,201.0
2019-10-11 17:00:00+00:00,0.0
2019-10-11 18:00:00+00:00,0.0
2019-10-11 19:00:00+00:00,0.0
2019-10-11 20:00:00+00:00,0.0
2019-10-11 21:00:00+00:00,0.0
2019-10-11 22:00:00+00:00,0.0
2019-10-11 23:00:00+00:00,0.0
2019-10-12 00:00:00+00:00,0.0
2019-10-12 01:00:00+00:00,0.0
2019-10-12 02:00:00+00:00,0.0
2019-10-12 03:00:00+00:00,0.0
2019-10-12 04:00:00+00:00,0.0
2019-10-12 05:00:00+00:00,127.0
2019-10-12 06:00:00+00:00,3150.75
2019-10-12 07:00:00+00:00,9135.0
2019-10-12 08:00:00+00:00,14373.25
2019-10-12 09:00:00+00:00,17781.75
2019-10-12 10:00:00+00:00,18820.25
2019-10-12 11:00:00+00:00,17625.5
2019-10-12 12:00:00+00:00,14772.75
2019-10-12 13:00:00+00:00,10794.5
2019-10-12 14:00:00+00:00,6120.0
2019-10-12 15:00:00+00:00,2083.75
2019-10-12 16:00:00+00:00,88.25
2019-10-12 17:00:00+00:00,0.0
2019-10-12 18:00:00+00:00,0.0
2019-10-12 19:00:00+00:00,0.0
2019-10-12 20:00:00+00:00,0.0
2019-10-12 21:00:00+00:00,0.0
2019-10-12 22:00:00+00:00,0.0
2019-10-12 23:00:00+00:00,0.0
2019-10-13 00:00:00+00:00,0.0
2019-10-13 01:00:00+00:00,0.0
2019-10-13 02:00:00+00:00,0.0
2019-10-13 03:00:00+00:00,0.0
2019-10-13 04:00:00+00:00,0.25
2019-10-13 05:00:00+00:00,104.0
2019-10-13 06:00:00+00:00,2489.0
2019-10-13 07:00:00+00:00,7648.0
2019-10-13 08:00:00+00:00,12546.75
2019-10-13 09:00:00+00:00,16409.75
2019-10-13 10:00:00+00:00,18253.5
2019-10-13 11:00:00+00:00,18146.75
2019-10-13 12:00:00+00:00,16333.25
2019-10-13 13:00:00+00:00,12854.25
2019-10-13 14:00:00+00:00,7940.25
2019-10-13 15:00:00+00:00,2829.0
2019-10-13 16:00:00+00:00,147.25
2019-10-13 17:00:00+00:00,0.0
2019-10-13 18:00:00+00:00,0.0
2019-10-13 19:00:00+00:00,0.0
2019-10-13 20:00:00+00:00,0.0
2019-10-13 21:00:00+00:00,0.0
2019-10-13 22:00:00+00:00,0.0
2019-10-13 23:00:00+00:00,0.0
2019-10-14 00:00:00+00:00,0.0
2019-10-14 01:00:00+00:00,0.0
2019-10-14 02:00:00+00:00,0.0
2019-10-14 03:00:00+00:00,0.0
2019-10-14 04:00:00+00:00,0.25
2019-10-14 05:00:00+00:00,86.75
2019-10-14 06:00:00+00:00,2765.0
2019-10-14 07:00:00+00:00,8779.5
2019-10-14 08:00:00+00:00,14769.5
2019-10-14 09:00:00+00:00,18876.5
2019-10-14 10:00:00+00:00,20914.25
2019-10-14 11:00:00+00:00,20625.75
2019-10-14 12:00:00+00:00,18259.25
2019-10-14 13:00:00+00:00,14584.25
2019-10-14 14:00:00+00:00,9245.5
2019-10-14 15:00:00+00:00,3179.25
2019-10-14 16:00:00+00:00,133.25
2019-10-14 17:00:00+00:00,0.25
2019-10-14 18:00:00+00:00,0.0
2019-10-14 19:00:00+00:00,0.0
2019-10-14 20:00:00+00:00,0.0
2019-10-14 21:00:00+00:00,0.0
2019-10-14 22:00:00+00:00,0.0
2019-10-14 23:00:00+00:00,0.0
2019-10-15 00:00:00+00:00,0.0
2019-10-15 01:00:00+00:00,0.0
2019-10-15 02:00:00+00:00,0.0
2019-10-15 03:00:00+00:00,0.0
2019-10-15 04:00:00+00:00,0.0
2019-10-15 05:00:00+00:00,65.75
2019-10-15 06:00:00+00:00,2286.25
2019-10-15 07:00:00+00:00,7225.5
2019-10-15 08:00:00+00:00,12151.25
2019-10-15 09:00:00+00:00,15886.0
2019-10-15 10:00:00+00:00,17074.0
2019-10-15 11:00:00+00:00,16005.25
2019-10-15 12:00:00+00:00,13929.5
2019-10-15 13:00:00+00:00,10438.25
2019-10-15 14:00:00+00:00,5746.0
2019-10-15 15:00:00+00:00,1539.25
2019-10-15 16:00:00+00:00,29.75
2019-10-15 17:00:00+00:00,0.0
2019-10-15 18:00:00+00:00,0.0
2019-10-15 19:00:00+00:00,0.0
2019-10-15 20:00:00+00:00,0.0
2019-10-15 21:00:00+00:00,0.0
2019-10-15 22:00:00+00:00,0.0
2019-10-15 23:00:00+00:00,0.0
2019-10-16 00:00:00+00:00,0.0
2019-10-16 01:00:00+00:00,0.0
2019-10-16 02:00:00+00:00,0.0
2019-10-16 03:00:00+00:00,0.0
2019-10-16 04:00:00+00:00,0.0
2019-10-16 05:00:00+00:00,22.75
2019-10-16 06:00:00+00:00,1151.75
2019-10-16 07:00:00+00:00,4277.0
2019-10-16 08:00:00+00:00,8231.5
2019-10-16 09:00:00+00:00,11328.5
2019-10-16 10:00:00+00:00,12909.25
2019-10-16 11:00:00+00:00,13286.25
2019-10-16 12:00:00+00:00,11809.0
2019-10-16 13:00:00+00:00,9169.75
2019-10-16 14:00:00+00:00,5878.25
2019-10-16 15:00:00+00:00,2080.0
2019-10-16 16:00:00+00:00,73.75
2019-10-16 17:00:00+00:00,0.0
2019-10-16 18:00:00+00:00,0.0
2019-10-16 19:00:00+00:00,0.0
2019-10-16 20:00:00+00:00,0.0
2019-10-16 21:00:00+00:00,0.0
2019-10-16 22:00:00+00:00,0.0
2019-10-16 23:00:00+00:00,0.0
2019-10-17 00:00:00+00:00,0.0
2019-10-17 01:00:00+00:00,0.0
2019-10-17 02:00:00+00:00,0.0
2019-10-17 03:00:00+00:00,0.0
2019-10-17 04:00:00+00:00,0.0
2019-10-17 05:00:00+00:00,33.0
2019-10-17 06:00:00+00:00,1143.0
2019-10-17 07:00:00+00:00,3915.25
2019-10-17 08:00:00+00:00,7141.5
2019-10-17 09:00:00+00:00,10241.5
2019-10-17 10:00:00+00:00,12685.0
2019-10-17 11:00:00+00:00,13632.0
2019-10-17 12:00:00+00:00,12405.5
2019-10-17 13:00:00+00:00,9476.0
2019-10-17 14:00:00+00:00,5346.25
2019-10-17 15:00:00+00:00,1435.0
2019-10-17 16:00:00+00:00,25.5
2019-10-17 17:00:00+00:00,0.0
2019-10-17 18:00:00+00:00,0.0
2019-10-17 19:00:00+00:00,0.0
2019-10-17 20:00:00+00:00,0.0
2019-10-17 21:00:00+00:00,0.0
2019-10-17 22:00:00+00:00,0.0
2019-10-17 23:00:00+00:00,0.0
2019-10-18 00:00:00+00:00,0.0
2019-10-18 01:00:00+00:00,0.0
2019-10-18 02:00:00+00:00,0.0
2019-10-18 03:00:00+00:00,0.0
2019-10-18 04:00:00+00:00,0.0
2019-10-18 05:00:00+00:00,29.75
2019-10-18 06:00:00+00:00,1488.0
2019-10-18 07:00:00+00:00,5314.25
2019-10-18 08:00:00+00:00,9691.25
2019-10-18 09:00:00+00:00,12882.75
2019-10-18 10:00:00+00:00,13231.25
2019-10-18 11:00:00+00:00,11097.5
2019-10-18 12:00:00+00:00,9752.25
2019-10-18 13:00:00+00:00,7503.0
2019-10-18 14:00:00+00:00,4675.75
2019-10-18 15:00:00+00:00,1616.5
2019-10-18 16:00:00+00:00,44.0
2019-10-18 17:00:00+00:00,0.0
2019-10-18 18:00:00+00:00,0.0
2019-10-18 19:00:00+00:00,0.0
2019-10-18 20:00:00+00:00,0.0
2019-10-18 21:00:00+00:00,0.0
2019-10-18 22:00:00+00:00,0.0
2019-10-18 23:00:00+00:00,0.0
2019-10-19 00:00:00+00:00,0.0
2019-10-19 01:00:00+00:00,0.0
2019-10-19 02:00:00+00:00,0.0
2019-10-19 03:00:00+00:00,0.0
2019-10-19 04:00:00+00:00,0.0
2019-10-19 05:00:00+00:00,14.0
2019-10-19 06:00:00+00:00,670.0
2019-10-19 07:00:00+00:00,2654.0
2019-10-19 08:00:00+00:00,4741.0
2019-10-19 09:00:00+00:00,6381.25
2019-10-19 10:00:00+00:00,7380.75
2019-10-19 11:00:00+00:00,7147.75
2019-10-19 12:00:00+00:00,6424.5
2019-10-19 13:00:00+00:00,5656.75
2019-10-19 14:00:00+00:00,3522.75
2019-10-19 15:00:00+00:00,926.5
2019-10-19 16:00:00+00:00,13.75
2019-10-19 17:00:00+00:00,0.0
2019-10-19 18:00:00+00:00,0.0
2019-10-19 19:00:00+00:00,0.0
2019-10-19 20:00:00+00:00,0.0
2019-10-19 21:00:00+00:00,0.0
2019-10-19 22:00:00+00:00,0.0
2019-10-19 23:00:00+00:00,0.0
2019-10-20 00:00:00+00:00,0.0
2019-10-20 01:00:00+00:00,0.0
2019-10-20 02:00:00+00:00,0.0
2019-10-20 03:00:00+00:00,0.0
2019-10-20 04:00:00+00:00,0.0
2019-10-20 05:00:00+00:00,16.5
2019-10-20 06:00:00+00:00,1115.5
2019-10-20 07:00:00+00:00,3854.5
2019-10-20 08:00:00+00:00,7516.0
2019-10-20 09:00:00+00:00,10460.0
2019-10-20 10:00:00+00:00,11824.25
2019-10-20 11:00:00+00:00,11908.0
2019-10-20 12:00:00+00:00,10594.0
2019-10-20 13:00:00+00:00,7844.0
2019-10-20 14:00:00+00:00,4481.5
2019-10-20 15:00:00+00:00,1168.75
2019-10-20 16:00:00+00:00,11.5
2019-10-20 17:00:00+00:00,0.0
2019-10-20 18:00:00+00:00,0.0
2019-10-20 19:00:00+00:00,0.0
2019-10-20 20:00:00+00:00,0.0
2019-10-20 21:00:00+00:00,0.0
2019-10-20 22:00:00+00:00,0.0
2019-10-20 23:00:00+00:00,0.0
2019-10-21 00:00:00+00:00,0.0
2019-10-21 01:00:00+00:00,0.0
2019-10-21 02:00:00+00:00,0.0
2019-10-21 03:00:00+00:00,0.0
2019-10-21 04:00:00+00:00,0.0
2019-10-21 05:00:00+00:00,12.75
2019-10-21 06:00:00+00:00,962.0
2019-10-21 07:00:00+00:00,3031.5
2019-10-21 08:00:00+00:00,5252.5
2019-10-21 09:00:00+00:00,7539.5
2019-10-21 10:00:00+00:00,9964.0
2019-10-21 11:00:00+00:00,10544.0
2019-10-21 12:00:00+00:00,9072.0
2019-10-21 13:00:00+00:00,6964.5
2019-10-21 14:00:00+00:00,3945.75
2019-10-21 15:00:00+00:00,959.75
2019-10-21 16:00:00+00:00,13.25
2019-10-21 17:00:00+00:00,0.0
2019-10-21 18:00:00+00:00,0.0
2019-10-21 19:00:00+00:00,0.0
2019-10-21 20:00:00+00:00,0.0
2019-10-21 21:00:00+00:00,0.0
2019-10-21 22:00:00+00:00,0.0
2019-10-21 23:00:00+00:00,0.0
2019-10-22 00:00:00+00:00,0.0
2019-10-22 01:00:00+00:00,0.0
2019-10-22 02:00:00+00:00,0.0
2019-10-22 03:00:00+00:00,0.0
2019-10-22 04:00:00+00:00,0.0
2019-10-22 05:00:00+00:00,10.5
2019-10-22 06:00:00+00:00,1048.75
2019-10-22 07:00:00+00:00,4227.0
2019-10-22 08:00:00+00:00,7413.25
2019-10-22 09:00:00+00:00,10422.0
2019-10-22 10:00:00+00:00,11867.25
2019-10-22 11:00:00+00:00,11593.25
2019-10-22 12:00:00+00:00,10383.0
2019-10-22 13:00:00+00:00,8157.5
2019-10-22 14:00:00+00:00,4883.25
2019-10-22 15:00:00+00:00,1395.25
2019-10-22 16:00:00+00:00,17.5
2019-10-22 17:00:00+00:00,0.0
2019-10-22 18:00:00+00:00,0.0
2019-10-22 19:00:00+00:00,0.0
2019-10-22 20:00:00+00:00,0.0
2019-10-22 21:00:00+00:00,0.0
2019-10-22 22:00:00+00:00,0.0
2019-10-22 23:00:00+00:00,0.0
2019-10-23 00:00:00+00:00,0.0
2019-10-23 01:00:00+00:00,0.0
2019-10-23 02:00:00+00:00,0.0
2019-10-23 03:00:00+00:00,0.0
2019-10-23 04:00:00+00:00,0.0
2019-10-23 05:00:00+00:00,5.75
2019-10-23 06:00:00+00:00,589.75
2019-10-23 07:00:00+00:00,2702.25
2019-10-23 08:00:00+00:00,5429.5
2019-10-23 09:00:00+00:00,8370.75
2019-10-23 10:00:00+00:00,10866.25
2019-10-23 11:00:00+00:00,12279.0
2019-10-23 12:00:00+00:00,11722.25
2019-10-23 13:00:00+00:00,9481.25
2019-10-23 14:00:00+00:00,5321.25
2019-10-23 15:00:00+00:00,1190.5
2019-10-23 16:00:00+00:00,8.75
2019-10-23 17:00:00+00:00,0.0
2019-10-23 18:00:00+00:00,0.0
2019-10-23 19:00:00+00:00,0.0
2019-10-23 20:00:00+00:00,0.0
2019-10-23 21:00:00+00:00,0.0
2019-10-23 22:00:00+00:00,0.0
2019-10-23 23:00:00+00:00,0.0
2019-10-24 00:00:00+00:00,0.0
2019-10-24 01:00:00+00:00,0.0
2019-10-24 02:00:00+00:00,0.0
2019-10-24 03:00:00+00:00,0.0
2019-10-24 04:00:00+00:00,0.0
2019-10-24 05:00:00+00:00,4.0
2019-10-24 06:00:00+00:00,587.25
2019-10-24 07:00:00+00:00,2693.25
2019-10-24 08:00:00+00:00,5423.0
2019-10-24 09:00:00+00:00,8402.75
2019-10-24 10:00:00+00:00,10903.25
2019-10-24 11:00:00+00:00,11682.75
2019-10-24 12:00:00+00:00,10743.25
2019-10-24 13:00:00+00:00,8260.25
2019-10-24 14:00:00+00:00,4491.25
2019-10-24 15:00:00+00:00,985.75
2019-10-24 16:00:00+00:00,8.25
2019-10-24 17:00:00+00:00,0.0
2019-10-24 18:00:00+00:00,0.0
2019-10-24 19:00:00+00:00,0.0
2019-10-24 20:00:00+00:00,0.0
2019-10-24 21:00:00+00:00,0.0
2019-10-24 22:00:00+00:00,0.0
2019-10-24 23:00:00+00:00,0.0
2019-10-25 00:00:00+00:00,0.0
2019-10-25 01:00:00+00:00,0.0
2019-10-25 02:00:00+00:00,0.0
2019-10-25 03:00:00+00:00,0.0
2019-10-25 04:00:00+00:00,0.0
2019-10-25 05:00:00+00:00,4.0
2019-10-25 06:00:00+00:00,735.25
2019-10-25 07:00:00+00:00,4002.75
2019-10-25 08:00:00+00:00,8553.75
2019-10-25 09:00:00+00:00,12284.5
2019-10-25 10:00:00+00:00,13684.75
2019-10-25 11:00:00+00:00,13666.75
2019-10-25 12:00:00+00:00,12417.25
2019-10-25 13:00:00+00:00,9538.0
2019-10-25 14:00:00+00:00,5450.25
2019-10-25 15:00:00+00:00,1342.25
2019-10-25 16:00:00+00:00,8.0
2019-10-25 17:00:00+00:00,0.0
2019-10-25 18:00:00+00:00,0.0
2019-10-25 19:00:00+00:00,0.0
2019-10-25 20:00:00+00:00,0.0
2019-10-25 21:00:00+00:00,0.0
2019-10-25 22:00:00+00:00,0.0
2019-10-25 23:00:00+00:00,0.0
2019-10-26 00:00:00+00:00,0.0
2019-10-26 01:00:00+00:00,0.0
2019-10-26 02:00:00+00:00,0.0
2019-10-26 03:00:00+00:00,0.0
2019-10-26 04:00:00+00:00,0.0
2019-10-26 05:00:00+00:00,3.5
2019-10-26 06:00:00+00:00,1282.25
2019-10-26 07:00:00+00:00,5110.25
2019-10-26 08:00:00+00:00,9811.75
2019-10-26 09:00:00+00:00,13989.0
2019-10-26 10:00:00+00:00,16955.75
2019-10-26 11:00:00+00:00,17549.25
2019-10-26 12:00:00+00:00,16109.5
2019-10-26 13:00:00+00:00,12138.75
2019-10-26 14:00:00+00:00,6490.5
2019-10-26 15:00:00+00:00,1364.25
2019-10-26 16:00:00+00:00,5.5
2019-10-26 17:00:00+00:00,0.0
2019-10-26 18:00:00+00:00,0.0
2019-10-26 19:00:00+00:00,0.0
2019-10-26 20:00:00+00:00,0.0
2019-10-26 21:00:00+00:00,0.0
2019-10-26 22:00:00+00:00,0.0
2019-10-26 23:00:00+00:00,0.0
2019-10-27 00:00:00+00:00,0.0
2019-10-27 01:00:00+00:00,0.0
2019-10-27 02:00:00+00:00,0.0
2019-10-27 03:00:00+00:00,0.0
2019-10-27 04:00:00+00:00,0.75
2019-10-27 05:00:00+00:00,135.0
2019-10-27 06:00:00+00:00,1012.75
2019-10-27 07:00:00+00:00,4384.0
2019-10-27 08:00:00+00:00,7592.0
2019-10-27 09:00:00+00:00,9694.75
2019-10-27 10:00:00+00:00,10899.25
2019-10-27 11:00:00+00:00,10246.5
2019-10-27 12:00:00+00:00,8367.0
2019-10-27 13:00:00+00:00,5826.25
2019-10-27 14:00:00+00:00,2999.25
2019-10-27 15:00:00+00:00,574.25
2019-10-27 16:00:00+00:00,5.0
2019-10-27 17:00:00+00:00,0.25
2019-10-27 18:00:00+00:00,0.0
2019-10-27 19:00:00+00:00,0.0
2019-10-27 20:00:00+00:00,0.0
2019-10-27 21:00:00+00:00,0.0
2019-10-27 22:00:00+00:00,0.0
2019-10-27 23:00:00+00:00,0.0
2019-10-28 00:00:00+00:00,0.0
2019-10-28 01:00:00+00:00,0.0
2019-10-28 02:00:00+00:00,0.0
2019-10-28 03:00:00+00:00,0.0
2019-10-28 04:00:00+00:00,0.0
2019-10-28 05:00:00+00:00,1.5
2019-10-28 06:00:00+00:00,774.75
2019-10-28 07:00:00+00:00,3742.0
2019-10-28 08:00:00+00:00,7658.75
2019-10-28 09:00:00+00:00,10958.25
2019-10-28 10:00:00+00:00,12578.0
2019-10-28 11:00:00+00:00,11875.0
2019-10-28 12:00:00+00:00,9964.75
2019-10-28 13:00:00+00:00,7317.5
2019-10-28 14:00:00+00:00,3862.0
2019-10-28 15:00:00+00:00,751.75
2019-10-28 16:00:00+00:00,4.75
2019-10-28 17:00:00+00:00,0.5
2019-10-28 18:00:00+00:00,0.0
2019-10-28 19:00:00+00:00,0.0
2019-10-28 20:00:00+00:00,0.0
2019-10-28 21:00:00+00:00,0.0
2019-10-28 22:00:00+00:00,0.0
2019-10-28 23:00:00+00:00,0.0
2019-10-29 00:00:00+00:00,0.0
2019-10-29 01:00:00+00:00,0.0
2019-10-29 02:00:00+00:00,0.0
2019-10-29 03:00:00+00:00,0.0
2019-10-29 04:00:00+00:00,0.0
2019-10-29 05:00:00+00:00,0.5
2019-10-29 06:00:00+00:00,490.0
2019-10-29 07:00:00+00:00,2761.75
2019-10-29 08:00:00+00:00,5969.0
2019-10-29 09:00:00+00:00,8985.75
2019-10-29 10:00:00+00:00,10653.5
2019-10-29 11:00:00+00:00,10352.25
2019-10-29 12:00:00+00:00,9087.5
2019-10-29 13:00:00+00:00,6702.25
2019-10-29 14:00:00+00:00,3577.5
2019-10-29 15:00:00+00:00,679.25
2019-10-29 16:00:00+00:00,4.5
2019-10-29 17:00:00+00:00,0.25
2019-10-29 18:00:00+00:00,0.0
2019-10-29 19:00:00+00:00,0.0
2019-10-29 20:00:00+00:00,0.0
2019-10-29 21:00:00+00:00,0.0
2019-10-29 22:00:00+00:00,0.0
2019-10-29 23:00:00+00:00,0.0
2019-10-30 00:00:00+00:00,0.0
2019-10-30 01:00:00+00:00,0.0
2019-10-30 02:00:00+00:00,0.0
2019-10-30 03:00:00+00:00,0.0
2019-10-30 04:00:00+00:00,0.0
2019-10-30 05:00:00+00:00,0.5
2019-10-30 06:00:00+00:00,767.75
2019-10-30 07:00:00+00:00,4696.0
2019-10-30 08:00:00+00:00,9680.75
2019-10-30 09:00:00+00:00,13068.25
2019-10-30 10:00:00+00:00,14443.5
2019-10-30 11:00:00+00:00,13493.5
2019-10-30 12:00:00+00:00,11334.25
2019-10-30 13:00:00+00:00,7823.0
2019-10-30 14:00:00+00:00,3876.5
2019-10-30 15:00:00+00:00,652.0
2019-10-30 16:00:00+00:00,3.0
2019-10-30 17:00:00+00:00,0.25
2019-10-30 18:00:00+00:00,0.0
2019-10-30 19:00:00+00:00,0.0
2019-10-30 20:00:00+00:00,0.0
2019-10-30 21:00:00+00:00,0.0
2019-10-30 22:00:00+00:00,0.0
2019-10-30 23:00:00+00:00,0.0
2019-10-31 00:00:00+00:00,0.0
2019-10-31 01:00:00+00:00,0.0
2019-10-31 02:00:00+00:00,0.0
2019-10-31 03:00:00+00:00,0.0
2019-10-31 04:00:00+00:00,0.0
2019-10-31 05:00:00+00:00,0.25
2019-10-31 06:00:00+00:00,935.75
2019-10-31 07:00:00+00:00,5132.75
2019-10-31 08:00:00+00:00,10655.5
2019-10-31 09:00:00+00:00,15223.75
2019-10-31 10:00:00+00:00,17662.0
2019-10-31 11:00:00+00:00,17826.5
2019-10-31 12:00:00+00:00,15876.5
2019-10-31 13:00:00+00:00,11528.0
2019-10-31 14:00:00+00:00,5748.5
2019-10-31 15:00:00+00:00,947.75
2019-10-31 16:00:00+00:00,3.0
2019-10-31 17:00:00+00:00,0.5
2019-10-31 18:00:00+00:00,0.0
2019-10-31 19:00:00+00:00,0.0
2019-10-31 20:00:00+00:00,0.0
2019-10-31 21:00:00+00:00,0.0
2019-10-31 22:00:00+00:00,0.0
2019-10-31 23:00:00+00:00,0.0
2019-11-01 00:00:00+00:00,0.0
2019-11-01 01:00:00+00:00,0.0
2019-11-01 02:00:00+00:00,0.0
2019-11-01 03:00:00+00:00,0.0
2019-11-01 04:00:00+00:00,0.0
2019-11-01 05:00:00+00:00,0.0
2019-11-01 06:00:00+00:00,546.0
2019-11-01 07:00:00+00:00,2619.5
2019-11-01 08:00:00+00:00,5194.0
2019-11-01 09:00:00+00:00,7002.25
2019-11-01 10:00:00+00:00,7285.0
2019-11-01 11:00:00+00:00,6506.0
2019-11-01 12:00:00+00:00,4730.25
2019-11-01 13:00:00+00:00,2691.75
2019-11-01 14:00:00+00:00,1052.75
2019-11-01 15:00:00+00:00,131.5
2019-11-01 16:00:00+00:00,1.75
2019-11-01 17:00:00+00:00,0.0
2019-11-01 18:00:00+00:00,0.0
2019-11-01 19:00:00+00:00,0.0
2019-11-01 20:00:00+00:00,0.0
2019-11-01 21:00:00+00:00,0.0
2019-11-01 22:00:00+00:00,0.0
2019-11-01 23:00:00+00:00,0.0
2019-11-02 00:00:00+00:00,0.0
2019-11-02 01:00:00+00:00,0.0
2019-11-02 02:00:00+00:00,0.0
2019-11-02 03:00:00+00:00,0.0
2019-11-02 04:00:00+00:00,0.0
2019-11-02 05:00:00+00:00,0.0
2019-11-02 06:00:00+00:00,164.5
2019-11-02 07:00:00+00:00,1201.5
2019-11-02 08:00:00+00:00,2938.0
2019-11-02 09:00:00+00:00,4797.0
2019-11-02 10:00:00+00:00,6338.75
2019-11-02 11:00:00+00:00,7629.0
2019-11-02 12:00:00+00:00,8050.5
2019-11-02 13:00:00+00:00,6265.0
2019-11-02 14:00:00+00:00,2945.25
2019-11-02 15:00:00+00:00,410.75
2019-11-02 16:00:00+00:00,0.75
2019-11-02 17:00:00+00:00,0.0
2019-11-02 18:00:00+00:00,0.0
2019-11-02 19:00:00+00:00,0.0
2019-11-02 20:00:00+00:00,0.0
2019-11-02 21:00:00+00:00,0.0
2019-11-02 22:00:00+00:00,0.0
2019-11-02 23:00:00+00:00,0.0
2019-11-03 00:00:00+00:00,0.0
2019-11-03 01:00:00+00:00,0.0
2019-11-03 02:00:00+00:00,0.0
2019-11-03 03:00:00+00:00,0.0
2019-11-03 04:00:00+00:00,0.0
2019-11-03 05:00:00+00:00,0.0
2019-11-03 06:00:00+00:00,147.5
2019-11-03 07:00:00+00:00,1278.75
2019-11-03 08:00:00+00:00,3093.75
2019-11-03 09:00:00+00:00,5084.5
2019-11-03 10:00:00+00:00,6659.75
2019-11-03 11:00:00+00:00,6948.0
2019-11-03 12:00:00+00:00,5885.75
2019-11-03 13:00:00+00:00,3917.75
2019-11-03 14:00:00+00:00,1730.5
2019-11-03 15:00:00+00:00,221.5
2019-11-03 16:00:00+00:00,1.0
2019-11-03 17:00:00+00:00,0.0
2019-11-03 18:00:00+00:00,0.0
2019-11-03 19:00:00+00:00,0.0
2019-11-03 20:00:00+00:00,0.0
2019-11-03 21:00:00+00:00,0.0
2019-11-03 22:00:00+00:00,0.0
2019-11-03 23:00:00+00:00,0.0
2019-11-04 00:00:00+00:00,0.0
2019-11-04 01:00:00+00:00,0.0
2019-11-04 02:00:00+00:00,0.0
2019-11-04 03:00:00+00:00,0.0
2019-11-04 04:00:00+00:00,0.0
2019-11-04 05:00:00+00:00,0.0
2019-11-04 06:00:00+00:00,380.75
2019-11-04 07:00:00+00:00,2693.0
2019-11-04 08:00:00+00:00,6019.25
2019-11-04 09:00:00+00:00,7817.0
2019-11-04 10:00:00+00:00,8105.75
2019-11-04 11:00:00+00:00,7835.75
2019-11-04 12:00:00+00:00,6314.0
2019-11-04 13:00:00+00:00,4653.0
2019-11-04 14:00:00+00:00,2095.75
2019-11-04 15:00:00+00:00,303.5
2019-11-04 16:00:00+00:00,1.0
2019-11-04 17:00:00+00:00,0.25
2019-11-04 18:00:00+00:00,0.0
2019-11-04 19:00:00+00:00,0.0
2019-11-04 20:00:00+00:00,0.0
2019-11-04 21:00:00+00:00,0.0
2019-11-04 22:00:00+00:00,0.0
2019-11-04 23:00:00+00:00,0.0
2019-11-05 00:00:00+00:00,0.0
2019-11-05 01:00:00+00:00,0.0
2019-11-05 02:00:00+00:00,0.0
2019-11-05 03:00:00+00:00,0.0
2019-11-05 04:00:00+00:00,0.0
2019-11-05 05:00:00+00:00,0.0
2019-11-05 06:00:00+00:00,160.5
2019-11-05 07:00:00+00:00,1489.0
2019-11-05 08:00:00+00:00,3478.0
2019-11-05 09:00:00+00:00,5260.0
2019-11-05 10:00:00+00:00,6372.75
2019-11-05 11:00:00+00:00,6584.0
2019-11-05 12:00:00+00:00,5441.0
2019-11-05 13:00:00+00:00,3951.0
2019-11-05 14:00:00+00:00,2009.0
2019-11-05 15:00:00+00:00,317.75
2019-11-05 16:00:00+00:00,1.0
2019-11-05 17:00:00+00:00,0.0
2019-11-05 18:00:00+00:00,0.0
2019-11-05 19:00:00+00:00,0.0
2019-11-05 20:00:00+00:00,0.0
2019-11-05 21:00:00+00:00,0.0
2019-11-05 22:00:00+00:00,0.0
2019-11-05 23:00:00+00:00,0.0
2019-11-06 00:00:00+00:00,0.0
2019-11-06 01:00:00+00:00,0.0
2019-11-06 02:00:00+00:00,0.0
2019-11-06 03:00:00+00:00,0.0
2019-11-06 04:00:00+00:00,0.0
2019-11-06 05:00:00+00:00,0.0
2019-11-06 06:00:00+00:00,203.75
2019-11-06 07:00:00+00:00,1661.0
2019-11-06 08:00:00+00:00,3568.25
2019-11-06 09:00:00+00:00,5009.0
2019-11-06 10:00:00+00:00,5698.5
2019-11-06 11:00:00+00:00,5536.5
2019-11-06 12:00:00+00:00,4538.75
2019-11-06 13:00:00+00:00,3212.75
2019-11-06 14:00:00+00:00,1559.75
2019-11-06 15:00:00+00:00,216.0
2019-11-06 16:00:00+00:00,1.0
2019-11-06 17:00:00+00:00,0.0
2019-11-06 18:00:00+00:00,0.0
2019-11-06 19:00:00+00:00,0.0
2019-11-06 20:00:00+00:00,0.0
2019-11-06 21:00:00+00:00,0.0
2019-11-06 22:00:00+00:00,0.0
2019-11-06 23:00:00+00:00,0.0
2019-11-07 00:00:00+00:00,0.0
2019-11-07 01:00:00+00:00,0.0
2019-11-07 02:00:00+00:00,0.0
2019-11-07 03:00:00+00:00,0.0
2019-11-07 04:00:00+00:00,0.0
2019-11-07 05:00:00+00:00,0.0
2019-11-07 06:00:00+00:00,349.25
2019-11-07 07:00:00+00:00,3041.0
2019-11-07 08:00:00+00:00,6755.5
2019-11-07 09:00:00+00:00,9884.0
2019-11-07 10:00:00+00:00,10955.0
2019-11-07 11:00:00+00:00,9818.0
2019-11-07 12:00:00+00:00,7364.25
2019-11-07 13:00:00+00:00,4472.75
2019-11-07 14:00:00+00:00,1798.5
2019-11-07 15:00:00+00:00,201.0
2019-11-07 16:00:00+00:00,0.25
2019-11-07 17:00:00+00:00,0.25
2019-11-07 18:00:00+00:00,0.0
2019-11-07 19:00:00+00:00,0.0
2019-11-07 20:00:00+00:00,0.0
2019-11-07 21:00:00+00:00,0.0
2019-11-07 22:00:00+00:00,0.0
2019-11-07 23:00:00+00:00,0.0
2019-11-08 00:00:00+00:00,0.0
2019-11-08 01:00:00+00:00,0.0
2019-11-08 02:00:00+00:00,0.0
2019-11-08 03:00:00+00:00,0.0
2019-11-08 04:00:00+00:00,0.0
2019-11-08 05:00:00+00:00,0.0
2019-11-08 06:00:00+00:00,98.5
2019-11-08 07:00:00+00:00,1381.0
2019-11-08 08:00:00+00:00,3437.0
2019-11-08 09:00:00+00:00,5342.75
2019-11-08 10:00:00+00:00,6579.25
2019-11-08 11:00:00+00:00,6328.5
2019-11-08 12:00:00+00:00,5198.0
2019-11-08 13:00:00+00:00,3316.75
2019-11-08 14:00:00+00:00,1321.5
2019-11-08 15:00:00+00:00,151.25
2019-11-08 16:00:00+00:00,0.25
2019-11-08 17:00:00+00:00,0.0
2019-11-08 18:00:00+00:00,0.0
2019-11-08 19:00:00+00:00,0.0
2019-11-08 20:00:00+00:00,0.0
2019-11-08 21:00:00+00:00,0.0
2019-11-08 22:00:00+00:00,0.0
2019-11-08 23:00:00+00:00,0.0
2019-11-09 00:00:00+00:00,0.0
2019-11-09 01:00:00+00:00,0.0
2019-11-09 02:00:00+00:00,0.0
2019-11-09 03:00:00+00:00,0.0
2019-11-09 04:00:00+00:00,0.0
2019-11-09 05:00:00+00:00,0.0
2019-11-09 06:00:00+00:00,44.0
2019-11-09 07:00:00+00:00,868.75
2019-11-09 08:00:00+00:00,2471.75
2019-11-09 09:00:00+00:00,4027.25
2019-11-09 10:00:00+00:00,5075.75
2019-11-09 11:00:00+00:00,5542.5
2019-11-09 12:00:00+00:00,5459.75
2019-11-09 13:00:00+00:00,4277.75
2019-11-09 14:00:00+00:00,2188.0
2019-11-09 15:00:00+00:00,313.0
2019-11-09 16:00:00+00:00,0.5
2019-11-09 17:00:00+00:00,0.0
2019-11-09 18:00:00+00:00,0.0
2019-11-09 19:00:00+00:00,0.0
2019-11-09 20:00:00+00:00,0.0
2019-11-09 21:00:00+00:00,0.0
2019-11-09 22:00:00+00:00,0.0
2019-11-09 23:00:00+00:00,0.0
2019-11-10 00:00:00+00:00,0.0
2019-11-10 01:00:00+00:00,0.0
2019-11-10 02:00:00+00:00,0.0
2019-11-10 03:00:00+00:00,0.0
2019-11-10 04:00:00+00:00,0.0
2019-11-10 05:00:00+00:00,0.0
2019-11-10 06:00:00+00:00,154.0
2019-11-10 07:00:00+00:00,2526.0
2019-11-10 08:00:00+00:00,6414.0
2019-11-10 09:00:00+00:00,9827.5
2019-11-10 10:00:00+00:00,11708.75
2019-11-10 11:00:00+00:00,12033.0
2019-11-10 12:00:00+00:00,10424.75
2019-11-10 13:00:00+00:00,7077.25
2019-11-10 14:00:00+00:00,2948.5
2019-11-10 15:00:00+00:00,263.5
2019-11-10 16:00:00+00:00,0.25
2019-11-10 17:00:00+00:00,0.0
2019-11-10 18:00:00+00:00,0.0
2019-11-10 19:00:00+00:00,0.0
2019-11-10 20:00:00+00:00,0.0
2019-11-10 21:00:00+00:00,0.0
2019-11-10 22:00:00+00:00,0.0
2019-11-10 23:00:00+00:00,0.0
2019-11-11 00:00:00+00:00,0.0
2019-11-11 01:00:00+00:00,0.0
2019-11-11 02:00:00+00:00,0.0
2019-11-11 03:00:00+00:00,0.0
2019-11-11 04:00:00+00:00,0.0
2019-11-11 05:00:00+00:00,0.0
2019-11-11 06:00:00+00:00,72.0
2019-11-11 07:00:00+00:00,1275.25
2019-11-11 08:00:00+00:00,3600.0
2019-11-11 09:00:00+00:00,5631.75
2019-11-11 10:00:00+00:00,7142.5
2019-11-11 11:00:00+00:00,7824.75
2019-11-11 12:00:00+00:00,6790.25
2019-11-11 13:00:00+00:00,4471.0
2019-11-11 14:00:00+00:00,1601.75
2019-11-11 15:00:00+00:00,93.75
2019-11-11 16:00:00+00:00,1.0
2019-11-11 17:00:00+00:00,0.0
2019-11-11 18:00:00+00:00,0.0
2019-11-11 19:00:00+00:00,0.0
2019-11-11 20:00:00+00:00,0.0
2019-11-11 21:00:00+00:00,0.0
2019-11-11 22:00:00+00:00,0.0
2019-11-11 23:00:00+00:00,0.0
2019-11-12 00:00:00+00:00,0.0
2019-11-12 01:00:00+00:00,0.0
2019-11-12 02:00:00+00:00,0.0
2019-11-12 03:00:00+00:00,0.0
2019-11-12 04:00:00+00:00,0.0
2019-11-12 05:00:00+00:00,0.0
2019-11-12 06:00:00+00:00,79.25
2019-11-12 07:00:00+00:00,1302.0
2019-11-12 08:00:00+00:00,3452.0
2019-11-12 09:00:00+00:00,5704.0
2019-11-12 10:00:00+00:00,7129.0
2019-11-12 11:00:00+00:00,6828.5
2019-11-12 12:00:00+00:00,5433.0
2019-11-12 13:00:00+00:00,3876.25
2019-11-12 14:00:00+00:00,1790.25
2019-11-12 15:00:00+00:00,194.75
2019-11-12 16:00:00+00:00,1.0
2019-11-12 17:00:00+00:00,0.0
2019-11-12 18:00:00+00:00,0.0
2019-11-12 19:00:00+00:00,0.0
2019-11-12 20:00:00+00:00,0.0
2019-11-12 21:00:00+00:00,0.0
2019-11-12 22:00:00+00:00,0.0
2019-11-12 23:00:00+00:00,0.0
2019-11-13 00:00:00+00:00,0.0
2019-11-13 01:00:00+00:00,0.0
2019-11-13 02:00:00+00:00,0.0
2019-11-13 03:00:00+00:00,0.0
2019-11-13 04:00:00+00:00,0.0
2019-11-13 05:00:00+00:00,0.0
2019-11-13 06:00:00+00:00,57.0
2019-11-13 07:00:00+00:00,1154.5
2019-11-13 08:00:00+00:00,2959.25
2019-11-13 09:00:00+00:00,4662.25
2019-11-13 10:00:00+00:00,5722.75
2019-11-13 11:00:00+00:00,5819.75
2019-11-13 12:00:00+00:00,4748.0
2019-11-13 13:00:00+00:00,3023.75
2019-11-13 14:00:00+00:00,1284.5
2019-11-13 15:00:00+00:00,104.0
2019-11-13 16:00:00+00:00,0.75
2019-11-13 17:00:00+00:00,0.0
2019-11-13 18:00:00+00:00,0.0
2019-11-13 19:00:00+00:00,0.0
2019-11-13 20:00:00+00:00,0.0
2019-11-13 21:00:00+00:00,0.0
2019-11-13 22:00:00+00:00,0.0
2019-11-13 23:00:00+00:00,0.0
2019-11-14 00:00:00+00:00,0.0
2019-11-14 01:00:00+00:00,0.0
2019-11-14 02:00:00+00:00,0.0
2019-11-14 03:00:00+00:00,0.0
2019-11-14 04:00:00+00:00,0.0
2019-11-14 05:00:00+00:00,0.0
2019-11-14 06:00:00+00:00,161.25
2019-11-14 07:00:00+00:00,2928.5
2019-11-14 08:00:00+00:00,7137.75
2019-11-14 09:00:00+00:00,10911.75
2019-11-14 10:00:00+00:00,13489.5
2019-11-14 11:00:00+00:00,13452.25
2019-11-14 12:00:00+00:00,11457.25
2019-11-14 13:00:00+00:00,7390.5
2019-11-14 14:00:00+00:00,2697.25
2019-11-14 15:00:00+00:00,157.0
2019-11-14 16:00:00+00:00,0.0
2019-11-14 17:00:00+00:00,0.25
2019-11-14 18:00:00+00:00,0.0
2019-11-14 19:00:00+00:00,0.0
2019-11-14 20:00:00+00:00,0.0
2019-11-14 21:00:00+00:00,0.0
2019-11-14 22:00:00+00:00,0.0
2019-11-14 23:00:00+00:00,0.0
2019-11-15 00:00:00+00:00,0.0
2019-11-15 01:00:00+00:00,0.0
2019-11-15 02:00:00+00:00,0.0
2019-11-15 03:00:00+00:00,0.0
2019-11-15 04:00:00+00:00,0.0
2019-11-15 05:00:00+00:00,0.0
2019-11-15 06:00:00+00:00,81.25
2019-11-15 07:00:00+00:00,1193.25
2019-11-15 08:00:00+00:00,2781.75
2019-11-15 09:00:00+00:00,4096.75
2019-11-15 10:00:00+00:00,4547.5
2019-11-15 11:00:00+00:00,3969.25
2019-11-15 12:00:00+00:00,3509.75
2019-11-15 13:00:00+00:00,2764.0
2019-11-15 14:00:00+00:00,1114.0
2019-11-15 15:00:00+00:00,68.75
2019-11-15 16:00:00+00:00,0.25
2019-11-15 17:00:00+00:00,0.0
2019-11-15 18:00:00+00:00,0.0
2019-11-15 19:00:00+00:00,0.0
2019-11-15 20:00:00+00:00,0.0
2019-11-15 21:00:00+00:00,0.0
2019-11-15 22:00:00+00:00,0.0
2019-11-15 23:00:00+00:00,0.0
2019-11-16 00:00:00+00:00,0.0
2019-11-16 01:00:00+00:00,0.0
2019-11-16 02:00:00+00:00,0.0
2019-11-16 03:00:00+00:00,0.0
2019-11-16 04:00:00+00:00,0.0
2019-11-16 05:00:00+00:00,0.0
2019-11-16 06:00:00+00:00,48.25
2019-11-16 07:00:00+00:00,1060.5
2019-11-16 08:00:00+00:00,2853.75
2019-11-16 09:00:00+00:00,4307.5
2019-11-16 10:00:00+00:00,5375.0
2019-11-16 11:00:00+00:00,6197.5
2019-11-16 12:00:00+00:00,5752.25
2019-11-16 13:00:00+00:00,4013.25
2019-11-16 14:00:00+00:00,1768.75
2019-11-16 15:00:00+00:00,138.5
2019-11-16 16:00:00+00:00,0.5
2019-11-16 17:00:00+00:00,0.0
2019-11-16 18:00:00+00:00,0.0
2019-11-16 19:00:00+00:00,0.0
2019-11-16 20:00:00+00:00,0.0
2019-11-16 21:00:00+00:00,0.0
2019-11-16 22:00:00+00:00,0.0
2019-11-16 23:00:00+00:00,0.0
2019-11-17 00:00:00+00:00,0.0
2019-11-17 01:00:00+00:00,0.0
2019-11-17 02:00:00+00:00,0.0
2019-11-17 03:00:00+00:00,0.0
2019-11-17 04:00:00+00:00,0.0
2019-11-17 05:00:00+00:00,0.0
2019-11-17 06:00:00+00:00,29.75
2019-11-17 07:00:00+00:00,615.75
2019-11-17 08:00:00+00:00,2108.25
2019-11-17 09:00:00+00:00,3508.5
2019-11-17 10:00:00+00:00,4094.5
2019-11-17 11:00:00+00:00,3815.25
2019-11-17 12:00:00+00:00,3365.25
2019-11-17 13:00:00+00:00,2151.25
2019-11-17 14:00:00+00:00,595.0
2019-11-17 15:00:00+00:00,25.0
2019-11-17 16:00:00+00:00,0.0
2019-11-17 17:00:00+00:00,0.0
2019-11-17 18:00:00+00:00,0.0
2019-11-17 19:00:00+00:00,0.0
2019-11-17 20:00:00+00:00,0.0
2019-11-17 21:00:00+00:00,0.0
2019-11-17 22:00:00+00:00,0.0
2019-11-17 23:00:00+00:00,0.0
2019-11-18 00:00:00+00:00,0.0
2019-11-18 01:00:00+00:00,0.0
2019-11-18 02:00:00+00:00,0.0
2019-11-18 03:00:00+00:00,0.0
2019-11-18 04:00:00+00:00,0.0
2019-11-18 05:00:00+00:00,0.0
2019-11-18 06:00:00+00:00,27.0
2019-11-18 07:00:00+00:00,659.75
2019-11-18 08:00:00+00:00,2453.25
2019-11-18 09:00:00+00:00,4441.0
2019-11-18 10:00:00+00:00,5138.0
2019-11-18 11:00:00+00:00,5595.75
2019-11-18 12:00:00+00:00,5237.0
2019-11-18 13:00:00+00:00,3745.75
2019-11-18 14:00:00+00:00,1566.0
2019-11-18 15:00:00+00:00,82.5
2019-11-18 16:00:00+00:00,1.0
2019-11-18 17:00:00+00:00,0.0
2019-11-18 18:00:00+00:00,0.0
2019-11-18 19:00:00+00:00,0.0
2019-11-18 20:00:00+00:00,0.0
2019-11-18 21:00:00+00:00,0.0
2019-11-18 22:00:00+00:00,0.0
2019-11-18 23:00:00+00:00,0.0
2019-11-19 00:00:00+00:00,0.0
2019-11-19 01:00:00+00:00,0.0
2019-11-19 02:00:00+00:00,0.0
2019-11-19 03:00:00+00:00,0.0
2019-11-19 04:00:00+00:00,0.0
2019-11-19 05:00:00+00:00,0.0
2019-11-19 06:00:00+00:00,54.5
2019-11-19 07:00:00+00:00,1357.0
2019-11-19 08:00:00+00:00,3945.5
2019-11-19 09:00:00+00:00,6177.25
2019-11-19 10:00:00+00:00,7658.25
2019-11-19 11:00:00+00:00,7291.75
2019-11-19 12:00:00+00:00,5662.0
2019-11-19 13:00:00+00:00,3313.0
2019-11-19 14:00:00+00:00,1235.5
2019-11-19 15:00:00+00:00,80.5
2019-11-19 16:00:00+00:00,1.0
2019-11-19 17:00:00+00:00,0.0
2019-11-19 18:00:00+00:00,0.0
2019-11-19 19:00:00+00:00,0.0
2019-11-19 20:00:00+00:00,0.0
2019-11-19 21:00:00+00:00,0.0
2019-11-19 22:00:00+00:00,0.0
2019-11-19 23:00:00+00:00,0.0
2019-11-20 00:00:00+00:00,0.0
2019-11-20 01:00:00+00:00,0.0
2019-11-20 02:00:00+00:00,0.0
2019-11-20 03:00:00+00:00,0.0
2019-11-20 04:00:00+00:00,0.0
2019-11-20 05:00:00+00:00,0.0
2019-11-20 06:00:00+00:00,15.25
2019-11-20 07:00:00+00:00,561.0
2019-11-20 08:00:00+00:00,1931.5
2019-11-20 09:00:00+00:00,3240.5
2019-11-20 10:00:00+00:00,3977.75
2019-11-20 11:00:00+00:00,4173.5
2019-11-20 12:00:00+00:00,3616.75
2019-11-20 13:00:00+00:00,2337.5
2019-11-20 14:00:00+00:00,839.5
2019-11-20 15:00:00+00:00,48.0
2019-11-20 16:00:00+00:00,1.0
2019-11-20 17:00:00+00:00,0.0
2019-11-20 18:00:00+00:00,0.0
2019-11-20 19:00:00+00:00,0.0
2019-11-20 20:00:00+00:00,0.0
2019-11-20 21:00:00+00:00,0.0
2019-11-20 22:00:00+00:00,0.0
2019-11-20 23:00:00+00:00,0.0
2019-11-21 00:00:00+00:00,0.0
2019-11-21 01:00:00+00:00,0.0
2019-11-21 02:00:00+00:00,0.0
2019-11-21 03:00:00+00:00,0.0
2019-11-21 04:00:00+00:00,0.0
2019-11-21 05:00:00+00:00,0.0
2019-11-21 06:00:00+00:00,10.5
2019-11-21 07:00:00+00:00,359.0
2019-11-21 08:00:00+00:00,1428.0
2019-11-21 09:00:00+00:00,2619.5
2019-11-21 10:00:00+00:00,3503.25
2019-11-21 11:00:00+00:00,3800.0
2019-11-21 12:00:00+00:00,3378.75
2019-11-21 13:00:00+00:00,2273.0
2019-11-21 14:00:00+00:00,842.0
2019-11-21 15:00:00+00:00,51.25
2019-11-21 16:00:00+00:00,0.0
2019-11-21 17:00:00+00:00,0.25
2019-11-21 18:00:00+00:00,0.0
2019-11-21 19:00:00+00:00,0.0
2019-11-21 20:00:00+00:00,0.0
2019-11-21 21:00:00+00:00,0.0
2019-11-21 22:00:00+00:00,0.0
2019-11-21 23:00:00+00:00,0.0
2019-11-22 00:00:00+00:00,0.0
2019-11-22 01:00:00+00:00,0.0
2019-11-22 02:00:00+00:00,0.0
2019-11-22 03:00:00+00:00,0.0
2019-11-22 04:00:00+00:00,0.0
2019-11-22 05:00:00+00:00,0.0
2019-11-22 06:00:00+00:00,13.0
2019-11-22 07:00:00+00:00,618.5
2019-11-22 08:00:00+00:00,2463.0
2019-11-22 09:00:00+00:00,4385.75
2019-11-22 10:00:00+00:00,5690.0
2019-11-22 11:00:00+00:00,5990.0
2019-11-22 12:00:00+00:00,5262.0
2019-11-22 13:00:00+00:00,3407.25
2019-11-22 14:00:00+00:00,1243.75
2019-11-22 15:00:00+00:00,52.0
2019-11-22 16:00:00+00:00,0.25
2019-11-22 17:00:00+00:00,0.0
2019-11-22 18:00:00+00:00,0.0
2019-11-22 19:00:00+00:00,0.0
2019-11-22 20:00:00+00:00,0.0
2019-11-22 21:00:00+00:00,0.0
2019-11-22 22:00:00+00:00,0.0
2019-11-22 23:00:00+00:00,0.0
2019-11-23 00:00:00+00:00,0.0
2019-11-23 01:00:00+00:00,0.0
2019-11-23 02:00:00+00:00,0.0
2019-11-23 03:00:00+00:00,0.0
2019-11-23 04:00:00+00:00,0.0
2019-11-23 05:00:00+00:00,0.0
2019-11-23 06:00:00+00:00,44.5
2019-11-23 07:00:00+00:00,1699.75
2019-11-23 08:00:00+00:00,5286.5
2019-11-23 09:00:00+00:00,8366.5
2019-11-23 10:00:00+00:00,9962.75
2019-11-23 11:00:00+00:00,9366.75
2019-11-23 12:00:00+00:00,6966.25
2019-11-23 13:00:00+00:00,3847.75
2019-11-23 14:00:00+00:00,1174.5
2019-11-23 15:00:00+00:00,42.25
2019-11-23 16:00:00+00:00,0.5
2019-11-23 17:00:00+00:00,0.0
2019-11-23 18:00:00+00:00,0.0
2019-11-23 19:00:00+00:00,0.0
2019-11-23 20:00:00+00:00,0.0
2019-11-23 21:00:00+00:00,0.0
2019-11-23 22:00:00+00:00,0.0
2019-11-23 23:00:00+00:00,0.0
2019-11-24 00:00:00+00:00,0.0
2019-11-24 01:00:00+00:00,0.0
2019-11-24 02:00:00+00:00,0.0
2019-11-24 03:00:00+00:00,0.0
2019-11-24 04:00:00+00:00,0.0
2019-11-24 05:00:00+00:00,0.0
2019-11-24 06:00:00+00:00,19.0
2019-11-24 07:00:00+00:00,1223.5
2019-11-24 08:00:00+00:00,3417.5
2019-11-24 09:00:00+00:00,5663.5
2019-11-24 10:00:00+00:00,7221.5
2019-11-24 11:00:00+00:00,7622.25
2019-11-24 12:00:00+00:00,6520.25
2019-11-24 13:00:00+00:00,4174.25
2019-11-24 14:00:00+00:00,1495.5
2019-11-24 15:00:00+00:00,58.5
2019-11-24 16:00:00+00:00,0.75
2019-11-24 17:00:00+00:00,0.0
2019-11-24 18:00:00+00:00,0.0
2019-11-24 19:00:00+00:00,0.0
2019-11-24 20:00:00+00:00,0.0
2019-11-24 21:00:00+00:00,0.0
2019-11-24 22:00:00+00:00,0.0
2019-11-24 23:00:00+00:00,0.0
2019-11-25 00:00:00+00:00,0.0
2019-11-25 01:00:00+00:00,0.0
2019-11-25 02:00:00+00:00,0.0
2019-11-25 03:00:00+00:00,0.0
2019-11-25 04:00:00+00:00,0.0
2019-11-25 05:00:00+00:00,0.0
2019-11-25 06:00:00+00:00,8.5
2019-11-25 07:00:00+00:00,469.25
2019-11-25 08:00:00+00:00,1469.0
2019-11-25 09:00:00+00:00,2360.5
2019-11-25 10:00:00+00:00,2791.75
2019-11-25 11:00:00+00:00,2714.25
2019-11-25 12:00:00+00:00,2198.0
2019-11-25 13:00:00+00:00,1348.75
2019-11-25 14:00:00+00:00,453.5
2019-11-25 15:00:00+00:00,18.5
2019-11-25 16:00:00+00:00,1.0
2019-11-25 17:00:00+00:00,0.0
2019-11-25 18:00:00+00:00,0.0
2019-11-25 19:00:00+00:00,0.0
2019-11-25 20:00:00+00:00,0.0
2019-11-25 21:00:00+00:00,0.0
2019-11-25 22:00:00+00:00,0.0
2019-11-25 23:00:00+00:00,0.0
2019-11-26 00:00:00+00:00,0.0
2019-11-26 01:00:00+00:00,0.0
2019-11-26 02:00:00+00:00,0.0
2019-11-26 03:00:00+00:00,0.0
2019-11-26 04:00:00+00:00,0.0
2019-11-26 05:00:00+00:00,0.0
2019-11-26 06:00:00+00:00,6.75
2019-11-26 07:00:00+00:00,425.25
2019-11-26 08:00:00+00:00,1727.0
2019-11-26 09:00:00+00:00,3238.5
2019-11-26 10:00:00+00:00,4312.0
2019-11-26 11:00:00+00:00,4733.75
2019-11-26 12:00:00+00:00,4093.5
2019-11-26 13:00:00+00:00,2518.25
2019-11-26 14:00:00+00:00,849.25
2019-11-26 15:00:00+00:00,33.25
2019-11-26 16:00:00+00:00,1.0
2019-11-26 17:00:00+00:00,0.0
2019-11-26 18:00:00+00:00,0.0
2019-11-26 19:00:00+00:00,0.0
2019-11-26 20:00:00+00:00,0.0
2019-11-26 21:00:00+00:00,0.0
2019-11-26 22:00:00+00:00,0.0
2019-11-26 23:00:00+00:00,0.0
2019-11-27 00:00:00+00:00,0.0
2019-11-27 01:00:00+00:00,0.0
2019-11-27 02:00:00+00:00,0.0
2019-11-27 03:00:00+00:00,0.0
2019-11-27 04:00:00+00:00,0.0
2019-11-27 05:00:00+00:00,0.0
2019-11-27 06:00:00+00:00,3.0
2019-11-27 07:00:00+00:00,277.0
2019-11-27 08:00:00+00:00,1016.75
2019-11-27 09:00:00+00:00,1558.75
2019-11-27 10:00:00+00:00,2422.5
2019-11-27 11:00:00+00:00,3373.0
2019-11-27 12:00:00+00:00,3829.5
2019-11-27 13:00:00+00:00,2690.75
2019-11-27 14:00:00+00:00,862.25
2019-11-27 15:00:00+00:00,27.25
2019-11-27 16:00:00+00:00,0.75
2019-11-27 17:00:00+00:00,0.0
2019-11-27 18:00:00+00:00,0.0
2019-11-27 19:00:00+00:00,0.0
2019-11-27 20:00:00+00:00,0.0
2019-11-27 21:00:00+00:00,0.0
2019-11-27 22:00:00+00:00,0.0
2019-11-27 23:00:00+00:00,0.0
2019-11-28 00:00:00+00:00,0.0
2019-11-28 01:00:00+00:00,0.0
2019-11-28 02:00:00+00:00,0.0
2019-11-28 03:00:00+00:00,0.0
2019-11-28 04:00:00+00:00,0.0
2019-11-28 05:00:00+00:00,0.0
2019-11-28 06:00:00+00:00,4.0
2019-11-28 07:00:00+00:00,559.5
2019-11-28 08:00:00+00:00,2273.5
2019-11-28 09:00:00+00:00,4284.0
2019-11-28 10:00:00+00:00,5305.75
2019-11-28 11:00:00+00:00,4906.0
2019-11-28 12:00:00+00:00,3789.75
2019-11-28 13:00:00+00:00,2443.75
2019-11-28 14:00:00+00:00,807.75
2019-11-28 15:00:00+00:00,29.0
2019-11-28 16:00:00+00:00,0.25
2019-11-28 17:00:00+00:00,0.5
2019-11-28 18:00:00+00:00,0.0
2019-11-28 19:00:00+00:00,0.0
2019-11-28 20:00:00+00:00,0.0
2019-11-28 21:00:00+00:00,0.0
2019-11-28 22:00:00+00:00,0.0
2019-11-28 23:00:00+00:00,0.0
2019-11-29 00:00:00+00:00,0.0
2019-11-29 01:00:00+00:00,0.0
2019-11-29 02:00:00+00:00,0.25
2019-11-29 03:00:00+00:00,0.0
2019-11-29 04:00:00+00:00,0.25
2019-11-29 05:00:00+00:00,0.0
2019-11-29 06:00:00+00:00,4.0
2019-11-29 07:00:00+00:00,628.5
2019-11-29 08:00:00+00:00,2705.5
2019-11-29 09:00:00+00:00,5196.5
2019-11-29 10:00:00+00:00,6241.75
2019-11-29 11:00:00+00:00,6165.0
2019-11-29 12:00:00+00:00,5063.75
2019-11-29 13:00:00+00:00,3043.5
2019-11-29 14:00:00+00:00,854.75
2019-11-29 15:00:00+00:00,28.25
2019-11-29 16:00:00+00:00,0.25
2019-11-29 17:00:00+00:00,0.0
2019-11-29 18:00:00+00:00,0.0
2019-11-29 19:00:00+00:00,0.0
2019-11-29 20:00:00+00:00,0.0
2019-11-29 21:00:00+00:00,0.0
2019-11-29 22:00:00+00:00,0.0
2019-11-29 23:00:00+00:00,0.0
2019-11-30 00:00:00+00:00,0.0
2019-11-30 01:00:00+00:00,0.0
2019-11-30 02:00:00+00:00,0.0
2019-11-30 03:00:00+00:00,0.0
2019-11-30 04:00:00+00:00,0.0
2019-11-30 05:00:00+00:00,0.0
2019-11-30 06:00:00+00:00,3.0
2019-11-30 07:00:00+00:00,789.75
2019-11-30 08:00:00+00:00,3683.0
2019-11-30 09:00:00+00:00,7050.25
2019-11-30 10:00:00+00:00,9415.0
2019-11-30 11:00:00+00:00,10070.5
2019-11-30 12:00:00+00:00,8322.0
2019-11-30 13:00:00+00:00,5154.0
2019-11-30 14:00:00+00:00,1725.25
2019-11-30 15:00:00+00:00,54.75
2019-11-30 16:00:00+00:00,0.5
2019-11-30 17:00:00+00:00,0.0
2019-11-30 18:00:00+00:00,0.0
2019-11-30 19:00:00+00:00,0.0
2019-11-30 20:00:00+00:00,0.0
2019-11-30 21:00:00+00:00,0.0
2019-11-30 22:00:00+00:00,0.0
2019-11-30 23:00:00+00:00,0.0
2019-12-01 00:00:00+00:00,0.0
2019-12-01 01:00:00+00:00,0.0
2019-12-01 02:00:00+00:00,0.0
2019-12-01 03:00:00+00:00,0.0
2019-12-01 04:00:00+00:00,0.0
2019-12-01 05:00:00+00:00,0.0
2019-12-01 06:00:00+00:00,1.75
2019-12-01 07:00:00+00:00,477.25
2019-12-01 08:00:00+00:00,2134.25
2019-12-01 09:00:00+00:00,3619.5
2019-12-01 10:00:00+00:00,4464.5
2019-12-01 11:00:00+00:00,4491.5
2019-12-01 12:00:00+00:00,3380.0
2019-12-01 13:00:00+00:00,1949.5
2019-12-01 14:00:00+00:00,568.0
2019-12-01 15:00:00+00:00,13.25
2019-12-01 16:00:00+00:00,0.0
2019-12-01 17:00:00+00:00,0.0
2019-12-01 18:00:00+00:00,0.0
2019-12-01 19:00:00+00:00,0.0
2019-12-01 20:00:00+00:00,0.0
2019-12-01 21:00:00+00:00,0.0
2019-12-01 22:00:00+00:00,0.0
2019-12-01 23:00:00+00:00,0.0
2019-12-02 00:00:00+00:00,0.0
2019-12-02 01:00:00+00:00,0.0
2019-12-02 02:00:00+00:00,0.0
2019-12-02 03:00:00+00:00,0.0
2019-12-02 04:00:00+00:00,0.0
2019-12-02 05:00:00+00:00,0.0
2019-12-02 06:00:00+00:00,1.0
2019-12-02 07:00:00+00:00,414.75
2019-12-02 08:00:00+00:00,2352.0
2019-12-02 09:00:00+00:00,4615.25
2019-12-02 10:00:00+00:00,6432.25
2019-12-02 11:00:00+00:00,6801.25
2019-12-02 12:00:00+00:00,5594.75
2019-12-02 13:00:00+00:00,3279.5
2019-12-02 14:00:00+00:00,970.5
2019-12-02 15:00:00+00:00,26.5
2019-12-02 16:00:00+00:00,1.0
2019-12-02 17:00:00+00:00,0.25
2019-12-02 18:00:00+00:00,0.0
2019-12-02 19:00:00+00:00,0.0
2019-12-02 20:00:00+00:00,0.0
2019-12-02 21:00:00+00:00,0.0
2019-12-02 22:00:00+00:00,0.0
2019-12-02 23:00:00+00:00,0.0
2019-12-03 00:00:00+00:00,0.0
2019-12-03 01:00:00+00:00,0.0
2019-12-03 02:00:00+00:00,0.0
2019-12-03 03:00:00+00:00,0.0
2019-12-03 04:00:00+00:00,0.0
2019-12-03 05:00:00+00:00,0.0
2019-12-03 06:00:00+00:00,1.0
2019-12-03 07:00:00+00:00,505.75
2019-12-03 08:00:00+00:00,2574.0
2019-12-03 09:00:00+00:00,4724.75
2019-12-03 10:00:00+00:00,6617.75
2019-12-03 11:00:00+00:00,7206.5
2019-12-03 12:00:00+00:00,6415.75
2019-12-03 13:00:00+00:00,4120.25
2019-12-03 14:00:00+00:00,1341.75
2019-12-03 15:00:00+00:00,32.0
2019-12-03 16:00:00+00:00,1.0
2019-12-03 17:00:00+00:00,0.0
2019-12-03 18:00:00+00:00,0.0
2019-12-03 19:00:00+00:00,0.0
2019-12-03 20:00:00+00:00,0.0
2019-12-03 21:00:00+00:00,0.0
2019-12-03 22:00:00+00:00,0.0
2019-12-03 23:00:00+00:00,0.0
2019-12-04 00:00:00+00:00,0.0
2019-12-04 01:00:00+00:00,0.0
2019-12-04 02:00:00+00:00,0.0
2019-12-04 03:00:00+00:00,0.0
2019-12-04 04:00:00+00:00,0.0
2019-12-04 05:00:00+00:00,0.0
2019-12-04 06:00:00+00:00,1.75
2019-12-04 07:00:00+00:00,1041.25
2019-12-04 08:00:00+00:00,4730.75
2019-12-04 09:00:00+00:00,8701.75
2019-12-04 10:00:00+00:00,11468.0
2019-12-04 11:00:00+00:00,12131.5
2019-12-04 12:00:00+00:00,10504.75
2019-12-04 13:00:00+00:00,6724.0
2019-12-04 14:00:00+00:00,2168.75
2019-12-04 15:00:00+00:00,58.25
2019-12-04 16:00:00+00:00,0.75
2019-12-04 17:00:00+00:00,0.0
2019-12-04 18:00:00+00:00,0.0
2019-12-04 19:00:00+00:00,0.0
2019-12-04 20:00:00+00:00,0.0
2019-12-04 21:00:00+00:00,0.0
2019-12-04 22:00:00+00:00,0.0
2019-12-04 23:00:00+00:00,0.0
2019-12-05 00:00:00+00:00,0.0
2019-12-05 01:00:00+00:00,0.0
2019-12-05 02:00:00+00:00,0.0
2019-12-05 03:00:00+00:00,0.0
2019-12-05 04:00:00+00:00,0.0
2019-12-05 05:00:00+00:00,0.0
2019-12-05 06:00:00+00:00,1.0
2019-12-05 07:00:00+00:00,804.75
2019-12-05 08:00:00+00:00,4084.25
2019-12-05 09:00:00+00:00,7557.0
2019-12-05 10:00:00+00:00,9632.5
2019-12-05 11:00:00+00:00,9689.5
2019-12-05 12:00:00+00:00,7799.5
2019-12-05 13:00:00+00:00,4585.25
2019-12-05 14:00:00+00:00,1247.25
2019-12-05 15:00:00+00:00,26.0
2019-12-05 16:00:00+00:00,0.0
2019-12-05 17:00:00+00:00,0.25
2019-12-05 18:00:00+00:00,0.0
2019-12-05 19:00:00+00:00,0.0
2019-12-05 20:00:00+00:00,0.0
2019-12-05 21:00:00+00:00,0.0
2019-12-05 22:00:00+00:00,0.0
2019-12-05 23:00:00+00:00,0.0
2019-12-06 00:00:00+00:00,0.0
2019-12-06 01:00:00+00:00,0.0
2019-12-06 02:00:00+00:00,0.0
2019-12-06 03:00:00+00:00,0.0
2019-12-06 04:00:00+00:00,0.0
2019-12-06 05:00:00+00:00,0.0
2019-12-06 06:00:00+00:00,1.0
2019-12-06 07:00:00+00:00,579.0
2019-12-06 08:00:00+00:00,2748.25
2019-12-06 09:00:00+00:00,4922.25
2019-12-06 10:00:00+00:00,6234.25
2019-12-06 11:00:00+00:00,6410.75
2019-12-06 12:00:00+00:00,5429.0
2019-12-06 13:00:00+00:00,3347.5
2019-12-06 14:00:00+00:00,1024.5
2019-12-06 15:00:00+00:00,15.75
2019-12-06 16:00:00+00:00,0.25
2019-12-06 17:00:00+00:00,0.0
2019-12-06 18:00:00+00:00,0.0
2019-12-06 19:00:00+00:00,0.0
2019-12-06 20:00:00+00:00,0.0
2019-12-06 21:00:00+00:00,0.0
2019-12-06 22:00:00+00:00,0.0
2019-12-06 23:00:00+00:00,0.0
2019-12-07 00:00:00+00:00,0.0
2019-12-07 01:00:00+00:00,0.0
2019-12-07 02:00:00+00:00,0.0
2019-12-07 03:00:00+00:00,0.0
2019-12-07 04:00:00+00:00,1.0
2019-12-07 05:00:00+00:00,1.25
2019-12-07 06:00:00+00:00,1.5
2019-12-07 07:00:00+00:00,255.75
2019-12-07 08:00:00+00:00,1573.75
2019-12-07 09:00:00+00:00,3004.5
2019-12-07 10:00:00+00:00,3898.25
2019-12-07 11:00:00+00:00,3919.25
2019-12-07 12:00:00+00:00,3383.75
2019-12-07 13:00:00+00:00,2034.75
2019-12-07 14:00:00+00:00,601.75
2019-12-07 15:00:00+00:00,9.5
2019-12-07 16:00:00+00:00,0.5
2019-12-07 17:00:00+00:00,0.0
2019-12-07 18:00:00+00:00,0.0
2019-12-07 19:00:00+00:00,0.0
2019-12-07 20:00:00+00:00,0.0
2019-12-07 21:00:00+00:00,0.0
2019-12-07 22:00:00+00:00,0.0
2019-12-07 23:00:00+00:00,0.0
2019-12-08 00:00:00+00:00,0.0
2019-12-08 01:00:00+00:00,0.0
2019-12-08 02:00:00+00:00,0.0
2019-12-08 03:00:00+00:00,0.0
2019-12-08 04:00:00+00:00,0.0
2019-12-08 05:00:00+00:00,0.0
2019-12-08 06:00:00+00:00,1.0
2019-12-08 07:00:00+00:00,524.0
2019-12-08 08:00:00+00:00,2345.5
2019-12-08 09:00:00+00:00,4164.75
2019-12-08 10:00:00+00:00,5163.5
2019-12-08 11:00:00+00:00,4847.75
2019-12-08 12:00:00+00:00,3805.5
2019-12-08 13:00:00+00:00,2118.25
2019-12-08 14:00:00+00:00,601.25
2019-12-08 15:00:00+00:00,12.0
2019-12-08 16:00:00+00:00,0.0
2019-12-08 17:00:00+00:00,0.0
2019-12-08 18:00:00+00:00,0.0
2019-12-08 19:00:00+00:00,0.0
2019-12-08 20:00:00+00:00,0.0
2019-12-08 21:00:00+00:00,0.0
2019-12-08 22:00:00+00:00,0.0
2019-12-08 23:00:00+00:00,0.0
2019-12-09 00:00:00+00:00,0.0
2019-12-09 01:00:00+00:00,0.0
2019-12-09 02:00:00+00:00,0.0
2019-12-09 03:00:00+00:00,0.0
2019-12-09 04:00:00+00:00,0.0
2019-12-09 05:00:00+00:00,0.25
2019-12-09 06:00:00+00:00,1.75
2019-12-09 07:00:00+00:00,423.5
2019-12-09 08:00:00+00:00,2609.75
2019-12-09 09:00:00+00:00,5053.25
2019-12-09 10:00:00+00:00,6562.75
2019-12-09 11:00:00+00:00,6302.25
2019-12-09 12:00:00+00:00,4783.25
2019-12-09 13:00:00+00:00,2485.75
2019-12-09 14:00:00+00:00,583.75
2019-12-09 15:00:00+00:00,11.75
2019-12-09 16:00:00+00:00,1.0
2019-12-09 17:00:00+00:00,0.0
2019-12-09 18:00:00+00:00,0.0
2019-12-09 19:00:00+00:00,0.0
2019-12-09 20:00:00+00:00,0.0
2019-12-09 21:00:00+00:00,0.0
2019-12-09 22:00:00+00:00,0.0
2019-12-09 23:00:00+00:00,0.0
2019-12-10 00:00:00+00:00,0.0
2019-12-10 01:00:00+00:00,0.0
2019-12-10 02:00:00+00:00,0.0
2019-12-10 03:00:00+00:00,0.25
2019-12-10 04:00:00+00:00,1.25
2019-12-10 05:00:00+00:00,2.0
2019-12-10 06:00:00+00:00,2.5
2019-12-10 07:00:00+00:00,589.75
2019-12-10 08:00:00+00:00,3483.5
2019-12-10 09:00:00+00:00,6721.5
2019-12-10 10:00:00+00:00,9238.5
2019-12-10 11:00:00+00:00,9481.5
2019-12-10 12:00:00+00:00,7830.5
2019-12-10 13:00:00+00:00,4856.25
2019-12-10 14:00:00+00:00,1452.0
2019-12-10 15:00:00+00:00,28.25
2019-12-10 16:00:00+00:00,1.0
2019-12-10 17:00:00+00:00,0.0
2019-12-10 18:00:00+00:00,0.0
2019-12-10 19:00:00+00:00,0.0
2019-12-10 20:00:00+00:00,0.0
2019-12-10 21:00:00+00:00,0.0
2019-12-10 22:00:00+00:00,0.0
2019-12-10 23:00:00+00:00,0.0
2019-12-11 00:00:00+00:00,0.0
2019-12-11 01:00:00+00:00,0.0
2019-12-11 02:00:00+00:00,0.0
2019-12-11 03:00:00+00:00,0.0
2019-12-11 04:00:00+00:00,0.0
2019-12-11 05:00:00+00:00,0.0
2019-12-11 06:00:00+00:00,1.0
2019-12-11 07:00:00+00:00,576.75
2019-12-11 08:00:00+00:00,2329.25
2019-12-11 09:00:00+00:00,3850.5
2019-12-11 10:00:00+00:00,4531.5
2019-12-11 11:00:00+00:00,4352.25
2019-12-11 12:00:00+00:00,3357.5
2019-12-11 13:00:00+00:00,1704.25
2019-12-11 14:00:00+00:00,423.75
2019-12-11 15:00:00+00:00,5.75
2019-12-11 16:00:00+00:00,0.75
2019-12-11 17:00:00+00:00,0.0
2019-12-11 18:00:00+00:00,0.0
2019-12-11 19:00:00+00:00,0.0
2019-12-11 20:00:00+00:00,0.0
2019-12-11 21:00:00+00:00,0.0
2019-12-11 22:00:00+00:00,0.0
2019-12-11 23:00:00+00:00,0.0
2019-12-12 00:00:00+00:00,0.0
2019-12-12 01:00:00+00:00,0.0
2019-12-12 02:00:00+00:00,0.0
2019-12-12 03:00:00+00:00,0.0
2019-12-12 04:00:00+00:00,0.25
2019-12-12 05:00:00+00:00,1.0
2019-12-12 06:00:00+00:00,1.25
2019-12-12 07:00:00+00:00,136.5
2019-12-12 08:00:00+00:00,908.0
2019-12-12 09:00:00+00:00,2003.75
2019-12-12 10:00:00+00:00,3076.75
2019-12-12 11:00:00+00:00,3531.0
2019-12-12 12:00:00+00:00,3141.25
2019-12-12 13:00:00+00:00,2172.75
2019-12-12 14:00:00+00:00,690.25
2019-12-12 15:00:00+00:00,16.5
2019-12-12 16:00:00+00:00,0.0
2019-12-12 17:00:00+00:00,0.25
2019-12-12 18:00:00+00:00,0.0
2019-12-12 19:00:00+00:00,0.0
2019-12-12 20:00:00+00:00,0.0
2019-12-12 21:00:00+00:00,0.0
2019-12-12 22:00:00+00:00,0.0
2019-12-12 23:00:00+00:00,0.0
2019-12-13 00:00:00+00:00,0.0
2019-12-13 01:00:00+00:00,0.0
2019-12-13 02:00:00+00:00,0.0
2019-12-13 03:00:00+00:00,0.0
2019-12-13 04:00:00+00:00,0.0
2019-12-13 05:00:00+00:00,0.0
2019-12-13 06:00:00+00:00,0.25
2019-12-13 07:00:00+00:00,290.0
2019-12-13 08:00:00+00:00,1656.25
2019-12-13 09:00:00+00:00,2904.75
2019-12-13 10:00:00+00:00,3392.5
2019-12-13 11:00:00+00:00,3364.25
2019-12-13 12:00:00+00:00,2736.5
2019-12-13 13:00:00+00:00,1784.75
2019-12-13 14:00:00+00:00,493.5
2019-12-13 15:00:00+00:00,8.0
2019-12-13 16:00:00+00:00,0.25
2019-12-13 17:00:00+00:00,0.0
2019-12-13 18:00:00+00:00,0.0
2019-12-13 19:00:00+00:00,0.0
2019-12-13 20:00:00+00:00,0.0
2019-12-13 21:00:00+00:00,0.0
2019-12-13 22:00:00+00:00,0.0
2019-12-13 23:00:00+00:00,0.0
2019-12-14 00:00:00+00:00,0.0
2019-12-14 01:00:00+00:00,0.0
2019-12-14 02:00:00+00:00,0.0
2019-12-14 03:00:00+00:00,0.0
2019-12-14 04:00:00+00:00,0.75
2019-12-14 05:00:00+00:00,0.75
2019-12-14 06:00:00+00:00,2.25
2019-12-14 07:00:00+00:00,126.25
2019-12-14 08:00:00+00:00,1243.75
2019-12-14 09:00:00+00:00,2903.0
2019-12-14 10:00:00+00:00,4290.0
2019-12-14 11:00:00+00:00,4752.0
2019-12-14 12:00:00+00:00,4292.25
2019-12-14 13:00:00+00:00,2988.5
2019-12-14 14:00:00+00:00,990.0
2019-12-14 15:00:00+00:00,15.0
2019-12-14 16:00:00+00:00,0.5
2019-12-14 17:00:00+00:00,0.0
2019-12-14 18:00:00+00:00,0.0
2019-12-14 19:00:00+00:00,0.0
2019-12-14 20:00:00+00:00,0.0
2019-12-14 21:00:00+00:00,0.0
2019-12-14 22:00:00+00:00,0.0
2019-12-14 23:00:00+00:00,0.0
2019-12-15 00:00:00+00:00,0.0
2019-12-15 01:00:00+00:00,0.0
2019-12-15 02:00:00+00:00,0.0
2019-12-15 03:00:00+00:00,0.0
2019-12-15 04:00:00+00:00,0.0
2019-12-15 05:00:00+00:00,0.0
2019-12-15 06:00:00+00:00,0.25
2019-12-15 07:00:00+00:00,317.25
2019-12-15 08:00:00+00:00,1791.25
2019-12-15 09:00:00+00:00,4107.25
2019-12-15 10:00:00+00:00,5983.5
2019-12-15 11:00:00+00:00,6529.5
2019-12-15 12:00:00+00:00,5201.25
2019-12-15 13:00:00+00:00,2825.75
2019-12-15 14:00:00+00:00,583.75
2019-12-15 15:00:00+00:00,9.0
2019-12-15 16:00:00+00:00,0.0
2019-12-15 17:00:00+00:00,0.0
2019-12-15 18:00:00+00:00,0.0
2019-12-15 19:00:00+00:00,0.0
2019-12-15 20:00:00+00:00,0.0
2019-12-15 21:00:00+00:00,0.0
2019-12-15 22:00:00+00:00,0.0
2019-12-15 23:00:00+00:00,0.0
2019-12-16 00:00:00+00:00,0.0
2019-12-16 01:00:00+00:00,0.0
2019-12-16 02:00:00+00:00,0.0
2019-12-16 03:00:00+00:00,0.0
2019-12-16 04:00:00+00:00,0.25
2019-12-16 05:00:00+00:00,0.5
2019-12-16 06:00:00+00:00,1.0
2019-12-16 07:00:00+00:00,306.0
2019-12-16 08:00:00+00:00,2177.5
2019-12-16 09:00:00+00:00,4236.75
2019-12-16 10:00:00+00:00,5274.25
2019-12-16 11:00:00+00:00,6306.0
2019-12-16 12:00:00+00:00,5580.5
2019-12-16 13:00:00+00:00,2936.0
2019-12-16 14:00:00+00:00,733.5
2019-12-16 15:00:00+00:00,10.75
2019-12-16 16:00:00+00:00,1.0
2019-12-16 17:00:00+00:00,0.0
2019-12-16 18:00:00+00:00,0.0
2019-12-16 19:00:00+00:00,0.0
2019-12-16 20:00:00+00:00,0.0
2019-12-16 21:00:00+00:00,0.0
2019-12-16 22:00:00+00:00,0.0
2019-12-16 23:00:00+00:00,0.0
2019-12-17 00:00:00+00:00,0.0
2019-12-17 01:00:00+00:00,0.0
2019-12-17 02:00:00+00:00,0.0
2019-12-17 03:00:00+00:00,0.0
2019-12-17 04:00:00+00:00,0.0
2019-12-17 05:00:00+00:00,0.0
2019-12-17 06:00:00+00:00,0.25
2019-12-17 07:00:00+00:00,272.5
2019-12-17 08:00:00+00:00,2312.25
2019-12-17 09:00:00+00:00,4900.75
2019-12-17 10:00:00+00:00,7080.0
2019-12-17 11:00:00+00:00,7719.0
2019-12-17 12:00:00+00:00,6097.0
2019-12-17 13:00:00+00:00,3051.25
2019-12-17 14:00:00+00:00,874.75
2019-12-17 15:00:00+00:00,17.5
2019-12-17 16:00:00+00:00,1.0
2019-12-17 17:00:00+00:00,0.0
2019-12-17 18:00:00+00:00,0.0
2019-12-17 19:00:00+00:00,0.0
2019-12-17 20:00:00+00:00,0.0
2019-12-17 21:00:00+00:00,0.0
2019-12-17 22:00:00+00:00,0.0
2019-12-17 23:00:00+00:00,0.0
2019-12-18 00:00:00+00:00,0.0
2019-12-18 01:00:00+00:00,0.0
2019-12-18 02:00:00+00:00,0.0
2019-12-18 03:00:00+00:00,0.0
2019-12-18 04:00:00+00:00,0.0
2019-12-18 05:00:00+00:00,0.0
2019-12-18 06:00:00+00:00,0.25
2019-12-18 07:00:00+00:00,215.5
2019-12-18 08:00:00+00:00,1669.5
2019-12-18 09:00:00+00:00,3774.25
2019-12-18 10:00:00+00:00,5860.0
2019-12-18 11:00:00+00:00,6422.5
2019-12-18 12:00:00+00:00,5893.5
2019-12-18 13:00:00+00:00,4118.75
2019-12-18 14:00:00+00:00,1404.75
2019-12-18 15:00:00+00:00,38.75
2019-12-18 16:00:00+00:00,0.75
2019-12-18 17:00:00+00:00,0.0
2019-12-18 18:00:00+00:00,0.0
2019-12-18 19:00:00+00:00,0.0
2019-12-18 20:00:00+00:00,0.0
2019-12-18 21:00:00+00:00,0.0
2019-12-18 22:00:00+00:00,0.0
2019-12-18 23:00:00+00:00,0.0
2019-12-19 00:00:00+00:00,0.0
2019-12-19 01:00:00+00:00,0.0
2019-12-19 02:00:00+00:00,0.0
2019-12-19 03:00:00+00:00,0.0
2019-12-19 04:00:00+00:00,0.0
2019-12-19 05:00:00+00:00,0.0
2019-12-19 06:00:00+00:00,0.25
2019-12-19 07:00:00+00:00,305.25
2019-12-19 08:00:00+00:00,2717.5
2019-12-19 09:00:00+00:00,5957.0
2019-12-19 10:00:00+00:00,8606.75
2019-12-19 11:00:00+00:00,9407.0
2019-12-19 12:00:00+00:00,7925.25
2019-12-19 13:00:00+00:00,4973.75
2019-12-19 14:00:00+00:00,1612.0
2019-12-19 15:00:00+00:00,43.25
2019-12-19 16:00:00+00:00,0.0
2019-12-19 17:00:00+00:00,0.25
2019-12-19 18:00:00+00:00,0.0
2019-12-19 19:00:00+00:00,0.0
2019-12-19 20:00:00+00:00,0.0
2019-12-19 21:00:00+00:00,0.0
2019-12-19 22:00:00+00:00,0.0
2019-12-19 23:00:00+00:00,0.0
2019-12-20 00:00:00+00:00,0.0
2019-12-20 01:00:00+00:00,0.0
2019-12-20 02:00:00+00:00,0.0
2019-12-20 03:00:00+00:00,0.0
2019-12-20 04:00:00+00:00,0.0
2019-12-20 05:00:00+00:00,0.0
2019-12-20 06:00:00+00:00,0.25
2019-12-20 07:00:00+00:00,506.75
2019-12-20 08:00:00+00:00,3273.25
2019-12-20 09:00:00+00:00,5462.25
2019-12-20 10:00:00+00:00,5990.75
2019-12-20 11:00:00+00:00,5738.0
2019-12-20 12:00:00+00:00,4061.75
2019-12-20 13:00:00+00:00,1871.25
2019-12-20 14:00:00+00:00,345.5
2019-12-20 15:00:00+00:00,2.5
2019-12-20 16:00:00+00:00,0.25
2019-12-20 17:00:00+00:00,0.0
2019-12-20 18:00:00+00:00,0.0
2019-12-20 19:00:00+00:00,0.0
2019-12-20 20:00:00+00:00,0.0
2019-12-20 21:00:00+00:00,0.0
2019-12-20 22:00:00+00:00,0.0
2019-12-20 23:00:00+00:00,0.0
2019-12-21 00:00:00+00:00,0.0
2019-12-21 01:00:00+00:00,0.0
2019-12-21 02:00:00+00:00,0.0
2019-12-21 03:00:00+00:00,0.0
2019-12-21 04:00:00+00:00,0.0
2019-12-21 05:00:00+00:00,0.0
2019-12-21 06:00:00+00:00,0.25
2019-12-21 07:00:00+00:00,232.0
2019-12-21 08:00:00+00:00,2120.5
2019-12-21 09:00:00+00:00,4570.0
2019-12-21 10:00:00+00:00,6579.5
2019-12-21 11:00:00+00:00,6930.5
2019-12-21 12:00:00+00:00,5644.0
2019-12-21 13:00:00+00:00,3550.0
2019-12-21 14:00:00+00:00,1114.5
2019-12-21 15:00:00+00:00,32.5
2019-12-21 16:00:00+00:00,0.5
2019-12-21 17:00:00+00:00,0.0
2019-12-21 18:00:00+00:00,0.0
2019-12-21 19:00:00+00:00,0.0
2019-12-21 20:00:00+00:00,0.0
2019-12-21 21:00:00+00:00,0.0
2019-12-21 22:00:00+00:00,0.0
2019-12-21 23:00:00+00:00,0.0
2019-12-22 00:00:00+00:00,0.0
2019-12-22 01:00:00+00:00,0.0
2019-12-22 02:00:00+00:00,0.0
2019-12-22 03:00:00+00:00,0.0
2019-12-22 04:00:00+00:00,0.0
2019-12-22 05:00:00+00:00,0.0
2019-12-22 06:00:00+00:00,0.25
2019-12-22 07:00:00+00:00,123.25
2019-12-22 08:00:00+00:00,1054.0
2019-12-22 09:00:00+00:00,2319.75
2019-12-22 10:00:00+00:00,3278.25
2019-12-22 11:00:00+00:00,3671.5
2019-12-22 12:00:00+00:00,2952.75
2019-12-22 13:00:00+00:00,1614.75
2019-12-22 14:00:00+00:00,445.0
2019-12-22 15:00:00+00:00,9.75
2019-12-22 16:00:00+00:00,0.0
2019-12-22 17:00:00+00:00,0.0
2019-12-22 18:00:00+00:00,0.0
2019-12-22 19:00:00+00:00,0.0
2019-12-22 20:00:00+00:00,0.0
2019-12-22 21:00:00+00:00,0.0
2019-12-22 22:00:00+00:00,0.0
2019-12-22 23:00:00+00:00,0.0
2019-12-23 00:00:00+00:00,0.0
2019-12-23 01:00:00+00:00,0.0
2019-12-23 02:00:00+00:00,0.0
2019-12-23 03:00:00+00:00,0.0
2019-12-23 04:00:00+00:00,0.0
2019-12-23 05:00:00+00:00,0.0
2019-12-23 06:00:00+00:00,0.25
2019-12-23 07:00:00+00:00,94.5
2019-12-23 08:00:00+00:00,963.0
2019-12-23 09:00:00+00:00,2242.0
2019-12-23 10:00:00+00:00,3327.25
2019-12-23 11:00:00+00:00,3562.75
2019-12-23 12:00:00+00:00,3142.25
2019-12-23 13:00:00+00:00,2079.25
2019-12-23 14:00:00+00:00,691.75
2019-12-23 15:00:00+00:00,20.75
2019-12-23 16:00:00+00:00,1.0
2019-12-23 17:00:00+00:00,0.25
2019-12-23 18:00:00+00:00,0.0
2019-12-23 19:00:00+00:00,0.0
2019-12-23 20:00:00+00:00,0.0
2019-12-23 21:00:00+00:00,0.0
2019-12-23 22:00:00+00:00,0.0
2019-12-23 23:00:00+00:00,0.0
2019-12-24 00:00:00+00:00,0.0
2019-12-24 01:00:00+00:00,0.0
2019-12-24 02:00:00+00:00,0.0
2019-12-24 03:00:00+00:00,0.0
2019-12-24 04:00:00+00:00,0.0
2019-12-24 05:00:00+00:00,0.0
2019-12-24 06:00:00+00:00,0.25
2019-12-24 07:00:00+00:00,304.0
2019-12-24 08:00:00+00:00,1894.0
2019-12-24 09:00:00+00:00,3497.25
2019-12-24 10:00:00+00:00,4129.75
2019-12-24 11:00:00+00:00,3958.5
2019-12-24 12:00:00+00:00,2805.5
2019-12-24 13:00:00+00:00,1368.25
2019-12-24 14:00:00+00:00,449.5
2019-12-24 15:00:00+00:00,17.5
2019-12-24 16:00:00+00:00,1.0
2019-12-24 17:00:00+00:00,0.25
2019-12-24 18:00:00+00:00,0.0
2019-12-24 19:00:00+00:00,0.0
2019-12-24 20:00:00+00:00,0.0
2019-12-24 21:00:00+00:00,0.0
2019-12-24 22:00:00+00:00,0.0
2019-12-24 23:00:00+00:00,0.0
2019-12-25 00:00:00+00:00,0.0
2019-12-25 01:00:00+00:00,0.0
2019-12-25 02:00:00+00:00,0.0
2019-12-25 03:00:00+00:00,0.0
2019-12-25 04:00:00+00:00,0.0
2019-12-25 05:00:00+00:00,0.0
2019-12-25 06:00:00+00:00,0.25
2019-12-25 07:00:00+00:00,71.75
2019-12-25 08:00:00+00:00,728.5
2019-12-25 09:00:00+00:00,1834.0
2019-12-25 10:00:00+00:00,2660.75
2019-12-25 11:00:00+00:00,2787.25
2019-12-25 12:00:00+00:00,2586.75
2019-12-25 13:00:00+00:00,1772.75
2019-12-25 14:00:00+00:00,611.0
2019-12-25 15:00:00+00:00,22.0
2019-12-25 16:00:00+00:00,1.0
2019-12-25 17:00:00+00:00,0.25
2019-12-25 18:00:00+00:00,0.0
2019-12-25 19:00:00+00:00,0.0
2019-12-25 20:00:00+00:00,0.0
2019-12-25 21:00:00+00:00,0.0
2019-12-25 22:00:00+00:00,0.0
2019-12-25 23:00:00+00:00,0.0
2019-12-26 00:00:00+00:00,0.0
2019-12-26 01:00:00+00:00,0.0
2019-12-26 02:00:00+00:00,0.0
2019-12-26 03:00:00+00:00,0.0
2019-12-26 04:00:00+00:00,0.0
2019-12-26 05:00:00+00:00,0.0
2019-12-26 06:00:00+00:00,0.0
2019-12-26 07:00:00+00:00,159.0
2019-12-26 08:00:00+00:00,1663.25
2019-12-26 09:00:00+00:00,4099.25
2019-12-26 10:00:00+00:00,5915.0
2019-12-26 11:00:00+00:00,6466.0
2019-12-26 12:00:00+00:00,5240.75
2019-12-26 13:00:00+00:00,2637.0
2019-12-26 14:00:00+00:00,718.25
2019-12-26 15:00:00+00:00,23.25
2019-12-26 16:00:00+00:00,0.0
2019-12-26 17:00:00+00:00,0.25
2019-12-26 18:00:00+00:00,0.0
2019-12-26 19:00:00+00:00,0.0
2019-12-26 20:00:00+00:00,0.0
2019-12-26 21:00:00+00:00,0.0
2019-12-26 22:00:00+00:00,0.0
2019-12-26 23:00:00+00:00,0.0
2019-12-27 00:00:00+00:00,0.0
2019-12-27 01:00:00+00:00,0.0
2019-12-27 02:00:00+00:00,0.0
2019-12-27 03:00:00+00:00,0.0
2019-12-27 04:00:00+00:00,0.0
2019-12-27 05:00:00+00:00,0.0
2019-12-27 06:00:00+00:00,0.25
2019-12-27 07:00:00+00:00,73.5
2019-12-27 08:00:00+00:00,1115.75
2019-12-27 09:00:00+00:00,2986.75
2019-12-27 10:00:00+00:00,4360.0
2019-12-27 11:00:00+00:00,4616.5
2019-12-27 12:00:00+00:00,3874.75
2019-12-27 13:00:00+00:00,2429.0
2019-12-27 14:00:00+00:00,800.5
2019-12-27 15:00:00+00:00,19.0
2019-12-27 16:00:00+00:00,0.25
2019-12-27 17:00:00+00:00,0.0
2019-12-27 18:00:00+00:00,0.0
2019-12-27 19:00:00+00:00,0.0
2019-12-27 20:00:00+00:00,0.0
2019-12-27 21:00:00+00:00,0.0
2019-12-27 22:00:00+00:00,0.0
2019-12-27 23:00:00+00:00,0.0
2019-12-28 00:00:00+00:00,0.0
2019-12-28 01:00:00+00:00,0.0
2019-12-28 02:00:00+00:00,0.0
2019-12-28 03:00:00+00:00,0.0
2019-12-28 04:00:00+00:00,0.0
2019-12-28 05:00:00+00:00,0.0
2019-12-28 06:00:00+00:00,0.25
2019-12-28 07:00:00+00:00,236.25
2019-12-28 08:00:00+00:00,2357.75
2019-12-28 09:00:00+00:00,5144.5
2019-12-28 10:00:00+00:00,7442.25
2019-12-28 11:00:00+00:00,8287.0
2019-12-28 12:00:00+00:00,6807.0
2019-12-28 13:00:00+00:00,3957.5
2019-12-28 14:00:00+00:00,1297.25
2019-12-28 15:00:00+00:00,53.75
2019-12-28 16:00:00+00:00,0.5
2019-12-28 17:00:00+00:00,0.0
2019-12-28 18:00:00+00:00,0.0
2019-12-28 19:00:00+00:00,0.0
2019-12-28 20:00:00+00:00,0.0
2019-12-28 21:00:00+00:00,0.0
2019-12-28 22:00:00+00:00,0.0
2019-12-28 23:00:00+00:00,0.0
2019-12-29 00:00:00+00:00,0.0
2019-12-29 01:00:00+00:00,0.0
2019-12-29 02:00:00+00:00,0.0
2019-12-29 03:00:00+00:00,0.0
2019-12-29 04:00:00+00:00,0.0
2019-12-29 05:00:00+00:00,0.0
2019-12-29 06:00:00+00:00,0.25
2019-12-29 07:00:00+00:00,444.5
2019-12-29 08:00:00+00:00,3856.5
2019-12-29 09:00:00+00:00,7992.25
2019-12-29 10:00:00+00:00,11125.25
2019-12-29 11:00:00+00:00,11813.0
2019-12-29 12:00:00+00:00,10063.75
2019-12-29 13:00:00+00:00,6500.0
2019-12-29 14:00:00+00:00,2254.25
2019-12-29 15:00:00+00:00,101.75
2019-12-29 16:00:00+00:00,0.25
2019-12-29 17:00:00+00:00,0.0
2019-12-29 18:00:00+00:00,0.0
2019-12-29 19:00:00+00:00,0.0
2019-12-29 20:00:00+00:00,0.0
2019-12-29 21:00:00+00:00,0.0
2019-12-29 22:00:00+00:00,0.0
2019-12-29 23:00:00+00:00,0.0
2019-12-30 00:00:00+00:00,0.0
2019-12-30 01:00:00+00:00,0.0
2019-12-30 02:00:00+00:00,0.0
2019-12-30 03:00:00+00:00,0.0
2019-12-30 04:00:00+00:00,0.0
2019-12-30 05:00:00+00:00,0.0
2019-12-30 06:00:00+00:00,0.5
2019-12-30 07:00:00+00:00,378.25
2019-12-30 08:00:00+00:00,3406.75
2019-12-30 09:00:00+00:00,7135.75
2019-12-30 10:00:00+00:00,10243.0
2019-12-30 11:00:00+00:00,11324.5
2019-12-30 12:00:00+00:00,10202.25
2019-12-30 13:00:00+00:00,6850.75
2019-12-30 14:00:00+00:00,2534.25
2019-12-30 15:00:00+00:00,112.0
2019-12-30 16:00:00+00:00,1.0
2019-12-30 17:00:00+00:00,0.5
2019-12-30 18:00:00+00:00,0.0
2019-12-30 19:00:00+00:00,0.0
2019-12-30 20:00:00+00:00,0.0
2019-12-30 21:00:00+00:00,0.0
2019-12-30 22:00:00+00:00,0.0
2019-12-30 23:00:00+00:00,0.0
2019-12-31 00:00:00+00:00,0.0
2019-12-31 01:00:00+00:00,0.0
2019-12-31 02:00:00+00:00,0.0
2019-12-31 03:00:00+00:00,0.0
2019-12-31 04:00:00+00:00,0.0
2019-12-31 05:00:00+00:00,0.0
2019-12-31 06:00:00+00:00,0.0
2019-12-31 07:00:00+00:00,426.0
2019-12-31 08:00:00+00:00,2988.25
2019-12-31 09:00:00+00:00,5744.25
2019-12-31 10:00:00+00:00,7976.5
2019-12-31 11:00:00+00:00,8097.25
2019-12-31 12:00:00+00:00,6120.5
2019-12-31 13:00:00+00:00,3612.75
2019-12-31 14:00:00+00:00,1164.75
2019-12-31 15:00:00+00:00,45.5
2019-12-31 16:00:00+00:00,1.0
2019-12-31 17:00:00+00:00,0.25
2019-12-31 18:00:00+00:00,0.0
2019-12-31 19:00:00+00:00,0.0
2019-12-31 20:00:00+00:00,0.0
2019-12-31 21:00:00+00:00,0.0
2019-12-31 22:00:00+00:00,0.0
2019-12-31 23:00:00+00:00,0.0
2020-01-01 00:00:00+00:00,0.0
2020-01-01 01:00:00+00:00,0.0
2020-01-01 02:00:00+00:00,0.0
2020-01-01 03:00:00+00:00,0.0
2020-01-01 04:00:00+00:00,0.0
2020-01-01 05:00:00+00:00,0.0
2020-01-01 06:00:00+00:00,0.25
2020-01-01 07:00:00+00:00,366.75
2020-01-01 08:00:00+00:00,3028.5
2020-01-01 09:00:00+00:00,6612.5
2020-01-01 10:00:00+00:00,9550.25
2020-01-01 11:00:00+00:00,10883.25
2020-01-01 12:00:00+00:00,9998.25
2020-01-01 13:00:00+00:00,6886.75
2020-01-01 14:00:00+00:00,2487.75
2020-01-01 15:00:00+00:00,124.0
2020-01-01 16:00:00+00:00,1.0
2020-01-01 17:00:00+00:00,0.25
2020-01-01 18:00:00+00:00,0.0
2020-01-01 19:00:00+00:00,0.0
2020-01-01 20:00:00+00:00,0.0
2020-01-01 21:00:00+00:00,0.0
2020-01-01 22:00:00+00:00,0.0
2020-01-01 23:00:00+00:00,0.0
2020-01-02 00:00:00+00:00,0.0
2020-01-02 01:00:00+00:00,0.0
2020-01-02 02:00:00+00:00,0.0
2020-01-02 03:00:00+00:00,0.0
2020-01-02 04:00:00+00:00,0.0
2020-01-02 05:00:00+00:00,0.0
2020-01-02 06:00:00+00:00,0.0
2020-01-02 07:00:00+00:00,425.5
2020-01-02 08:00:00+00:00,3129.25
2020-01-02 09:00:00+00:00,6069.0
2020-01-02 10:00:00+00:00,8108.75
2020-01-02 11:00:00+00:00,8587.75
2020-01-02 12:00:00+00:00,7191.25
2020-01-02 13:00:00+00:00,4539.25
2020-01-02 14:00:00+00:00,1405.75
2020-01-02 15:00:00+00:00,55.25
2020-01-02 16:00:00+00:00,0.0
2020-01-02 17:00:00+00:00,0.25
2020-01-02 18:00:00+00:00,0.0
2020-01-02 19:00:00+00:00,0.0
2020-01-02 20:00:00+00:00,0.0
2020-01-02 21:00:00+00:00,0.0
2020-01-02 22:00:00+00:00,0.0
2020-01-02 23:00:00+00:00,0.0
2020-01-03 00:00:00+00:00,0.0
2020-01-03 01:00:00+00:00,0.0
2020-01-03 02:00:00+00:00,0.0
2020-01-03 03:00:00+00:00,0.0
2020-01-03 04:00:00+00:00,0.0
2020-01-03 05:00:00+00:00,0.0
2020-01-03 06:00:00+00:00,0.0
2020-01-03 07:00:00+00:00,251.0
2020-01-03 08:00:00+00:00,1666.5
2020-01-03 09:00:00+00:00,3051.25
2020-01-03 10:00:00+00:00,3905.5
2020-01-03 11:00:00+00:00,3948.5
2020-01-03 12:00:00+00:00,2822.5
2020-01-03 13:00:00+00:00,1617.5
2020-01-03 14:00:00+00:00,603.75
2020-01-03 15:00:00+00:00,31.75
2020-01-03 16:00:00+00:00,0.25
2020-01-03 17:00:00+00:00,0.0
2020-01-03 18:00:00+00:00,0.0
2020-01-03 19:00:00+00:00,0.0
2020-01-03 20:00:00+00:00,0.0
2020-01-03 21:00:00+00:00,0.0
2020-01-03 22:00:00+00:00,0.0
2020-01-03 23:00:00+00:00,0.0
2020-01-04 00:00:00+00:00,0.0
2020-01-04 01:00:00+00:00,0.0
2020-01-04 02:00:00+00:00,0.0
2020-01-04 03:00:00+00:00,0.0
2020-01-04 04:00:00+00:00,0.0
2020-01-04 05:00:00+00:00,0.0
2020-01-04 06:00:00+00:00,0.0
2020-01-04 07:00:00+00:00,115.5
2020-01-04 08:00:00+00:00,1066.25
2020-01-04 09:00:00+00:00,2185.75
2020-01-04 10:00:00+00:00,2793.0
2020-01-04 11:00:00+00:00,2851.0
2020-01-04 12:00:00+00:00,2233.5
2020-01-04 13:00:00+00:00,1368.5
2020-01-04 14:00:00+00:00,525.0
2020-01-04 15:00:00+00:00,30.5
2020-01-04 16:00:00+00:00,0.5
2020-01-04 17:00:00+00:00,0.0
2020-01-04 18:00:00+00:00,0.0
2020-01-04 19:00:00+00:00,0.0
2020-01-04 20:00:00+00:00,0.0
2020-01-04 21:00:00+00:00,0.0
2020-01-04 22:00:00+00:00,0.0
2020-01-04 23:00:00+00:00,0.0
2020-01-05 00:00:00+00:00,0.0
2020-01-05 01:00:00+00:00,0.0
2020-01-05 02:00:00+00:00,0.0
2020-01-05 03:00:00+00:00,0.0
2020-01-05 04:00:00+00:00,0.0
2020-01-05 05:00:00+00:00,0.0
2020-01-05 06:00:00+00:00,0.0
2020-01-05 07:00:00+00:00,180.25
2020-01-05 08:00:00+00:00,1983.5
2020-01-05 09:00:00+00:00,4162.75
2020-01-05 10:00:00+00:00,5297.0
2020-01-05 11:00:00+00:00,5337.5
2020-01-05 12:00:00+00:00,4330.0
2020-01-05 13:00:00+00:00,2707.25
2020-01-05 14:00:00+00:00,959.0
2020-01-05 15:00:00+00:00,54.0
2020-01-05 16:00:00+00:00,0.0
2020-01-05 17:00:00+00:00,0.0
2020-01-05 18:00:00+00:00,0.0
2020-01-05 19:00:00+00:00,0.0
2020-01-05 20:00:00+00:00,0.0
2020-01-05 21:00:00+00:00,0.0
2020-01-05 22:00:00+00:00,0.0
2020-01-05 23:00:00+00:00,0.0
2020-01-06 00:00:00+00:00,0.0
2020-01-06 01:00:00+00:00,0.0
2020-01-06 02:00:00+00:00,0.0
2020-01-06 03:00:00+00:00,0.0
2020-01-06 04:00:00+00:00,0.0
2020-01-06 05:00:00+00:00,0.0
2020-01-06 06:00:00+00:00,0.25
2020-01-06 07:00:00+00:00,307.0
2020-01-06 08:00:00+00:00,2341.25
2020-01-06 09:00:00+00:00,4811.0
2020-01-06 10:00:00+00:00,6869.25
2020-01-06 11:00:00+00:00,7803.0
2020-01-06 12:00:00+00:00,7311.25
2020-01-06 13:00:00+00:00,5297.5
2020-01-06 14:00:00+00:00,2284.75
2020-01-06 15:00:00+00:00,194.25
2020-01-06 16:00:00+00:00,1.0
2020-01-06 17:00:00+00:00,0.25
2020-01-06 18:00:00+00:00,0.0
2020-01-06 19:00:00+00:00,0.0
2020-01-06 20:00:00+00:00,0.0
2020-01-06 21:00:00+00:00,0.0
2020-01-06 22:00:00+00:00,0.0
2020-01-06 23:00:00+00:00,0.0
2020-01-07 00:00:00+00:00,0.0
2020-01-07 01:00:00+00:00,0.0
2020-01-07 02:00:00+00:00,0.0
2020-01-07 03:00:00+00:00,0.0
2020-01-07 04:00:00+00:00,0.0
2020-01-07 05:00:00+00:00,0.0
2020-01-07 06:00:00+00:00,0.25
2020-01-07 07:00:00+00:00,120.5
2020-01-07 08:00:00+00:00,920.0
2020-01-07 09:00:00+00:00,1786.5
2020-01-07 10:00:00+00:00,2558.5
2020-01-07 11:00:00+00:00,3146.0
2020-01-07 12:00:00+00:00,3135.5
2020-01-07 13:00:00+00:00,2320.5
2020-01-07 14:00:00+00:00,925.5
2020-01-07 15:00:00+00:00,80.75
2020-01-07 16:00:00+00:00,1.0
2020-01-07 17:00:00+00:00,0.0
2020-01-07 18:00:00+00:00,0.0
2020-01-07 19:00:00+00:00,0.0
2020-01-07 20:00:00+00:00,0.0
2020-01-07 21:00:00+00:00,0.0
2020-01-07 22:00:00+00:00,0.0
2020-01-07 23:00:00+00:00,0.0
2020-01-08 00:00:00+00:00,0.0
2020-01-08 01:00:00+00:00,0.0
2020-01-08 02:00:00+00:00,0.0
2020-01-08 03:00:00+00:00,0.0
2020-01-08 04:00:00+00:00,0.0
2020-01-08 05:00:00+00:00,0.0
2020-01-08 06:00:00+00:00,0.25
2020-01-08 07:00:00+00:00,94.5
2020-01-08 08:00:00+00:00,668.5
2020-01-08 09:00:00+00:00,1436.5
2020-01-08 10:00:00+00:00,1971.0
2020-01-08 11:00:00+00:00,2076.25
2020-01-08 12:00:00+00:00,1741.5
2020-01-08 13:00:00+00:00,1238.5
2020-01-08 14:00:00+00:00,562.25
2020-01-08 15:00:00+00:00,35.0
2020-01-08 16:00:00+00:00,0.75
2020-01-08 17:00:00+00:00,0.0
2020-01-08 18:00:00+00:00,0.0
2020-01-08 19:00:00+00:00,0.0
2020-01-08 20:00:00+00:00,0.0
2020-01-08 21:00:00+00:00,0.0
2020-01-08 22:00:00+00:00,0.0
2020-01-08 23:00:00+00:00,0.0
2020-01-09 00:00:00+00:00,0.0
2020-01-09 01:00:00+00:00,0.0
2020-01-09 02:00:00+00:00,0.0
2020-01-09 03:00:00+00:00,0.0
2020-01-09 04:00:00+00:00,0.0
2020-01-09 05:00:00+00:00,0.0
2020-01-09 06:00:00+00:00,0.0
2020-01-09 07:00:00+00:00,168.75
2020-01-09 08:00:00+00:00,1315.0
2020-01-09 09:00:00+00:00,3109.25
2020-01-09 10:00:00+00:00,4371.5
2020-01-09 11:00:00+00:00,5165.25
2020-01-09 12:00:00+00:00,4911.0
2020-01-09 13:00:00+00:00,3469.25
2020-01-09 14:00:00+00:00,1371.0
2020-01-09 15:00:00+00:00,138.25
2020-01-09 16:00:00+00:00,0.0
2020-01-09 17:00:00+00:00,0.25
2020-01-09 18:00:00+00:00,0.0
2020-01-09 19:00:00+00:00,0.0
2020-01-09 20:00:00+00:00,0.0
2020-01-09 21:00:00+00:00,0.0
2020-01-09 22:00:00+00:00,0.0
2020-01-09 23:00:00+00:00,0.0
2020-01-10 00:00:00+00:00,0.0
2020-01-10 01:00:00+00:00,0.0
2020-01-10 02:00:00+00:00,0.0
2020-01-10 03:00:00+00:00,0.0
2020-01-10 04:00:00+00:00,0.0
2020-01-10 05:00:00+00:00,0.0
2020-01-10 06:00:00+00:00,0.0
2020-01-10 07:00:00+00:00,401.5
2020-01-10 08:00:00+00:00,2571.0
2020-01-10 09:00:00+00:00,4741.25
2020-01-10 10:00:00+00:00,6353.0
2020-01-10 11:00:00+00:00,6552.5
2020-01-10 12:00:00+00:00,5177.75
2020-01-10 13:00:00+00:00,3013.0
2020-01-10 14:00:00+00:00,1170.0
2020-01-10 15:00:00+00:00,98.25
2020-01-10 16:00:00+00:00,0.25
2020-01-10 17:00:00+00:00,0.0
2020-01-10 18:00:00+00:00,0.0
2020-01-10 19:00:00+00:00,0.0
2020-01-10 20:00:00+00:00,0.0
2020-01-10 21:00:00+00:00,0.0
2020-01-10 22:00:00+00:00,0.0
2020-01-10 23:00:00+00:00,0.0
2020-01-11 00:00:00+00:00,0.0
2020-01-11 01:00:00+00:00,0.0
2020-01-11 02:00:00+00:00,0.0
2020-01-11 03:00:00+00:00,0.0
2020-01-11 04:00:00+00:00,0.0
2020-01-11 05:00:00+00:00,0.0
2020-01-11 06:00:00+00:00,0.0
2020-01-11 07:00:00+00:00,213.0
2020-01-11 08:00:00+00:00,2133.0
2020-01-11 09:00:00+00:00,4850.0
2020-01-11 10:00:00+00:00,7181.75
2020-01-11 11:00:00+00:00,7838.25
2020-01-11 12:00:00+00:00,6883.5
2020-01-11 13:00:00+00:00,4830.25
2020-01-11 14:00:00+00:00,2021.5
2020-01-11 15:00:00+00:00,225.5
2020-01-11 16:00:00+00:00,0.5
2020-01-11 17:00:00+00:00,0.0
2020-01-11 18:00:00+00:00,0.0
2020-01-11 19:00:00+00:00,0.0
2020-01-11 20:00:00+00:00,0.0
2020-01-11 21:00:00+00:00,0.0
2020-01-11 22:00:00+00:00,0.0
2020-01-11 23:00:00+00:00,0.0
2020-01-12 00:00:00+00:00,0.0
2020-01-12 01:00:00+00:00,0.0
2020-01-12 02:00:00+00:00,0.0
2020-01-12 03:00:00+00:00,0.0
2020-01-12 04:00:00+00:00,0.0
2020-01-12 05:00:00+00:00,0.0
2020-01-12 06:00:00+00:00,0.25
2020-01-12 07:00:00+00:00,411.25
2020-01-12 08:00:00+00:00,2804.0
2020-01-12 09:00:00+00:00,5424.0
2020-01-12 10:00:00+00:00,6831.25
2020-01-12 11:00:00+00:00,6896.0
2020-01-12 12:00:00+00:00,6025.75
2020-01-12 13:00:00+00:00,4010.75
2020-01-12 14:00:00+00:00,1615.25
2020-01-12 15:00:00+00:00,149.0
2020-01-12 16:00:00+00:00,0.0
2020-01-12 17:00:00+00:00,0.0
2020-01-12 18:00:00+00:00,0.0
2020-01-12 19:00:00+00:00,0.0
2020-01-12 20:00:00+00:00,0.0
2020-01-12 21:00:00+00:00,0.0
2020-01-12 22:00:00+00:00,0.0
2020-01-12 23:00:00+00:00,0.0
2020-01-13 00:00:00+00:00,0.0
2020-01-13 01:00:00+00:00,0.0
2020-01-13 02:00:00+00:00,0.0
2020-01-13 03:00:00+00:00,0.0
2020-01-13 04:00:00+00:00,0.0
2020-01-13 05:00:00+00:00,0.0
2020-01-13 06:00:00+00:00,0.25
2020-01-13 07:00:00+00:00,177.0
2020-01-13 08:00:00+00:00,1473.0
2020-01-13 09:00:00+00:00,3340.25
2020-01-13 10:00:00+00:00,4933.25
2020-01-13 11:00:00+00:00,5429.5
2020-01-13 12:00:00+00:00,4981.75
2020-01-13 13:00:00+00:00,3717.75
2020-01-13 14:00:00+00:00,1765.75
2020-01-13 15:00:00+00:00,237.25
2020-01-13 16:00:00+00:00,1.0
2020-01-13 17:00:00+00:00,0.75
2020-01-13 18:00:00+00:00,0.0
2020-01-13 19:00:00+00:00,0.0
2020-01-13 20:00:00+00:00,0.0
2020-01-13 21:00:00+00:00,0.0
2020-01-13 22:00:00+00:00,0.0
2020-01-13 23:00:00+00:00,0.0
2020-01-14 00:00:00+00:00,0.0
2020-01-14 01:00:00+00:00,0.0
2020-01-14 02:00:00+00:00,0.0
2020-01-14 03:00:00+00:00,0.0
2020-01-14 04:00:00+00:00,0.0
2020-01-14 05:00:00+00:00,0.0
2020-01-14 06:00:00+00:00,0.25
2020-01-14 07:00:00+00:00,424.75
2020-01-14 08:00:00+00:00,2653.75
2020-01-14 09:00:00+00:00,5399.5
2020-01-14 10:00:00+00:00,7278.75
2020-01-14 11:00:00+00:00,8244.5
2020-01-14 12:00:00+00:00,7309.0
2020-01-14 13:00:00+00:00,4690.25
2020-01-14 14:00:00+00:00,1793.25
2020-01-14 15:00:00+00:00,193.0
2020-01-14 16:00:00+00:00,1.0
2020-01-14 17:00:00+00:00,0.5
2020-01-14 18:00:00+00:00,0.0
2020-01-14 19:00:00+00:00,0.0
2020-01-14 20:00:00+00:00,0.0
2020-01-14 21:00:00+00:00,0.0
2020-01-14 22:00:00+00:00,0.0
2020-01-14 23:00:00+00:00,0.0
2020-01-15 00:00:00+00:00,0.0
2020-01-15 01:00:00+00:00,0.0
2020-01-15 02:00:00+00:00,0.0
2020-01-15 03:00:00+00:00,0.0
2020-01-15 04:00:00+00:00,0.0
2020-01-15 05:00:00+00:00,0.0
2020-01-15 06:00:00+00:00,0.25
2020-01-15 07:00:00+00:00,630.25
2020-01-15 08:00:00+00:00,4207.5
2020-01-15 09:00:00+00:00,8407.5
2020-01-15 10:00:00+00:00,11781.5
2020-01-15 11:00:00+00:00,13075.75
2020-01-15 12:00:00+00:00,12015.5
2020-01-15 13:00:00+00:00,8573.5
2020-01-15 14:00:00+00:00,3886.25
2020-01-15 15:00:00+00:00,465.25
2020-01-15 16:00:00+00:00,1.0
2020-01-15 17:00:00+00:00,0.0
2020-01-15 18:00:00+00:00,0.0
2020-01-15 19:00:00+00:00,0.0
2020-01-15 20:00:00+00:00,0.0
2020-01-15 21:00:00+00:00,0.0
2020-01-15 22:00:00+00:00,0.0
2020-01-15 23:00:00+00:00,0.0
2020-01-16 00:00:00+00:00,0.0
2020-01-16 01:00:00+00:00,0.0
2020-01-16 02:00:00+00:00,0.0
2020-01-16 03:00:00+00:00,0.0
2020-01-16 04:00:00+00:00,0.0
2020-01-16 05:00:00+00:00,0.0
2020-01-16 06:00:00+00:00,0.5
2020-01-16 07:00:00+00:00,290.25
2020-01-16 08:00:00+00:00,3296.75
2020-01-16 09:00:00+00:00,7426.0
2020-01-16 10:00:00+00:00,11355.5
2020-01-16 11:00:00+00:00,13702.0
2020-01-16 12:00:00+00:00,13295.5
2020-01-16 13:00:00+00:00,9814.5
2020-01-16 14:00:00+00:00,4606.75
2020-01-16 15:00:00+00:00,615.5
2020-01-16 16:00:00+00:00,1.0
2020-01-16 17:00:00+00:00,0.5
2020-01-16 18:00:00+00:00,0.0
2020-01-16 19:00:00+00:00,0.0
2020-01-16 20:00:00+00:00,0.0
2020-01-16 21:00:00+00:00,0.0
2020-01-16 22:00:00+00:00,0.0
2020-01-16 23:00:00+00:00,0.0
2020-01-17 00:00:00+00:00,0.0
2020-01-17 01:00:00+00:00,0.0
2020-01-17 02:00:00+00:00,0.0
2020-01-17 03:00:00+00:00,0.0
2020-01-17 04:00:00+00:00,0.0
2020-01-17 05:00:00+00:00,0.0
2020-01-17 06:00:00+00:00,0.25
2020-01-17 07:00:00+00:00,654.75
2020-01-17 08:00:00+00:00,4556.75
2020-01-17 09:00:00+00:00,8711.0
2020-01-17 10:00:00+00:00,11214.75
2020-01-17 11:00:00+00:00,11619.75
2020-01-17 12:00:00+00:00,9663.5
2020-01-17 13:00:00+00:00,6154.75
2020-01-17 14:00:00+00:00,2437.25
2020-01-17 15:00:00+00:00,194.75
2020-01-17 16:00:00+00:00,0.25
2020-01-17 17:00:00+00:00,0.0
2020-01-17 18:00:00+00:00,0.0
2020-01-17 19:00:00+00:00,0.0
2020-01-17 20:00:00+00:00,0.0
2020-01-17 21:00:00+00:00,0.0
2020-01-17 22:00:00+00:00,0.0
2020-01-17 23:00:00+00:00,0.0
2020-01-18 00:00:00+00:00,0.0
2020-01-18 01:00:00+00:00,0.0
2020-01-18 02:00:00+00:00,0.0
2020-01-18 03:00:00+00:00,0.0
2020-01-18 04:00:00+00:00,0.0
2020-01-18 05:00:00+00:00,0.0
2020-01-18 06:00:00+00:00,0.25
2020-01-18 07:00:00+00:00,250.25
2020-01-18 08:00:00+00:00,2090.5
2020-01-18 09:00:00+00:00,4278.5
2020-01-18 10:00:00+00:00,5962.75
2020-01-18 11:00:00+00:00,6075.0
2020-01-18 12:00:00+00:00,5205.0
2020-01-18 13:00:00+00:00,3730.75
2020-01-18 14:00:00+00:00,1885.5
2020-01-18 15:00:00+00:00,322.0
2020-01-18 16:00:00+00:00,0.5
2020-01-18 17:00:00+00:00,0.0
2020-01-18 18:00:00+00:00,0.0
2020-01-18 19:00:00+00:00,0.0
2020-01-18 20:00:00+00:00,0.0
2020-01-18 21:00:00+00:00,0.0
2020-01-18 22:00:00+00:00,0.0
2020-01-18 23:00:00+00:00,0.0
2020-01-19 00:00:00+00:00,0.0
2020-01-19 01:00:00+00:00,0.0
2020-01-19 02:00:00+00:00,0.0
2020-01-19 03:00:00+00:00,0.0
2020-01-19 04:00:00+00:00,0.0
2020-01-19 05:00:00+00:00,0.0
2020-01-19 06:00:00+00:00,0.25
2020-01-19 07:00:00+00:00,232.25
2020-01-19 08:00:00+00:00,1815.75
2020-01-19 09:00:00+00:00,3861.25
2020-01-19 10:00:00+00:00,5528.5
2020-01-19 11:00:00+00:00,6105.75
2020-01-19 12:00:00+00:00,5890.75
2020-01-19 13:00:00+00:00,4533.25
2020-01-19 14:00:00+00:00,2142.75
2020-01-19 15:00:00+00:00,323.25
2020-01-19 16:00:00+00:00,0.5
2020-01-19 17:00:00+00:00,0.0
2020-01-19 18:00:00+00:00,0.0
2020-01-19 19:00:00+00:00,0.0
2020-01-19 20:00:00+00:00,0.0
2020-01-19 21:00:00+00:00,0.0
2020-01-19 22:00:00+00:00,0.0
2020-01-19 23:00:00+00:00,0.0
2020-01-20 00:00:00+00:00,0.0
2020-01-20 01:00:00+00:00,0.0
2020-01-20 02:00:00+00:00,0.0
2020-01-20 03:00:00+00:00,0.0
2020-01-20 04:00:00+00:00,0.0
2020-01-20 05:00:00+00:00,0.0
2020-01-20 06:00:00+00:00,0.25
2020-01-20 07:00:00+00:00,353.5
2020-01-20 08:00:00+00:00,2498.0
2020-01-20 09:00:00+00:00,5723.25
2020-01-20 10:00:00+00:00,8271.5
2020-01-20 11:00:00+00:00,9308.75
2020-01-20 12:00:00+00:00,8636.25
2020-01-20 13:00:00+00:00,6394.5
2020-01-20 14:00:00+00:00,3231.5
2020-01-20 15:00:00+00:00,570.0
2020-01-20 16:00:00+00:00,1.25
2020-01-20 17:00:00+00:00,0.5
2020-01-20 18:00:00+00:00,0.0
2020-01-20 19:00:00+00:00,0.0
2020-01-20 20:00:00+00:00,0.0
2020-01-20 21:00:00+00:00,0.0
2020-01-20 22:00:00+00:00,0.0
2020-01-20 23:00:00+00:00,0.0
2020-01-21 00:00:00+00:00,0.0
2020-01-21 01:00:00+00:00,0.0
2020-01-21 02:00:00+00:00,0.0
2020-01-21 03:00:00+00:00,0.0
2020-01-21 04:00:00+00:00,0.0
2020-01-21 05:00:00+00:00,0.0
2020-01-21 06:00:00+00:00,0.5
2020-01-21 07:00:00+00:00,765.5
2020-01-21 08:00:00+00:00,4254.5
2020-01-21 09:00:00+00:00,8416.25
2020-01-21 10:00:00+00:00,11573.25
2020-01-21 11:00:00+00:00,12712.25
2020-01-21 12:00:00+00:00,11775.0
2020-01-21 13:00:00+00:00,8922.25
2020-01-21 14:00:00+00:00,4454.75
2020-01-21 15:00:00+00:00,729.25
2020-01-21 16:00:00+00:00,1.75
2020-01-21 17:00:00+00:00,0.75
2020-01-21 18:00:00+00:00,0.0
2020-01-21 19:00:00+00:00,0.0
2020-01-21 20:00:00+00:00,0.0
2020-01-21 21:00:00+00:00,0.0
2020-01-21 22:00:00+00:00,0.0
2020-01-21 23:00:00+00:00,0.0
2020-01-22 00:00:00+00:00,0.0
2020-01-22 01:00:00+00:00,0.0
2020-01-22 02:00:00+00:00,0.0
2020-01-22 03:00:00+00:00,0.0
2020-01-22 04:00:00+00:00,0.0
2020-01-22 05:00:00+00:00,0.0
2020-01-22 06:00:00+00:00,0.5
2020-01-22 07:00:00+00:00,291.75
2020-01-22 08:00:00+00:00,1811.5
2020-01-22 09:00:00+00:00,3336.0
2020-01-22 10:00:00+00:00,4475.25
2020-01-22 11:00:00+00:00,4972.75
2020-01-22 12:00:00+00:00,4687.5
2020-01-22 13:00:00+00:00,3619.25
2020-01-22 14:00:00+00:00,1999.5
2020-01-22 15:00:00+00:00,393.0
2020-01-22 16:00:00+00:00,1.75
2020-01-22 17:00:00+00:00,0.25
2020-01-22 18:00:00+00:00,0.0
2020-01-22 19:00:00+00:00,0.0
2020-01-22 20:00:00+00:00,0.0
2020-01-22 21:00:00+00:00,0.0
2020-01-22 22:00:00+00:00,0.0
2020-01-22 23:00:00+00:00,0.0
2020-01-23 00:00:00+00:00,0.0
2020-01-23 01:00:00+00:00,0.0
2020-01-23 02:00:00+00:00,0.0
2020-01-23 03:00:00+00:00,0.0
2020-01-23 04:00:00+00:00,0.0
2020-01-23 05:00:00+00:00,0.0
2020-01-23 06:00:00+00:00,0.25
2020-01-23 07:00:00+00:00,256.5
2020-01-23 08:00:00+00:00,1613.25
2020-01-23 09:00:00+00:00,3193.5
2020-01-23 10:00:00+00:00,4699.0
2020-01-23 11:00:00+00:00,5677.75
2020-01-23 12:00:00+00:00,5808.75
2020-01-23 13:00:00+00:00,4570.0
2020-01-23 14:00:00+00:00,2488.5
2020-01-23 15:00:00+00:00,484.0
2020-01-23 16:00:00+00:00,0.5
2020-01-23 17:00:00+00:00,0.25
2020-01-23 18:00:00+00:00,0.0
2020-01-23 19:00:00+00:00,0.0
2020-01-23 20:00:00+00:00,0.0
2020-01-23 21:00:00+00:00,0.0
2020-01-23 22:00:00+00:00,0.0
2020-01-23 23:00:00+00:00,0.0
2020-01-24 00:00:00+00:00,0.0
2020-01-24 01:00:00+00:00,0.0
2020-01-24 02:00:00+00:00,0.0
2020-01-24 03:00:00+00:00,0.0
2020-01-24 04:00:00+00:00,0.0
2020-01-24 05:00:00+00:00,0.0
2020-01-24 06:00:00+00:00,0.25
2020-01-24 07:00:00+00:00,554.5
2020-01-24 08:00:00+00:00,2743.0
2020-01-24 09:00:00+00:00,5542.25
2020-01-24 10:00:00+00:00,8046.5
2020-01-24 11:00:00+00:00,9377.25
2020-01-24 12:00:00+00:00,9042.0
2020-01-24 13:00:00+00:00,6918.75
2020-01-24 14:00:00+00:00,3518.75
2020-01-24 15:00:00+00:00,655.5
2020-01-24 16:00:00+00:00,1.5
2020-01-24 17:00:00+00:00,0.0
2020-01-24 18:00:00+00:00,0.0
2020-01-24 19:00:00+00:00,0.0
2020-01-24 20:00:00+00:00,0.0
2020-01-24 21:00:00+00:00,0.0
2020-01-24 22:00:00+00:00,0.0
2020-01-24 23:00:00+00:00,0.0
2020-01-25 00:00:00+00:00,0.0
2020-01-25 01:00:00+00:00,0.0
2020-01-25 02:00:00+00:00,0.0
2020-01-25 03:00:00+00:00,0.0
2020-01-25 04:00:00+00:00,0.0
2020-01-25 05:00:00+00:00,0.0
2020-01-25 06:00:00+00:00,0.25
2020-01-25 07:00:00+00:00,364.25
2020-01-25 08:00:00+00:00,1854.0
2020-01-25 09:00:00+00:00,3675.0
2020-01-25 10:00:00+00:00,5063.75
2020-01-25 11:00:00+00:00,5725.25
2020-01-25 12:00:00+00:00,5304.0
2020-01-25 13:00:00+00:00,3999.0
2020-01-25 14:00:00+00:00,2166.0
2020-01-25 15:00:00+00:00,476.75
2020-01-25 16:00:00+00:00,1.5
2020-01-25 17:00:00+00:00,0.0
2020-01-25 18:00:00+00:00,0.0
2020-01-25 19:00:00+00:00,0.0
2020-01-25 20:00:00+00:00,0.0
2020-01-25 21:00:00+00:00,0.0
2020-01-25 22:00:00+00:00,0.0
2020-01-25 23:00:00+00:00,0.0
2020-01-26 00:00:00+00:00,0.0
2020-01-26 01:00:00+00:00,0.0
2020-01-26 02:00:00+00:00,0.0
2020-01-26 03:00:00+00:00,0.0
2020-01-26 04:00:00+00:00,0.0
2020-01-26 05:00:00+00:00,0.0
2020-01-26 06:00:00+00:00,1.0
2020-01-26 07:00:00+00:00,451.0
2020-01-26 08:00:00+00:00,2260.75
2020-01-26 09:00:00+00:00,4330.75
2020-01-26 10:00:00+00:00,6277.75
2020-01-26 11:00:00+00:00,7190.75
2020-01-26 12:00:00+00:00,6981.25
2020-01-26 13:00:00+00:00,5534.25
2020-01-26 14:00:00+00:00,3059.75
2020-01-26 15:00:00+00:00,765.25
2020-01-26 16:00:00+00:00,3.25
2020-01-26 17:00:00+00:00,0.0
2020-01-26 18:00:00+00:00,0.0
2020-01-26 19:00:00+00:00,0.0
2020-01-26 20:00:00+00:00,0.0
2020-01-26 21:00:00+00:00,0.0
2020-01-26 22:00:00+00:00,0.0
2020-01-26 23:00:00+00:00,0.0
2020-01-27 00:00:00+00:00,0.0
2020-01-27 01:00:00+00:00,0.0
2020-01-27 02:00:00+00:00,0.0
2020-01-27 03:00:00+00:00,0.0
2020-01-27 04:00:00+00:00,0.0
2020-01-27 05:00:00+00:00,0.0
2020-01-27 06:00:00+00:00,1.0
2020-01-27 07:00:00+00:00,604.0
2020-01-27 08:00:00+00:00,2799.0
2020-01-27 09:00:00+00:00,5502.0
2020-01-27 10:00:00+00:00,7909.5
2020-01-27 11:00:00+00:00,8527.75
2020-01-27 12:00:00+00:00,7274.0
2020-01-27 13:00:00+00:00,4726.0
2020-01-27 14:00:00+00:00,2079.5
2020-01-27 15:00:00+00:00,314.5
2020-01-27 16:00:00+00:00,0.75
2020-01-27 17:00:00+00:00,0.0
2020-01-27 18:00:00+00:00,0.0
2020-01-27 19:00:00+00:00,0.0
2020-01-27 20:00:00+00:00,0.0
2020-01-27 21:00:00+00:00,0.0
2020-01-27 22:00:00+00:00,0.0
2020-01-27 23:00:00+00:00,0.0
2020-01-28 00:00:00+00:00,0.0
2020-01-28 01:00:00+00:00,0.0
2020-01-28 02:00:00+00:00,0.0
2020-01-28 03:00:00+00:00,0.0
2020-01-28 04:00:00+00:00,0.0
2020-01-28 05:00:00+00:00,0.0
2020-01-28 06:00:00+00:00,1.0
2020-01-28 07:00:00+00:00,345.75
2020-01-28 08:00:00+00:00,1618.5
2020-01-28 09:00:00+00:00,2936.0
2020-01-28 10:00:00+00:00,3932.25
2020-01-28 11:00:00+00:00,4571.5
2020-01-28 12:00:00+00:00,4396.75
2020-01-28 13:00:00+00:00,4062.75
2020-01-28 14:00:00+00:00,2428.0
2020-01-28 15:00:00+00:00,584.25
2020-01-28 16:00:00+00:00,3.5
2020-01-28 17:00:00+00:00,0.0
2020-01-28 18:00:00+00:00,0.0
2020-01-28 19:00:00+00:00,0.0
2020-01-28 20:00:00+00:00,0.0
2020-01-28 21:00:00+00:00,0.0
2020-01-28 22:00:00+00:00,0.0
2020-01-28 23:00:00+00:00,0.0
2020-01-29 00:00:00+00:00,0.0
2020-01-29 01:00:00+00:00,0.0
2020-01-29 02:00:00+00:00,0.0
2020-01-29 03:00:00+00:00,0.0
2020-01-29 04:00:00+00:00,0.0
2020-01-29 05:00:00+00:00,0.0
2020-01-29 06:00:00+00:00,1.0
2020-01-29 07:00:00+00:00,319.0
2020-01-29 08:00:00+00:00,1556.75
2020-01-29 09:00:00+00:00,2896.25
2020-01-29 10:00:00+00:00,3954.0
2020-01-29 11:00:00+00:00,4599.25
2020-01-29 12:00:00+00:00,4433.5
2020-01-29 13:00:00+00:00,3685.0
2020-01-29 14:00:00+00:00,2344.5
2020-01-29 15:00:00+00:00,682.0
2020-01-29 16:00:00+00:00,4.75
2020-01-29 17:00:00+00:00,0.0
2020-01-29 18:00:00+00:00,0.0
2020-01-29 19:00:00+00:00,0.0
2020-01-29 20:00:00+00:00,0.0
2020-01-29 21:00:00+00:00,0.0
2020-01-29 22:00:00+00:00,0.0
2020-01-29 23:00:00+00:00,0.0
2020-01-30 00:00:00+00:00,0.0
2020-01-30 01:00:00+00:00,0.0
2020-01-30 02:00:00+00:00,0.0
2020-01-30 03:00:00+00:00,0.0
2020-01-30 04:00:00+00:00,0.0
2020-01-30 05:00:00+00:00,0.0
2020-01-30 06:00:00+00:00,1.75
2020-01-30 07:00:00+00:00,606.25
2020-01-30 08:00:00+00:00,2922.75
2020-01-30 09:00:00+00:00,5682.25
2020-01-30 10:00:00+00:00,8576.5
2020-01-30 11:00:00+00:00,9551.5
2020-01-30 12:00:00+00:00,8469.25
2020-01-30 13:00:00+00:00,5775.5
2020-01-30 14:00:00+00:00,2991.0
2020-01-30 15:00:00+00:00,740.75
2020-01-30 16:00:00+00:00,3.0
2020-01-30 17:00:00+00:00,0.0
2020-01-30 18:00:00+00:00,0.0
2020-01-30 19:00:00+00:00,0.0
2020-01-30 20:00:00+00:00,0.0
2020-01-30 21:00:00+00:00,0.0
2020-01-30 22:00:00+00:00,0.0
2020-01-30 23:00:00+00:00,0.0
2020-01-31 00:00:00+00:00,0.0
2020-01-31 01:00:00+00:00,0.0
2020-01-31 02:00:00+00:00,0.0
2020-01-31 03:00:00+00:00,0.0
2020-01-31 04:00:00+00:00,0.0
2020-01-31 05:00:00+00:00,0.0
2020-01-31 06:00:00+00:00,2.25
2020-01-31 07:00:00+00:00,359.25
2020-01-31 08:00:00+00:00,1962.75
2020-01-31 09:00:00+00:00,4160.5
2020-01-31 10:00:00+00:00,6245.0
2020-01-31 11:00:00+00:00,7119.5
2020-01-31 12:00:00+00:00,6680.0
2020-01-31 13:00:00+00:00,4972.5
2020-01-31 14:00:00+00:00,2637.75
2020-01-31 15:00:00+00:00,738.5
2020-01-31 16:00:00+00:00,7.5
2020-01-31 17:00:00+00:00,0.0
2020-01-31 18:00:00+00:00,0.0
2020-01-31 19:00:00+00:00,0.0
2020-01-31 20:00:00+00:00,0.0
2020-01-31 21:00:00+00:00,0.0
2020-01-31 22:00:00+00:00,0.0
2020-01-31 23:00:00+00:00,0.0
2020-02-01 00:00:00+00:00,0.0
2020-02-01 01:00:00+00:00,0.0
2020-02-01 02:00:00+00:00,0.0
2020-02-01 03:00:00+00:00,0.0
2020-02-01 04:00:00+00:00,0.0
2020-02-01 05:00:00+00:00,0.0
2020-02-01 06:00:00+00:00,9.75
2020-02-01 07:00:00+00:00,875.5
2020-02-01 08:00:00+00:00,3148.5
2020-02-01 09:00:00+00:00,5545.5
2020-02-01 10:00:00+00:00,6828.75
2020-02-01 11:00:00+00:00,6412.5
2020-02-01 12:00:00+00:00,4806.75
2020-02-01 13:00:00+00:00,2958.75
2020-02-01 14:00:00+00:00,1483.0
2020-02-01 15:00:00+00:00,385.0
2020-02-01 16:00:00+00:00,6.5
2020-02-01 17:00:00+00:00,0.0
2020-02-01 18:00:00+00:00,0.0
2020-02-01 19:00:00+00:00,0.0
2020-02-01 20:00:00+00:00,0.0
2020-02-01 21:00:00+00:00,0.0
2020-02-01 22:00:00+00:00,0.0
2020-02-01 23:00:00+00:00,0.0
2020-02-02 00:00:00+00:00,0.0
2020-02-02 01:00:00+00:00,0.0
2020-02-02 02:00:00+00:00,0.0
2020-02-02 03:00:00+00:00,0.0
2020-02-02 04:00:00+00:00,0.0
2020-02-02 05:00:00+00:00,0.0
2020-02-02 06:00:00+00:00,7.75
2020-02-02 07:00:00+00:00,603.0
2020-02-02 08:00:00+00:00,1927.5
2020-02-02 09:00:00+00:00,2792.25
2020-02-02 10:00:00+00:00,3087.0
2020-02-02 11:00:00+00:00,3185.0
2020-02-02 12:00:00+00:00,2724.75
2020-02-02 13:00:00+00:00,2010.0
2020-02-02 14:00:00+00:00,1086.5
2020-02-02 15:00:00+00:00,273.75
2020-02-02 16:00:00+00:00,3.5
2020-02-02 17:00:00+00:00,0.0
2020-02-02 18:00:00+00:00,0.0
2020-02-02 19:00:00+00:00,0.0
2020-02-02 20:00:00+00:00,0.0
2020-02-02 21:00:00+00:00,0.0
2020-02-02 22:00:00+00:00,0.0
2020-02-02 23:00:00+00:00,0.0
2020-02-03 00:00:00+00:00,0.0
2020-02-03 01:00:00+00:00,0.0
2020-02-03 02:00:00+00:00,0.0
2020-02-03 03:00:00+00:00,0.0
2020-02-03 04:00:00+00:00,0.0
2020-02-03 05:00:00+00:00,0.0
2020-02-03 06:00:00+00:00,3.75
2020-02-03 07:00:00+00:00,241.25
2020-02-03 08:00:00+00:00,1333.0
2020-02-03 09:00:00+00:00,2779.5
2020-02-03 10:00:00+00:00,3908.0
2020-02-03 11:00:00+00:00,4307.25
2020-02-03 12:00:00+00:00,3814.5
2020-02-03 13:00:00+00:00,2798.5
2020-02-03 14:00:00+00:00,1591.25
2020-02-03 15:00:00+00:00,463.0
2020-02-03 16:00:00+00:00,6.75
2020-02-03 17:00:00+00:00,0.0
2020-02-03 18:00:00+00:00,0.0
2020-02-03 19:00:00+00:00,0.0
2020-02-03 20:00:00+00:00,0.0
2020-02-03 21:00:00+00:00,0.0
2020-02-03 22:00:00+00:00,0.0
2020-02-03 23:00:00+00:00,0.0
2020-02-04 00:00:00+00:00,0.0
2020-02-04 01:00:00+00:00,0.0
2020-02-04 02:00:00+00:00,0.0
2020-02-04 03:00:00+00:00,0.0
2020-02-04 04:00:00+00:00,0.0
2020-02-04 05:00:00+00:00,0.0
2020-02-04 06:00:00+00:00,5.25
2020-02-04 07:00:00+00:00,749.5
2020-02-04 08:00:00+00:00,3177.25
2020-02-04 09:00:00+00:00,5866.5
2020-02-04 10:00:00+00:00,8263.5
2020-02-04 11:00:00+00:00,9009.25
2020-02-04 12:00:00+00:00,8433.5
2020-02-04 13:00:00+00:00,6943.25
2020-02-04 14:00:00+00:00,4262.5
2020-02-04 15:00:00+00:00,1198.75
2020-02-04 16:00:00+00:00,22.75
2020-02-04 17:00:00+00:00,0.0
2020-02-04 18:00:00+00:00,0.0
2020-02-04 19:00:00+00:00,0.0
2020-02-04 20:00:00+00:00,0.0
2020-02-04 21:00:00+00:00,0.0
2020-02-04 22:00:00+00:00,0.0
2020-02-04 23:00:00+00:00,0.0
2020-02-05 00:00:00+00:00,0.0
2020-02-05 01:00:00+00:00,0.0
2020-02-05 02:00:00+00:00,0.0
2020-02-05 03:00:00+00:00,0.0
2020-02-05 04:00:00+00:00,0.0
2020-02-05 05:00:00+00:00,0.0
2020-02-05 06:00:00+00:00,14.0
2020-02-05 07:00:00+00:00,1441.25
2020-02-05 08:00:00+00:00,5382.0
2020-02-05 09:00:00+00:00,10212.0
2020-02-05 10:00:00+00:00,13520.75
2020-02-05 11:00:00+00:00,15444.5
2020-02-05 12:00:00+00:00,15661.0
2020-02-05 13:00:00+00:00,13298.75
2020-02-05 14:00:00+00:00,8414.0
2020-02-05 15:00:00+00:00,2696.25
2020-02-05 16:00:00+00:00,73.5
2020-02-05 17:00:00+00:00,0.0
2020-02-05 18:00:00+00:00,0.0
2020-02-05 19:00:00+00:00,0.0
2020-02-05 20:00:00+00:00,0.0
2020-02-05 21:00:00+00:00,0.0
2020-02-05 22:00:00+00:00,0.0
2020-02-05 23:00:00+00:00,0.0
2020-02-06 00:00:00+00:00,0.0
2020-02-06 01:00:00+00:00,0.0
2020-02-06 02:00:00+00:00,0.0
2020-02-06 03:00:00+00:00,0.0
2020-02-06 04:00:00+00:00,0.0
2020-02-06 05:00:00+00:00,0.0
2020-02-06 06:00:00+00:00,34.75
2020-02-06 07:00:00+00:00,1643.5
2020-02-06 08:00:00+00:00,5279.0
2020-02-06 09:00:00+00:00,8220.75
2020-02-06 10:00:00+00:00,10441.0
2020-02-06 11:00:00+00:00,11217.5
2020-02-06 12:00:00+00:00,10685.75
2020-02-06 13:00:00+00:00,8588.75
2020-02-06 14:00:00+00:00,5316.5
2020-02-06 15:00:00+00:00,1855.25
2020-02-06 16:00:00+00:00,70.5
2020-02-06 17:00:00+00:00,0.0
2020-02-06 18:00:00+00:00,0.0
2020-02-06 19:00:00+00:00,0.0
2020-02-06 20:00:00+00:00,0.0
2020-02-06 21:00:00+00:00,0.0
2020-02-06 22:00:00+00:00,0.0
2020-02-06 23:00:00+00:00,0.0
2020-02-07 00:00:00+00:00,0.0
2020-02-07 01:00:00+00:00,0.0
2020-02-07 02:00:00+00:00,0.0
2020-02-07 03:00:00+00:00,0.0
2020-02-07 04:00:00+00:00,0.0
2020-02-07 05:00:00+00:00,0.0
2020-02-07 06:00:00+00:00,26.25
2020-02-07 07:00:00+00:00,1490.5
2020-02-07 08:00:00+00:00,5272.0
2020-02-07 09:00:00+00:00,9493.25
2020-02-07 10:00:00+00:00,12710.25
2020-02-07 11:00:00+00:00,14057.0
2020-02-07 12:00:00+00:00,13547.0
2020-02-07 13:00:00+00:00,11219.25
2020-02-07 14:00:00+00:00,7121.5
2020-02-07 15:00:00+00:00,2458.75
2020-02-07 16:00:00+00:00,101.75
2020-02-07 17:00:00+00:00,0.0
2020-02-07 18:00:00+00:00,0.0
2020-02-07 19:00:00+00:00,0.0
2020-02-07 20:00:00+00:00,0.0
2020-02-07 21:00:00+00:00,0.0
2020-02-07 22:00:00+00:00,0.0
2020-02-07 23:00:00+00:00,0.0
2020-02-08 00:00:00+00:00,0.0
2020-02-08 01:00:00+00:00,0.0
2020-02-08 02:00:00+00:00,0.0
2020-02-08 03:00:00+00:00,0.0
2020-02-08 04:00:00+00:00,0.0
2020-02-08 05:00:00+00:00,0.0
2020-02-08 06:00:00+00:00,61.75
2020-02-08 07:00:00+00:00,2683.5
2020-02-08 08:00:00+00:00,7885.0
2020-02-08 09:00:00+00:00,12548.25
2020-02-08 10:00:00+00:00,15291.0
2020-02-08 11:00:00+00:00,16122.5
2020-02-08 12:00:00+00:00,14514.75
2020-02-08 13:00:00+00:00,10914.25
2020-02-08 14:00:00+00:00,5994.0
2020-02-08 15:00:00+00:00,1714.25
2020-02-08 16:00:00+00:00,73.0
2020-02-08 17:00:00+00:00,0.0
2020-02-08 18:00:00+00:00,0.0
2020-02-08 19:00:00+00:00,0.0
2020-02-08 20:00:00+00:00,0.0
2020-02-08 21:00:00+00:00,0.0
2020-02-08 22:00:00+00:00,0.0
2020-02-08 23:00:00+00:00,0.0
2020-02-09 00:00:00+00:00,0.0
2020-02-09 01:00:00+00:00,0.0
2020-02-09 02:00:00+00:00,0.0
2020-02-09 03:00:00+00:00,0.0
2020-02-09 04:00:00+00:00,0.0
2020-02-09 05:00:00+00:00,0.0
2020-02-09 06:00:00+00:00,68.25
2020-02-09 07:00:00+00:00,2317.0
2020-02-09 08:00:00+00:00,6942.25
2020-02-09 09:00:00+00:00,11784.75
2020-02-09 10:00:00+00:00,14587.5
2020-02-09 11:00:00+00:00,15027.75
2020-02-09 12:00:00+00:00,13450.75
2020-02-09 13:00:00+00:00,9566.5
2020-02-09 14:00:00+00:00,5033.0
2020-02-09 15:00:00+00:00,1305.75
2020-02-09 16:00:00+00:00,44.0
2020-02-09 17:00:00+00:00,0.0
2020-02-09 18:00:00+00:00,0.0
2020-02-09 19:00:00+00:00,0.0
2020-02-09 20:00:00+00:00,0.0
2020-02-09 21:00:00+00:00,0.0
2020-02-09 22:00:00+00:00,0.0
2020-02-09 23:00:00+00:00,0.0
2020-02-10 00:00:00+00:00,0.0
2020-02-10 01:00:00+00:00,0.0
2020-02-10 02:00:00+00:00,0.0
2020-02-10 03:00:00+00:00,0.0
2020-02-10 04:00:00+00:00,0.0
2020-02-10 05:00:00+00:00,0.0
2020-02-10 06:00:00+00:00,40.0
2020-02-10 07:00:00+00:00,835.5
2020-02-10 08:00:00+00:00,2780.0
2020-02-10 09:00:00+00:00,5593.75
2020-02-10 10:00:00+00:00,8432.25
2020-02-10 11:00:00+00:00,9833.25
2020-02-10 12:00:00+00:00,10004.25
2020-02-10 13:00:00+00:00,9417.5
2020-02-10 14:00:00+00:00,5846.5
2020-02-10 15:00:00+00:00,1811.5
2020-02-10 16:00:00+00:00,88.25
2020-02-10 17:00:00+00:00,0.0
2020-02-10 18:00:00+00:00,0.0
2020-02-10 19:00:00+00:00,0.0
2020-02-10 20:00:00+00:00,0.0
2020-02-10 21:00:00+00:00,0.0
2020-02-10 22:00:00+00:00,0.0
2020-02-10 23:00:00+00:00,0.0
2020-02-11 00:00:00+00:00,0.0
2020-02-11 01:00:00+00:00,0.0
2020-02-11 02:00:00+00:00,0.0
2020-02-11 03:00:00+00:00,0.0
2020-02-11 04:00:00+00:00,0.0
2020-02-11 05:00:00+00:00,0.0
2020-02-11 06:00:00+00:00,45.0
2020-02-11 07:00:00+00:00,1212.75
2020-02-11 08:00:00+00:00,3539.25
2020-02-11 09:00:00+00:00,6097.5
2020-02-11 10:00:00+00:00,8305.0
2020-02-11 11:00:00+00:00,9154.0
2020-02-11 12:00:00+00:00,8816.0
2020-02-11 13:00:00+00:00,7716.0
2020-02-11 14:00:00+00:00,5412.0
2020-02-11 15:00:00+00:00,2007.75
2020-02-11 16:00:00+00:00,127.75
2020-02-11 17:00:00+00:00,0.0
2020-02-11 18:00:00+00:00,0.0
2020-02-11 19:00:00+00:00,0.0
2020-02-11 20:00:00+00:00,0.0
2020-02-11 21:00:00+00:00,0.0
2020-02-11 22:00:00+00:00,0.0
2020-02-11 23:00:00+00:00,0.0
2020-02-12 00:00:00+00:00,0.0
2020-02-12 01:00:00+00:00,0.0
2020-02-12 02:00:00+00:00,0.0
2020-02-12 03:00:00+00:00,0.0
2020-02-12 04:00:00+00:00,0.0
2020-02-12 05:00:00+00:00,0.0
2020-02-12 06:00:00+00:00,59.75
2020-02-12 07:00:00+00:00,1538.25
2020-02-12 08:00:00+00:00,4515.5
2020-02-12 09:00:00+00:00,7464.5
2020-02-12 10:00:00+00:00,8755.0
2020-02-12 11:00:00+00:00,8838.0
2020-02-12 12:00:00+00:00,8559.5
2020-02-12 13:00:00+00:00,6723.75
2020-02-12 14:00:00+00:00,4470.0
2020-02-12 15:00:00+00:00,1809.25
2020-02-12 16:00:00+00:00,142.0
2020-02-12 17:00:00+00:00,0.0
2020-02-12 18:00:00+00:00,0.0
2020-02-12 19:00:00+00:00,0.0
2020-02-12 20:00:00+00:00,0.0
2020-02-12 21:00:00+00:00,0.0
2020-02-12 22:00:00+00:00,0.0
2020-02-12 23:00:00+00:00,0.0
2020-02-13 00:00:00+00:00,0.0
2020-02-13 01:00:00+00:00,0.0
2020-02-13 02:00:00+00:00,0.0
2020-02-13 03:00:00+00:00,0.0
2020-02-13 04:00:00+00:00,0.0
2020-02-13 05:00:00+00:00,0.0
2020-02-13 06:00:00+00:00,103.5
2020-02-13 07:00:00+00:00,1956.5
2020-02-13 08:00:00+00:00,5054.75
2020-02-13 09:00:00+00:00,6962.0
2020-02-13 10:00:00+00:00,8482.5
2020-02-13 11:00:00+00:00,7698.0
2020-02-13 12:00:00+00:00,6140.5
2020-02-13 13:00:00+00:00,3601.25
2020-02-13 14:00:00+00:00,1865.75
2020-02-13 15:00:00+00:00,695.0
2020-02-13 16:00:00+00:00,73.75
2020-02-13 17:00:00+00:00,0.0
2020-02-13 18:00:00+00:00,0.0
2020-02-13 19:00:00+00:00,0.0
2020-02-13 20:00:00+00:00,0.0
2020-02-13 21:00:00+00:00,0.0
2020-02-13 22:00:00+00:00,0.0
2020-02-13 23:00:00+00:00,0.0
2020-02-14 00:00:00+00:00,0.0
2020-02-14 01:00:00+00:00,0.0
2020-02-14 02:00:00+00:00,0.0
2020-02-14 03:00:00+00:00,0.0
2020-02-14 04:00:00+00:00,0.0
2020-02-14 05:00:00+00:00,0.0
2020-02-14 06:00:00+00:00,36.5
2020-02-14 07:00:00+00:00,964.75
2020-02-14 08:00:00+00:00,2869.5
2020-02-14 09:00:00+00:00,4430.5
2020-02-14 10:00:00+00:00,5440.25
2020-02-14 11:00:00+00:00,5888.5
2020-02-14 12:00:00+00:00,5784.0
2020-02-14 13:00:00+00:00,4774.25
2020-02-14 14:00:00+00:00,3223.75
2020-02-14 15:00:00+00:00,1325.25
2020-02-14 16:00:00+00:00,115.5
2020-02-14 17:00:00+00:00,0.0
2020-02-14 18:00:00+00:00,0.0
2020-02-14 19:00:00+00:00,0.0
2020-02-14 20:00:00+00:00,0.0
2020-02-14 21:00:00+00:00,0.0
2020-02-14 22:00:00+00:00,0.0
2020-02-14 23:00:00+00:00,0.0
2020-02-15 00:00:00+00:00,0.0
2020-02-15 01:00:00+00:00,0.0
2020-02-15 02:00:00+00:00,0.0
2020-02-15 03:00:00+00:00,0.0
2020-02-15 04:00:00+00:00,0.0
2020-02-15 05:00:00+00:00,0.25
2020-02-15 06:00:00+00:00,139.5
2020-02-15 07:00:00+00:00,2438.25
2020-02-15 08:00:00+00:00,6476.75
2020-02-15 09:00:00+00:00,10988.25
2020-02-15 10:00:00+00:00,15074.75
2020-02-15 11:00:00+00:00,17050.5
2020-02-15 12:00:00+00:00,16601.5
2020-02-15 13:00:00+00:00,14493.5
2020-02-15 14:00:00+00:00,9933.5
2020-02-15 15:00:00+00:00,4008.5
2020-02-15 16:00:00+00:00,368.75
2020-02-15 17:00:00+00:00,0.0
2020-02-15 18:00:00+00:00,0.0
2020-02-15 19:00:00+00:00,0.0
2020-02-15 20:00:00+00:00,0.0
2020-02-15 21:00:00+00:00,0.0
2020-02-15 22:00:00+00:00,0.0
2020-02-15 23:00:00+00:00,0.0
2020-02-16 00:00:00+00:00,0.0
2020-02-16 01:00:00+00:00,0.0
2020-02-16 02:00:00+00:00,0.0
2020-02-16 03:00:00+00:00,0.0
2020-02-16 04:00:00+00:00,0.0
2020-02-16 05:00:00+00:00,0.0
2020-02-16 06:00:00+00:00,119.75
2020-02-16 07:00:00+00:00,1319.25
2020-02-16 08:00:00+00:00,2780.5
2020-02-16 09:00:00+00:00,4353.25
2020-02-16 10:00:00+00:00,6360.25
2020-02-16 11:00:00+00:00,7437.0
2020-02-16 12:00:00+00:00,7940.25
2020-02-16 13:00:00+00:00,7170.75
2020-02-16 14:00:00+00:00,5290.5
2020-02-16 15:00:00+00:00,2223.5
2020-02-16 16:00:00+00:00,229.0
2020-02-16 17:00:00+00:00,0.0
2020-02-16 18:00:00+00:00,0.0
2020-02-16 19:00:00+00:00,0.0
2020-02-16 20:00:00+00:00,0.0
2020-02-16 21:00:00+00:00,0.0
2020-02-16 22:00:00+00:00,0.0
2020-02-16 23:00:00+00:00,0.0
2020-02-17 00:00:00+00:00,0.0
2020-02-17 01:00:00+00:00,0.0
2020-02-17 02:00:00+00:00,0.0
2020-02-17 03:00:00+00:00,0.0
2020-02-17 04:00:00+00:00,0.0
2020-02-17 05:00:00+00:00,0.0
2020-02-17 06:00:00+00:00,98.75
2020-02-17 07:00:00+00:00,1267.75
2020-02-17 08:00:00+00:00,3781.25
2020-02-17 09:00:00+00:00,6488.75
2020-02-17 10:00:00+00:00,8441.25
2020-02-17 11:00:00+00:00,8730.25
2020-02-17 12:00:00+00:00,7409.0
2020-02-17 13:00:00+00:00,5301.5
2020-02-17 14:00:00+00:00,3215.5
2020-02-17 15:00:00+00:00,1517.25
2020-02-17 16:00:00+00:00,189.0
2020-02-17 17:00:00+00:00,0.0
2020-02-17 18:00:00+00:00,0.0
2020-02-17 19:00:00+00:00,0.0
2020-02-17 20:00:00+00:00,0.0
2020-02-17 21:00:00+00:00,0.0
2020-02-17 22:00:00+00:00,0.0
2020-02-17 23:00:00+00:00,0.0
2020-02-18 00:00:00+00:00,0.0
2020-02-18 01:00:00+00:00,0.0
2020-02-18 02:00:00+00:00,0.0
2020-02-18 03:00:00+00:00,0.0
2020-02-18 04:00:00+00:00,1.0
2020-02-18 05:00:00+00:00,1.0
2020-02-18 06:00:00+00:00,187.5
2020-02-18 07:00:00+00:00,2448.75
2020-02-18 08:00:00+00:00,5894.5
2020-02-18 09:00:00+00:00,9020.75
2020-02-18 10:00:00+00:00,11879.0
2020-02-18 11:00:00+00:00,11347.0
2020-02-18 12:00:00+00:00,10535.5
2020-02-18 13:00:00+00:00,8863.5
2020-02-18 14:00:00+00:00,5871.0
2020-02-18 15:00:00+00:00,2578.25
2020-02-18 16:00:00+00:00,271.5
2020-02-18 17:00:00+00:00,0.0
2020-02-18 18:00:00+00:00,0.0
2020-02-18 19:00:00+00:00,0.0
2020-02-18 20:00:00+00:00,0.0
2020-02-18 21:00:00+00:00,0.0
2020-02-18 22:00:00+00:00,0.0
2020-02-18 23:00:00+00:00,0.0
2020-02-19 00:00:00+00:00,0.0
2020-02-19 01:00:00+00:00,0.0
2020-02-19 02:00:00+00:00,0.0
2020-02-19 03:00:00+00:00,0.0
2020-02-19 04:00:00+00:00,0.75
2020-02-19 05:00:00+00:00,1.0
2020-02-19 06:00:00+00:00,98.25
2020-02-19 07:00:00+00:00,1217.0
2020-02-19 08:00:00+00:00,3604.25
2020-02-19 09:00:00+00:00,5706.75
2020-02-19 10:00:00+00:00,7588.0
2020-02-19 11:00:00+00:00,9709.5
2020-02-19 12:00:00+00:00,10269.0
2020-02-19 13:00:00+00:00,9336.75
2020-02-19 14:00:00+00:00,6689.5
2020-02-19 15:00:00+00:00,3003.25
2020-02-19 16:00:00+00:00,356.0
2020-02-19 17:00:00+00:00,0.0
2020-02-19 18:00:00+00:00,0.0
2020-02-19 19:00:00+00:00,0.0
2020-02-19 20:00:00+00:00,0.0
2020-02-19 21:00:00+00:00,0.0
2020-02-19 22:00:00+00:00,0.0
2020-02-19 23:00:00+00:00,0.0
2020-02-20 00:00:00+00:00,0.0
2020-02-20 01:00:00+00:00,0.0
2020-02-20 02:00:00+00:00,0.0
2020-02-20 03:00:00+00:00,0.0
2020-02-20 04:00:00+00:00,0.0
2020-02-20 05:00:00+00:00,0.25
2020-02-20 06:00:00+00:00,161.5
2020-02-20 07:00:00+00:00,1454.25
2020-02-20 08:00:00+00:00,3306.75
2020-02-20 09:00:00+00:00,5348.75
2020-02-20 10:00:00+00:00,7013.75
2020-02-20 11:00:00+00:00,7973.0
2020-02-20 12:00:00+00:00,7839.75
2020-02-20 13:00:00+00:00,6435.5
2020-02-20 14:00:00+00:00,4725.5
2020-02-20 15:00:00+00:00,2427.5
2020-02-20 16:00:00+00:00,368.75
2020-02-20 17:00:00+00:00,0.0
2020-02-20 18:00:00+00:00,0.0
2020-02-20 19:00:00+00:00,0.0
2020-02-20 20:00:00+00:00,0.0
2020-02-20 21:00:00+00:00,0.0
2020-02-20 22:00:00+00:00,0.0
2020-02-20 23:00:00+00:00,0.0
2020-02-21 00:00:00+00:00,0.0
2020-02-21 01:00:00+00:00,0.0
2020-02-21 02:00:00+00:00,0.0
2020-02-21 03:00:00+00:00,0.0
2020-02-21 04:00:00+00:00,1.0
2020-02-21 05:00:00+00:00,1.0
2020-02-21 06:00:00+00:00,353.0
2020-02-21 07:00:00+00:00,3373.25
2020-02-21 08:00:00+00:00,7741.75
2020-02-21 09:00:00+00:00,12072.75
2020-02-21 10:00:00+00:00,15151.75
2020-02-21 11:00:00+00:00,15933.5
2020-02-21 12:00:00+00:00,14968.0
2020-02-21 13:00:00+00:00,12418.75
2020-02-21 14:00:00+00:00,8283.25
2020-02-21 15:00:00+00:00,3603.0
2020-02-21 16:00:00+00:00,417.25
2020-02-21 17:00:00+00:00,0.0
2020-02-21 18:00:00+00:00,0.0
2020-02-21 19:00:00+00:00,0.0
2020-02-21 20:00:00+00:00,0.0
2020-02-21 21:00:00+00:00,0.0
2020-02-21 22:00:00+00:00,0.0
2020-02-21 23:00:00+00:00,0.0
2020-02-22 00:00:00+00:00,0.0
2020-02-22 01:00:00+00:00,0.0
2020-02-22 02:00:00+00:00,0.0
2020-02-22 03:00:00+00:00,0.75
2020-02-22 04:00:00+00:00,1.0
2020-02-22 05:00:00+00:00,1.25
2020-02-22 06:00:00+00:00,583.0
2020-02-22 07:00:00+00:00,4336.0
2020-02-22 08:00:00+00:00,8484.5
2020-02-22 09:00:00+00:00,11726.0
2020-02-22 10:00:00+00:00,13252.25
2020-02-22 11:00:00+00:00,13360.0
2020-02-22 12:00:00+00:00,11682.0
2020-02-22 13:00:00+00:00,8780.0
2020-02-22 14:00:00+00:00,5178.75
2020-02-22 15:00:00+00:00,1769.0
2020-02-22 16:00:00+00:00,200.75
2020-02-22 17:00:00+00:00,0.0
2020-02-22 18:00:00+00:00,0.0
2020-02-22 19:00:00+00:00,0.0
2020-02-22 20:00:00+00:00,0.0
2020-02-22 21:00:00+00:00,0.0
2020-02-22 22:00:00+00:00,0.0
2020-02-22 23:00:00+00:00,0.0
2020-02-23 00:00:00+00:00,0.0
2020-02-23 01:00:00+00:00,0.0
2020-02-23 02:00:00+00:00,0.0
2020-02-23 03:00:00+00:00,0.0
2020-02-23 04:00:00+00:00,0.0
2020-02-23 05:00:00+00:00,0.25
2020-02-23 06:00:00+00:00,86.5
2020-02-23 07:00:00+00:00,708.25
2020-02-23 08:00:00+00:00,1765.0
2020-02-23 09:00:00+00:00,2581.5
2020-02-23 10:00:00+00:00,2852.25
2020-02-23 11:00:00+00:00,3045.75
2020-02-23 12:00:00+00:00,3028.25
2020-02-23 13:00:00+00:00,2783.5
2020-02-23 14:00:00+00:00,2087.75
2020-02-23 15:00:00+00:00,1219.0
2020-02-23 16:00:00+00:00,173.25
2020-02-23 17:00:00+00:00,0.0
2020-02-23 18:00:00+00:00,0.0
2020-02-23 19:00:00+00:00,0.0
2020-02-23 20:00:00+00:00,0.0
2020-02-23 21:00:00+00:00,0.0
2020-02-23 22:00:00+00:00,0.0
2020-02-23 23:00:00+00:00,0.0
2020-02-24 00:00:00+00:00,0.0
2020-02-24 01:00:00+00:00,0.0
2020-02-24 02:00:00+00:00,0.0
2020-02-24 03:00:00+00:00,0.0
2020-02-24 04:00:00+00:00,0.0
2020-02-24 05:00:00+00:00,0.75
2020-02-24 06:00:00+00:00,211.75
2020-02-24 07:00:00+00:00,1742.75
2020-02-24 08:00:00+00:00,3719.25
2020-02-24 09:00:00+00:00,5684.25
2020-02-24 10:00:00+00:00,6803.5
2020-02-24 11:00:00+00:00,6991.75
2020-02-24 12:00:00+00:00,6537.25
2020-02-24 13:00:00+00:00,5580.5
2020-02-24 14:00:00+00:00,4147.75
2020-02-24 15:00:00+00:00,2121.5
2020-02-24 16:00:00+00:00,373.75
2020-02-24 17:00:00+00:00,0.0
2020-02-24 18:00:00+00:00,0.0
2020-02-24 19:00:00+00:00,0.0
2020-02-24 20:00:00+00:00,0.0
2020-02-24 21:00:00+00:00,0.0
2020-02-24 22:00:00+00:00,0.0
2020-02-24 23:00:00+00:00,0.0
2020-02-25 00:00:00+00:00,0.0
2020-02-25 01:00:00+00:00,0.0
2020-02-25 02:00:00+00:00,0.0
2020-02-25 03:00:00+00:00,0.0
2020-02-25 04:00:00+00:00,0.0
2020-02-25 05:00:00+00:00,1.25
2020-02-25 06:00:00+00:00,287.0
2020-02-25 07:00:00+00:00,2119.75
2020-02-25 08:00:00+00:00,5116.0
2020-02-25 09:00:00+00:00,7625.25
2020-02-25 10:00:00+00:00,8832.75
2020-02-25 11:00:00+00:00,9566.25
2020-02-25 12:00:00+00:00,9592.5
2020-02-25 13:00:00+00:00,8664.25
2020-02-25 14:00:00+00:00,6411.25
2020-02-25 15:00:00+00:00,3233.75
2020-02-25 16:00:00+00:00,503.0
2020-02-25 17:00:00+00:00,0.25
2020-02-25 18:00:00+00:00,0.0
2020-02-25 19:00:00+00:00,0.0
2020-02-25 20:00:00+00:00,0.0
2020-02-25 21:00:00+00:00,0.0
2020-02-25 22:00:00+00:00,0.0
2020-02-25 23:00:00+00:00,0.0
2020-02-26 00:00:00+00:00,0.0
2020-02-26 01:00:00+00:00,0.0
2020-02-26 02:00:00+00:00,0.0
2020-02-26 03:00:00+00:00,0.0
2020-02-26 04:00:00+00:00,0.5
2020-02-26 05:00:00+00:00,1.5
2020-02-26 06:00:00+00:00,357.0
2020-02-26 07:00:00+00:00,2657.25
2020-02-26 08:00:00+00:00,5709.25
2020-02-26 09:00:00+00:00,7979.5
2020-02-26 10:00:00+00:00,8976.75
2020-02-26 11:00:00+00:00,9005.25
2020-02-26 12:00:00+00:00,8036.0
2020-02-26 13:00:00+00:00,6724.0
2020-02-26 14:00:00+00:00,5100.0
2020-02-26 15:00:00+00:00,2525.75
2020-02-26 16:00:00+00:00,463.0
2020-02-26 17:00:00+00:00,0.25
2020-02-26 18:00:00+00:00,0.0
2020-02-26 19:00:00+00:00,0.0
2020-02-26 20:00:00+00:00,0.0
2020-02-26 21:00:00+00:00,0.0
2020-02-26 22:00:00+00:00,0.0
2020-02-26 23:00:00+00:00,0.0
2020-02-27 00:00:00+00:00,0.0
2020-02-27 01:00:00+00:00,0.0
2020-02-27 02:00:00+00:00,0.0
2020-02-27 03:00:00+00:00,0.0
2020-02-27 04:00:00+00:00,0.0
2020-02-27 05:00:00+00:00,0.5
2020-02-27 06:00:00+00:00,319.5
2020-02-27 07:00:00+00:00,2338.5
2020-02-27 08:00:00+00:00,5600.25
2020-02-27 09:00:00+00:00,8748.0
2020-02-27 10:00:00+00:00,9835.25
2020-02-27 11:00:00+00:00,8630.5
2020-02-27 12:00:00+00:00,6891.75
2020-02-27 13:00:00+00:00,4690.0
2020-02-27 14:00:00+00:00,2565.0
2020-02-27 15:00:00+00:00,962.0
2020-02-27 16:00:00+00:00,118.25
2020-02-27 17:00:00+00:00,0.0
2020-02-27 18:00:00+00:00,0.0
2020-02-27 19:00:00+00:00,0.0
2020-02-27 20:00:00+00:00,0.0
2020-02-27 21:00:00+00:00,0.0
2020-02-27 22:00:00+00:00,0.0
2020-02-27 23:00:00+00:00,0.0
2020-02-28 00:00:00+00:00,0.0
2020-02-28 01:00:00+00:00,0.0
2020-02-28 02:00:00+00:00,0.0
2020-02-28 03:00:00+00:00,0.0
2020-02-28 04:00:00+00:00,0.0
2020-02-28 05:00:00+00:00,1.0
2020-02-28 06:00:00+00:00,312.75
2020-02-28 07:00:00+00:00,2438.75
2020-02-28 08:00:00+00:00,5827.25
2020-02-28 09:00:00+00:00,9305.75
2020-02-28 10:00:00+00:00,11960.75
2020-02-28 11:00:00+00:00,12837.5
2020-02-28 12:00:00+00:00,13062.25
2020-02-28 13:00:00+00:00,12381.0
2020-02-28 14:00:00+00:00,8846.5
2020-02-28 15:00:00+00:00,4500.5
2020-02-28 16:00:00+00:00,826.0
2020-02-28 17:00:00+00:00,0.5
2020-02-28 18:00:00+00:00,0.0
2020-02-28 19:00:00+00:00,0.0
2020-02-28 20:00:00+00:00,0.0
2020-02-28 21:00:00+00:00,0.0
2020-02-28 22:00:00+00:00,0.0
2020-02-28 23:00:00+00:00,0.0
2020-02-29 00:00:00+00:00,0.0
2020-02-29 01:00:00+00:00,0.0
2020-02-29 02:00:00+00:00,0.0
2020-02-29 03:00:00+00:00,0.0
2020-02-29 04:00:00+00:00,1.0
2020-02-29 05:00:00+00:00,1.5
2020-02-29 06:00:00+00:00,298.25
2020-02-29 07:00:00+00:00,2030.75
2020-02-29 08:00:00+00:00,5522.5
2020-02-29 09:00:00+00:00,9871.75
2020-02-29 10:00:00+00:00,12931.25
2020-02-29 11:00:00+00:00,13869.25
2020-02-29 12:00:00+00:00,12710.0
2020-02-29 13:00:00+00:00,9043.0
2020-02-29 14:00:00+00:00,5308.25
2020-02-29 15:00:00+00:00,2619.0
2020-02-29 16:00:00+00:00,490.25
2020-02-29 17:00:00+00:00,2.0
2020-02-29 18:00:00+00:00,0.0
2020-02-29 19:00:00+00:00,0.0
2020-02-29 20:00:00+00:00,0.0
2020-02-29 21:00:00+00:00,0.0
2020-02-29 22:00:00+00:00,0.0
2020-02-29 23:00:00+00:00,0.0
2020-03-01 00:00:00+00:00,0.0
2020-03-01 01:00:00+00:00,0.0
2020-03-01 02:00:00+00:00,0.25
2020-03-01 03:00:00+00:00,1.0
2020-03-01 04:00:00+00:00,1.0
2020-03-01 05:00:00+00:00,3.25
2020-03-01 06:00:00+00:00,699.5
2020-03-01 07:00:00+00:00,3731.25
2020-03-01 08:00:00+00:00,8141.5
2020-03-01 09:00:00+00:00,11939.5
2020-03-01 10:00:00+00:00,14701.0
2020-03-01 11:00:00+00:00,15128.75
2020-03-01 12:00:00+00:00,14583.25
2020-03-01 13:00:00+00:00,13595.0
2020-03-01 14:00:00+00:00,10452.25
2020-03-01 15:00:00+00:00,5462.5
2020-03-01 16:00:00+00:00,1014.0
2020-03-01 17:00:00+00:00,2.0
2020-03-01 18:00:00+00:00,0.5
2020-03-01 19:00:00+00:00,0.0
2020-03-01 20:00:00+00:00,0.0
2020-03-01 21:00:00+00:00,0.0
2020-03-01 22:00:00+00:00,0.0
2020-03-01 23:00:00+00:00,1.0
2020-03-02 00:00:00+00:00,1.0
2020-03-02 01:00:00+00:00,1.0
2020-03-02 02:00:00+00:00,1.0
2020-03-02 03:00:00+00:00,1.0
2020-03-02 04:00:00+00:00,1.0
2020-03-02 05:00:00+00:00,3.0
2020-03-02 06:00:00+00:00,1229.75
2020-03-02 07:00:00+00:00,5585.5
2020-03-02 08:00:00+00:00,10488.0
2020-03-02 09:00:00+00:00,14373.0
2020-03-02 10:00:00+00:00,16031.25
2020-03-02 11:00:00+00:00,15734.25
2020-03-02 12:00:00+00:00,13855.5
2020-03-02 13:00:00+00:00,10626.5
2020-03-02 14:00:00+00:00,6748.25
2020-03-02 15:00:00+00:00,3064.75
2020-03-02 16:00:00+00:00,449.75
2020-03-02 17:00:00+00:00,1.5
2020-03-02 18:00:00+00:00,0.75
2020-03-02 19:00:00+00:00,1.0
2020-03-02 20:00:00+00:00,0.75
2020-03-02 21:00:00+00:00,0.0
2020-03-02 22:00:00+00:00,0.25
2020-03-02 23:00:00+00:00,1.0
2020-03-03 00:00:00+00:00,1.0
2020-03-03 01:00:00+00:00,1.0
2020-03-03 02:00:00+00:00,1.0
2020-03-03 03:00:00+00:00,1.0
2020-03-03 04:00:00+00:00,1.0
2020-03-03 05:00:00+00:00,3.75
2020-03-03 06:00:00+00:00,412.75
2020-03-03 07:00:00+00:00,2562.0
2020-03-03 08:00:00+00:00,6009.25
2020-03-03 09:00:00+00:00,8957.5
2020-03-03 10:00:00+00:00,10163.75
2020-03-03 11:00:00+00:00,10484.0
2020-03-03 12:00:00+00:00,10164.0
2020-03-03 13:00:00+00:00,9017.5
2020-03-03 14:00:00+00:00,6909.75
2020-03-03 15:00:00+00:00,3908.25
2020-03-03 16:00:00+00:00,975.0
2020-03-03 17:00:00+00:00,7.5
2020-03-03 18:00:00+00:00,1.0
2020-03-03 19:00:00+00:00,1.0
2020-03-03 20:00:00+00:00,1.0
2020-03-03 21:00:00+00:00,0.25
2020-03-03 22:00:00+00:00,1.0
2020-03-03 23:00:00+00:00,0.75
2020-03-04 00:00:00+00:00,1.0
2020-03-04 01:00:00+00:00,1.0
2020-03-04 02:00:00+00:00,1.0
2020-03-04 03:00:00+00:00,1.0
2020-03-04 04:00:00+00:00,1.0
2020-03-04 05:00:00+00:00,9.75
2020-03-04 06:00:00+00:00,1062.25
2020-03-04 07:00:00+00:00,4337.5
2020-03-04 08:00:00+00:00,8523.5
2020-03-04 09:00:00+00:00,11595.25
2020-03-04 10:00:00+00:00,13297.25
2020-03-04 11:00:00+00:00,13048.5
2020-03-04 12:00:00+00:00,11429.0
2020-03-04 13:00:00+00:00,9700.75
2020-03-04 14:00:00+00:00,7115.25
2020-03-04 15:00:00+00:00,4000.75
2020-03-04 16:00:00+00:00,950.5
2020-03-04 17:00:00+00:00,10.0
2020-03-04 18:00:00+00:00,1.0
2020-03-04 19:00:00+00:00,1.0
2020-03-04 20:00:00+00:00,1.0
2020-03-04 21:00:00+00:00,1.0
2020-03-04 22:00:00+00:00,1.0
2020-03-04 23:00:00+00:00,0.5
2020-03-05 00:00:00+00:00,0.25
2020-03-05 01:00:00+00:00,0.25
2020-03-05 02:00:00+00:00,0.5
2020-03-05 03:00:00+00:00,1.0
2020-03-05 04:00:00+00:00,0.75
2020-03-05 05:00:00+00:00,11.5
2020-03-05 06:00:00+00:00,1013.25
2020-03-05 07:00:00+00:00,4370.75
2020-03-05 08:00:00+00:00,8410.0
2020-03-05 09:00:00+00:00,12045.0
2020-03-05 10:00:00+00:00,13186.0
2020-03-05 11:00:00+00:00,12814.0
2020-03-05 12:00:00+00:00,10724.25
2020-03-05 13:00:00+00:00,7908.5
2020-03-05 14:00:00+00:00,4904.0
2020-03-05 15:00:00+00:00,2164.25
2020-03-05 16:00:00+00:00,351.0
2020-03-05 17:00:00+00:00,2.75
2020-03-05 18:00:00+00:00,0.75
2020-03-05 19:00:00+00:00,0.25
2020-03-05 20:00:00+00:00,0.25
2020-03-05 21:00:00+00:00,0.0
2020-03-05 22:00:00+00:00,0.25
2020-03-05 23:00:00+00:00,0.25
2020-03-06 00:00:00+00:00,0.0
2020-03-06 01:00:00+00:00,0.25
2020-03-06 02:00:00+00:00,0.5
2020-03-06 03:00:00+00:00,0.5
2020-03-06 04:00:00+00:00,1.0
2020-03-06 05:00:00+00:00,8.25
2020-03-06 06:00:00+00:00,602.0
2020-03-06 07:00:00+00:00,2476.5
2020-03-06 08:00:00+00:00,4702.25
2020-03-06 09:00:00+00:00,5709.75
2020-03-06 10:00:00+00:00,5716.25
2020-03-06 11:00:00+00:00,5344.75
2020-03-06 12:00:00+00:00,4600.25
2020-03-06 13:00:00+00:00,3643.5
2020-03-06 14:00:00+00:00,2406.75
2020-03-06 15:00:00+00:00,1294.5
2020-03-06 16:00:00+00:00,332.0
2020-03-06 17:00:00+00:00,5.75
2020-03-06 18:00:00+00:00,0.0
2020-03-06 19:00:00+00:00,0.0
2020-03-06 20:00:00+00:00,0.0
2020-03-06 21:00:00+00:00,0.0
2020-03-06 22:00:00+00:00,0.25
2020-03-06 23:00:00+00:00,0.0
2020-03-07 00:00:00+00:00,0.0
2020-03-07 01:00:00+00:00,0.0
2020-03-07 02:00:00+00:00,1.0
2020-03-07 03:00:00+00:00,1.0
2020-03-07 04:00:00+00:00,1.0
2020-03-07 05:00:00+00:00,9.5
2020-03-07 06:00:00+00:00,619.75
2020-03-07 07:00:00+00:00,2676.75
2020-03-07 08:00:00+00:00,5727.0
2020-03-07 09:00:00+00:00,8245.25
2020-03-07 10:00:00+00:00,9891.25
2020-03-07 11:00:00+00:00,11019.25
2020-03-07 12:00:00+00:00,10881.5
2020-03-07 13:00:00+00:00,9460.5
2020-03-07 14:00:00+00:00,7015.75
2020-03-07 15:00:00+00:00,4011.5
2020-03-07 16:00:00+00:00,1055.5
2020-03-07 17:00:00+00:00,11.5
2020-03-07 18:00:00+00:00,0.0
2020-03-07 19:00:00+00:00,0.0
2020-03-07 20:00:00+00:00,0.0
2020-03-07 21:00:00+00:00,0.0
2020-03-07 22:00:00+00:00,0.0
2020-03-07 23:00:00+00:00,0.0
2020-03-08 00:00:00+00:00,0.0
2020-03-08 01:00:00+00:00,0.0
2020-03-08 02:00:00+00:00,0.25
2020-03-08 03:00:00+00:00,1.0
2020-03-08 04:00:00+00:00,1.0
2020-03-08 05:00:00+00:00,33.5
2020-03-08 06:00:00+00:00,1653.75
2020-03-08 07:00:00+00:00,5884.0
2020-03-08 08:00:00+00:00,10182.5
2020-03-08 09:00:00+00:00,13926.25
2020-03-08 10:00:00+00:00,15985.75
2020-03-08 11:00:00+00:00,16104.75
2020-03-08 12:00:00+00:00,14910.5
2020-03-08 13:00:00+00:00,12478.5
2020-03-08 14:00:00+00:00,8770.75
2020-03-08 15:00:00+00:00,4443.0
2020-03-08 16:00:00+00:00,1047.0
2020-03-08 17:00:00+00:00,13.75
2020-03-08 18:00:00+00:00,0.25
2020-03-08 19:00:00+00:00,0.0
2020-03-08 20:00:00+00:00,0.0
2020-03-08 21:00:00+00:00,0.0
2020-03-08 22:00:00+00:00,0.25
2020-03-08 23:00:00+00:00,0.0
2020-03-09 00:00:00+00:00,0.0
2020-03-09 01:00:00+00:00,0.5
2020-03-09 02:00:00+00:00,1.0
2020-03-09 03:00:00+00:00,1.0
2020-03-09 04:00:00+00:00,1.0
2020-03-09 05:00:00+00:00,15.75
2020-03-09 06:00:00+00:00,589.0
2020-03-09 07:00:00+00:00,2536.5
2020-03-09 08:00:00+00:00,5258.0
2020-03-09 09:00:00+00:00,7862.0
2020-03-09 10:00:00+00:00,10181.0
2020-03-09 11:00:00+00:00,11949.75
2020-03-09 12:00:00+00:00,12120.75
2020-03-09 13:00:00+00:00,11581.5
2020-03-09 14:00:00+00:00,9461.5
2020-03-09 15:00:00+00:00,5613.0
2020-03-09 16:00:00+00:00,1577.0
2020-03-09 17:00:00+00:00,35.25
2020-03-09 18:00:00+00:00,1.0
2020-03-09 19:00:00+00:00,0.75
2020-03-09 20:00:00+00:00,0.5
2020-03-09 21:00:00+00:00,0.0
2020-03-09 22:00:00+00:00,0.5
2020-03-09 23:00:00+00:00,0.5
2020-03-10 00:00:00+00:00,0.25
2020-03-10 01:00:00+00:00,0.75
2020-03-10 02:00:00+00:00,0.75
2020-03-10 03:00:00+00:00,0.75
2020-03-10 04:00:00+00:00,1.0
2020-03-10 05:00:00+00:00,53.5
2020-03-10 06:00:00+00:00,738.0
2020-03-10 07:00:00+00:00,1772.25
2020-03-10 08:00:00+00:00,2992.25
2020-03-10 09:00:00+00:00,4190.25
2020-03-10 10:00:00+00:00,4661.5
2020-03-10 11:00:00+00:00,4748.0
2020-03-10 12:00:00+00:00,4343.75
2020-03-10 13:00:00+00:00,3408.25
2020-03-10 14:00:00+00:00,2313.75
2020-03-10 15:00:00+00:00,1173.25
2020-03-10 16:00:00+00:00,283.75
2020-03-10 17:00:00+00:00,9.0
2020-03-10 18:00:00+00:00,1.0
2020-03-10 19:00:00+00:00,1.0
2020-03-10 20:00:00+00:00,1.0
2020-03-10 21:00:00+00:00,1.0
2020-03-10 22:00:00+00:00,0.25
2020-03-10 23:00:00+00:00,0.25
2020-03-11 00:00:00+00:00,0.25
2020-03-11 01:00:00+00:00,0.5
2020-03-11 02:00:00+00:00,1.0
2020-03-11 03:00:00+00:00,1.0
2020-03-11 04:00:00+00:00,1.0
2020-03-11 05:00:00+00:00,33.0
2020-03-11 06:00:00+00:00,952.75
2020-03-11 07:00:00+00:00,3624.0
2020-03-11 08:00:00+00:00,6693.25
2020-03-11 09:00:00+00:00,9751.5
2020-03-11 10:00:00+00:00,11602.0
2020-03-11 11:00:00+00:00,12198.5
2020-03-11 12:00:00+00:00,11408.5
2020-03-11 13:00:00+00:00,9991.0
2020-03-11 14:00:00+00:00,7591.25
2020-03-11 15:00:00+00:00,4524.75
2020-03-11 16:00:00+00:00,1299.75
2020-03-11 17:00:00+00:00,37.0
2020-03-11 18:00:00+00:00,1.0
2020-03-11 19:00:00+00:00,0.5
2020-03-11 20:00:00+00:00,0.75
2020-03-11 21:00:00+00:00,0.75
2020-03-11 22:00:00+00:00,0.0
2020-03-11 23:00:00+00:00,0.75
2020-03-12 00:00:00+00:00,0.75
2020-03-12 01:00:00+00:00,0.75
2020-03-12 02:00:00+00:00,0.75
2020-03-12 03:00:00+00:00,0.75
2020-03-12 04:00:00+00:00,1.0
2020-03-12 05:00:00+00:00,52.25
2020-03-12 06:00:00+00:00,1489.75
2020-03-12 07:00:00+00:00,5066.75
2020-03-12 08:00:00+00:00,9641.0
2020-03-12 09:00:00+00:00,13610.25
2020-03-12 10:00:00+00:00,15469.5
2020-03-12 11:00:00+00:00,16397.5
2020-03-12 12:00:00+00:00,16365.0
2020-03-12 13:00:00+00:00,15022.5
2020-03-12 14:00:00+00:00,11028.25
2020-03-12 15:00:00+00:00,6047.0
2020-03-12 16:00:00+00:00,1595.0
2020-03-12 17:00:00+00:00,43.25
2020-03-12 18:00:00+00:00,1.0
2020-03-12 19:00:00+00:00,0.25
2020-03-12 20:00:00+00:00,0.0
2020-03-12 21:00:00+00:00,0.0
2020-03-12 22:00:00+00:00,0.0
2020-03-12 23:00:00+00:00,0.0
2020-03-13 00:00:00+00:00,0.0
2020-03-13 01:00:00+00:00,0.75
2020-03-13 02:00:00+00:00,0.5
2020-03-13 03:00:00+00:00,0.5
2020-03-13 04:00:00+00:00,1.0
2020-03-13 05:00:00+00:00,75.0
2020-03-13 06:00:00+00:00,1762.0
2020-03-13 07:00:00+00:00,5749.75
2020-03-13 08:00:00+00:00,10347.0
2020-03-13 09:00:00+00:00,13879.0
2020-03-13 10:00:00+00:00,16100.25
2020-03-13 11:00:00+00:00,16699.75
2020-03-13 12:00:00+00:00,16660.25
2020-03-13 13:00:00+00:00,15326.5
2020-03-13 14:00:00+00:00,11800.0
2020-03-13 15:00:00+00:00,7008.25
2020-03-13 16:00:00+00:00,2516.5
2020-03-13 17:00:00+00:00,65.5
2020-03-13 18:00:00+00:00,0.25
2020-03-13 19:00:00+00:00,0.0
2020-03-13 20:00:00+00:00,0.0
2020-03-13 21:00:00+00:00,0.0
2020-03-13 22:00:00+00:00,0.0
2020-03-13 23:00:00+00:00,0.25
2020-03-14 00:00:00+00:00,0.0
2020-03-14 01:00:00+00:00,0.0
2020-03-14 02:00:00+00:00,0.0
2020-03-14 03:00:00+00:00,0.0
2020-03-14 04:00:00+00:00,0.75
2020-03-14 05:00:00+00:00,165.0
2020-03-14 06:00:00+00:00,3149.75
2020-03-14 07:00:00+00:00,9023.75
2020-03-14 08:00:00+00:00,15652.0
2020-03-14 09:00:00+00:00,20332.5
2020-03-14 10:00:00+00:00,22040.75
2020-03-14 11:00:00+00:00,22123.25
2020-03-14 12:00:00+00:00,20014.0
2020-03-14 13:00:00+00:00,16336.5
2020-03-14 14:00:00+00:00,12046.5
2020-03-14 15:00:00+00:00,6944.0
2020-03-14 16:00:00+00:00,2031.25
2020-03-14 17:00:00+00:00,60.25
2020-03-14 18:00:00+00:00,0.75
2020-03-14 19:00:00+00:00,0.0
2020-03-14 20:00:00+00:00,0.0
2020-03-14 21:00:00+00:00,0.0
2020-03-14 22:00:00+00:00,0.0
2020-03-14 23:00:00+00:00,0.0
2020-03-15 00:00:00+00:00,0.0
2020-03-15 01:00:00+00:00,0.0
2020-03-15 02:00:00+00:00,0.25
2020-03-15 03:00:00+00:00,0.0
2020-03-15 04:00:00+00:00,0.75
2020-03-15 05:00:00+00:00,213.0
2020-03-15 06:00:00+00:00,3808.75
2020-03-15 07:00:00+00:00,10721.5
2020-03-15 08:00:00+00:00,17750.5
2020-03-15 09:00:00+00:00,22890.25
2020-03-15 10:00:00+00:00,25562.75
2020-03-15 11:00:00+00:00,25748.5
2020-03-15 12:00:00+00:00,23667.0
2020-03-15 13:00:00+00:00,19981.75
2020-03-15 14:00:00+00:00,14865.0
2020-03-15 15:00:00+00:00,8547.5
2020-03-15 16:00:00+00:00,2630.5
2020-03-15 17:00:00+00:00,86.5
2020-03-15 18:00:00+00:00,0.5
2020-03-15 19:00:00+00:00,0.0
2020-03-15 20:00:00+00:00,0.0
2020-03-15 21:00:00+00:00,0.0
2020-03-15 22:00:00+00:00,0.0
2020-03-15 23:00:00+00:00,0.0
2020-03-16 00:00:00+00:00,0.0
2020-03-16 01:00:00+00:00,0.0
2020-03-16 02:00:00+00:00,0.75
2020-03-16 03:00:00+00:00,0.75
2020-03-16 04:00:00+00:00,1.0
2020-03-16 05:00:00+00:00,253.5
2020-03-16 06:00:00+00:00,3915.75
2020-03-16 07:00:00+00:00,10782.5
2020-03-16 08:00:00+00:00,17681.25
2020-03-16 09:00:00+00:00,22414.25
2020-03-16 10:00:00+00:00,24897.0
2020-03-16 11:00:00+00:00,25382.75
2020-03-16 12:00:00+00:00,24044.75
2020-03-16 13:00:00+00:00,20868.0
2020-03-16 14:00:00+00:00,15743.75
2020-03-16 15:00:00+00:00,8852.0
2020-03-16 16:00:00+00:00,2576.0
2020-03-16 17:00:00+00:00,96.0
2020-03-16 18:00:00+00:00,1.0
2020-03-16 19:00:00+00:00,1.0
2020-03-16 20:00:00+00:00,1.0
2020-03-16 21:00:00+00:00,1.0
2020-03-16 22:00:00+00:00,0.75
2020-03-16 23:00:00+00:00,0.75
2020-03-17 00:00:00+00:00,0.0
2020-03-17 01:00:00+00:00,0.5
2020-03-17 02:00:00+00:00,0.75
2020-03-17 03:00:00+00:00,0.5
2020-03-17 04:00:00+00:00,1.0
2020-03-17 05:00:00+00:00,139.0
2020-03-17 06:00:00+00:00,2033.5
2020-03-17 07:00:00+00:00,5496.75
2020-03-17 08:00:00+00:00,9531.25
2020-03-17 09:00:00+00:00,12958.5
2020-03-17 10:00:00+00:00,15815.75
2020-03-17 11:00:00+00:00,17675.25
2020-03-17 12:00:00+00:00,17613.0
2020-03-17 13:00:00+00:00,15472.0
2020-03-17 14:00:00+00:00,11606.5
2020-03-17 15:00:00+00:00,6970.75
2020-03-17 16:00:00+00:00,2232.25
2020-03-17 17:00:00+00:00,100.25
2020-03-17 18:00:00+00:00,1.0
2020-03-17 19:00:00+00:00,1.0
2020-03-17 20:00:00+00:00,1.0
2020-03-17 21:00:00+00:00,0.75
2020-03-17 22:00:00+00:00,0.5
2020-03-17 23:00:00+00:00,0.5
2020-03-18 00:00:00+00:00,0.25
2020-03-18 01:00:00+00:00,0.0
2020-03-18 02:00:00+00:00,0.25
2020-03-18 03:00:00+00:00,0.5
2020-03-18 04:00:00+00:00,0.75
2020-03-18 05:00:00+00:00,285.25
2020-03-18 06:00:00+00:00,3674.75
2020-03-18 07:00:00+00:00,9678.5
2020-03-18 08:00:00+00:00,16225.25
2020-03-18 09:00:00+00:00,21370.0
2020-03-18 10:00:00+00:00,23855.0
2020-03-18 11:00:00+00:00,23615.25
2020-03-18 12:00:00+00:00,21667.25
2020-03-18 13:00:00+00:00,18427.5
2020-03-18 14:00:00+00:00,13631.75
2020-03-18 15:00:00+00:00,7999.0
2020-03-18 16:00:00+00:00,2545.5
2020-03-18 17:00:00+00:00,129.0
2020-03-18 18:00:00+00:00,1.0
2020-03-18 19:00:00+00:00,1.0
2020-03-18 20:00:00+00:00,1.0
2020-03-18 21:00:00+00:00,0.75
2020-03-18 22:00:00+00:00,0.5
2020-03-18 23:00:00+00:00,0.25
2020-03-19 00:00:00+00:00,0.25
2020-03-19 01:00:00+00:00,0.5
2020-03-19 02:00:00+00:00,0.5
2020-03-19 03:00:00+00:00,0.5
2020-03-19 04:00:00+00:00,1.0
2020-03-19 05:00:00+00:00,233.5
2020-03-19 06:00:00+00:00,2823.75
2020-03-19 07:00:00+00:00,7689.5
2020-03-19 08:00:00+00:00,13235.75
2020-03-19 09:00:00+00:00,18009.0
2020-03-19 10:00:00+00:00,20978.75
2020-03-19 11:00:00+00:00,21706.5
2020-03-19 12:00:00+00:00,20334.25
2020-03-19 13:00:00+00:00,17460.0
2020-03-19 14:00:00+00:00,12808.0
2020-03-19 15:00:00+00:00,7334.25
2020-03-19 16:00:00+00:00,2381.5
2020-03-19 17:00:00+00:00,115.75
2020-03-19 18:00:00+00:00,1.0
2020-03-19 19:00:00+00:00,0.75
2020-03-19 20:00:00+00:00,0.75
2020-03-19 21:00:00+00:00,0.75
2020-03-19 22:00:00+00:00,0.25
2020-03-19 23:00:00+00:00,0.75
2020-03-20 00:00:00+00:00,0.75
2020-03-20 01:00:00+00:00,0.75
2020-03-20 02:00:00+00:00,1.0
2020-03-20 03:00:00+00:00,1.0
2020-03-20 04:00:00+00:00,1.25
2020-03-20 05:00:00+00:00,229.25
2020-03-20 06:00:00+00:00,2438.0
2020-03-20 07:00:00+00:00,6277.25
2020-03-20 08:00:00+00:00,10372.0
2020-03-20 09:00:00+00:00,13545.5
2020-03-20 10:00:00+00:00,15536.75
2020-03-20 11:00:00+00:00,15947.5
2020-03-20 12:00:00+00:00,14727.5
2020-03-20 13:00:00+00:00,12130.75
2020-03-20 14:00:00+00:00,8794.0
2020-03-20 15:00:00+00:00,4903.5
2020-03-20 16:00:00+00:00,1574.0
2020-03-20 17:00:00+00:00,86.75
2020-03-20 18:00:00+00:00,0.0
2020-03-20 19:00:00+00:00,0.0
2020-03-20 20:00:00+00:00,0.25
2020-03-20 21:00:00+00:00,0.25
2020-03-20 22:00:00+00:00,0.0
2020-03-20 23:00:00+00:00,0.5
2020-03-21 00:00:00+00:00,0.0
2020-03-21 01:00:00+00:00,0.25
2020-03-21 02:00:00+00:00,0.0
2020-03-21 03:00:00+00:00,0.0
2020-03-21 04:00:00+00:00,1.0
2020-03-21 05:00:00+00:00,198.0
2020-03-21 06:00:00+00:00,2040.5
2020-03-21 07:00:00+00:00,5422.25
2020-03-21 08:00:00+00:00,9045.5
2020-03-21 09:00:00+00:00,11459.75
2020-03-21 10:00:00+00:00,11666.75
2020-03-21 11:00:00+00:00,11323.5
2020-03-21 12:00:00+00:00,11601.0
2020-03-21 13:00:00+00:00,11293.0
2020-03-21 14:00:00+00:00,9160.5
2020-03-21 15:00:00+00:00,5871.25
2020-03-21 16:00:00+00:00,2119.5
2020-03-21 17:00:00+00:00,155.0
2020-03-21 18:00:00+00:00,0.25
2020-03-21 19:00:00+00:00,0.0
2020-03-21 20:00:00+00:00,0.0
2020-03-21 21:00:00+00:00,0.0
2020-03-21 22:00:00+00:00,0.0
2020-03-21 23:00:00+00:00,0.0
2020-03-22 00:00:00+00:00,0.0
2020-03-22 01:00:00+00:00,0.0
2020-03-22 02:00:00+00:00,0.25
2020-03-22 03:00:00+00:00,0.25
2020-03-22 04:00:00+00:00,2.75
2020-03-22 05:00:00+00:00,614.0
2020-03-22 06:00:00+00:00,5240.25
2020-03-22 07:00:00+00:00,12625.75
2020-03-22 08:00:00+00:00,19835.25
2020-03-22 09:00:00+00:00,25119.5
2020-03-22 10:00:00+00:00,28348.25
2020-03-22 11:00:00+00:00,29768.0
2020-03-22 12:00:00+00:00,28734.75
2020-03-22 13:00:00+00:00,25436.0
2020-03-22 14:00:00+00:00,19817.0
2020-03-22 15:00:00+00:00,12060.0
2020-03-22 16:00:00+00:00,4230.5
2020-03-22 17:00:00+00:00,298.25
2020-03-22 18:00:00+00:00,0.5
2020-03-22 19:00:00+00:00,0.0
2020-03-22 20:00:00+00:00,0.0
2020-03-22 21:00:00+00:00,0.0
2020-03-22 22:00:00+00:00,0.0
2020-03-22 23:00:00+00:00,0.0
2020-03-23 00:00:00+00:00,0.0
2020-03-23 01:00:00+00:00,0.25
2020-03-23 02:00:00+00:00,0.25
2020-03-23 03:00:00+00:00,0.25
2020-03-23 04:00:00+00:00,4.0
2020-03-23 05:00:00+00:00,788.5
2020-03-23 06:00:00+00:00,6124.0
2020-03-23 07:00:00+00:00,14494.5
2020-03-23 08:00:00+00:00,22291.75
2020-03-23 09:00:00+00:00,27727.5
2020-03-23 10:00:00+00:00,30810.5
2020-03-23 11:00:00+00:00,31518.25
2020-03-23 12:00:00+00:00,29956.25
2020-03-23 13:00:00+00:00,26408.0
2020-03-23 14:00:00+00:00,20445.75
2020-03-23 15:00:00+00:00,12396.25
2020-03-23 16:00:00+00:00,4326.75
2020-03-23 17:00:00+00:00,324.0
2020-03-23 18:00:00+00:00,1.0
2020-03-23 19:00:00+00:00,0.75
2020-03-23 20:00:00+00:00,0.25
2020-03-23 21:00:00+00:00,0.25
2020-03-23 22:00:00+00:00,0.0
2020-03-23 23:00:00+00:00,0.0
2020-03-24 00:00:00+00:00,0.0
2020-03-24 01:00:00+00:00,0.25
2020-03-24 02:00:00+00:00,0.5
2020-03-24 03:00:00+00:00,0.5
2020-03-24 04:00:00+00:00,3.0
2020-03-24 05:00:00+00:00,853.25
2020-03-24 06:00:00+00:00,6172.75
2020-03-24 07:00:00+00:00,14404.0
2020-03-24 08:00:00+00:00,22107.0
2020-03-24 09:00:00+00:00,27613.25
2020-03-24 10:00:00+00:00,30574.25
2020-03-24 11:00:00+00:00,31285.75
2020-03-24 12:00:00+00:00,29768.25
2020-03-24 13:00:00+00:00,26122.0
2020-03-24 14:00:00+00:00,20030.5
2020-03-24 15:00:00+00:00,12130.0
2020-03-24 16:00:00+00:00,4256.25
2020-03-24 17:00:00+00:00,343.75
2020-03-24 18:00:00+00:00,1.0
2020-03-24 19:00:00+00:00,0.5
2020-03-24 20:00:00+00:00,0.25
2020-03-24 21:00:00+00:00,0.0
2020-03-24 22:00:00+00:00,0.0
2020-03-24 23:00:00+00:00,0.25
2020-03-25 00:00:00+00:00,0.0
2020-03-25 01:00:00+00:00,0.25
2020-03-25 02:00:00+00:00,0.25
2020-03-25 03:00:00+00:00,1.0
2020-03-25 04:00:00+00:00,1.5
2020-03-25 05:00:00+00:00,874.25
2020-03-25 06:00:00+00:00,6341.25
2020-03-25 07:00:00+00:00,14655.5
2020-03-25 08:00:00+00:00,22280.0
2020-03-25 09:00:00+00:00,27717.5
2020-03-25 10:00:00+00:00,30470.75
2020-03-25 11:00:00+00:00,31009.0
2020-03-25 12:00:00+00:00,29529.25
2020-03-25 13:00:00+00:00,25868.0
2020-03-25 14:00:00+00:00,19774.0
2020-03-25 15:00:00+00:00,12003.0
2020-03-25 16:00:00+00:00,4290.25
2020-03-25 17:00:00+00:00,378.75
2020-03-25 18:00:00+00:00,1.0
2020-03-25 19:00:00+00:00,0.25
2020-03-25 20:00:00+00:00,0.5
2020-03-25 21:00:00+00:00,0.0
2020-03-25 22:00:00+00:00,0.0
2020-03-25 23:00:00+00:00,0.0
2020-03-26 00:00:00+00:00,0.0
2020-03-26 01:00:00+00:00,0.0
2020-03-26 02:00:00+00:00,0.25
2020-03-26 03:00:00+00:00,0.25
2020-03-26 04:00:00+00:00,2.25
2020-03-26 05:00:00+00:00,854.0
2020-03-26 06:00:00+00:00,5747.5
2020-03-26 07:00:00+00:00,13160.0
2020-03-26 08:00:00+00:00,19901.5
2020-03-26 09:00:00+00:00,24226.25
2020-03-26 10:00:00+00:00,26197.75
2020-03-26 11:00:00+00:00,26179.5
2020-03-26 12:00:00+00:00,24401.0
2020-03-26 13:00:00+00:00,20764.75
2020-03-26 14:00:00+00:00,15486.25
2020-03-26 15:00:00+00:00,9199.0
2020-03-26 16:00:00+00:00,3495.5
2020-03-26 17:00:00+00:00,352.75
2020-03-26 18:00:00+00:00,1.0
2020-03-26 19:00:00+00:00,0.25
2020-03-26 20:00:00+00:00,0.0
2020-03-26 21:00:00+00:00,0.0
2020-03-26 22:00:00+00:00,0.0
2020-03-26 23:00:00+00:00,0.0
2020-03-27 00:00:00+00:00,0.0
2020-03-27 01:00:00+00:00,0.0
2020-03-27 02:00:00+00:00,0.5
2020-03-27 03:00:00+00:00,0.75
2020-03-27 04:00:00+00:00,4.5
2020-03-27 05:00:00+00:00,1021.25
2020-03-27 06:00:00+00:00,6010.25
2020-03-27 07:00:00+00:00,13514.75
2020-03-27 08:00:00+00:00,20712.75
2020-03-27 09:00:00+00:00,25764.75
2020-03-27 10:00:00+00:00,28487.25
2020-03-27 11:00:00+00:00,29005.75
2020-03-27 12:00:00+00:00,27487.75
2020-03-27 13:00:00+00:00,23899.75
2020-03-27 14:00:00+00:00,18237.5
2020-03-27 15:00:00+00:00,10938.75
2020-03-27 16:00:00+00:00,3982.75
2020-03-27 17:00:00+00:00,399.75
2020-03-27 18:00:00+00:00,0.75
2020-03-27 19:00:00+00:00,0.0
2020-03-27 20:00:00+00:00,0.0
2020-03-27 21:00:00+00:00,0.0
2020-03-27 22:00:00+00:00,0.0
2020-03-27 23:00:00+00:00,0.0
2020-03-28 00:00:00+00:00,0.0
2020-03-28 01:00:00+00:00,0.0
2020-03-28 02:00:00+00:00,0.0
2020-03-28 03:00:00+00:00,0.25
2020-03-28 04:00:00+00:00,4.75
2020-03-28 05:00:00+00:00,1155.0
2020-03-28 06:00:00+00:00,6232.0
2020-03-28 07:00:00+00:00,13680.25
2020-03-28 08:00:00+00:00,20782.75
2020-03-28 09:00:00+00:00,25917.75
2020-03-28 10:00:00+00:00,28805.25
2020-03-28 11:00:00+00:00,29473.0
2020-03-28 12:00:00+00:00,27990.0
2020-03-28 13:00:00+00:00,24342.25
2020-03-28 14:00:00+00:00,18561.5
2020-03-28 15:00:00+00:00,11249.0
2020-03-28 16:00:00+00:00,4184.0
2020-03-28 17:00:00+00:00,443.25
2020-03-28 18:00:00+00:00,0.5
2020-03-28 19:00:00+00:00,0.0
2020-03-28 20:00:00+00:00,0.0
2020-03-28 21:00:00+00:00,0.0
2020-03-28 22:00:00+00:00,0.0
2020-03-28 23:00:00+00:00,0.0
2020-03-29 00:00:00+00:00,0.0
2020-03-29 01:00:00+00:00,0.0
2020-03-29 02:00:00+00:00,0.25
2020-03-29 03:00:00+00:00,0.0
2020-03-29 04:00:00+00:00,4.0
2020-03-29 05:00:00+00:00,642.5
2020-03-29 06:00:00+00:00,3243.25
2020-03-29 07:00:00+00:00,6495.75
2020-03-29 08:00:00+00:00,8746.75
2020-03-29 09:00:00+00:00,10098.5
2020-03-29 10:00:00+00:00,10186.5
2020-03-29 11:00:00+00:00,9899.25
2020-03-29 12:00:00+00:00,9262.25
2020-03-29 13:00:00+00:00,8127.0
2020-03-29 14:00:00+00:00,6648.25
2020-03-29 15:00:00+00:00,4441.0
2020-03-29 16:00:00+00:00,1943.5
2020-03-29 17:00:00+00:00,264.5
2020-03-29 18:00:00+00:00,0.75
2020-03-29 19:00:00+00:00,0.0
2020-03-29 20:00:00+00:00,0.0
2020-03-29 21:00:00+00:00,0.0
2020-03-29 22:00:00+00:00,0.0
2020-03-29 23:00:00+00:00,0.0
2020-03-30 00:00:00+00:00,0.0
2020-03-30 01:00:00+00:00,0.0
2020-03-30 02:00:00+00:00,0.5
2020-03-30 03:00:00+00:00,1.0
2020-03-30 04:00:00+00:00,9.25
2020-03-30 05:00:00+00:00,964.25
2020-03-30 06:00:00+00:00,5118.25
2020-03-30 07:00:00+00:00,10805.0
2020-03-30 08:00:00+00:00,16132.25
2020-03-30 09:00:00+00:00,20224.75
2020-03-30 10:00:00+00:00,21754.75
2020-03-30 11:00:00+00:00,22257.5
2020-03-30 12:00:00+00:00,21474.75
2020-03-30 13:00:00+00:00,19146.75
2020-03-30 14:00:00+00:00,14871.5
2020-03-30 15:00:00+00:00,9219.5
2020-03-30 16:00:00+00:00,3641.0
2020-03-30 17:00:00+00:00,448.75
2020-03-30 18:00:00+00:00,1.0
2020-03-30 19:00:00+00:00,0.0
2020-03-30 20:00:00+00:00,0.0
2020-03-30 21:00:00+00:00,0.0
2020-03-30 22:00:00+00:00,0.0
2020-03-30 23:00:00+00:00,0.25
2020-03-31 00:00:00+00:00,0.0
2020-03-31 01:00:00+00:00,0.0
2020-03-31 02:00:00+00:00,0.25
2020-03-31 03:00:00+00:00,0.75
2020-03-31 04:00:00+00:00,9.0
2020-03-31 05:00:00+00:00,1127.5
2020-03-31 06:00:00+00:00,5626.25
2020-03-31 07:00:00+00:00,12664.75
2020-03-31 08:00:00+00:00,19421.5
2020-03-31 09:00:00+00:00,22944.75
2020-03-31 10:00:00+00:00,22573.0
2020-03-31 11:00:00+00:00,21849.0
2020-03-31 12:00:00+00:00,21764.75
2020-03-31 13:00:00+00:00,20137.5
2020-03-31 14:00:00+00:00,16193.5
2020-03-31 15:00:00+00:00,11050.75
2020-03-31 16:00:00+00:00,4746.5
2020-03-31 17:00:00+00:00,641.25
2020-03-31 18:00:00+00:00,1.25
2020-03-31 19:00:00+00:00,0.5
2020-03-31 20:00:00+00:00,0.0
2020-03-31 21:00:00+00:00,0.0
2020-03-31 22:00:00+00:00,0.0
2020-03-31 23:00:00+00:00,0.0
2020-04-01 00:00:00+00:00,0.0
2020-04-01 01:00:00+00:00,0.25
2020-04-01 02:00:00+00:00,0.75
2020-04-01 03:00:00+00:00,1.0
2020-04-01 04:00:00+00:00,13.25
2020-04-01 05:00:00+00:00,1583.25
2020-04-01 06:00:00+00:00,7392.5
2020-04-01 07:00:00+00:00,15098.5
2020-04-01 08:00:00+00:00,21903.5
2020-04-01 09:00:00+00:00,26537.25
2020-04-01 10:00:00+00:00,28754.25
2020-04-01 11:00:00+00:00,28412.0
2020-04-01 12:00:00+00:00,26558.75
2020-04-01 13:00:00+00:00,23143.0
2020-04-01 14:00:00+00:00,17900.75
2020-04-01 15:00:00+00:00,11271.5
2020-04-01 16:00:00+00:00,4496.75
2020-04-01 17:00:00+00:00,577.5
2020-04-01 18:00:00+00:00,1.25
2020-04-01 19:00:00+00:00,1.0
2020-04-01 20:00:00+00:00,0.75
2020-04-01 21:00:00+00:00,0.0
2020-04-01 22:00:00+00:00,0.25
2020-04-01 23:00:00+00:00,0.5
2020-04-02 00:00:00+00:00,1.0
2020-04-02 01:00:00+00:00,1.0
2020-04-02 02:00:00+00:00,1.0
2020-04-02 03:00:00+00:00,1.0
2020-04-02 04:00:00+00:00,15.5
2020-04-02 05:00:00+00:00,1480.75
2020-04-02 06:00:00+00:00,6545.75
2020-04-02 07:00:00+00:00,13484.75
2020-04-02 08:00:00+00:00,20048.75
2020-04-02 09:00:00+00:00,24518.75
2020-04-02 10:00:00+00:00,25563.75
2020-04-02 11:00:00+00:00,25175.25
2020-04-02 12:00:00+00:00,23654.25
2020-04-02 13:00:00+00:00,20971.5
2020-04-02 14:00:00+00:00,16665.0
2020-04-02 15:00:00+00:00,10634.75
2020-04-02 16:00:00+00:00,4223.5
2020-04-02 17:00:00+00:00,541.5
2020-04-02 18:00:00+00:00,1.0
2020-04-02 19:00:00+00:00,0.75
2020-04-02 20:00:00+00:00,0.0
2020-04-02 21:00:00+00:00,0.25
2020-04-02 22:00:00+00:00,0.25
2020-04-02 23:00:00+00:00,0.25
2020-04-03 00:00:00+00:00,0.75
2020-04-03 01:00:00+00:00,1.0
2020-04-03 02:00:00+00:00,1.0
2020-04-03 03:00:00+00:00,1.0
2020-04-03 04:00:00+00:00,18.5
2020-04-03 05:00:00+00:00,1208.75
2020-04-03 06:00:00+00:00,4818.75
2020-04-03 07:00:00+00:00,10051.0
2020-04-03 08:00:00+00:00,14877.5
2020-04-03 09:00:00+00:00,18153.0
2020-04-03 10:00:00+00:00,20045.0
2020-04-03 11:00:00+00:00,19475.75
2020-04-03 12:00:00+00:00,16662.0
2020-04-03 13:00:00+00:00,13687.5
2020-04-03 14:00:00+00:00,9941.5
2020-04-03 15:00:00+00:00,6191.75
2020-04-03 16:00:00+00:00,2664.75
2020-04-03 17:00:00+00:00,428.0
2020-04-03 18:00:00+00:00,1.0
2020-04-03 19:00:00+00:00,1.0
2020-04-03 20:00:00+00:00,0.25
2020-04-03 21:00:00+00:00,0.0
2020-04-03 22:00:00+00:00,0.0
2020-04-03 23:00:00+00:00,0.0
2020-04-04 00:00:00+00:00,0.25
2020-04-04 01:00:00+00:00,0.25
2020-04-04 02:00:00+00:00,1.0
2020-04-04 03:00:00+00:00,1.0
2020-04-04 04:00:00+00:00,24.5
2020-04-04 05:00:00+00:00,1639.75
2020-04-04 06:00:00+00:00,6574.0
2020-04-04 07:00:00+00:00,13660.75
2020-04-04 08:00:00+00:00,20608.25
2020-04-04 09:00:00+00:00,25387.75
2020-04-04 10:00:00+00:00,27641.5
2020-04-04 11:00:00+00:00,28263.25
2020-04-04 12:00:00+00:00,27231.0
2020-04-04 13:00:00+00:00,24485.75
2020-04-04 14:00:00+00:00,19581.5
2020-04-04 15:00:00+00:00,12703.5
2020-04-04 16:00:00+00:00,5393.0
2020-04-04 17:00:00+00:00,818.25
2020-04-04 18:00:00+00:00,2.25
2020-04-04 19:00:00+00:00,0.0
2020-04-04 20:00:00+00:00,0.0
2020-04-04 21:00:00+00:00,0.0
2020-04-04 22:00:00+00:00,0.0
2020-04-04 23:00:00+00:00,0.0
2020-04-05 00:00:00+00:00,0.0
2020-04-05 01:00:00+00:00,0.25
2020-04-05 02:00:00+00:00,0.5
2020-04-05 03:00:00+00:00,1.0
2020-04-05 04:00:00+00:00,45.25
2020-04-05 05:00:00+00:00,2169.0
2020-04-05 06:00:00+00:00,8453.25
2020-04-05 07:00:00+00:00,16642.5
2020-04-05 08:00:00+00:00,23751.25
2020-04-05 09:00:00+00:00,28749.25
2020-04-05 10:00:00+00:00,31354.25
2020-04-05 11:00:00+00:00,31851.75
2020-04-05 12:00:00+00:00,30380.25
2020-04-05 13:00:00+00:00,26851.0
2020-04-05 14:00:00+00:00,21185.5
2020-04-05 15:00:00+00:00,13648.75
2020-04-05 16:00:00+00:00,5677.5
2020-04-05 17:00:00+00:00,883.25
2020-04-05 18:00:00+00:00,3.25
2020-04-05 19:00:00+00:00,0.0
2020-04-05 20:00:00+00:00,0.0
2020-04-05 21:00:00+00:00,0.0
2020-04-05 22:00:00+00:00,0.25
2020-04-05 23:00:00+00:00,0.0
2020-04-06 00:00:00+00:00,0.25
2020-04-06 01:00:00+00:00,0.25
2020-04-06 02:00:00+00:00,0.75
2020-04-06 03:00:00+00:00,1.0
2020-04-06 04:00:00+00:00,57.75
2020-04-06 05:00:00+00:00,2290.25
2020-04-06 06:00:00+00:00,8646.75
2020-04-06 07:00:00+00:00,16835.0
2020-04-06 08:00:00+00:00,23610.0
2020-04-06 09:00:00+00:00,28235.25
2020-04-06 10:00:00+00:00,30627.25
2020-04-06 11:00:00+00:00,30936.0
2020-04-06 12:00:00+00:00,29450.25
2020-04-06 13:00:00+00:00,26010.75
2020-04-06 14:00:00+00:00,20485.5
2020-04-06 15:00:00+00:00,13218.5
2020-04-06 16:00:00+00:00,5514.75
2020-04-06 17:00:00+00:00,851.5
2020-04-06 18:00:00+00:00,2.75
2020-04-06 19:00:00+00:00,1.0
2020-04-06 20:00:00+00:00,0.75
2020-04-06 21:00:00+00:00,0.75
2020-04-06 22:00:00+00:00,0.25
2020-04-06 23:00:00+00:00,0.0
2020-04-07 00:00:00+00:00,0.0
2020-04-07 01:00:00+00:00,0.75
2020-04-07 02:00:00+00:00,0.5
2020-04-07 03:00:00+00:00,1.0
2020-04-07 04:00:00+00:00,66.75
2020-04-07 05:00:00+00:00,2208.0
2020-04-07 06:00:00+00:00,7955.5
2020-04-07 07:00:00+00:00,15467.75
2020-04-07 08:00:00+00:00,22128.75
2020-04-07 09:00:00+00:00,26646.0
2020-04-07 10:00:00+00:00,29198.5
2020-04-07 11:00:00+00:00,29944.25
2020-04-07 12:00:00+00:00,28696.0
2020-04-07 13:00:00+00:00,25291.5
2020-04-07 14:00:00+00:00,19813.25
2020-04-07 15:00:00+00:00,12805.5
2020-04-07 16:00:00+00:00,5435.5
2020-04-07 17:00:00+00:00,908.25
2020-04-07 18:00:00+00:00,3.5
2020-04-07 19:00:00+00:00,1.0
2020-04-07 20:00:00+00:00,1.0
2020-04-07 21:00:00+00:00,0.25
2020-04-07 22:00:00+00:00,0.0
2020-04-07 23:00:00+00:00,0.0
2020-04-08 00:00:00+00:00,0.0
2020-04-08 01:00:00+00:00,0.75
2020-04-08 02:00:00+00:00,1.0
2020-04-08 03:00:00+00:00,1.0
2020-04-08 04:00:00+00:00,79.5
2020-04-08 05:00:00+00:00,2386.5
2020-04-08 06:00:00+00:00,8597.75
2020-04-08 07:00:00+00:00,16309.5
2020-04-08 08:00:00+00:00,22837.25
2020-04-08 09:00:00+00:00,27221.75
2020-04-08 10:00:00+00:00,29598.5
2020-04-08 11:00:00+00:00,29903.5
2020-04-08 12:00:00+00:00,28424.0
2020-04-08 13:00:00+00:00,24908.25
2020-04-08 14:00:00+00:00,19379.5
2020-04-08 15:00:00+00:00,12417.25
2020-04-08 16:00:00+00:00,5309.75
2020-04-08 17:00:00+00:00,947.75
2020-04-08 18:00:00+00:00,5.25
2020-04-08 19:00:00+00:00,1.0
2020-04-08 20:00:00+00:00,1.0
2020-04-08 21:00:00+00:00,0.25
2020-04-08 22:00:00+00:00,0.0
2020-04-08 23:00:00+00:00,0.25
2020-04-09 00:00:00+00:00,0.25
2020-04-09 01:00:00+00:00,0.75
2020-04-09 02:00:00+00:00,1.0
2020-04-09 03:00:00+00:00,1.0
2020-04-09 04:00:00+00:00,99.0
2020-04-09 05:00:00+00:00,2351.0
2020-04-09 06:00:00+00:00,7871.75
2020-04-09 07:00:00+00:00,14900.0
2020-04-09 08:00:00+00:00,21258.5
2020-04-09 09:00:00+00:00,25882.25
2020-04-09 10:00:00+00:00,28325.5
2020-04-09 11:00:00+00:00,28214.25
2020-04-09 12:00:00+00:00,25938.25
2020-04-09 13:00:00+00:00,22442.5
2020-04-09 14:00:00+00:00,17712.25
2020-04-09 15:00:00+00:00,11779.5
2020-04-09 16:00:00+00:00,5153.25
2020-04-09 17:00:00+00:00,997.75
2020-04-09 18:00:00+00:00,6.75
2020-04-09 19:00:00+00:00,0.5
2020-04-09 20:00:00+00:00,0.0
2020-04-09 21:00:00+00:00,0.0
2020-04-09 22:00:00+00:00,0.0
2020-04-09 23:00:00+00:00,0.0
2020-04-10 00:00:00+00:00,0.0
2020-04-10 01:00:00+00:00,0.25
2020-04-10 02:00:00+00:00,0.0
2020-04-10 03:00:00+00:00,0.5
2020-04-10 04:00:00+00:00,111.75
2020-04-10 05:00:00+00:00,2506.25
2020-04-10 06:00:00+00:00,8459.5
2020-04-10 07:00:00+00:00,16060.75
2020-04-10 08:00:00+00:00,22693.75
2020-04-10 09:00:00+00:00,27436.0
2020-04-10 10:00:00+00:00,29755.0
2020-04-10 11:00:00+00:00,29440.25
2020-04-10 12:00:00+00:00,27560.0
2020-04-10 13:00:00+00:00,24381.0
2020-04-10 14:00:00+00:00,19524.0
2020-04-10 15:00:00+00:00,12791.25
2020-04-10 16:00:00+00:00,5729.75
2020-04-10 17:00:00+00:00,1134.75
2020-04-10 18:00:00+00:00,9.75
2020-04-10 19:00:00+00:00,0.0
2020-04-10 20:00:00+00:00,0.0
2020-04-10 21:00:00+00:00,0.0
2020-04-10 22:00:00+00:00,0.0
2020-04-10 23:00:00+00:00,0.0
2020-04-11 00:00:00+00:00,0.0
2020-04-11 01:00:00+00:00,0.0
2020-04-11 02:00:00+00:00,0.25
2020-04-11 03:00:00+00:00,0.25
2020-04-11 04:00:00+00:00,147.25
2020-04-11 05:00:00+00:00,2856.75
2020-04-11 06:00:00+00:00,9308.0
2020-04-11 07:00:00+00:00,17037.25
2020-04-11 08:00:00+00:00,23644.0
2020-04-11 09:00:00+00:00,28095.75
2020-04-11 10:00:00+00:00,30387.25
2020-04-11 11:00:00+00:00,30681.5
2020-04-11 12:00:00+00:00,29075.75
2020-04-11 13:00:00+00:00,25679.5
2020-04-11 14:00:00+00:00,20348.5
2020-04-11 15:00:00+00:00,13335.0
2020-04-11 16:00:00+00:00,5923.75
2020-04-11 17:00:00+00:00,1183.5
2020-04-11 18:00:00+00:00,12.75
2020-04-11 19:00:00+00:00,0.25
2020-04-11 20:00:00+00:00,0.0
2020-04-11 21:00:00+00:00,0.0
2020-04-11 22:00:00+00:00,0.0
2020-04-11 23:00:00+00:00,0.0
2020-04-12 00:00:00+00:00,0.0
2020-04-12 01:00:00+00:00,0.0
2020-04-12 02:00:00+00:00,0.0
2020-04-12 03:00:00+00:00,0.25
2020-04-12 04:00:00+00:00,176.0
2020-04-12 05:00:00+00:00,2907.25
2020-04-12 06:00:00+00:00,9016.75
2020-04-12 07:00:00+00:00,16051.25
2020-04-12 08:00:00+00:00,22187.0
2020-04-12 09:00:00+00:00,26373.25
2020-04-12 10:00:00+00:00,28566.25
2020-04-12 11:00:00+00:00,28403.75
2020-04-12 12:00:00+00:00,25881.0
2020-04-12 13:00:00+00:00,21603.25
2020-04-12 14:00:00+00:00,16451.0
2020-04-12 15:00:00+00:00,10678.5
2020-04-12 16:00:00+00:00,4807.0
2020-04-12 17:00:00+00:00,995.5
2020-04-12 18:00:00+00:00,10.75
2020-04-12 19:00:00+00:00,0.0
2020-04-12 20:00:00+00:00,0.0
2020-04-12 21:00:00+00:00,0.0
2020-04-12 22:00:00+00:00,0.0
2020-04-12 23:00:00+00:00,0.0
2020-04-13 00:00:00+00:00,0.0
2020-04-13 01:00:00+00:00,0.0
2020-04-13 02:00:00+00:00,0.25
2020-04-13 03:00:00+00:00,0.0
2020-04-13 04:00:00+00:00,138.25
2020-04-13 05:00:00+00:00,1961.75
2020-04-13 06:00:00+00:00,5610.75
2020-04-13 07:00:00+00:00,10072.25
2020-04-13 08:00:00+00:00,14827.0
2020-04-13 09:00:00+00:00,18221.0
2020-04-13 10:00:00+00:00,20602.0
2020-04-13 11:00:00+00:00,21762.25
2020-04-13 12:00:00+00:00,21072.75
2020-04-13 13:00:00+00:00,19186.25
2020-04-13 14:00:00+00:00,15768.25
2020-04-13 15:00:00+00:00,10618.25
2020-04-13 16:00:00+00:00,5035.5
2020-04-13 17:00:00+00:00,1126.25
2020-04-13 18:00:00+00:00,19.0
2020-04-13 19:00:00+00:00,0.0
2020-04-13 20:00:00+00:00,0.0
2020-04-13 21:00:00+00:00,0.0
2020-04-13 22:00:00+00:00,0.0
2020-04-13 23:00:00+00:00,0.0
2020-04-14 00:00:00+00:00,0.0
2020-04-14 01:00:00+00:00,0.25
2020-04-14 02:00:00+00:00,0.25
2020-04-14 03:00:00+00:00,1.25
2020-04-14 04:00:00+00:00,208.0
2020-04-14 05:00:00+00:00,2993.75
2020-04-14 06:00:00+00:00,9201.0
2020-04-14 07:00:00+00:00,16428.25
2020-04-14 08:00:00+00:00,20049.25
2020-04-14 09:00:00+00:00,19924.75
2020-04-14 10:00:00+00:00,20203.25
2020-04-14 11:00:00+00:00,21010.0
2020-04-14 12:00:00+00:00,21224.0
2020-04-14 13:00:00+00:00,20180.75
2020-04-14 14:00:00+00:00,17685.75
2020-04-14 15:00:00+00:00,12736.5
2020-04-14 16:00:00+00:00,6169.0
2020-04-14 17:00:00+00:00,1382.25
2020-04-14 18:00:00+00:00,25.75
2020-04-14 19:00:00+00:00,0.75
2020-04-14 20:00:00+00:00,0.0
2020-04-14 21:00:00+00:00,0.25
2020-04-14 22:00:00+00:00,0.0
2020-04-14 23:00:00+00:00,0.0
2020-04-15 00:00:00+00:00,0.0
2020-04-15 01:00:00+00:00,0.0
2020-04-15 02:00:00+00:00,0.0
2020-04-15 03:00:00+00:00,1.25
2020-04-15 04:00:00+00:00,212.0
2020-04-15 05:00:00+00:00,2900.0
2020-04-15 06:00:00+00:00,8475.5
2020-04-15 07:00:00+00:00,15528.25
2020-04-15 08:00:00+00:00,21993.0
2020-04-15 09:00:00+00:00,26974.5
2020-04-15 10:00:00+00:00,29521.25
2020-04-15 11:00:00+00:00,30077.75
2020-04-15 12:00:00+00:00,29062.5
2020-04-15 13:00:00+00:00,26064.25
2020-04-15 14:00:00+00:00,20936.5
2020-04-15 15:00:00+00:00,13923.0
2020-04-15 16:00:00+00:00,6559.25
2020-04-15 17:00:00+00:00,1468.25
2020-04-15 18:00:00+00:00,23.5
2020-04-15 19:00:00+00:00,0.5
2020-04-15 20:00:00+00:00,0.0
2020-04-15 21:00:00+00:00,0.0
2020-04-15 22:00:00+00:00,0.0
2020-04-15 23:00:00+00:00,0.0
2020-04-16 00:00:00+00:00,0.0
2020-04-16 01:00:00+00:00,0.25
2020-04-16 02:00:00+00:00,0.5
2020-04-16 03:00:00+00:00,1.5
2020-04-16 04:00:00+00:00,281.5
2020-04-16 05:00:00+00:00,3429.5
2020-04-16 06:00:00+00:00,10012.5
2020-04-16 07:00:00+00:00,17570.5
2020-04-16 08:00:00+00:00,23639.75
2020-04-16 09:00:00+00:00,27494.25
2020-04-16 10:00:00+00:00,29384.0
2020-04-16 11:00:00+00:00,29298.0
2020-04-16 12:00:00+00:00,27617.25
2020-04-16 13:00:00+00:00,24091.75
2020-04-16 14:00:00+00:00,19130.5
2020-04-16 15:00:00+00:00,12647.0
2020-04-16 16:00:00+00:00,5992.75
2020-04-16 17:00:00+00:00,1431.5
2020-04-16 18:00:00+00:00,33.25
2020-04-16 19:00:00+00:00,0.5
2020-04-16 20:00:00+00:00,0.0
2020-04-16 21:00:00+00:00,0.0
2020-04-16 22:00:00+00:00,0.0
2020-04-16 23:00:00+00:00,0.0
2020-04-17 00:00:00+00:00,0.0
2020-04-17 01:00:00+00:00,0.25
2020-04-17 02:00:00+00:00,0.75
2020-04-17 03:00:00+00:00,2.25
2020-04-17 04:00:00+00:00,304.0
2020-04-17 05:00:00+00:00,3348.75
2020-04-17 06:00:00+00:00,9541.0
2020-04-17 07:00:00+00:00,16925.75
2020-04-17 08:00:00+00:00,23299.25
2020-04-17 09:00:00+00:00,27647.0
2020-04-17 10:00:00+00:00,29997.25
2020-04-17 11:00:00+00:00,30199.0
2020-04-17 12:00:00+00:00,28277.25
2020-04-17 13:00:00+00:00,24544.0
2020-04-17 14:00:00+00:00,18972.75
2020-04-17 15:00:00+00:00,12503.5
2020-04-17 16:00:00+00:00,5757.0
2020-04-17 17:00:00+00:00,1360.75
2020-04-17 18:00:00+00:00,36.25
2020-04-17 19:00:00+00:00,0.0
2020-04-17 20:00:00+00:00,0.0
2020-04-17 21:00:00+00:00,0.0
2020-04-17 22:00:00+00:00,0.25
2020-04-17 23:00:00+00:00,0.0
2020-04-18 00:00:00+00:00,0.0
2020-04-18 01:00:00+00:00,0.0
2020-04-18 02:00:00+00:00,0.25
2020-04-18 03:00:00+00:00,2.25
2020-04-18 04:00:00+00:00,320.75
2020-04-18 05:00:00+00:00,3224.25
2020-04-18 06:00:00+00:00,8392.0
2020-04-18 07:00:00+00:00,14800.25
2020-04-18 08:00:00+00:00,20478.0
2020-04-18 09:00:00+00:00,24309.5
2020-04-18 10:00:00+00:00,26087.5
2020-04-18 11:00:00+00:00,25932.0
2020-04-18 12:00:00+00:00,23557.0
2020-04-18 13:00:00+00:00,19514.0
2020-04-18 14:00:00+00:00,15166.25
2020-04-18 15:00:00+00:00,9707.25
2020-04-18 16:00:00+00:00,4504.5
2020-04-18 17:00:00+00:00,1120.25
2020-04-18 18:00:00+00:00,29.25
2020-04-18 19:00:00+00:00,0.0
2020-04-18 20:00:00+00:00,0.0
2020-04-18 21:00:00+00:00,0.0
2020-04-18 22:00:00+00:00,0.0
2020-04-18 23:00:00+00:00,0.0
2020-04-19 00:00:00+00:00,0.0
2020-04-19 01:00:00+00:00,0.0
2020-04-19 02:00:00+00:00,0.25
2020-04-19 03:00:00+00:00,2.25
2020-04-19 04:00:00+00:00,327.25
2020-04-19 05:00:00+00:00,2999.75
2020-04-19 06:00:00+00:00,8193.5
2020-04-19 07:00:00+00:00,14302.75
2020-04-19 08:00:00+00:00,19901.25
2020-04-19 09:00:00+00:00,24043.75
2020-04-19 10:00:00+00:00,26774.25
2020-04-19 11:00:00+00:00,27221.75
2020-04-19 12:00:00+00:00,26379.75
2020-04-19 13:00:00+00:00,24072.0
2020-04-19 14:00:00+00:00,19249.75
2020-04-19 15:00:00+00:00,12893.0
2020-04-19 16:00:00+00:00,6141.25
2020-04-19 17:00:00+00:00,1535.75
2020-04-19 18:00:00+00:00,57.0
2020-04-19 19:00:00+00:00,0.0
2020-04-19 20:00:00+00:00,0.0
2020-04-19 21:00:00+00:00,0.0
2020-04-19 22:00:00+00:00,0.0
2020-04-19 23:00:00+00:00,0.0
2020-04-20 00:00:00+00:00,0.0
2020-04-20 01:00:00+00:00,0.25
2020-04-20 02:00:00+00:00,0.25
2020-04-20 03:00:00+00:00,2.75
2020-04-20 04:00:00+00:00,427.25
2020-04-20 05:00:00+00:00,3937.75
2020-04-20 06:00:00+00:00,10794.0
2020-04-20 07:00:00+00:00,18578.25
2020-04-20 08:00:00+00:00,25285.0
2020-04-20 09:00:00+00:00,29859.25
2020-04-20 10:00:00+00:00,32033.5
2020-04-20 11:00:00+00:00,32044.25
2020-04-20 12:00:00+00:00,30414.25
2020-04-20 13:00:00+00:00,27044.75
2020-04-20 14:00:00+00:00,21505.5
2020-04-20 15:00:00+00:00,14361.75
2020-04-20 16:00:00+00:00,6825.75
2020-04-20 17:00:00+00:00,1666.75
2020-04-20 18:00:00+00:00,71.25
2020-04-20 19:00:00+00:00,0.75
2020-04-20 20:00:00+00:00,0.0
2020-04-20 21:00:00+00:00,0.0
2020-04-20 22:00:00+00:00,0.0
2020-04-20 23:00:00+00:00,0.0
2020-04-21 00:00:00+00:00,0.0
2020-04-21 01:00:00+00:00,0.25
2020-04-21 02:00:00+00:00,1.0
2020-04-21 03:00:00+00:00,2.25
2020-04-21 04:00:00+00:00,504.75
2020-04-21 05:00:00+00:00,4112.5
2020-04-21 06:00:00+00:00,11062.75
2020-04-21 07:00:00+00:00,18935.0
2020-04-21 08:00:00+00:00,25374.5
2020-04-21 09:00:00+00:00,29244.0
2020-04-21 10:00:00+00:00,31756.0
2020-04-21 11:00:00+00:00,32208.75
2020-04-21 12:00:00+00:00,30507.25
2020-04-21 13:00:00+00:00,27293.0
2020-04-21 14:00:00+00:00,21899.75
2020-04-21 15:00:00+00:00,14526.25
2020-04-21 16:00:00+00:00,6887.75
2020-04-21 17:00:00+00:00,1673.75
2020-04-21 18:00:00+00:00,77.0
2020-04-21 19:00:00+00:00,1.0
2020-04-21 20:00:00+00:00,0.5
2020-04-21 21:00:00+00:00,0.0
2020-04-21 22:00:00+00:00,0.25
2020-04-21 23:00:00+00:00,0.5
2020-04-22 00:00:00+00:00,0.25
2020-04-22 01:00:00+00:00,0.5
2020-04-22 02:00:00+00:00,0.75
2020-04-22 03:00:00+00:00,2.75
2020-04-22 04:00:00+00:00,530.75
2020-04-22 05:00:00+00:00,4332.0
2020-04-22 06:00:00+00:00,11640.0
2020-04-22 07:00:00+00:00,19664.75
2020-04-22 08:00:00+00:00,26299.75
2020-04-22 09:00:00+00:00,30633.75
2020-04-22 10:00:00+00:00,32777.5
2020-04-22 11:00:00+00:00,32945.75
2020-04-22 12:00:00+00:00,31344.5
2020-04-22 13:00:00+00:00,27857.25
2020-04-22 14:00:00+00:00,22323.5
2020-04-22 15:00:00+00:00,14980.25
2020-04-22 16:00:00+00:00,7122.75
2020-04-22 17:00:00+00:00,1798.5
2020-04-22 18:00:00+00:00,93.0
2020-04-22 19:00:00+00:00,0.75
2020-04-22 20:00:00+00:00,0.5
2020-04-22 21:00:00+00:00,0.25
2020-04-22 22:00:00+00:00,0.25
2020-04-22 23:00:00+00:00,0.5
2020-04-23 00:00:00+00:00,1.0
2020-04-23 01:00:00+00:00,1.0
2020-04-23 02:00:00+00:00,1.0
2020-04-23 03:00:00+00:00,4.0
2020-04-23 04:00:00+00:00,594.0
2020-04-23 05:00:00+00:00,4422.25
2020-04-23 06:00:00+00:00,11637.75
2020-04-23 07:00:00+00:00,19479.75
2020-04-23 08:00:00+00:00,25714.5
2020-04-23 09:00:00+00:00,29873.0
2020-04-23 10:00:00+00:00,32056.0
2020-04-23 11:00:00+00:00,32200.5
2020-04-23 12:00:00+00:00,30553.0
2020-04-23 13:00:00+00:00,27080.0
2020-04-23 14:00:00+00:00,21675.25
2020-04-23 15:00:00+00:00,14519.5
2020-04-23 16:00:00+00:00,6897.5
2020-04-23 17:00:00+00:00,1747.5
2020-04-23 18:00:00+00:00,98.5
2020-04-23 19:00:00+00:00,0.75
2020-04-23 20:00:00+00:00,0.25
2020-04-23 21:00:00+00:00,0.0
2020-04-23 22:00:00+00:00,0.0
2020-04-23 23:00:00+00:00,0.75
2020-04-24 00:00:00+00:00,0.75
2020-04-24 01:00:00+00:00,1.0
2020-04-24 02:00:00+00:00,1.0
2020-04-24 03:00:00+00:00,4.0
2020-04-24 04:00:00+00:00,610.0
2020-04-24 05:00:00+00:00,3808.75
2020-04-24 06:00:00+00:00,9479.75
2020-04-24 07:00:00+00:00,16043.25
2020-04-24 08:00:00+00:00,21959.5
2020-04-24 09:00:00+00:00,25759.5
2020-04-24 10:00:00+00:00,27837.75
2020-04-24 11:00:00+00:00,27945.25
2020-04-24 12:00:00+00:00,26187.75
2020-04-24 13:00:00+00:00,23171.75
2020-04-24 14:00:00+00:00,18758.0
2020-04-24 15:00:00+00:00,12764.5
2020-04-24 16:00:00+00:00,6361.5
2020-04-24 17:00:00+00:00,1889.5
2020-04-24 18:00:00+00:00,112.25
2020-04-24 19:00:00+00:00,0.75
2020-04-24 20:00:00+00:00,0.0
2020-04-24 21:00:00+00:00,0.0
2020-04-24 22:00:00+00:00,0.0
2020-04-24 23:00:00+00:00,0.0
2020-04-25 00:00:00+00:00,0.25
2020-04-25 01:00:00+00:00,0.5
2020-04-25 02:00:00+00:00,1.0
2020-04-25 03:00:00+00:00,4.25
2020-04-25 04:00:00+00:00,515.75
2020-04-25 05:00:00+00:00,3329.25
2020-04-25 06:00:00+00:00,8267.75
2020-04-25 07:00:00+00:00,14433.75
2020-04-25 08:00:00+00:00,20282.5
2020-04-25 09:00:00+00:00,24696.25
2020-04-25 10:00:00+00:00,27080.0
2020-04-25 11:00:00+00:00,27539.25
2020-04-25 12:00:00+00:00,26231.25
2020-04-25 13:00:00+00:00,23084.25
2020-04-25 14:00:00+00:00,18730.75
2020-04-25 15:00:00+00:00,12867.5
2020-04-25 16:00:00+00:00,6580.75
2020-04-25 17:00:00+00:00,1847.75
2020-04-25 18:00:00+00:00,112.0
2020-04-25 19:00:00+00:00,0.0
2020-04-25 20:00:00+00:00,0.0
2020-04-25 21:00:00+00:00,0.0
2020-04-25 22:00:00+00:00,0.0
2020-04-25 23:00:00+00:00,0.25
2020-04-26 00:00:00+00:00,0.0
2020-04-26 01:00:00+00:00,0.25
2020-04-26 02:00:00+00:00,0.25
2020-04-26 03:00:00+00:00,6.75
2020-04-26 04:00:00+00:00,703.5
2020-04-26 05:00:00+00:00,4381.5
2020-04-26 06:00:00+00:00,10907.0
2020-04-26 07:00:00+00:00,17931.75
2020-04-26 08:00:00+00:00,23765.0
2020-04-26 09:00:00+00:00,27378.75
2020-04-26 10:00:00+00:00,28772.5
2020-04-26 11:00:00+00:00,28729.0
2020-04-26 12:00:00+00:00,27904.0
2020-04-26 13:00:00+00:00,25311.0
2020-04-26 14:00:00+00:00,20759.5
2020-04-26 15:00:00+00:00,14209.25
2020-04-26 16:00:00+00:00,7141.25
2020-04-26 17:00:00+00:00,1963.5
2020-04-26 18:00:00+00:00,137.75
2020-04-26 19:00:00+00:00,0.0
2020-04-26 20:00:00+00:00,0.0
2020-04-26 21:00:00+00:00,0.0
2020-04-26 22:00:00+00:00,0.0
2020-04-26 23:00:00+00:00,0.0
2020-04-27 00:00:00+00:00,0.25
2020-04-27 01:00:00+00:00,0.25
2020-04-27 02:00:00+00:00,1.0
2020-04-27 03:00:00+00:00,9.5
2020-04-27 04:00:00+00:00,672.5
2020-04-27 05:00:00+00:00,4093.5
2020-04-27 06:00:00+00:00,9884.5
2020-04-27 07:00:00+00:00,16524.5
2020-04-27 08:00:00+00:00,22423.25
2020-04-27 09:00:00+00:00,26703.25
2020-04-27 10:00:00+00:00,28497.0
2020-04-27 11:00:00+00:00,28299.0
2020-04-27 12:00:00+00:00,26433.25
2020-04-27 13:00:00+00:00,23712.25
2020-04-27 14:00:00+00:00,18965.5
2020-04-27 15:00:00+00:00,12976.75
2020-04-27 16:00:00+00:00,6580.0
2020-04-27 17:00:00+00:00,1971.25
2020-04-27 18:00:00+00:00,176.25
2020-04-27 19:00:00+00:00,0.75
2020-04-27 20:00:00+00:00,0.0
2020-04-27 21:00:00+00:00,0.0
2020-04-27 22:00:00+00:00,0.0
2020-04-27 23:00:00+00:00,0.25
2020-04-28 00:00:00+00:00,0.75
2020-04-28 01:00:00+00:00,0.25
2020-04-28 02:00:00+00:00,1.0
2020-04-28 03:00:00+00:00,10.25
2020-04-28 04:00:00+00:00,757.25
2020-04-28 05:00:00+00:00,3916.5
2020-04-28 06:00:00+00:00,8638.25
2020-04-28 07:00:00+00:00,13337.25
2020-04-28 08:00:00+00:00,16801.25
2020-04-28 09:00:00+00:00,18736.25
2020-04-28 10:00:00+00:00,19145.25
2020-04-28 11:00:00+00:00,18024.25
2020-04-28 12:00:00+00:00,16157.0
2020-04-28 13:00:00+00:00,13357.0
2020-04-28 14:00:00+00:00,9835.5
2020-04-28 15:00:00+00:00,6047.5
2020-04-28 16:00:00+00:00,3253.25
2020-04-28 17:00:00+00:00,1123.5
2020-04-28 18:00:00+00:00,74.25
2020-04-28 19:00:00+00:00,1.0
2020-04-28 20:00:00+00:00,0.5
2020-04-28 21:00:00+00:00,0.5
2020-04-28 22:00:00+00:00,0.5
2020-04-28 23:00:00+00:00,0.5
2020-04-29 00:00:00+00:00,0.5
2020-04-29 01:00:00+00:00,0.75
2020-04-29 02:00:00+00:00,1.0
2020-04-29 03:00:00+00:00,5.75
2020-04-29 04:00:00+00:00,355.75
2020-04-29 05:00:00+00:00,1748.5
2020-04-29 06:00:00+00:00,3799.25
2020-04-29 07:00:00+00:00,6648.5
2020-04-29 08:00:00+00:00,9499.5
2020-04-29 09:00:00+00:00,11766.0
2020-04-29 10:00:00+00:00,13433.0
2020-04-29 11:00:00+00:00,14281.25
2020-04-29 12:00:00+00:00,14325.75
2020-04-29 13:00:00+00:00,13420.25
2020-04-29 14:00:00+00:00,11927.0
2020-04-29 15:00:00+00:00,9098.5
2020-04-29 16:00:00+00:00,5317.75
2020-04-29 17:00:00+00:00,1752.75
2020-04-29 18:00:00+00:00,123.75
2020-04-29 19:00:00+00:00,0.75
2020-04-29 20:00:00+00:00,0.0
2020-04-29 21:00:00+00:00,0.25
2020-04-29 22:00:00+00:00,0.0
2020-04-29 23:00:00+00:00,0.75
2020-04-30 00:00:00+00:00,0.75
2020-04-30 01:00:00+00:00,1.0
2020-04-30 02:00:00+00:00,1.0
2020-04-30 03:00:00+00:00,11.75
2020-04-30 04:00:00+00:00,617.75
2020-04-30 05:00:00+00:00,2732.0
2020-04-30 06:00:00+00:00,5835.25
2020-04-30 07:00:00+00:00,9386.5
2020-04-30 08:00:00+00:00,12699.25
2020-04-30 09:00:00+00:00,14982.0
2020-04-30 10:00:00+00:00,16217.0
2020-04-30 11:00:00+00:00,15779.25
2020-04-30 12:00:00+00:00,14226.5
2020-04-30 13:00:00+00:00,12637.0
2020-04-30 14:00:00+00:00,10275.25
2020-04-30 15:00:00+00:00,6792.25
2020-04-30 16:00:00+00:00,3554.0
2020-04-30 17:00:00+00:00,1325.0
2020-04-30 18:00:00+00:00,156.25
2020-04-30 19:00:00+00:00,0.5
2020-04-30 20:00:00+00:00,0.0
2020-04-30 21:00:00+00:00,0.0
2020-04-30 22:00:00+00:00,0.0
2020-04-30 23:00:00+00:00,0.0
2020-05-01 00:00:00+00:00,0.0
2020-05-01 01:00:00+00:00,0.0
2020-05-01 02:00:00+00:00,0.0
2020-05-01 03:00:00+00:00,11.75
2020-05-01 04:00:00+00:00,771.0
2020-05-01 05:00:00+00:00,3753.75
2020-05-01 06:00:00+00:00,8367.75
2020-05-01 07:00:00+00:00,12629.0
2020-05-01 08:00:00+00:00,15798.0
2020-05-01 09:00:00+00:00,17474.25
2020-05-01 10:00:00+00:00,18509.5
2020-05-01 11:00:00+00:00,18476.75
2020-05-01 12:00:00+00:00,16921.25
2020-05-01 13:00:00+00:00,14069.0
2020-05-01 14:00:00+00:00,10975.75
2020-05-01 15:00:00+00:00,7594.25
2020-05-01 16:00:00+00:00,4370.0
2020-05-01 17:00:00+00:00,1733.5
2020-05-01 18:00:00+00:00,190.75
2020-05-01 19:00:00+00:00,0.25
2020-05-01 20:00:00+00:00,0.0
2020-05-01 21:00:00+00:00,0.0
2020-05-01 22:00:00+00:00,0.0
2020-05-01 23:00:00+00:00,0.0
2020-05-02 00:00:00+00:00,0.0
2020-05-02 01:00:00+00:00,0.0
2020-05-02 02:00:00+00:00,0.0
2020-05-02 03:00:00+00:00,18.0
2020-05-02 04:00:00+00:00,737.0
2020-05-02 05:00:00+00:00,3443.0
2020-05-02 06:00:00+00:00,8001.25
2020-05-02 07:00:00+00:00,12181.0
2020-05-02 08:00:00+00:00,15013.0
2020-05-02 09:00:00+00:00,16357.75
2020-05-02 10:00:00+00:00,16931.0
2020-05-02 11:00:00+00:00,16752.5
2020-05-02 12:00:00+00:00,15438.75
2020-05-02 13:00:00+00:00,14396.5
2020-05-02 14:00:00+00:00,11697.25
2020-05-02 15:00:00+00:00,8508.75
2020-05-02 16:00:00+00:00,5243.5
2020-05-02 17:00:00+00:00,2090.25
2020-05-02 18:00:00+00:00,239.5
2020-05-02 19:00:00+00:00,0.25
2020-05-02 20:00:00+00:00,0.0
2020-05-02 21:00:00+00:00,0.0
2020-05-02 22:00:00+00:00,0.0
2020-05-02 23:00:00+00:00,0.0
2020-05-03 00:00:00+00:00,0.0
2020-05-03 01:00:00+00:00,0.0
2020-05-03 02:00:00+00:00,0.25
2020-05-03 03:00:00+00:00,21.25
2020-05-03 04:00:00+00:00,862.75
2020-05-03 05:00:00+00:00,3902.25
2020-05-03 06:00:00+00:00,9341.75
2020-05-03 07:00:00+00:00,15261.0
2020-05-03 08:00:00+00:00,19284.25
2020-05-03 09:00:00+00:00,20450.5
2020-05-03 10:00:00+00:00,20020.5
2020-05-03 11:00:00+00:00,20184.75
2020-05-03 12:00:00+00:00,19861.75
2020-05-03 13:00:00+00:00,18238.5
2020-05-03 14:00:00+00:00,15240.0
2020-05-03 15:00:00+00:00,10558.0
2020-05-03 16:00:00+00:00,5736.5
2020-05-03 17:00:00+00:00,1957.25
2020-05-03 18:00:00+00:00,182.75
2020-05-03 19:00:00+00:00,0.5
2020-05-03 20:00:00+00:00,0.0
2020-05-03 21:00:00+00:00,0.0
2020-05-03 22:00:00+00:00,0.0
2020-05-03 23:00:00+00:00,0.0
2020-05-04 00:00:00+00:00,0.0
2020-05-04 01:00:00+00:00,0.0
2020-05-04 02:00:00+00:00,0.5
2020-05-04 03:00:00+00:00,20.25
2020-05-04 04:00:00+00:00,718.0
2020-05-04 05:00:00+00:00,3050.25
2020-05-04 06:00:00+00:00,6560.75
2020-05-04 07:00:00+00:00,10482.0
2020-05-04 08:00:00+00:00,13733.5
2020-05-04 09:00:00+00:00,15541.75
2020-05-04 10:00:00+00:00,16240.5
2020-05-04 11:00:00+00:00,16470.75
2020-05-04 12:00:00+00:00,16151.25
2020-05-04 13:00:00+00:00,14666.0
2020-05-04 14:00:00+00:00,12226.25
2020-05-04 15:00:00+00:00,8880.25
2020-05-04 16:00:00+00:00,5130.0
2020-05-04 17:00:00+00:00,1909.75
2020-05-04 18:00:00+00:00,248.75
2020-05-04 19:00:00+00:00,0.75
2020-05-04 20:00:00+00:00,0.25
2020-05-04 21:00:00+00:00,0.0
2020-05-04 22:00:00+00:00,0.0
2020-05-04 23:00:00+00:00,0.0
2020-05-05 00:00:00+00:00,0.25
2020-05-05 01:00:00+00:00,0.0
2020-05-05 02:00:00+00:00,0.75
2020-05-05 03:00:00+00:00,35.5
2020-05-05 04:00:00+00:00,1129.0
2020-05-05 05:00:00+00:00,4530.25
2020-05-05 06:00:00+00:00,9444.0
2020-05-05 07:00:00+00:00,14699.75
2020-05-05 08:00:00+00:00,19036.75
2020-05-05 09:00:00+00:00,21534.75
2020-05-05 10:00:00+00:00,22700.25
2020-05-05 11:00:00+00:00,22597.75
2020-05-05 12:00:00+00:00,22376.75
2020-05-05 13:00:00+00:00,21541.75
2020-05-05 14:00:00+00:00,18427.25
2020-05-05 15:00:00+00:00,13603.25
2020-05-05 16:00:00+00:00,7606.75
2020-05-05 17:00:00+00:00,2538.5
2020-05-05 18:00:00+00:00,309.25
2020-05-05 19:00:00+00:00,0.75
2020-05-05 20:00:00+00:00,0.0
2020-05-05 21:00:00+00:00,0.0
2020-05-05 22:00:00+00:00,0.0
2020-05-05 23:00:00+00:00,0.25
2020-05-06 00:00:00+00:00,0.25
2020-05-06 01:00:00+00:00,0.5
2020-05-06 02:00:00+00:00,1.0
2020-05-06 03:00:00+00:00,38.0
2020-05-06 04:00:00+00:00,1234.5
2020-05-06 05:00:00+00:00,5483.75
2020-05-06 06:00:00+00:00,12456.25
2020-05-06 07:00:00+00:00,20018.25
2020-05-06 08:00:00+00:00,26326.0
2020-05-06 09:00:00+00:00,30027.5
2020-05-06 10:00:00+00:00,31562.75
2020-05-06 11:00:00+00:00,31395.25
2020-05-06 12:00:00+00:00,29982.25
2020-05-06 13:00:00+00:00,26915.5
2020-05-06 14:00:00+00:00,22315.25
2020-05-06 15:00:00+00:00,15923.0
2020-05-06 16:00:00+00:00,8612.25
2020-05-06 17:00:00+00:00,2767.0
2020-05-06 18:00:00+00:00,342.0
2020-05-06 19:00:00+00:00,1.0
2020-05-06 20:00:00+00:00,0.0
2020-05-06 21:00:00+00:00,0.0
2020-05-06 22:00:00+00:00,0.0
2020-05-06 23:00:00+00:00,0.0
2020-05-07 00:00:00+00:00,0.25
2020-05-07 01:00:00+00:00,0.25
2020-05-07 02:00:00+00:00,0.75
2020-05-07 03:00:00+00:00,37.5
2020-05-07 04:00:00+00:00,1184.5
2020-05-07 05:00:00+00:00,5325.5
2020-05-07 06:00:00+00:00,11522.75
2020-05-07 07:00:00+00:00,17779.0
2020-05-07 08:00:00+00:00,23356.5
2020-05-07 09:00:00+00:00,27330.0
2020-05-07 10:00:00+00:00,29826.25
2020-05-07 11:00:00+00:00,30851.0
2020-05-07 12:00:00+00:00,30251.25
2020-05-07 13:00:00+00:00,27662.75
2020-05-07 14:00:00+00:00,22827.5
2020-05-07 15:00:00+00:00,15996.75
2020-05-07 16:00:00+00:00,8325.5
2020-05-07 17:00:00+00:00,2676.0
2020-05-07 18:00:00+00:00,346.75
2020-05-07 19:00:00+00:00,1.5
2020-05-07 20:00:00+00:00,0.0
2020-05-07 21:00:00+00:00,0.0
2020-05-07 22:00:00+00:00,0.0
2020-05-07 23:00:00+00:00,0.25
2020-05-08 00:00:00+00:00,0.25
2020-05-08 01:00:00+00:00,0.25
2020-05-08 02:00:00+00:00,1.0
2020-05-08 03:00:00+00:00,51.75
2020-05-08 04:00:00+00:00,1416.75
2020-05-08 05:00:00+00:00,5688.75
2020-05-08 06:00:00+00:00,12372.75
2020-05-08 07:00:00+00:00,19465.5
2020-05-08 08:00:00+00:00,25496.0
2020-05-08 09:00:00+00:00,29397.25
2020-05-08 10:00:00+00:00,31268.0
2020-05-08 11:00:00+00:00,31032.75
2020-05-08 12:00:00+00:00,28967.0
2020-05-08 13:00:00+00:00,25513.25
2020-05-08 14:00:00+00:00,20215.0
2020-05-08 15:00:00+00:00,13586.5
2020-05-08 16:00:00+00:00,7258.25
2020-05-08 17:00:00+00:00,2631.25
2020-05-08 18:00:00+00:00,369.5
2020-05-08 19:00:00+00:00,1.0
2020-05-08 20:00:00+00:00,0.0
2020-05-08 21:00:00+00:00,0.0
2020-05-08 22:00:00+00:00,0.0
2020-05-08 23:00:00+00:00,0.0
2020-05-09 00:00:00+00:00,0.0
2020-05-09 01:00:00+00:00,0.0
2020-05-09 02:00:00+00:00,0.25
2020-05-09 03:00:00+00:00,55.0
2020-05-09 04:00:00+00:00,1267.25
2020-05-09 05:00:00+00:00,4805.75
2020-05-09 06:00:00+00:00,9907.0
2020-05-09 07:00:00+00:00,15646.5
2020-05-09 08:00:00+00:00,20242.0
2020-05-09 09:00:00+00:00,23096.75
2020-05-09 10:00:00+00:00,24123.0
2020-05-09 11:00:00+00:00,23920.5
2020-05-09 12:00:00+00:00,22697.25
2020-05-09 13:00:00+00:00,20166.0
2020-05-09 14:00:00+00:00,16747.0
2020-05-09 15:00:00+00:00,12356.75
2020-05-09 16:00:00+00:00,7027.5
2020-05-09 17:00:00+00:00,2638.5
2020-05-09 18:00:00+00:00,370.5
2020-05-09 19:00:00+00:00,1.0
2020-05-09 20:00:00+00:00,0.0
2020-05-09 21:00:00+00:00,0.0
2020-05-09 22:00:00+00:00,0.0
2020-05-09 23:00:00+00:00,0.0
2020-05-10 00:00:00+00:00,0.0
2020-05-10 01:00:00+00:00,0.0
2020-05-10 02:00:00+00:00,0.25
2020-05-10 03:00:00+00:00,62.75
2020-05-10 04:00:00+00:00,1148.25
2020-05-10 05:00:00+00:00,3974.25
2020-05-10 06:00:00+00:00,7482.0
2020-05-10 07:00:00+00:00,11219.75
2020-05-10 08:00:00+00:00,14962.0
2020-05-10 09:00:00+00:00,18292.25
2020-05-10 10:00:00+00:00,20349.25
2020-05-10 11:00:00+00:00,21533.5
2020-05-10 12:00:00+00:00,20057.5
2020-05-10 13:00:00+00:00,16670.0
2020-05-10 14:00:00+00:00,13231.5
2020-05-10 15:00:00+00:00,9011.75
2020-05-10 16:00:00+00:00,4954.25
2020-05-10 17:00:00+00:00,1867.75
2020-05-10 18:00:00+00:00,246.0
2020-05-10 19:00:00+00:00,0.75
2020-05-10 20:00:00+00:00,0.0
2020-05-10 21:00:00+00:00,0.0
2020-05-10 22:00:00+00:00,0.0
2020-05-10 23:00:00+00:00,0.0
2020-05-11 00:00:00+00:00,0.0
2020-05-11 01:00:00+00:00,0.0
2020-05-11 02:00:00+00:00,0.25
2020-05-11 03:00:00+00:00,29.5
2020-05-11 04:00:00+00:00,590.25
2020-05-11 05:00:00+00:00,1548.0
2020-05-11 06:00:00+00:00,3106.5
2020-05-11 07:00:00+00:00,4940.25
2020-05-11 08:00:00+00:00,6451.0
2020-05-11 09:00:00+00:00,8033.25
2020-05-11 10:00:00+00:00,9398.5
2020-05-11 11:00:00+00:00,9837.25
2020-05-11 12:00:00+00:00,9697.75
2020-05-11 13:00:00+00:00,9234.25
2020-05-11 14:00:00+00:00,8445.5
2020-05-11 15:00:00+00:00,6602.5
2020-05-11 16:00:00+00:00,4231.0
2020-05-11 17:00:00+00:00,1872.25
2020-05-11 18:00:00+00:00,384.75
2020-05-11 19:00:00+00:00,2.25
2020-05-11 20:00:00+00:00,0.0
2020-05-11 21:00:00+00:00,0.0
2020-05-11 22:00:00+00:00,0.0
2020-05-11 23:00:00+00:00,0.25
2020-05-12 00:00:00+00:00,0.25
2020-05-12 01:00:00+00:00,0.25
2020-05-12 02:00:00+00:00,0.25
2020-05-12 03:00:00+00:00,84.0
2020-05-12 04:00:00+00:00,1558.5
2020-05-12 05:00:00+00:00,6129.0
2020-05-12 06:00:00+00:00,13209.5
2020-05-12 07:00:00+00:00,19521.5
2020-05-12 08:00:00+00:00,22209.5
2020-05-12 09:00:00+00:00,23210.75
2020-05-12 10:00:00+00:00,23532.25
2020-05-12 11:00:00+00:00,23796.25
2020-05-12 12:00:00+00:00,23013.75
2020-05-12 13:00:00+00:00,20539.25
2020-05-12 14:00:00+00:00,16753.0
2020-05-12 15:00:00+00:00,11641.5
2020-05-12 16:00:00+00:00,6461.0
2020-05-12 17:00:00+00:00,2575.25
2020-05-12 18:00:00+00:00,394.75
2020-05-12 19:00:00+00:00,1.75
2020-05-12 20:00:00+00:00,0.5
2020-05-12 21:00:00+00:00,0.0
2020-05-12 22:00:00+00:00,0.0
2020-05-12 23:00:00+00:00,0.0
2020-05-13 00:00:00+00:00,0.25
2020-05-13 01:00:00+00:00,0.25
2020-05-13 02:00:00+00:00,0.5
2020-05-13 03:00:00+00:00,77.0
2020-05-13 04:00:00+00:00,1389.5
2020-05-13 05:00:00+00:00,4978.75
2020-05-13 06:00:00+00:00,10617.75
2020-05-13 07:00:00+00:00,16319.25
2020-05-13 08:00:00+00:00,19420.0
2020-05-13 09:00:00+00:00,19014.75
2020-05-13 10:00:00+00:00,16725.5
2020-05-13 11:00:00+00:00,14950.0
2020-05-13 12:00:00+00:00,13737.5
2020-05-13 13:00:00+00:00,11447.0
2020-05-13 14:00:00+00:00,8523.75
2020-05-13 15:00:00+00:00,5795.0
2020-05-13 16:00:00+00:00,3659.25
2020-05-13 17:00:00+00:00,1642.75
2020-05-13 18:00:00+00:00,298.75
2020-05-13 19:00:00+00:00,2.75
2020-05-13 20:00:00+00:00,0.0
2020-05-13 21:00:00+00:00,0.25
2020-05-13 22:00:00+00:00,0.0
2020-05-13 23:00:00+00:00,0.25
2020-05-14 00:00:00+00:00,0.5
2020-05-14 01:00:00+00:00,0.5
2020-05-14 02:00:00+00:00,1.0
2020-05-14 03:00:00+00:00,77.25
2020-05-14 04:00:00+00:00,1215.0
2020-05-14 05:00:00+00:00,4484.5
2020-05-14 06:00:00+00:00,9633.75
2020-05-14 07:00:00+00:00,14849.0
2020-05-14 08:00:00+00:00,18343.0
2020-05-14 09:00:00+00:00,19754.25
2020-05-14 10:00:00+00:00,19625.0
2020-05-14 11:00:00+00:00,18897.25
2020-05-14 12:00:00+00:00,18331.0
2020-05-14 13:00:00+00:00,16808.75
2020-05-14 14:00:00+00:00,14007.75
2020-05-14 15:00:00+00:00,10429.5
2020-05-14 16:00:00+00:00,6091.25
2020-05-14 17:00:00+00:00,2518.0
2020-05-14 18:00:00+00:00,483.25
2020-05-14 19:00:00+00:00,4.0
2020-05-14 20:00:00+00:00,0.5
2020-05-14 21:00:00+00:00,0.0
2020-05-14 22:00:00+00:00,0.0
2020-05-14 23:00:00+00:00,0.0
2020-05-15 00:00:00+00:00,0.5
2020-05-15 01:00:00+00:00,0.75
2020-05-15 02:00:00+00:00,1.0
2020-05-15 03:00:00+00:00,101.5
2020-05-15 04:00:00+00:00,1427.5
2020-05-15 05:00:00+00:00,5179.5
2020-05-15 06:00:00+00:00,10575.0
2020-05-15 07:00:00+00:00,16118.5
2020-05-15 08:00:00+00:00,19984.75
2020-05-15 09:00:00+00:00,21050.5
2020-05-15 10:00:00+00:00,20743.75
2020-05-15 11:00:00+00:00,20283.0
2020-05-15 12:00:00+00:00,19535.75
2020-05-15 13:00:00+00:00,17736.75
2020-05-15 14:00:00+00:00,14776.25
2020-05-15 15:00:00+00:00,10906.0
2020-05-15 16:00:00+00:00,6503.5
2020-05-15 17:00:00+00:00,2643.0
2020-05-15 18:00:00+00:00,472.0
2020-05-15 19:00:00+00:00,3.75
2020-05-15 20:00:00+00:00,0.25
2020-05-15 21:00:00+00:00,0.0
2020-05-15 22:00:00+00:00,0.0
2020-05-15 23:00:00+00:00,0.5
2020-05-16 00:00:00+00:00,0.0
2020-05-16 01:00:00+00:00,0.25
2020-05-16 02:00:00+00:00,1.0
2020-05-16 03:00:00+00:00,116.75
2020-05-16 04:00:00+00:00,1813.5
2020-05-16 05:00:00+00:00,6494.25
2020-05-16 06:00:00+00:00,13528.5
2020-05-16 07:00:00+00:00,20528.75
2020-05-16 08:00:00+00:00,25048.5
2020-05-16 09:00:00+00:00,26593.25
2020-05-16 10:00:00+00:00,27311.0
2020-05-16 11:00:00+00:00,27293.0
2020-05-16 12:00:00+00:00,26112.5
2020-05-16 13:00:00+00:00,23434.75
2020-05-16 14:00:00+00:00,19233.25
2020-05-16 15:00:00+00:00,14015.25
2020-05-16 16:00:00+00:00,8116.75
2020-05-16 17:00:00+00:00,3206.25
2020-05-16 18:00:00+00:00,608.0
2020-05-16 19:00:00+00:00,4.75
2020-05-16 20:00:00+00:00,0.0
2020-05-16 21:00:00+00:00,0.0
2020-05-16 22:00:00+00:00,0.0
2020-05-16 23:00:00+00:00,0.0
2020-05-17 00:00:00+00:00,0.25
2020-05-17 01:00:00+00:00,0.0
2020-05-17 02:00:00+00:00,1.5
2020-05-17 03:00:00+00:00,114.0
2020-05-17 04:00:00+00:00,1832.0
2020-05-17 05:00:00+00:00,6500.25
2020-05-17 06:00:00+00:00,13337.75
2020-05-17 07:00:00+00:00,20593.75
2020-05-17 08:00:00+00:00,26174.5
2020-05-17 09:00:00+00:00,28968.5
2020-05-17 10:00:00+00:00,29468.5
2020-05-17 11:00:00+00:00,29041.25
2020-05-17 12:00:00+00:00,27638.25
2020-05-17 13:00:00+00:00,24511.25
2020-05-17 14:00:00+00:00,20364.0
2020-05-17 15:00:00+00:00,14958.25
2020-05-17 16:00:00+00:00,8628.75
2020-05-17 17:00:00+00:00,3308.5
2020-05-17 18:00:00+00:00,624.0
2020-05-17 19:00:00+00:00,4.25
2020-05-17 20:00:00+00:00,0.0
2020-05-17 21:00:00+00:00,0.0
2020-05-17 22:00:00+00:00,0.0
2020-05-17 23:00:00+00:00,0.0
2020-05-18 00:00:00+00:00,0.5
2020-05-18 01:00:00+00:00,0.25
2020-05-18 02:00:00+00:00,1.0
2020-05-18 03:00:00+00:00,115.75
2020-05-18 04:00:00+00:00,1734.5
2020-05-18 05:00:00+00:00,6098.5
2020-05-18 06:00:00+00:00,12564.75
2020-05-18 07:00:00+00:00,19074.75
2020-05-18 08:00:00+00:00,23930.0
2020-05-18 09:00:00+00:00,27111.5
2020-05-18 10:00:00+00:00,28603.5
2020-05-18 11:00:00+00:00,28634.5
2020-05-18 12:00:00+00:00,27041.75
2020-05-18 13:00:00+00:00,24308.5
2020-05-18 14:00:00+00:00,19956.75
2020-05-18 15:00:00+00:00,13990.5
2020-05-18 16:00:00+00:00,7979.5
2020-05-18 17:00:00+00:00,3051.5
2020-05-18 18:00:00+00:00,574.75
2020-05-18 19:00:00+00:00,5.0
2020-05-18 20:00:00+00:00,0.5
2020-05-18 21:00:00+00:00,0.75
2020-05-18 22:00:00+00:00,0.25
2020-05-18 23:00:00+00:00,0.25
2020-05-19 00:00:00+00:00,0.25
2020-05-19 01:00:00+00:00,0.5
2020-05-19 02:00:00+00:00,1.25
2020-05-19 03:00:00+00:00,116.25
2020-05-19 04:00:00+00:00,1617.75
2020-05-19 05:00:00+00:00,5719.5
2020-05-19 06:00:00+00:00,11811.75
2020-05-19 07:00:00+00:00,18040.75
2020-05-19 08:00:00+00:00,23055.0
2020-05-19 09:00:00+00:00,26254.25
2020-05-19 10:00:00+00:00,27545.0
2020-05-19 11:00:00+00:00,27154.5
2020-05-19 12:00:00+00:00,24633.0
2020-05-19 13:00:00+00:00,20920.75
2020-05-19 14:00:00+00:00,17050.5
2020-05-19 15:00:00+00:00,12205.75
2020-05-19 16:00:00+00:00,7007.5
2020-05-19 17:00:00+00:00,2836.0
2020-05-19 18:00:00+00:00,549.25
2020-05-19 19:00:00+00:00,5.0
2020-05-19 20:00:00+00:00,0.5
2020-05-19 21:00:00+00:00,0.0
2020-05-19 22:00:00+00:00,0.5
2020-05-19 23:00:00+00:00,0.75
2020-05-20 00:00:00+00:00,0.75
2020-05-20 01:00:00+00:00,1.0
2020-05-20 02:00:00+00:00,1.75
2020-05-20 03:00:00+00:00,113.5
2020-05-20 04:00:00+00:00,1272.0
2020-05-20 05:00:00+00:00,3872.25
2020-05-20 06:00:00+00:00,7690.75
2020-05-20 07:00:00+00:00,11913.25
2020-05-20 08:00:00+00:00,15945.5
2020-05-20 09:00:00+00:00,19011.75
2020-05-20 10:00:00+00:00,20623.5
2020-05-20 11:00:00+00:00,21092.75
2020-05-20 12:00:00+00:00,20194.75
2020-05-20 13:00:00+00:00,18086.0
2020-05-20 14:00:00+00:00,15302.25
2020-05-20 15:00:00+00:00,11958.25
2020-05-20 16:00:00+00:00,7695.5
2020-05-20 17:00:00+00:00,3314.75
2020-05-20 18:00:00+00:00,731.75
2020-05-20 19:00:00+00:00,12.0
2020-05-20 20:00:00+00:00,0.0
2020-05-20 21:00:00+00:00,0.0
2020-05-20 22:00:00+00:00,0.0
2020-05-20 23:00:00+00:00,0.0
2020-05-21 00:00:00+00:00,0.25
2020-05-21 01:00:00+00:00,0.25
2020-05-21 02:00:00+00:00,2.0
2020-05-21 03:00:00+00:00,178.0
2020-05-21 04:00:00+00:00,2005.5
2020-05-21 05:00:00+00:00,6709.25
2020-05-21 06:00:00+00:00,13554.75
2020-05-21 07:00:00+00:00,20616.75
2020-05-21 08:00:00+00:00,25917.0
2020-05-21 09:00:00+00:00,28622.25
2020-05-21 10:00:00+00:00,30443.0
2020-05-21 11:00:00+00:00,30811.75
2020-05-21 12:00:00+00:00,29561.25
2020-05-21 13:00:00+00:00,26650.5
2020-05-21 14:00:00+00:00,22175.5
2020-05-21 15:00:00+00:00,16211.25
2020-05-21 16:00:00+00:00,9423.75
2020-05-21 17:00:00+00:00,3643.25
2020-05-21 18:00:00+00:00,746.0
2020-05-21 19:00:00+00:00,10.75
2020-05-21 20:00:00+00:00,0.0
2020-05-21 21:00:00+00:00,0.0
2020-05-21 22:00:00+00:00,0.0
2020-05-21 23:00:00+00:00,0.25
2020-05-22 00:00:00+00:00,0.25
2020-05-22 01:00:00+00:00,0.5
2020-05-22 02:00:00+00:00,1.75
2020-05-22 03:00:00+00:00,197.75
2020-05-22 04:00:00+00:00,2151.0
2020-05-22 05:00:00+00:00,6065.0
2020-05-22 06:00:00+00:00,11007.5
2020-05-22 07:00:00+00:00,15078.25
2020-05-22 08:00:00+00:00,17202.5
2020-05-22 09:00:00+00:00,18165.75
2020-05-22 10:00:00+00:00,18189.0
2020-05-22 11:00:00+00:00,16915.25
2020-05-22 12:00:00+00:00,15040.0
2020-05-22 13:00:00+00:00,12774.75
2020-05-22 14:00:00+00:00,9336.5
2020-05-22 15:00:00+00:00,6138.75
2020-05-22 16:00:00+00:00,3574.5
2020-05-22 17:00:00+00:00,1572.75
2020-05-22 18:00:00+00:00,360.75
2020-05-22 19:00:00+00:00,11.75
2020-05-22 20:00:00+00:00,0.0
2020-05-22 21:00:00+00:00,0.0
2020-05-22 22:00:00+00:00,0.25
2020-05-22 23:00:00+00:00,0.0
2020-05-23 00:00:00+00:00,0.0
2020-05-23 01:00:00+00:00,0.0
2020-05-23 02:00:00+00:00,0.5
2020-05-23 03:00:00+00:00,78.5
2020-05-23 04:00:00+00:00,985.25
2020-05-23 05:00:00+00:00,2730.25
2020-05-23 06:00:00+00:00,4949.5
2020-05-23 07:00:00+00:00,7330.25
2020-05-23 08:00:00+00:00,9718.75
2020-05-23 09:00:00+00:00,11484.5
2020-05-23 10:00:00+00:00,12148.0
2020-05-23 11:00:00+00:00,13027.5
2020-05-23 12:00:00+00:00,12470.0
2020-05-23 13:00:00+00:00,11132.0
2020-05-23 14:00:00+00:00,9623.25
2020-05-23 15:00:00+00:00,7563.75
2020-05-23 16:00:00+00:00,5035.75
2020-05-23 17:00:00+00:00,2545.25
2020-05-23 18:00:00+00:00,731.0
2020-05-23 19:00:00+00:00,20.5
2020-05-23 20:00:00+00:00,0.0
2020-05-23 21:00:00+00:00,0.0
2020-05-23 22:00:00+00:00,0.0
2020-05-23 23:00:00+00:00,0.0
2020-05-24 00:00:00+00:00,0.0
2020-05-24 01:00:00+00:00,0.25
2020-05-24 02:00:00+00:00,1.75
2020-05-24 03:00:00+00:00,178.0
2020-05-24 04:00:00+00:00,1834.25
2020-05-24 05:00:00+00:00,5634.75
2020-05-24 06:00:00+00:00,11091.75
2020-05-24 07:00:00+00:00,16286.75
2020-05-24 08:00:00+00:00,19725.25
2020-05-24 09:00:00+00:00,20587.25
2020-05-24 10:00:00+00:00,19994.0
2020-05-24 11:00:00+00:00,18930.5
2020-05-24 12:00:00+00:00,17432.0
2020-05-24 13:00:00+00:00,15703.75
2020-05-24 14:00:00+00:00,13344.5
2020-05-24 15:00:00+00:00,9560.75
2020-05-24 16:00:00+00:00,5620.25
2020-05-24 17:00:00+00:00,2387.0
2020-05-24 18:00:00+00:00,539.75
2020-05-24 19:00:00+00:00,9.25
2020-05-24 20:00:00+00:00,0.0
2020-05-24 21:00:00+00:00,0.0
2020-05-24 22:00:00+00:00,0.0
2020-05-24 23:00:00+00:00,0.0
2020-05-25 00:00:00+00:00,0.0
2020-05-25 01:00:00+00:00,1.0
2020-05-25 02:00:00+00:00,1.75
2020-05-25 03:00:00+00:00,102.75
2020-05-25 04:00:00+00:00,1096.25
2020-05-25 05:00:00+00:00,3167.75
2020-05-25 06:00:00+00:00,6038.25
2020-05-25 07:00:00+00:00,9399.0
2020-05-25 08:00:00+00:00,12793.25
2020-05-25 09:00:00+00:00,15110.5
2020-05-25 10:00:00+00:00,15947.75
2020-05-25 11:00:00+00:00,16729.0
2020-05-25 12:00:00+00:00,17104.75
2020-05-25 13:00:00+00:00,17048.25
2020-05-25 14:00:00+00:00,15476.0
2020-05-25 15:00:00+00:00,12229.25
2020-05-25 16:00:00+00:00,7688.0
2020-05-25 17:00:00+00:00,3463.0
2020-05-25 18:00:00+00:00,829.25
2020-05-25 19:00:00+00:00,20.5
2020-05-25 20:00:00+00:00,1.0
2020-05-25 21:00:00+00:00,0.0
2020-05-25 22:00:00+00:00,0.5
2020-05-25 23:00:00+00:00,0.5
2020-05-26 00:00:00+00:00,0.75
2020-05-26 01:00:00+00:00,0.75
2020-05-26 02:00:00+00:00,2.5
2020-05-26 03:00:00+00:00,206.25
2020-05-26 04:00:00+00:00,2000.75
2020-05-26 05:00:00+00:00,6082.75
2020-05-26 06:00:00+00:00,11844.25
2020-05-26 07:00:00+00:00,17530.0
2020-05-26 08:00:00+00:00,21788.75
2020-05-26 09:00:00+00:00,23675.25
2020-05-26 10:00:00+00:00,24200.5
2020-05-26 11:00:00+00:00,24480.25
2020-05-26 12:00:00+00:00,24069.25
2020-05-26 13:00:00+00:00,22648.75
2020-05-26 14:00:00+00:00,19687.5
2020-05-26 15:00:00+00:00,14949.25
2020-05-26 16:00:00+00:00,9245.5
2020-05-26 17:00:00+00:00,3956.5
2020-05-26 18:00:00+00:00,954.75
2020-05-26 19:00:00+00:00,32.75
2020-05-26 20:00:00+00:00,0.5
2020-05-26 21:00:00+00:00,0.0
2020-05-26 22:00:00+00:00,1.0
2020-05-26 23:00:00+00:00,1.0
2020-05-27 00:00:00+00:00,1.0
2020-05-27 01:00:00+00:00,1.0
2020-05-27 02:00:00+00:00,2.75
2020-05-27 03:00:00+00:00,254.0
2020-05-27 04:00:00+00:00,2310.25
2020-05-27 05:00:00+00:00,7424.25
2020-05-27 06:00:00+00:00,14596.0
2020-05-27 07:00:00+00:00,21387.5
2020-05-27 08:00:00+00:00,26205.0
2020-05-27 09:00:00+00:00,28157.0
2020-05-27 10:00:00+00:00,28750.5
2020-05-27 11:00:00+00:00,28117.0
2020-05-27 12:00:00+00:00,26790.0
2020-05-27 13:00:00+00:00,24020.25
2020-05-27 14:00:00+00:00,19769.75
2020-05-27 15:00:00+00:00,14432.5
2020-05-27 16:00:00+00:00,8507.75
2020-05-27 17:00:00+00:00,3559.0
2020-05-27 18:00:00+00:00,878.0
2020-05-27 19:00:00+00:00,27.5
2020-05-27 20:00:00+00:00,0.75
2020-05-27 21:00:00+00:00,0.5
2020-05-27 22:00:00+00:00,0.0
2020-05-27 23:00:00+00:00,1.0
2020-05-28 00:00:00+00:00,0.5
2020-05-28 01:00:00+00:00,1.0
2020-05-28 02:00:00+00:00,2.25
2020-05-28 03:00:00+00:00,200.5
2020-05-28 04:00:00+00:00,1782.75
2020-05-28 05:00:00+00:00,5706.0
2020-05-28 06:00:00+00:00,11452.0
2020-05-28 07:00:00+00:00,17168.25
2020-05-28 08:00:00+00:00,21579.0
2020-05-28 09:00:00+00:00,24819.25
2020-05-28 10:00:00+00:00,27204.75
2020-05-28 11:00:00+00:00,27979.25
2020-05-28 12:00:00+00:00,26824.0
2020-05-28 13:00:00+00:00,24972.25
2020-05-28 14:00:00+00:00,21576.0
2020-05-28 15:00:00+00:00,16083.5
2020-05-28 16:00:00+00:00,9469.5
2020-05-28 17:00:00+00:00,3901.5
2020-05-28 18:00:00+00:00,960.75
2020-05-28 19:00:00+00:00,34.75
2020-05-28 20:00:00+00:00,0.25
2020-05-28 21:00:00+00:00,0.0
2020-05-28 22:00:00+00:00,0.25
2020-05-28 23:00:00+00:00,0.5
2020-05-29 00:00:00+00:00,1.0
2020-05-29 01:00:00+00:00,1.0
2020-05-29 02:00:00+00:00,2.5
2020-05-29 03:00:00+00:00,257.75
2020-05-29 04:00:00+00:00,2189.75
2020-05-29 05:00:00+00:00,6981.75
2020-05-29 06:00:00+00:00,13785.75
2020-05-29 07:00:00+00:00,20474.25
2020-05-29 08:00:00+00:00,25343.5
2020-05-29 09:00:00+00:00,27361.5
2020-05-29 10:00:00+00:00,27773.25
2020-05-29 11:00:00+00:00,27023.0
2020-05-29 12:00:00+00:00,25037.25
2020-05-29 13:00:00+00:00,22175.75
2020-05-29 14:00:00+00:00,18602.5
2020-05-29 15:00:00+00:00,14136.0
2020-05-29 16:00:00+00:00,8889.0
2020-05-29 17:00:00+00:00,3882.75
2020-05-29 18:00:00+00:00,959.75
2020-05-29 19:00:00+00:00,37.0
2020-05-29 20:00:00+00:00,0.25
2020-05-29 21:00:00+00:00,0.0
2020-05-29 22:00:00+00:00,0.0
2020-05-29 23:00:00+00:00,0.0
2020-05-30 00:00:00+00:00,0.25
2020-05-30 01:00:00+00:00,0.75
2020-05-30 02:00:00+00:00,2.5
2020-05-30 03:00:00+00:00,254.25
2020-05-30 04:00:00+00:00,2166.25
2020-05-30 05:00:00+00:00,6750.5
2020-05-30 06:00:00+00:00,13487.75
2020-05-30 07:00:00+00:00,20151.5
2020-05-30 08:00:00+00:00,25010.0
2020-05-30 09:00:00+00:00,26264.5
2020-05-30 10:00:00+00:00,25015.0
2020-05-30 11:00:00+00:00,23175.0
2020-05-30 12:00:00+00:00,21537.25
2020-05-30 13:00:00+00:00,19560.5
2020-05-30 14:00:00+00:00,16182.5
2020-05-30 15:00:00+00:00,11627.0
2020-05-30 16:00:00+00:00,7382.25
2020-05-30 17:00:00+00:00,3405.75
2020-05-30 18:00:00+00:00,903.25
2020-05-30 19:00:00+00:00,35.0
2020-05-30 20:00:00+00:00,0.25
2020-05-30 21:00:00+00:00,0.0
2020-05-30 22:00:00+00:00,0.0
2020-05-30 23:00:00+00:00,0.0
2020-05-31 00:00:00+00:00,0.25
2020-05-31 01:00:00+00:00,1.0
2020-05-31 02:00:00+00:00,2.25
2020-05-31 03:00:00+00:00,241.75
2020-05-31 04:00:00+00:00,2219.25
2020-05-31 05:00:00+00:00,6104.75
2020-05-31 06:00:00+00:00,11629.75
2020-05-31 07:00:00+00:00,18001.25
2020-05-31 08:00:00+00:00,23021.5
2020-05-31 09:00:00+00:00,24996.5
2020-05-31 10:00:00+00:00,25600.0
2020-05-31 11:00:00+00:00,26409.25
2020-05-31 12:00:00+00:00,26130.25
2020-05-31 13:00:00+00:00,24303.5
2020-05-31 14:00:00+00:00,20593.0
2020-05-31 15:00:00+00:00,15376.75
2020-05-31 16:00:00+00:00,9160.75
2020-05-31 17:00:00+00:00,3860.25
2020-05-31 18:00:00+00:00,989.5
2020-05-31 19:00:00+00:00,37.0
2020-05-31 20:00:00+00:00,0.25
2020-05-31 21:00:00+00:00,0.0
2020-05-31 22:00:00+00:00,0.0
2020-05-31 23:00:00+00:00,0.25
2020-06-01 00:00:00+00:00,0.0
2020-06-01 01:00:00+00:00,1.0
2020-06-01 02:00:00+00:00,3.0
2020-06-01 03:00:00+00:00,302.0
2020-06-01 04:00:00+00:00,2402.0
2020-06-01 05:00:00+00:00,7656.25
2020-06-01 06:00:00+00:00,14949.0
2020-06-01 07:00:00+00:00,22013.0
2020-06-01 08:00:00+00:00,27723.75
2020-06-01 09:00:00+00:00,31192.25
2020-06-01 10:00:00+00:00,32907.25
2020-06-01 11:00:00+00:00,32997.0
2020-06-01 12:00:00+00:00,31672.75
2020-06-01 13:00:00+00:00,28856.75
2020-06-01 14:00:00+00:00,24181.5
2020-06-01 15:00:00+00:00,17766.25
2020-06-01 16:00:00+00:00,10345.0
2020-06-01 17:00:00+00:00,4070.25
2020-06-01 18:00:00+00:00,1064.5
2020-06-01 19:00:00+00:00,43.5
2020-06-01 20:00:00+00:00,0.5
2020-06-01 21:00:00+00:00,0.0
2020-06-01 22:00:00+00:00,0.0
2020-06-01 23:00:00+00:00,0.0
2020-06-02 00:00:00+00:00,0.75
2020-06-02 01:00:00+00:00,1.0
2020-06-02 02:00:00+00:00,3.25
2020-06-02 03:00:00+00:00,322.25
2020-06-02 04:00:00+00:00,2430.5
2020-06-02 05:00:00+00:00,7568.5
2020-06-02 06:00:00+00:00,14672.0
2020-06-02 07:00:00+00:00,21410.25
2020-06-02 08:00:00+00:00,26567.5
2020-06-02 09:00:00+00:00,30065.25
2020-06-02 10:00:00+00:00,31826.5
2020-06-02 11:00:00+00:00,31370.25
2020-06-02 12:00:00+00:00,29566.5
2020-06-02 13:00:00+00:00,26539.0
2020-06-02 14:00:00+00:00,22083.75
2020-06-02 15:00:00+00:00,16229.5
2020-06-02 16:00:00+00:00,9689.0
2020-06-02 17:00:00+00:00,4121.0
2020-06-02 18:00:00+00:00,1098.0
2020-06-02 19:00:00+00:00,44.5
2020-06-02 20:00:00+00:00,1.0
2020-06-02 21:00:00+00:00,0.75
2020-06-02 22:00:00+00:00,0.5
2020-06-02 23:00:00+00:00,0.75
2020-06-03 00:00:00+00:00,1.0
2020-06-03 01:00:00+00:00,1.0
2020-06-03 02:00:00+00:00,3.5
2020-06-03 03:00:00+00:00,365.5
2020-06-03 04:00:00+00:00,2575.0
2020-06-03 05:00:00+00:00,7140.25
2020-06-03 06:00:00+00:00,13237.75
2020-06-03 07:00:00+00:00,19276.0
2020-06-03 08:00:00+00:00,24020.25
2020-06-03 09:00:00+00:00,27019.5
2020-06-03 10:00:00+00:00,27607.25
2020-06-03 11:00:00+00:00,26349.75
2020-06-03 12:00:00+00:00,23817.25
2020-06-03 13:00:00+00:00,20770.0
2020-06-03 14:00:00+00:00,16912.75
2020-06-03 15:00:00+00:00,12506.25
2020-06-03 16:00:00+00:00,7269.0
2020-06-03 17:00:00+00:00,3109.0
2020-06-03 18:00:00+00:00,894.25
2020-06-03 19:00:00+00:00,34.0
2020-06-03 20:00:00+00:00,0.5
2020-06-03 21:00:00+00:00,0.0
2020-06-03 22:00:00+00:00,0.0
2020-06-03 23:00:00+00:00,0.5
2020-06-04 00:00:00+00:00,0.75
2020-06-04 01:00:00+00:00,0.75
2020-06-04 02:00:00+00:00,3.5
2020-06-04 03:00:00+00:00,251.25
2020-06-04 04:00:00+00:00,1634.25
2020-06-04 05:00:00+00:00,4019.0
2020-06-04 06:00:00+00:00,6888.75
2020-06-04 07:00:00+00:00,9239.25
2020-06-04 08:00:00+00:00,10440.25
2020-06-04 09:00:00+00:00,11378.0
2020-06-04 10:00:00+00:00,11803.0
2020-06-04 11:00:00+00:00,11438.75
2020-06-04 12:00:00+00:00,10397.5
2020-06-04 13:00:00+00:00,8709.5
2020-06-04 14:00:00+00:00,6487.25
2020-06-04 15:00:00+00:00,4457.75
2020-06-04 16:00:00+00:00,2671.25
2020-06-04 17:00:00+00:00,1337.25
2020-06-04 18:00:00+00:00,379.5
2020-06-04 19:00:00+00:00,14.0
2020-06-04 20:00:00+00:00,0.5
2020-06-04 21:00:00+00:00,0.0
2020-06-04 22:00:00+00:00,1.0
2020-06-04 23:00:00+00:00,1.0
2020-06-05 00:00:00+00:00,1.0
2020-06-05 01:00:00+00:00,1.0
2020-06-05 02:00:00+00:00,2.5
2020-06-05 03:00:00+00:00,154.75
2020-06-05 04:00:00+00:00,1280.5
2020-06-05 05:00:00+00:00,3805.75
2020-06-05 06:00:00+00:00,7356.0
2020-06-05 07:00:00+00:00,11078.0
2020-06-05 08:00:00+00:00,14004.75
2020-06-05 09:00:00+00:00,15921.5
2020-06-05 10:00:00+00:00,15975.75
2020-06-05 11:00:00+00:00,15327.25
2020-06-05 12:00:00+00:00,14788.0
2020-06-05 13:00:00+00:00,13139.25
2020-06-05 14:00:00+00:00,10962.5
2020-06-05 15:00:00+00:00,7910.0
2020-06-05 16:00:00+00:00,5065.25
2020-06-05 17:00:00+00:00,2519.5
2020-06-05 18:00:00+00:00,774.0
2020-06-05 19:00:00+00:00,39.75
2020-06-05 20:00:00+00:00,0.25
2020-06-05 21:00:00+00:00,0.0
2020-06-05 22:00:00+00:00,0.0
2020-06-05 23:00:00+00:00,0.0
2020-06-06 00:00:00+00:00,0.0
2020-06-06 01:00:00+00:00,0.0
2020-06-06 02:00:00+00:00,4.5
2020-06-06 03:00:00+00:00,257.5
2020-06-06 04:00:00+00:00,1683.5
2020-06-06 05:00:00+00:00,4317.25
2020-06-06 06:00:00+00:00,7707.25
2020-06-06 07:00:00+00:00,11235.75
2020-06-06 08:00:00+00:00,14087.0
2020-06-06 09:00:00+00:00,15858.0
2020-06-06 10:00:00+00:00,17895.5
2020-06-06 11:00:00+00:00,18744.0
2020-06-06 12:00:00+00:00,18325.0
2020-06-06 13:00:00+00:00,16997.25
2020-06-06 14:00:00+00:00,14251.0
2020-06-06 15:00:00+00:00,10944.0
2020-06-06 16:00:00+00:00,6896.75
2020-06-06 17:00:00+00:00,3310.25
2020-06-06 18:00:00+00:00,984.0
2020-06-06 19:00:00+00:00,56.0
2020-06-06 20:00:00+00:00,0.25
2020-06-06 21:00:00+00:00,0.0
2020-06-06 22:00:00+00:00,0.0
2020-06-06 23:00:00+00:00,0.0
2020-06-07 00:00:00+00:00,0.25
2020-06-07 01:00:00+00:00,0.0
2020-06-07 02:00:00+00:00,4.5
2020-06-07 03:00:00+00:00,233.25
2020-06-07 04:00:00+00:00,1524.0
2020-06-07 05:00:00+00:00,3967.0
2020-06-07 06:00:00+00:00,7358.25
2020-06-07 07:00:00+00:00,10707.5
2020-06-07 08:00:00+00:00,12698.5
2020-06-07 09:00:00+00:00,13660.5
2020-06-07 10:00:00+00:00,14069.75
2020-06-07 11:00:00+00:00,14232.75
2020-06-07 12:00:00+00:00,13315.0
2020-06-07 13:00:00+00:00,11828.5
2020-06-07 14:00:00+00:00,10143.0
2020-06-07 15:00:00+00:00,8317.5
2020-06-07 16:00:00+00:00,5938.25
2020-06-07 17:00:00+00:00,3197.5
2020-06-07 18:00:00+00:00,1078.5
2020-06-07 19:00:00+00:00,65.25
2020-06-07 20:00:00+00:00,0.25
2020-06-07 21:00:00+00:00,0.0
2020-06-07 22:00:00+00:00,0.0
2020-06-07 23:00:00+00:00,0.0
2020-06-08 00:00:00+00:00,0.0
2020-06-08 01:00:00+00:00,0.75
2020-06-08 02:00:00+00:00,4.5
2020-06-08 03:00:00+00:00,311.25
2020-06-08 04:00:00+00:00,2252.0
2020-06-08 05:00:00+00:00,6087.0
2020-06-08 06:00:00+00:00,10820.5
2020-06-08 07:00:00+00:00,15496.5
2020-06-08 08:00:00+00:00,19391.75
2020-06-08 09:00:00+00:00,20367.75
2020-06-08 10:00:00+00:00,19014.0
2020-06-08 11:00:00+00:00,17910.75
2020-06-08 12:00:00+00:00,17027.5
2020-06-08 13:00:00+00:00,15767.25
2020-06-08 14:00:00+00:00,13829.75
2020-06-08 15:00:00+00:00,10761.5
2020-06-08 16:00:00+00:00,7002.25
2020-06-08 17:00:00+00:00,3482.75
2020-06-08 18:00:00+00:00,1079.25
2020-06-08 19:00:00+00:00,68.75
2020-06-08 20:00:00+00:00,0.5
2020-06-08 21:00:00+00:00,0.25
2020-06-08 22:00:00+00:00,0.5
2020-06-08 23:00:00+00:00,1.0
2020-06-09 00:00:00+00:00,0.75
2020-06-09 01:00:00+00:00,1.0
2020-06-09 02:00:00+00:00,4.5
2020-06-09 03:00:00+00:00,263.25
2020-06-09 04:00:00+00:00,1574.75
2020-06-09 05:00:00+00:00,3968.5
2020-06-09 06:00:00+00:00,6929.5
2020-06-09 07:00:00+00:00,10316.0
2020-06-09 08:00:00+00:00,13063.5
2020-06-09 09:00:00+00:00,14208.75
2020-06-09 10:00:00+00:00,14439.75
2020-06-09 11:00:00+00:00,14238.75
2020-06-09 12:00:00+00:00,13273.75
2020-06-09 13:00:00+00:00,11783.25
2020-06-09 14:00:00+00:00,9688.0
2020-06-09 15:00:00+00:00,7297.0
2020-06-09 16:00:00+00:00,4758.25
2020-06-09 17:00:00+00:00,2340.5
2020-06-09 18:00:00+00:00,724.75
2020-06-09 19:00:00+00:00,57.75
2020-06-09 20:00:00+00:00,0.25
2020-06-09 21:00:00+00:00,0.25
2020-06-09 22:00:00+00:00,0.25
2020-06-09 23:00:00+00:00,0.5
2020-06-10 00:00:00+00:00,0.75
2020-06-10 01:00:00+00:00,1.0
2020-06-10 02:00:00+00:00,4.75
2020-06-10 03:00:00+00:00,201.0
2020-06-10 04:00:00+00:00,1170.5
2020-06-10 05:00:00+00:00,2928.5
2020-06-10 06:00:00+00:00,5358.5
2020-06-10 07:00:00+00:00,8179.0
2020-06-10 08:00:00+00:00,10534.75
2020-06-10 09:00:00+00:00,12448.5
2020-06-10 10:00:00+00:00,13560.25
2020-06-10 11:00:00+00:00,13397.0
2020-06-10 12:00:00+00:00,12573.75
2020-06-10 13:00:00+00:00,10997.75
2020-06-10 14:00:00+00:00,9053.0
2020-06-10 15:00:00+00:00,6885.5
2020-06-10 16:00:00+00:00,4420.5
2020-06-10 17:00:00+00:00,2252.75
2020-06-10 18:00:00+00:00,730.0
2020-06-10 19:00:00+00:00,49.25
2020-06-10 20:00:00+00:00,0.25
2020-06-10 21:00:00+00:00,0.0
2020-06-10 22:00:00+00:00,0.0
2020-06-10 23:00:00+00:00,0.5
2020-06-11 00:00:00+00:00,0.5
2020-06-11 01:00:00+00:00,1.0
2020-06-11 02:00:00+00:00,2.25
2020-06-11 03:00:00+00:00,105.0
2020-06-11 04:00:00+00:00,814.75
2020-06-11 05:00:00+00:00,2264.5
2020-06-11 06:00:00+00:00,4305.25
2020-06-11 07:00:00+00:00,6920.5
2020-06-11 08:00:00+00:00,9245.5
2020-06-11 09:00:00+00:00,11290.25
2020-06-11 10:00:00+00:00,13128.25
2020-06-11 11:00:00+00:00,14558.25
2020-06-11 12:00:00+00:00,14888.5
2020-06-11 13:00:00+00:00,14468.75
2020-06-11 14:00:00+00:00,12936.0
2020-06-11 15:00:00+00:00,10345.5
2020-06-11 16:00:00+00:00,7003.25
2020-06-11 17:00:00+00:00,3461.5
2020-06-11 18:00:00+00:00,1017.0
2020-06-11 19:00:00+00:00,55.75
2020-06-11 20:00:00+00:00,0.25
2020-06-11 21:00:00+00:00,0.0
2020-06-11 22:00:00+00:00,0.25
2020-06-11 23:00:00+00:00,0.25
2020-06-12 00:00:00+00:00,1.0
2020-06-12 01:00:00+00:00,1.0
2020-06-12 02:00:00+00:00,4.0
2020-06-12 03:00:00+00:00,260.5
2020-06-12 04:00:00+00:00,1933.0
2020-06-12 05:00:00+00:00,5681.5
2020-06-12 06:00:00+00:00,11095.5
2020-06-12 07:00:00+00:00,16950.25
2020-06-12 08:00:00+00:00,22305.75
2020-06-12 09:00:00+00:00,26560.25
2020-06-12 10:00:00+00:00,28880.25
2020-06-12 11:00:00+00:00,29010.0
2020-06-12 12:00:00+00:00,27936.75
2020-06-12 13:00:00+00:00,25515.75
2020-06-12 14:00:00+00:00,21607.75
2020-06-12 15:00:00+00:00,16213.25
2020-06-12 16:00:00+00:00,9845.5
2020-06-12 17:00:00+00:00,4226.25
2020-06-12 18:00:00+00:00,1192.25
2020-06-12 19:00:00+00:00,74.25
2020-06-12 20:00:00+00:00,0.5
2020-06-12 21:00:00+00:00,0.0
2020-06-12 22:00:00+00:00,0.0
2020-06-12 23:00:00+00:00,0.25
2020-06-13 00:00:00+00:00,0.5
2020-06-13 01:00:00+00:00,0.25
2020-06-13 02:00:00+00:00,5.0
2020-06-13 03:00:00+00:00,319.0
2020-06-13 04:00:00+00:00,2170.75
2020-06-13 05:00:00+00:00,6143.75
2020-06-13 06:00:00+00:00,11641.0
2020-06-13 07:00:00+00:00,17386.25
2020-06-13 08:00:00+00:00,22424.75
2020-06-13 09:00:00+00:00,25562.5
2020-06-13 10:00:00+00:00,26424.75
2020-06-13 11:00:00+00:00,25602.25
2020-06-13 12:00:00+00:00,23449.25
2020-06-13 13:00:00+00:00,20216.5
2020-06-13 14:00:00+00:00,16664.0
2020-06-13 15:00:00+00:00,12388.0
2020-06-13 16:00:00+00:00,7239.0
2020-06-13 17:00:00+00:00,2948.0
2020-06-13 18:00:00+00:00,772.75
2020-06-13 19:00:00+00:00,38.0
2020-06-13 20:00:00+00:00,0.25
2020-06-13 21:00:00+00:00,0.0
2020-06-13 22:00:00+00:00,0.25
2020-06-13 23:00:00+00:00,0.0
2020-06-14 00:00:00+00:00,0.25
2020-06-14 01:00:00+00:00,0.25
2020-06-14 02:00:00+00:00,4.75
2020-06-14 03:00:00+00:00,199.5
2020-06-14 04:00:00+00:00,1126.0
2020-06-14 05:00:00+00:00,2678.0
2020-06-14 06:00:00+00:00,4133.75
2020-06-14 07:00:00+00:00,5703.25
2020-06-14 08:00:00+00:00,7390.0
2020-06-14 09:00:00+00:00,8499.5
2020-06-14 10:00:00+00:00,8953.0
2020-06-14 11:00:00+00:00,9606.5
2020-06-14 12:00:00+00:00,10113.75
2020-06-14 13:00:00+00:00,9362.75
2020-06-14 14:00:00+00:00,7817.75
2020-06-14 15:00:00+00:00,5887.75
2020-06-14 16:00:00+00:00,3716.25
2020-06-14 17:00:00+00:00,1813.0
2020-06-14 18:00:00+00:00,540.25
2020-06-14 19:00:00+00:00,37.25
2020-06-14 20:00:00+00:00,0.25
2020-06-14 21:00:00+00:00,0.0
2020-06-14 22:00:00+00:00,0.0
2020-06-14 23:00:00+00:00,0.25
2020-06-15 00:00:00+00:00,0.25
2020-06-15 01:00:00+00:00,0.75
2020-06-15 02:00:00+00:00,6.25
2020-06-15 03:00:00+00:00,230.5
2020-06-15 04:00:00+00:00,1294.0
2020-06-15 05:00:00+00:00,3540.25
2020-06-15 06:00:00+00:00,6583.0
2020-06-15 07:00:00+00:00,10117.5
2020-06-15 08:00:00+00:00,13141.0
2020-06-15 09:00:00+00:00,15001.75
2020-06-15 10:00:00+00:00,15640.5
2020-06-15 11:00:00+00:00,15655.25
2020-06-15 12:00:00+00:00,14914.25
2020-06-15 13:00:00+00:00,13470.0
2020-06-15 14:00:00+00:00,11297.75
2020-06-15 15:00:00+00:00,8548.25
2020-06-15 16:00:00+00:00,5404.0
2020-06-15 17:00:00+00:00,2591.5
2020-06-15 18:00:00+00:00,816.25
2020-06-15 19:00:00+00:00,61.75
2020-06-15 20:00:00+00:00,0.75
2020-06-15 21:00:00+00:00,0.5
2020-06-15 22:00:00+00:00,0.25
2020-06-15 23:00:00+00:00,0.5
2020-06-16 00:00:00+00:00,1.0
2020-06-16 01:00:00+00:00,1.0
2020-06-16 02:00:00+00:00,6.25
2020-06-16 03:00:00+00:00,276.5
2020-06-16 04:00:00+00:00,1494.75
2020-06-16 05:00:00+00:00,3896.75
2020-06-16 06:00:00+00:00,7182.25
2020-06-16 07:00:00+00:00,10800.5
2020-06-16 08:00:00+00:00,14002.5
2020-06-16 09:00:00+00:00,15937.0
2020-06-16 10:00:00+00:00,17109.5
2020-06-16 11:00:00+00:00,17785.75
2020-06-16 12:00:00+00:00,17660.0
2020-06-16 13:00:00+00:00,17024.75
2020-06-16 14:00:00+00:00,14746.75
2020-06-16 15:00:00+00:00,11786.5
2020-06-16 16:00:00+00:00,7783.5
2020-06-16 17:00:00+00:00,3993.0
2020-06-16 18:00:00+00:00,1321.25
2020-06-16 19:00:00+00:00,97.0
2020-06-16 20:00:00+00:00,0.5
2020-06-16 21:00:00+00:00,0.0
2020-06-16 22:00:00+00:00,0.25
2020-06-16 23:00:00+00:00,0.75
2020-06-17 00:00:00+00:00,1.0
2020-06-17 01:00:00+00:00,0.75
2020-06-17 02:00:00+00:00,6.0
2020-06-17 03:00:00+00:00,333.25
2020-06-17 04:00:00+00:00,2108.0
2020-06-17 05:00:00+00:00,5332.5
2020-06-17 06:00:00+00:00,9773.5
2020-06-17 07:00:00+00:00,14787.25
2020-06-17 08:00:00+00:00,19382.25
2020-06-17 09:00:00+00:00,21831.0
2020-06-17 10:00:00+00:00,22233.0
2020-06-17 11:00:00+00:00,21750.25
2020-06-17 12:00:00+00:00,20001.75
2020-06-17 13:00:00+00:00,16807.25
2020-06-17 14:00:00+00:00,13964.25
2020-06-17 15:00:00+00:00,9946.5
2020-06-17 16:00:00+00:00,5702.75
2020-06-17 17:00:00+00:00,2606.75
2020-06-17 18:00:00+00:00,812.25
2020-06-17 19:00:00+00:00,60.75
2020-06-17 20:00:00+00:00,1.0
2020-06-17 21:00:00+00:00,0.5
2020-06-17 22:00:00+00:00,0.25
2020-06-17 23:00:00+00:00,0.75
2020-06-18 00:00:00+00:00,0.25
2020-06-18 01:00:00+00:00,1.0
2020-06-18 02:00:00+00:00,5.25
2020-06-18 03:00:00+00:00,260.5
2020-06-18 04:00:00+00:00,1611.25
2020-06-18 05:00:00+00:00,4230.75
2020-06-18 06:00:00+00:00,8003.25
2020-06-18 07:00:00+00:00,12222.0
2020-06-18 08:00:00+00:00,15722.5
2020-06-18 09:00:00+00:00,17851.5
2020-06-18 10:00:00+00:00,18914.0
2020-06-18 11:00:00+00:00,19344.0
2020-06-18 12:00:00+00:00,18947.5
2020-06-18 13:00:00+00:00,17163.75
2020-06-18 14:00:00+00:00,14598.25
2020-06-18 15:00:00+00:00,10944.25
2020-06-18 16:00:00+00:00,6856.0
2020-06-18 17:00:00+00:00,3295.5
2020-06-18 18:00:00+00:00,987.25
2020-06-18 19:00:00+00:00,64.5
2020-06-18 20:00:00+00:00,0.5
2020-06-18 21:00:00+00:00,0.0
2020-06-18 22:00:00+00:00,0.0
2020-06-18 23:00:00+00:00,1.0
2020-06-19 00:00:00+00:00,0.5
2020-06-19 01:00:00+00:00,1.0
2020-06-19 02:00:00+00:00,2.75
2020-06-19 03:00:00+00:00,236.75
2020-06-19 04:00:00+00:00,1712.75
2020-06-19 05:00:00+00:00,4447.5
2020-06-19 06:00:00+00:00,8158.25
2020-06-19 07:00:00+00:00,11936.0
2020-06-19 08:00:00+00:00,14585.0
2020-06-19 09:00:00+00:00,15709.25
2020-06-19 10:00:00+00:00,16412.75
2020-06-19 11:00:00+00:00,16286.25
2020-06-19 12:00:00+00:00,15800.75
2020-06-19 13:00:00+00:00,14415.0
2020-06-19 14:00:00+00:00,12623.0
2020-06-19 15:00:00+00:00,9776.75
2020-06-19 16:00:00+00:00,6510.0
2020-06-19 17:00:00+00:00,3252.5
2020-06-19 18:00:00+00:00,1084.5
2020-06-19 19:00:00+00:00,92.0
2020-06-19 20:00:00+00:00,0.75
2020-06-19 21:00:00+00:00,0.0
2020-06-19 22:00:00+00:00,0.0
2020-06-19 23:00:00+00:00,0.0
2020-06-20 00:00:00+00:00,0.5
2020-06-20 01:00:00+00:00,1.0
2020-06-20 02:00:00+00:00,2.25
2020-06-20 03:00:00+00:00,176.5
2020-06-20 04:00:00+00:00,1458.25
2020-06-20 05:00:00+00:00,4119.0
2020-06-20 06:00:00+00:00,8208.25
2020-06-20 07:00:00+00:00,12929.5
2020-06-20 08:00:00+00:00,16651.25
2020-06-20 09:00:00+00:00,18328.75
2020-06-20 10:00:00+00:00,19202.5
2020-06-20 11:00:00+00:00,19316.5
2020-06-20 12:00:00+00:00,18111.25
2020-06-20 13:00:00+00:00,16198.0
2020-06-20 14:00:00+00:00,13629.25
2020-06-20 15:00:00+00:00,10677.75
2020-06-20 16:00:00+00:00,7033.25
2020-06-20 17:00:00+00:00,3565.75
2020-06-20 18:00:00+00:00,1194.5
2020-06-20 19:00:00+00:00,99.5
2020-06-20 20:00:00+00:00,0.25
2020-06-20 21:00:00+00:00,0.0
2020-06-20 22:00:00+00:00,0.0
2020-06-20 23:00:00+00:00,0.0
2020-06-21 00:00:00+00:00,0.0
2020-06-21 01:00:00+00:00,0.25
2020-06-21 02:00:00+00:00,2.5
2020-06-21 03:00:00+00:00,230.0
2020-06-21 04:00:00+00:00,1883.75
2020-06-21 05:00:00+00:00,5677.5
2020-06-21 06:00:00+00:00,11370.75
2020-06-21 07:00:00+00:00,17621.5
2020-06-21 08:00:00+00:00,21869.75
2020-06-21 09:00:00+00:00,23565.0
2020-06-21 10:00:00+00:00,24376.75
2020-06-21 11:00:00+00:00,24855.5
2020-06-21 12:00:00+00:00,24225.5
2020-06-21 13:00:00+00:00,22569.25
2020-06-21 14:00:00+00:00,19051.0
2020-06-21 15:00:00+00:00,14427.25
2020-06-21 16:00:00+00:00,9256.5
2020-06-21 17:00:00+00:00,4275.25
2020-06-21 18:00:00+00:00,1249.25
2020-06-21 19:00:00+00:00,88.5
2020-06-21 20:00:00+00:00,0.5
2020-06-21 21:00:00+00:00,0.0
2020-06-21 22:00:00+00:00,0.25
2020-06-21 23:00:00+00:00,0.0
2020-06-22 00:00:00+00:00,0.5
2020-06-22 01:00:00+00:00,1.0
2020-06-22 02:00:00+00:00,5.5
2020-06-22 03:00:00+00:00,324.75
2020-06-22 04:00:00+00:00,2099.75
2020-06-22 05:00:00+00:00,5704.25
2020-06-22 06:00:00+00:00,10632.25
2020-06-22 07:00:00+00:00,16292.25
2020-06-22 08:00:00+00:00,21392.25
2020-06-22 09:00:00+00:00,23925.0
2020-06-22 10:00:00+00:00,24254.5
2020-06-22 11:00:00+00:00,23939.0
2020-06-22 12:00:00+00:00,23891.0
2020-06-22 13:00:00+00:00,22257.5
2020-06-22 14:00:00+00:00,19768.0
2020-06-22 15:00:00+00:00,15393.0
2020-06-22 16:00:00+00:00,9973.25
2020-06-22 17:00:00+00:00,4664.75
2020-06-22 18:00:00+00:00,1482.5
2020-06-22 19:00:00+00:00,127.25
2020-06-22 20:00:00+00:00,1.0
2020-06-22 21:00:00+00:00,0.25
2020-06-22 22:00:00+00:00,0.25
2020-06-22 23:00:00+00:00,1.0
2020-06-23 00:00:00+00:00,1.0
2020-06-23 01:00:00+00:00,1.0
2020-06-23 02:00:00+00:00,5.75
2020-06-23 03:00:00+00:00,347.5
2020-06-23 04:00:00+00:00,2431.5
2020-06-23 05:00:00+00:00,7113.5
2020-06-23 06:00:00+00:00,13938.0
2020-06-23 07:00:00+00:00,20699.5
2020-06-23 08:00:00+00:00,25518.25
2020-06-23 09:00:00+00:00,28046.25
2020-06-23 10:00:00+00:00,30329.0
2020-06-23 11:00:00+00:00,31156.75
2020-06-23 12:00:00+00:00,30558.0
2020-06-23 13:00:00+00:00,28201.0
2020-06-23 14:00:00+00:00,24004.0
2020-06-23 15:00:00+00:00,18197.5
2020-06-23 16:00:00+00:00,11274.75
2020-06-23 17:00:00+00:00,4922.25
2020-06-23 18:00:00+00:00,1433.75
2020-06-23 19:00:00+00:00,123.75
2020-06-23 20:00:00+00:00,1.0
2020-06-23 21:00:00+00:00,1.0
2020-06-23 22:00:00+00:00,0.5
2020-06-23 23:00:00+00:00,0.75
2020-06-24 00:00:00+00:00,0.75
2020-06-24 01:00:00+00:00,1.0
2020-06-24 02:00:00+00:00,5.5
2020-06-24 03:00:00+00:00,354.5
2020-06-24 04:00:00+00:00,2373.25
2020-06-24 05:00:00+00:00,7302.5
2020-06-24 06:00:00+00:00,14275.25
2020-06-24 07:00:00+00:00,21184.5
2020-06-24 08:00:00+00:00,26299.25
2020-06-24 09:00:00+00:00,29024.75
2020-06-24 10:00:00+00:00,30110.25
2020-06-24 11:00:00+00:00,29842.25
2020-06-24 12:00:00+00:00,28212.25
2020-06-24 13:00:00+00:00,25502.25
2020-06-24 14:00:00+00:00,21312.75
2020-06-24 15:00:00+00:00,15903.0
2020-06-24 16:00:00+00:00,9961.75
2020-06-24 17:00:00+00:00,4640.5
2020-06-24 18:00:00+00:00,1386.75
2020-06-24 19:00:00+00:00,121.5
2020-06-24 20:00:00+00:00,1.0
2020-06-24 21:00:00+00:00,1.0
2020-06-24 22:00:00+00:00,1.0
2020-06-24 23:00:00+00:00,0.75
2020-06-25 00:00:00+00:00,1.0
2020-06-25 01:00:00+00:00,1.0
2020-06-25 02:00:00+00:00,3.75
2020-06-25 03:00:00+00:00,250.75
2020-06-25 04:00:00+00:00,1870.25
2020-06-25 05:00:00+00:00,5487.25
2020-06-25 06:00:00+00:00,10909.0
2020-06-25 07:00:00+00:00,16448.5
2020-06-25 08:00:00+00:00,20873.0
2020-06-25 09:00:00+00:00,24245.0
2020-06-25 10:00:00+00:00,26099.5
2020-06-25 11:00:00+00:00,26764.5
2020-06-25 12:00:00+00:00,25586.25
2020-06-25 13:00:00+00:00,22739.5
2020-06-25 14:00:00+00:00,19262.5
2020-06-25 15:00:00+00:00,15102.25
2020-06-25 16:00:00+00:00,9868.25
2020-06-25 17:00:00+00:00,4744.5
2020-06-25 18:00:00+00:00,1480.25
2020-06-25 19:00:00+00:00,125.0
2020-06-25 20:00:00+00:00,1.0
2020-06-25 21:00:00+00:00,0.75
2020-06-25 22:00:00+00:00,1.0
2020-06-25 23:00:00+00:00,1.0
2020-06-26 00:00:00+00:00,1.0
2020-06-26 01:00:00+00:00,1.0
2020-06-26 02:00:00+00:00,4.5
2020-06-26 03:00:00+00:00,330.75
2020-06-26 04:00:00+00:00,2305.75
2020-06-26 05:00:00+00:00,6943.75
2020-06-26 06:00:00+00:00,13585.75
2020-06-26 07:00:00+00:00,20057.75
2020-06-26 08:00:00+00:00,24825.75
2020-06-26 09:00:00+00:00,27622.25
2020-06-26 10:00:00+00:00,28602.75
2020-06-26 11:00:00+00:00,28432.0
2020-06-26 12:00:00+00:00,26707.25
2020-06-26 13:00:00+00:00,23673.75
2020-06-26 14:00:00+00:00,19400.0
2020-06-26 15:00:00+00:00,13487.0
2020-06-26 16:00:00+00:00,7955.5
2020-06-26 17:00:00+00:00,3633.0
2020-06-26 18:00:00+00:00,1146.75
2020-06-26 19:00:00+00:00,91.75
2020-06-26 20:00:00+00:00,0.75
2020-06-26 21:00:00+00:00,0.5
2020-06-26 22:00:00+00:00,0.0
2020-06-26 23:00:00+00:00,0.25
2020-06-27 00:00:00+00:00,0.25
2020-06-27 01:00:00+00:00,1.0
2020-06-27 02:00:00+00:00,4.75
2020-06-27 03:00:00+00:00,312.5
2020-06-27 04:00:00+00:00,2121.25
2020-06-27 05:00:00+00:00,5993.0
2020-06-27 06:00:00+00:00,11427.75
2020-06-27 07:00:00+00:00,17256.0
2020-06-27 08:00:00+00:00,22142.0
2020-06-27 09:00:00+00:00,25253.75
2020-06-27 10:00:00+00:00,26441.25
2020-06-27 11:00:00+00:00,25476.25
2020-06-27 12:00:00+00:00,23922.75
2020-06-27 13:00:00+00:00,21827.25
2020-06-27 14:00:00+00:00,18037.0
2020-06-27 15:00:00+00:00,13027.0
2020-06-27 16:00:00+00:00,8116.25
2020-06-27 17:00:00+00:00,4063.0
2020-06-27 18:00:00+00:00,1330.0
2020-06-27 19:00:00+00:00,99.25
2020-06-27 20:00:00+00:00,0.5
2020-06-27 21:00:00+00:00,0.5
2020-06-27 22:00:00+00:00,0.5
2020-06-27 23:00:00+00:00,0.25
2020-06-28 00:00:00+00:00,0.5
2020-06-28 01:00:00+00:00,0.5
2020-06-28 02:00:00+00:00,4.0
2020-06-28 03:00:00+00:00,301.5
2020-06-28 04:00:00+00:00,1881.5
2020-06-28 05:00:00+00:00,4774.75
2020-06-28 06:00:00+00:00,8573.75
2020-06-28 07:00:00+00:00,11834.0
2020-06-28 08:00:00+00:00,14317.0
2020-06-28 09:00:00+00:00,16211.75
2020-06-28 10:00:00+00:00,17557.0
2020-06-28 11:00:00+00:00,18295.5
2020-06-28 12:00:00+00:00,18026.0
2020-06-28 13:00:00+00:00,16701.25
2020-06-28 14:00:00+00:00,14419.0
2020-06-28 15:00:00+00:00,10494.25
2020-06-28 16:00:00+00:00,6370.75
2020-06-28 17:00:00+00:00,2998.0
2020-06-28 18:00:00+00:00,972.75
2020-06-28 19:00:00+00:00,107.5
2020-06-28 20:00:00+00:00,0.5
2020-06-28 21:00:00+00:00,0.0
2020-06-28 22:00:00+00:00,0.0
2020-06-28 23:00:00+00:00,0.25
2020-06-29 00:00:00+00:00,0.0
2020-06-29 01:00:00+00:00,0.5
2020-06-29 02:00:00+00:00,3.25
2020-06-29 03:00:00+00:00,205.5
2020-06-29 04:00:00+00:00,1363.0
2020-06-29 05:00:00+00:00,3752.0
2020-06-29 06:00:00+00:00,7079.75
2020-06-29 07:00:00+00:00,11134.75
2020-06-29 08:00:00+00:00,15284.75
2020-06-29 09:00:00+00:00,18920.75
2020-06-29 10:00:00+00:00,21525.5
2020-06-29 11:00:00+00:00,22706.0
2020-06-29 12:00:00+00:00,22757.25
2020-06-29 13:00:00+00:00,20784.5
2020-06-29 14:00:00+00:00,18234.25
2020-06-29 15:00:00+00:00,13639.25
2020-06-29 16:00:00+00:00,8494.25
2020-06-29 17:00:00+00:00,3994.75
2020-06-29 18:00:00+00:00,1195.5
2020-06-29 19:00:00+00:00,87.25
2020-06-29 20:00:00+00:00,1.0
2020-06-29 21:00:00+00:00,1.0
2020-06-29 22:00:00+00:00,0.25
2020-06-29 23:00:00+00:00,0.25
2020-06-30 00:00:00+00:00,0.25
2020-06-30 01:00:00+00:00,0.75
2020-06-30 02:00:00+00:00,3.25
2020-06-30 03:00:00+00:00,276.25
2020-06-30 04:00:00+00:00,2086.75
2020-06-30 05:00:00+00:00,6127.0
2020-06-30 06:00:00+00:00,11661.5
2020-06-30 07:00:00+00:00,16497.0
2020-06-30 08:00:00+00:00,19365.25
2020-06-30 09:00:00+00:00,21534.0
2020-06-30 10:00:00+00:00,22516.0
2020-06-30 11:00:00+00:00,22746.75
2020-06-30 12:00:00+00:00,21800.5
2020-06-30 13:00:00+00:00,20178.0
2020-06-30 14:00:00+00:00,17231.0
2020-06-30 15:00:00+00:00,12915.75
2020-06-30 16:00:00+00:00,8031.25
2020-06-30 17:00:00+00:00,3617.25
2020-06-30 18:00:00+00:00,982.25
2020-06-30 19:00:00+00:00,53.25
2020-06-30 20:00:00+00:00,0.5
2020-06-30 21:00:00+00:00,0.0
2020-06-30 22:00:00+00:00,0.0
2020-06-30 23:00:00+00:00,0.0
2020-07-01 00:00:00+00:00,0.0
2020-07-01 01:00:00+00:00,0.0
2020-07-01 02:00:00+00:00,1.5
2020-07-01 03:00:00+00:00,207.5
2020-07-01 04:00:00+00:00,1696.75
2020-07-01 05:00:00+00:00,5297.25
2020-07-01 06:00:00+00:00,10352.75
2020-07-01 07:00:00+00:00,15041.5
2020-07-01 08:00:00+00:00,18623.25
2020-07-01 09:00:00+00:00,20895.75
2020-07-01 10:00:00+00:00,22202.0
2020-07-01 11:00:00+00:00,22452.0
2020-07-01 12:00:00+00:00,21952.5
2020-07-01 13:00:00+00:00,19943.0
2020-07-01 14:00:00+00:00,16944.25
2020-07-01 15:00:00+00:00,12808.0
2020-07-01 16:00:00+00:00,7881.75
2020-07-01 17:00:00+00:00,3803.5
2020-07-01 18:00:00+00:00,1259.75
2020-07-01 19:00:00+00:00,106.5
2020-07-01 20:00:00+00:00,0.25
2020-07-01 21:00:00+00:00,0.0
2020-07-01 22:00:00+00:00,0.0
2020-07-01 23:00:00+00:00,0.0
2020-07-02 00:00:00+00:00,0.0
2020-07-02 01:00:00+00:00,0.0
2020-07-02 02:00:00+00:00,1.75
2020-07-02 03:00:00+00:00,231.75
2020-07-02 04:00:00+00:00,1668.0
2020-07-02 05:00:00+00:00,4500.0
2020-07-02 06:00:00+00:00,8785.0
2020-07-02 07:00:00+00:00,12891.0
2020-07-02 08:00:00+00:00,16084.25
2020-07-02 09:00:00+00:00,18325.0
2020-07-02 10:00:00+00:00,19748.25
2020-07-02 11:00:00+00:00,19881.5
2020-07-02 12:00:00+00:00,18954.75
2020-07-02 13:00:00+00:00,17516.5
2020-07-02 14:00:00+00:00,15676.0
2020-07-02 15:00:00+00:00,11541.25
2020-07-02 16:00:00+00:00,6973.0
2020-07-02 17:00:00+00:00,3281.5
2020-07-02 18:00:00+00:00,1029.0
2020-07-02 19:00:00+00:00,80.75
2020-07-02 20:00:00+00:00,0.25
2020-07-02 21:00:00+00:00,0.0
2020-07-02 22:00:00+00:00,0.0
2020-07-02 23:00:00+00:00,0.0
2020-07-03 00:00:00+00:00,0.0
2020-07-03 01:00:00+00:00,0.0
2020-07-03 02:00:00+00:00,1.5
2020-07-03 03:00:00+00:00,202.5
2020-07-03 04:00:00+00:00,1664.0
2020-07-03 05:00:00+00:00,5200.75
2020-07-03 06:00:00+00:00,10478.0
2020-07-03 07:00:00+00:00,15778.25
2020-07-03 08:00:00+00:00,19059.25
2020-07-03 09:00:00+00:00,20536.75
2020-07-03 10:00:00+00:00,20768.75
2020-07-03 11:00:00+00:00,21486.0
2020-07-03 12:00:00+00:00,21746.25
2020-07-03 13:00:00+00:00,20311.5
2020-07-03 14:00:00+00:00,17609.0
2020-07-03 15:00:00+00:00,13825.75
2020-07-03 16:00:00+00:00,8995.25
2020-07-03 17:00:00+00:00,4316.0
2020-07-03 18:00:00+00:00,1315.5
2020-07-03 19:00:00+00:00,80.25
2020-07-03 20:00:00+00:00,0.25
2020-07-03 21:00:00+00:00,0.0
2020-07-03 22:00:00+00:00,0.0
2020-07-03 23:00:00+00:00,0.0
2020-07-04 00:00:00+00:00,0.0
2020-07-04 01:00:00+00:00,0.0
2020-07-04 02:00:00+00:00,1.75
2020-07-04 03:00:00+00:00,243.75
2020-07-04 04:00:00+00:00,1956.0
2020-07-04 05:00:00+00:00,5848.0
2020-07-04 06:00:00+00:00,11241.0
2020-07-04 07:00:00+00:00,16607.25
2020-07-04 08:00:00+00:00,20748.0
2020-07-04 09:00:00+00:00,22781.75
2020-07-04 10:00:00+00:00,23498.5
2020-07-04 11:00:00+00:00,23457.25
2020-07-04 12:00:00+00:00,22216.5
2020-07-04 13:00:00+00:00,19777.5
2020-07-04 14:00:00+00:00,16368.0
2020-07-04 15:00:00+00:00,11927.0
2020-07-04 16:00:00+00:00,7201.0
2020-07-04 17:00:00+00:00,3042.25
2020-07-04 18:00:00+00:00,847.0
2020-07-04 19:00:00+00:00,36.25
2020-07-04 20:00:00+00:00,0.0
2020-07-04 21:00:00+00:00,0.0
2020-07-04 22:00:00+00:00,0.0
2020-07-04 23:00:00+00:00,0.0
2020-07-05 00:00:00+00:00,0.0
2020-07-05 01:00:00+00:00,0.0
2020-07-05 02:00:00+00:00,0.5
2020-07-05 03:00:00+00:00,113.0
2020-07-05 04:00:00+00:00,1203.25
2020-07-05 05:00:00+00:00,3628.0
2020-07-05 06:00:00+00:00,7296.75
2020-07-05 07:00:00+00:00,11197.5
2020-07-05 08:00:00+00:00,14287.75
2020-07-05 09:00:00+00:00,16227.0
2020-07-05 10:00:00+00:00,16693.75
2020-07-05 11:00:00+00:00,17540.0
2020-07-05 12:00:00+00:00,17880.25
2020-07-05 13:00:00+00:00,17772.25
2020-07-05 14:00:00+00:00,16468.5
2020-07-05 15:00:00+00:00,13339.5
2020-07-05 16:00:00+00:00,8738.0
2020-07-05 17:00:00+00:00,4013.25
2020-07-05 18:00:00+00:00,1126.75
2020-07-05 19:00:00+00:00,79.25
2020-07-05 20:00:00+00:00,0.25
2020-07-05 21:00:00+00:00,0.0
2020-07-05 22:00:00+00:00,0.0
2020-07-05 23:00:00+00:00,0.0
2020-07-06 00:00:00+00:00,0.0
2020-07-06 01:00:00+00:00,0.0
2020-07-06 02:00:00+00:00,1.5
2020-07-06 03:00:00+00:00,206.5
2020-07-06 04:00:00+00:00,1689.75
2020-07-06 05:00:00+00:00,5113.75
2020-07-06 06:00:00+00:00,9996.5
2020-07-06 07:00:00+00:00,14739.75
2020-07-06 08:00:00+00:00,18287.0
2020-07-06 09:00:00+00:00,20720.75
2020-07-06 10:00:00+00:00,22018.75
2020-07-06 11:00:00+00:00,22641.0
2020-07-06 12:00:00+00:00,22033.0
2020-07-06 13:00:00+00:00,20265.0
2020-07-06 14:00:00+00:00,17997.75
2020-07-06 15:00:00+00:00,14053.0
2020-07-06 16:00:00+00:00,8734.0
2020-07-06 17:00:00+00:00,4163.0
2020-07-06 18:00:00+00:00,1318.5
2020-07-06 19:00:00+00:00,89.5
2020-07-06 20:00:00+00:00,0.25
2020-07-06 21:00:00+00:00,0.0
2020-07-06 22:00:00+00:00,0.0
2020-07-06 23:00:00+00:00,0.0
2020-07-07 00:00:00+00:00,0.0
2020-07-07 01:00:00+00:00,0.0
2020-07-07 02:00:00+00:00,1.5
2020-07-07 03:00:00+00:00,233.0
2020-07-07 04:00:00+00:00,2025.25
2020-07-07 05:00:00+00:00,6467.25
2020-07-07 06:00:00+00:00,13012.0
2020-07-07 07:00:00+00:00,18308.5
2020-07-07 08:00:00+00:00,21587.25
2020-07-07 09:00:00+00:00,23828.0
2020-07-07 10:00:00+00:00,24673.5
2020-07-07 11:00:00+00:00,23777.5
2020-07-07 12:00:00+00:00,22260.75
2020-07-07 13:00:00+00:00,20751.0
2020-07-07 14:00:00+00:00,17841.5
2020-07-07 15:00:00+00:00,13330.0
2020-07-07 16:00:00+00:00,8372.25
2020-07-07 17:00:00+00:00,3757.0
2020-07-07 18:00:00+00:00,994.5
2020-07-07 19:00:00+00:00,45.5
2020-07-07 20:00:00+00:00,0.25
2020-07-07 21:00:00+00:00,0.0
2020-07-07 22:00:00+00:00,0.0
2020-07-07 23:00:00+00:00,0.0
2020-07-08 00:00:00+00:00,0.0
2020-07-08 01:00:00+00:00,0.0
2020-07-08 02:00:00+00:00,1.25
2020-07-08 03:00:00+00:00,125.25
2020-07-08 04:00:00+00:00,1277.25
2020-07-08 05:00:00+00:00,3906.5
2020-07-08 06:00:00+00:00,7766.25
2020-07-08 07:00:00+00:00,11550.5
2020-07-08 08:00:00+00:00,14601.0
2020-07-08 09:00:00+00:00,16326.75
2020-07-08 10:00:00+00:00,17020.5
2020-07-08 11:00:00+00:00,16253.75
2020-07-08 12:00:00+00:00,14729.75
2020-07-08 13:00:00+00:00,13319.5
2020-07-08 14:00:00+00:00,11097.5
2020-07-08 15:00:00+00:00,7919.5
2020-07-08 16:00:00+00:00,5033.5
2020-07-08 17:00:00+00:00,2506.75
2020-07-08 18:00:00+00:00,770.75
2020-07-08 19:00:00+00:00,41.25
2020-07-08 20:00:00+00:00,0.0
2020-07-08 21:00:00+00:00,0.0
2020-07-08 22:00:00+00:00,0.0
2020-07-08 23:00:00+00:00,0.0
2020-07-09 00:00:00+00:00,0.0
2020-07-09 01:00:00+00:00,0.0
2020-07-09 02:00:00+00:00,1.25
2020-07-09 03:00:00+00:00,115.5
2020-07-09 04:00:00+00:00,1208.5
2020-07-09 05:00:00+00:00,3675.75
2020-07-09 06:00:00+00:00,7214.0
2020-07-09 07:00:00+00:00,10762.75
2020-07-09 08:00:00+00:00,14166.0
2020-07-09 09:00:00+00:00,16535.25
2020-07-09 10:00:00+00:00,17499.25
2020-07-09 11:00:00+00:00,18278.75
2020-07-09 12:00:00+00:00,18378.25
2020-07-09 13:00:00+00:00,17857.0
2020-07-09 14:00:00+00:00,15776.75
2020-07-09 15:00:00+00:00,12254.5
2020-07-09 16:00:00+00:00,7675.5
2020-07-09 17:00:00+00:00,3446.0
2020-07-09 18:00:00+00:00,925.25
2020-07-09 19:00:00+00:00,40.25
2020-07-09 20:00:00+00:00,0.0
2020-07-09 21:00:00+00:00,0.0
2020-07-09 22:00:00+00:00,0.0
2020-07-09 23:00:00+00:00,0.0
2020-07-10 00:00:00+00:00,0.0
2020-07-10 01:00:00+00:00,0.0
2020-07-10 02:00:00+00:00,0.75
2020-07-10 03:00:00+00:00,116.25
2020-07-10 04:00:00+00:00,1345.75
2020-07-10 05:00:00+00:00,4336.5
2020-07-10 06:00:00+00:00,8553.5
2020-07-10 07:00:00+00:00,13021.5
2020-07-10 08:00:00+00:00,16650.0
2020-07-10 09:00:00+00:00,18904.25
2020-07-10 10:00:00+00:00,19585.25
2020-07-10 11:00:00+00:00,19177.25
2020-07-10 12:00:00+00:00,17434.5
2020-07-10 13:00:00+00:00,15377.5
2020-07-10 14:00:00+00:00,13144.25
2020-07-10 15:00:00+00:00,9947.25
2020-07-10 16:00:00+00:00,6302.25
2020-07-10 17:00:00+00:00,3092.75
2020-07-10 18:00:00+00:00,1023.25
2020-07-10 19:00:00+00:00,74.25
2020-07-10 20:00:00+00:00,0.25
2020-07-10 21:00:00+00:00,0.0
2020-07-10 22:00:00+00:00,0.0
2020-07-10 23:00:00+00:00,0.0
2020-07-11 00:00:00+00:00,0.0
2020-07-11 01:00:00+00:00,0.0
2020-07-11 02:00:00+00:00,1.5
2020-07-11 03:00:00+00:00,158.75
2020-07-11 04:00:00+00:00,1267.5
2020-07-11 05:00:00+00:00,4258.0
2020-07-11 06:00:00+00:00,9362.5
2020-07-11 07:00:00+00:00,14728.25
2020-07-11 08:00:00+00:00,18215.25
2020-07-11 09:00:00+00:00,20027.0
2020-07-11 10:00:00+00:00,20690.0
2020-07-11 11:00:00+00:00,21255.5
2020-07-11 12:00:00+00:00,20803.5
2020-07-11 13:00:00+00:00,19069.5
2020-07-11 14:00:00+00:00,16706.5
2020-07-11 15:00:00+00:00,13035.0
2020-07-11 16:00:00+00:00,8539.5
2020-07-11 17:00:00+00:00,4056.0
2020-07-11 18:00:00+00:00,1237.0
2020-07-11 19:00:00+00:00,74.25
2020-07-11 20:00:00+00:00,0.25
2020-07-11 21:00:00+00:00,0.0
2020-07-11 22:00:00+00:00,0.0
2020-07-11 23:00:00+00:00,0.0
2020-07-12 00:00:00+00:00,0.0
2020-07-12 01:00:00+00:00,0.0
2020-07-12 02:00:00+00:00,1.5
2020-07-12 03:00:00+00:00,190.75
2020-07-12 04:00:00+00:00,1888.25
2020-07-12 05:00:00+00:00,6315.5
2020-07-12 06:00:00+00:00,13202.75
2020-07-12 07:00:00+00:00,19829.0
2020-07-12 08:00:00+00:00,24054.0
2020-07-12 09:00:00+00:00,25628.0
2020-07-12 10:00:00+00:00,26211.5
2020-07-12 11:00:00+00:00,26326.0
2020-07-12 12:00:00+00:00,25017.25
2020-07-12 13:00:00+00:00,22903.25
2020-07-12 14:00:00+00:00,19836.0
2020-07-12 15:00:00+00:00,15375.25
2020-07-12 16:00:00+00:00,10060.5
2020-07-12 17:00:00+00:00,4652.75
2020-07-12 18:00:00+00:00,1244.0
2020-07-12 19:00:00+00:00,67.0
2020-07-12 20:00:00+00:00,0.25
2020-07-12 21:00:00+00:00,0.0
2020-07-12 22:00:00+00:00,0.0
2020-07-12 23:00:00+00:00,0.0
2020-07-13 00:00:00+00:00,0.0
2020-07-13 01:00:00+00:00,0.0
2020-07-13 02:00:00+00:00,1.25
2020-07-13 03:00:00+00:00,195.0
2020-07-13 04:00:00+00:00,1903.25
2020-07-13 05:00:00+00:00,6584.0
2020-07-13 06:00:00+00:00,13654.5
2020-07-13 07:00:00+00:00,20457.0
2020-07-13 08:00:00+00:00,25677.0
2020-07-13 09:00:00+00:00,28326.25
2020-07-13 10:00:00+00:00,29970.75
2020-07-13 11:00:00+00:00,30259.0
2020-07-13 12:00:00+00:00,29351.5
2020-07-13 13:00:00+00:00,26656.5
2020-07-13 14:00:00+00:00,22607.5
2020-07-13 15:00:00+00:00,17138.5
2020-07-13 16:00:00+00:00,10666.75
2020-07-13 17:00:00+00:00,4738.25
2020-07-13 18:00:00+00:00,1341.0
2020-07-13 19:00:00+00:00,72.5
2020-07-13 20:00:00+00:00,0.0
2020-07-13 21:00:00+00:00,0.0
2020-07-13 22:00:00+00:00,0.0
2020-07-13 23:00:00+00:00,0.0
2020-07-14 00:00:00+00:00,0.0
2020-07-14 01:00:00+00:00,0.0
2020-07-14 02:00:00+00:00,1.25
2020-07-14 03:00:00+00:00,182.25
2020-07-14 04:00:00+00:00,1876.25
2020-07-14 05:00:00+00:00,6084.0
2020-07-14 06:00:00+00:00,12158.75
2020-07-14 07:00:00+00:00,18388.5
2020-07-14 08:00:00+00:00,23147.25
2020-07-14 09:00:00+00:00,24927.0
2020-07-14 10:00:00+00:00,24780.0
2020-07-14 11:00:00+00:00,24122.25
2020-07-14 12:00:00+00:00,21794.5
2020-07-14 13:00:00+00:00,18799.0
2020-07-14 14:00:00+00:00,14958.5
2020-07-14 15:00:00+00:00,10587.0
2020-07-14 16:00:00+00:00,6338.75
2020-07-14 17:00:00+00:00,2862.75
2020-07-14 18:00:00+00:00,723.25
2020-07-14 19:00:00+00:00,19.75
2020-07-14 20:00:00+00:00,0.0
2020-07-14 21:00:00+00:00,0.0
2020-07-14 22:00:00+00:00,0.0
2020-07-14 23:00:00+00:00,0.0
2020-07-15 00:00:00+00:00,0.0
2020-07-15 01:00:00+00:00,0.0
2020-07-15 02:00:00+00:00,0.5
2020-07-15 03:00:00+00:00,74.5
2020-07-15 04:00:00+00:00,847.75
2020-07-15 05:00:00+00:00,2533.25
2020-07-15 06:00:00+00:00,4971.5
2020-07-15 07:00:00+00:00,7604.75
2020-07-15 08:00:00+00:00,9852.0
2020-07-15 09:00:00+00:00,11489.75
2020-07-15 10:00:00+00:00,13359.5
2020-07-15 11:00:00+00:00,14706.25
2020-07-15 12:00:00+00:00,15093.5
2020-07-15 13:00:00+00:00,14215.0
2020-07-15 14:00:00+00:00,12097.0
2020-07-15 15:00:00+00:00,9289.25
2020-07-15 16:00:00+00:00,6470.25
2020-07-15 17:00:00+00:00,3243.5
2020-07-15 18:00:00+00:00,910.75
2020-07-15 19:00:00+00:00,37.75
2020-07-15 20:00:00+00:00,0.0
2020-07-15 21:00:00+00:00,0.0
2020-07-15 22:00:00+00:00,0.0
2020-07-15 23:00:00+00:00,0.0
2020-07-16 00:00:00+00:00,0.0
2020-07-16 01:00:00+00:00,0.0
2020-07-16 02:00:00+00:00,0.5
2020-07-16 03:00:00+00:00,97.5
2020-07-16 04:00:00+00:00,956.25
2020-07-16 05:00:00+00:00,2734.0
2020-07-16 06:00:00+00:00,5161.0
2020-07-16 07:00:00+00:00,7687.5
2020-07-16 08:00:00+00:00,9852.0
2020-07-16 09:00:00+00:00,11139.5
2020-07-16 10:00:00+00:00,11773.25
2020-07-16 11:00:00+00:00,11888.75
2020-07-16 12:00:00+00:00,11456.0
2020-07-16 13:00:00+00:00,10443.25
2020-07-16 14:00:00+00:00,8940.0
2020-07-16 15:00:00+00:00,6907.75
2020-07-16 16:00:00+00:00,4466.0
2020-07-16 17:00:00+00:00,2218.75
2020-07-16 18:00:00+00:00,683.75
2020-07-16 19:00:00+00:00,32.25
2020-07-16 20:00:00+00:00,0.0
2020-07-16 21:00:00+00:00,0.0
2020-07-16 22:00:00+00:00,0.0
2020-07-16 23:00:00+00:00,0.0
2020-07-17 00:00:00+00:00,0.0
2020-07-17 01:00:00+00:00,0.0
2020-07-17 02:00:00+00:00,0.75
2020-07-17 03:00:00+00:00,111.75
2020-07-17 04:00:00+00:00,1301.25
2020-07-17 05:00:00+00:00,4238.0
2020-07-17 06:00:00+00:00,8581.75
2020-07-17 07:00:00+00:00,13697.75
2020-07-17 08:00:00+00:00,17957.0
2020-07-17 09:00:00+00:00,19720.0
2020-07-17 10:00:00+00:00,20296.75
2020-07-17 11:00:00+00:00,20137.0
2020-07-17 12:00:00+00:00,19081.0
2020-07-17 13:00:00+00:00,17123.0
2020-07-17 14:00:00+00:00,14221.0
2020-07-17 15:00:00+00:00,11042.5
2020-07-17 16:00:00+00:00,7118.75
2020-07-17 17:00:00+00:00,3437.0
2020-07-17 18:00:00+00:00,931.25
2020-07-17 19:00:00+00:00,35.75
2020-07-17 20:00:00+00:00,0.0
2020-07-17 21:00:00+00:00,0.0
2020-07-17 22:00:00+00:00,0.0
2020-07-17 23:00:00+00:00,0.0
2020-07-18 00:00:00+00:00,0.0
2020-07-18 01:00:00+00:00,0.0
2020-07-18 02:00:00+00:00,0.5
2020-07-18 03:00:00+00:00,119.25
2020-07-18 04:00:00+00:00,1569.0
2020-07-18 05:00:00+00:00,5597.25
2020-07-18 06:00:00+00:00,12053.0
2020-07-18 07:00:00+00:00,18793.0
2020-07-18 08:00:00+00:00,23187.75
2020-07-18 09:00:00+00:00,24571.25
2020-07-18 10:00:00+00:00,24458.25
2020-07-18 11:00:00+00:00,23182.0
2020-07-18 12:00:00+00:00,21426.5
2020-07-18 13:00:00+00:00,19391.75
2020-07-18 14:00:00+00:00,16326.25
2020-07-18 15:00:00+00:00,12463.75
2020-07-18 16:00:00+00:00,7926.25
2020-07-18 17:00:00+00:00,3797.25
2020-07-18 18:00:00+00:00,1057.0
2020-07-18 19:00:00+00:00,42.25
2020-07-18 20:00:00+00:00,0.0
2020-07-18 21:00:00+00:00,0.0
2020-07-18 22:00:00+00:00,0.0
2020-07-18 23:00:00+00:00,0.0
2020-07-19 00:00:00+00:00,0.0
2020-07-19 01:00:00+00:00,0.0
2020-07-19 02:00:00+00:00,0.5
2020-07-19 03:00:00+00:00,113.25
2020-07-19 04:00:00+00:00,1506.5
2020-07-19 05:00:00+00:00,5274.75
2020-07-19 06:00:00+00:00,11287.75
2020-07-19 07:00:00+00:00,17783.5
2020-07-19 08:00:00+00:00,23058.25
2020-07-19 09:00:00+00:00,25990.75
2020-07-19 10:00:00+00:00,26308.5
2020-07-19 11:00:00+00:00,25642.25
2020-07-19 12:00:00+00:00,24317.0
2020-07-19 13:00:00+00:00,21200.25
2020-07-19 14:00:00+00:00,17661.0
2020-07-19 15:00:00+00:00,13673.5
2020-07-19 16:00:00+00:00,8484.75
2020-07-19 17:00:00+00:00,3937.0
2020-07-19 18:00:00+00:00,1082.0
2020-07-19 19:00:00+00:00,36.75
2020-07-19 20:00:00+00:00,0.0
2020-07-19 21:00:00+00:00,0.0
2020-07-19 22:00:00+00:00,0.0
2020-07-19 23:00:00+00:00,0.0
2020-07-20 00:00:00+00:00,0.0
2020-07-20 01:00:00+00:00,0.0
2020-07-20 02:00:00+00:00,0.25
2020-07-20 03:00:00+00:00,92.75
2020-07-20 04:00:00+00:00,1424.75
2020-07-20 05:00:00+00:00,4644.5
2020-07-20 06:00:00+00:00,9476.5
2020-07-20 07:00:00+00:00,14638.75
2020-07-20 08:00:00+00:00,18772.75
2020-07-20 09:00:00+00:00,21991.5
2020-07-20 10:00:00+00:00,23838.25
2020-07-20 11:00:00+00:00,24431.75
2020-07-20 12:00:00+00:00,23796.75
2020-07-20 13:00:00+00:00,22321.5
2020-07-20 14:00:00+00:00,19296.5
2020-07-20 15:00:00+00:00,14795.5
2020-07-20 16:00:00+00:00,9376.5
2020-07-20 17:00:00+00:00,4174.5
2020-07-20 18:00:00+00:00,1052.75
2020-07-20 19:00:00+00:00,38.5
2020-07-20 20:00:00+00:00,0.0
2020-07-20 21:00:00+00:00,0.0
2020-07-20 22:00:00+00:00,0.0
2020-07-20 23:00:00+00:00,0.0
2020-07-21 00:00:00+00:00,0.0
2020-07-21 01:00:00+00:00,0.0
2020-07-21 02:00:00+00:00,0.25
2020-07-21 03:00:00+00:00,96.0
2020-07-21 04:00:00+00:00,1610.25
2020-07-21 05:00:00+00:00,5558.5
2020-07-21 06:00:00+00:00,11839.25
2020-07-21 07:00:00+00:00,18266.0
2020-07-21 08:00:00+00:00,22753.75
2020-07-21 09:00:00+00:00,25271.5
2020-07-21 10:00:00+00:00,26203.75
2020-07-21 11:00:00+00:00,26478.5
2020-07-21 12:00:00+00:00,25351.5
2020-07-21 13:00:00+00:00,23504.25
2020-07-21 14:00:00+00:00,20055.5
2020-07-21 15:00:00+00:00,15128.25
2020-07-21 16:00:00+00:00,9372.0
2020-07-21 17:00:00+00:00,4104.75
2020-07-21 18:00:00+00:00,1053.0
2020-07-21 19:00:00+00:00,33.5
2020-07-21 20:00:00+00:00,0.0
2020-07-21 21:00:00+00:00,0.0
2020-07-21 22:00:00+00:00,0.0
2020-07-21 23:00:00+00:00,0.0
2020-07-22 00:00:00+00:00,0.0
2020-07-22 01:00:00+00:00,0.0
2020-07-22 02:00:00+00:00,0.0
2020-07-22 03:00:00+00:00,94.75
2020-07-22 04:00:00+00:00,1449.75
2020-07-22 05:00:00+00:00,5597.0
2020-07-22 06:00:00+00:00,12176.0
2020-07-22 07:00:00+00:00,18852.0
2020-07-22 08:00:00+00:00,23616.5
2020-07-22 09:00:00+00:00,26025.5
2020-07-22 10:00:00+00:00,27028.25
2020-07-22 11:00:00+00:00,27190.25
2020-07-22 12:00:00+00:00,26408.25
2020-07-22 13:00:00+00:00,23860.25
2020-07-22 14:00:00+00:00,19953.0
2020-07-22 15:00:00+00:00,14585.0
2020-07-22 16:00:00+00:00,8911.0
2020-07-22 17:00:00+00:00,3983.75
2020-07-22 18:00:00+00:00,983.5
2020-07-22 19:00:00+00:00,27.25
2020-07-22 20:00:00+00:00,0.0
2020-07-22 21:00:00+00:00,0.0
2020-07-22 22:00:00+00:00,0.0
2020-07-22 23:00:00+00:00,0.0
2020-07-23 00:00:00+00:00,0.0
2020-07-23 01:00:00+00:00,0.0
2020-07-23 02:00:00+00:00,0.0
2020-07-23 03:00:00+00:00,69.75
2020-07-23 04:00:00+00:00,1249.0
2020-07-23 05:00:00+00:00,4677.5
2020-07-23 06:00:00+00:00,10395.75
2020-07-23 07:00:00+00:00,16946.25
2020-07-23 08:00:00+00:00,22817.5
2020-07-23 09:00:00+00:00,26922.25
2020-07-23 10:00:00+00:00,28458.5
2020-07-23 11:00:00+00:00,28045.5
2020-07-23 12:00:00+00:00,26498.5
2020-07-23 13:00:00+00:00,23590.0
2020-07-23 14:00:00+00:00,19622.0
2020-07-23 15:00:00+00:00,14734.75
2020-07-23 16:00:00+00:00,9099.75
2020-07-23 17:00:00+00:00,3803.75
2020-07-23 18:00:00+00:00,867.25
2020-07-23 19:00:00+00:00,14.25
2020-07-23 20:00:00+00:00,0.0
2020-07-23 21:00:00+00:00,0.0
2020-07-23 22:00:00+00:00,0.0
2020-07-23 23:00:00+00:00,0.0
2020-07-24 00:00:00+00:00,0.0
2020-07-24 01:00:00+00:00,0.0
2020-07-24 02:00:00+00:00,0.0
2020-07-24 03:00:00+00:00,64.0
2020-07-24 04:00:00+00:00,1188.0
2020-07-24 05:00:00+00:00,4036.75
2020-07-24 06:00:00+00:00,7914.75
2020-07-24 07:00:00+00:00,12238.5
2020-07-24 08:00:00+00:00,16295.0
2020-07-24 09:00:00+00:00,19326.25
2020-07-24 10:00:00+00:00,21185.5
2020-07-24 11:00:00+00:00,21811.75
2020-07-24 12:00:00+00:00,20936.25
2020-07-24 13:00:00+00:00,18972.25
2020-07-24 14:00:00+00:00,15525.25
2020-07-24 15:00:00+00:00,11124.25
2020-07-24 16:00:00+00:00,6906.0
2020-07-24 17:00:00+00:00,3224.0
2020-07-24 18:00:00+00:00,785.0
2020-07-24 19:00:00+00:00,14.0
2020-07-24 20:00:00+00:00,0.0
2020-07-24 21:00:00+00:00,0.0
2020-07-24 22:00:00+00:00,0.0
2020-07-24 23:00:00+00:00,0.0
2020-07-25 00:00:00+00:00,0.0
2020-07-25 01:00:00+00:00,0.0
2020-07-25 02:00:00+00:00,0.0
2020-07-25 03:00:00+00:00,59.75
2020-07-25 04:00:00+00:00,1123.75
2020-07-25 05:00:00+00:00,4188.0
2020-07-25 06:00:00+00:00,9127.0
2020-07-25 07:00:00+00:00,14805.5
2020-07-25 08:00:00+00:00,19276.5
2020-07-25 09:00:00+00:00,21008.5
2020-07-25 10:00:00+00:00,20893.75
2020-07-25 11:00:00+00:00,19850.75
2020-07-25 12:00:00+00:00,18573.0
2020-07-25 13:00:00+00:00,17226.75
2020-07-25 14:00:00+00:00,15278.0
2020-07-25 15:00:00+00:00,11465.5
2020-07-25 16:00:00+00:00,7022.5
2020-07-25 17:00:00+00:00,3086.75
2020-07-25 18:00:00+00:00,664.5
2020-07-25 19:00:00+00:00,6.25
2020-07-25 20:00:00+00:00,0.0
2020-07-25 21:00:00+00:00,0.0
2020-07-25 22:00:00+00:00,0.0
2020-07-25 23:00:00+00:00,0.0
2020-07-26 00:00:00+00:00,0.0
2020-07-26 01:00:00+00:00,0.0
2020-07-26 02:00:00+00:00,0.0
2020-07-26 03:00:00+00:00,42.0
2020-07-26 04:00:00+00:00,595.5
2020-07-26 05:00:00+00:00,2001.0
2020-07-26 06:00:00+00:00,4254.0
2020-07-26 07:00:00+00:00,7736.25
2020-07-26 08:00:00+00:00,11980.75
2020-07-26 09:00:00+00:00,16175.0
2020-07-26 10:00:00+00:00,19990.5
2020-07-26 11:00:00+00:00,21553.0
2020-07-26 12:00:00+00:00,21373.5
2020-07-26 13:00:00+00:00,19492.0
2020-07-26 14:00:00+00:00,16121.25
2020-07-26 15:00:00+00:00,12570.0
2020-07-26 16:00:00+00:00,8008.5
2020-07-26 17:00:00+00:00,3503.75
2020-07-26 18:00:00+00:00,816.25
2020-07-26 19:00:00+00:00,15.75
2020-07-26 20:00:00+00:00,0.0
2020-07-26 21:00:00+00:00,0.0
2020-07-26 22:00:00+00:00,0.0
2020-07-26 23:00:00+00:00,0.0
2020-07-27 00:00:00+00:00,0.0
2020-07-27 01:00:00+00:00,0.0
2020-07-27 02:00:00+00:00,0.0
2020-07-27 03:00:00+00:00,49.25
2020-07-27 04:00:00+00:00,1243.25
2020-07-27 05:00:00+00:00,4822.0
2020-07-27 06:00:00+00:00,10246.75
2020-07-27 07:00:00+00:00,15898.5
2020-07-27 08:00:00+00:00,20075.75
2020-07-27 09:00:00+00:00,22754.25
2020-07-27 10:00:00+00:00,23342.75
2020-07-27 11:00:00+00:00,22556.0
2020-07-27 12:00:00+00:00,20904.0
2020-07-27 13:00:00+00:00,18098.75
2020-07-27 14:00:00+00:00,15481.75
2020-07-27 15:00:00+00:00,11811.25
2020-07-27 16:00:00+00:00,7141.0
2020-07-27 17:00:00+00:00,2996.0
2020-07-27 18:00:00+00:00,628.25
2020-07-27 19:00:00+00:00,7.5
2020-07-27 20:00:00+00:00,0.0
2020-07-27 21:00:00+00:00,0.0
2020-07-27 22:00:00+00:00,0.0
2020-07-27 23:00:00+00:00,0.0
2020-07-28 00:00:00+00:00,0.0
2020-07-28 01:00:00+00:00,0.0
2020-07-28 02:00:00+00:00,0.0
2020-07-28 03:00:00+00:00,37.75
2020-07-28 04:00:00+00:00,991.25
2020-07-28 05:00:00+00:00,4038.0
2020-07-28 06:00:00+00:00,8998.5
2020-07-28 07:00:00+00:00,14904.0
2020-07-28 08:00:00+00:00,19735.75
2020-07-28 09:00:00+00:00,22892.0
2020-07-28 10:00:00+00:00,24003.0
2020-07-28 11:00:00+00:00,23367.0
2020-07-28 12:00:00+00:00,21609.75
2020-07-28 13:00:00+00:00,18504.5
2020-07-28 14:00:00+00:00,14891.5
2020-07-28 15:00:00+00:00,11503.75
2020-07-28 16:00:00+00:00,7278.5
2020-07-28 17:00:00+00:00,3437.25
2020-07-28 18:00:00+00:00,764.5
2020-07-28 19:00:00+00:00,9.5
2020-07-28 20:00:00+00:00,0.0
2020-07-28 21:00:00+00:00,0.0
2020-07-28 22:00:00+00:00,0.0
2020-07-28 23:00:00+00:00,0.0
2020-07-29 00:00:00+00:00,0.0
2020-07-29 01:00:00+00:00,0.0
2020-07-29 02:00:00+00:00,0.0
2020-07-29 03:00:00+00:00,40.5
2020-07-29 04:00:00+00:00,1043.5
2020-07-29 05:00:00+00:00,4692.5
2020-07-29 06:00:00+00:00,10947.0
2020-07-29 07:00:00+00:00,17837.0
2020-07-29 08:00:00+00:00,22304.0
2020-07-29 09:00:00+00:00,24291.25
2020-07-29 10:00:00+00:00,26069.75
2020-07-29 11:00:00+00:00,27092.5
2020-07-29 12:00:00+00:00,26989.25
2020-07-29 13:00:00+00:00,25063.5
2020-07-29 14:00:00+00:00,21320.75
2020-07-29 15:00:00+00:00,15769.0
2020-07-29 16:00:00+00:00,9324.25
2020-07-29 17:00:00+00:00,3628.25
2020-07-29 18:00:00+00:00,712.75
2020-07-29 19:00:00+00:00,7.5
2020-07-29 20:00:00+00:00,0.0
2020-07-29 21:00:00+00:00,0.0
2020-07-29 22:00:00+00:00,0.0
2020-07-29 23:00:00+00:00,0.0
2020-07-30 00:00:00+00:00,0.0
2020-07-30 01:00:00+00:00,0.0
2020-07-30 02:00:00+00:00,0.0
2020-07-30 03:00:00+00:00,43.75
2020-07-30 04:00:00+00:00,1127.0
2020-07-30 05:00:00+00:00,5304.5
2020-07-30 06:00:00+00:00,12128.25
2020-07-30 07:00:00+00:00,19201.0
2020-07-30 08:00:00+00:00,24574.5
2020-07-30 09:00:00+00:00,28128.75
2020-07-30 10:00:00+00:00,30106.25
2020-07-30 11:00:00+00:00,30561.75
2020-07-30 12:00:00+00:00,29187.0
2020-07-30 13:00:00+00:00,26316.25
2020-07-30 14:00:00+00:00,22201.0
2020-07-30 15:00:00+00:00,16284.25
2020-07-30 16:00:00+00:00,9365.5
2020-07-30 17:00:00+00:00,3576.0
2020-07-30 18:00:00+00:00,689.5
2020-07-30 19:00:00+00:00,8.5
2020-07-30 20:00:00+00:00,0.0
2020-07-30 21:00:00+00:00,0.0
2020-07-30 22:00:00+00:00,0.0
2020-07-30 23:00:00+00:00,0.0
2020-07-31 00:00:00+00:00,0.0
2020-07-31 01:00:00+00:00,0.0
2020-07-31 02:00:00+00:00,0.0
2020-07-31 03:00:00+00:00,38.25
2020-07-31 04:00:00+00:00,1023.75
2020-07-31 05:00:00+00:00,5014.0
2020-07-31 06:00:00+00:00,11781.5
2020-07-31 07:00:00+00:00,18729.5
2020-07-31 08:00:00+00:00,24484.5
2020-07-31 09:00:00+00:00,28447.75
2020-07-31 10:00:00+00:00,30594.75
2020-07-31 11:00:00+00:00,31014.75
2020-07-31 12:00:00+00:00,29825.5
2020-07-31 13:00:00+00:00,27056.5
2020-07-31 14:00:00+00:00,22646.25
2020-07-31 15:00:00+00:00,16621.0
2020-07-31 16:00:00+00:00,9581.75
2020-07-31 17:00:00+00:00,3529.0
2020-07-31 18:00:00+00:00,622.0
2020-07-31 19:00:00+00:00,5.0
2020-07-31 20:00:00+00:00,0.0
2020-07-31 21:00:00+00:00,0.0
2020-07-31 22:00:00+00:00,0.0
2020-07-31 23:00:00+00:00,0.0
2020-08-01 00:00:00+00:00,0.0
2020-08-01 01:00:00+00:00,0.0
2020-08-01 02:00:00+00:00,0.0
2020-08-01 03:00:00+00:00,35.5
2020-08-01 04:00:00+00:00,1029.75
2020-08-01 05:00:00+00:00,4865.25
2020-08-01 06:00:00+00:00,10800.25
2020-08-01 07:00:00+00:00,16608.25
2020-08-01 08:00:00+00:00,20866.5
2020-08-01 09:00:00+00:00,23506.75
2020-08-01 10:00:00+00:00,25179.0
2020-08-01 11:00:00+00:00,25279.5
2020-08-01 12:00:00+00:00,24141.25
2020-08-01 13:00:00+00:00,21150.0
2020-08-01 14:00:00+00:00,16936.5
2020-08-01 15:00:00+00:00,12091.75
2020-08-01 16:00:00+00:00,6685.25
2020-08-01 17:00:00+00:00,2751.25
2020-08-01 18:00:00+00:00,553.5
2020-08-01 19:00:00+00:00,7.75
2020-08-01 20:00:00+00:00,0.0
2020-08-01 21:00:00+00:00,0.0
2020-08-01 22:00:00+00:00,0.0
2020-08-01 23:00:00+00:00,0.0
2020-08-02 00:00:00+00:00,0.0
2020-08-02 01:00:00+00:00,0.0
2020-08-02 02:00:00+00:00,0.0
2020-08-02 03:00:00+00:00,19.5
2020-08-02 04:00:00+00:00,677.5
2020-08-02 05:00:00+00:00,2814.5
2020-08-02 06:00:00+00:00,5956.5
2020-08-02 07:00:00+00:00,9422.75
2020-08-02 08:00:00+00:00,11740.0
2020-08-02 09:00:00+00:00,12843.0
2020-08-02 10:00:00+00:00,13179.75
2020-08-02 11:00:00+00:00,13639.75
2020-08-02 12:00:00+00:00,13126.25
2020-08-02 13:00:00+00:00,11250.75
2020-08-02 14:00:00+00:00,9217.5
2020-08-02 15:00:00+00:00,7009.5
2020-08-02 16:00:00+00:00,4390.0
2020-08-02 17:00:00+00:00,2019.75
2020-08-02 18:00:00+00:00,443.75
2020-08-02 19:00:00+00:00,3.25
2020-08-02 20:00:00+00:00,0.0
2020-08-02 21:00:00+00:00,0.0
2020-08-02 22:00:00+00:00,0.0
2020-08-02 23:00:00+00:00,0.0
2020-08-03 00:00:00+00:00,0.0
2020-08-03 01:00:00+00:00,0.0
2020-08-03 02:00:00+00:00,0.0
2020-08-03 03:00:00+00:00,15.0
2020-08-03 04:00:00+00:00,527.0
2020-08-03 05:00:00+00:00,2499.0
2020-08-03 06:00:00+00:00,5790.25
2020-08-03 07:00:00+00:00,9361.75
2020-08-03 08:00:00+00:00,13241.5
2020-08-03 09:00:00+00:00,15690.25
2020-08-03 10:00:00+00:00,17406.75
2020-08-03 11:00:00+00:00,17516.25
2020-08-03 12:00:00+00:00,16004.25
2020-08-03 13:00:00+00:00,14056.0
2020-08-03 14:00:00+00:00,10888.75
2020-08-03 15:00:00+00:00,7698.25
2020-08-03 16:00:00+00:00,4741.75
2020-08-03 17:00:00+00:00,2094.75
2020-08-03 18:00:00+00:00,394.75
2020-08-03 19:00:00+00:00,2.5
2020-08-03 20:00:00+00:00,0.0
2020-08-03 21:00:00+00:00,0.0
2020-08-03 22:00:00+00:00,0.0
2020-08-03 23:00:00+00:00,0.0
2020-08-04 00:00:00+00:00,0.0
2020-08-04 01:00:00+00:00,0.0
2020-08-04 02:00:00+00:00,0.0
2020-08-04 03:00:00+00:00,17.0
2020-08-04 04:00:00+00:00,597.5
2020-08-04 05:00:00+00:00,2940.75
2020-08-04 06:00:00+00:00,7003.5
2020-08-04 07:00:00+00:00,11570.5
2020-08-04 08:00:00+00:00,15074.5
2020-08-04 09:00:00+00:00,17235.5
2020-08-04 10:00:00+00:00,17639.5
2020-08-04 11:00:00+00:00,17258.0
2020-08-04 12:00:00+00:00,16467.5
2020-08-04 13:00:00+00:00,15031.75
2020-08-04 14:00:00+00:00,13165.25
2020-08-04 15:00:00+00:00,10693.0
2020-08-04 16:00:00+00:00,6830.75
2020-08-04 17:00:00+00:00,2802.25
2020-08-04 18:00:00+00:00,464.25
2020-08-04 19:00:00+00:00,1.25
2020-08-04 20:00:00+00:00,0.0
2020-08-04 21:00:00+00:00,0.0
2020-08-04 22:00:00+00:00,0.0
2020-08-04 23:00:00+00:00,0.0
2020-08-05 00:00:00+00:00,0.0
2020-08-05 01:00:00+00:00,0.0
2020-08-05 02:00:00+00:00,0.0
2020-08-05 03:00:00+00:00,18.25
2020-08-05 04:00:00+00:00,830.0
2020-08-05 05:00:00+00:00,4379.25
2020-08-05 06:00:00+00:00,10509.5
2020-08-05 07:00:00+00:00,17636.25
2020-08-05 08:00:00+00:00,24006.0
2020-08-05 09:00:00+00:00,28035.25
2020-08-05 10:00:00+00:00,29332.5
2020-08-05 11:00:00+00:00,29549.0
2020-08-05 12:00:00+00:00,28477.5
2020-08-05 13:00:00+00:00,26236.5
2020-08-05 14:00:00+00:00,22160.25
2020-08-05 15:00:00+00:00,16299.0
2020-08-05 16:00:00+00:00,9210.0
2020-08-05 17:00:00+00:00,3214.25
2020-08-05 18:00:00+00:00,479.0
2020-08-05 19:00:00+00:00,1.5
2020-08-05 20:00:00+00:00,0.0
2020-08-05 21:00:00+00:00,0.0
2020-08-05 22:00:00+00:00,0.0
2020-08-05 23:00:00+00:00,0.0
2020-08-06 00:00:00+00:00,0.0
2020-08-06 01:00:00+00:00,0.0
2020-08-06 02:00:00+00:00,0.0
2020-08-06 03:00:00+00:00,17.25
2020-08-06 04:00:00+00:00,815.25
2020-08-06 05:00:00+00:00,4701.5
2020-08-06 06:00:00+00:00,11541.25
2020-08-06 07:00:00+00:00,18770.0
2020-08-06 08:00:00+00:00,24698.0
2020-08-06 09:00:00+00:00,28691.0
2020-08-06 10:00:00+00:00,30805.75
2020-08-06 11:00:00+00:00,31143.25
2020-08-06 12:00:00+00:00,29904.25
2020-08-06 13:00:00+00:00,27004.75
2020-08-06 14:00:00+00:00,22357.25
2020-08-06 15:00:00+00:00,16081.5
2020-08-06 16:00:00+00:00,8900.25
2020-08-06 17:00:00+00:00,3030.0
2020-08-06 18:00:00+00:00,444.25
2020-08-06 19:00:00+00:00,1.5
2020-08-06 20:00:00+00:00,0.0
2020-08-06 21:00:00+00:00,0.0
2020-08-06 22:00:00+00:00,0.0
2020-08-06 23:00:00+00:00,0.0
2020-08-07 00:00:00+00:00,0.0
2020-08-07 01:00:00+00:00,0.0
2020-08-07 02:00:00+00:00,0.0
2020-08-07 03:00:00+00:00,14.25
2020-08-07 04:00:00+00:00,768.5
2020-08-07 05:00:00+00:00,4484.25
2020-08-07 06:00:00+00:00,11015.25
2020-08-07 07:00:00+00:00,18048.5
2020-08-07 08:00:00+00:00,23867.0
2020-08-07 09:00:00+00:00,27811.25
2020-08-07 10:00:00+00:00,29709.25
2020-08-07 11:00:00+00:00,30074.75
2020-08-07 12:00:00+00:00,29025.5
2020-08-07 13:00:00+00:00,26085.75
2020-08-07 14:00:00+00:00,21533.75
2020-08-07 15:00:00+00:00,15420.0
2020-08-07 16:00:00+00:00,8524.75
2020-08-07 17:00:00+00:00,2932.5
2020-08-07 18:00:00+00:00,400.75
2020-08-07 19:00:00+00:00,1.0
2020-08-07 20:00:00+00:00,0.0
2020-08-07 21:00:00+00:00,0.0
2020-08-07 22:00:00+00:00,0.0
2020-08-07 23:00:00+00:00,0.0
2020-08-08 00:00:00+00:00,0.0
2020-08-08 01:00:00+00:00,0.0
2020-08-08 02:00:00+00:00,0.0
2020-08-08 03:00:00+00:00,11.0
2020-08-08 04:00:00+00:00,731.0
2020-08-08 05:00:00+00:00,4302.25
2020-08-08 06:00:00+00:00,10686.0
2020-08-08 07:00:00+00:00,17623.75
2020-08-08 08:00:00+00:00,23445.75
2020-08-08 09:00:00+00:00,27318.5
2020-08-08 10:00:00+00:00,29196.75
2020-08-08 11:00:00+00:00,29150.0
2020-08-08 12:00:00+00:00,27880.25
2020-08-08 13:00:00+00:00,24818.5
2020-08-08 14:00:00+00:00,20441.75
2020-08-08 15:00:00+00:00,14512.75
2020-08-08 16:00:00+00:00,7973.25
2020-08-08 17:00:00+00:00,2745.0
2020-08-08 18:00:00+00:00,350.75
2020-08-08 19:00:00+00:00,0.25
2020-08-08 20:00:00+00:00,0.0
2020-08-08 21:00:00+00:00,0.0
2020-08-08 22:00:00+00:00,0.0
2020-08-08 23:00:00+00:00,0.0
2020-08-09 00:00:00+00:00,0.0
2020-08-09 01:00:00+00:00,0.0
2020-08-09 02:00:00+00:00,0.0
2020-08-09 03:00:00+00:00,8.75
2020-08-09 04:00:00+00:00,675.5
2020-08-09 05:00:00+00:00,3894.25
2020-08-09 06:00:00+00:00,9444.25
2020-08-09 07:00:00+00:00,15601.5
2020-08-09 08:00:00+00:00,20942.0
2020-08-09 09:00:00+00:00,24534.75
2020-08-09 10:00:00+00:00,26708.5
2020-08-09 11:00:00+00:00,26541.0
2020-08-09 12:00:00+00:00,25051.75
2020-08-09 13:00:00+00:00,21920.75
2020-08-09 14:00:00+00:00,17598.5
2020-08-09 15:00:00+00:00,12187.25
2020-08-09 16:00:00+00:00,6459.25
2020-08-09 17:00:00+00:00,2231.25
2020-08-09 18:00:00+00:00,295.0
2020-08-09 19:00:00+00:00,2.0
2020-08-09 20:00:00+00:00,0.0
2020-08-09 21:00:00+00:00,0.0
2020-08-09 22:00:00+00:00,0.0
2020-08-09 23:00:00+00:00,0.0
2020-08-10 00:00:00+00:00,0.0
2020-08-10 01:00:00+00:00,0.0
2020-08-10 02:00:00+00:00,0.0
2020-08-10 03:00:00+00:00,7.0
2020-08-10 04:00:00+00:00,564.0
2020-08-10 05:00:00+00:00,3325.5
2020-08-10 06:00:00+00:00,8141.5
2020-08-10 07:00:00+00:00,13854.0
2020-08-10 08:00:00+00:00,19206.75
2020-08-10 09:00:00+00:00,22564.75
2020-08-10 10:00:00+00:00,24364.5
2020-08-10 11:00:00+00:00,24777.25
2020-08-10 12:00:00+00:00,24053.0
2020-08-10 13:00:00+00:00,21722.75
2020-08-10 14:00:00+00:00,17827.25
2020-08-10 15:00:00+00:00,12507.5
2020-08-10 16:00:00+00:00,6800.25
2020-08-10 17:00:00+00:00,2379.75
2020-08-10 18:00:00+00:00,287.0
2020-08-10 19:00:00+00:00,0.25
2020-08-10 20:00:00+00:00,0.0
2020-08-10 21:00:00+00:00,0.0
2020-08-10 22:00:00+00:00,0.0
2020-08-10 23:00:00+00:00,0.0
2020-08-11 00:00:00+00:00,0.0
2020-08-11 01:00:00+00:00,0.0
2020-08-11 02:00:00+00:00,0.0
2020-08-11 03:00:00+00:00,7.25
2020-08-11 04:00:00+00:00,598.75
2020-08-11 05:00:00+00:00,3724.5
2020-08-11 06:00:00+00:00,9387.0
2020-08-11 07:00:00+00:00,16133.75
2020-08-11 08:00:00+00:00,21658.75
2020-08-11 09:00:00+00:00,25639.5
2020-08-11 10:00:00+00:00,27830.5
2020-08-11 11:00:00+00:00,28156.5
2020-08-11 12:00:00+00:00,25801.5
2020-08-11 13:00:00+00:00,21749.5
2020-08-11 14:00:00+00:00,16679.5
2020-08-11 15:00:00+00:00,11113.75
2020-08-11 16:00:00+00:00,5715.75
2020-08-11 17:00:00+00:00,1958.25
2020-08-11 18:00:00+00:00,221.75
2020-08-11 19:00:00+00:00,0.5
2020-08-11 20:00:00+00:00,0.0
2020-08-11 21:00:00+00:00,0.0
2020-08-11 22:00:00+00:00,0.0
2020-08-11 23:00:00+00:00,0.0
2020-08-12 00:00:00+00:00,0.0
2020-08-12 01:00:00+00:00,0.0
2020-08-12 02:00:00+00:00,0.0
2020-08-12 03:00:00+00:00,7.5
2020-08-12 04:00:00+00:00,608.5
2020-08-12 05:00:00+00:00,3792.25
2020-08-12 06:00:00+00:00,9801.0
2020-08-12 07:00:00+00:00,16645.75
2020-08-12 08:00:00+00:00,22398.75
2020-08-12 09:00:00+00:00,26320.75
2020-08-12 10:00:00+00:00,28501.0
2020-08-12 11:00:00+00:00,28559.75
2020-08-12 12:00:00+00:00,26830.0
2020-08-12 13:00:00+00:00,22345.25
2020-08-12 14:00:00+00:00,17596.0
2020-08-12 15:00:00+00:00,11851.5
2020-08-12 16:00:00+00:00,6111.25
2020-08-12 17:00:00+00:00,2130.75
2020-08-12 18:00:00+00:00,239.75
2020-08-12 19:00:00+00:00,0.5
2020-08-12 20:00:00+00:00,0.0
2020-08-12 21:00:00+00:00,0.0
2020-08-12 22:00:00+00:00,0.0
2020-08-12 23:00:00+00:00,0.0
2020-08-13 00:00:00+00:00,0.0
2020-08-13 01:00:00+00:00,0.0
2020-08-13 02:00:00+00:00,0.0
2020-08-13 03:00:00+00:00,5.5
2020-08-13 04:00:00+00:00,589.25
2020-08-13 05:00:00+00:00,3174.5
2020-08-13 06:00:00+00:00,7363.25
2020-08-13 07:00:00+00:00,11794.5
2020-08-13 08:00:00+00:00,15449.75
2020-08-13 09:00:00+00:00,17188.25
2020-08-13 10:00:00+00:00,17769.75
2020-08-13 11:00:00+00:00,17425.25
2020-08-13 12:00:00+00:00,16530.75
2020-08-13 13:00:00+00:00,14292.75
2020-08-13 14:00:00+00:00,11474.25
2020-08-13 15:00:00+00:00,8216.5
2020-08-13 16:00:00+00:00,4707.25
2020-08-13 17:00:00+00:00,1806.5
2020-08-13 18:00:00+00:00,192.75
2020-08-13 19:00:00+00:00,0.25
2020-08-13 20:00:00+00:00,0.0
2020-08-13 21:00:00+00:00,0.0
2020-08-13 22:00:00+00:00,0.0
2020-08-13 23:00:00+00:00,0.0
2020-08-14 00:00:00+00:00,0.0
2020-08-14 01:00:00+00:00,0.0
2020-08-14 02:00:00+00:00,0.0
2020-08-14 03:00:00+00:00,2.75
2020-08-14 04:00:00+00:00,402.75
2020-08-14 05:00:00+00:00,2009.0
2020-08-14 06:00:00+00:00,4999.25
2020-08-14 07:00:00+00:00,8886.0
2020-08-14 08:00:00+00:00,12464.75
2020-08-14 09:00:00+00:00,15108.5
2020-08-14 10:00:00+00:00,16933.75
2020-08-14 11:00:00+00:00,18207.75
2020-08-14 12:00:00+00:00,18052.0
2020-08-14 13:00:00+00:00,16208.25
2020-08-14 14:00:00+00:00,12984.0
2020-08-14 15:00:00+00:00,8932.0
2020-08-14 16:00:00+00:00,4982.0
2020-08-14 17:00:00+00:00,1760.5
2020-08-14 18:00:00+00:00,173.5
2020-08-14 19:00:00+00:00,0.25
2020-08-14 20:00:00+00:00,0.0
2020-08-14 21:00:00+00:00,0.0
2020-08-14 22:00:00+00:00,0.0
2020-08-14 23:00:00+00:00,0.0
2020-08-15 00:00:00+00:00,0.0
2020-08-15 01:00:00+00:00,0.0
2020-08-15 02:00:00+00:00,0.0
2020-08-15 03:00:00+00:00,2.25
2020-08-15 04:00:00+00:00,364.75
2020-08-15 05:00:00+00:00,2336.5
2020-08-15 06:00:00+00:00,5923.0
2020-08-15 07:00:00+00:00,10388.75
2020-08-15 08:00:00+00:00,15210.75
2020-08-15 09:00:00+00:00,18872.0
2020-08-15 10:00:00+00:00,20602.5
2020-08-15 11:00:00+00:00,20758.75
2020-08-15 12:00:00+00:00,19291.5
2020-08-15 13:00:00+00:00,17066.5
2020-08-15 14:00:00+00:00,13955.25
2020-08-15 15:00:00+00:00,9684.0
2020-08-15 16:00:00+00:00,5388.25
2020-08-15 17:00:00+00:00,1945.25
2020-08-15 18:00:00+00:00,194.0
2020-08-15 19:00:00+00:00,0.0
2020-08-15 20:00:00+00:00,0.0
2020-08-15 21:00:00+00:00,0.0
2020-08-15 22:00:00+00:00,0.0
2020-08-15 23:00:00+00:00,0.0
2020-08-16 00:00:00+00:00,0.0
2020-08-16 01:00:00+00:00,0.0
2020-08-16 02:00:00+00:00,0.0
2020-08-16 03:00:00+00:00,2.75
2020-08-16 04:00:00+00:00,462.0
2020-08-16 05:00:00+00:00,3237.25
2020-08-16 06:00:00+00:00,8594.75
2020-08-16 07:00:00+00:00,15343.75
2020-08-16 08:00:00+00:00,21555.75
2020-08-16 09:00:00+00:00,26087.25
2020-08-16 10:00:00+00:00,28161.25
2020-08-16 11:00:00+00:00,27937.5
2020-08-16 12:00:00+00:00,26328.0
2020-08-16 13:00:00+00:00,23129.25
2020-08-16 14:00:00+00:00,18343.5
2020-08-16 15:00:00+00:00,12205.5
2020-08-16 16:00:00+00:00,6212.25
2020-08-16 17:00:00+00:00,1904.5
2020-08-16 18:00:00+00:00,162.75
2020-08-16 19:00:00+00:00,0.0
2020-08-16 20:00:00+00:00,0.0
2020-08-16 21:00:00+00:00,0.0
2020-08-16 22:00:00+00:00,0.0
2020-08-16 23:00:00+00:00,0.0
2020-08-17 00:00:00+00:00,0.0
2020-08-17 01:00:00+00:00,0.0
2020-08-17 02:00:00+00:00,0.0
2020-08-17 03:00:00+00:00,2.25
2020-08-17 04:00:00+00:00,439.25
2020-08-17 05:00:00+00:00,2766.5
2020-08-17 06:00:00+00:00,6661.5
2020-08-17 07:00:00+00:00,10756.5
2020-08-17 08:00:00+00:00,14072.5
2020-08-17 09:00:00+00:00,15965.25
2020-08-17 10:00:00+00:00,17814.25
2020-08-17 11:00:00+00:00,18980.5
2020-08-17 12:00:00+00:00,18256.25
2020-08-17 13:00:00+00:00,15945.25
2020-08-17 14:00:00+00:00,13019.5
2020-08-17 15:00:00+00:00,8898.75
2020-08-17 16:00:00+00:00,4724.5
2020-08-17 17:00:00+00:00,1635.5
2020-08-17 18:00:00+00:00,143.5
2020-08-17 19:00:00+00:00,0.0
2020-08-17 20:00:00+00:00,0.0
2020-08-17 21:00:00+00:00,0.0
2020-08-17 22:00:00+00:00,0.0
2020-08-17 23:00:00+00:00,0.0
2020-08-18 00:00:00+00:00,0.0
2020-08-18 01:00:00+00:00,0.0
2020-08-18 02:00:00+00:00,0.0
2020-08-18 03:00:00+00:00,0.5
2020-08-18 04:00:00+00:00,318.5
2020-08-18 05:00:00+00:00,2316.5
2020-08-18 06:00:00+00:00,6349.75
2020-08-18 07:00:00+00:00,11754.75
2020-08-18 08:00:00+00:00,16738.0
2020-08-18 09:00:00+00:00,19892.5
2020-08-18 10:00:00+00:00,20821.25
2020-08-18 11:00:00+00:00,20764.5
2020-08-18 12:00:00+00:00,19229.5
2020-08-18 13:00:00+00:00,17247.0
2020-08-18 14:00:00+00:00,14538.0
2020-08-18 15:00:00+00:00,9753.0
2020-08-18 16:00:00+00:00,5366.5
2020-08-18 17:00:00+00:00,1745.75
2020-08-18 18:00:00+00:00,125.0
2020-08-18 19:00:00+00:00,0.0
2020-08-18 20:00:00+00:00,0.0
2020-08-18 21:00:00+00:00,0.0
2020-08-18 22:00:00+00:00,0.0
2020-08-18 23:00:00+00:00,0.0
2020-08-19 00:00:00+00:00,0.0
2020-08-19 01:00:00+00:00,0.0
2020-08-19 02:00:00+00:00,0.0
2020-08-19 03:00:00+00:00,0.5
2020-08-19 04:00:00+00:00,351.25
2020-08-19 05:00:00+00:00,3170.25
2020-08-19 06:00:00+00:00,9227.5
2020-08-19 07:00:00+00:00,16597.0
2020-08-19 08:00:00+00:00,22478.25
2020-08-19 09:00:00+00:00,25595.25
2020-08-19 10:00:00+00:00,26044.75
2020-08-19 11:00:00+00:00,25538.0
2020-08-19 12:00:00+00:00,24118.0
2020-08-19 13:00:00+00:00,21629.25
2020-08-19 14:00:00+00:00,17998.25
2020-08-19 15:00:00+00:00,12566.5
2020-08-19 16:00:00+00:00,6529.25
2020-08-19 17:00:00+00:00,1839.5
2020-08-19 18:00:00+00:00,99.25
2020-08-19 19:00:00+00:00,0.0
2020-08-19 20:00:00+00:00,0.0
2020-08-19 21:00:00+00:00,0.0
2020-08-19 22:00:00+00:00,0.0
2020-08-19 23:00:00+00:00,0.0
2020-08-20 00:00:00+00:00,0.0
2020-08-20 01:00:00+00:00,0.0
2020-08-20 02:00:00+00:00,0.0
2020-08-20 03:00:00+00:00,1.25
2020-08-20 04:00:00+00:00,319.25
2020-08-20 05:00:00+00:00,2316.25
2020-08-20 06:00:00+00:00,6033.0
2020-08-20 07:00:00+00:00,11397.0
2020-08-20 08:00:00+00:00,17427.75
2020-08-20 09:00:00+00:00,23166.5
2020-08-20 10:00:00+00:00,25779.0
2020-08-20 11:00:00+00:00,25604.75
2020-08-20 12:00:00+00:00,24157.75
2020-08-20 13:00:00+00:00,21112.25
2020-08-20 14:00:00+00:00,17047.25
2020-08-20 15:00:00+00:00,11633.0
2020-08-20 16:00:00+00:00,5944.0
2020-08-20 17:00:00+00:00,1643.5
2020-08-20 18:00:00+00:00,83.75
2020-08-20 19:00:00+00:00,0.0
2020-08-20 20:00:00+00:00,0.0
2020-08-20 21:00:00+00:00,0.0
2020-08-20 22:00:00+00:00,0.0
2020-08-20 23:00:00+00:00,0.0
2020-08-21 00:00:00+00:00,0.0
2020-08-21 01:00:00+00:00,0.0
2020-08-21 02:00:00+00:00,0.0
2020-08-21 03:00:00+00:00,1.5
2020-08-21 04:00:00+00:00,339.5
2020-08-21 05:00:00+00:00,2739.0
2020-08-21 06:00:00+00:00,7863.5
2020-08-21 07:00:00+00:00,13520.5
2020-08-21 08:00:00+00:00,18089.0
2020-08-21 09:00:00+00:00,21141.5
2020-08-21 10:00:00+00:00,23699.0
2020-08-21 11:00:00+00:00,24656.0
2020-08-21 12:00:00+00:00,23263.25
2020-08-21 13:00:00+00:00,19984.0
2020-08-21 14:00:00+00:00,15394.25
2020-08-21 15:00:00+00:00,10460.75
2020-08-21 16:00:00+00:00,5161.0
2020-08-21 17:00:00+00:00,1409.25
2020-08-21 18:00:00+00:00,81.75
2020-08-21 19:00:00+00:00,0.0
2020-08-21 20:00:00+00:00,0.0
2020-08-21 21:00:00+00:00,0.0
2020-08-21 22:00:00+00:00,0.0
2020-08-21 23:00:00+00:00,0.0
2020-08-22 00:00:00+00:00,0.0
2020-08-22 01:00:00+00:00,0.0
2020-08-22 02:00:00+00:00,0.0
2020-08-22 03:00:00+00:00,1.0
2020-08-22 04:00:00+00:00,221.25
2020-08-22 05:00:00+00:00,1317.75
2020-08-22 06:00:00+00:00,3664.75
2020-08-22 07:00:00+00:00,6401.0
2020-08-22 08:00:00+00:00,9891.0
2020-08-22 09:00:00+00:00,12648.0
2020-08-22 10:00:00+00:00,14266.5
2020-08-22 11:00:00+00:00,15314.0
2020-08-22 12:00:00+00:00,15340.25
2020-08-22 13:00:00+00:00,14818.25
2020-08-22 14:00:00+00:00,12730.0
2020-08-22 15:00:00+00:00,9250.75
2020-08-22 16:00:00+00:00,5090.5
2020-08-22 17:00:00+00:00,1537.75
2020-08-22 18:00:00+00:00,68.75
2020-08-22 19:00:00+00:00,0.0
2020-08-22 20:00:00+00:00,0.0
2020-08-22 21:00:00+00:00,0.0
2020-08-22 22:00:00+00:00,0.0
2020-08-22 23:00:00+00:00,0.0
2020-08-23 00:00:00+00:00,0.0
2020-08-23 01:00:00+00:00,0.0
2020-08-23 02:00:00+00:00,0.0
2020-08-23 03:00:00+00:00,1.0
2020-08-23 04:00:00+00:00,254.75
2020-08-23 05:00:00+00:00,2036.5
2020-08-23 06:00:00+00:00,6083.25
2020-08-23 07:00:00+00:00,11978.75
2020-08-23 08:00:00+00:00,16609.75
2020-08-23 09:00:00+00:00,18503.75
2020-08-23 10:00:00+00:00,18843.75
2020-08-23 11:00:00+00:00,18846.75
2020-08-23 12:00:00+00:00,18052.25
2020-08-23 13:00:00+00:00,16297.25
2020-08-23 14:00:00+00:00,14071.25
2020-08-23 15:00:00+00:00,10221.0
2020-08-23 16:00:00+00:00,5436.25
2020-08-23 17:00:00+00:00,1484.75
2020-08-23 18:00:00+00:00,56.5
2020-08-23 19:00:00+00:00,0.0
2020-08-23 20:00:00+00:00,0.0
2020-08-23 21:00:00+00:00,0.0
2020-08-23 22:00:00+00:00,0.0
2020-08-23 23:00:00+00:00,0.0
2020-08-24 00:00:00+00:00,0.0
2020-08-24 01:00:00+00:00,0.0
2020-08-24 02:00:00+00:00,0.0
2020-08-24 03:00:00+00:00,0.75
2020-08-24 04:00:00+00:00,292.25
2020-08-24 05:00:00+00:00,2416.75
2020-08-24 06:00:00+00:00,6433.5
2020-08-24 07:00:00+00:00,11035.5
2020-08-24 08:00:00+00:00,15087.25
2020-08-24 09:00:00+00:00,17265.25
2020-08-24 10:00:00+00:00,17369.75
2020-08-24 11:00:00+00:00,16849.0
2020-08-24 12:00:00+00:00,16299.75
2020-08-24 13:00:00+00:00,15237.25
2020-08-24 14:00:00+00:00,12764.25
2020-08-24 15:00:00+00:00,9178.25
2020-08-24 16:00:00+00:00,4944.0
2020-08-24 17:00:00+00:00,1389.25
2020-08-24 18:00:00+00:00,47.75
2020-08-24 19:00:00+00:00,0.0
2020-08-24 20:00:00+00:00,0.0
2020-08-24 21:00:00+00:00,0.0
2020-08-24 22:00:00+00:00,0.0
2020-08-24 23:00:00+00:00,0.0
2020-08-25 00:00:00+00:00,0.0
2020-08-25 01:00:00+00:00,0.0
2020-08-25 02:00:00+00:00,0.0
2020-08-25 03:00:00+00:00,0.5
2020-08-25 04:00:00+00:00,264.25
2020-08-25 05:00:00+00:00,3046.0
2020-08-25 06:00:00+00:00,8726.75
2020-08-25 07:00:00+00:00,14387.5
2020-08-25 08:00:00+00:00,18644.75
2020-08-25 09:00:00+00:00,20263.0
2020-08-25 10:00:00+00:00,20601.0
2020-08-25 11:00:00+00:00,19887.25
2020-08-25 12:00:00+00:00,17303.25
2020-08-25 13:00:00+00:00,13841.0
2020-08-25 14:00:00+00:00,11071.0
2020-08-25 15:00:00+00:00,7678.25
2020-08-25 16:00:00+00:00,3703.0
2020-08-25 17:00:00+00:00,927.75
2020-08-25 18:00:00+00:00,25.75
2020-08-25 19:00:00+00:00,0.0
2020-08-25 20:00:00+00:00,0.0
2020-08-25 21:00:00+00:00,0.0
2020-08-25 22:00:00+00:00,0.0
2020-08-25 23:00:00+00:00,0.0
2020-08-26 00:00:00+00:00,0.0
2020-08-26 01:00:00+00:00,0.0
2020-08-26 02:00:00+00:00,0.0
2020-08-26 03:00:00+00:00,0.25
2020-08-26 04:00:00+00:00,206.25
2020-08-26 05:00:00+00:00,2117.0
2020-08-26 06:00:00+00:00,6385.5
2020-08-26 07:00:00+00:00,10543.5
2020-08-26 08:00:00+00:00,13463.5
2020-08-26 09:00:00+00:00,15453.5
2020-08-26 10:00:00+00:00,16615.75
2020-08-26 11:00:00+00:00,17530.75
2020-08-26 12:00:00+00:00,16931.75
2020-08-26 13:00:00+00:00,14923.0
2020-08-26 14:00:00+00:00,11895.25
2020-08-26 15:00:00+00:00,7749.5
2020-08-26 16:00:00+00:00,3617.75
2020-08-26 17:00:00+00:00,815.0
2020-08-26 18:00:00+00:00,16.25
2020-08-26 19:00:00+00:00,0.0
2020-08-26 20:00:00+00:00,0.0
2020-08-26 21:00:00+00:00,0.0
2020-08-26 22:00:00+00:00,0.0
2020-08-26 23:00:00+00:00,0.0
2020-08-27 00:00:00+00:00,0.0
2020-08-27 01:00:00+00:00,0.0
2020-08-27 02:00:00+00:00,0.0
2020-08-27 03:00:00+00:00,0.0
2020-08-27 04:00:00+00:00,200.0
2020-08-27 05:00:00+00:00,2555.5
2020-08-27 06:00:00+00:00,7530.5
2020-08-27 07:00:00+00:00,12955.25
2020-08-27 08:00:00+00:00,16807.75
2020-08-27 09:00:00+00:00,18605.75
2020-08-27 10:00:00+00:00,18269.75
2020-08-27 11:00:00+00:00,17505.25
2020-08-27 12:00:00+00:00,16420.0
2020-08-27 13:00:00+00:00,15676.25
2020-08-27 14:00:00+00:00,14217.0
2020-08-27 15:00:00+00:00,10880.0
2020-08-27 16:00:00+00:00,5514.25
2020-08-27 17:00:00+00:00,1209.75
2020-08-27 18:00:00+00:00,18.75
2020-08-27 19:00:00+00:00,0.0
2020-08-27 20:00:00+00:00,0.0
2020-08-27 21:00:00+00:00,0.0
2020-08-27 22:00:00+00:00,0.0
2020-08-27 23:00:00+00:00,0.0
2020-08-28 00:00:00+00:00,0.0
2020-08-28 01:00:00+00:00,0.0
2020-08-28 02:00:00+00:00,0.0
2020-08-28 03:00:00+00:00,0.0
2020-08-28 04:00:00+00:00,159.25
2020-08-28 05:00:00+00:00,1526.0
2020-08-28 06:00:00+00:00,5031.5
2020-08-28 07:00:00+00:00,9662.0
2020-08-28 08:00:00+00:00,13473.75
2020-08-28 09:00:00+00:00,16867.0
2020-08-28 10:00:00+00:00,18251.25
2020-08-28 11:00:00+00:00,17646.25
2020-08-28 12:00:00+00:00,15961.0
2020-08-28 13:00:00+00:00,13081.5
2020-08-28 14:00:00+00:00,9778.25
2020-08-28 15:00:00+00:00,5868.75
2020-08-28 16:00:00+00:00,2671.0
2020-08-28 17:00:00+00:00,639.25
2020-08-28 18:00:00+00:00,16.25
2020-08-28 19:00:00+00:00,0.0
2020-08-28 20:00:00+00:00,0.0
2020-08-28 21:00:00+00:00,0.0
2020-08-28 22:00:00+00:00,0.0
2020-08-28 23:00:00+00:00,0.0
2020-08-29 00:00:00+00:00,0.0
2020-08-29 01:00:00+00:00,0.0
2020-08-29 02:00:00+00:00,0.0
2020-08-29 03:00:00+00:00,0.0
2020-08-29 04:00:00+00:00,152.75
2020-08-29 05:00:00+00:00,1413.5
2020-08-29 06:00:00+00:00,4636.75
2020-08-29 07:00:00+00:00,9168.25
2020-08-29 08:00:00+00:00,13093.0
2020-08-29 09:00:00+00:00,15975.5
2020-08-29 10:00:00+00:00,16758.75
2020-08-29 11:00:00+00:00,15937.5
2020-08-29 12:00:00+00:00,14665.25
2020-08-29 13:00:00+00:00,12214.5
2020-08-29 14:00:00+00:00,9137.75
2020-08-29 15:00:00+00:00,6026.0
2020-08-29 16:00:00+00:00,3004.0
2020-08-29 17:00:00+00:00,777.0
2020-08-29 18:00:00+00:00,18.25
2020-08-29 19:00:00+00:00,0.0
2020-08-29 20:00:00+00:00,0.0
2020-08-29 21:00:00+00:00,0.0
2020-08-29 22:00:00+00:00,0.0
2020-08-29 23:00:00+00:00,0.0
2020-08-30 00:00:00+00:00,0.0
2020-08-30 01:00:00+00:00,0.0
2020-08-30 02:00:00+00:00,0.0
2020-08-30 03:00:00+00:00,0.0
2020-08-30 04:00:00+00:00,148.5
2020-08-30 05:00:00+00:00,1198.25
2020-08-30 06:00:00+00:00,3860.75
2020-08-30 07:00:00+00:00,7197.0
2020-08-30 08:00:00+00:00,9700.0
2020-08-30 09:00:00+00:00,11478.0
2020-08-30 10:00:00+00:00,12370.5
2020-08-30 11:00:00+00:00,11645.75
2020-08-30 12:00:00+00:00,10396.75
2020-08-30 13:00:00+00:00,8854.0
2020-08-30 14:00:00+00:00,6779.5
2020-08-30 15:00:00+00:00,4469.75
2020-08-30 16:00:00+00:00,1990.25
2020-08-30 17:00:00+00:00,444.5
2020-08-30 18:00:00+00:00,11.0
2020-08-30 19:00:00+00:00,0.0
2020-08-30 20:00:00+00:00,0.0
2020-08-30 21:00:00+00:00,0.0
2020-08-30 22:00:00+00:00,0.0
2020-08-30 23:00:00+00:00,0.0
2020-08-31 00:00:00+00:00,0.0
2020-08-31 01:00:00+00:00,0.0
2020-08-31 02:00:00+00:00,0.0
2020-08-31 03:00:00+00:00,0.0
2020-08-31 04:00:00+00:00,129.0
2020-08-31 05:00:00+00:00,1040.0
2020-08-31 06:00:00+00:00,3600.25
2020-08-31 07:00:00+00:00,7175.75
2020-08-31 08:00:00+00:00,10722.5
2020-08-31 09:00:00+00:00,13730.75
2020-08-31 10:00:00+00:00,16343.5
2020-08-31 11:00:00+00:00,16959.5
2020-08-31 12:00:00+00:00,15841.0
2020-08-31 13:00:00+00:00,13475.0
2020-08-31 14:00:00+00:00,10561.5
2020-08-31 15:00:00+00:00,6818.25
2020-08-31 16:00:00+00:00,3092.25
2020-08-31 17:00:00+00:00,685.5
2020-08-31 18:00:00+00:00,6.75
2020-08-31 19:00:00+00:00,0.0
2020-08-31 20:00:00+00:00,0.0
2020-08-31 21:00:00+00:00,0.0
2020-08-31 22:00:00+00:00,0.0
2020-08-31 23:00:00+00:00,0.75
2020-09-01 00:00:00+00:00,0.5
2020-09-01 01:00:00+00:00,0.5
2020-09-01 02:00:00+00:00,1.0
2020-09-01 03:00:00+00:00,1.0
2020-09-01 04:00:00+00:00,143.5
2020-09-01 05:00:00+00:00,1369.5
2020-09-01 06:00:00+00:00,4538.5
2020-09-01 07:00:00+00:00,8679.25
2020-09-01 08:00:00+00:00,12798.25
2020-09-01 09:00:00+00:00,15359.5
2020-09-01 10:00:00+00:00,16863.5
2020-09-01 11:00:00+00:00,17160.25
2020-09-01 12:00:00+00:00,16489.25
2020-09-01 13:00:00+00:00,14396.5
2020-09-01 14:00:00+00:00,11300.25
2020-09-01 15:00:00+00:00,7418.5
2020-09-01 16:00:00+00:00,3415.0
2020-09-01 17:00:00+00:00,684.75
2020-09-01 18:00:00+00:00,6.25
2020-09-01 19:00:00+00:00,0.5
2020-09-01 20:00:00+00:00,0.0
2020-09-01 21:00:00+00:00,0.0
2020-09-01 22:00:00+00:00,0.0
2020-09-01 23:00:00+00:00,0.0
2020-09-02 00:00:00+00:00,0.25
2020-09-02 01:00:00+00:00,0.5
2020-09-02 02:00:00+00:00,0.25
2020-09-02 03:00:00+00:00,1.0
2020-09-02 04:00:00+00:00,109.75
2020-09-02 05:00:00+00:00,1572.75
2020-09-02 06:00:00+00:00,5445.25
2020-09-02 07:00:00+00:00,10815.5
2020-09-02 08:00:00+00:00,16713.5
2020-09-02 09:00:00+00:00,20981.25
2020-09-02 10:00:00+00:00,23415.5
2020-09-02 11:00:00+00:00,23408.5
2020-09-02 12:00:00+00:00,21693.75
2020-09-02 13:00:00+00:00,18787.5
2020-09-02 14:00:00+00:00,14697.25
2020-09-02 15:00:00+00:00,9520.75
2020-09-02 16:00:00+00:00,4290.5
2020-09-02 17:00:00+00:00,835.75
2020-09-02 18:00:00+00:00,4.25
2020-09-02 19:00:00+00:00,0.5
2020-09-02 20:00:00+00:00,0.0
2020-09-02 21:00:00+00:00,0.0
2020-09-02 22:00:00+00:00,0.0
2020-09-02 23:00:00+00:00,0.5
2020-09-03 00:00:00+00:00,0.25
2020-09-03 01:00:00+00:00,0.0
2020-09-03 02:00:00+00:00,1.0
2020-09-03 03:00:00+00:00,1.0
2020-09-03 04:00:00+00:00,122.25
2020-09-03 05:00:00+00:00,2258.75
2020-09-03 06:00:00+00:00,7630.25
2020-09-03 07:00:00+00:00,13934.0
2020-09-03 08:00:00+00:00,19079.0
2020-09-03 09:00:00+00:00,21068.0
2020-09-03 10:00:00+00:00,21126.75
2020-09-03 11:00:00+00:00,19923.0
2020-09-03 12:00:00+00:00,17662.5
2020-09-03 13:00:00+00:00,14384.25
2020-09-03 14:00:00+00:00,10458.25
2020-09-03 15:00:00+00:00,6199.0
2020-09-03 16:00:00+00:00,2521.5
2020-09-03 17:00:00+00:00,384.25
2020-09-03 18:00:00+00:00,2.75
2020-09-03 19:00:00+00:00,0.25
2020-09-03 20:00:00+00:00,0.25
2020-09-03 21:00:00+00:00,0.5
2020-09-03 22:00:00+00:00,0.0
2020-09-03 23:00:00+00:00,0.25
2020-09-04 00:00:00+00:00,0.75
2020-09-04 01:00:00+00:00,1.0
2020-09-04 02:00:00+00:00,1.0
2020-09-04 03:00:00+00:00,1.0
2020-09-04 04:00:00+00:00,101.25
2020-09-04 05:00:00+00:00,1174.75
2020-09-04 06:00:00+00:00,4350.25
2020-09-04 07:00:00+00:00,8810.75
2020-09-04 08:00:00+00:00,13821.25
2020-09-04 09:00:00+00:00,18209.0
2020-09-04 10:00:00+00:00,21352.0
2020-09-04 11:00:00+00:00,22222.0
2020-09-04 12:00:00+00:00,21027.0
2020-09-04 13:00:00+00:00,18043.5
2020-09-04 14:00:00+00:00,13761.0
2020-09-04 15:00:00+00:00,8743.25
2020-09-04 16:00:00+00:00,3717.75
2020-09-04 17:00:00+00:00,566.75
2020-09-04 18:00:00+00:00,1.5
2020-09-04 19:00:00+00:00,0.25
2020-09-04 20:00:00+00:00,0.0
2020-09-04 21:00:00+00:00,0.0
2020-09-04 22:00:00+00:00,0.0
2020-09-04 23:00:00+00:00,0.0
2020-09-05 00:00:00+00:00,0.0
2020-09-05 01:00:00+00:00,0.5
2020-09-05 02:00:00+00:00,0.75
2020-09-05 03:00:00+00:00,1.0
2020-09-05 04:00:00+00:00,97.25
2020-09-05 05:00:00+00:00,1344.0
2020-09-05 06:00:00+00:00,4489.25
2020-09-05 07:00:00+00:00,8002.0
2020-09-05 08:00:00+00:00,11404.25
2020-09-05 09:00:00+00:00,14188.75
2020-09-05 10:00:00+00:00,16410.5
2020-09-05 11:00:00+00:00,17567.0
2020-09-05 12:00:00+00:00,16468.75
2020-09-05 13:00:00+00:00,13734.0
2020-09-05 14:00:00+00:00,10295.0
2020-09-05 15:00:00+00:00,6003.5
2020-09-05 16:00:00+00:00,2422.5
2020-09-05 17:00:00+00:00,431.5
2020-09-05 18:00:00+00:00,1.25
2020-09-05 19:00:00+00:00,0.0
2020-09-05 20:00:00+00:00,0.0
2020-09-05 21:00:00+00:00,0.0
2020-09-05 22:00:00+00:00,0.0
2020-09-05 23:00:00+00:00,0.0
2020-09-06 00:00:00+00:00,0.0
2020-09-06 01:00:00+00:00,0.0
2020-09-06 02:00:00+00:00,0.5
2020-09-06 03:00:00+00:00,0.25
2020-09-06 04:00:00+00:00,91.25
2020-09-06 05:00:00+00:00,1796.5
2020-09-06 06:00:00+00:00,6786.75
2020-09-06 07:00:00+00:00,13284.75
2020-09-06 08:00:00+00:00,18746.0
2020-09-06 09:00:00+00:00,20850.75
2020-09-06 10:00:00+00:00,19894.5
2020-09-06 11:00:00+00:00,18437.5
2020-09-06 12:00:00+00:00,15804.5
2020-09-06 13:00:00+00:00,13268.5
2020-09-06 14:00:00+00:00,10281.5
2020-09-06 15:00:00+00:00,6475.5
2020-09-06 16:00:00+00:00,2810.75
2020-09-06 17:00:00+00:00,418.5
2020-09-06 18:00:00+00:00,1.25
2020-09-06 19:00:00+00:00,0.0
2020-09-06 20:00:00+00:00,0.0
2020-09-06 21:00:00+00:00,0.0
2020-09-06 22:00:00+00:00,0.0
2020-09-06 23:00:00+00:00,0.0
2020-09-07 00:00:00+00:00,0.0
2020-09-07 01:00:00+00:00,0.5
2020-09-07 02:00:00+00:00,1.0
2020-09-07 03:00:00+00:00,0.5
2020-09-07 04:00:00+00:00,75.5
2020-09-07 05:00:00+00:00,1709.25
2020-09-07 06:00:00+00:00,6632.25
2020-09-07 07:00:00+00:00,13081.5
2020-09-07 08:00:00+00:00,19336.75
2020-09-07 09:00:00+00:00,22732.5
2020-09-07 10:00:00+00:00,23980.5
2020-09-07 11:00:00+00:00,23537.5
2020-09-07 12:00:00+00:00,22069.5
2020-09-07 13:00:00+00:00,19610.0
2020-09-07 14:00:00+00:00,15011.0
2020-09-07 15:00:00+00:00,9713.0
2020-09-07 16:00:00+00:00,4089.0
2020-09-07 17:00:00+00:00,534.5
2020-09-07 18:00:00+00:00,1.25
2020-09-07 19:00:00+00:00,0.25
2020-09-07 20:00:00+00:00,0.0
2020-09-07 21:00:00+00:00,0.0
2020-09-07 22:00:00+00:00,0.0
2020-09-07 23:00:00+00:00,0.25
2020-09-08 00:00:00+00:00,0.25
2020-09-08 01:00:00+00:00,0.5
2020-09-08 02:00:00+00:00,1.0
2020-09-08 03:00:00+00:00,1.0
2020-09-08 04:00:00+00:00,67.5
2020-09-08 05:00:00+00:00,1615.0
2020-09-08 06:00:00+00:00,6026.75
2020-09-08 07:00:00+00:00,12066.75
2020-09-08 08:00:00+00:00,17481.75
2020-09-08 09:00:00+00:00,21283.25
2020-09-08 10:00:00+00:00,23392.75
2020-09-08 11:00:00+00:00,23783.75
2020-09-08 12:00:00+00:00,22280.5
2020-09-08 13:00:00+00:00,19390.5
2020-09-08 14:00:00+00:00,15083.5
2020-09-08 15:00:00+00:00,9331.0
2020-09-08 16:00:00+00:00,3538.0
2020-09-08 17:00:00+00:00,391.5
2020-09-08 18:00:00+00:00,1.0
2020-09-08 19:00:00+00:00,0.5
2020-09-08 20:00:00+00:00,0.25
2020-09-08 21:00:00+00:00,0.0
2020-09-08 22:00:00+00:00,0.25
2020-09-08 23:00:00+00:00,0.5
2020-09-09 00:00:00+00:00,0.75
2020-09-09 01:00:00+00:00,0.75
2020-09-09 02:00:00+00:00,1.0
2020-09-09 03:00:00+00:00,1.0
2020-09-09 04:00:00+00:00,55.75
2020-09-09 05:00:00+00:00,1623.75
2020-09-09 06:00:00+00:00,6519.0
2020-09-09 07:00:00+00:00,12753.5
2020-09-09 08:00:00+00:00,18294.5
2020-09-09 09:00:00+00:00,21979.75
2020-09-09 10:00:00+00:00,23610.5
2020-09-09 11:00:00+00:00,23324.75
2020-09-09 12:00:00+00:00,21404.75
2020-09-09 13:00:00+00:00,18273.25
2020-09-09 14:00:00+00:00,13678.75
2020-09-09 15:00:00+00:00,8254.75
2020-09-09 16:00:00+00:00,3051.5
2020-09-09 17:00:00+00:00,319.0
2020-09-09 18:00:00+00:00,1.0
2020-09-09 19:00:00+00:00,0.75
2020-09-09 20:00:00+00:00,0.75
2020-09-09 21:00:00+00:00,0.5
2020-09-09 22:00:00+00:00,0.0
2020-09-09 23:00:00+00:00,0.25
2020-09-10 00:00:00+00:00,0.25
2020-09-10 01:00:00+00:00,0.25
2020-09-10 02:00:00+00:00,0.75
2020-09-10 03:00:00+00:00,0.75
2020-09-10 04:00:00+00:00,54.75
2020-09-10 05:00:00+00:00,1342.75
2020-09-10 06:00:00+00:00,5458.5
2020-09-10 07:00:00+00:00,10783.0
2020-09-10 08:00:00+00:00,15649.0
2020-09-10 09:00:00+00:00,18679.0
2020-09-10 10:00:00+00:00,20739.25
2020-09-10 11:00:00+00:00,21722.75
2020-09-10 12:00:00+00:00,21252.75
2020-09-10 13:00:00+00:00,19139.0
2020-09-10 14:00:00+00:00,15134.75
2020-09-10 15:00:00+00:00,9440.5
2020-09-10 16:00:00+00:00,3604.5
2020-09-10 17:00:00+00:00,379.0
2020-09-10 18:00:00+00:00,1.0
2020-09-10 19:00:00+00:00,0.0
2020-09-10 20:00:00+00:00,0.0
2020-09-10 21:00:00+00:00,0.0
2020-09-10 22:00:00+00:00,0.0
2020-09-10 23:00:00+00:00,0.0
2020-09-11 00:00:00+00:00,0.0
2020-09-11 01:00:00+00:00,0.25
2020-09-11 02:00:00+00:00,1.0
2020-09-11 03:00:00+00:00,0.75
2020-09-11 04:00:00+00:00,55.0
2020-09-11 05:00:00+00:00,1305.75
2020-09-11 06:00:00+00:00,5549.75
2020-09-11 07:00:00+00:00,11425.75
2020-09-11 08:00:00+00:00,17675.75
2020-09-11 09:00:00+00:00,22882.25
2020-09-11 10:00:00+00:00,25793.0
2020-09-11 11:00:00+00:00,26199.75
2020-09-11 12:00:00+00:00,24578.0
2020-09-11 13:00:00+00:00,21078.75
2020-09-11 14:00:00+00:00,15958.25
2020-09-11 15:00:00+00:00,9574.5
2020-09-11 16:00:00+00:00,3373.0
2020-09-11 17:00:00+00:00,313.5
2020-09-11 18:00:00+00:00,0.5
2020-09-11 19:00:00+00:00,0.25
2020-09-11 20:00:00+00:00,0.0
2020-09-11 21:00:00+00:00,0.0
2020-09-11 22:00:00+00:00,0.0
2020-09-11 23:00:00+00:00,0.0
2020-09-12 00:00:00+00:00,0.0
2020-09-12 01:00:00+00:00,0.5
2020-09-12 02:00:00+00:00,1.0
2020-09-12 03:00:00+00:00,1.0
2020-09-12 04:00:00+00:00,41.5
2020-09-12 05:00:00+00:00,1646.75
2020-09-12 06:00:00+00:00,6709.75
2020-09-12 07:00:00+00:00,13514.75
2020-09-12 08:00:00+00:00,19947.25
2020-09-12 09:00:00+00:00,24180.5
2020-09-12 10:00:00+00:00,25844.0
2020-09-12 11:00:00+00:00,25397.25
2020-09-12 12:00:00+00:00,23345.75
2020-09-12 13:00:00+00:00,19919.75
2020-09-12 14:00:00+00:00,15020.75
2020-09-12 15:00:00+00:00,8828.75
2020-09-12 16:00:00+00:00,3088.0
2020-09-12 17:00:00+00:00,284.25
2020-09-12 18:00:00+00:00,0.5
2020-09-12 19:00:00+00:00,0.25
2020-09-12 20:00:00+00:00,0.0
2020-09-12 21:00:00+00:00,0.0
2020-09-12 22:00:00+00:00,0.0
2020-09-12 23:00:00+00:00,0.0
2020-09-13 00:00:00+00:00,0.0
2020-09-13 01:00:00+00:00,0.0
2020-09-13 02:00:00+00:00,0.25
2020-09-13 03:00:00+00:00,0.25
2020-09-13 04:00:00+00:00,36.75
2020-09-13 05:00:00+00:00,1491.25
2020-09-13 06:00:00+00:00,6588.25
2020-09-13 07:00:00+00:00,13680.75
2020-09-13 08:00:00+00:00,20111.0
2020-09-13 09:00:00+00:00,24532.0
2020-09-13 10:00:00+00:00,26897.75
2020-09-13 11:00:00+00:00,27278.0
2020-09-13 12:00:00+00:00,25666.0
2020-09-13 13:00:00+00:00,22157.25
2020-09-13 14:00:00+00:00,16526.75
2020-09-13 15:00:00+00:00,9516.0
2020-09-13 16:00:00+00:00,3263.0
2020-09-13 17:00:00+00:00,298.75
2020-09-13 18:00:00+00:00,0.5
2020-09-13 19:00:00+00:00,0.0
2020-09-13 20:00:00+00:00,0.0
2020-09-13 21:00:00+00:00,0.0
2020-09-13 22:00:00+00:00,0.0
2020-09-13 23:00:00+00:00,0.0
2020-09-14 00:00:00+00:00,0.0
2020-09-14 01:00:00+00:00,0.0
2020-09-14 02:00:00+00:00,0.75
2020-09-14 03:00:00+00:00,0.75
2020-09-14 04:00:00+00:00,29.75
2020-09-14 05:00:00+00:00,1531.0
2020-09-14 06:00:00+00:00,6911.25
2020-09-14 07:00:00+00:00,14516.75
2020-09-14 08:00:00+00:00,21048.0
2020-09-14 09:00:00+00:00,25449.25
2020-09-14 10:00:00+00:00,27686.25
2020-09-14 11:00:00+00:00,27756.0
2020-09-14 12:00:00+00:00,26075.0
2020-09-14 13:00:00+00:00,22295.0
2020-09-14 14:00:00+00:00,16733.75
2020-09-14 15:00:00+00:00,9614.5
2020-09-14 16:00:00+00:00,3100.75
2020-09-14 17:00:00+00:00,227.5
2020-09-14 18:00:00+00:00,1.0
2020-09-14 19:00:00+00:00,1.0
2020-09-14 20:00:00+00:00,1.0
2020-09-14 21:00:00+00:00,0.5
2020-09-14 22:00:00+00:00,1.0
2020-09-14 23:00:00+00:00,1.0
2020-09-15 00:00:00+00:00,0.75
2020-09-15 01:00:00+00:00,0.75
2020-09-15 02:00:00+00:00,1.0
2020-09-15 03:00:00+00:00,1.0
2020-09-15 04:00:00+00:00,22.5
2020-09-15 05:00:00+00:00,1436.25
2020-09-15 06:00:00+00:00,6484.25
2020-09-15 07:00:00+00:00,13684.25
2020-09-15 08:00:00+00:00,20064.0
2020-09-15 09:00:00+00:00,24422.5
2020-09-15 10:00:00+00:00,26808.5
2020-09-15 11:00:00+00:00,27177.0
2020-09-15 12:00:00+00:00,25640.0
2020-09-15 13:00:00+00:00,22052.25
2020-09-15 14:00:00+00:00,16558.5
2020-09-15 15:00:00+00:00,9489.5
2020-09-15 16:00:00+00:00,2953.5
2020-09-15 17:00:00+00:00,175.0
2020-09-15 18:00:00+00:00,1.0
2020-09-15 19:00:00+00:00,1.0
2020-09-15 20:00:00+00:00,0.75
2020-09-15 21:00:00+00:00,0.5
2020-09-15 22:00:00+00:00,0.5
2020-09-15 23:00:00+00:00,0.25
2020-09-16 00:00:00+00:00,0.5
2020-09-16 01:00:00+00:00,1.0
2020-09-16 02:00:00+00:00,0.5
2020-09-16 03:00:00+00:00,1.0
2020-09-16 04:00:00+00:00,18.25
2020-09-16 05:00:00+00:00,1346.25
2020-09-16 06:00:00+00:00,5949.75
2020-09-16 07:00:00+00:00,11956.75
2020-09-16 08:00:00+00:00,17297.25
2020-09-16 09:00:00+00:00,21003.5
2020-09-16 10:00:00+00:00,22963.25
2020-09-16 11:00:00+00:00,22727.5
2020-09-16 12:00:00+00:00,20798.75
2020-09-16 13:00:00+00:00,17286.0
2020-09-16 14:00:00+00:00,12478.5
2020-09-16 15:00:00+00:00,6923.5
2020-09-16 16:00:00+00:00,2160.25
2020-09-16 17:00:00+00:00,127.75
2020-09-16 18:00:00+00:00,1.0
2020-09-16 19:00:00+00:00,0.75
2020-09-16 20:00:00+00:00,0.5
2020-09-16 21:00:00+00:00,0.25
2020-09-16 22:00:00+00:00,0.25
2020-09-16 23:00:00+00:00,0.75
2020-09-17 00:00:00+00:00,0.25
2020-09-17 01:00:00+00:00,0.5
2020-09-17 02:00:00+00:00,1.0
2020-09-17 03:00:00+00:00,0.75
2020-09-17 04:00:00+00:00,18.75
2020-09-17 05:00:00+00:00,1025.75
2020-09-17 06:00:00+00:00,5084.0
2020-09-17 07:00:00+00:00,10940.75
2020-09-17 08:00:00+00:00,16690.5
2020-09-17 09:00:00+00:00,20807.0
2020-09-17 10:00:00+00:00,23330.0
2020-09-17 11:00:00+00:00,24209.75
2020-09-17 12:00:00+00:00,23347.0
2020-09-17 13:00:00+00:00,20642.5
2020-09-17 14:00:00+00:00,15664.5
2020-09-17 15:00:00+00:00,8683.25
2020-09-17 16:00:00+00:00,2552.25
2020-09-17 17:00:00+00:00,135.25
2020-09-17 18:00:00+00:00,0.75
2020-09-17 19:00:00+00:00,0.25
2020-09-17 20:00:00+00:00,0.0
2020-09-17 21:00:00+00:00,0.0
2020-09-17 22:00:00+00:00,0.0
2020-09-17 23:00:00+00:00,0.0
2020-09-18 00:00:00+00:00,0.25
2020-09-18 01:00:00+00:00,0.25
2020-09-18 02:00:00+00:00,1.0
2020-09-18 03:00:00+00:00,0.75
2020-09-18 04:00:00+00:00,15.25
2020-09-18 05:00:00+00:00,1309.75
2020-09-18 06:00:00+00:00,6499.5
2020-09-18 07:00:00+00:00,13756.0
2020-09-18 08:00:00+00:00,20376.25
2020-09-18 09:00:00+00:00,25319.5
2020-09-18 10:00:00+00:00,28296.0
2020-09-18 11:00:00+00:00,28907.5
2020-09-18 12:00:00+00:00,27300.5
2020-09-18 13:00:00+00:00,23418.5
2020-09-18 14:00:00+00:00,17329.5
2020-09-18 15:00:00+00:00,9629.5
2020-09-18 16:00:00+00:00,2742.25
2020-09-18 17:00:00+00:00,124.0
2020-09-18 18:00:00+00:00,0.5
2020-09-18 19:00:00+00:00,0.25
2020-09-18 20:00:00+00:00,0.0
2020-09-18 21:00:00+00:00,0.0
2020-09-18 22:00:00+00:00,0.0
2020-09-18 23:00:00+00:00,0.25
2020-09-19 00:00:00+00:00,0.0
2020-09-19 01:00:00+00:00,0.0
2020-09-19 02:00:00+00:00,0.25
2020-09-19 03:00:00+00:00,0.0
2020-09-19 04:00:00+00:00,11.0
2020-09-19 05:00:00+00:00,1190.0
2020-09-19 06:00:00+00:00,6438.25
2020-09-19 07:00:00+00:00,13725.0
2020-09-19 08:00:00+00:00,20188.5
2020-09-19 09:00:00+00:00,24717.0
2020-09-19 10:00:00+00:00,27104.5
2020-09-19 11:00:00+00:00,27346.75
2020-09-19 12:00:00+00:00,25584.75
2020-09-19 13:00:00+00:00,21543.75
2020-09-19 14:00:00+00:00,15614.25
2020-09-19 15:00:00+00:00,8462.0
2020-09-19 16:00:00+00:00,2375.5
2020-09-19 17:00:00+00:00,92.75
2020-09-19 18:00:00+00:00,0.5
2020-09-19 19:00:00+00:00,0.0
2020-09-19 20:00:00+00:00,0.0
2020-09-19 21:00:00+00:00,0.0
2020-09-19 22:00:00+00:00,0.0
2020-09-19 23:00:00+00:00,0.0
2020-09-20 00:00:00+00:00,0.0
2020-09-20 01:00:00+00:00,0.0
2020-09-20 02:00:00+00:00,0.25
2020-09-20 03:00:00+00:00,0.0
2020-09-20 04:00:00+00:00,9.0
2020-09-20 05:00:00+00:00,1178.5
2020-09-20 06:00:00+00:00,6400.75
2020-09-20 07:00:00+00:00,13722.0
2020-09-20 08:00:00+00:00,20603.0
2020-09-20 09:00:00+00:00,25341.5
2020-09-20 10:00:00+00:00,27738.25
2020-09-20 11:00:00+00:00,28015.25
2020-09-20 12:00:00+00:00,26195.25
2020-09-20 13:00:00+00:00,22236.75
2020-09-20 14:00:00+00:00,16221.5
2020-09-20 15:00:00+00:00,8689.25
2020-09-20 16:00:00+00:00,2284.75
2020-09-20 17:00:00+00:00,76.0
2020-09-20 18:00:00+00:00,0.25
2020-09-20 19:00:00+00:00,0.0
2020-09-20 20:00:00+00:00,0.0
2020-09-20 21:00:00+00:00,0.0
2020-09-20 22:00:00+00:00,0.0
2020-09-20 23:00:00+00:00,0.0
2020-09-21 00:00:00+00:00,0.0
2020-09-21 01:00:00+00:00,0.0
2020-09-21 02:00:00+00:00,0.5
2020-09-21 03:00:00+00:00,1.0
2020-09-21 04:00:00+00:00,8.5
2020-09-21 05:00:00+00:00,1085.25
2020-09-21 06:00:00+00:00,6195.75
2020-09-21 07:00:00+00:00,13502.75
2020-09-21 08:00:00+00:00,20144.5
2020-09-21 09:00:00+00:00,24747.0
2020-09-21 10:00:00+00:00,27014.0
2020-09-21 11:00:00+00:00,27137.5
2020-09-21 12:00:00+00:00,25203.75
2020-09-21 13:00:00+00:00,21302.5
2020-09-21 14:00:00+00:00,15478.25
2020-09-21 15:00:00+00:00,8121.0
2020-09-21 16:00:00+00:00,2059.75
2020-09-21 17:00:00+00:00,63.25
2020-09-21 18:00:00+00:00,1.0
2020-09-21 19:00:00+00:00,0.75
2020-09-21 20:00:00+00:00,0.25
2020-09-21 21:00:00+00:00,0.25
2020-09-21 22:00:00+00:00,0.0
2020-09-21 23:00:00+00:00,0.25
2020-09-22 00:00:00+00:00,0.25
2020-09-22 01:00:00+00:00,0.5
2020-09-22 02:00:00+00:00,1.0
2020-09-22 03:00:00+00:00,1.0
2020-09-22 04:00:00+00:00,6.25
2020-09-22 05:00:00+00:00,972.25
2020-09-22 06:00:00+00:00,5485.75
2020-09-22 07:00:00+00:00,12563.5
2020-09-22 08:00:00+00:00,19168.0
2020-09-22 09:00:00+00:00,23748.0
2020-09-22 10:00:00+00:00,25858.75
2020-09-22 11:00:00+00:00,25614.25
2020-09-22 12:00:00+00:00,23364.5
2020-09-22 13:00:00+00:00,19109.0
2020-09-22 14:00:00+00:00,13459.75
2020-09-22 15:00:00+00:00,6854.5
2020-09-22 16:00:00+00:00,1680.25
2020-09-22 17:00:00+00:00,51.5
2020-09-22 18:00:00+00:00,1.0
2020-09-22 19:00:00+00:00,1.0
2020-09-22 20:00:00+00:00,1.0
2020-09-22 21:00:00+00:00,0.25
2020-09-22 22:00:00+00:00,0.0
2020-09-22 23:00:00+00:00,1.0
2020-09-23 00:00:00+00:00,0.25
2020-09-23 01:00:00+00:00,0.0
2020-09-23 02:00:00+00:00,0.75
2020-09-23 03:00:00+00:00,1.0
2020-09-23 04:00:00+00:00,5.5
2020-09-23 05:00:00+00:00,837.75
2020-09-23 06:00:00+00:00,3273.25
2020-09-23 07:00:00+00:00,7334.0
2020-09-23 08:00:00+00:00,11313.0
2020-09-23 09:00:00+00:00,14776.0
2020-09-23 10:00:00+00:00,17426.5
2020-09-23 11:00:00+00:00,18223.75
2020-09-23 12:00:00+00:00,16931.25
2020-09-23 13:00:00+00:00,13988.25
2020-09-23 14:00:00+00:00,10176.75
2020-09-23 15:00:00+00:00,5448.0
2020-09-23 16:00:00+00:00,1370.0
2020-09-23 17:00:00+00:00,19.0
2020-09-23 18:00:00+00:00,1.0
2020-09-23 19:00:00+00:00,0.75
2020-09-23 20:00:00+00:00,0.5
2020-09-23 21:00:00+00:00,0.5
2020-09-23 22:00:00+00:00,0.5
2020-09-23 23:00:00+00:00,0.75
2020-09-24 00:00:00+00:00,0.5
2020-09-24 01:00:00+00:00,0.75
2020-09-24 02:00:00+00:00,1.0
2020-09-24 03:00:00+00:00,1.0
2020-09-24 04:00:00+00:00,2.5
2020-09-24 05:00:00+00:00,557.5
2020-09-24 06:00:00+00:00,3316.75
2020-09-24 07:00:00+00:00,8114.75
2020-09-24 08:00:00+00:00,13131.0
2020-09-24 09:00:00+00:00,17112.25
2020-09-24 10:00:00+00:00,19524.0
2020-09-24 11:00:00+00:00,20024.75
2020-09-24 12:00:00+00:00,18593.25
2020-09-24 13:00:00+00:00,15524.75
2020-09-24 14:00:00+00:00,10450.0
2020-09-24 15:00:00+00:00,4849.25
2020-09-24 16:00:00+00:00,1059.25
2020-09-24 17:00:00+00:00,13.5
2020-09-24 18:00:00+00:00,0.75
2020-09-24 19:00:00+00:00,0.25
2020-09-24 20:00:00+00:00,0.0
2020-09-24 21:00:00+00:00,0.25
2020-09-24 22:00:00+00:00,0.0
2020-09-24 23:00:00+00:00,0.25
2020-09-25 00:00:00+00:00,0.25
2020-09-25 01:00:00+00:00,0.0
2020-09-25 02:00:00+00:00,1.0
2020-09-25 03:00:00+00:00,1.0
2020-09-25 04:00:00+00:00,1.75
2020-09-25 05:00:00+00:00,287.0
2020-09-25 06:00:00+00:00,1358.25
2020-09-25 07:00:00+00:00,3753.5
2020-09-25 08:00:00+00:00,6150.5
2020-09-25 09:00:00+00:00,7852.25
2020-09-25 10:00:00+00:00,8821.75
2020-09-25 11:00:00+00:00,9577.25
2020-09-25 12:00:00+00:00,8719.0
2020-09-25 13:00:00+00:00,7672.25
2020-09-25 14:00:00+00:00,5941.75
2020-09-25 15:00:00+00:00,3289.25
2020-09-25 16:00:00+00:00,823.25
2020-09-25 17:00:00+00:00,14.0
2020-09-25 18:00:00+00:00,0.75
2020-09-25 19:00:00+00:00,0.0
2020-09-25 20:00:00+00:00,0.0
2020-09-25 21:00:00+00:00,0.0
2020-09-25 22:00:00+00:00,0.0
2020-09-25 23:00:00+00:00,0.25
2020-09-26 00:00:00+00:00,0.0
2020-09-26 01:00:00+00:00,0.0
2020-09-26 02:00:00+00:00,0.5
2020-09-26 03:00:00+00:00,0.0
2020-09-26 04:00:00+00:00,1.5
2020-09-26 05:00:00+00:00,220.5
2020-09-26 06:00:00+00:00,1172.25
2020-09-26 07:00:00+00:00,2787.0
2020-09-26 08:00:00+00:00,4369.0
2020-09-26 09:00:00+00:00,5501.75
2020-09-26 10:00:00+00:00,5640.5
2020-09-26 11:00:00+00:00,5441.25
2020-09-26 12:00:00+00:00,4651.0
2020-09-26 13:00:00+00:00,3419.75
2020-09-26 14:00:00+00:00,2053.0
2020-09-26 15:00:00+00:00,882.25
2020-09-26 16:00:00+00:00,156.5
2020-09-26 17:00:00+00:00,4.0
2020-09-26 18:00:00+00:00,0.0
2020-09-26 19:00:00+00:00,0.0
2020-09-26 20:00:00+00:00,0.0
2020-09-26 21:00:00+00:00,0.0
2020-09-26 22:00:00+00:00,0.0
2020-09-26 23:00:00+00:00,0.0
2020-09-27 00:00:00+00:00,0.0
2020-09-27 01:00:00+00:00,0.0
2020-09-27 02:00:00+00:00,0.0
2020-09-27 03:00:00+00:00,0.25
2020-09-27 04:00:00+00:00,2.0
2020-09-27 05:00:00+00:00,399.75
2020-09-27 06:00:00+00:00,2807.0
2020-09-27 07:00:00+00:00,6888.75
2020-09-27 08:00:00+00:00,10301.25
2020-09-27 09:00:00+00:00,12567.5
2020-09-27 10:00:00+00:00,13815.75
2020-09-27 11:00:00+00:00,13585.0
2020-09-27 12:00:00+00:00,12585.25
2020-09-27 13:00:00+00:00,10573.75
2020-09-27 14:00:00+00:00,7738.0
2020-09-27 15:00:00+00:00,4106.25
2020-09-27 16:00:00+00:00,873.25
2020-09-27 17:00:00+00:00,4.75
2020-09-27 18:00:00+00:00,0.0
2020-09-27 19:00:00+00:00,0.0
2020-09-27 20:00:00+00:00,0.0
2020-09-27 21:00:00+00:00,0.0
2020-09-27 22:00:00+00:00,0.0
2020-09-27 23:00:00+00:00,0.5
2020-09-28 00:00:00+00:00,0.25
2020-09-28 01:00:00+00:00,0.75
2020-09-28 02:00:00+00:00,1.0
2020-09-28 03:00:00+00:00,0.75
2020-09-28 04:00:00+00:00,2.75
2020-09-28 05:00:00+00:00,503.75
2020-09-28 06:00:00+00:00,3720.5
2020-09-28 07:00:00+00:00,8717.75
2020-09-28 08:00:00+00:00,12741.5
2020-09-28 09:00:00+00:00,15506.25
2020-09-28 10:00:00+00:00,17207.75
2020-09-28 11:00:00+00:00,16703.5
2020-09-28 12:00:00+00:00,13942.5
2020-09-28 13:00:00+00:00,10390.25
2020-09-28 14:00:00+00:00,6931.0
2020-09-28 15:00:00+00:00,3499.5
2020-09-28 16:00:00+00:00,726.0
2020-09-28 17:00:00+00:00,2.5
2020-09-28 18:00:00+00:00,1.0
2020-09-28 19:00:00+00:00,1.0
2020-09-28 20:00:00+00:00,1.0
2020-09-28 21:00:00+00:00,0.75
2020-09-28 22:00:00+00:00,0.5
2020-09-28 23:00:00+00:00,0.5
2020-09-29 00:00:00+00:00,0.25
2020-09-29 01:00:00+00:00,0.25
2020-09-29 02:00:00+00:00,0.5
2020-09-29 03:00:00+00:00,0.5
2020-09-29 04:00:00+00:00,1.5
2020-09-29 05:00:00+00:00,329.0
2020-09-29 06:00:00+00:00,2617.75
2020-09-29 07:00:00+00:00,6214.75
2020-09-29 08:00:00+00:00,9352.25
2020-09-29 09:00:00+00:00,11784.0
2020-09-29 10:00:00+00:00,12833.25
2020-09-29 11:00:00+00:00,13084.75
2020-09-29 12:00:00+00:00,12061.75
2020-09-29 13:00:00+00:00,9638.25
2020-09-29 14:00:00+00:00,6480.25
2020-09-29 15:00:00+00:00,3027.0
2020-09-29 16:00:00+00:00,518.5
2020-09-29 17:00:00+00:00,2.5
2020-09-29 18:00:00+00:00,1.0
2020-09-29 19:00:00+00:00,1.0
2020-09-29 20:00:00+00:00,0.25
2020-09-29 21:00:00+00:00,0.25
2020-09-29 22:00:00+00:00,0.25
2020-09-29 23:00:00+00:00,0.25
2020-09-30 00:00:00+00:00,0.0
2020-09-30 01:00:00+00:00,0.25
2020-09-30 02:00:00+00:00,0.5
2020-09-30 03:00:00+00:00,0.5
2020-09-30 04:00:00+00:00,1.75
2020-09-30 05:00:00+00:00,344.5
2020-09-30 06:00:00+00:00,2563.5
2020-09-30 07:00:00+00:00,6663.75
2020-09-30 08:00:00+00:00,11225.5
2020-09-30 09:00:00+00:00,14671.25
2020-09-30 10:00:00+00:00,16496.0
2020-09-30 11:00:00+00:00,16996.75
2020-09-30 12:00:00+00:00,16286.25
2020-09-30 13:00:00+00:00,14220.75
2020-09-30 14:00:00+00:00,10282.25
2020-09-30 15:00:00+00:00,4957.25
2020-09-30 16:00:00+00:00,813.5
2020-09-30 17:00:00+00:00,2.0
2020-09-30 18:00:00+00:00,1.0
2020-09-30 19:00:00+00:00,1.0
2020-09-30 20:00:00+00:00,0.5
2020-09-30 21:00:00+00:00,0.25
2020-09-30 22:00:00+00:00,0.0
2020-09-30 23:00:00+00:00,0.0
2020-10-01 00:00:00+00:00,0.0
2020-10-01 01:00:00+00:00,0.0
2020-10-01 02:00:00+00:00,0.0
2020-10-01 03:00:00+00:00,0.0
2020-10-01 04:00:00+00:00,0.25
2020-10-01 05:00:00+00:00,375.5
2020-10-01 06:00:00+00:00,3213.0
2020-10-01 07:00:00+00:00,7698.5
2020-10-01 08:00:00+00:00,12415.5
2020-10-01 09:00:00+00:00,16062.75
2020-10-01 10:00:00+00:00,18328.5
2020-10-01 11:00:00+00:00,18590.25
2020-10-01 12:00:00+00:00,16378.25
2020-10-01 13:00:00+00:00,12302.5
2020-10-01 14:00:00+00:00,7513.25
2020-10-01 15:00:00+00:00,3219.0
2020-10-01 16:00:00+00:00,512.5
2020-10-01 17:00:00+00:00,1.0
2020-10-01 18:00:00+00:00,0.0
2020-10-01 19:00:00+00:00,0.0
2020-10-01 20:00:00+00:00,0.0
2020-10-01 21:00:00+00:00,0.0
2020-10-01 22:00:00+00:00,0.0
2020-10-01 23:00:00+00:00,0.0
2020-10-02 00:00:00+00:00,0.0
2020-10-02 01:00:00+00:00,0.0
2020-10-02 02:00:00+00:00,0.0
2020-10-02 03:00:00+00:00,0.0
2020-10-02 04:00:00+00:00,0.5
2020-10-02 05:00:00+00:00,315.0
2020-10-02 06:00:00+00:00,2437.5
2020-10-02 07:00:00+00:00,6371.75
2020-10-02 08:00:00+00:00,10511.5
2020-10-02 09:00:00+00:00,14135.0
2020-10-02 10:00:00+00:00,16378.5
2020-10-02 11:00:00+00:00,16186.25
2020-10-02 12:00:00+00:00,13923.0
2020-10-02 13:00:00+00:00,10751.0
2020-10-02 14:00:00+00:00,6675.0
2020-10-02 15:00:00+00:00,2704.25
2020-10-02 16:00:00+00:00,394.0
2020-10-02 17:00:00+00:00,0.25
2020-10-02 18:00:00+00:00,0.0
2020-10-02 19:00:00+00:00,0.0
2020-10-02 20:00:00+00:00,0.0
2020-10-02 21:00:00+00:00,0.0
2020-10-02 22:00:00+00:00,0.0
2020-10-02 23:00:00+00:00,0.0
2020-10-03 00:00:00+00:00,0.0
2020-10-03 01:00:00+00:00,0.0
2020-10-03 02:00:00+00:00,0.0
2020-10-03 03:00:00+00:00,0.0
2020-10-03 04:00:00+00:00,0.25
2020-10-03 05:00:00+00:00,291.25
2020-10-03 06:00:00+00:00,2092.0
2020-10-03 07:00:00+00:00,5328.5
2020-10-03 08:00:00+00:00,8634.5
2020-10-03 09:00:00+00:00,10413.0
2020-10-03 10:00:00+00:00,11692.75
2020-10-03 11:00:00+00:00,11722.0
2020-10-03 12:00:00+00:00,10565.0
2020-10-03 13:00:00+00:00,9329.75
2020-10-03 14:00:00+00:00,6239.25
2020-10-03 15:00:00+00:00,3239.75
2020-10-03 16:00:00+00:00,542.5
2020-10-03 17:00:00+00:00,0.25
2020-10-03 18:00:00+00:00,0.0
2020-10-03 19:00:00+00:00,0.0
2020-10-03 20:00:00+00:00,0.0
2020-10-03 21:00:00+00:00,0.0
2020-10-03 22:00:00+00:00,0.0
2020-10-03 23:00:00+00:00,0.0
2020-10-04 00:00:00+00:00,0.0
2020-10-04 01:00:00+00:00,0.0
2020-10-04 02:00:00+00:00,0.0
2020-10-04 03:00:00+00:00,0.0
2020-10-04 04:00:00+00:00,0.25
2020-10-04 05:00:00+00:00,311.75
2020-10-04 06:00:00+00:00,2818.75
2020-10-04 07:00:00+00:00,7401.25
2020-10-04 08:00:00+00:00,12659.5
2020-10-04 09:00:00+00:00,16697.0
2020-10-04 10:00:00+00:00,18926.5
2020-10-04 11:00:00+00:00,19596.25
2020-10-04 12:00:00+00:00,18488.75
2020-10-04 13:00:00+00:00,15464.5
2020-10-04 14:00:00+00:00,10177.5
2020-10-04 15:00:00+00:00,4354.75
2020-10-04 16:00:00+00:00,552.5
2020-10-04 17:00:00+00:00,0.25
2020-10-04 18:00:00+00:00,0.0
2020-10-04 19:00:00+00:00,0.0
2020-10-04 20:00:00+00:00,0.0
2020-10-04 21:00:00+00:00,0.0
2020-10-04 22:00:00+00:00,0.0
2020-10-04 23:00:00+00:00,0.0
2020-10-05 00:00:00+00:00,0.0
2020-10-05 01:00:00+00:00,0.0
2020-10-05 02:00:00+00:00,0.0
2020-10-05 03:00:00+00:00,0.0
2020-10-05 04:00:00+00:00,0.0
2020-10-05 05:00:00+00:00,225.25
2020-10-05 06:00:00+00:00,1938.25
2020-10-05 07:00:00+00:00,4870.75
2020-10-05 08:00:00+00:00,8311.5
2020-10-05 09:00:00+00:00,10789.25
2020-10-05 10:00:00+00:00,11845.75
2020-10-05 11:00:00+00:00,11541.25
2020-10-05 12:00:00+00:00,10254.25
2020-10-05 13:00:00+00:00,8027.25
2020-10-05 14:00:00+00:00,4739.75
2020-10-05 15:00:00+00:00,1957.25
2020-10-05 16:00:00+00:00,276.0
2020-10-05 17:00:00+00:00,0.25
2020-10-05 18:00:00+00:00,0.0
2020-10-05 19:00:00+00:00,0.0
2020-10-05 20:00:00+00:00,0.0
2020-10-05 21:00:00+00:00,0.0
2020-10-05 22:00:00+00:00,0.0
2020-10-05 23:00:00+00:00,0.0
2020-10-06 00:00:00+00:00,0.0
2020-10-06 01:00:00+00:00,0.0
2020-10-06 02:00:00+00:00,0.0
2020-10-06 03:00:00+00:00,0.0
2020-10-06 04:00:00+00:00,0.0
2020-10-06 05:00:00+00:00,202.25
2020-10-06 06:00:00+00:00,1655.75
2020-10-06 07:00:00+00:00,4750.0
2020-10-06 08:00:00+00:00,7963.75
2020-10-06 09:00:00+00:00,9057.25
2020-10-06 10:00:00+00:00,9288.25
2020-10-06 11:00:00+00:00,9253.5
2020-10-06 12:00:00+00:00,8056.5
2020-10-06 13:00:00+00:00,7037.0
2020-10-06 14:00:00+00:00,4735.0
2020-10-06 15:00:00+00:00,2234.0
2020-10-06 16:00:00+00:00,272.75
2020-10-06 17:00:00+00:00,0.25
2020-10-06 18:00:00+00:00,0.0
2020-10-06 19:00:00+00:00,0.0
2020-10-06 20:00:00+00:00,0.0
2020-10-06 21:00:00+00:00,0.0
2020-10-06 22:00:00+00:00,0.0
2020-10-06 23:00:00+00:00,0.0
2020-10-07 00:00:00+00:00,0.0
2020-10-07 01:00:00+00:00,0.0
2020-10-07 02:00:00+00:00,0.0
2020-10-07 03:00:00+00:00,0.0
2020-10-07 04:00:00+00:00,0.5
2020-10-07 05:00:00+00:00,216.0
2020-10-07 06:00:00+00:00,1615.0
2020-10-07 07:00:00+00:00,4375.0
2020-10-07 08:00:00+00:00,7378.5
2020-10-07 09:00:00+00:00,9170.75
2020-10-07 10:00:00+00:00,10295.25
2020-10-07 11:00:00+00:00,10733.25
2020-10-07 12:00:00+00:00,10613.5
2020-10-07 13:00:00+00:00,9208.25
2020-10-07 14:00:00+00:00,6186.25
2020-10-07 15:00:00+00:00,2659.0
2020-10-07 16:00:00+00:00,309.25
2020-10-07 17:00:00+00:00,0.25
2020-10-07 18:00:00+00:00,0.0
2020-10-07 19:00:00+00:00,0.0
2020-10-07 20:00:00+00:00,0.0
2020-10-07 21:00:00+00:00,0.0
2020-10-07 22:00:00+00:00,0.0
2020-10-07 23:00:00+00:00,0.0
2020-10-08 00:00:00+00:00,0.0
2020-10-08 01:00:00+00:00,0.0
2020-10-08 02:00:00+00:00,0.0
2020-10-08 03:00:00+00:00,0.0
2020-10-08 04:00:00+00:00,0.0
2020-10-08 05:00:00+00:00,203.75
2020-10-08 06:00:00+00:00,2312.75
2020-10-08 07:00:00+00:00,5921.5
2020-10-08 08:00:00+00:00,9229.0
2020-10-08 09:00:00+00:00,10851.75
2020-10-08 10:00:00+00:00,11311.5
2020-10-08 11:00:00+00:00,11062.25
2020-10-08 12:00:00+00:00,10024.75
2020-10-08 13:00:00+00:00,7441.5
2020-10-08 14:00:00+00:00,4360.75
2020-10-08 15:00:00+00:00,1631.0
2020-10-08 16:00:00+00:00,145.5
2020-10-08 17:00:00+00:00,1.0
2020-10-08 18:00:00+00:00,0.75
2020-10-08 19:00:00+00:00,0.75
2020-10-08 20:00:00+00:00,0.75
2020-10-08 21:00:00+00:00,1.25
2020-10-08 22:00:00+00:00,0.5
2020-10-08 23:00:00+00:00,0.0
2020-10-09 00:00:00+00:00,0.0
2020-10-09 01:00:00+00:00,0.0
2020-10-09 02:00:00+00:00,0.0
2020-10-09 03:00:00+00:00,0.0
2020-10-09 04:00:00+00:00,0.25
2020-10-09 05:00:00+00:00,173.0
2020-10-09 06:00:00+00:00,1930.75
2020-10-09 07:00:00+00:00,5349.25
2020-10-09 08:00:00+00:00,9134.5
2020-10-09 09:00:00+00:00,11534.25
2020-10-09 10:00:00+00:00,12349.5
2020-10-09 11:00:00+00:00,11842.5
2020-10-09 12:00:00+00:00,10013.75
2020-10-09 13:00:00+00:00,7718.5
2020-10-09 14:00:00+00:00,4865.0
2020-10-09 15:00:00+00:00,1855.75
2020-10-09 16:00:00+00:00,175.0
2020-10-09 17:00:00+00:00,0.0
2020-10-09 18:00:00+00:00,0.0
2020-10-09 19:00:00+00:00,0.0
2020-10-09 20:00:00+00:00,0.0
2020-10-09 21:00:00+00:00,0.0
2020-10-09 22:00:00+00:00,0.0
2020-10-09 23:00:00+00:00,0.0
2020-10-10 00:00:00+00:00,0.0
2020-10-10 01:00:00+00:00,0.0
2020-10-10 02:00:00+00:00,0.0
2020-10-10 03:00:00+00:00,0.0
2020-10-10 04:00:00+00:00,0.75
2020-10-10 05:00:00+00:00,72.0
2020-10-10 06:00:00+00:00,1288.5
2020-10-10 07:00:00+00:00,4096.5
2020-10-10 08:00:00+00:00,7191.0
2020-10-10 09:00:00+00:00,9036.0
2020-10-10 10:00:00+00:00,10277.25
2020-10-10 11:00:00+00:00,10573.75
2020-10-10 12:00:00+00:00,10489.0
2020-10-10 13:00:00+00:00,9289.25
2020-10-10 14:00:00+00:00,6511.25
2020-10-10 15:00:00+00:00,2705.5
2020-10-10 16:00:00+00:00,235.75
2020-10-10 17:00:00+00:00,0.25
2020-10-10 18:00:00+00:00,0.0
2020-10-10 19:00:00+00:00,0.0
2020-10-10 20:00:00+00:00,0.0
2020-10-10 21:00:00+00:00,0.0
2020-10-10 22:00:00+00:00,0.0
2020-10-10 23:00:00+00:00,0.0
2020-10-11 00:00:00+00:00,0.0
2020-10-11 01:00:00+00:00,0.0
2020-10-11 02:00:00+00:00,0.25
2020-10-11 03:00:00+00:00,0.5
2020-10-11 04:00:00+00:00,0.75
2020-10-11 05:00:00+00:00,102.5
2020-10-11 06:00:00+00:00,2215.5
2020-10-11 07:00:00+00:00,6907.0
2020-10-11 08:00:00+00:00,11573.25
2020-10-11 09:00:00+00:00,13926.5
2020-10-11 10:00:00+00:00,13740.75
2020-10-11 11:00:00+00:00,12102.75
2020-10-11 12:00:00+00:00,10540.5
2020-10-11 13:00:00+00:00,8749.25
2020-10-11 14:00:00+00:00,5648.75
2020-10-11 15:00:00+00:00,2271.25
2020-10-11 16:00:00+00:00,199.75
2020-10-11 17:00:00+00:00,0.5
2020-10-11 18:00:00+00:00,0.0
2020-10-11 19:00:00+00:00,0.0
2020-10-11 20:00:00+00:00,0.0
2020-10-11 21:00:00+00:00,0.0
2020-10-11 22:00:00+00:00,0.0
2020-10-11 23:00:00+00:00,0.0
2020-10-12 00:00:00+00:00,0.0
2020-10-12 01:00:00+00:00,0.0
2020-10-12 02:00:00+00:00,0.0
2020-10-12 03:00:00+00:00,0.0
2020-10-12 04:00:00+00:00,0.25
2020-10-12 05:00:00+00:00,47.25
2020-10-12 06:00:00+00:00,1203.5
2020-10-12 07:00:00+00:00,4233.25
2020-10-12 08:00:00+00:00,7706.25
2020-10-12 09:00:00+00:00,9710.0
2020-10-12 10:00:00+00:00,10920.75
2020-10-12 11:00:00+00:00,10978.0
2020-10-12 12:00:00+00:00,10695.25
2020-10-12 13:00:00+00:00,9166.25
2020-10-12 14:00:00+00:00,6163.25
2020-10-12 15:00:00+00:00,2304.0
2020-10-12 16:00:00+00:00,140.25
2020-10-12 17:00:00+00:00,0.0
2020-10-12 18:00:00+00:00,0.0
2020-10-12 19:00:00+00:00,0.0
2020-10-12 20:00:00+00:00,0.0
2020-10-12 21:00:00+00:00,0.0
2020-10-12 22:00:00+00:00,0.0
2020-10-12 23:00:00+00:00,0.0
2020-10-13 00:00:00+00:00,0.0
2020-10-13 01:00:00+00:00,0.0
2020-10-13 02:00:00+00:00,0.0
2020-10-13 03:00:00+00:00,0.0
2020-10-13 04:00:00+00:00,0.25
2020-10-13 05:00:00+00:00,44.0
2020-10-13 06:00:00+00:00,1277.25
2020-10-13 07:00:00+00:00,4599.25
2020-10-13 08:00:00+00:00,8704.0
2020-10-13 09:00:00+00:00,12563.0
2020-10-13 10:00:00+00:00,15385.5
2020-10-13 11:00:00+00:00,14694.75
2020-10-13 12:00:00+00:00,12942.25
2020-10-13 13:00:00+00:00,10195.0
2020-10-13 14:00:00+00:00,6524.0
2020-10-13 15:00:00+00:00,2444.25
2020-10-13 16:00:00+00:00,161.25
2020-10-13 17:00:00+00:00,0.0
2020-10-13 18:00:00+00:00,0.0
2020-10-13 19:00:00+00:00,0.0
2020-10-13 20:00:00+00:00,0.0
2020-10-13 21:00:00+00:00,0.0
2020-10-13 22:00:00+00:00,0.0
2020-10-13 23:00:00+00:00,0.0
2020-10-14 00:00:00+00:00,0.0
2020-10-14 01:00:00+00:00,0.0
2020-10-14 02:00:00+00:00,0.0
2020-10-14 03:00:00+00:00,0.0
2020-10-14 04:00:00+00:00,0.25
2020-10-14 05:00:00+00:00,31.0
2020-10-14 06:00:00+00:00,789.75
2020-10-14 07:00:00+00:00,2813.0
2020-10-14 08:00:00+00:00,5154.5
2020-10-14 09:00:00+00:00,6762.5
2020-10-14 10:00:00+00:00,7578.0
2020-10-14 11:00:00+00:00,7480.75
2020-10-14 12:00:00+00:00,6338.5
2020-10-14 13:00:00+00:00,4283.25
2020-10-14 14:00:00+00:00,2357.0
2020-10-14 15:00:00+00:00,810.0
2020-10-14 16:00:00+00:00,46.25
2020-10-14 17:00:00+00:00,0.0
2020-10-14 18:00:00+00:00,0.0
2020-10-14 19:00:00+00:00,0.0
2020-10-14 20:00:00+00:00,0.0
2020-10-14 21:00:00+00:00,0.0
2020-10-14 22:00:00+00:00,0.0
2020-10-14 23:00:00+00:00,0.0
2020-10-15 00:00:00+00:00,0.0
2020-10-15 01:00:00+00:00,0.0
2020-10-15 02:00:00+00:00,0.0
2020-10-15 03:00:00+00:00,0.0
2020-10-15 04:00:00+00:00,0.0
2020-10-15 05:00:00+00:00,25.0
2020-10-15 06:00:00+00:00,575.5
2020-10-15 07:00:00+00:00,2141.5
2020-10-15 08:00:00+00:00,3965.25
2020-10-15 09:00:00+00:00,5120.75
2020-10-15 10:00:00+00:00,5658.5
2020-10-15 11:00:00+00:00,5341.25
2020-10-15 12:00:00+00:00,4586.0
2020-10-15 13:00:00+00:00,3327.25
2020-10-15 14:00:00+00:00,1851.5
2020-10-15 15:00:00+00:00,583.5
2020-10-15 16:00:00+00:00,25.0
2020-10-15 17:00:00+00:00,0.0
2020-10-15 18:00:00+00:00,0.0
2020-10-15 19:00:00+00:00,0.0
2020-10-15 20:00:00+00:00,0.0
2020-10-15 21:00:00+00:00,0.0
2020-10-15 22:00:00+00:00,0.0
2020-10-15 23:00:00+00:00,0.0
2020-10-16 00:00:00+00:00,0.0
2020-10-16 01:00:00+00:00,0.0
2020-10-16 02:00:00+00:00,0.0
2020-10-16 03:00:00+00:00,0.0
2020-10-16 04:00:00+00:00,0.0
2020-10-16 05:00:00+00:00,39.5
2020-10-16 06:00:00+00:00,566.0
2020-10-16 07:00:00+00:00,2242.25
2020-10-16 08:00:00+00:00,4563.75
2020-10-16 09:00:00+00:00,6764.5
2020-10-16 10:00:00+00:00,8001.0
2020-10-16 11:00:00+00:00,7704.5
2020-10-16 12:00:00+00:00,6584.0
2020-10-16 13:00:00+00:00,4928.5
2020-10-16 14:00:00+00:00,2749.0
2020-10-16 15:00:00+00:00,834.75
2020-10-16 16:00:00+00:00,33.75
2020-10-16 17:00:00+00:00,0.0
2020-10-16 18:00:00+00:00,0.0
2020-10-16 19:00:00+00:00,0.0
2020-10-16 20:00:00+00:00,0.0
2020-10-16 21:00:00+00:00,0.0
2020-10-16 22:00:00+00:00,0.0
2020-10-16 23:00:00+00:00,0.0
2020-10-17 00:00:00+00:00,0.0
2020-10-17 01:00:00+00:00,0.0
2020-10-17 02:00:00+00:00,0.0
2020-10-17 03:00:00+00:00,0.0
2020-10-17 04:00:00+00:00,0.5
2020-10-17 05:00:00+00:00,29.75
2020-10-17 06:00:00+00:00,681.75
2020-10-17 07:00:00+00:00,2884.5
2020-10-17 08:00:00+00:00,5754.75
2020-10-17 09:00:00+00:00,8407.25
2020-10-17 10:00:00+00:00,9839.5
2020-10-17 11:00:00+00:00,9363.75
2020-10-17 12:00:00+00:00,7989.5
2020-10-17 13:00:00+00:00,5794.5
2020-10-17 14:00:00+00:00,3382.25
2020-10-17 15:00:00+00:00,1067.25
2020-10-17 16:00:00+00:00,38.25
2020-10-17 17:00:00+00:00,0.0
2020-10-17 18:00:00+00:00,0.0
2020-10-17 19:00:00+00:00,0.0
2020-10-17 20:00:00+00:00,0.0
2020-10-17 21:00:00+00:00,0.0
2020-10-17 22:00:00+00:00,0.0
2020-10-17 23:00:00+00:00,0.0
2020-10-18 00:00:00+00:00,0.0
2020-10-18 01:00:00+00:00,0.0
2020-10-18 02:00:00+00:00,0.0
2020-10-18 03:00:00+00:00,0.0
2020-10-18 04:00:00+00:00,0.5
2020-10-18 05:00:00+00:00,23.25
2020-10-18 06:00:00+00:00,1015.5
2020-10-18 07:00:00+00:00,3815.5
2020-10-18 08:00:00+00:00,7316.0
2020-10-18 09:00:00+00:00,10623.75
2020-10-18 10:00:00+00:00,12466.75
2020-10-18 11:00:00+00:00,11978.0
2020-10-18 12:00:00+00:00,10222.75
2020-10-18 13:00:00+00:00,7367.25
2020-10-18 14:00:00+00:00,4025.75
2020-10-18 15:00:00+00:00,1133.25
2020-10-18 16:00:00+00:00,31.0
2020-10-18 17:00:00+00:00,0.0
2020-10-18 18:00:00+00:00,0.0
2020-10-18 19:00:00+00:00,0.0
2020-10-18 20:00:00+00:00,0.0
2020-10-18 21:00:00+00:00,0.0
2020-10-18 22:00:00+00:00,0.0
2020-10-18 23:00:00+00:00,0.0
2020-10-19 00:00:00+00:00,0.0
2020-10-19 01:00:00+00:00,0.0
2020-10-19 02:00:00+00:00,0.0
2020-10-19 03:00:00+00:00,0.0
2020-10-19 04:00:00+00:00,0.25
2020-10-19 05:00:00+00:00,23.5
2020-10-19 06:00:00+00:00,821.0
2020-10-19 07:00:00+00:00,3674.0
2020-10-19 08:00:00+00:00,7843.25
2020-10-19 09:00:00+00:00,11963.75
2020-10-19 10:00:00+00:00,14420.75
2020-10-19 11:00:00+00:00,13871.25
2020-10-19 12:00:00+00:00,11820.5
2020-10-19 13:00:00+00:00,8942.5
2020-10-19 14:00:00+00:00,5318.25
2020-10-19 15:00:00+00:00,1585.25
2020-10-19 16:00:00+00:00,43.0
2020-10-19 17:00:00+00:00,0.0
2020-10-19 18:00:00+00:00,0.0
2020-10-19 19:00:00+00:00,0.0
2020-10-19 20:00:00+00:00,0.0
2020-10-19 21:00:00+00:00,0.0
2020-10-19 22:00:00+00:00,1.0
2020-10-19 23:00:00+00:00,1.0
2020-10-20 00:00:00+00:00,1.0
2020-10-20 01:00:00+00:00,1.0
2020-10-20 02:00:00+00:00,1.0
2020-10-20 03:00:00+00:00,1.0
2020-10-20 04:00:00+00:00,1.0
2020-10-20 05:00:00+00:00,24.25
2020-10-20 06:00:00+00:00,1543.25
2020-10-20 07:00:00+00:00,4739.0
2020-10-20 08:00:00+00:00,7812.75
2020-10-20 09:00:00+00:00,10636.5
2020-10-20 10:00:00+00:00,12093.5
2020-10-20 11:00:00+00:00,12131.25
2020-10-20 12:00:00+00:00,10803.75
2020-10-20 13:00:00+00:00,7932.25
2020-10-20 14:00:00+00:00,4084.25
2020-10-20 15:00:00+00:00,1005.75
2020-10-20 16:00:00+00:00,15.25
2020-10-20 17:00:00+00:00,1.0
2020-10-20 18:00:00+00:00,1.0
2020-10-20 19:00:00+00:00,1.0
2020-10-20 20:00:00+00:00,1.0
2020-10-20 21:00:00+00:00,1.0
2020-10-20 22:00:00+00:00,1.0
2020-10-20 23:00:00+00:00,1.0
2020-10-21 00:00:00+00:00,1.0
2020-10-21 01:00:00+00:00,1.0
2020-10-21 02:00:00+00:00,1.0
2020-10-21 03:00:00+00:00,1.0
2020-10-21 04:00:00+00:00,1.0
2020-10-21 05:00:00+00:00,17.5
2020-10-21 06:00:00+00:00,652.5
2020-10-21 07:00:00+00:00,2586.0
2020-10-21 08:00:00+00:00,5015.75
2020-10-21 09:00:00+00:00,7406.75
2020-10-21 10:00:00+00:00,9202.25
2020-10-21 11:00:00+00:00,9182.25
2020-10-21 12:00:00+00:00,8712.0
2020-10-21 13:00:00+00:00,7780.25
2020-10-21 14:00:00+00:00,4792.0
2020-10-21 15:00:00+00:00,1374.5
2020-10-21 16:00:00+00:00,30.25
2020-10-21 17:00:00+00:00,1.0
2020-10-21 18:00:00+00:00,1.0
2020-10-21 19:00:00+00:00,1.0
2020-10-21 20:00:00+00:00,1.0
2020-10-21 21:00:00+00:00,1.0
2020-10-21 22:00:00+00:00,1.0
2020-10-21 23:00:00+00:00,1.0
2020-10-22 00:00:00+00:00,1.0
2020-10-22 01:00:00+00:00,1.0
2020-10-22 02:00:00+00:00,1.0
2020-10-22 03:00:00+00:00,1.0
2020-10-22 04:00:00+00:00,1.0
2020-10-22 05:00:00+00:00,17.75
2020-10-22 06:00:00+00:00,1418.75
2020-10-22 07:00:00+00:00,5013.25
2020-10-22 08:00:00+00:00,9616.5
2020-10-22 09:00:00+00:00,13022.5
2020-10-22 10:00:00+00:00,14052.25
2020-10-22 11:00:00+00:00,13513.75
2020-10-22 12:00:00+00:00,12172.0
2020-10-22 13:00:00+00:00,9918.25
2020-10-22 14:00:00+00:00,5468.0
2020-10-22 15:00:00+00:00,1285.5
2020-10-22 16:00:00+00:00,16.75
2020-10-22 17:00:00+00:00,1.0
2020-10-22 18:00:00+00:00,1.0
2020-10-22 19:00:00+00:00,1.0
2020-10-22 20:00:00+00:00,1.0
2020-10-22 21:00:00+00:00,1.0
2020-10-22 22:00:00+00:00,1.0
2020-10-22 23:00:00+00:00,1.0
2020-10-23 00:00:00+00:00,1.0
2020-10-23 01:00:00+00:00,1.0
2020-10-23 02:00:00+00:00,1.0
2020-10-23 03:00:00+00:00,1.0
2020-10-23 04:00:00+00:00,1.0
2020-10-23 05:00:00+00:00,12.75
2020-10-23 06:00:00+00:00,488.75
2020-10-23 07:00:00+00:00,2383.25
2020-10-23 08:00:00+00:00,4585.5
2020-10-23 09:00:00+00:00,6701.0
2020-10-23 10:00:00+00:00,8060.5
2020-10-23 11:00:00+00:00,7296.75
2020-10-23 12:00:00+00:00,5547.0
2020-10-23 13:00:00+00:00,3859.5
2020-10-23 14:00:00+00:00,2142.25
2020-10-23 15:00:00+00:00,590.75
2020-10-23 16:00:00+00:00,11.75
2020-10-23 17:00:00+00:00,1.0
2020-10-23 18:00:00+00:00,1.0
2020-10-23 19:00:00+00:00,1.0
2020-10-23 20:00:00+00:00,1.0
2020-10-23 21:00:00+00:00,1.0
2020-10-23 22:00:00+00:00,1.0
2020-10-23 23:00:00+00:00,1.0
2020-10-24 00:00:00+00:00,1.0
2020-10-24 01:00:00+00:00,1.0
2020-10-24 02:00:00+00:00,1.0
2020-10-24 03:00:00+00:00,1.0
2020-10-24 04:00:00+00:00,1.0
2020-10-24 05:00:00+00:00,13.25
2020-10-24 06:00:00+00:00,806.25
2020-10-24 07:00:00+00:00,4021.0
2020-10-24 08:00:00+00:00,8097.25
2020-10-24 09:00:00+00:00,11045.0
2020-10-24 10:00:00+00:00,12500.75
2020-10-24 11:00:00+00:00,12176.5
2020-10-24 12:00:00+00:00,10957.5
2020-10-24 13:00:00+00:00,8568.0
2020-10-24 14:00:00+00:00,5130.0
2020-10-24 15:00:00+00:00,1187.5
2020-10-24 16:00:00+00:00,7.5
2020-10-24 17:00:00+00:00,1.0
2020-10-24 18:00:00+00:00,1.0
2020-10-24 19:00:00+00:00,1.0
2020-10-24 20:00:00+00:00,1.0
2020-10-24 21:00:00+00:00,1.0
2020-10-24 22:00:00+00:00,1.0
2020-10-24 23:00:00+00:00,1.0
2020-10-25 00:00:00+00:00,1.0
2020-10-25 01:00:00+00:00,1.0
2020-10-25 02:00:00+00:00,1.0
2020-10-25 03:00:00+00:00,1.0
2020-10-25 04:00:00+00:00,8.0
2020-10-25 05:00:00+00:00,241.0
2020-10-25 06:00:00+00:00,1320.5
2020-10-25 07:00:00+00:00,4830.25
2020-10-25 08:00:00+00:00,8803.75
2020-10-25 09:00:00+00:00,12051.75
2020-10-25 10:00:00+00:00,13984.0
2020-10-25 11:00:00+00:00,13819.5
2020-10-25 12:00:00+00:00,12079.0
2020-10-25 13:00:00+00:00,8812.75
2020-10-25 14:00:00+00:00,4403.75
2020-10-25 15:00:00+00:00,748.75
2020-10-25 16:00:00+00:00,5.0
2020-10-25 17:00:00+00:00,1.0
2020-10-25 18:00:00+00:00,1.0
2020-10-25 19:00:00+00:00,1.0
2020-10-25 20:00:00+00:00,1.0
2020-10-25 21:00:00+00:00,1.0
2020-10-25 22:00:00+00:00,1.0
2020-10-25 23:00:00+00:00,1.0
2020-10-26 00:00:00+00:00,1.0
2020-10-26 01:00:00+00:00,1.0
2020-10-26 02:00:00+00:00,1.0
2020-10-26 03:00:00+00:00,1.0
2020-10-26 04:00:00+00:00,1.0
2020-10-26 05:00:00+00:00,8.25
2020-10-26 06:00:00+00:00,321.5
2020-10-26 07:00:00+00:00,1316.25
2020-10-26 08:00:00+00:00,2589.5
2020-10-26 09:00:00+00:00,3606.75
2020-10-26 10:00:00+00:00,4374.25
2020-10-26 11:00:00+00:00,4257.0
2020-10-26 12:00:00+00:00,3723.5
2020-10-26 13:00:00+00:00,2522.0
2020-10-26 14:00:00+00:00,1425.75
2020-10-26 15:00:00+00:00,386.0
2020-10-26 16:00:00+00:00,8.5
2020-10-26 17:00:00+00:00,0.25
2020-10-26 18:00:00+00:00,0.0
2020-10-26 19:00:00+00:00,0.0
2020-10-26 20:00:00+00:00,1.0
2020-10-26 21:00:00+00:00,1.0
2020-10-26 22:00:00+00:00,1.0
2020-10-26 23:00:00+00:00,1.0
2020-10-27 00:00:00+00:00,1.0
2020-10-27 01:00:00+00:00,1.0
2020-10-27 02:00:00+00:00,1.0
2020-10-27 03:00:00+00:00,1.0
2020-10-27 04:00:00+00:00,1.0
2020-10-27 05:00:00+00:00,7.5
2020-10-27 06:00:00+00:00,495.25
2020-10-27 07:00:00+00:00,3079.75
2020-10-27 08:00:00+00:00,6777.75
2020-10-27 09:00:00+00:00,10123.25
2020-10-27 10:00:00+00:00,11110.5
2020-10-27 11:00:00+00:00,9983.75
2020-10-27 12:00:00+00:00,8576.75
2020-10-27 13:00:00+00:00,6730.75
2020-10-27 14:00:00+00:00,4019.25
2020-10-27 15:00:00+00:00,962.25
2020-10-27 16:00:00+00:00,7.5
2020-10-27 17:00:00+00:00,1.0
2020-10-27 18:00:00+00:00,1.0
2020-10-27 19:00:00+00:00,1.0
2020-10-27 20:00:00+00:00,1.0
2020-10-27 21:00:00+00:00,1.0
2020-10-27 22:00:00+00:00,1.0
2020-10-27 23:00:00+00:00,1.0
2020-10-28 00:00:00+00:00,1.0
2020-10-28 01:00:00+00:00,1.0
2020-10-28 02:00:00+00:00,1.0
2020-10-28 03:00:00+00:00,1.0
2020-10-28 04:00:00+00:00,1.0
2020-10-28 05:00:00+00:00,6.25
2020-10-28 06:00:00+00:00,398.0
2020-10-28 07:00:00+00:00,2045.25
2020-10-28 08:00:00+00:00,4533.75
2020-10-28 09:00:00+00:00,7829.5
2020-10-28 10:00:00+00:00,10574.0
2020-10-28 11:00:00+00:00,11347.0
2020-10-28 12:00:00+00:00,10253.0
2020-10-28 13:00:00+00:00,7583.0
2020-10-28 14:00:00+00:00,4308.0
2020-10-28 15:00:00+00:00,888.25
2020-10-28 16:00:00+00:00,3.5
2020-10-28 17:00:00+00:00,1.0
2020-10-28 18:00:00+00:00,1.0
2020-10-28 19:00:00+00:00,1.0
2020-10-28 20:00:00+00:00,1.0
2020-10-28 21:00:00+00:00,1.0
2020-10-28 22:00:00+00:00,1.0
2020-10-28 23:00:00+00:00,1.0
2020-10-29 00:00:00+00:00,1.0
2020-10-29 01:00:00+00:00,1.0
2020-10-29 02:00:00+00:00,1.0
2020-10-29 03:00:00+00:00,1.0
2020-10-29 04:00:00+00:00,1.0
2020-10-29 05:00:00+00:00,5.5
2020-10-29 06:00:00+00:00,327.25
2020-10-29 07:00:00+00:00,2210.25
2020-10-29 08:00:00+00:00,5572.0
2020-10-29 09:00:00+00:00,8247.0
2020-10-29 10:00:00+00:00,9717.75
2020-10-29 11:00:00+00:00,9560.25
2020-10-29 12:00:00+00:00,7891.75
2020-10-29 13:00:00+00:00,5224.75
2020-10-29 14:00:00+00:00,2395.25
2020-10-29 15:00:00+00:00,345.25
2020-10-29 16:00:00+00:00,1.25
2020-10-29 17:00:00+00:00,1.0
2020-10-29 18:00:00+00:00,0.75
2020-10-29 19:00:00+00:00,1.0
2020-10-29 20:00:00+00:00,1.0
2020-10-29 21:00:00+00:00,1.0
2020-10-29 22:00:00+00:00,1.0
2020-10-29 23:00:00+00:00,1.0
2020-10-30 00:00:00+00:00,1.0
2020-10-30 01:00:00+00:00,1.0
2020-10-30 02:00:00+00:00,1.0
2020-10-30 03:00:00+00:00,1.0
2020-10-30 04:00:00+00:00,1.0
2020-10-30 05:00:00+00:00,3.5
2020-10-30 06:00:00+00:00,129.5
2020-10-30 07:00:00+00:00,767.25
2020-10-30 08:00:00+00:00,1802.5
2020-10-30 09:00:00+00:00,2827.5
2020-10-30 10:00:00+00:00,3679.0
2020-10-30 11:00:00+00:00,4143.5
2020-10-30 12:00:00+00:00,3856.75
2020-10-30 13:00:00+00:00,2706.5
2020-10-30 14:00:00+00:00,1479.75
2020-10-30 15:00:00+00:00,392.5
2020-10-30 16:00:00+00:00,2.5
2020-10-30 17:00:00+00:00,1.0
2020-10-30 18:00:00+00:00,1.0
2020-10-30 19:00:00+00:00,1.0
2020-10-30 20:00:00+00:00,1.0
2020-10-30 21:00:00+00:00,1.0
2020-10-30 22:00:00+00:00,1.0
2020-10-30 23:00:00+00:00,1.0
2020-10-31 00:00:00+00:00,1.0
2020-10-31 01:00:00+00:00,1.0
2020-10-31 02:00:00+00:00,1.0
2020-10-31 03:00:00+00:00,1.0
2020-10-31 04:00:00+00:00,1.0
2020-10-31 05:00:00+00:00,2.25
2020-10-31 06:00:00+00:00,402.0
2020-10-31 07:00:00+00:00,2837.5
2020-10-31 08:00:00+00:00,6767.0
2020-10-31 09:00:00+00:00,10118.25
2020-10-31 10:00:00+00:00,12117.75
2020-10-31 11:00:00+00:00,12677.25
2020-10-31 12:00:00+00:00,11723.5
2020-10-31 13:00:00+00:00,9289.25
2020-10-31 14:00:00+00:00,4981.0
2020-10-31 15:00:00+00:00,1095.25
2020-10-31 16:00:00+00:00,3.5
2020-10-31 17:00:00+00:00,1.0
2020-10-31 18:00:00+00:00,1.0
2020-10-31 19:00:00+00:00,1.0
2020-10-31 20:00:00+00:00,1.0
2020-10-31 21:00:00+00:00,1.0
2020-10-31 22:00:00+00:00,1.0
2020-10-31 23:00:00+00:00,1.0
2020-11-01 00:00:00+00:00,1.0
2020-11-01 01:00:00+00:00,1.0
2020-11-01 02:00:00+00:00,1.0
2020-11-01 03:00:00+00:00,1.0
2020-11-01 04:00:00+00:00,1.0
2020-11-01 05:00:00+00:00,2.25
2020-11-01 06:00:00+00:00,198.0
2020-11-01 07:00:00+00:00,1242.5
2020-11-01 08:00:00+00:00,2928.25
2020-11-01 09:00:00+00:00,4392.5
2020-11-01 10:00:00+00:00,5390.75
2020-11-01 11:00:00+00:00,5500.0
2020-11-01 12:00:00+00:00,4505.75
2020-11-01 13:00:00+00:00,2883.75
2020-11-01 14:00:00+00:00,1256.5
2020-11-01 15:00:00+00:00,170.25
2020-11-01 16:00:00+00:00,1.25
2020-11-01 17:00:00+00:00,1.0
2020-11-01 18:00:00+00:00,1.0
2020-11-01 19:00:00+00:00,1.0
2020-11-01 20:00:00+00:00,1.0
2020-11-01 21:00:00+00:00,1.0
2020-11-01 22:00:00+00:00,1.0
2020-11-01 23:00:00+00:00,1.0
2020-11-02 00:00:00+00:00,1.0
2020-11-02 01:00:00+00:00,1.0
2020-11-02 02:00:00+00:00,1.0
2020-11-02 03:00:00+00:00,1.0
2020-11-02 04:00:00+00:00,1.0
2020-11-02 05:00:00+00:00,1.75
2020-11-02 06:00:00+00:00,185.0
2020-11-02 07:00:00+00:00,1230.5
2020-11-02 08:00:00+00:00,3424.25
2020-11-02 09:00:00+00:00,6241.0
2020-11-02 10:00:00+00:00,8501.75
2020-11-02 11:00:00+00:00,9268.75
2020-11-02 12:00:00+00:00,8492.75
2020-11-02 13:00:00+00:00,6520.75
2020-11-02 14:00:00+00:00,3243.25
2020-11-02 15:00:00+00:00,588.75
2020-11-02 16:00:00+00:00,1.25
2020-11-02 17:00:00+00:00,1.0
2020-11-02 18:00:00+00:00,1.0
2020-11-02 19:00:00+00:00,1.0
2020-11-02 20:00:00+00:00,1.0
2020-11-02 21:00:00+00:00,1.0
2020-11-02 22:00:00+00:00,1.0
2020-11-02 23:00:00+00:00,1.0
2020-11-03 00:00:00+00:00,1.0
2020-11-03 01:00:00+00:00,1.0
2020-11-03 02:00:00+00:00,1.0
2020-11-03 03:00:00+00:00,1.0
2020-11-03 04:00:00+00:00,1.0
2020-11-03 05:00:00+00:00,2.25
2020-11-03 06:00:00+00:00,309.25
2020-11-03 07:00:00+00:00,2534.25
2020-11-03 08:00:00+00:00,5897.75
2020-11-03 09:00:00+00:00,8932.25
2020-11-03 10:00:00+00:00,10604.25
2020-11-03 11:00:00+00:00,10192.25
2020-11-03 12:00:00+00:00,8223.25
2020-11-03 13:00:00+00:00,5338.75
2020-11-03 14:00:00+00:00,2156.0
2020-11-03 15:00:00+00:00,276.5
2020-11-03 16:00:00+00:00,1.25
2020-11-03 17:00:00+00:00,1.0
2020-11-03 18:00:00+00:00,1.0
2020-11-03 19:00:00+00:00,1.0
2020-11-03 20:00:00+00:00,1.0
2020-11-03 21:00:00+00:00,1.0
2020-11-03 22:00:00+00:00,1.0
2020-11-03 23:00:00+00:00,1.0
2020-11-04 00:00:00+00:00,1.0
2020-11-04 01:00:00+00:00,1.0
2020-11-04 02:00:00+00:00,1.0
2020-11-04 03:00:00+00:00,1.0
2020-11-04 04:00:00+00:00,1.0
2020-11-04 05:00:00+00:00,1.75
2020-11-04 06:00:00+00:00,355.25
2020-11-04 07:00:00+00:00,2938.0
2020-11-04 08:00:00+00:00,6930.75
2020-11-04 09:00:00+00:00,10479.0
2020-11-04 10:00:00+00:00,12462.75
2020-11-04 11:00:00+00:00,12002.5
2020-11-04 12:00:00+00:00,9923.0
2020-11-04 13:00:00+00:00,6847.25
2020-11-04 14:00:00+00:00,3391.5
2020-11-04 15:00:00+00:00,478.25
2020-11-04 16:00:00+00:00,1.25
2020-11-04 17:00:00+00:00,1.0
2020-11-04 18:00:00+00:00,1.0
2020-11-04 19:00:00+00:00,1.0
2020-11-04 20:00:00+00:00,1.0
2020-11-04 21:00:00+00:00,1.0
2020-11-04 22:00:00+00:00,1.0
2020-11-04 23:00:00+00:00,1.0
2020-11-05 00:00:00+00:00,1.0
2020-11-05 01:00:00+00:00,1.0
2020-11-05 02:00:00+00:00,1.0
2020-11-05 03:00:00+00:00,1.0
2020-11-05 04:00:00+00:00,1.0
2020-11-05 05:00:00+00:00,1.75
2020-11-05 06:00:00+00:00,374.5
2020-11-05 07:00:00+00:00,3837.25
2020-11-05 08:00:00+00:00,9463.5
2020-11-05 09:00:00+00:00,14325.5
2020-11-05 10:00:00+00:00,16711.5
2020-11-05 11:00:00+00:00,16205.25
2020-11-05 12:00:00+00:00,13819.75
2020-11-05 13:00:00+00:00,9882.0
2020-11-05 14:00:00+00:00,4574.75
2020-11-05 15:00:00+00:00,691.25
2020-11-05 16:00:00+00:00,1.25
2020-11-05 17:00:00+00:00,1.0
2020-11-05 18:00:00+00:00,1.0
2020-11-05 19:00:00+00:00,1.0
2020-11-05 20:00:00+00:00,1.0
2020-11-05 21:00:00+00:00,1.0
2020-11-05 22:00:00+00:00,1.0
2020-11-05 23:00:00+00:00,1.0
2020-11-06 00:00:00+00:00,1.0
2020-11-06 01:00:00+00:00,1.0
2020-11-06 02:00:00+00:00,1.0
2020-11-06 03:00:00+00:00,1.0
2020-11-06 04:00:00+00:00,1.0
2020-11-06 05:00:00+00:00,1.0
2020-11-06 06:00:00+00:00,323.25
2020-11-06 07:00:00+00:00,3208.25
2020-11-06 08:00:00+00:00,7514.75
2020-11-06 09:00:00+00:00,11381.75
2020-11-06 10:00:00+00:00,13690.5
2020-11-06 11:00:00+00:00,14308.5
2020-11-06 12:00:00+00:00,12799.5
2020-11-06 13:00:00+00:00,9282.5
2020-11-06 14:00:00+00:00,4294.5
2020-11-06 15:00:00+00:00,574.5
2020-11-06 16:00:00+00:00,1.25
2020-11-06 17:00:00+00:00,1.0
2020-11-06 18:00:00+00:00,1.0
2020-11-06 19:00:00+00:00,1.0
2020-11-06 20:00:00+00:00,1.0
2020-11-06 21:00:00+00:00,1.0
2020-11-06 22:00:00+00:00,1.0
2020-11-06 23:00:00+00:00,1.0
2020-11-07 00:00:00+00:00,1.0
2020-11-07 01:00:00+00:00,1.0
2020-11-07 02:00:00+00:00,1.0
2020-11-07 03:00:00+00:00,1.0
2020-11-07 04:00:00+00:00,1.0
2020-11-07 05:00:00+00:00,1.25
2020-11-07 06:00:00+00:00,398.0
2020-11-07 07:00:00+00:00,3553.75
2020-11-07 08:00:00+00:00,8784.5
2020-11-07 09:00:00+00:00,13924.0
2020-11-07 10:00:00+00:00,17411.5
2020-11-07 11:00:00+00:00,17739.5
2020-11-07 12:00:00+00:00,15536.25
2020-11-07 13:00:00+00:00,10879.0
2020-11-07 14:00:00+00:00,4932.75
2020-11-07 15:00:00+00:00,776.0
2020-11-07 16:00:00+00:00,1.0
2020-11-07 17:00:00+00:00,1.0
2020-11-07 18:00:00+00:00,1.0
2020-11-07 19:00:00+00:00,1.0
2020-11-07 20:00:00+00:00,1.0
2020-11-07 21:00:00+00:00,1.0
2020-11-07 22:00:00+00:00,1.0
2020-11-07 23:00:00+00:00,1.0
2020-11-08 00:00:00+00:00,1.0
2020-11-08 01:00:00+00:00,1.0
2020-11-08 02:00:00+00:00,1.0
2020-11-08 03:00:00+00:00,1.0
2020-11-08 04:00:00+00:00,1.0
2020-11-08 05:00:00+00:00,1.0
2020-11-08 06:00:00+00:00,393.75
2020-11-08 07:00:00+00:00,3482.25
2020-11-08 08:00:00+00:00,8068.0
2020-11-08 09:00:00+00:00,12211.5
2020-11-08 10:00:00+00:00,14671.5
2020-11-08 11:00:00+00:00,14695.25
2020-11-08 12:00:00+00:00,12514.25
2020-11-08 13:00:00+00:00,8256.5
2020-11-08 14:00:00+00:00,3179.25
2020-11-08 15:00:00+00:00,327.5
2020-11-08 16:00:00+00:00,1.0
2020-11-08 17:00:00+00:00,1.0
2020-11-08 18:00:00+00:00,1.0
2020-11-08 19:00:00+00:00,1.0
2020-11-08 20:00:00+00:00,1.0
2020-11-08 21:00:00+00:00,1.0
2020-11-08 22:00:00+00:00,1.0
2020-11-08 23:00:00+00:00,1.0
2020-11-09 00:00:00+00:00,1.0
2020-11-09 01:00:00+00:00,1.0
2020-11-09 02:00:00+00:00,1.0
2020-11-09 03:00:00+00:00,1.0
2020-11-09 04:00:00+00:00,1.0
2020-11-09 05:00:00+00:00,1.0
2020-11-09 06:00:00+00:00,210.25
2020-11-09 07:00:00+00:00,2180.75
2020-11-09 08:00:00+00:00,5210.0
2020-11-09 09:00:00+00:00,8014.75
2020-11-09 10:00:00+00:00,9828.25
2020-11-09 11:00:00+00:00,10339.25
2020-11-09 12:00:00+00:00,9342.75
2020-11-09 13:00:00+00:00,6611.0
2020-11-09 14:00:00+00:00,2838.0
2020-11-09 15:00:00+00:00,328.25
2020-11-09 16:00:00+00:00,1.0
2020-11-09 17:00:00+00:00,1.0
2020-11-09 18:00:00+00:00,1.0
2020-11-09 19:00:00+00:00,1.0
2020-11-09 20:00:00+00:00,1.0
2020-11-09 21:00:00+00:00,1.0
2020-11-09 22:00:00+00:00,1.0
2020-11-09 23:00:00+00:00,1.0
2020-11-10 00:00:00+00:00,1.0
2020-11-10 01:00:00+00:00,1.0
2020-11-10 02:00:00+00:00,1.0
2020-11-10 03:00:00+00:00,1.0
2020-11-10 04:00:00+00:00,1.0
2020-11-10 05:00:00+00:00,1.0
2020-11-10 06:00:00+00:00,109.5
2020-11-10 07:00:00+00:00,1242.25
2020-11-10 08:00:00+00:00,3383.75
2020-11-10 09:00:00+00:00,5159.25
2020-11-10 10:00:00+00:00,6252.5
2020-11-10 11:00:00+00:00,6438.75
2020-11-10 12:00:00+00:00,5598.75
2020-11-10 13:00:00+00:00,3872.25
2020-11-10 14:00:00+00:00,1605.5
2020-11-10 15:00:00+00:00,206.5
2020-11-10 16:00:00+00:00,1.0
2020-11-10 17:00:00+00:00,1.0
2020-11-10 18:00:00+00:00,1.0
2020-11-10 19:00:00+00:00,1.0
2020-11-10 20:00:00+00:00,1.0
2020-11-10 21:00:00+00:00,1.0
2020-11-10 22:00:00+00:00,1.0
2020-11-10 23:00:00+00:00,1.0
2020-11-11 00:00:00+00:00,1.0
2020-11-11 01:00:00+00:00,1.0
2020-11-11 02:00:00+00:00,1.0
2020-11-11 03:00:00+00:00,1.0
2020-11-11 04:00:00+00:00,1.0
2020-11-11 05:00:00+00:00,1.0
2020-11-11 06:00:00+00:00,72.5
2020-11-11 07:00:00+00:00,694.75
2020-11-11 08:00:00+00:00,2020.5
2020-11-11 09:00:00+00:00,3238.5
2020-11-11 10:00:00+00:00,4111.25
2020-11-11 11:00:00+00:00,4382.5
2020-11-11 12:00:00+00:00,3874.25
2020-11-11 13:00:00+00:00,2619.25
2020-11-11 14:00:00+00:00,1092.0
2020-11-11 15:00:00+00:00,112.25
2020-11-11 16:00:00+00:00,1.0
2020-11-11 17:00:00+00:00,1.0
2020-11-11 18:00:00+00:00,1.0
2020-11-11 19:00:00+00:00,1.0
2020-11-11 20:00:00+00:00,1.0
2020-11-11 21:00:00+00:00,1.0
2020-11-11 22:00:00+00:00,1.0
2020-11-11 23:00:00+00:00,1.0
2020-11-12 00:00:00+00:00,1.0
2020-11-12 01:00:00+00:00,1.0
2020-11-12 02:00:00+00:00,1.0
2020-11-12 03:00:00+00:00,1.0
2020-11-12 04:00:00+00:00,1.0
2020-11-12 05:00:00+00:00,1.0
2020-11-12 06:00:00+00:00,84.5
2020-11-12 07:00:00+00:00,1113.25
2020-11-12 08:00:00+00:00,3181.5
2020-11-12 09:00:00+00:00,5697.25
2020-11-12 10:00:00+00:00,7512.0
2020-11-12 11:00:00+00:00,8215.5
2020-11-12 12:00:00+00:00,7089.75
2020-11-12 13:00:00+00:00,4636.0
2020-11-12 14:00:00+00:00,1894.75
2020-11-12 15:00:00+00:00,177.75
2020-11-12 16:00:00+00:00,1.0
2020-11-12 17:00:00+00:00,1.0
2020-11-12 18:00:00+00:00,1.0
2020-11-12 19:00:00+00:00,1.0
2020-11-12 20:00:00+00:00,1.0
2020-11-12 21:00:00+00:00,1.0
2020-11-12 22:00:00+00:00,1.0
2020-11-12 23:00:00+00:00,1.0
2020-11-13 00:00:00+00:00,1.0
2020-11-13 01:00:00+00:00,1.0
2020-11-13 02:00:00+00:00,1.0
2020-11-13 03:00:00+00:00,1.0
2020-11-13 04:00:00+00:00,1.0
2020-11-13 05:00:00+00:00,1.0
2020-11-13 06:00:00+00:00,115.75
2020-11-13 07:00:00+00:00,1992.0
2020-11-13 08:00:00+00:00,5398.5
2020-11-13 09:00:00+00:00,8776.25
2020-11-13 10:00:00+00:00,11250.75
2020-11-13 11:00:00+00:00,11855.75
2020-11-13 12:00:00+00:00,10007.0
2020-11-13 13:00:00+00:00,6257.25
2020-11-13 14:00:00+00:00,2239.25
2020-11-13 15:00:00+00:00,157.75
2020-11-13 16:00:00+00:00,1.0
2020-11-13 17:00:00+00:00,1.0
2020-11-13 18:00:00+00:00,1.0
2020-11-13 19:00:00+00:00,1.0
2020-11-13 20:00:00+00:00,1.0
2020-11-13 21:00:00+00:00,1.0
2020-11-13 22:00:00+00:00,1.0
2020-11-13 23:00:00+00:00,1.0
2020-11-14 00:00:00+00:00,1.0
2020-11-14 01:00:00+00:00,1.0
2020-11-14 02:00:00+00:00,1.0
2020-11-14 03:00:00+00:00,1.0
2020-11-14 04:00:00+00:00,1.0
2020-11-14 05:00:00+00:00,1.0
2020-11-14 06:00:00+00:00,114.5
2020-11-14 07:00:00+00:00,2165.25
2020-11-14 08:00:00+00:00,6166.0
2020-11-14 09:00:00+00:00,10376.5
2020-11-14 10:00:00+00:00,13052.5
2020-11-14 11:00:00+00:00,13657.25
2020-11-14 12:00:00+00:00,12105.75
2020-11-14 13:00:00+00:00,8482.75
2020-11-14 14:00:00+00:00,3680.75
2020-11-14 15:00:00+00:00,413.25
2020-11-14 16:00:00+00:00,1.0
2020-11-14 17:00:00+00:00,1.0
2020-11-14 18:00:00+00:00,1.0
2020-11-14 19:00:00+00:00,1.0
2020-11-14 20:00:00+00:00,1.0
2020-11-14 21:00:00+00:00,1.0
2020-11-14 22:00:00+00:00,1.0
2020-11-14 23:00:00+00:00,1.0
2020-11-15 00:00:00+00:00,1.0
2020-11-15 01:00:00+00:00,1.0
2020-11-15 02:00:00+00:00,1.0
2020-11-15 03:00:00+00:00,1.0
2020-11-15 04:00:00+00:00,1.0
2020-11-15 05:00:00+00:00,1.0
2020-11-15 06:00:00+00:00,169.0
2020-11-15 07:00:00+00:00,2535.75
2020-11-15 08:00:00+00:00,6475.75
2020-11-15 09:00:00+00:00,10491.75
2020-11-15 10:00:00+00:00,13082.25
2020-11-15 11:00:00+00:00,12940.0
2020-11-15 12:00:00+00:00,10753.0
2020-11-15 13:00:00+00:00,6999.0
2020-11-15 14:00:00+00:00,2613.0
2020-11-15 15:00:00+00:00,154.0
2020-11-15 16:00:00+00:00,1.0
2020-11-15 17:00:00+00:00,1.0
2020-11-15 18:00:00+00:00,1.0
2020-11-15 19:00:00+00:00,1.0
2020-11-15 20:00:00+00:00,1.0
2020-11-15 21:00:00+00:00,1.0
2020-11-15 22:00:00+00:00,1.0
2020-11-15 23:00:00+00:00,1.0
2020-11-16 00:00:00+00:00,1.0
2020-11-16 01:00:00+00:00,1.0
2020-11-16 02:00:00+00:00,1.0
2020-11-16 03:00:00+00:00,1.0
2020-11-16 04:00:00+00:00,1.0
2020-11-16 05:00:00+00:00,1.0
2020-11-16 06:00:00+00:00,72.5
2020-11-16 07:00:00+00:00,1306.25
2020-11-16 08:00:00+00:00,3971.5
2020-11-16 09:00:00+00:00,6904.25
2020-11-16 10:00:00+00:00,8673.0
2020-11-16 11:00:00+00:00,8306.5
2020-11-16 12:00:00+00:00,6382.25
2020-11-16 13:00:00+00:00,3886.25
2020-11-16 14:00:00+00:00,1590.75
2020-11-16 15:00:00+00:00,122.25
2020-11-16 16:00:00+00:00,1.0
2020-11-16 17:00:00+00:00,1.0
2020-11-16 18:00:00+00:00,1.0
2020-11-16 19:00:00+00:00,1.0
2020-11-16 20:00:00+00:00,1.0
2020-11-16 21:00:00+00:00,1.0
2020-11-16 22:00:00+00:00,1.0
2020-11-16 23:00:00+00:00,1.0
2020-11-17 00:00:00+00:00,1.0
2020-11-17 01:00:00+00:00,1.0
2020-11-17 02:00:00+00:00,1.0
2020-11-17 03:00:00+00:00,1.0
2020-11-17 04:00:00+00:00,1.0
2020-11-17 05:00:00+00:00,1.0
2020-11-17 06:00:00+00:00,70.25
2020-11-17 07:00:00+00:00,1310.5
2020-11-17 08:00:00+00:00,4040.75
2020-11-17 09:00:00+00:00,6598.5
2020-11-17 10:00:00+00:00,7670.0
2020-11-17 11:00:00+00:00,7008.25
2020-11-17 12:00:00+00:00,5406.0
2020-11-17 13:00:00+00:00,3556.5
2020-11-17 14:00:00+00:00,1457.25
2020-11-17 15:00:00+00:00,106.5
2020-11-17 16:00:00+00:00,1.0
2020-11-17 17:00:00+00:00,1.0
2020-11-17 18:00:00+00:00,1.0
2020-11-17 19:00:00+00:00,1.0
2020-11-17 20:00:00+00:00,1.0
2020-11-17 21:00:00+00:00,1.0
2020-11-17 22:00:00+00:00,1.0
2020-11-17 23:00:00+00:00,1.0
2020-11-18 00:00:00+00:00,1.0
2020-11-18 01:00:00+00:00,1.0
2020-11-18 02:00:00+00:00,1.0
2020-11-18 03:00:00+00:00,1.0
2020-11-18 04:00:00+00:00,1.0
2020-11-18 05:00:00+00:00,1.0
2020-11-18 06:00:00+00:00,100.0
2020-11-18 07:00:00+00:00,2048.75
2020-11-18 08:00:00+00:00,6088.75
2020-11-18 09:00:00+00:00,10158.75
2020-11-18 10:00:00+00:00,13049.5
2020-11-18 11:00:00+00:00,13903.75
2020-11-18 12:00:00+00:00,12354.25
2020-11-18 13:00:00+00:00,8733.5
2020-11-18 14:00:00+00:00,3755.5
2020-11-18 15:00:00+00:00,364.5
2020-11-18 16:00:00+00:00,1.0
2020-11-18 17:00:00+00:00,1.0
2020-11-18 18:00:00+00:00,1.0
2020-11-18 19:00:00+00:00,1.0
2020-11-18 20:00:00+00:00,1.0
2020-11-18 21:00:00+00:00,1.0
2020-11-18 22:00:00+00:00,1.0
2020-11-18 23:00:00+00:00,1.0
2020-11-19 00:00:00+00:00,1.0
2020-11-19 01:00:00+00:00,1.0
2020-11-19 02:00:00+00:00,1.0
2020-11-19 03:00:00+00:00,1.0
2020-11-19 04:00:00+00:00,1.0
2020-11-19 05:00:00+00:00,1.0
2020-11-19 06:00:00+00:00,98.5
2020-11-19 07:00:00+00:00,1172.5
2020-11-19 08:00:00+00:00,2715.75
2020-11-19 09:00:00+00:00,3796.25
2020-11-19 10:00:00+00:00,4558.25
2020-11-19 11:00:00+00:00,4599.25
2020-11-19 12:00:00+00:00,4088.25
2020-11-19 13:00:00+00:00,2866.75
2020-11-19 14:00:00+00:00,1121.0
2020-11-19 15:00:00+00:00,75.5
2020-11-19 16:00:00+00:00,1.0
2020-11-19 17:00:00+00:00,1.0
2020-11-19 18:00:00+00:00,1.0
2020-11-19 19:00:00+00:00,1.0
2020-11-19 20:00:00+00:00,1.0
2020-11-19 21:00:00+00:00,1.0
2020-11-19 22:00:00+00:00,1.0
2020-11-19 23:00:00+00:00,1.0
2020-11-20 00:00:00+00:00,1.0
2020-11-20 01:00:00+00:00,1.0
2020-11-20 02:00:00+00:00,1.0
2020-11-20 03:00:00+00:00,1.0
2020-11-20 04:00:00+00:00,1.0
2020-11-20 05:00:00+00:00,1.0
2020-11-20 06:00:00+00:00,62.5
2020-11-20 07:00:00+00:00,2093.75
2020-11-20 08:00:00+00:00,5921.25
2020-11-20 09:00:00+00:00,8898.0
2020-11-20 10:00:00+00:00,10185.5
2020-11-20 11:00:00+00:00,9595.25
2020-11-20 12:00:00+00:00,7781.0
2020-11-20 13:00:00+00:00,4853.5
2020-11-20 14:00:00+00:00,1833.5
2020-11-20 15:00:00+00:00,116.0
2020-11-20 16:00:00+00:00,1.0
2020-11-20 17:00:00+00:00,1.0
2020-11-20 18:00:00+00:00,1.0
2020-11-20 19:00:00+00:00,1.0
2020-11-20 20:00:00+00:00,1.0
2020-11-20 21:00:00+00:00,1.0
2020-11-20 22:00:00+00:00,1.0
2020-11-20 23:00:00+00:00,1.0
2020-11-21 00:00:00+00:00,1.0
2020-11-21 01:00:00+00:00,1.0
2020-11-21 02:00:00+00:00,1.0
2020-11-21 03:00:00+00:00,1.0
2020-11-21 04:00:00+00:00,1.0
2020-11-21 05:00:00+00:00,1.0
2020-11-21 06:00:00+00:00,69.0
2020-11-21 07:00:00+00:00,1823.25
2020-11-21 08:00:00+00:00,4896.25
2020-11-21 09:00:00+00:00,7805.0
2020-11-21 10:00:00+00:00,9499.5
2020-11-21 11:00:00+00:00,9677.0
2020-11-21 12:00:00+00:00,8294.5
2020-11-21 13:00:00+00:00,5919.0
2020-11-21 14:00:00+00:00,2317.0
2020-11-21 15:00:00+00:00,147.0
2020-11-21 16:00:00+00:00,1.0
2020-11-21 17:00:00+00:00,1.0
2020-11-21 18:00:00+00:00,1.0
2020-11-21 19:00:00+00:00,1.0
2020-11-21 20:00:00+00:00,1.0
2020-11-21 21:00:00+00:00,1.0
2020-11-21 22:00:00+00:00,1.0
2020-11-21 23:00:00+00:00,1.0
2020-11-22 00:00:00+00:00,1.0
2020-11-22 01:00:00+00:00,1.0
2020-11-22 02:00:00+00:00,1.0
2020-11-22 03:00:00+00:00,1.0
2020-11-22 04:00:00+00:00,1.0
2020-11-22 05:00:00+00:00,1.0
2020-11-22 06:00:00+00:00,55.25
2020-11-22 07:00:00+00:00,1479.25
2020-11-22 08:00:00+00:00,4574.25
2020-11-22 09:00:00+00:00,7154.25
2020-11-22 10:00:00+00:00,8998.0
2020-11-22 11:00:00+00:00,9231.0
2020-11-22 12:00:00+00:00,7637.0
2020-11-22 13:00:00+00:00,4555.0
2020-11-22 14:00:00+00:00,1453.5
2020-11-22 15:00:00+00:00,65.5
2020-11-22 16:00:00+00:00,1.0
2020-11-22 17:00:00+00:00,1.0
2020-11-22 18:00:00+00:00,1.0
2020-11-22 19:00:00+00:00,1.0
2020-11-22 20:00:00+00:00,1.0
2020-11-22 21:00:00+00:00,1.0
2020-11-22 22:00:00+00:00,1.0
2020-11-22 23:00:00+00:00,1.0
2020-11-23 00:00:00+00:00,1.0
2020-11-23 01:00:00+00:00,1.0
2020-11-23 02:00:00+00:00,1.0
2020-11-23 03:00:00+00:00,1.0
2020-11-23 04:00:00+00:00,1.0
2020-11-23 05:00:00+00:00,1.0
2020-11-23 06:00:00+00:00,40.75
2020-11-23 07:00:00+00:00,1033.75
2020-11-23 08:00:00+00:00,3551.0
2020-11-23 09:00:00+00:00,6997.0
2020-11-23 10:00:00+00:00,9297.75
2020-11-23 11:00:00+00:00,9334.25
2020-11-23 12:00:00+00:00,7550.75
2020-11-23 13:00:00+00:00,4653.75
2020-11-23 14:00:00+00:00,1569.25
2020-11-23 15:00:00+00:00,78.5
2020-11-23 16:00:00+00:00,1.0
2020-11-23 17:00:00+00:00,1.0
2020-11-23 18:00:00+00:00,1.0
2020-11-23 19:00:00+00:00,1.0
2020-11-23 20:00:00+00:00,1.0
2020-11-23 21:00:00+00:00,1.0
2020-11-23 22:00:00+00:00,1.0
2020-11-23 23:00:00+00:00,1.0
2020-11-24 00:00:00+00:00,1.0
2020-11-24 01:00:00+00:00,1.0
2020-11-24 02:00:00+00:00,1.0
2020-11-24 03:00:00+00:00,1.0
2020-11-24 04:00:00+00:00,1.0
2020-11-24 05:00:00+00:00,1.0
2020-11-24 06:00:00+00:00,38.5
2020-11-24 07:00:00+00:00,865.5
2020-11-24 08:00:00+00:00,2739.0
2020-11-24 09:00:00+00:00,5093.5
2020-11-24 10:00:00+00:00,6836.75
2020-11-24 11:00:00+00:00,7488.25
2020-11-24 12:00:00+00:00,6779.75
2020-11-24 13:00:00+00:00,4400.5
2020-11-24 14:00:00+00:00,1597.25
2020-11-24 15:00:00+00:00,103.0
2020-11-24 16:00:00+00:00,1.0
2020-11-24 17:00:00+00:00,1.0
2020-11-24 18:00:00+00:00,1.0
2020-11-24 19:00:00+00:00,1.0
2020-11-24 20:00:00+00:00,1.0
2020-11-24 21:00:00+00:00,1.0
2020-11-24 22:00:00+00:00,1.0
2020-11-24 23:00:00+00:00,1.0
2020-11-25 00:00:00+00:00,1.0
2020-11-25 01:00:00+00:00,1.0
2020-11-25 02:00:00+00:00,1.0
2020-11-25 03:00:00+00:00,1.0
2020-11-25 04:00:00+00:00,1.0
2020-11-25 05:00:00+00:00,1.0
2020-11-25 06:00:00+00:00,36.5
2020-11-25 07:00:00+00:00,869.25
2020-11-25 08:00:00+00:00,3215.5
2020-11-25 09:00:00+00:00,6115.75
2020-11-25 10:00:00+00:00,8166.25
2020-11-25 11:00:00+00:00,8733.0
2020-11-25 12:00:00+00:00,7471.5
2020-11-25 13:00:00+00:00,4615.0
2020-11-25 14:00:00+00:00,1429.0
2020-11-25 15:00:00+00:00,49.5
2020-11-25 16:00:00+00:00,1.0
2020-11-25 17:00:00+00:00,1.0
2020-11-25 18:00:00+00:00,1.0
2020-11-25 19:00:00+00:00,1.0
2020-11-25 20:00:00+00:00,1.0
2020-11-25 21:00:00+00:00,1.0
2020-11-25 22:00:00+00:00,1.0
2020-11-25 23:00:00+00:00,1.0
2020-11-26 00:00:00+00:00,1.0
2020-11-26 01:00:00+00:00,1.0
2020-11-26 02:00:00+00:00,1.0
2020-11-26 03:00:00+00:00,1.0
2020-11-26 04:00:00+00:00,1.0
2020-11-26 05:00:00+00:00,1.0
2020-11-26 06:00:00+00:00,34.0
2020-11-26 07:00:00+00:00,604.0
2020-11-26 08:00:00+00:00,2169.25
2020-11-26 09:00:00+00:00,3877.75
2020-11-26 10:00:00+00:00,5006.0
2020-11-26 11:00:00+00:00,5135.25
2020-11-26 12:00:00+00:00,4428.0
2020-11-26 13:00:00+00:00,2854.25
2020-11-26 14:00:00+00:00,908.5
2020-11-26 15:00:00+00:00,42.5
2020-11-26 16:00:00+00:00,1.0
2020-11-26 17:00:00+00:00,1.0
2020-11-26 18:00:00+00:00,1.0
2020-11-26 19:00:00+00:00,1.0
2020-11-26 20:00:00+00:00,1.0
2020-11-26 21:00:00+00:00,1.0
2020-11-26 22:00:00+00:00,1.0
2020-11-26 23:00:00+00:00,1.0
2020-11-27 00:00:00+00:00,1.0
2020-11-27 01:00:00+00:00,1.0
2020-11-27 02:00:00+00:00,1.0
2020-11-27 03:00:00+00:00,1.0
2020-11-27 04:00:00+00:00,1.0
2020-11-27 05:00:00+00:00,1.0
2020-11-27 06:00:00+00:00,25.0
2020-11-27 07:00:00+00:00,622.25
2020-11-27 08:00:00+00:00,2522.25
2020-11-27 09:00:00+00:00,4654.25
2020-11-27 10:00:00+00:00,6383.5
2020-11-27 11:00:00+00:00,7320.25
2020-11-27 12:00:00+00:00,6691.5
2020-11-27 13:00:00+00:00,4288.5
2020-11-27 14:00:00+00:00,1412.0
2020-11-27 15:00:00+00:00,57.25
2020-11-27 16:00:00+00:00,1.0
2020-11-27 17:00:00+00:00,1.0
2020-11-27 18:00:00+00:00,1.0
2020-11-27 19:00:00+00:00,1.0
2020-11-27 20:00:00+00:00,1.0
2020-11-27 21:00:00+00:00,1.0
2020-11-27 22:00:00+00:00,1.0
2020-11-27 23:00:00+00:00,1.0
2020-11-28 00:00:00+00:00,1.0
2020-11-28 01:00:00+00:00,1.0
2020-11-28 02:00:00+00:00,1.0
2020-11-28 03:00:00+00:00,1.0
2020-11-28 04:00:00+00:00,1.0
2020-11-28 05:00:00+00:00,1.0
2020-11-28 06:00:00+00:00,22.25
2020-11-28 07:00:00+00:00,460.0
2020-11-28 08:00:00+00:00,2100.75
2020-11-28 09:00:00+00:00,3982.25
2020-11-28 10:00:00+00:00,5399.0
2020-11-28 11:00:00+00:00,5876.0
2020-11-28 12:00:00+00:00,4978.75
2020-11-28 13:00:00+00:00,3007.75
2020-11-28 14:00:00+00:00,989.0
2020-11-28 15:00:00+00:00,46.75
2020-11-28 16:00:00+00:00,1.0
2020-11-28 17:00:00+00:00,1.0
2020-11-28 18:00:00+00:00,1.0
2020-11-28 19:00:00+00:00,1.0
2020-11-28 20:00:00+00:00,1.0
2020-11-28 21:00:00+00:00,1.0
2020-11-28 22:00:00+00:00,1.0
2020-11-28 23:00:00+00:00,1.0
2020-11-29 00:00:00+00:00,1.0
2020-11-29 01:00:00+00:00,1.0
2020-11-29 02:00:00+00:00,1.0
2020-11-29 03:00:00+00:00,1.0
2020-11-29 04:00:00+00:00,1.0
2020-11-29 05:00:00+00:00,1.0
2020-11-29 06:00:00+00:00,17.25
2020-11-29 07:00:00+00:00,703.5
2020-11-29 08:00:00+00:00,3205.75
2020-11-29 09:00:00+00:00,6120.5
2020-11-29 10:00:00+00:00,8249.5
2020-11-29 11:00:00+00:00,8650.25
2020-11-29 12:00:00+00:00,7384.0
2020-11-29 13:00:00+00:00,4727.5
2020-11-29 14:00:00+00:00,1623.25
2020-11-29 15:00:00+00:00,65.75
2020-11-29 16:00:00+00:00,1.0
2020-11-29 17:00:00+00:00,1.0
2020-11-29 18:00:00+00:00,1.0
2020-11-29 19:00:00+00:00,1.0
2020-11-29 20:00:00+00:00,1.0
2020-11-29 21:00:00+00:00,1.0
2020-11-29 22:00:00+00:00,1.0
2020-11-29 23:00:00+00:00,1.0
2020-11-30 00:00:00+00:00,1.0
2020-11-30 01:00:00+00:00,1.0
2020-11-30 02:00:00+00:00,1.0
2020-11-30 03:00:00+00:00,1.0
2020-11-30 04:00:00+00:00,1.0
2020-11-30 05:00:00+00:00,1.0
2020-11-30 06:00:00+00:00,13.25
2020-11-30 07:00:00+00:00,900.0
2020-11-30 08:00:00+00:00,3894.75
2020-11-30 09:00:00+00:00,7140.75
2020-11-30 10:00:00+00:00,9361.5
2020-11-30 11:00:00+00:00,9792.5
2020-11-30 12:00:00+00:00,8377.0
2020-11-30 13:00:00+00:00,5277.0
2020-11-30 14:00:00+00:00,1759.75
2020-11-30 15:00:00+00:00,92.0
2020-11-30 16:00:00+00:00,1.0
2020-11-30 17:00:00+00:00,1.0
2020-11-30 18:00:00+00:00,1.0
2020-11-30 19:00:00+00:00,1.0
2020-11-30 20:00:00+00:00,1.0
2020-11-30 21:00:00+00:00,1.0
2020-11-30 22:00:00+00:00,1.0
2020-11-30 23:00:00+00:00,1.0
2020-12-01 00:00:00+00:00,1.0
2020-12-01 01:00:00+00:00,1.0
2020-12-01 02:00:00+00:00,1.0
2020-12-01 03:00:00+00:00,1.0
2020-12-01 04:00:00+00:00,1.0
2020-12-01 05:00:00+00:00,1.0
2020-12-01 06:00:00+00:00,19.5
2020-12-01 07:00:00+00:00,190.5
2020-12-01 08:00:00+00:00,687.5
2020-12-01 09:00:00+00:00,1319.25
2020-12-01 10:00:00+00:00,1775.75
2020-12-01 11:00:00+00:00,2005.75
2020-12-01 12:00:00+00:00,1704.5
2020-12-01 13:00:00+00:00,971.0
2020-12-01 14:00:00+00:00,302.0
2020-12-01 15:00:00+00:00,10.5
2020-12-01 16:00:00+00:00,1.0
2020-12-01 17:00:00+00:00,1.0
2020-12-01 18:00:00+00:00,1.0
2020-12-01 19:00:00+00:00,1.0
2020-12-01 20:00:00+00:00,1.0
2020-12-01 21:00:00+00:00,1.0
2020-12-01 22:00:00+00:00,1.0
2020-12-01 23:00:00+00:00,1.0
2020-12-02 00:00:00+00:00,1.0
2020-12-02 01:00:00+00:00,1.0
2020-12-02 02:00:00+00:00,1.0
2020-12-02 03:00:00+00:00,1.0
2020-12-02 04:00:00+00:00,1.0
2020-12-02 05:00:00+00:00,1.0
2020-12-02 06:00:00+00:00,21.0
2020-12-02 07:00:00+00:00,485.75
2020-12-02 08:00:00+00:00,1583.25
2020-12-02 09:00:00+00:00,2844.25
2020-12-02 10:00:00+00:00,3873.25
2020-12-02 11:00:00+00:00,4048.25
2020-12-02 12:00:00+00:00,3268.25
2020-12-02 13:00:00+00:00,1847.25
2020-12-02 14:00:00+00:00,463.0
2020-12-02 15:00:00+00:00,11.5
2020-12-02 16:00:00+00:00,1.0
2020-12-02 17:00:00+00:00,1.0
2020-12-02 18:00:00+00:00,1.0
2020-12-02 19:00:00+00:00,1.0
2020-12-02 20:00:00+00:00,1.0
2020-12-02 21:00:00+00:00,1.0
2020-12-02 22:00:00+00:00,1.0
2020-12-02 23:00:00+00:00,1.0
2020-12-03 00:00:00+00:00,1.0
2020-12-03 01:00:00+00:00,1.0
2020-12-03 02:00:00+00:00,1.0
2020-12-03 03:00:00+00:00,1.0
2020-12-03 04:00:00+00:00,1.0
2020-12-03 05:00:00+00:00,1.0
2020-12-03 06:00:00+00:00,21.25
2020-12-03 07:00:00+00:00,195.5
2020-12-03 08:00:00+00:00,691.5
2020-12-03 09:00:00+00:00,1428.75
2020-12-03 10:00:00+00:00,2178.75
2020-12-03 11:00:00+00:00,2877.0
2020-12-03 12:00:00+00:00,3098.25
2020-12-03 13:00:00+00:00,2088.25
2020-12-03 14:00:00+00:00,699.0
2020-12-03 15:00:00+00:00,20.0
2020-12-03 16:00:00+00:00,1.0
2020-12-03 17:00:00+00:00,1.0
2020-12-03 18:00:00+00:00,1.0
2020-12-03 19:00:00+00:00,1.0
2020-12-03 20:00:00+00:00,1.0
2020-12-03 21:00:00+00:00,1.0
2020-12-03 22:00:00+00:00,1.0
2020-12-03 23:00:00+00:00,1.0
2020-12-04 00:00:00+00:00,1.0
2020-12-04 01:00:00+00:00,1.0
2020-12-04 02:00:00+00:00,1.0
2020-12-04 03:00:00+00:00,1.0
2020-12-04 04:00:00+00:00,1.0
2020-12-04 05:00:00+00:00,1.0
2020-12-04 06:00:00+00:00,11.75
2020-12-04 07:00:00+00:00,391.5
2020-12-04 08:00:00+00:00,1691.25
2020-12-04 09:00:00+00:00,2854.25
2020-12-04 10:00:00+00:00,3872.75
2020-12-04 11:00:00+00:00,4158.75
2020-12-04 12:00:00+00:00,4080.75
2020-12-04 13:00:00+00:00,2925.75
2020-12-04 14:00:00+00:00,882.0
2020-12-04 15:00:00+00:00,18.5
2020-12-04 16:00:00+00:00,1.0
2020-12-04 17:00:00+00:00,1.0
2020-12-04 18:00:00+00:00,1.0
2020-12-04 19:00:00+00:00,1.0
2020-12-04 20:00:00+00:00,1.0
2020-12-04 21:00:00+00:00,1.0
2020-12-04 22:00:00+00:00,1.0
2020-12-04 23:00:00+00:00,1.0
2020-12-05 00:00:00+00:00,1.0
2020-12-05 01:00:00+00:00,1.0
2020-12-05 02:00:00+00:00,1.0
2020-12-05 03:00:00+00:00,1.0
2020-12-05 04:00:00+00:00,1.0
2020-12-05 05:00:00+00:00,1.0
2020-12-05 06:00:00+00:00,10.75
2020-12-05 07:00:00+00:00,557.25
2020-12-05 08:00:00+00:00,2034.5
2020-12-05 09:00:00+00:00,3836.5
2020-12-05 10:00:00+00:00,5208.75
2020-12-05 11:00:00+00:00,5195.0
2020-12-05 12:00:00+00:00,3833.0
2020-12-05 13:00:00+00:00,2206.25
2020-12-05 14:00:00+00:00,679.75
2020-12-05 15:00:00+00:00,22.75
2020-12-05 16:00:00+00:00,1.0
2020-12-05 17:00:00+00:00,1.0
2020-12-05 18:00:00+00:00,1.0
2020-12-05 19:00:00+00:00,1.0
2020-12-05 20:00:00+00:00,1.0
2020-12-05 21:00:00+00:00,1.0
2020-12-05 22:00:00+00:00,1.0
2020-12-05 23:00:00+00:00,1.0
2020-12-06 00:00:00+00:00,1.0
2020-12-06 01:00:00+00:00,1.0
2020-12-06 02:00:00+00:00,1.0
2020-12-06 03:00:00+00:00,1.0
2020-12-06 04:00:00+00:00,1.0
2020-12-06 05:00:00+00:00,1.0
2020-12-06 06:00:00+00:00,9.75
2020-12-06 07:00:00+00:00,310.0
2020-12-06 08:00:00+00:00,1354.25
2020-12-06 09:00:00+00:00,2663.5
2020-12-06 10:00:00+00:00,3369.25
2020-12-06 11:00:00+00:00,3660.25
2020-12-06 12:00:00+00:00,2872.25
2020-12-06 13:00:00+00:00,1456.75
2020-12-06 14:00:00+00:00,313.75
2020-12-06 15:00:00+00:00,4.5
2020-12-06 16:00:00+00:00,1.0
2020-12-06 17:00:00+00:00,1.0
2020-12-06 18:00:00+00:00,1.0
2020-12-06 19:00:00+00:00,1.0
2020-12-06 20:00:00+00:00,1.0
2020-12-06 21:00:00+00:00,1.0
2020-12-06 22:00:00+00:00,1.0
2020-12-06 23:00:00+00:00,1.0
2020-12-07 00:00:00+00:00,1.0
2020-12-07 01:00:00+00:00,1.0
2020-12-07 02:00:00+00:00,1.0
2020-12-07 03:00:00+00:00,1.0
2020-12-07 04:00:00+00:00,1.0
2020-12-07 05:00:00+00:00,1.0
2020-12-07 06:00:00+00:00,11.0
2020-12-07 07:00:00+00:00,323.25
2020-12-07 08:00:00+00:00,1498.75
2020-12-07 09:00:00+00:00,2859.0
2020-12-07 10:00:00+00:00,3463.5
2020-12-07 11:00:00+00:00,3534.75
2020-12-07 12:00:00+00:00,2869.5
2020-12-07 13:00:00+00:00,1810.75
2020-12-07 14:00:00+00:00,598.5
2020-12-07 15:00:00+00:00,19.75
2020-12-07 16:00:00+00:00,1.0
2020-12-07 17:00:00+00:00,1.0
2020-12-07 18:00:00+00:00,1.0
2020-12-07 19:00:00+00:00,1.0
2020-12-07 20:00:00+00:00,1.0
2020-12-07 21:00:00+00:00,1.0
2020-12-07 22:00:00+00:00,1.0
2020-12-07 23:00:00+00:00,1.0
2020-12-08 00:00:00+00:00,1.0
2020-12-08 01:00:00+00:00,1.0
2020-12-08 02:00:00+00:00,1.0
2020-12-08 03:00:00+00:00,1.0
2020-12-08 04:00:00+00:00,1.0
2020-12-08 05:00:00+00:00,1.0
2020-12-08 06:00:00+00:00,7.5
2020-12-08 07:00:00+00:00,318.75
2020-12-08 08:00:00+00:00,2130.5
2020-12-08 09:00:00+00:00,4644.25
2020-12-08 10:00:00+00:00,6845.25
2020-12-08 11:00:00+00:00,7616.0
2020-12-08 12:00:00+00:00,6433.0
2020-12-08 13:00:00+00:00,3707.5
2020-12-08 14:00:00+00:00,952.0
2020-12-08 15:00:00+00:00,21.25
2020-12-08 16:00:00+00:00,1.0
2020-12-08 17:00:00+00:00,1.0
2020-12-08 18:00:00+00:00,1.0
2020-12-08 19:00:00+00:00,1.0
2020-12-08 20:00:00+00:00,1.0
2020-12-08 21:00:00+00:00,1.0
2020-12-08 22:00:00+00:00,1.0
2020-12-08 23:00:00+00:00,1.0
2020-12-09 00:00:00+00:00,1.0
2020-12-09 01:00:00+00:00,1.0
2020-12-09 02:00:00+00:00,1.0
2020-12-09 03:00:00+00:00,1.0
2020-12-09 04:00:00+00:00,1.0
2020-12-09 05:00:00+00:00,1.0
2020-12-09 06:00:00+00:00,11.5
2020-12-09 07:00:00+00:00,136.25
2020-12-09 08:00:00+00:00,639.25
2020-12-09 09:00:00+00:00,1268.25
2020-12-09 10:00:00+00:00,1619.25
2020-12-09 11:00:00+00:00,1737.5
2020-12-09 12:00:00+00:00,1507.75
2020-12-09 13:00:00+00:00,966.25
2020-12-09 14:00:00+00:00,299.5
2020-12-09 15:00:00+00:00,11.0
2020-12-09 16:00:00+00:00,1.0
2020-12-09 17:00:00+00:00,1.0
2020-12-09 18:00:00+00:00,1.0
2020-12-09 19:00:00+00:00,1.0
2020-12-09 20:00:00+00:00,1.0
2020-12-09 21:00:00+00:00,1.0
2020-12-09 22:00:00+00:00,1.0
2020-12-09 23:00:00+00:00,1.0
2020-12-10 00:00:00+00:00,1.0
2020-12-10 01:00:00+00:00,1.0
2020-12-10 02:00:00+00:00,1.0
2020-12-10 03:00:00+00:00,1.0
2020-12-10 04:00:00+00:00,1.0
2020-12-10 05:00:00+00:00,1.0
2020-12-10 06:00:00+00:00,10.5
2020-12-10 07:00:00+00:00,168.25
2020-12-10 08:00:00+00:00,612.5
2020-12-10 09:00:00+00:00,1375.5
2020-12-10 10:00:00+00:00,1845.5
2020-12-10 11:00:00+00:00,1801.5
2020-12-10 12:00:00+00:00,1353.0
2020-12-10 13:00:00+00:00,734.75
2020-12-10 14:00:00+00:00,215.75
2020-12-10 15:00:00+00:00,9.0
2020-12-10 16:00:00+00:00,1.0
2020-12-10 17:00:00+00:00,1.0
2020-12-10 18:00:00+00:00,1.0
2020-12-10 19:00:00+00:00,1.0
2020-12-10 20:00:00+00:00,1.0
2020-12-10 21:00:00+00:00,1.0
2020-12-10 22:00:00+00:00,1.0
2020-12-10 23:00:00+00:00,1.0
2020-12-11 00:00:00+00:00,1.0
2020-12-11 01:00:00+00:00,1.0
2020-12-11 02:00:00+00:00,1.0
2020-12-11 03:00:00+00:00,1.0
2020-12-11 04:00:00+00:00,1.0
2020-12-11 05:00:00+00:00,1.0
2020-12-11 06:00:00+00:00,9.75
2020-12-11 07:00:00+00:00,239.25
2020-12-11 08:00:00+00:00,1040.5
2020-12-11 09:00:00+00:00,2179.5
2020-12-11 10:00:00+00:00,2924.25
2020-12-11 11:00:00+00:00,3169.0
2020-12-11 12:00:00+00:00,2634.75
2020-12-11 13:00:00+00:00,1509.75
2020-12-11 14:00:00+00:00,403.75
2020-12-11 15:00:00+00:00,8.5
2020-12-11 16:00:00+00:00,1.0
2020-12-11 17:00:00+00:00,1.0
2020-12-11 18:00:00+00:00,1.0
2020-12-11 19:00:00+00:00,1.0
2020-12-11 20:00:00+00:00,1.0
2020-12-11 21:00:00+00:00,1.0
2020-12-11 22:00:00+00:00,1.0
2020-12-11 23:00:00+00:00,1.0
2020-12-12 00:00:00+00:00,1.0
2020-12-12 01:00:00+00:00,1.0
2020-12-12 02:00:00+00:00,1.0
2020-12-12 03:00:00+00:00,1.0
2020-12-12 04:00:00+00:00,1.0
2020-12-12 05:00:00+00:00,1.0
2020-12-12 06:00:00+00:00,6.25
2020-12-12 07:00:00+00:00,171.5
2020-12-12 08:00:00+00:00,954.25
2020-12-12 09:00:00+00:00,1973.5
2020-12-12 10:00:00+00:00,2765.0
2020-12-12 11:00:00+00:00,2924.75
2020-12-12 12:00:00+00:00,2318.75
2020-12-12 13:00:00+00:00,1296.25
2020-12-12 14:00:00+00:00,365.75
2020-12-12 15:00:00+00:00,9.0
2020-12-12 16:00:00+00:00,1.0
2020-12-12 17:00:00+00:00,0.75
2020-12-12 18:00:00+00:00,1.0
2020-12-12 19:00:00+00:00,1.0
2020-12-12 20:00:00+00:00,1.0
2020-12-12 21:00:00+00:00,1.0
2020-12-12 22:00:00+00:00,1.0
2020-12-12 23:00:00+00:00,1.0
2020-12-13 00:00:00+00:00,1.0
2020-12-13 01:00:00+00:00,1.0
2020-12-13 02:00:00+00:00,1.0
2020-12-13 03:00:00+00:00,1.0
2020-12-13 04:00:00+00:00,1.0
2020-12-13 05:00:00+00:00,1.0
2020-12-13 06:00:00+00:00,12.0
2020-12-13 07:00:00+00:00,156.5
2020-12-13 08:00:00+00:00,664.0
2020-12-13 09:00:00+00:00,1633.25
2020-12-13 10:00:00+00:00,2441.5
2020-12-13 11:00:00+00:00,2801.5
2020-12-13 12:00:00+00:00,2470.75
2020-12-13 13:00:00+00:00,1493.0
2020-12-13 14:00:00+00:00,474.25
2020-12-13 15:00:00+00:00,12.5
2020-12-13 16:00:00+00:00,1.0
2020-12-13 17:00:00+00:00,1.0
2020-12-13 18:00:00+00:00,1.0
2020-12-13 19:00:00+00:00,1.0
2020-12-13 20:00:00+00:00,1.0
2020-12-13 21:00:00+00:00,1.0
2020-12-13 22:00:00+00:00,1.0
2020-12-13 23:00:00+00:00,1.0
2020-12-14 00:00:00+00:00,1.0
2020-12-14 01:00:00+00:00,1.0
2020-12-14 02:00:00+00:00,1.0
2020-12-14 03:00:00+00:00,1.0
2020-12-14 04:00:00+00:00,1.0
2020-12-14 05:00:00+00:00,1.0
2020-12-14 06:00:00+00:00,5.75
2020-12-14 07:00:00+00:00,347.25
2020-12-14 08:00:00+00:00,2230.5
2020-12-14 09:00:00+00:00,4521.75
2020-12-14 10:00:00+00:00,6353.0
2020-12-14 11:00:00+00:00,7115.5
2020-12-14 12:00:00+00:00,6179.75
2020-12-14 13:00:00+00:00,3571.5
2020-12-14 14:00:00+00:00,994.0
2020-12-14 15:00:00+00:00,26.25
2020-12-14 16:00:00+00:00,1.0
2020-12-14 17:00:00+00:00,1.0
2020-12-14 18:00:00+00:00,1.0
2020-12-14 19:00:00+00:00,1.0
2020-12-14 20:00:00+00:00,1.0
2020-12-14 21:00:00+00:00,1.0
2020-12-14 22:00:00+00:00,1.0
2020-12-14 23:00:00+00:00,1.0
2020-12-15 00:00:00+00:00,1.0
2020-12-15 01:00:00+00:00,1.0
2020-12-15 02:00:00+00:00,1.0
2020-12-15 03:00:00+00:00,1.0
2020-12-15 04:00:00+00:00,1.0
2020-12-15 05:00:00+00:00,1.0
2020-12-15 06:00:00+00:00,7.0
2020-12-15 07:00:00+00:00,188.25
2020-12-15 08:00:00+00:00,1153.75
2020-12-15 09:00:00+00:00,2512.0
2020-12-15 10:00:00+00:00,3188.25
2020-12-15 11:00:00+00:00,3182.0
2020-12-15 12:00:00+00:00,2542.25
2020-12-15 13:00:00+00:00,1392.75
2020-12-15 14:00:00+00:00,417.0
2020-12-15 15:00:00+00:00,11.5
2020-12-15 16:00:00+00:00,1.0
2020-12-15 17:00:00+00:00,1.0
2020-12-15 18:00:00+00:00,1.0
2020-12-15 19:00:00+00:00,1.0
2020-12-15 20:00:00+00:00,1.0
2020-12-15 21:00:00+00:00,1.0
2020-12-15 22:00:00+00:00,1.0
2020-12-15 23:00:00+00:00,1.0
2020-12-16 00:00:00+00:00,1.0
2020-12-16 01:00:00+00:00,1.0
2020-12-16 02:00:00+00:00,1.0
2020-12-16 03:00:00+00:00,1.0
2020-12-16 04:00:00+00:00,1.0
2020-12-16 05:00:00+00:00,1.0
2020-12-16 06:00:00+00:00,4.0
2020-12-16 07:00:00+00:00,195.25
2020-12-16 08:00:00+00:00,1404.0
2020-12-16 09:00:00+00:00,3695.5
2020-12-16 10:00:00+00:00,6232.0
2020-12-16 11:00:00+00:00,7212.75
2020-12-16 12:00:00+00:00,6657.75
2020-12-16 13:00:00+00:00,4265.75
2020-12-16 14:00:00+00:00,1347.25
2020-12-16 15:00:00+00:00,30.5
2020-12-16 16:00:00+00:00,1.0
2020-12-16 17:00:00+00:00,1.0
2020-12-16 18:00:00+00:00,1.0
2020-12-16 19:00:00+00:00,1.0
2020-12-16 20:00:00+00:00,1.0
2020-12-16 21:00:00+00:00,1.0
2020-12-16 22:00:00+00:00,1.0
2020-12-16 23:00:00+00:00,1.0
2020-12-17 00:00:00+00:00,1.0
2020-12-17 01:00:00+00:00,1.0
2020-12-17 02:00:00+00:00,1.0
2020-12-17 03:00:00+00:00,1.0
2020-12-17 04:00:00+00:00,1.0
2020-12-17 05:00:00+00:00,1.0
2020-12-17 06:00:00+00:00,2.5
2020-12-17 07:00:00+00:00,258.75
2020-12-17 08:00:00+00:00,1663.5
2020-12-17 09:00:00+00:00,3256.25
2020-12-17 10:00:00+00:00,4889.0
2020-12-17 11:00:00+00:00,5487.75
2020-12-17 12:00:00+00:00,4836.0
2020-12-17 13:00:00+00:00,3028.0
2020-12-17 14:00:00+00:00,955.0
2020-12-17 15:00:00+00:00,33.0
2020-12-17 16:00:00+00:00,1.0
2020-12-17 17:00:00+00:00,1.0
2020-12-17 18:00:00+00:00,1.0
2020-12-17 19:00:00+00:00,1.0
2020-12-17 20:00:00+00:00,1.0
2020-12-17 21:00:00+00:00,1.0
2020-12-17 22:00:00+00:00,1.0
2020-12-17 23:00:00+00:00,1.0
2020-12-18 00:00:00+00:00,1.0
2020-12-18 01:00:00+00:00,1.0
2020-12-18 02:00:00+00:00,1.0
2020-12-18 03:00:00+00:00,1.0
2020-12-18 04:00:00+00:00,1.0
2020-12-18 05:00:00+00:00,1.0
2020-12-18 06:00:00+00:00,2.5
2020-12-18 07:00:00+00:00,427.5
2020-12-18 08:00:00+00:00,2926.0
2020-12-18 09:00:00+00:00,6196.25
2020-12-18 10:00:00+00:00,9258.75
2020-12-18 11:00:00+00:00,10255.0
2020-12-18 12:00:00+00:00,8826.5
2020-12-18 13:00:00+00:00,5444.75
2020-12-18 14:00:00+00:00,1653.75
2020-12-18 15:00:00+00:00,60.75
2020-12-18 16:00:00+00:00,1.0
2020-12-18 17:00:00+00:00,1.0
2020-12-18 18:00:00+00:00,1.0
2020-12-18 19:00:00+00:00,1.0
2020-12-18 20:00:00+00:00,1.0
2020-12-18 21:00:00+00:00,1.0
2020-12-18 22:00:00+00:00,1.0
2020-12-18 23:00:00+00:00,1.0
2020-12-19 00:00:00+00:00,1.0
2020-12-19 01:00:00+00:00,1.0
2020-12-19 02:00:00+00:00,1.0
2020-12-19 03:00:00+00:00,1.0
2020-12-19 04:00:00+00:00,1.0
2020-12-19 05:00:00+00:00,1.0
2020-12-19 06:00:00+00:00,2.5
2020-12-19 07:00:00+00:00,368.25
2020-12-19 08:00:00+00:00,2863.5
2020-12-19 09:00:00+00:00,6167.25
2020-12-19 10:00:00+00:00,8699.5
2020-12-19 11:00:00+00:00,9366.0
2020-12-19 12:00:00+00:00,7543.0
2020-12-19 13:00:00+00:00,4136.25
2020-12-19 14:00:00+00:00,1018.25
2020-12-19 15:00:00+00:00,18.25
2020-12-19 16:00:00+00:00,1.0
2020-12-19 17:00:00+00:00,1.0
2020-12-19 18:00:00+00:00,1.0
2020-12-19 19:00:00+00:00,1.0
2020-12-19 20:00:00+00:00,1.0
2020-12-19 21:00:00+00:00,1.0
2020-12-19 22:00:00+00:00,1.0
2020-12-19 23:00:00+00:00,1.0
2020-12-20 00:00:00+00:00,1.0
2020-12-20 01:00:00+00:00,1.0
2020-12-20 02:00:00+00:00,1.0
2020-12-20 03:00:00+00:00,1.0
2020-12-20 04:00:00+00:00,1.0
2020-12-20 05:00:00+00:00,1.0
2020-12-20 06:00:00+00:00,2.25
2020-12-20 07:00:00+00:00,273.5
2020-12-20 08:00:00+00:00,1685.5
2020-12-20 09:00:00+00:00,3483.75
2020-12-20 10:00:00+00:00,4750.0
2020-12-20 11:00:00+00:00,4781.25
2020-12-20 12:00:00+00:00,3759.75
2020-12-20 13:00:00+00:00,2162.75
2020-12-20 14:00:00+00:00,684.0
2020-12-20 15:00:00+00:00,27.75
2020-12-20 16:00:00+00:00,1.0
2020-12-20 17:00:00+00:00,1.0
2020-12-20 18:00:00+00:00,1.0
2020-12-20 19:00:00+00:00,1.0
2020-12-20 20:00:00+00:00,1.0
2020-12-20 21:00:00+00:00,1.0
2020-12-20 22:00:00+00:00,1.0
2020-12-20 23:00:00+00:00,1.0
2020-12-21 00:00:00+00:00,1.0
2020-12-21 01:00:00+00:00,1.0
2020-12-21 02:00:00+00:00,1.0
2020-12-21 03:00:00+00:00,1.0
2020-12-21 04:00:00+00:00,1.0
2020-12-21 05:00:00+00:00,1.0
2020-12-21 06:00:00+00:00,1.75
2020-12-21 07:00:00+00:00,323.75
2020-12-21 08:00:00+00:00,2054.5
2020-12-21 09:00:00+00:00,4069.75
2020-12-21 10:00:00+00:00,5481.5
2020-12-21 11:00:00+00:00,5665.75
2020-12-21 12:00:00+00:00,4401.5
2020-12-21 13:00:00+00:00,2419.5
2020-12-21 14:00:00+00:00,589.5
2020-12-21 15:00:00+00:00,8.0
2020-12-21 16:00:00+00:00,1.0
2020-12-21 17:00:00+00:00,1.0
2020-12-21 18:00:00+00:00,1.0
2020-12-21 19:00:00+00:00,1.0
2020-12-21 20:00:00+00:00,1.0
2020-12-21 21:00:00+00:00,1.0
2020-12-21 22:00:00+00:00,1.0
2020-12-21 23:00:00+00:00,1.0
2020-12-22 00:00:00+00:00,1.0
2020-12-22 01:00:00+00:00,1.0
2020-12-22 02:00:00+00:00,1.0
2020-12-22 03:00:00+00:00,1.0
2020-12-22 04:00:00+00:00,1.0
2020-12-22 05:00:00+00:00,1.0
2020-12-22 06:00:00+00:00,1.75
2020-12-22 07:00:00+00:00,169.25
2020-12-22 08:00:00+00:00,901.25
2020-12-22 09:00:00+00:00,1991.75
2020-12-22 10:00:00+00:00,3007.0
2020-12-22 11:00:00+00:00,3296.75
2020-12-22 12:00:00+00:00,2733.5
2020-12-22 13:00:00+00:00,1720.75
2020-12-22 14:00:00+00:00,531.25
2020-12-22 15:00:00+00:00,13.0
2020-12-22 16:00:00+00:00,1.0
2020-12-22 17:00:00+00:00,1.0
2020-12-22 18:00:00+00:00,1.0
2020-12-22 19:00:00+00:00,1.0
2020-12-22 20:00:00+00:00,1.0
2020-12-22 21:00:00+00:00,1.0
2020-12-22 22:00:00+00:00,1.0
2020-12-22 23:00:00+00:00,1.0
2020-12-23 00:00:00+00:00,1.0
2020-12-23 01:00:00+00:00,1.0
2020-12-23 02:00:00+00:00,1.0
2020-12-23 03:00:00+00:00,1.0
2020-12-23 04:00:00+00:00,1.0
2020-12-23 05:00:00+00:00,1.0
2020-12-23 06:00:00+00:00,1.5
2020-12-23 07:00:00+00:00,122.25
2020-12-23 08:00:00+00:00,729.5
2020-12-23 09:00:00+00:00,1802.25
2020-12-23 10:00:00+00:00,2534.5
2020-12-23 11:00:00+00:00,2600.5
2020-12-23 12:00:00+00:00,2078.0
2020-12-23 13:00:00+00:00,1102.25
2020-12-23 14:00:00+00:00,287.0
2020-12-23 15:00:00+00:00,6.75
2020-12-23 16:00:00+00:00,1.0
2020-12-23 17:00:00+00:00,1.0
2020-12-23 18:00:00+00:00,1.0
2020-12-23 19:00:00+00:00,1.0
2020-12-23 20:00:00+00:00,1.0
2020-12-23 21:00:00+00:00,1.0
2020-12-23 22:00:00+00:00,1.0
2020-12-23 23:00:00+00:00,1.0
2020-12-24 00:00:00+00:00,1.0
2020-12-24 01:00:00+00:00,1.0
2020-12-24 02:00:00+00:00,1.0
2020-12-24 03:00:00+00:00,1.0
2020-12-24 04:00:00+00:00,1.0
2020-12-24 05:00:00+00:00,1.0
2020-12-24 06:00:00+00:00,1.5
2020-12-24 07:00:00+00:00,190.0
2020-12-24 08:00:00+00:00,1313.0
2020-12-24 09:00:00+00:00,2989.75
2020-12-24 10:00:00+00:00,4031.75
2020-12-24 11:00:00+00:00,3853.25
2020-12-24 12:00:00+00:00,2810.75
2020-12-24 13:00:00+00:00,1578.5
2020-12-24 14:00:00+00:00,455.25
2020-12-24 15:00:00+00:00,13.25
2020-12-24 16:00:00+00:00,1.0
2020-12-24 17:00:00+00:00,1.0
2020-12-24 18:00:00+00:00,1.0
2020-12-24 19:00:00+00:00,1.0
2020-12-24 20:00:00+00:00,1.0
2020-12-24 21:00:00+00:00,1.0
2020-12-24 22:00:00+00:00,1.0
2020-12-24 23:00:00+00:00,1.0
2020-12-25 00:00:00+00:00,1.0
2020-12-25 01:00:00+00:00,1.0
2020-12-25 02:00:00+00:00,1.0
2020-12-25 03:00:00+00:00,1.0
2020-12-25 04:00:00+00:00,1.0
2020-12-25 05:00:00+00:00,1.0
2020-12-25 06:00:00+00:00,1.5
2020-12-25 07:00:00+00:00,119.25
2020-12-25 08:00:00+00:00,1155.5
2020-12-25 09:00:00+00:00,3006.0
2020-12-25 10:00:00+00:00,4637.25
2020-12-25 11:00:00+00:00,5346.25
2020-12-25 12:00:00+00:00,4705.5
2020-12-25 13:00:00+00:00,3039.25
2020-12-25 14:00:00+00:00,1065.25
2020-12-25 15:00:00+00:00,42.75
2020-12-25 16:00:00+00:00,1.0
2020-12-25 17:00:00+00:00,1.0
2020-12-25 18:00:00+00:00,1.0
2020-12-25 19:00:00+00:00,1.0
2020-12-25 20:00:00+00:00,1.0
2020-12-25 21:00:00+00:00,1.0
2020-12-25 22:00:00+00:00,1.0
2020-12-25 23:00:00+00:00,1.0
2020-12-26 00:00:00+00:00,1.0
2020-12-26 01:00:00+00:00,1.0
2020-12-26 02:00:00+00:00,1.0
2020-12-26 03:00:00+00:00,1.0
2020-12-26 04:00:00+00:00,1.0
2020-12-26 05:00:00+00:00,1.0
2020-12-26 06:00:00+00:00,1.25
2020-12-26 07:00:00+00:00,282.25
2020-12-26 08:00:00+00:00,2200.75
2020-12-26 09:00:00+00:00,4479.0
2020-12-26 10:00:00+00:00,6148.25
2020-12-26 11:00:00+00:00,6254.5
2020-12-26 12:00:00+00:00,5101.5
2020-12-26 13:00:00+00:00,3229.25
2020-12-26 14:00:00+00:00,1109.5
2020-12-26 15:00:00+00:00,50.5
2020-12-26 16:00:00+00:00,1.0
2020-12-26 17:00:00+00:00,1.0
2020-12-26 18:00:00+00:00,1.0
2020-12-26 19:00:00+00:00,1.0
2020-12-26 20:00:00+00:00,1.0
2020-12-26 21:00:00+00:00,1.0
2020-12-26 22:00:00+00:00,1.0
2020-12-26 23:00:00+00:00,1.0
2020-12-27 00:00:00+00:00,1.0
2020-12-27 01:00:00+00:00,1.0
2020-12-27 02:00:00+00:00,1.0
2020-12-27 03:00:00+00:00,1.0
2020-12-27 04:00:00+00:00,1.0
2020-12-27 05:00:00+00:00,1.0
2020-12-27 06:00:00+00:00,1.25
2020-12-27 07:00:00+00:00,441.5
2020-12-27 08:00:00+00:00,2311.75
2020-12-27 09:00:00+00:00,4153.75
2020-12-27 10:00:00+00:00,4964.75
2020-12-27 11:00:00+00:00,4696.25
2020-12-27 12:00:00+00:00,3695.25
2020-12-27 13:00:00+00:00,2077.5
2020-12-27 14:00:00+00:00,598.75
2020-12-27 15:00:00+00:00,16.25
2020-12-27 16:00:00+00:00,1.0
2020-12-27 17:00:00+00:00,1.0
2020-12-27 18:00:00+00:00,1.0
2020-12-27 19:00:00+00:00,1.0
2020-12-27 20:00:00+00:00,1.0
2020-12-27 21:00:00+00:00,1.0
2020-12-27 22:00:00+00:00,1.0
2020-12-27 23:00:00+00:00,1.0
2020-12-28 00:00:00+00:00,1.0
2020-12-28 01:00:00+00:00,1.0
2020-12-28 02:00:00+00:00,1.0
2020-12-28 03:00:00+00:00,1.0
2020-12-28 04:00:00+00:00,1.0
2020-12-28 05:00:00+00:00,1.0
2020-12-28 06:00:00+00:00,1.25
2020-12-28 07:00:00+00:00,147.25
2020-12-28 08:00:00+00:00,1229.25
2020-12-28 09:00:00+00:00,2523.0
2020-12-28 10:00:00+00:00,3518.5
2020-12-28 11:00:00+00:00,3916.25
2020-12-28 12:00:00+00:00,3467.25
2020-12-28 13:00:00+00:00,2133.5
2020-12-28 14:00:00+00:00,658.0
2020-12-28 15:00:00+00:00,37.25
2020-12-28 16:00:00+00:00,1.0
2020-12-28 17:00:00+00:00,1.0
2020-12-28 18:00:00+00:00,1.0
2020-12-28 19:00:00+00:00,1.0
2020-12-28 20:00:00+00:00,1.0
2020-12-28 21:00:00+00:00,1.0
2020-12-28 22:00:00+00:00,1.0
2020-12-28 23:00:00+00:00,1.0
2020-12-29 00:00:00+00:00,1.0
2020-12-29 01:00:00+00:00,1.0
2020-12-29 02:00:00+00:00,1.0
2020-12-29 03:00:00+00:00,1.0
2020-12-29 04:00:00+00:00,1.0
2020-12-29 05:00:00+00:00,1.0
2020-12-29 06:00:00+00:00,1.25
2020-12-29 07:00:00+00:00,250.0
2020-12-29 08:00:00+00:00,1511.5
2020-12-29 09:00:00+00:00,3182.0
2020-12-29 10:00:00+00:00,4946.5
2020-12-29 11:00:00+00:00,5196.5
2020-12-29 12:00:00+00:00,4308.75
2020-12-29 13:00:00+00:00,2932.0
2020-12-29 14:00:00+00:00,1159.25
2020-12-29 15:00:00+00:00,58.0
2020-12-29 16:00:00+00:00,1.0
2020-12-29 17:00:00+00:00,1.0
2020-12-29 18:00:00+00:00,1.0
2020-12-29 19:00:00+00:00,1.0
2020-12-29 20:00:00+00:00,1.0
2020-12-29 21:00:00+00:00,1.0
2020-12-29 22:00:00+00:00,1.0
2020-12-29 23:00:00+00:00,1.0
2020-12-30 00:00:00+00:00,1.0
2020-12-30 01:00:00+00:00,1.0
2020-12-30 02:00:00+00:00,1.0
2020-12-30 03:00:00+00:00,1.0
2020-12-30 04:00:00+00:00,1.0
2020-12-30 05:00:00+00:00,1.0
2020-12-30 06:00:00+00:00,1.25
2020-12-30 07:00:00+00:00,325.0
2020-12-30 08:00:00+00:00,2561.0
2020-12-30 09:00:00+00:00,5246.25
2020-12-30 10:00:00+00:00,7423.5
2020-12-30 11:00:00+00:00,7708.0
2020-12-30 12:00:00+00:00,6254.5
2020-12-30 13:00:00+00:00,3644.5
2020-12-30 14:00:00+00:00,1173.5
2020-12-30 15:00:00+00:00,54.25
2020-12-30 16:00:00+00:00,1.0
2020-12-30 17:00:00+00:00,1.0
2020-12-30 18:00:00+00:00,1.0
2020-12-30 19:00:00+00:00,1.0
2020-12-30 20:00:00+00:00,1.0
2020-12-30 21:00:00+00:00,1.0
2020-12-30 22:00:00+00:00,1.0
2020-12-30 23:00:00+00:00,1.0
2020-12-31 00:00:00+00:00,1.0
2020-12-31 01:00:00+00:00,1.0
2020-12-31 02:00:00+00:00,1.0
2020-12-31 03:00:00+00:00,1.0
2020-12-31 04:00:00+00:00,1.0
2020-12-31 05:00:00+00:00,1.0
2020-12-31 06:00:00+00:00,1.25
2020-12-31 07:00:00+00:00,428.75
2020-12-31 08:00:00+00:00,2884.25
2020-12-31 09:00:00+00:00,5786.25
2020-12-31 10:00:00+00:00,7775.5
2020-12-31 11:00:00+00:00,8280.5
2020-12-31 12:00:00+00:00,7052.0
2020-12-31 13:00:00+00:00,4232.75
2020-12-31 14:00:00+00:00,1349.0
2020-12-31 15:00:00+00:00,51.0
2020-12-31 16:00:00+00:00,1.0
2020-12-31 17:00:00+00:00,1.0
2020-12-31 18:00:00+00:00,1.0
2020-12-31 19:00:00+00:00,1.0
2020-12-31 20:00:00+00:00,1.0
2020-12-31 21:00:00+00:00,1.0
2020-12-31 22:00:00+00:00,1.0
2020-12-31 23:00:00+00:00,1.0
2021-01-01 00:00:00+00:00,1.0
2021-01-01 01:00:00+00:00,1.0
2021-01-01 02:00:00+00:00,1.0
2021-01-01 03:00:00+00:00,1.0
2021-01-01 04:00:00+00:00,1.0
2021-01-01 05:00:00+00:00,1.0
2021-01-01 06:00:00+00:00,1.25
2021-01-01 07:00:00+00:00,191.75
2021-01-01 08:00:00+00:00,1334.75
2021-01-01 09:00:00+00:00,2937.0
2021-01-01 10:00:00+00:00,4210.25
2021-01-01 11:00:00+00:00,4754.5
2021-01-01 12:00:00+00:00,4144.75
2021-01-01 13:00:00+00:00,2652.5
2021-01-01 14:00:00+00:00,908.75
2021-01-01 15:00:00+00:00,42.5
2021-01-01 16:00:00+00:00,1.0
2021-01-01 17:00:00+00:00,1.0
2021-01-01 18:00:00+00:00,1.0
2021-01-01 19:00:00+00:00,1.0
2021-01-01 20:00:00+00:00,1.0
2021-01-01 21:00:00+00:00,1.0
2021-01-01 22:00:00+00:00,1.0
2021-01-01 23:00:00+00:00,1.0
2021-01-02 00:00:00+00:00,1.0
2021-01-02 01:00:00+00:00,1.0
2021-01-02 02:00:00+00:00,1.0
2021-01-02 03:00:00+00:00,1.0
2021-01-02 04:00:00+00:00,1.0
2021-01-02 05:00:00+00:00,1.0
2021-01-02 06:00:00+00:00,1.0
2021-01-02 07:00:00+00:00,155.5
2021-01-02 08:00:00+00:00,983.0
2021-01-02 09:00:00+00:00,2170.25
2021-01-02 10:00:00+00:00,3263.0
2021-01-02 11:00:00+00:00,3647.75
2021-01-02 12:00:00+00:00,3009.75
2021-01-02 13:00:00+00:00,1747.25
2021-01-02 14:00:00+00:00,574.75
2021-01-02 15:00:00+00:00,23.0
2021-01-02 16:00:00+00:00,1.0
2021-01-02 17:00:00+00:00,1.0
2021-01-02 18:00:00+00:00,1.0
2021-01-02 19:00:00+00:00,1.0
2021-01-02 20:00:00+00:00,1.0
2021-01-02 21:00:00+00:00,1.0
2021-01-02 22:00:00+00:00,1.0
2021-01-02 23:00:00+00:00,1.0
2021-01-03 00:00:00+00:00,1.0
2021-01-03 01:00:00+00:00,1.0
2021-01-03 02:00:00+00:00,1.0
2021-01-03 03:00:00+00:00,1.0
2021-01-03 04:00:00+00:00,1.0
2021-01-03 05:00:00+00:00,1.0
2021-01-03 06:00:00+00:00,1.25
2021-01-03 07:00:00+00:00,85.0
2021-01-03 08:00:00+00:00,302.0
2021-01-03 09:00:00+00:00,861.5
2021-01-03 10:00:00+00:00,1351.75
2021-01-03 11:00:00+00:00,1494.75
2021-01-03 12:00:00+00:00,1279.75
2021-01-03 13:00:00+00:00,802.0
2021-01-03 14:00:00+00:00,307.5
2021-01-03 15:00:00+00:00,18.25
2021-01-03 16:00:00+00:00,1.0
2021-01-03 17:00:00+00:00,1.0
2021-01-03 18:00:00+00:00,1.0
2021-01-03 19:00:00+00:00,1.0
2021-01-03 20:00:00+00:00,1.0
2021-01-03 21:00:00+00:00,1.0
2021-01-03 22:00:00+00:00,1.0
2021-01-03 23:00:00+00:00,1.0
2021-01-04 00:00:00+00:00,1.0
2021-01-04 01:00:00+00:00,1.0
2021-01-04 02:00:00+00:00,1.0
2021-01-04 03:00:00+00:00,1.0
2021-01-04 04:00:00+00:00,1.0
2021-01-04 05:00:00+00:00,1.0
2021-01-04 06:00:00+00:00,1.25
2021-01-04 07:00:00+00:00,99.75
2021-01-04 08:00:00+00:00,278.5
2021-01-04 09:00:00+00:00,716.0
2021-01-04 10:00:00+00:00,1049.0
2021-01-04 11:00:00+00:00,1156.5
2021-01-04 12:00:00+00:00,1007.5
2021-01-04 13:00:00+00:00,662.5
2021-01-04 14:00:00+00:00,214.5
2021-01-04 15:00:00+00:00,8.5
2021-01-04 16:00:00+00:00,1.0
2021-01-04 17:00:00+00:00,1.0
2021-01-04 18:00:00+00:00,1.0
2021-01-04 19:00:00+00:00,1.0
2021-01-04 20:00:00+00:00,1.0
2021-01-04 21:00:00+00:00,1.0
2021-01-04 22:00:00+00:00,1.0
2021-01-04 23:00:00+00:00,1.0
2021-01-05 00:00:00+00:00,1.0
2021-01-05 01:00:00+00:00,1.0
2021-01-05 02:00:00+00:00,1.0
2021-01-05 03:00:00+00:00,1.0
2021-01-05 04:00:00+00:00,1.0
2021-01-05 05:00:00+00:00,1.0
2021-01-05 06:00:00+00:00,1.5
2021-01-05 07:00:00+00:00,99.0
2021-01-05 08:00:00+00:00,347.75
2021-01-05 09:00:00+00:00,796.5
2021-01-05 10:00:00+00:00,1181.0
2021-01-05 11:00:00+00:00,1299.5
2021-01-05 12:00:00+00:00,1128.25
2021-01-05 13:00:00+00:00,707.0
2021-01-05 14:00:00+00:00,249.25
2021-01-05 15:00:00+00:00,11.75
2021-01-05 16:00:00+00:00,1.25
2021-01-05 17:00:00+00:00,1.0
2021-01-05 18:00:00+00:00,1.0
2021-01-05 19:00:00+00:00,1.0
2021-01-05 20:00:00+00:00,1.0
2021-01-05 21:00:00+00:00,1.0
2021-01-05 22:00:00+00:00,1.0
2021-01-05 23:00:00+00:00,1.0
2021-01-06 00:00:00+00:00,1.0
2021-01-06 01:00:00+00:00,1.0
2021-01-06 02:00:00+00:00,1.0
2021-01-06 03:00:00+00:00,1.0
2021-01-06 04:00:00+00:00,1.0
2021-01-06 05:00:00+00:00,1.0
2021-01-06 06:00:00+00:00,1.75
2021-01-06 07:00:00+00:00,98.75
2021-01-06 08:00:00+00:00,358.0
2021-01-06 09:00:00+00:00,900.75
2021-01-06 10:00:00+00:00,1348.0
2021-01-06 11:00:00+00:00,1511.25
2021-01-06 12:00:00+00:00,1350.5
2021-01-06 13:00:00+00:00,918.25
2021-01-06 14:00:00+00:00,353.5
2021-01-06 15:00:00+00:00,23.0
2021-01-06 16:00:00+00:00,1.0
2021-01-06 17:00:00+00:00,1.0
2021-01-06 18:00:00+00:00,1.0
2021-01-06 19:00:00+00:00,1.0
2021-01-06 20:00:00+00:00,1.0
2021-01-06 21:00:00+00:00,1.0
2021-01-06 22:00:00+00:00,1.0
2021-01-06 23:00:00+00:00,1.0
2021-01-07 00:00:00+00:00,1.0
2021-01-07 01:00:00+00:00,1.0
2021-01-07 02:00:00+00:00,1.0
2021-01-07 03:00:00+00:00,1.0
2021-01-07 04:00:00+00:00,1.0
2021-01-07 05:00:00+00:00,1.0
2021-01-07 06:00:00+00:00,1.5
2021-01-07 07:00:00+00:00,111.25
2021-01-07 08:00:00+00:00,327.0
2021-01-07 09:00:00+00:00,901.0
2021-01-07 10:00:00+00:00,1510.0
2021-01-07 11:00:00+00:00,1776.75
2021-01-07 12:00:00+00:00,1596.0
2021-01-07 13:00:00+00:00,1099.75
2021-01-07 14:00:00+00:00,447.75
2021-01-07 15:00:00+00:00,34.75
2021-01-07 16:00:00+00:00,1.0
2021-01-07 17:00:00+00:00,1.0
2021-01-07 18:00:00+00:00,1.0
2021-01-07 19:00:00+00:00,1.0
2021-01-07 20:00:00+00:00,1.0
2021-01-07 21:00:00+00:00,1.0
2021-01-07 22:00:00+00:00,1.0
2021-01-07 23:00:00+00:00,1.0
2021-01-08 00:00:00+00:00,1.0
2021-01-08 01:00:00+00:00,1.0
2021-01-08 02:00:00+00:00,1.0
2021-01-08 03:00:00+00:00,1.0
2021-01-08 04:00:00+00:00,1.0
2021-01-08 05:00:00+00:00,1.0
2021-01-08 06:00:00+00:00,1.5
2021-01-08 07:00:00+00:00,91.5
2021-01-08 08:00:00+00:00,450.0
2021-01-08 09:00:00+00:00,1154.5
2021-01-08 10:00:00+00:00,1729.75
2021-01-08 11:00:00+00:00,1921.5
2021-01-08 12:00:00+00:00,1732.25
2021-01-08 13:00:00+00:00,1200.25
2021-01-08 14:00:00+00:00,511.5
2021-01-08 15:00:00+00:00,48.5
2021-01-08 16:00:00+00:00,1.0
2021-01-08 17:00:00+00:00,1.0
2021-01-08 18:00:00+00:00,1.0
2021-01-08 19:00:00+00:00,1.0
2021-01-08 20:00:00+00:00,1.0
2021-01-08 21:00:00+00:00,1.0
2021-01-08 22:00:00+00:00,1.0
2021-01-08 23:00:00+00:00,1.0
2021-01-09 00:00:00+00:00,1.0
2021-01-09 01:00:00+00:00,1.0
2021-01-09 02:00:00+00:00,1.0
2021-01-09 03:00:00+00:00,1.0
2021-01-09 04:00:00+00:00,1.0
2021-01-09 05:00:00+00:00,1.0
2021-01-09 06:00:00+00:00,1.5
2021-01-09 07:00:00+00:00,117.5
2021-01-09 08:00:00+00:00,682.5
2021-01-09 09:00:00+00:00,1855.0
2021-01-09 10:00:00+00:00,2963.0
2021-01-09 11:00:00+00:00,3353.25
2021-01-09 12:00:00+00:00,3005.5
2021-01-09 13:00:00+00:00,2108.25
2021-01-09 14:00:00+00:00,894.0
2021-01-09 15:00:00+00:00,85.75
2021-01-09 16:00:00+00:00,1.0
2021-01-09 17:00:00+00:00,1.0
2021-01-09 18:00:00+00:00,1.0
2021-01-09 19:00:00+00:00,1.0
2021-01-09 20:00:00+00:00,1.0
2021-01-09 21:00:00+00:00,1.0
2021-01-09 22:00:00+00:00,1.0
2021-01-09 23:00:00+00:00,1.0
2021-01-10 00:00:00+00:00,1.0
2021-01-10 01:00:00+00:00,1.0
2021-01-10 02:00:00+00:00,1.0
2021-01-10 03:00:00+00:00,1.0
2021-01-10 04:00:00+00:00,1.0
2021-01-10 05:00:00+00:00,1.0
2021-01-10 06:00:00+00:00,1.75
2021-01-10 07:00:00+00:00,149.0
2021-01-10 08:00:00+00:00,1202.5
2021-01-10 09:00:00+00:00,2998.75
2021-01-10 10:00:00+00:00,4767.75
2021-01-10 11:00:00+00:00,6045.5
2021-01-10 12:00:00+00:00,6209.5
2021-01-10 13:00:00+00:00,4634.5
2021-01-10 14:00:00+00:00,2083.75
2021-01-10 15:00:00+00:00,218.5
2021-01-10 16:00:00+00:00,1.25
2021-01-10 17:00:00+00:00,1.0
2021-01-10 18:00:00+00:00,1.0
2021-01-10 19:00:00+00:00,1.0
2021-01-10 20:00:00+00:00,1.0
2021-01-10 21:00:00+00:00,1.0
2021-01-10 22:00:00+00:00,1.0
2021-01-10 23:00:00+00:00,1.0
2021-01-11 00:00:00+00:00,1.0
2021-01-11 01:00:00+00:00,1.0
2021-01-11 02:00:00+00:00,1.0
2021-01-11 03:00:00+00:00,1.0
2021-01-11 04:00:00+00:00,1.0
2021-01-11 05:00:00+00:00,1.0
2021-01-11 06:00:00+00:00,1.75
2021-01-11 07:00:00+00:00,186.0
2021-01-11 08:00:00+00:00,1388.5
2021-01-11 09:00:00+00:00,3066.25
2021-01-11 10:00:00+00:00,4177.75
2021-01-11 11:00:00+00:00,4296.5
2021-01-11 12:00:00+00:00,3982.25
2021-01-11 13:00:00+00:00,2970.5
2021-01-11 14:00:00+00:00,1231.0
2021-01-11 15:00:00+00:00,154.75
2021-01-11 16:00:00+00:00,1.0
2021-01-11 17:00:00+00:00,1.0
2021-01-11 18:00:00+00:00,1.0
2021-01-11 19:00:00+00:00,1.0
2021-01-11 20:00:00+00:00,1.0
2021-01-11 21:00:00+00:00,1.0
2021-01-11 22:00:00+00:00,1.0
2021-01-11 23:00:00+00:00,1.0
2021-01-12 00:00:00+00:00,1.0
2021-01-12 01:00:00+00:00,1.0
2021-01-12 02:00:00+00:00,1.0
2021-01-12 03:00:00+00:00,1.0
2021-01-12 04:00:00+00:00,1.0
2021-01-12 05:00:00+00:00,1.0
2021-01-12 06:00:00+00:00,1.75
2021-01-12 07:00:00+00:00,104.25
2021-01-12 08:00:00+00:00,441.25
2021-01-12 09:00:00+00:00,1156.0
2021-01-12 10:00:00+00:00,1929.5
2021-01-12 11:00:00+00:00,2449.0
2021-01-12 12:00:00+00:00,2472.25
2021-01-12 13:00:00+00:00,1835.25
2021-01-12 14:00:00+00:00,840.75
2021-01-12 15:00:00+00:00,76.75
2021-01-12 16:00:00+00:00,1.0
2021-01-12 17:00:00+00:00,1.0
2021-01-12 18:00:00+00:00,1.0
2021-01-12 19:00:00+00:00,1.0
2021-01-12 20:00:00+00:00,1.0
2021-01-12 21:00:00+00:00,1.0
2021-01-12 22:00:00+00:00,1.0
2021-01-12 23:00:00+00:00,1.0
2021-01-13 00:00:00+00:00,1.0
2021-01-13 01:00:00+00:00,1.0
2021-01-13 02:00:00+00:00,1.0
2021-01-13 03:00:00+00:00,1.0
2021-01-13 04:00:00+00:00,1.0
2021-01-13 05:00:00+00:00,1.0
2021-01-13 06:00:00+00:00,2.25
2021-01-13 07:00:00+00:00,175.75
2021-01-13 08:00:00+00:00,1380.5
2021-01-13 09:00:00+00:00,3021.0
2021-01-13 10:00:00+00:00,4301.75
2021-01-13 11:00:00+00:00,4843.25
2021-01-13 12:00:00+00:00,4490.75
2021-01-13 13:00:00+00:00,3168.25
2021-01-13 14:00:00+00:00,1285.75
2021-01-13 15:00:00+00:00,119.5
2021-01-13 16:00:00+00:00,1.0
2021-01-13 17:00:00+00:00,1.0
2021-01-13 18:00:00+00:00,1.0
2021-01-13 19:00:00+00:00,1.0
2021-01-13 20:00:00+00:00,1.0
2021-01-13 21:00:00+00:00,1.0
2021-01-13 22:00:00+00:00,1.0
2021-01-13 23:00:00+00:00,1.0
2021-01-14 00:00:00+00:00,1.0
2021-01-14 01:00:00+00:00,1.0
2021-01-14 02:00:00+00:00,1.0
2021-01-14 03:00:00+00:00,1.0
2021-01-14 04:00:00+00:00,1.0
2021-01-14 05:00:00+00:00,1.0
2021-01-14 06:00:00+00:00,2.75
2021-01-14 07:00:00+00:00,106.25
2021-01-14 08:00:00+00:00,676.75
2021-01-14 09:00:00+00:00,1525.0
2021-01-14 10:00:00+00:00,2235.5
2021-01-14 11:00:00+00:00,2575.5
2021-01-14 12:00:00+00:00,2385.25
2021-01-14 13:00:00+00:00,1638.0
2021-01-14 14:00:00+00:00,692.75
2021-01-14 15:00:00+00:00,66.75
2021-01-14 16:00:00+00:00,1.0
2021-01-14 17:00:00+00:00,1.0
2021-01-14 18:00:00+00:00,1.0
2021-01-14 19:00:00+00:00,1.0
2021-01-14 20:00:00+00:00,1.0
2021-01-14 21:00:00+00:00,1.0
2021-01-14 22:00:00+00:00,1.0
2021-01-14 23:00:00+00:00,1.0
2021-01-15 00:00:00+00:00,1.0
2021-01-15 01:00:00+00:00,1.0
2021-01-15 02:00:00+00:00,1.0
2021-01-15 03:00:00+00:00,1.0
2021-01-15 04:00:00+00:00,1.0
2021-01-15 05:00:00+00:00,1.0
2021-01-15 06:00:00+00:00,2.75
2021-01-15 07:00:00+00:00,206.5
2021-01-15 08:00:00+00:00,1270.0
2021-01-15 09:00:00+00:00,2777.5
2021-01-15 10:00:00+00:00,4082.5
2021-01-15 11:00:00+00:00,4582.5
2021-01-15 12:00:00+00:00,4173.25
2021-01-15 13:00:00+00:00,2948.25
2021-01-15 14:00:00+00:00,1303.25
2021-01-15 15:00:00+00:00,178.0
2021-01-15 16:00:00+00:00,1.0
2021-01-15 17:00:00+00:00,1.0
2021-01-15 18:00:00+00:00,1.0
2021-01-15 19:00:00+00:00,1.0
2021-01-15 20:00:00+00:00,1.0
2021-01-15 21:00:00+00:00,1.0
2021-01-15 22:00:00+00:00,1.0
2021-01-15 23:00:00+00:00,1.0
2021-01-16 00:00:00+00:00,1.0
2021-01-16 01:00:00+00:00,1.0
2021-01-16 02:00:00+00:00,1.0
2021-01-16 03:00:00+00:00,1.0
2021-01-16 04:00:00+00:00,1.0
2021-01-16 05:00:00+00:00,1.0
2021-01-16 06:00:00+00:00,3.0
2021-01-16 07:00:00+00:00,99.75
2021-01-16 08:00:00+00:00,668.0
2021-01-16 09:00:00+00:00,1727.75
2021-01-16 10:00:00+00:00,2605.75
2021-01-16 11:00:00+00:00,3160.5
2021-01-16 12:00:00+00:00,2961.5
2021-01-16 13:00:00+00:00,2074.5
2021-01-16 14:00:00+00:00,904.75
2021-01-16 15:00:00+00:00,99.75
2021-01-16 16:00:00+00:00,1.0
2021-01-16 17:00:00+00:00,1.0
2021-01-16 18:00:00+00:00,1.0
2021-01-16 19:00:00+00:00,1.0
2021-01-16 20:00:00+00:00,1.0
2021-01-16 21:00:00+00:00,1.0
2021-01-16 22:00:00+00:00,1.0
2021-01-16 23:00:00+00:00,1.0
2021-01-17 00:00:00+00:00,1.0
2021-01-17 01:00:00+00:00,1.0
2021-01-17 02:00:00+00:00,1.0
2021-01-17 03:00:00+00:00,1.0
2021-01-17 04:00:00+00:00,1.0
2021-01-17 05:00:00+00:00,1.0
2021-01-17 06:00:00+00:00,3.25
2021-01-17 07:00:00+00:00,153.0
2021-01-17 08:00:00+00:00,888.75
2021-01-17 09:00:00+00:00,1731.75
2021-01-17 10:00:00+00:00,2578.0
2021-01-17 11:00:00+00:00,3111.25
2021-01-17 12:00:00+00:00,2939.25
2021-01-17 13:00:00+00:00,2015.0
2021-01-17 14:00:00+00:00,841.0
2021-01-17 15:00:00+00:00,70.5
2021-01-17 16:00:00+00:00,1.0
2021-01-17 17:00:00+00:00,1.0
2021-01-17 18:00:00+00:00,1.0
2021-01-17 19:00:00+00:00,1.0
2021-01-17 20:00:00+00:00,1.0
2021-01-17 21:00:00+00:00,1.0
2021-01-17 22:00:00+00:00,1.0
2021-01-17 23:00:00+00:00,1.0
2021-01-18 00:00:00+00:00,1.0
2021-01-18 01:00:00+00:00,1.0
2021-01-18 02:00:00+00:00,1.0
2021-01-18 03:00:00+00:00,1.0
2021-01-18 04:00:00+00:00,1.0
2021-01-18 05:00:00+00:00,1.0
2021-01-18 06:00:00+00:00,4.75
2021-01-18 07:00:00+00:00,110.75
2021-01-18 08:00:00+00:00,549.75
2021-01-18 09:00:00+00:00,1304.75
2021-01-18 10:00:00+00:00,2064.0
2021-01-18 11:00:00+00:00,2467.75
2021-01-18 12:00:00+00:00,2250.0
2021-01-18 13:00:00+00:00,1626.5
2021-01-18 14:00:00+00:00,755.0
2021-01-18 15:00:00+00:00,110.0
2021-01-18 16:00:00+00:00,1.0
2021-01-18 17:00:00+00:00,1.0
2021-01-18 18:00:00+00:00,1.0
2021-01-18 19:00:00+00:00,1.0
2021-01-18 20:00:00+00:00,1.0
2021-01-18 21:00:00+00:00,1.0
2021-01-18 22:00:00+00:00,1.0
2021-01-18 23:00:00+00:00,1.0
2021-01-19 00:00:00+00:00,1.0
2021-01-19 01:00:00+00:00,1.0
2021-01-19 02:00:00+00:00,1.0
2021-01-19 03:00:00+00:00,1.0
2021-01-19 04:00:00+00:00,1.0
2021-01-19 05:00:00+00:00,1.0
2021-01-19 06:00:00+00:00,5.25
2021-01-19 07:00:00+00:00,161.0
2021-01-19 08:00:00+00:00,957.5
2021-01-19 09:00:00+00:00,1791.75
2021-01-19 10:00:00+00:00,2243.5
2021-01-19 11:00:00+00:00,2267.75
2021-01-19 12:00:00+00:00,1836.0
2021-01-19 13:00:00+00:00,1190.75
2021-01-19 14:00:00+00:00,531.25
2021-01-19 15:00:00+00:00,83.25
2021-01-19 16:00:00+00:00,1.5
2021-01-19 17:00:00+00:00,1.0
2021-01-19 18:00:00+00:00,1.0
2021-01-19 19:00:00+00:00,1.0
2021-01-19 20:00:00+00:00,1.0
2021-01-19 21:00:00+00:00,1.0
2021-01-19 22:00:00+00:00,1.0
2021-01-19 23:00:00+00:00,1.0
2021-01-20 00:00:00+00:00,1.0
2021-01-20 01:00:00+00:00,1.0
2021-01-20 02:00:00+00:00,1.0
2021-01-20 03:00:00+00:00,1.0
2021-01-20 04:00:00+00:00,1.0
2021-01-20 05:00:00+00:00,1.0
2021-01-20 06:00:00+00:00,5.5
2021-01-20 07:00:00+00:00,332.75
2021-01-20 08:00:00+00:00,1887.5
2021-01-20 09:00:00+00:00,3936.75
2021-01-20 10:00:00+00:00,5979.5
2021-01-20 11:00:00+00:00,7230.25
2021-01-20 12:00:00+00:00,7164.5
2021-01-20 13:00:00+00:00,5394.75
2021-01-20 14:00:00+00:00,2602.0
2021-01-20 15:00:00+00:00,422.0
2021-01-20 16:00:00+00:00,1.5
2021-01-20 17:00:00+00:00,1.0
2021-01-20 18:00:00+00:00,1.0
2021-01-20 19:00:00+00:00,1.0
2021-01-20 20:00:00+00:00,1.0
2021-01-20 21:00:00+00:00,1.0
2021-01-20 22:00:00+00:00,1.0
2021-01-20 23:00:00+00:00,1.0
2021-01-21 00:00:00+00:00,1.0
2021-01-21 01:00:00+00:00,1.0
2021-01-21 02:00:00+00:00,1.0
2021-01-21 03:00:00+00:00,1.0
2021-01-21 04:00:00+00:00,1.0
2021-01-21 05:00:00+00:00,1.0
2021-01-21 06:00:00+00:00,6.5
2021-01-21 07:00:00+00:00,482.75
2021-01-21 08:00:00+00:00,2897.75
2021-01-21 09:00:00+00:00,6501.0
2021-01-21 10:00:00+00:00,8510.5
2021-01-21 11:00:00+00:00,8288.25
2021-01-21 12:00:00+00:00,7124.5
2021-01-21 13:00:00+00:00,5065.5
2021-01-21 14:00:00+00:00,2368.0
2021-01-21 15:00:00+00:00,348.5
2021-01-21 16:00:00+00:00,1.0
2021-01-21 17:00:00+00:00,1.0
2021-01-21 18:00:00+00:00,1.0
2021-01-21 19:00:00+00:00,1.0
2021-01-21 20:00:00+00:00,1.0
2021-01-21 21:00:00+00:00,1.0
2021-01-21 22:00:00+00:00,1.0
2021-01-21 23:00:00+00:00,1.0
2021-01-22 00:00:00+00:00,1.0
2021-01-22 01:00:00+00:00,1.0
2021-01-22 02:00:00+00:00,1.0
2021-01-22 03:00:00+00:00,1.0
2021-01-22 04:00:00+00:00,1.0
2021-01-22 05:00:00+00:00,1.0
2021-01-22 06:00:00+00:00,5.5
2021-01-22 07:00:00+00:00,624.75
2021-01-22 08:00:00+00:00,2995.75
2021-01-22 09:00:00+00:00,5303.25
2021-01-22 10:00:00+00:00,6697.5
2021-01-22 11:00:00+00:00,7258.75
2021-01-22 12:00:00+00:00,6848.0
2021-01-22 13:00:00+00:00,5206.25
2021-01-22 14:00:00+00:00,2568.5
2021-01-22 15:00:00+00:00,458.75
2021-01-22 16:00:00+00:00,1.0
2021-01-22 17:00:00+00:00,1.0
2021-01-22 18:00:00+00:00,1.0
2021-01-22 19:00:00+00:00,1.0
2021-01-22 20:00:00+00:00,1.0
2021-01-22 21:00:00+00:00,1.0
2021-01-22 22:00:00+00:00,1.0
2021-01-22 23:00:00+00:00,1.0
2021-01-23 00:00:00+00:00,1.0
2021-01-23 01:00:00+00:00,1.0
2021-01-23 02:00:00+00:00,1.0
2021-01-23 03:00:00+00:00,1.0
2021-01-23 04:00:00+00:00,1.0
2021-01-23 05:00:00+00:00,1.0
2021-01-23 06:00:00+00:00,1.25
2021-01-23 07:00:00+00:00,113.75
2021-01-23 08:00:00+00:00,933.5
2021-01-23 09:00:00+00:00,2405.75
2021-01-23 10:00:00+00:00,3920.75
2021-01-23 11:00:00+00:00,5015.25
2021-01-23 12:00:00+00:00,4714.25
2021-01-23 13:00:00+00:00,3474.75
2021-01-23 14:00:00+00:00,1710.75
2021-01-23 15:00:00+00:00,311.75
2021-01-23 16:00:00+00:00,1.25
2021-01-23 17:00:00+00:00,1.0
2021-01-23 18:00:00+00:00,1.0
2021-01-23 19:00:00+00:00,1.0
2021-01-23 20:00:00+00:00,1.0
2021-01-23 21:00:00+00:00,1.0
2021-01-23 22:00:00+00:00,1.0
2021-01-23 23:00:00+00:00,1.0
2021-01-24 00:00:00+00:00,1.0
2021-01-24 01:00:00+00:00,1.0
2021-01-24 02:00:00+00:00,1.0
2021-01-24 03:00:00+00:00,1.0
2021-01-24 04:00:00+00:00,1.0
2021-01-24 05:00:00+00:00,1.0
2021-01-24 06:00:00+00:00,7.25
2021-01-24 07:00:00+00:00,305.0
2021-01-24 08:00:00+00:00,1588.25
2021-01-24 09:00:00+00:00,3279.5
2021-01-24 10:00:00+00:00,4248.25
2021-01-24 11:00:00+00:00,4493.75
2021-01-24 12:00:00+00:00,4194.25
2021-01-24 13:00:00+00:00,3228.25
2021-01-24 14:00:00+00:00,1808.0
2021-01-24 15:00:00+00:00,396.75
2021-01-24 16:00:00+00:00,1.75
2021-01-24 17:00:00+00:00,1.0
2021-01-24 18:00:00+00:00,1.0
2021-01-24 19:00:00+00:00,1.0
2021-01-24 20:00:00+00:00,1.0
2021-01-24 21:00:00+00:00,1.0
2021-01-24 22:00:00+00:00,1.0
2021-01-24 23:00:00+00:00,1.0
2021-01-25 00:00:00+00:00,1.0
2021-01-25 01:00:00+00:00,1.0
2021-01-25 02:00:00+00:00,1.0
2021-01-25 03:00:00+00:00,1.0
2021-01-25 04:00:00+00:00,1.0
2021-01-25 05:00:00+00:00,1.0
2021-01-25 06:00:00+00:00,8.0
2021-01-25 07:00:00+00:00,340.25
2021-01-25 08:00:00+00:00,1449.5
2021-01-25 09:00:00+00:00,2823.5
2021-01-25 10:00:00+00:00,4231.75
2021-01-25 11:00:00+00:00,5049.75
2021-01-25 12:00:00+00:00,4931.5
2021-01-25 13:00:00+00:00,4020.5
2021-01-25 14:00:00+00:00,2177.5
2021-01-25 15:00:00+00:00,406.25
2021-01-25 16:00:00+00:00,3.25
2021-01-25 17:00:00+00:00,1.0
2021-01-25 18:00:00+00:00,1.0
2021-01-25 19:00:00+00:00,1.0
2021-01-25 20:00:00+00:00,1.0
2021-01-25 21:00:00+00:00,1.0
2021-01-25 22:00:00+00:00,1.0
2021-01-25 23:00:00+00:00,1.0
2021-01-26 00:00:00+00:00,1.0
2021-01-26 01:00:00+00:00,1.0
2021-01-26 02:00:00+00:00,1.0
2021-01-26 03:00:00+00:00,1.0
2021-01-26 04:00:00+00:00,1.0
2021-01-26 05:00:00+00:00,1.0
2021-01-26 06:00:00+00:00,14.75
2021-01-26 07:00:00+00:00,238.75
2021-01-26 08:00:00+00:00,1097.0
2021-01-26 09:00:00+00:00,2535.75
2021-01-26 10:00:00+00:00,4064.25
2021-01-26 11:00:00+00:00,4566.75
2021-01-26 12:00:00+00:00,4196.25
2021-01-26 13:00:00+00:00,3153.0
2021-01-26 14:00:00+00:00,1693.75
2021-01-26 15:00:00+00:00,368.5
2021-01-26 16:00:00+00:00,3.5
2021-01-26 17:00:00+00:00,1.0
2021-01-26 18:00:00+00:00,1.0
2021-01-26 19:00:00+00:00,1.0
2021-01-26 20:00:00+00:00,1.0
2021-01-26 21:00:00+00:00,1.0
2021-01-26 22:00:00+00:00,1.0
2021-01-26 23:00:00+00:00,1.0
2021-01-27 00:00:00+00:00,1.0
2021-01-27 01:00:00+00:00,1.0
2021-01-27 02:00:00+00:00,1.0
2021-01-27 03:00:00+00:00,1.0
2021-01-27 04:00:00+00:00,1.0
2021-01-27 05:00:00+00:00,1.0
2021-01-27 06:00:00+00:00,10.0
2021-01-27 07:00:00+00:00,277.25
2021-01-27 08:00:00+00:00,1337.0
2021-01-27 09:00:00+00:00,2661.5
2021-01-27 10:00:00+00:00,3963.75
2021-01-27 11:00:00+00:00,4764.25
2021-01-27 12:00:00+00:00,4538.75
2021-01-27 13:00:00+00:00,3222.75
2021-01-27 14:00:00+00:00,1491.0
2021-01-27 15:00:00+00:00,202.75
2021-01-27 16:00:00+00:00,1.0
2021-01-27 17:00:00+00:00,1.0
2021-01-27 18:00:00+00:00,1.0
2021-01-27 19:00:00+00:00,1.0
2021-01-27 20:00:00+00:00,1.0
2021-01-27 21:00:00+00:00,1.0
2021-01-27 22:00:00+00:00,1.0
2021-01-27 23:00:00+00:00,1.0
2021-01-28 00:00:00+00:00,1.0
2021-01-28 01:00:00+00:00,1.0
2021-01-28 02:00:00+00:00,1.0
2021-01-28 03:00:00+00:00,1.0
2021-01-28 04:00:00+00:00,1.0
2021-01-28 05:00:00+00:00,1.0
2021-01-28 06:00:00+00:00,14.0
2021-01-28 07:00:00+00:00,188.75
2021-01-28 08:00:00+00:00,863.5
2021-01-28 09:00:00+00:00,1672.25
2021-01-28 10:00:00+00:00,2203.25
2021-01-28 11:00:00+00:00,2527.5
2021-01-28 12:00:00+00:00,2723.75
2021-01-28 13:00:00+00:00,2586.75
2021-01-28 14:00:00+00:00,1551.25
2021-01-28 15:00:00+00:00,293.0
2021-01-28 16:00:00+00:00,4.25
2021-01-28 17:00:00+00:00,1.0
2021-01-28 18:00:00+00:00,1.0
2021-01-28 19:00:00+00:00,1.0
2021-01-28 20:00:00+00:00,1.0
2021-01-28 21:00:00+00:00,1.0
2021-01-28 22:00:00+00:00,1.0
2021-01-28 23:00:00+00:00,1.0
2021-01-29 00:00:00+00:00,1.0
2021-01-29 01:00:00+00:00,1.0
2021-01-29 02:00:00+00:00,1.0
2021-01-29 03:00:00+00:00,1.0
2021-01-29 04:00:00+00:00,1.0
2021-01-29 05:00:00+00:00,1.0
2021-01-29 06:00:00+00:00,18.25
2021-01-29 07:00:00+00:00,268.0
2021-01-29 08:00:00+00:00,1442.0
2021-01-29 09:00:00+00:00,3271.25
2021-01-29 10:00:00+00:00,5053.25
2021-01-29 11:00:00+00:00,5919.75
2021-01-29 12:00:00+00:00,5565.5
2021-01-29 13:00:00+00:00,4379.5
2021-01-29 14:00:00+00:00,2305.25
2021-01-29 15:00:00+00:00,594.75
2021-01-29 16:00:00+00:00,5.25
2021-01-29 17:00:00+00:00,1.0
2021-01-29 18:00:00+00:00,1.0
2021-01-29 19:00:00+00:00,1.0
2021-01-29 20:00:00+00:00,1.0
2021-01-29 21:00:00+00:00,1.0
2021-01-29 22:00:00+00:00,1.0
2021-01-29 23:00:00+00:00,1.0
2021-01-30 00:00:00+00:00,1.0
2021-01-30 01:00:00+00:00,1.0
2021-01-30 02:00:00+00:00,1.0
2021-01-30 03:00:00+00:00,1.0
2021-01-30 04:00:00+00:00,1.0
2021-01-30 05:00:00+00:00,1.0
2021-01-30 06:00:00+00:00,14.0
2021-01-30 07:00:00+00:00,337.25
2021-01-30 08:00:00+00:00,1420.5
2021-01-30 09:00:00+00:00,3037.5
2021-01-30 10:00:00+00:00,4570.0
2021-01-30 11:00:00+00:00,4961.0
2021-01-30 12:00:00+00:00,4032.75
2021-01-30 13:00:00+00:00,2822.5
2021-01-30 14:00:00+00:00,1459.25
2021-01-30 15:00:00+00:00,299.0
2021-01-30 16:00:00+00:00,2.25
2021-01-30 17:00:00+00:00,1.0
2021-01-30 18:00:00+00:00,1.0
2021-01-30 19:00:00+00:00,1.0
2021-01-30 20:00:00+00:00,1.0
2021-01-30 21:00:00+00:00,1.0
2021-01-30 22:00:00+00:00,1.0
2021-01-30 23:00:00+00:00,1.0
2021-01-31 00:00:00+00:00,1.0
2021-01-31 01:00:00+00:00,1.0
2021-01-31 02:00:00+00:00,1.0
2021-01-31 03:00:00+00:00,1.0
2021-01-31 04:00:00+00:00,1.0
2021-01-31 05:00:00+00:00,1.0
2021-01-31 06:00:00+00:00,27.0
2021-01-31 07:00:00+00:00,519.5
2021-01-31 08:00:00+00:00,2362.0
2021-01-31 09:00:00+00:00,4888.25
2021-01-31 10:00:00+00:00,7010.75
2021-01-31 11:00:00+00:00,8216.0
2021-01-31 12:00:00+00:00,8167.75
2021-01-31 13:00:00+00:00,6530.75
2021-01-31 14:00:00+00:00,3500.5
2021-01-31 15:00:00+00:00,780.25
2021-01-31 16:00:00+00:00,6.75
2021-01-31 17:00:00+00:00,1.0
2021-01-31 18:00:00+00:00,1.0
2021-01-31 19:00:00+00:00,1.0
2021-01-31 20:00:00+00:00,1.0
2021-01-31 21:00:00+00:00,1.0
2021-01-31 22:00:00+00:00,1.0
2021-01-31 23:00:00+00:00,0.0
2021-02-01 00:00:00+00:00,0.0
2021-02-01 01:00:00+00:00,0.0
2021-02-01 02:00:00+00:00,0.0
2021-02-01 03:00:00+00:00,0.0
2021-02-01 04:00:00+00:00,0.0
2021-02-01 05:00:00+00:00,0.0
2021-02-01 06:00:00+00:00,16.75
2021-02-01 07:00:00+00:00,464.5
2021-02-01 08:00:00+00:00,1892.25
2021-02-01 09:00:00+00:00,3709.0
2021-02-01 10:00:00+00:00,5134.75
2021-02-01 11:00:00+00:00,5439.75
2021-02-01 12:00:00+00:00,4666.0
2021-02-01 13:00:00+00:00,3387.5
2021-02-01 14:00:00+00:00,1813.75
2021-02-01 15:00:00+00:00,425.25
2021-02-01 16:00:00+00:00,4.5
2021-02-01 17:00:00+00:00,0.0
2021-02-01 18:00:00+00:00,0.0
2021-02-01 19:00:00+00:00,0.0
2021-02-01 20:00:00+00:00,0.0
2021-02-01 21:00:00+00:00,0.0
2021-02-01 22:00:00+00:00,0.0
2021-02-01 23:00:00+00:00,0.0
2021-02-02 00:00:00+00:00,0.0
2021-02-02 01:00:00+00:00,0.0
2021-02-02 02:00:00+00:00,0.0
2021-02-02 03:00:00+00:00,0.0
2021-02-02 04:00:00+00:00,0.0
2021-02-02 05:00:00+00:00,0.0
2021-02-02 06:00:00+00:00,15.25
2021-02-02 07:00:00+00:00,474.75
2021-02-02 08:00:00+00:00,1818.75
2021-02-02 09:00:00+00:00,3238.5
2021-02-02 10:00:00+00:00,4296.25
2021-02-02 11:00:00+00:00,4272.25
2021-02-02 12:00:00+00:00,3521.0
2021-02-02 13:00:00+00:00,2706.75
2021-02-02 14:00:00+00:00,1625.75
2021-02-02 15:00:00+00:00,524.25
2021-02-02 16:00:00+00:00,11.25
2021-02-02 17:00:00+00:00,0.0
2021-02-02 18:00:00+00:00,0.0
2021-02-02 19:00:00+00:00,0.0
2021-02-02 20:00:00+00:00,0.0
2021-02-02 21:00:00+00:00,0.0
2021-02-02 22:00:00+00:00,0.0
2021-02-02 23:00:00+00:00,0.0
2021-02-03 00:00:00+00:00,0.0
2021-02-03 01:00:00+00:00,0.0
2021-02-03 02:00:00+00:00,0.0
2021-02-03 03:00:00+00:00,0.0
2021-02-03 04:00:00+00:00,0.0
2021-02-03 05:00:00+00:00,0.0
2021-02-03 06:00:00+00:00,26.5
2021-02-03 07:00:00+00:00,358.25
2021-02-03 08:00:00+00:00,1438.5
2021-02-03 09:00:00+00:00,2313.5
2021-02-03 10:00:00+00:00,2727.25
2021-02-03 11:00:00+00:00,2375.0
2021-02-03 12:00:00+00:00,2322.5
2021-02-03 13:00:00+00:00,2079.75
2021-02-03 14:00:00+00:00,1429.75
2021-02-03 15:00:00+00:00,473.5
2021-02-03 16:00:00+00:00,11.0
2021-02-03 17:00:00+00:00,0.0
2021-02-03 18:00:00+00:00,0.0
2021-02-03 19:00:00+00:00,0.0
2021-02-03 20:00:00+00:00,0.0
2021-02-03 21:00:00+00:00,0.0
2021-02-03 22:00:00+00:00,0.0
2021-02-03 23:00:00+00:00,0.0
2021-02-04 00:00:00+00:00,0.0
2021-02-04 01:00:00+00:00,0.0
2021-02-04 02:00:00+00:00,0.0
2021-02-04 03:00:00+00:00,0.0
2021-02-04 04:00:00+00:00,0.0
2021-02-04 05:00:00+00:00,0.0
2021-02-04 06:00:00+00:00,21.5
2021-02-04 07:00:00+00:00,1179.25
2021-02-04 08:00:00+00:00,4756.0
2021-02-04 09:00:00+00:00,8419.25
2021-02-04 10:00:00+00:00,10508.25
2021-02-04 11:00:00+00:00,11276.25
2021-02-04 12:00:00+00:00,10715.75
2021-02-04 13:00:00+00:00,8358.0
2021-02-04 14:00:00+00:00,4538.0
2021-02-04 15:00:00+00:00,1143.25
2021-02-04 16:00:00+00:00,23.25
2021-02-04 17:00:00+00:00,0.0
2021-02-04 18:00:00+00:00,0.0
2021-02-04 19:00:00+00:00,0.0
2021-02-04 20:00:00+00:00,0.0
2021-02-04 21:00:00+00:00,0.0
2021-02-04 22:00:00+00:00,0.0
2021-02-04 23:00:00+00:00,1.0
2021-02-05 00:00:00+00:00,0.25
2021-02-05 01:00:00+00:00,0.25
2021-02-05 02:00:00+00:00,0.25
2021-02-05 03:00:00+00:00,0.75
2021-02-05 04:00:00+00:00,0.25
2021-02-05 05:00:00+00:00,0.0
2021-02-05 06:00:00+00:00,30.0
2021-02-05 07:00:00+00:00,595.25
2021-02-05 08:00:00+00:00,2430.0
2021-02-05 09:00:00+00:00,4099.5
2021-02-05 10:00:00+00:00,5300.25
2021-02-05 11:00:00+00:00,6246.0
2021-02-05 12:00:00+00:00,5841.0
2021-02-05 13:00:00+00:00,4233.75
2021-02-05 14:00:00+00:00,2197.25
2021-02-05 15:00:00+00:00,512.25
2021-02-05 16:00:00+00:00,11.5
2021-02-05 17:00:00+00:00,0.0
2021-02-05 18:00:00+00:00,0.0
2021-02-05 19:00:00+00:00,0.0
2021-02-05 20:00:00+00:00,0.25
2021-02-05 21:00:00+00:00,0.25
2021-02-05 22:00:00+00:00,0.0
2021-02-05 23:00:00+00:00,0.0
2021-02-06 00:00:00+00:00,0.0
2021-02-06 01:00:00+00:00,0.0
2021-02-06 02:00:00+00:00,0.0
2021-02-06 03:00:00+00:00,0.0
2021-02-06 04:00:00+00:00,0.0
2021-02-06 05:00:00+00:00,0.0
2021-02-06 06:00:00+00:00,35.5
2021-02-06 07:00:00+00:00,480.0
2021-02-06 08:00:00+00:00,1707.75
2021-02-06 09:00:00+00:00,3086.25
2021-02-06 10:00:00+00:00,4027.5
2021-02-06 11:00:00+00:00,4304.25
2021-02-06 12:00:00+00:00,3638.25
2021-02-06 13:00:00+00:00,2537.5
2021-02-06 14:00:00+00:00,1316.75
2021-02-06 15:00:00+00:00,322.75
2021-02-06 16:00:00+00:00,7.5
2021-02-06 17:00:00+00:00,0.0
2021-02-06 18:00:00+00:00,0.0
2021-02-06 19:00:00+00:00,0.0
2021-02-06 20:00:00+00:00,0.0
2021-02-06 21:00:00+00:00,0.0
2021-02-06 22:00:00+00:00,0.0
2021-02-06 23:00:00+00:00,0.0
2021-02-07 00:00:00+00:00,0.0
2021-02-07 01:00:00+00:00,0.0
2021-02-07 02:00:00+00:00,0.0
2021-02-07 03:00:00+00:00,0.0
2021-02-07 04:00:00+00:00,0.0
2021-02-07 05:00:00+00:00,0.0
2021-02-07 06:00:00+00:00,49.75
2021-02-07 07:00:00+00:00,251.75
2021-02-07 08:00:00+00:00,1031.25
2021-02-07 09:00:00+00:00,2110.0
2021-02-07 10:00:00+00:00,2784.0
2021-02-07 11:00:00+00:00,2816.75
2021-02-07 12:00:00+00:00,2570.5
2021-02-07 13:00:00+00:00,1987.75
2021-02-07 14:00:00+00:00,1134.0
2021-02-07 15:00:00+00:00,338.0
2021-02-07 16:00:00+00:00,12.25
2021-02-07 17:00:00+00:00,0.0
2021-02-07 18:00:00+00:00,0.0
2021-02-07 19:00:00+00:00,0.0
2021-02-07 20:00:00+00:00,0.0
2021-02-07 21:00:00+00:00,0.0
2021-02-07 22:00:00+00:00,0.0
2021-02-07 23:00:00+00:00,0.0
2021-02-08 00:00:00+00:00,0.0
2021-02-08 01:00:00+00:00,0.0
2021-02-08 02:00:00+00:00,0.0
2021-02-08 03:00:00+00:00,0.0
2021-02-08 04:00:00+00:00,0.0
2021-02-08 05:00:00+00:00,0.0
2021-02-08 06:00:00+00:00,50.0
2021-02-08 07:00:00+00:00,330.5
2021-02-08 08:00:00+00:00,1251.0
2021-02-08 09:00:00+00:00,2453.0
2021-02-08 10:00:00+00:00,3421.5
2021-02-08 11:00:00+00:00,3885.5
2021-02-08 12:00:00+00:00,3649.75
2021-02-08 13:00:00+00:00,2746.75
2021-02-08 14:00:00+00:00,1577.25
2021-02-08 15:00:00+00:00,523.5
2021-02-08 16:00:00+00:00,18.5
2021-02-08 17:00:00+00:00,0.0
2021-02-08 18:00:00+00:00,0.0
2021-02-08 19:00:00+00:00,0.0
2021-02-08 20:00:00+00:00,0.0
2021-02-08 21:00:00+00:00,0.0
2021-02-08 22:00:00+00:00,0.0
2021-02-08 23:00:00+00:00,0.25
2021-02-09 00:00:00+00:00,0.25
2021-02-09 01:00:00+00:00,0.75
2021-02-09 02:00:00+00:00,1.0
2021-02-09 03:00:00+00:00,1.0
2021-02-09 04:00:00+00:00,1.0
2021-02-09 05:00:00+00:00,0.5
2021-02-09 06:00:00+00:00,53.25
2021-02-09 07:00:00+00:00,291.5
2021-02-09 08:00:00+00:00,716.75
2021-02-09 09:00:00+00:00,1259.0
2021-02-09 10:00:00+00:00,1676.25
2021-02-09 11:00:00+00:00,1963.25
2021-02-09 12:00:00+00:00,1889.0
2021-02-09 13:00:00+00:00,1543.75
2021-02-09 14:00:00+00:00,962.0
2021-02-09 15:00:00+00:00,318.5
2021-02-09 16:00:00+00:00,18.25
2021-02-09 17:00:00+00:00,0.25
2021-02-09 18:00:00+00:00,0.0
2021-02-09 19:00:00+00:00,0.0
2021-02-09 20:00:00+00:00,0.25
2021-02-09 21:00:00+00:00,0.25
2021-02-09 22:00:00+00:00,1.0
2021-02-09 23:00:00+00:00,0.0
2021-02-10 00:00:00+00:00,0.0
2021-02-10 01:00:00+00:00,0.0
2021-02-10 02:00:00+00:00,0.0
2021-02-10 03:00:00+00:00,0.0
2021-02-10 04:00:00+00:00,0.0
2021-02-10 05:00:00+00:00,0.0
2021-02-10 06:00:00+00:00,58.5
2021-02-10 07:00:00+00:00,310.0
2021-02-10 08:00:00+00:00,856.75
2021-02-10 09:00:00+00:00,1617.75
2021-02-10 10:00:00+00:00,2176.75
2021-02-10 11:00:00+00:00,2472.75
2021-02-10 12:00:00+00:00,2459.0
2021-02-10 13:00:00+00:00,2106.0
2021-02-10 14:00:00+00:00,1254.0
2021-02-10 15:00:00+00:00,406.0
2021-02-10 16:00:00+00:00,22.75
2021-02-10 17:00:00+00:00,0.0
2021-02-10 18:00:00+00:00,0.0
2021-02-10 19:00:00+00:00,0.0
2021-02-10 20:00:00+00:00,0.0
2021-02-10 21:00:00+00:00,0.0
2021-02-10 22:00:00+00:00,0.0
2021-02-10 23:00:00+00:00,0.0
2021-02-11 00:00:00+00:00,0.0
2021-02-11 01:00:00+00:00,0.0
2021-02-11 02:00:00+00:00,0.0
2021-02-11 03:00:00+00:00,0.0
2021-02-11 04:00:00+00:00,0.0
2021-02-11 05:00:00+00:00,0.0
2021-02-11 06:00:00+00:00,64.5
2021-02-11 07:00:00+00:00,443.0
2021-02-11 08:00:00+00:00,1389.25
2021-02-11 09:00:00+00:00,2660.0
2021-02-11 10:00:00+00:00,4053.5
2021-02-11 11:00:00+00:00,4988.0
2021-02-11 12:00:00+00:00,5158.75
2021-02-11 13:00:00+00:00,4602.0
2021-02-11 14:00:00+00:00,3024.0
2021-02-11 15:00:00+00:00,1188.5
2021-02-11 16:00:00+00:00,85.75
2021-02-11 17:00:00+00:00,0.25
2021-02-11 18:00:00+00:00,0.0
2021-02-11 19:00:00+00:00,0.0
2021-02-11 20:00:00+00:00,0.0
2021-02-11 21:00:00+00:00,0.0
2021-02-11 22:00:00+00:00,0.0
2021-02-11 23:00:00+00:00,0.0
2021-02-12 00:00:00+00:00,0.0
2021-02-12 01:00:00+00:00,0.0
2021-02-12 02:00:00+00:00,0.0
2021-02-12 03:00:00+00:00,0.0
2021-02-12 04:00:00+00:00,0.0
2021-02-12 05:00:00+00:00,0.0
2021-02-12 06:00:00+00:00,56.25
2021-02-12 07:00:00+00:00,974.0
2021-02-12 08:00:00+00:00,3004.0
2021-02-12 09:00:00+00:00,5250.75
2021-02-12 10:00:00+00:00,7059.25
2021-02-12 11:00:00+00:00,8090.75
2021-02-12 12:00:00+00:00,8232.0
2021-02-12 13:00:00+00:00,7101.0
2021-02-12 14:00:00+00:00,4868.5
2021-02-12 15:00:00+00:00,1968.0
2021-02-12 16:00:00+00:00,122.0
2021-02-12 17:00:00+00:00,0.0
2021-02-12 18:00:00+00:00,0.0
2021-02-12 19:00:00+00:00,0.0
2021-02-12 20:00:00+00:00,0.0
2021-02-12 21:00:00+00:00,0.0
2021-02-12 22:00:00+00:00,0.0
2021-02-12 23:00:00+00:00,0.0
2021-02-13 00:00:00+00:00,0.0
2021-02-13 01:00:00+00:00,0.0
2021-02-13 02:00:00+00:00,0.0
2021-02-13 03:00:00+00:00,0.0
2021-02-13 04:00:00+00:00,0.0
2021-02-13 05:00:00+00:00,0.25
2021-02-13 06:00:00+00:00,104.25
2021-02-13 07:00:00+00:00,1612.0
2021-02-13 08:00:00+00:00,4645.5
2021-02-13 09:00:00+00:00,7444.25
2021-02-13 10:00:00+00:00,9339.75
2021-02-13 11:00:00+00:00,10274.25
2021-02-13 12:00:00+00:00,10165.0
2021-02-13 13:00:00+00:00,8817.0
2021-02-13 14:00:00+00:00,6077.0
2021-02-13 15:00:00+00:00,2540.0
2021-02-13 16:00:00+00:00,208.5
2021-02-13 17:00:00+00:00,0.5
2021-02-13 18:00:00+00:00,0.0
2021-02-13 19:00:00+00:00,0.0
2021-02-13 20:00:00+00:00,0.0
2021-02-13 21:00:00+00:00,0.0
2021-02-13 22:00:00+00:00,0.0
2021-02-13 23:00:00+00:00,0.0
2021-02-14 00:00:00+00:00,0.0
2021-02-14 01:00:00+00:00,0.0
2021-02-14 02:00:00+00:00,0.0
2021-02-14 03:00:00+00:00,0.0
2021-02-14 04:00:00+00:00,0.0
2021-02-14 05:00:00+00:00,0.5
2021-02-14 06:00:00+00:00,138.75
2021-02-14 07:00:00+00:00,2130.25
2021-02-14 08:00:00+00:00,5614.75
2021-02-14 09:00:00+00:00,8826.0
2021-02-14 10:00:00+00:00,10979.75
2021-02-14 11:00:00+00:00,12179.5
2021-02-14 12:00:00+00:00,12161.25
2021-02-14 13:00:00+00:00,10535.75
2021-02-14 14:00:00+00:00,7092.0
2021-02-14 15:00:00+00:00,2673.0
2021-02-14 16:00:00+00:00,197.0
2021-02-14 17:00:00+00:00,0.25
2021-02-14 18:00:00+00:00,0.0
2021-02-14 19:00:00+00:00,0.0
2021-02-14 20:00:00+00:00,0.0
2021-02-14 21:00:00+00:00,0.0
2021-02-14 22:00:00+00:00,0.0
2021-02-14 23:00:00+00:00,0.0
2021-02-15 00:00:00+00:00,0.0
2021-02-15 01:00:00+00:00,0.0
2021-02-15 02:00:00+00:00,0.0
2021-02-15 03:00:00+00:00,0.0
2021-02-15 04:00:00+00:00,0.0
2021-02-15 05:00:00+00:00,0.0
2021-02-15 06:00:00+00:00,176.25
2021-02-15 07:00:00+00:00,1878.0
2021-02-15 08:00:00+00:00,4140.0
2021-02-15 09:00:00+00:00,5720.75
2021-02-15 10:00:00+00:00,6234.5
2021-02-15 11:00:00+00:00,5514.5
2021-02-15 12:00:00+00:00,4508.25
2021-02-15 13:00:00+00:00,3274.25
2021-02-15 14:00:00+00:00,1844.0
2021-02-15 15:00:00+00:00,675.5
2021-02-15 16:00:00+00:00,44.5
2021-02-15 17:00:00+00:00,0.0
2021-02-15 18:00:00+00:00,0.0
2021-02-15 19:00:00+00:00,0.0
2021-02-15 20:00:00+00:00,0.0
2021-02-15 21:00:00+00:00,0.0
2021-02-15 22:00:00+00:00,0.0
2021-02-15 23:00:00+00:00,0.0
2021-02-16 00:00:00+00:00,0.0
2021-02-16 01:00:00+00:00,0.0
2021-02-16 02:00:00+00:00,0.0
2021-02-16 03:00:00+00:00,0.0
2021-02-16 04:00:00+00:00,0.0
2021-02-16 05:00:00+00:00,0.25
2021-02-16 06:00:00+00:00,69.5
2021-02-16 07:00:00+00:00,520.25
2021-02-16 08:00:00+00:00,1702.75
2021-02-16 09:00:00+00:00,3705.5
2021-02-16 10:00:00+00:00,5981.5
2021-02-16 11:00:00+00:00,7571.0
2021-02-16 12:00:00+00:00,8068.25
2021-02-16 13:00:00+00:00,6358.5
2021-02-16 14:00:00+00:00,3797.25
2021-02-16 15:00:00+00:00,1648.0
2021-02-16 16:00:00+00:00,206.0
2021-02-16 17:00:00+00:00,0.0
2021-02-16 18:00:00+00:00,0.0
2021-02-16 19:00:00+00:00,0.0
2021-02-16 20:00:00+00:00,0.0
2021-02-16 21:00:00+00:00,0.0
2021-02-16 22:00:00+00:00,0.0
2021-02-16 23:00:00+00:00,0.25
2021-02-17 00:00:00+00:00,0.0
2021-02-17 01:00:00+00:00,0.0
2021-02-17 02:00:00+00:00,0.25
2021-02-17 03:00:00+00:00,0.5
2021-02-17 04:00:00+00:00,0.75
2021-02-17 05:00:00+00:00,0.5
2021-02-17 06:00:00+00:00,96.5
2021-02-17 07:00:00+00:00,1461.75
2021-02-17 08:00:00+00:00,4318.5
2021-02-17 09:00:00+00:00,7296.5
2021-02-17 10:00:00+00:00,9536.0
2021-02-17 11:00:00+00:00,10370.5
2021-02-17 12:00:00+00:00,9877.5
2021-02-17 13:00:00+00:00,8282.5
2021-02-17 14:00:00+00:00,5834.5
2021-02-17 15:00:00+00:00,2583.75
2021-02-17 16:00:00+00:00,240.0
2021-02-17 17:00:00+00:00,0.5
2021-02-17 18:00:00+00:00,0.0
2021-02-17 19:00:00+00:00,0.0
2021-02-17 20:00:00+00:00,0.75
2021-02-17 21:00:00+00:00,0.25
2021-02-17 22:00:00+00:00,0.0
2021-02-17 23:00:00+00:00,0.0
2021-02-18 00:00:00+00:00,0.0
2021-02-18 01:00:00+00:00,0.0
2021-02-18 02:00:00+00:00,0.0
2021-02-18 03:00:00+00:00,0.0
2021-02-18 04:00:00+00:00,0.0
2021-02-18 05:00:00+00:00,0.0
2021-02-18 06:00:00+00:00,311.0
2021-02-18 07:00:00+00:00,3481.75
2021-02-18 08:00:00+00:00,8383.0
2021-02-18 09:00:00+00:00,13165.75
2021-02-18 10:00:00+00:00,16525.75
2021-02-18 11:00:00+00:00,17242.25
2021-02-18 12:00:00+00:00,15240.75
2021-02-18 13:00:00+00:00,11348.0
2021-02-18 14:00:00+00:00,6453.75
2021-02-18 15:00:00+00:00,2342.75
2021-02-18 16:00:00+00:00,185.0
2021-02-18 17:00:00+00:00,0.0
2021-02-18 18:00:00+00:00,0.0
2021-02-18 19:00:00+00:00,0.0
2021-02-18 20:00:00+00:00,0.0
2021-02-18 21:00:00+00:00,0.0
2021-02-18 22:00:00+00:00,0.0
2021-02-18 23:00:00+00:00,0.0
2021-02-19 00:00:00+00:00,0.0
2021-02-19 01:00:00+00:00,0.0
2021-02-19 02:00:00+00:00,0.0
2021-02-19 03:00:00+00:00,0.0
2021-02-19 04:00:00+00:00,0.0
2021-02-19 05:00:00+00:00,0.5
2021-02-19 06:00:00+00:00,229.0
2021-02-19 07:00:00+00:00,2770.25
2021-02-19 08:00:00+00:00,8022.75
2021-02-19 09:00:00+00:00,13111.75
2021-02-19 10:00:00+00:00,16399.5
2021-02-19 11:00:00+00:00,18171.5
2021-02-19 12:00:00+00:00,17837.5
2021-02-19 13:00:00+00:00,15423.5
2021-02-19 14:00:00+00:00,10480.0
2021-02-19 15:00:00+00:00,4236.75
2021-02-19 16:00:00+00:00,432.5
2021-02-19 17:00:00+00:00,0.5
2021-02-19 18:00:00+00:00,0.0
2021-02-19 19:00:00+00:00,0.0
2021-02-19 20:00:00+00:00,0.25
2021-02-19 21:00:00+00:00,0.0
2021-02-19 22:00:00+00:00,0.0
2021-02-19 23:00:00+00:00,0.0
2021-02-20 00:00:00+00:00,0.0
2021-02-20 01:00:00+00:00,0.0
2021-02-20 02:00:00+00:00,0.0
2021-02-20 03:00:00+00:00,0.0
2021-02-20 04:00:00+00:00,0.25
2021-02-20 05:00:00+00:00,0.75
2021-02-20 06:00:00+00:00,483.25
2021-02-20 07:00:00+00:00,4638.5
2021-02-20 08:00:00+00:00,11183.25
2021-02-20 09:00:00+00:00,17340.0
2021-02-20 10:00:00+00:00,21675.25
2021-02-20 11:00:00+00:00,23787.75
2021-02-20 12:00:00+00:00,22364.25
2021-02-20 13:00:00+00:00,18355.75
2021-02-20 14:00:00+00:00,12227.25
2021-02-20 15:00:00+00:00,5185.75
2021-02-20 16:00:00+00:00,607.25
2021-02-20 17:00:00+00:00,0.5
2021-02-20 18:00:00+00:00,0.0
2021-02-20 19:00:00+00:00,0.0
2021-02-20 20:00:00+00:00,0.0
2021-02-20 21:00:00+00:00,0.0
2021-02-20 22:00:00+00:00,0.0
2021-02-20 23:00:00+00:00,0.0
2021-02-21 00:00:00+00:00,0.0
2021-02-21 01:00:00+00:00,0.0
2021-02-21 02:00:00+00:00,0.0
2021-02-21 03:00:00+00:00,0.0
2021-02-21 04:00:00+00:00,1.0
2021-02-21 05:00:00+00:00,1.25
2021-02-21 06:00:00+00:00,596.0
2021-02-21 07:00:00+00:00,5361.5
2021-02-21 08:00:00+00:00,12882.0
2021-02-21 09:00:00+00:00,19213.75
2021-02-21 10:00:00+00:00,23178.5
2021-02-21 11:00:00+00:00,24850.75
2021-02-21 12:00:00+00:00,24042.25
2021-02-21 13:00:00+00:00,20647.75
2021-02-21 14:00:00+00:00,14629.0
2021-02-21 15:00:00+00:00,6704.75
2021-02-21 16:00:00+00:00,796.5
2021-02-21 17:00:00+00:00,0.5
2021-02-21 18:00:00+00:00,0.0
2021-02-21 19:00:00+00:00,0.0
2021-02-21 20:00:00+00:00,0.0
2021-02-21 21:00:00+00:00,0.0
2021-02-21 22:00:00+00:00,0.0
2021-02-21 23:00:00+00:00,0.0
2021-02-22 00:00:00+00:00,0.0
2021-02-22 01:00:00+00:00,0.0
2021-02-22 02:00:00+00:00,0.0
2021-02-22 03:00:00+00:00,0.0
2021-02-22 04:00:00+00:00,0.0
2021-02-22 05:00:00+00:00,1.0
2021-02-22 06:00:00+00:00,594.5
2021-02-22 07:00:00+00:00,4646.0
2021-02-22 08:00:00+00:00,10399.25
2021-02-22 09:00:00+00:00,15346.0
2021-02-22 10:00:00+00:00,19181.25
2021-02-22 11:00:00+00:00,21226.25
2021-02-22 12:00:00+00:00,20450.0
2021-02-22 13:00:00+00:00,16956.25
2021-02-22 14:00:00+00:00,11282.75
2021-02-22 15:00:00+00:00,4812.5
2021-02-22 16:00:00+00:00,583.0
2021-02-22 17:00:00+00:00,0.25
2021-02-22 18:00:00+00:00,0.0
2021-02-22 19:00:00+00:00,0.0
2021-02-22 20:00:00+00:00,0.5
2021-02-22 21:00:00+00:00,0.75
2021-02-22 22:00:00+00:00,0.25
2021-02-22 23:00:00+00:00,0.0
2021-02-23 00:00:00+00:00,0.0
2021-02-23 01:00:00+00:00,0.0
2021-02-23 02:00:00+00:00,0.0
2021-02-23 03:00:00+00:00,0.0
2021-02-23 04:00:00+00:00,0.0
2021-02-23 05:00:00+00:00,1.5
2021-02-23 06:00:00+00:00,633.0
2021-02-23 07:00:00+00:00,4220.5
2021-02-23 08:00:00+00:00,9925.75
2021-02-23 09:00:00+00:00,15574.75
2021-02-23 10:00:00+00:00,19385.0
2021-02-23 11:00:00+00:00,21099.25
2021-02-23 12:00:00+00:00,20448.25
2021-02-23 13:00:00+00:00,17492.0
2021-02-23 14:00:00+00:00,11802.5
2021-02-23 15:00:00+00:00,5208.25
2021-02-23 16:00:00+00:00,722.0
2021-02-23 17:00:00+00:00,0.25
2021-02-23 18:00:00+00:00,0.0
2021-02-23 19:00:00+00:00,0.0
2021-02-23 20:00:00+00:00,0.0
2021-02-23 21:00:00+00:00,0.0
2021-02-23 22:00:00+00:00,0.0
2021-02-23 23:00:00+00:00,0.0
2021-02-24 00:00:00+00:00,0.0
2021-02-24 01:00:00+00:00,0.0
2021-02-24 02:00:00+00:00,0.0
2021-02-24 03:00:00+00:00,0.0
2021-02-24 04:00:00+00:00,0.0
2021-02-24 05:00:00+00:00,2.75
2021-02-24 06:00:00+00:00,797.25
2021-02-24 07:00:00+00:00,5331.5
2021-02-24 08:00:00+00:00,12262.0
2021-02-24 09:00:00+00:00,18668.5
2021-02-24 10:00:00+00:00,22618.25
2021-02-24 11:00:00+00:00,23961.75
2021-02-24 12:00:00+00:00,22556.0
2021-02-24 13:00:00+00:00,18680.0
2021-02-24 14:00:00+00:00,12695.75
2021-02-24 15:00:00+00:00,5667.5
2021-02-24 16:00:00+00:00,811.25
2021-02-24 17:00:00+00:00,0.5
2021-02-24 18:00:00+00:00,0.0
2021-02-24 19:00:00+00:00,0.0
2021-02-24 20:00:00+00:00,0.0
2021-02-24 21:00:00+00:00,0.0
2021-02-24 22:00:00+00:00,0.0
2021-02-24 23:00:00+00:00,0.0
2021-02-25 00:00:00+00:00,0.0
2021-02-25 01:00:00+00:00,0.0
2021-02-25 02:00:00+00:00,0.0
2021-02-25 03:00:00+00:00,0.0
2021-02-25 04:00:00+00:00,0.0
2021-02-25 05:00:00+00:00,3.75
2021-02-25 06:00:00+00:00,993.75
2021-02-25 07:00:00+00:00,6274.75
2021-02-25 08:00:00+00:00,13888.5
2021-02-25 09:00:00+00:00,20288.5
2021-02-25 10:00:00+00:00,24131.75
2021-02-25 11:00:00+00:00,25250.25
2021-02-25 12:00:00+00:00,23667.0
2021-02-25 13:00:00+00:00,19746.0
2021-02-25 14:00:00+00:00,13571.5
2021-02-25 15:00:00+00:00,6201.75
2021-02-25 16:00:00+00:00,883.0
2021-02-25 17:00:00+00:00,0.25
2021-02-25 18:00:00+00:00,0.0
2021-02-25 19:00:00+00:00,0.0
2021-02-25 20:00:00+00:00,0.0
2021-02-25 21:00:00+00:00,0.0
2021-02-25 22:00:00+00:00,0.0
2021-02-25 23:00:00+00:00,0.0
2021-02-26 00:00:00+00:00,0.0
2021-02-26 01:00:00+00:00,0.0
2021-02-26 02:00:00+00:00,0.0
2021-02-26 03:00:00+00:00,0.0
2021-02-26 04:00:00+00:00,0.0
2021-02-26 05:00:00+00:00,2.5
2021-02-26 06:00:00+00:00,672.5
2021-02-26 07:00:00+00:00,4142.5
2021-02-26 08:00:00+00:00,8775.0
2021-02-26 09:00:00+00:00,13056.75
2021-02-26 10:00:00+00:00,15411.25
2021-02-26 11:00:00+00:00,15336.0
2021-02-26 12:00:00+00:00,13558.5
2021-02-26 13:00:00+00:00,10789.5
2021-02-26 14:00:00+00:00,7153.0
2021-02-26 15:00:00+00:00,3281.0
2021-02-26 16:00:00+00:00,538.25
2021-02-26 17:00:00+00:00,0.75
2021-02-26 18:00:00+00:00,0.0
2021-02-26 19:00:00+00:00,0.0
2021-02-26 20:00:00+00:00,0.0
2021-02-26 21:00:00+00:00,0.0
2021-02-26 22:00:00+00:00,0.0
2021-02-26 23:00:00+00:00,0.0
2021-02-27 00:00:00+00:00,0.0
2021-02-27 01:00:00+00:00,0.0
2021-02-27 02:00:00+00:00,0.0
2021-02-27 03:00:00+00:00,0.25
2021-02-27 04:00:00+00:00,0.5
2021-02-27 05:00:00+00:00,3.5
2021-02-27 06:00:00+00:00,592.5
2021-02-27 07:00:00+00:00,3663.0
2021-02-27 08:00:00+00:00,7925.75
2021-02-27 09:00:00+00:00,12025.5
2021-02-27 10:00:00+00:00,14473.5
2021-02-27 11:00:00+00:00,15226.0
2021-02-27 12:00:00+00:00,15460.5
2021-02-27 13:00:00+00:00,13945.75
2021-02-27 14:00:00+00:00,10465.25
2021-02-27 15:00:00+00:00,5421.5
2021-02-27 16:00:00+00:00,993.75
2021-02-27 17:00:00+00:00,2.75
2021-02-27 18:00:00+00:00,0.0
2021-02-27 19:00:00+00:00,0.0
2021-02-27 20:00:00+00:00,0.0
2021-02-27 21:00:00+00:00,0.0
2021-02-27 22:00:00+00:00,0.0
2021-02-27 23:00:00+00:00,0.0
2021-02-28 00:00:00+00:00,0.0
2021-02-28 01:00:00+00:00,0.0
2021-02-28 02:00:00+00:00,0.0
2021-02-28 03:00:00+00:00,0.0
2021-02-28 04:00:00+00:00,0.25
2021-02-28 05:00:00+00:00,5.0
2021-02-28 06:00:00+00:00,992.5
2021-02-28 07:00:00+00:00,6123.75
2021-02-28 08:00:00+00:00,13019.0
2021-02-28 09:00:00+00:00,18964.0
2021-02-28 10:00:00+00:00,22287.25
2021-02-28 11:00:00+00:00,23395.25
2021-02-28 12:00:00+00:00,22455.0
2021-02-28 13:00:00+00:00,19543.5
2021-02-28 14:00:00+00:00,14242.0
2021-02-28 15:00:00+00:00,7291.0
2021-02-28 16:00:00+00:00,1337.25
2021-02-28 17:00:00+00:00,4.25
2021-02-28 18:00:00+00:00,0.0
2021-02-28 19:00:00+00:00,0.0
2021-02-28 20:00:00+00:00,0.0
2021-02-28 21:00:00+00:00,0.0
2021-02-28 22:00:00+00:00,0.0
2021-02-28 23:00:00+00:00,0.5
2021-03-01 00:00:00+00:00,1.0
2021-03-01 01:00:00+00:00,1.0
2021-03-01 02:00:00+00:00,1.0
2021-03-01 03:00:00+00:00,1.0
2021-03-01 04:00:00+00:00,1.0
2021-03-01 05:00:00+00:00,5.25
2021-03-01 06:00:00+00:00,957.75
2021-03-01 07:00:00+00:00,5434.75
2021-03-01 08:00:00+00:00,10890.0
2021-03-01 09:00:00+00:00,15479.5
2021-03-01 10:00:00+00:00,18981.0
2021-03-01 11:00:00+00:00,21624.25
2021-03-01 12:00:00+00:00,22654.5
2021-03-01 13:00:00+00:00,20678.5
2021-03-01 14:00:00+00:00,15558.25
2021-03-01 15:00:00+00:00,8119.25
2021-03-01 16:00:00+00:00,1559.75
2021-03-01 17:00:00+00:00,6.5
2021-03-01 18:00:00+00:00,1.0
2021-03-01 19:00:00+00:00,1.0
2021-03-01 20:00:00+00:00,1.0
2021-03-01 21:00:00+00:00,1.0
2021-03-01 22:00:00+00:00,1.0
2021-03-01 23:00:00+00:00,1.0
2021-03-02 00:00:00+00:00,1.0
2021-03-02 01:00:00+00:00,1.0
2021-03-02 02:00:00+00:00,1.0
2021-03-02 03:00:00+00:00,1.0
2021-03-02 04:00:00+00:00,1.0
2021-03-02 05:00:00+00:00,8.0
2021-03-02 06:00:00+00:00,1430.25
2021-03-02 07:00:00+00:00,7217.25
2021-03-02 08:00:00+00:00,14311.75
2021-03-02 09:00:00+00:00,20309.75
2021-03-02 10:00:00+00:00,24720.75
2021-03-02 11:00:00+00:00,26992.0
2021-03-02 12:00:00+00:00,27151.75
2021-03-02 13:00:00+00:00,23651.75
2021-03-02 14:00:00+00:00,17151.25
2021-03-02 15:00:00+00:00,8765.25
2021-03-02 16:00:00+00:00,1681.0
2021-03-02 17:00:00+00:00,7.0
2021-03-02 18:00:00+00:00,1.0
2021-03-02 19:00:00+00:00,0.75
2021-03-02 20:00:00+00:00,0.75
2021-03-02 21:00:00+00:00,0.5
2021-03-02 22:00:00+00:00,1.0
2021-03-02 23:00:00+00:00,1.0
2021-03-03 00:00:00+00:00,1.0
2021-03-03 01:00:00+00:00,1.0
2021-03-03 02:00:00+00:00,1.0
2021-03-03 03:00:00+00:00,1.0
2021-03-03 04:00:00+00:00,1.0
2021-03-03 05:00:00+00:00,15.0
2021-03-03 06:00:00+00:00,1537.75
2021-03-03 07:00:00+00:00,6190.0
2021-03-03 08:00:00+00:00,11543.25
2021-03-03 09:00:00+00:00,15967.25
2021-03-03 10:00:00+00:00,18809.5
2021-03-03 11:00:00+00:00,19219.0
2021-03-03 12:00:00+00:00,17663.75
2021-03-03 13:00:00+00:00,14279.25
2021-03-03 14:00:00+00:00,9496.75
2021-03-03 15:00:00+00:00,4594.75
2021-03-03 16:00:00+00:00,899.75
2021-03-03 17:00:00+00:00,5.25
2021-03-03 18:00:00+00:00,1.0
2021-03-03 19:00:00+00:00,1.0
2021-03-03 20:00:00+00:00,1.0
2021-03-03 21:00:00+00:00,1.0
2021-03-03 22:00:00+00:00,1.0
2021-03-03 23:00:00+00:00,1.0
2021-03-04 00:00:00+00:00,0.75
2021-03-04 01:00:00+00:00,1.0
2021-03-04 02:00:00+00:00,1.0
2021-03-04 03:00:00+00:00,1.0
2021-03-04 04:00:00+00:00,1.0
2021-03-04 05:00:00+00:00,17.5
2021-03-04 06:00:00+00:00,562.75
2021-03-04 07:00:00+00:00,3026.25
2021-03-04 08:00:00+00:00,6766.75
2021-03-04 09:00:00+00:00,9946.0
2021-03-04 10:00:00+00:00,11494.75
2021-03-04 11:00:00+00:00,11762.5
2021-03-04 12:00:00+00:00,10710.5
2021-03-04 13:00:00+00:00,8445.75
2021-03-04 14:00:00+00:00,5709.75
2021-03-04 15:00:00+00:00,2711.25
2021-03-04 16:00:00+00:00,520.75
2021-03-04 17:00:00+00:00,3.5
2021-03-04 18:00:00+00:00,1.0
2021-03-04 19:00:00+00:00,0.75
2021-03-04 20:00:00+00:00,1.0
2021-03-04 21:00:00+00:00,1.0
2021-03-04 22:00:00+00:00,1.0
2021-03-04 23:00:00+00:00,0.75
2021-03-05 00:00:00+00:00,1.0
2021-03-05 01:00:00+00:00,1.0
2021-03-05 02:00:00+00:00,1.0
2021-03-05 03:00:00+00:00,1.0
2021-03-05 04:00:00+00:00,1.0
2021-03-05 05:00:00+00:00,26.75
2021-03-05 06:00:00+00:00,1009.0
2021-03-05 07:00:00+00:00,4894.75
2021-03-05 08:00:00+00:00,10183.25
2021-03-05 09:00:00+00:00,14658.5
2021-03-05 10:00:00+00:00,17173.25
2021-03-05 11:00:00+00:00,17197.0
2021-03-05 12:00:00+00:00,16177.75
2021-03-05 13:00:00+00:00,13824.0
2021-03-05 14:00:00+00:00,10537.75
2021-03-05 15:00:00+00:00,6033.25
2021-03-05 16:00:00+00:00,1452.75
2021-03-05 17:00:00+00:00,14.25
2021-03-05 18:00:00+00:00,1.0
2021-03-05 19:00:00+00:00,0.0
2021-03-05 20:00:00+00:00,0.75
2021-03-05 21:00:00+00:00,0.0
2021-03-05 22:00:00+00:00,0.25
2021-03-05 23:00:00+00:00,0.25
2021-03-06 00:00:00+00:00,0.0
2021-03-06 01:00:00+00:00,0.5
2021-03-06 02:00:00+00:00,1.0
2021-03-06 03:00:00+00:00,1.0
2021-03-06 04:00:00+00:00,1.0
2021-03-06 05:00:00+00:00,29.0
2021-03-06 06:00:00+00:00,2285.5
2021-03-06 07:00:00+00:00,9213.0
2021-03-06 08:00:00+00:00,16721.75
2021-03-06 09:00:00+00:00,22157.5
2021-03-06 10:00:00+00:00,24877.0
2021-03-06 11:00:00+00:00,25372.5
2021-03-06 12:00:00+00:00,23575.0
2021-03-06 13:00:00+00:00,19853.0
2021-03-06 14:00:00+00:00,14309.0
2021-03-06 15:00:00+00:00,7723.0
2021-03-06 16:00:00+00:00,1846.75
2021-03-06 17:00:00+00:00,24.0
2021-03-06 18:00:00+00:00,0.25
2021-03-06 19:00:00+00:00,0.25
2021-03-06 20:00:00+00:00,0.0
2021-03-06 21:00:00+00:00,0.25
2021-03-06 22:00:00+00:00,0.0
2021-03-06 23:00:00+00:00,0.25
2021-03-07 00:00:00+00:00,0.0
2021-03-07 01:00:00+00:00,0.75
2021-03-07 02:00:00+00:00,1.0
2021-03-07 03:00:00+00:00,1.0
2021-03-07 04:00:00+00:00,1.0
2021-03-07 05:00:00+00:00,30.5
2021-03-07 06:00:00+00:00,1980.0
2021-03-07 07:00:00+00:00,7589.75
2021-03-07 08:00:00+00:00,13170.0
2021-03-07 09:00:00+00:00,17314.5
2021-03-07 10:00:00+00:00,19592.5
2021-03-07 11:00:00+00:00,20107.5
2021-03-07 12:00:00+00:00,19287.0
2021-03-07 13:00:00+00:00,16578.25
2021-03-07 14:00:00+00:00,12092.0
2021-03-07 15:00:00+00:00,6302.0
2021-03-07 16:00:00+00:00,1506.0
2021-03-07 17:00:00+00:00,22.0
2021-03-07 18:00:00+00:00,0.75
2021-03-07 19:00:00+00:00,0.25
2021-03-07 20:00:00+00:00,0.25
2021-03-07 21:00:00+00:00,0.25
2021-03-07 22:00:00+00:00,0.25
2021-03-07 23:00:00+00:00,0.5
2021-03-08 00:00:00+00:00,0.5
2021-03-08 01:00:00+00:00,0.75
2021-03-08 02:00:00+00:00,1.0
2021-03-08 03:00:00+00:00,1.0
2021-03-08 04:00:00+00:00,1.0
2021-03-08 05:00:00+00:00,43.25
2021-03-08 06:00:00+00:00,2136.25
2021-03-08 07:00:00+00:00,7928.25
2021-03-08 08:00:00+00:00,14424.0
2021-03-08 09:00:00+00:00,19772.75
2021-03-08 10:00:00+00:00,23138.5
2021-03-08 11:00:00+00:00,24000.75
2021-03-08 12:00:00+00:00,22501.25
2021-03-08 13:00:00+00:00,18747.75
2021-03-08 14:00:00+00:00,13302.0
2021-03-08 15:00:00+00:00,7030.75
2021-03-08 16:00:00+00:00,1668.5
2021-03-08 17:00:00+00:00,22.0
2021-03-08 18:00:00+00:00,0.75
2021-03-08 19:00:00+00:00,1.0
2021-03-08 20:00:00+00:00,0.5
2021-03-08 21:00:00+00:00,0.5
2021-03-08 22:00:00+00:00,0.5
2021-03-08 23:00:00+00:00,0.25
2021-03-09 00:00:00+00:00,0.75
2021-03-09 01:00:00+00:00,1.0
2021-03-09 02:00:00+00:00,0.5
2021-03-09 03:00:00+00:00,0.75
2021-03-09 04:00:00+00:00,0.5
2021-03-09 05:00:00+00:00,62.75
2021-03-09 06:00:00+00:00,1876.25
2021-03-09 07:00:00+00:00,6236.5
2021-03-09 08:00:00+00:00,11347.0
2021-03-09 09:00:00+00:00,15383.75
2021-03-09 10:00:00+00:00,17508.0
2021-03-09 11:00:00+00:00,17421.25
2021-03-09 12:00:00+00:00,15489.25
2021-03-09 13:00:00+00:00,12337.75
2021-03-09 14:00:00+00:00,8417.75
2021-03-09 15:00:00+00:00,4207.25
2021-03-09 16:00:00+00:00,964.25
2021-03-09 17:00:00+00:00,9.0
2021-03-09 18:00:00+00:00,0.75
2021-03-09 19:00:00+00:00,0.75
2021-03-09 20:00:00+00:00,0.25
2021-03-09 21:00:00+00:00,0.5
2021-03-09 22:00:00+00:00,0.25
2021-03-09 23:00:00+00:00,0.25
2021-03-10 00:00:00+00:00,0.0
2021-03-10 01:00:00+00:00,0.5
2021-03-10 02:00:00+00:00,1.0
2021-03-10 03:00:00+00:00,0.75
2021-03-10 04:00:00+00:00,0.75
2021-03-10 05:00:00+00:00,88.0
2021-03-10 06:00:00+00:00,1502.75
2021-03-10 07:00:00+00:00,4684.0
2021-03-10 08:00:00+00:00,8910.0
2021-03-10 09:00:00+00:00,12442.75
2021-03-10 10:00:00+00:00,14758.5
2021-03-10 11:00:00+00:00,15269.5
2021-03-10 12:00:00+00:00,15016.25
2021-03-10 13:00:00+00:00,13299.75
2021-03-10 14:00:00+00:00,9883.75
2021-03-10 15:00:00+00:00,5233.75
2021-03-10 16:00:00+00:00,1224.25
2021-03-10 17:00:00+00:00,11.25
2021-03-10 18:00:00+00:00,1.0
2021-03-10 19:00:00+00:00,0.75
2021-03-10 20:00:00+00:00,0.0
2021-03-10 21:00:00+00:00,0.0
2021-03-10 22:00:00+00:00,0.5
2021-03-10 23:00:00+00:00,0.75
2021-03-11 00:00:00+00:00,0.25
2021-03-11 01:00:00+00:00,1.0
2021-03-11 02:00:00+00:00,0.75
2021-03-11 03:00:00+00:00,0.75
2021-03-11 04:00:00+00:00,0.75
2021-03-11 05:00:00+00:00,52.25
2021-03-11 06:00:00+00:00,371.5
2021-03-11 07:00:00+00:00,1493.75
2021-03-11 08:00:00+00:00,3295.75
2021-03-11 09:00:00+00:00,5766.75
2021-03-11 10:00:00+00:00,8825.5
2021-03-11 11:00:00+00:00,10748.25
2021-03-11 12:00:00+00:00,10811.25
2021-03-11 13:00:00+00:00,8897.75
2021-03-11 14:00:00+00:00,6787.5
2021-03-11 15:00:00+00:00,4276.0
2021-03-11 16:00:00+00:00,1179.75
2021-03-11 17:00:00+00:00,25.5
2021-03-11 18:00:00+00:00,1.0
2021-03-11 19:00:00+00:00,0.25
2021-03-11 20:00:00+00:00,0.5
2021-03-11 21:00:00+00:00,0.0
2021-03-11 22:00:00+00:00,0.75
2021-03-11 23:00:00+00:00,0.75
2021-03-12 00:00:00+00:00,0.5
2021-03-12 01:00:00+00:00,0.5
2021-03-12 02:00:00+00:00,1.0
2021-03-12 03:00:00+00:00,0.75
2021-03-12 04:00:00+00:00,1.0
2021-03-12 05:00:00+00:00,70.0
2021-03-12 06:00:00+00:00,1878.75
2021-03-12 07:00:00+00:00,6764.5
2021-03-12 08:00:00+00:00,12115.75
2021-03-12 09:00:00+00:00,15615.25
2021-03-12 10:00:00+00:00,17123.0
2021-03-12 11:00:00+00:00,17456.25
2021-03-12 12:00:00+00:00,16584.5
2021-03-12 13:00:00+00:00,14135.25
2021-03-12 14:00:00+00:00,10639.5
2021-03-12 15:00:00+00:00,6094.0
2021-03-12 16:00:00+00:00,1673.75
2021-03-12 17:00:00+00:00,32.0
2021-03-12 18:00:00+00:00,0.5
2021-03-12 19:00:00+00:00,0.0
2021-03-12 20:00:00+00:00,0.0
2021-03-12 21:00:00+00:00,0.25
2021-03-12 22:00:00+00:00,0.25
2021-03-12 23:00:00+00:00,1.0
2021-03-13 00:00:00+00:00,1.0
2021-03-13 01:00:00+00:00,1.0
2021-03-13 02:00:00+00:00,1.0
2021-03-13 03:00:00+00:00,1.0
2021-03-13 04:00:00+00:00,1.0
2021-03-13 05:00:00+00:00,94.0
2021-03-13 06:00:00+00:00,1489.0
2021-03-13 07:00:00+00:00,3908.5
2021-03-13 08:00:00+00:00,6235.75
2021-03-13 09:00:00+00:00,7642.75
2021-03-13 10:00:00+00:00,9096.0
2021-03-13 11:00:00+00:00,10646.25
2021-03-13 12:00:00+00:00,10420.5
2021-03-13 13:00:00+00:00,8677.25
2021-03-13 14:00:00+00:00,6805.0
2021-03-13 15:00:00+00:00,4091.25
2021-03-13 16:00:00+00:00,1304.25
2021-03-13 17:00:00+00:00,44.25
2021-03-13 18:00:00+00:00,1.0
2021-03-13 19:00:00+00:00,1.0
2021-03-13 20:00:00+00:00,1.0
2021-03-13 21:00:00+00:00,1.0
2021-03-13 22:00:00+00:00,1.0
2021-03-13 23:00:00+00:00,0.25
2021-03-14 00:00:00+00:00,0.0
2021-03-14 01:00:00+00:00,0.5
2021-03-14 02:00:00+00:00,0.5
2021-03-14 03:00:00+00:00,0.75
2021-03-14 04:00:00+00:00,0.75
2021-03-14 05:00:00+00:00,76.75
2021-03-14 06:00:00+00:00,1102.0
2021-03-14 07:00:00+00:00,3673.5
2021-03-14 08:00:00+00:00,6632.5
2021-03-14 09:00:00+00:00,9513.0
2021-03-14 10:00:00+00:00,11566.75
2021-03-14 11:00:00+00:00,12940.75
2021-03-14 12:00:00+00:00,13100.5
2021-03-14 13:00:00+00:00,12323.25
2021-03-14 14:00:00+00:00,9890.25
2021-03-14 15:00:00+00:00,5901.25
2021-03-14 16:00:00+00:00,1780.5
2021-03-14 17:00:00+00:00,49.0
2021-03-14 18:00:00+00:00,0.75
2021-03-14 19:00:00+00:00,0.0
2021-03-14 20:00:00+00:00,0.5
2021-03-14 21:00:00+00:00,0.5
2021-03-14 22:00:00+00:00,0.25
2021-03-14 23:00:00+00:00,0.5
2021-03-15 00:00:00+00:00,0.5
2021-03-15 01:00:00+00:00,1.0
2021-03-15 02:00:00+00:00,1.0
2021-03-15 03:00:00+00:00,1.0
2021-03-15 04:00:00+00:00,1.0
2021-03-15 05:00:00+00:00,92.25
2021-03-15 06:00:00+00:00,1233.25
2021-03-15 07:00:00+00:00,3755.75
2021-03-15 08:00:00+00:00,6214.25
2021-03-15 09:00:00+00:00,8147.0
2021-03-15 10:00:00+00:00,9879.25
2021-03-15 11:00:00+00:00,11531.0
2021-03-15 12:00:00+00:00,12056.75
2021-03-15 13:00:00+00:00,11450.5
2021-03-15 14:00:00+00:00,9172.25
2021-03-15 15:00:00+00:00,5847.25
2021-03-15 16:00:00+00:00,1952.25
2021-03-15 17:00:00+00:00,77.5
2021-03-15 18:00:00+00:00,1.0
2021-03-15 19:00:00+00:00,1.0
2021-03-15 20:00:00+00:00,0.75
2021-03-15 21:00:00+00:00,0.75
2021-03-15 22:00:00+00:00,1.0
2021-03-15 23:00:00+00:00,0.75
2021-03-16 00:00:00+00:00,0.75
2021-03-16 01:00:00+00:00,1.0
2021-03-16 02:00:00+00:00,1.0
2021-03-16 03:00:00+00:00,1.0
2021-03-16 04:00:00+00:00,1.0
2021-03-16 05:00:00+00:00,112.5
2021-03-16 06:00:00+00:00,1487.0
2021-03-16 07:00:00+00:00,4690.5
2021-03-16 08:00:00+00:00,8352.25
2021-03-16 09:00:00+00:00,10966.75
2021-03-16 10:00:00+00:00,12349.25
2021-03-16 11:00:00+00:00,13090.25
2021-03-16 12:00:00+00:00,12524.25
2021-03-16 13:00:00+00:00,11130.5
2021-03-16 14:00:00+00:00,8887.0
2021-03-16 15:00:00+00:00,5566.75
2021-03-16 16:00:00+00:00,1790.0
2021-03-16 17:00:00+00:00,61.75
2021-03-16 18:00:00+00:00,1.0
2021-03-16 19:00:00+00:00,1.0
2021-03-16 20:00:00+00:00,0.75
2021-03-16 21:00:00+00:00,1.0
2021-03-16 22:00:00+00:00,1.0
2021-03-16 23:00:00+00:00,1.0
2021-03-17 00:00:00+00:00,1.0
2021-03-17 01:00:00+00:00,1.0
2021-03-17 02:00:00+00:00,1.0
2021-03-17 03:00:00+00:00,1.0
2021-03-17 04:00:00+00:00,1.0
2021-03-17 05:00:00+00:00,111.0
2021-03-17 06:00:00+00:00,1356.5
2021-03-17 07:00:00+00:00,4121.25
2021-03-17 08:00:00+00:00,7302.75
2021-03-17 09:00:00+00:00,9858.0
2021-03-17 10:00:00+00:00,11625.5
2021-03-17 11:00:00+00:00,12786.25
2021-03-17 12:00:00+00:00,13017.25
2021-03-17 13:00:00+00:00,11748.25
2021-03-17 14:00:00+00:00,9452.5
2021-03-17 15:00:00+00:00,5900.25
2021-03-17 16:00:00+00:00,1982.75
2021-03-17 17:00:00+00:00,103.5
2021-03-17 18:00:00+00:00,1.0
2021-03-17 19:00:00+00:00,1.0
2021-03-17 20:00:00+00:00,1.0
2021-03-17 21:00:00+00:00,1.0
2021-03-17 22:00:00+00:00,1.0
2021-03-17 23:00:00+00:00,1.0
2021-03-18 00:00:00+00:00,1.0
2021-03-18 01:00:00+00:00,1.0
2021-03-18 02:00:00+00:00,1.0
2021-03-18 03:00:00+00:00,1.0
2021-03-18 04:00:00+00:00,1.0
2021-03-18 05:00:00+00:00,155.5
2021-03-18 06:00:00+00:00,2222.0
2021-03-18 07:00:00+00:00,6640.5
2021-03-18 08:00:00+00:00,11790.25
2021-03-18 09:00:00+00:00,14941.0
2021-03-18 10:00:00+00:00,15641.25
2021-03-18 11:00:00+00:00,15417.0
2021-03-18 12:00:00+00:00,15200.5
2021-03-18 13:00:00+00:00,13304.25
2021-03-18 14:00:00+00:00,9984.25
2021-03-18 15:00:00+00:00,5765.75
2021-03-18 16:00:00+00:00,1828.25
2021-03-18 17:00:00+00:00,88.5
2021-03-18 18:00:00+00:00,1.0
2021-03-18 19:00:00+00:00,1.0
2021-03-18 20:00:00+00:00,1.0
2021-03-18 21:00:00+00:00,0.75
2021-03-18 22:00:00+00:00,1.0
2021-03-18 23:00:00+00:00,1.0
2021-03-19 00:00:00+00:00,1.0
2021-03-19 01:00:00+00:00,1.0
2021-03-19 02:00:00+00:00,1.0
2021-03-19 03:00:00+00:00,1.0
2021-03-19 04:00:00+00:00,1.0
2021-03-19 05:00:00+00:00,169.75
2021-03-19 06:00:00+00:00,1859.0
2021-03-19 07:00:00+00:00,5484.25
2021-03-19 08:00:00+00:00,9562.75
2021-03-19 09:00:00+00:00,13199.5
2021-03-19 10:00:00+00:00,15786.0
2021-03-19 11:00:00+00:00,16251.25
2021-03-19 12:00:00+00:00,14971.0
2021-03-19 13:00:00+00:00,13423.25
2021-03-19 14:00:00+00:00,10681.5
2021-03-19 15:00:00+00:00,6684.25
2021-03-19 16:00:00+00:00,2368.25
2021-03-19 17:00:00+00:00,156.5
2021-03-19 18:00:00+00:00,1.0
2021-03-19 19:00:00+00:00,0.5
2021-03-19 20:00:00+00:00,1.0
2021-03-19 21:00:00+00:00,1.0
2021-03-19 22:00:00+00:00,1.0
2021-03-19 23:00:00+00:00,1.0
2021-03-20 00:00:00+00:00,1.0
2021-03-20 01:00:00+00:00,1.0
2021-03-20 02:00:00+00:00,1.0
2021-03-20 03:00:00+00:00,1.0
2021-03-20 04:00:00+00:00,1.5
2021-03-20 05:00:00+00:00,313.0
2021-03-20 06:00:00+00:00,3101.0
2021-03-20 07:00:00+00:00,8419.25
2021-03-20 08:00:00+00:00,14064.5
2021-03-20 09:00:00+00:00,17866.0
2021-03-20 10:00:00+00:00,20448.75
2021-03-20 11:00:00+00:00,21426.25
2021-03-20 12:00:00+00:00,20542.75
2021-03-20 13:00:00+00:00,17294.5
2021-03-20 14:00:00+00:00,12214.0
2021-03-20 15:00:00+00:00,6693.75
2021-03-20 16:00:00+00:00,2191.25
2021-03-20 17:00:00+00:00,128.75
2021-03-20 18:00:00+00:00,1.0
2021-03-20 19:00:00+00:00,1.0
2021-03-20 20:00:00+00:00,1.0
2021-03-20 21:00:00+00:00,1.0
2021-03-20 22:00:00+00:00,1.0
2021-03-20 23:00:00+00:00,1.0
2021-03-21 00:00:00+00:00,1.0
2021-03-21 01:00:00+00:00,1.0
2021-03-21 02:00:00+00:00,1.0
2021-03-21 03:00:00+00:00,1.0
2021-03-21 04:00:00+00:00,1.25
2021-03-21 05:00:00+00:00,139.75
2021-03-21 06:00:00+00:00,1240.25
2021-03-21 07:00:00+00:00,3106.5
2021-03-21 08:00:00+00:00,5170.5
2021-03-21 09:00:00+00:00,7292.0
2021-03-21 10:00:00+00:00,9380.0
2021-03-21 11:00:00+00:00,11064.0
2021-03-21 12:00:00+00:00,11550.75
2021-03-21 13:00:00+00:00,10915.75
2021-03-21 14:00:00+00:00,8517.75
2021-03-21 15:00:00+00:00,5125.75
2021-03-21 16:00:00+00:00,1763.75
2021-03-21 17:00:00+00:00,109.0
2021-03-21 18:00:00+00:00,1.0
2021-03-21 19:00:00+00:00,1.0
2021-03-21 20:00:00+00:00,1.0
2021-03-21 21:00:00+00:00,1.0
2021-03-21 22:00:00+00:00,1.0
2021-03-21 23:00:00+00:00,1.0
2021-03-22 00:00:00+00:00,1.0
2021-03-22 01:00:00+00:00,1.0
2021-03-22 02:00:00+00:00,1.0
2021-03-22 03:00:00+00:00,1.0
2021-03-22 04:00:00+00:00,2.5
2021-03-22 05:00:00+00:00,346.75
2021-03-22 06:00:00+00:00,2558.25
2021-03-22 07:00:00+00:00,6241.5
2021-03-22 08:00:00+00:00,10254.25
2021-03-22 09:00:00+00:00,13474.0
2021-03-22 10:00:00+00:00,15045.5
2021-03-22 11:00:00+00:00,15084.75
2021-03-22 12:00:00+00:00,13748.25
2021-03-22 13:00:00+00:00,11551.0
2021-03-22 14:00:00+00:00,8460.5
2021-03-22 15:00:00+00:00,5078.75
2021-03-22 16:00:00+00:00,1721.25
2021-03-22 17:00:00+00:00,93.75
2021-03-22 18:00:00+00:00,1.0
2021-03-22 19:00:00+00:00,1.0
2021-03-22 20:00:00+00:00,1.0
2021-03-22 21:00:00+00:00,1.0
2021-03-22 22:00:00+00:00,1.0
2021-03-22 23:00:00+00:00,1.0
2021-03-23 00:00:00+00:00,1.0
2021-03-23 01:00:00+00:00,1.0
2021-03-23 02:00:00+00:00,1.0
2021-03-23 03:00:00+00:00,1.0
2021-03-23 04:00:00+00:00,2.0
2021-03-23 05:00:00+00:00,208.0
2021-03-23 06:00:00+00:00,1736.0
2021-03-23 07:00:00+00:00,4426.75
2021-03-23 08:00:00+00:00,7311.5
2021-03-23 09:00:00+00:00,9768.5
2021-03-23 10:00:00+00:00,10752.0
2021-03-23 11:00:00+00:00,10644.75
2021-03-23 12:00:00+00:00,9938.75
2021-03-23 13:00:00+00:00,8951.25
2021-03-23 14:00:00+00:00,7375.75
2021-03-23 15:00:00+00:00,4996.0
2021-03-23 16:00:00+00:00,2115.25
2021-03-23 17:00:00+00:00,202.0
2021-03-23 18:00:00+00:00,1.0
2021-03-23 19:00:00+00:00,1.0
2021-03-23 20:00:00+00:00,1.0
2021-03-23 21:00:00+00:00,1.0
2021-03-23 22:00:00+00:00,1.0
2021-03-23 23:00:00+00:00,1.0
2021-03-24 00:00:00+00:00,1.0
2021-03-24 01:00:00+00:00,1.0
2021-03-24 02:00:00+00:00,1.0
2021-03-24 03:00:00+00:00,1.0
2021-03-24 04:00:00+00:00,3.0
2021-03-24 05:00:00+00:00,461.75
2021-03-24 06:00:00+00:00,3941.5
2021-03-24 07:00:00+00:00,10271.5
2021-03-24 08:00:00+00:00,17363.5
2021-03-24 09:00:00+00:00,23385.0
2021-03-24 10:00:00+00:00,27876.0
2021-03-24 11:00:00+00:00,29098.25
2021-03-24 12:00:00+00:00,28382.75
2021-03-24 13:00:00+00:00,25259.75
2021-03-24 14:00:00+00:00,19557.0
2021-03-24 15:00:00+00:00,11774.25
2021-03-24 16:00:00+00:00,4222.25
2021-03-24 17:00:00+00:00,330.25
2021-03-24 18:00:00+00:00,1.0
2021-03-24 19:00:00+00:00,1.0
2021-03-24 20:00:00+00:00,1.0
2021-03-24 21:00:00+00:00,1.0
2021-03-24 22:00:00+00:00,1.0
2021-03-24 23:00:00+00:00,1.0
2021-03-25 00:00:00+00:00,1.0
2021-03-25 01:00:00+00:00,1.0
2021-03-25 02:00:00+00:00,1.0
2021-03-25 03:00:00+00:00,1.0
2021-03-25 04:00:00+00:00,2.0
2021-03-25 05:00:00+00:00,786.75
2021-03-25 06:00:00+00:00,5442.25
2021-03-25 07:00:00+00:00,11936.0
2021-03-25 08:00:00+00:00,18524.5
2021-03-25 09:00:00+00:00,23573.75
2021-03-25 10:00:00+00:00,26628.75
2021-03-25 11:00:00+00:00,27118.25
2021-03-25 12:00:00+00:00,24708.75
2021-03-25 13:00:00+00:00,20038.75
2021-03-25 14:00:00+00:00,14119.0
2021-03-25 15:00:00+00:00,7944.0
2021-03-25 16:00:00+00:00,2882.5
2021-03-25 17:00:00+00:00,271.75
2021-03-25 18:00:00+00:00,1.0
2021-03-25 19:00:00+00:00,1.0
2021-03-25 20:00:00+00:00,1.0
2021-03-25 21:00:00+00:00,1.0
2021-03-25 22:00:00+00:00,1.0
2021-03-25 23:00:00+00:00,1.0
2021-03-26 00:00:00+00:00,1.0
2021-03-26 01:00:00+00:00,1.0
2021-03-26 02:00:00+00:00,1.0
2021-03-26 03:00:00+00:00,1.0
2021-03-26 04:00:00+00:00,2.5
2021-03-26 05:00:00+00:00,774.75
2021-03-26 06:00:00+00:00,5134.75
2021-03-26 07:00:00+00:00,12166.25
2021-03-26 08:00:00+00:00,19320.5
2021-03-26 09:00:00+00:00,24860.5
2021-03-26 10:00:00+00:00,27381.0
2021-03-26 11:00:00+00:00,27213.25
2021-03-26 12:00:00+00:00,25104.0
2021-03-26 13:00:00+00:00,21353.75
2021-03-26 14:00:00+00:00,16402.0
2021-03-26 15:00:00+00:00,9574.25
2021-03-26 16:00:00+00:00,3583.5
2021-03-26 17:00:00+00:00,367.25
2021-03-26 18:00:00+00:00,1.0
2021-03-26 19:00:00+00:00,1.0
2021-03-26 20:00:00+00:00,0.75
2021-03-26 21:00:00+00:00,0.0
2021-03-26 22:00:00+00:00,0.5
2021-03-26 23:00:00+00:00,0.75
2021-03-27 00:00:00+00:00,0.75
2021-03-27 01:00:00+00:00,1.0
2021-03-27 02:00:00+00:00,1.0
2021-03-27 03:00:00+00:00,1.0
2021-03-27 04:00:00+00:00,4.5
2021-03-27 05:00:00+00:00,391.25
2021-03-27 06:00:00+00:00,2505.0
2021-03-27 07:00:00+00:00,6097.25
2021-03-27 08:00:00+00:00,10111.25
2021-03-27 09:00:00+00:00,14817.0
2021-03-27 10:00:00+00:00,18275.0
2021-03-27 11:00:00+00:00,19686.0
2021-03-27 12:00:00+00:00,18744.5
2021-03-27 13:00:00+00:00,16189.5
2021-03-27 14:00:00+00:00,12308.25
2021-03-27 15:00:00+00:00,7770.0
2021-03-27 16:00:00+00:00,3145.25
2021-03-27 17:00:00+00:00,355.25
2021-03-27 18:00:00+00:00,1.0
2021-03-27 19:00:00+00:00,1.0
2021-03-27 20:00:00+00:00,1.0
2021-03-27 21:00:00+00:00,1.0
2021-03-27 22:00:00+00:00,1.0
2021-03-27 23:00:00+00:00,1.0
2021-03-28 00:00:00+00:00,1.0
2021-03-28 01:00:00+00:00,1.0
2021-03-28 02:00:00+00:00,1.0
2021-03-28 03:00:00+00:00,1.0
2021-03-28 04:00:00+00:00,5.25
2021-03-28 05:00:00+00:00,771.0
2021-03-28 06:00:00+00:00,4648.75
2021-03-28 07:00:00+00:00,10447.25
2021-03-28 08:00:00+00:00,16418.5
2021-03-28 09:00:00+00:00,21794.25
2021-03-28 10:00:00+00:00,24144.0
2021-03-28 11:00:00+00:00,23820.75
2021-03-28 12:00:00+00:00,22327.25
2021-03-28 13:00:00+00:00,19257.25
2021-03-28 14:00:00+00:00,14249.25
2021-03-28 15:00:00+00:00,8259.0
2021-03-28 16:00:00+00:00,2887.75
2021-03-28 17:00:00+00:00,284.75
2021-03-28 18:00:00+00:00,1.0
2021-03-28 19:00:00+00:00,1.0
2021-03-28 20:00:00+00:00,0.75
2021-03-28 21:00:00+00:00,1.0
2021-03-28 22:00:00+00:00,1.0
2021-03-28 23:00:00+00:00,1.0
2021-03-29 00:00:00+00:00,1.0
2021-03-29 01:00:00+00:00,1.0
2021-03-29 02:00:00+00:00,1.0
2021-03-29 03:00:00+00:00,1.0
2021-03-29 04:00:00+00:00,8.0
2021-03-29 05:00:00+00:00,797.5
2021-03-29 06:00:00+00:00,5104.75
2021-03-29 07:00:00+00:00,11475.0
2021-03-29 08:00:00+00:00,18115.0
2021-03-29 09:00:00+00:00,23696.25
2021-03-29 10:00:00+00:00,27351.75
2021-03-29 11:00:00+00:00,29064.0
2021-03-29 12:00:00+00:00,28387.75
2021-03-29 13:00:00+00:00,25166.0
2021-03-29 14:00:00+00:00,19344.25
2021-03-29 15:00:00+00:00,12149.0
2021-03-29 16:00:00+00:00,4848.75
2021-03-29 17:00:00+00:00,593.5
2021-03-29 18:00:00+00:00,1.25
2021-03-29 19:00:00+00:00,1.0
2021-03-29 20:00:00+00:00,1.0
2021-03-29 21:00:00+00:00,1.0
2021-03-29 22:00:00+00:00,1.0
2021-03-29 23:00:00+00:00,1.0
2021-03-30 00:00:00+00:00,1.0
2021-03-30 01:00:00+00:00,1.0
2021-03-30 02:00:00+00:00,1.0
2021-03-30 03:00:00+00:00,1.0
2021-03-30 04:00:00+00:00,14.5
2021-03-30 05:00:00+00:00,1442.25
2021-03-30 06:00:00+00:00,7600.25
2021-03-30 07:00:00+00:00,16341.5
2021-03-30 08:00:00+00:00,24014.75
2021-03-30 09:00:00+00:00,29123.75
2021-03-30 10:00:00+00:00,31920.25
2021-03-30 11:00:00+00:00,32448.5
2021-03-30 12:00:00+00:00,30800.25
2021-03-30 13:00:00+00:00,27013.5
2021-03-30 14:00:00+00:00,21059.75
2021-03-30 15:00:00+00:00,13183.0
2021-03-30 16:00:00+00:00,5209.25
2021-03-30 17:00:00+00:00,634.25
2021-03-30 18:00:00+00:00,1.25
2021-03-30 19:00:00+00:00,1.0
2021-03-30 20:00:00+00:00,0.75
2021-03-30 21:00:00+00:00,1.0
2021-03-30 22:00:00+00:00,1.0
2021-03-30 23:00:00+00:00,1.0
2021-03-31 00:00:00+00:00,1.0
2021-03-31 01:00:00+00:00,1.0
2021-03-31 02:00:00+00:00,1.0
2021-03-31 03:00:00+00:00,1.0
2021-03-31 04:00:00+00:00,13.5
2021-03-31 05:00:00+00:00,1527.0
2021-03-31 06:00:00+00:00,7683.5
2021-03-31 07:00:00+00:00,16082.75
2021-03-31 08:00:00+00:00,23537.25
2021-03-31 09:00:00+00:00,28575.5
2021-03-31 10:00:00+00:00,31293.5
2021-03-31 11:00:00+00:00,31782.0
2021-03-31 12:00:00+00:00,30346.75
2021-03-31 13:00:00+00:00,26709.25
2021-03-31 14:00:00+00:00,20769.75
2021-03-31 15:00:00+00:00,13084.75
2021-03-31 16:00:00+00:00,5159.0
2021-03-31 17:00:00+00:00,618.25
2021-03-31 18:00:00+00:00,1.0
2021-03-31 19:00:00+00:00,1.0
2021-03-31 20:00:00+00:00,0.75
2021-03-31 21:00:00+00:00,0.5
2021-03-31 22:00:00+00:00,0.0
2021-03-31 23:00:00+00:00,0.0
2021-04-01 00:00:00+00:00,0.0
2021-04-01 01:00:00+00:00,0.0
2021-04-01 02:00:00+00:00,0.0
2021-04-01 03:00:00+00:00,0.25
2021-04-01 04:00:00+00:00,17.25
2021-04-01 05:00:00+00:00,1227.25
2021-04-01 06:00:00+00:00,5621.75
2021-04-01 07:00:00+00:00,11517.5
2021-04-01 08:00:00+00:00,17413.25
2021-04-01 09:00:00+00:00,21903.25
2021-04-01 10:00:00+00:00,24757.0
2021-04-01 11:00:00+00:00,25252.75
2021-04-01 12:00:00+00:00,23495.5
2021-04-01 13:00:00+00:00,19918.75
2021-04-01 14:00:00+00:00,15060.25
2021-04-01 15:00:00+00:00,9403.5
2021-04-01 16:00:00+00:00,3929.5
2021-04-01 17:00:00+00:00,575.75
2021-04-01 18:00:00+00:00,1.25
2021-04-01 19:00:00+00:00,0.0
2021-04-01 20:00:00+00:00,0.0
2021-04-01 21:00:00+00:00,0.0
2021-04-01 22:00:00+00:00,0.0
2021-04-01 23:00:00+00:00,0.0
2021-04-02 00:00:00+00:00,0.25
2021-04-02 01:00:00+00:00,0.5
2021-04-02 02:00:00+00:00,0.75
2021-04-02 03:00:00+00:00,0.75
2021-04-02 04:00:00+00:00,23.5
2021-04-02 05:00:00+00:00,1159.75
2021-04-02 06:00:00+00:00,4974.0
2021-04-02 07:00:00+00:00,9654.0
2021-04-02 08:00:00+00:00,13710.75
2021-04-02 09:00:00+00:00,17464.25
2021-04-02 10:00:00+00:00,20497.75
2021-04-02 11:00:00+00:00,22472.25
2021-04-02 12:00:00+00:00,23003.25
2021-04-02 13:00:00+00:00,21363.0
2021-04-02 14:00:00+00:00,17107.5
2021-04-02 15:00:00+00:00,10688.0
2021-04-02 16:00:00+00:00,4229.75
2021-04-02 17:00:00+00:00,559.25
2021-04-02 18:00:00+00:00,1.25
2021-04-02 19:00:00+00:00,0.25
2021-04-02 20:00:00+00:00,0.0
2021-04-02 21:00:00+00:00,0.0
2021-04-02 22:00:00+00:00,0.0
2021-04-02 23:00:00+00:00,0.0
2021-04-03 00:00:00+00:00,0.0
2021-04-03 01:00:00+00:00,0.25
2021-04-03 02:00:00+00:00,1.0
2021-04-03 03:00:00+00:00,1.0
2021-04-03 04:00:00+00:00,33.0
2021-04-03 05:00:00+00:00,1351.75
2021-04-03 06:00:00+00:00,5992.25
2021-04-03 07:00:00+00:00,12090.5
2021-04-03 08:00:00+00:00,17769.5
2021-04-03 09:00:00+00:00,22128.25
2021-04-03 10:00:00+00:00,23113.5
2021-04-03 11:00:00+00:00,21618.5
2021-04-03 12:00:00+00:00,20493.25
2021-04-03 13:00:00+00:00,18685.75
2021-04-03 14:00:00+00:00,14830.25
2021-04-03 15:00:00+00:00,9850.5
2021-04-03 16:00:00+00:00,4394.75
2021-04-03 17:00:00+00:00,709.5
2021-04-03 18:00:00+00:00,2.5
2021-04-03 19:00:00+00:00,1.0
2021-04-03 20:00:00+00:00,0.25
2021-04-03 21:00:00+00:00,0.0
2021-04-03 22:00:00+00:00,0.0
2021-04-03 23:00:00+00:00,0.0
2021-04-04 00:00:00+00:00,0.0
2021-04-04 01:00:00+00:00,1.0
2021-04-04 02:00:00+00:00,1.0
2021-04-04 03:00:00+00:00,1.0
2021-04-04 04:00:00+00:00,41.75
2021-04-04 05:00:00+00:00,1911.25
2021-04-04 06:00:00+00:00,7595.0
2021-04-04 07:00:00+00:00,14436.75
2021-04-04 08:00:00+00:00,19807.0
2021-04-04 09:00:00+00:00,22541.0
2021-04-04 10:00:00+00:00,23433.75
2021-04-04 11:00:00+00:00,23999.0
2021-04-04 12:00:00+00:00,23291.75
2021-04-04 13:00:00+00:00,21285.5
2021-04-04 14:00:00+00:00,17191.75
2021-04-04 15:00:00+00:00,11311.0
2021-04-04 16:00:00+00:00,4889.5
2021-04-04 17:00:00+00:00,728.25
2021-04-04 18:00:00+00:00,2.25
2021-04-04 19:00:00+00:00,0.0
2021-04-04 20:00:00+00:00,0.0
2021-04-04 21:00:00+00:00,0.0
2021-04-04 22:00:00+00:00,0.0
2021-04-04 23:00:00+00:00,0.0
2021-04-05 00:00:00+00:00,0.0
2021-04-05 01:00:00+00:00,0.25
2021-04-05 02:00:00+00:00,0.5
2021-04-05 03:00:00+00:00,0.25
2021-04-05 04:00:00+00:00,39.25
2021-04-05 05:00:00+00:00,1135.0
2021-04-05 06:00:00+00:00,4046.25
2021-04-05 07:00:00+00:00,7276.75
2021-04-05 08:00:00+00:00,10277.25
2021-04-05 09:00:00+00:00,12170.0
2021-04-05 10:00:00+00:00,13668.25
2021-04-05 11:00:00+00:00,14630.0
2021-04-05 12:00:00+00:00,13722.5
2021-04-05 13:00:00+00:00,11908.25
2021-04-05 14:00:00+00:00,9439.5
2021-04-05 15:00:00+00:00,6266.5
2021-04-05 16:00:00+00:00,2898.0
2021-04-05 17:00:00+00:00,545.5
2021-04-05 18:00:00+00:00,3.0
2021-04-05 19:00:00+00:00,0.0
2021-04-05 20:00:00+00:00,0.0
2021-04-05 21:00:00+00:00,0.0
2021-04-05 22:00:00+00:00,0.0
2021-04-05 23:00:00+00:00,0.0
2021-04-06 00:00:00+00:00,0.0
2021-04-06 01:00:00+00:00,0.0
2021-04-06 02:00:00+00:00,0.0
2021-04-06 03:00:00+00:00,0.25
2021-04-06 04:00:00+00:00,58.75
2021-04-06 05:00:00+00:00,896.25
2021-04-06 06:00:00+00:00,3231.75
2021-04-06 07:00:00+00:00,6648.25
2021-04-06 08:00:00+00:00,10258.25
2021-04-06 09:00:00+00:00,13616.75
2021-04-06 10:00:00+00:00,16613.25
2021-04-06 11:00:00+00:00,18536.25
2021-04-06 12:00:00+00:00,18785.75
2021-04-06 13:00:00+00:00,16604.25
2021-04-06 14:00:00+00:00,13241.0
2021-04-06 15:00:00+00:00,8401.75
2021-04-06 16:00:00+00:00,3664.5
2021-04-06 17:00:00+00:00,632.0
2021-04-06 18:00:00+00:00,2.5
2021-04-06 19:00:00+00:00,1.0
2021-04-06 20:00:00+00:00,0.5
2021-04-06 21:00:00+00:00,0.5
2021-04-06 22:00:00+00:00,0.0
2021-04-06 23:00:00+00:00,0.0
2021-04-07 00:00:00+00:00,0.0
2021-04-07 01:00:00+00:00,0.0
2021-04-07 02:00:00+00:00,0.5
2021-04-07 03:00:00+00:00,0.25
2021-04-07 04:00:00+00:00,68.0
2021-04-07 05:00:00+00:00,661.5
2021-04-07 06:00:00+00:00,2304.25
2021-04-07 07:00:00+00:00,5216.25
2021-04-07 08:00:00+00:00,8842.25
2021-04-07 09:00:00+00:00,11599.0
2021-04-07 10:00:00+00:00,13398.75
2021-04-07 11:00:00+00:00,13901.5
2021-04-07 12:00:00+00:00,13171.5
2021-04-07 13:00:00+00:00,11027.75
2021-04-07 14:00:00+00:00,8324.0
2021-04-07 15:00:00+00:00,5277.0
2021-04-07 16:00:00+00:00,2411.75
2021-04-07 17:00:00+00:00,472.0
2021-04-07 18:00:00+00:00,4.5
2021-04-07 19:00:00+00:00,1.0
2021-04-07 20:00:00+00:00,1.0
2021-04-07 21:00:00+00:00,1.0
2021-04-07 22:00:00+00:00,0.0
2021-04-07 23:00:00+00:00,0.25
2021-04-08 00:00:00+00:00,1.0
2021-04-08 01:00:00+00:00,1.0
2021-04-08 02:00:00+00:00,1.0
2021-04-08 03:00:00+00:00,1.0
2021-04-08 04:00:00+00:00,72.25
2021-04-08 05:00:00+00:00,1059.75
2021-04-08 06:00:00+00:00,4166.0
2021-04-08 07:00:00+00:00,9148.75
2021-04-08 08:00:00+00:00,14249.0
2021-04-08 09:00:00+00:00,16354.0
2021-04-08 10:00:00+00:00,16221.0
2021-04-08 11:00:00+00:00,16444.0
2021-04-08 12:00:00+00:00,16589.75
2021-04-08 13:00:00+00:00,15751.5
2021-04-08 14:00:00+00:00,13796.25
2021-04-08 15:00:00+00:00,10004.0
2021-04-08 16:00:00+00:00,4836.0
2021-04-08 17:00:00+00:00,916.0
2021-04-08 18:00:00+00:00,4.5
2021-04-08 19:00:00+00:00,1.0
2021-04-08 20:00:00+00:00,1.0
2021-04-08 21:00:00+00:00,1.0
2021-04-08 22:00:00+00:00,1.0
2021-04-08 23:00:00+00:00,0.75
2021-04-09 00:00:00+00:00,1.0
2021-04-09 01:00:00+00:00,1.0
2021-04-09 02:00:00+00:00,1.0
2021-04-09 03:00:00+00:00,1.0
2021-04-09 04:00:00+00:00,102.25
2021-04-09 05:00:00+00:00,2458.25
2021-04-09 06:00:00+00:00,8179.75
2021-04-09 07:00:00+00:00,15024.75
2021-04-09 08:00:00+00:00,21093.5
2021-04-09 09:00:00+00:00,25374.75
2021-04-09 10:00:00+00:00,27057.25
2021-04-09 11:00:00+00:00,25709.75
2021-04-09 12:00:00+00:00,22181.75
2021-04-09 13:00:00+00:00,17987.0
2021-04-09 14:00:00+00:00,13793.25
2021-04-09 15:00:00+00:00,9203.75
2021-04-09 16:00:00+00:00,4248.75
2021-04-09 17:00:00+00:00,883.5
2021-04-09 18:00:00+00:00,4.5
2021-04-09 19:00:00+00:00,1.0
2021-04-09 20:00:00+00:00,1.0
2021-04-09 21:00:00+00:00,1.0
2021-04-09 22:00:00+00:00,0.0
2021-04-09 23:00:00+00:00,0.0
2021-04-10 00:00:00+00:00,0.0
2021-04-10 01:00:00+00:00,0.0
2021-04-10 02:00:00+00:00,0.75
2021-04-10 03:00:00+00:00,0.75
2021-04-10 04:00:00+00:00,81.75
2021-04-10 05:00:00+00:00,1094.5
2021-04-10 06:00:00+00:00,3771.0
2021-04-10 07:00:00+00:00,7119.0
2021-04-10 08:00:00+00:00,10321.5
2021-04-10 09:00:00+00:00,13203.0
2021-04-10 10:00:00+00:00,15375.0
2021-04-10 11:00:00+00:00,16222.75
2021-04-10 12:00:00+00:00,15883.25
2021-04-10 13:00:00+00:00,14483.5
2021-04-10 14:00:00+00:00,11457.75
2021-04-10 15:00:00+00:00,7370.75
2021-04-10 16:00:00+00:00,3182.5
2021-04-10 17:00:00+00:00,550.5
2021-04-10 18:00:00+00:00,2.25
2021-04-10 19:00:00+00:00,1.0
2021-04-10 20:00:00+00:00,1.0
2021-04-10 21:00:00+00:00,1.0
2021-04-10 22:00:00+00:00,1.0
2021-04-10 23:00:00+00:00,0.75
2021-04-11 00:00:00+00:00,0.25
2021-04-11 01:00:00+00:00,0.75
2021-04-11 02:00:00+00:00,0.5
2021-04-11 03:00:00+00:00,0.75
2021-04-11 04:00:00+00:00,104.25
2021-04-11 05:00:00+00:00,1574.25
2021-04-11 06:00:00+00:00,5378.0
2021-04-11 07:00:00+00:00,10998.25
2021-04-11 08:00:00+00:00,16080.25
2021-04-11 09:00:00+00:00,19353.0
2021-04-11 10:00:00+00:00,20227.5
2021-04-11 11:00:00+00:00,19783.25
2021-04-11 12:00:00+00:00,17888.25
2021-04-11 13:00:00+00:00,14370.5
2021-04-11 14:00:00+00:00,10172.0
2021-04-11 15:00:00+00:00,6015.75
2021-04-11 16:00:00+00:00,2664.75
2021-04-11 17:00:00+00:00,573.0
2021-04-11 18:00:00+00:00,14.5
2021-04-11 19:00:00+00:00,1.0
2021-04-11 20:00:00+00:00,1.0
2021-04-11 21:00:00+00:00,1.0
2021-04-11 22:00:00+00:00,1.0
2021-04-11 23:00:00+00:00,1.0
2021-04-12 00:00:00+00:00,1.0
2021-04-12 01:00:00+00:00,1.0
2021-04-12 02:00:00+00:00,1.0
2021-04-12 03:00:00+00:00,1.0
2021-04-12 04:00:00+00:00,89.0
2021-04-12 05:00:00+00:00,1042.75
2021-04-12 06:00:00+00:00,3667.75
2021-04-12 07:00:00+00:00,7093.25
2021-04-12 08:00:00+00:00,9832.0
2021-04-12 09:00:00+00:00,12228.75
2021-04-12 10:00:00+00:00,14310.75
2021-04-12 11:00:00+00:00,15176.5
2021-04-12 12:00:00+00:00,15115.75
2021-04-12 13:00:00+00:00,14048.25
2021-04-12 14:00:00+00:00,11817.5
2021-04-12 15:00:00+00:00,8456.0
2021-04-12 16:00:00+00:00,4431.5
2021-04-12 17:00:00+00:00,1177.0
2021-04-12 18:00:00+00:00,21.5
2021-04-12 19:00:00+00:00,1.0
2021-04-12 20:00:00+00:00,1.0
2021-04-12 21:00:00+00:00,1.0
2021-04-12 22:00:00+00:00,0.75
2021-04-12 23:00:00+00:00,0.0
2021-04-13 00:00:00+00:00,0.5
2021-04-13 01:00:00+00:00,0.75
2021-04-13 02:00:00+00:00,1.0
2021-04-13 03:00:00+00:00,1.0
2021-04-13 04:00:00+00:00,167.75
2021-04-13 05:00:00+00:00,2425.25
2021-04-13 06:00:00+00:00,7820.25
2021-04-13 07:00:00+00:00,14533.5
2021-04-13 08:00:00+00:00,18606.5
2021-04-13 09:00:00+00:00,19780.25
2021-04-13 10:00:00+00:00,21181.0
2021-04-13 11:00:00+00:00,21606.0
2021-04-13 12:00:00+00:00,21151.0
2021-04-13 13:00:00+00:00,19241.0
2021-04-13 14:00:00+00:00,15713.75
2021-04-13 15:00:00+00:00,10951.5
2021-04-13 16:00:00+00:00,5526.0
2021-04-13 17:00:00+00:00,1367.25
2021-04-13 18:00:00+00:00,21.25
2021-04-13 19:00:00+00:00,1.0
2021-04-13 20:00:00+00:00,1.0
2021-04-13 21:00:00+00:00,1.0
2021-04-13 22:00:00+00:00,1.0
2021-04-13 23:00:00+00:00,1.0
2021-04-14 00:00:00+00:00,1.0
2021-04-14 01:00:00+00:00,1.0
2021-04-14 02:00:00+00:00,1.0
2021-04-14 03:00:00+00:00,1.0
2021-04-14 04:00:00+00:00,206.5
2021-04-14 05:00:00+00:00,3055.75
2021-04-14 06:00:00+00:00,9681.75
2021-04-14 07:00:00+00:00,16958.75
2021-04-14 08:00:00+00:00,20157.25
2021-04-14 09:00:00+00:00,19422.25
2021-04-14 10:00:00+00:00,19353.0
2021-04-14 11:00:00+00:00,19779.75
2021-04-14 12:00:00+00:00,19623.75
2021-04-14 13:00:00+00:00,17987.5
2021-04-14 14:00:00+00:00,14621.25
2021-04-14 15:00:00+00:00,10217.0
2021-04-14 16:00:00+00:00,5242.75
2021-04-14 17:00:00+00:00,1341.0
2021-04-14 18:00:00+00:00,27.5
2021-04-14 19:00:00+00:00,1.0
2021-04-14 20:00:00+00:00,1.0
2021-04-14 21:00:00+00:00,1.0
2021-04-14 22:00:00+00:00,1.0
2021-04-14 23:00:00+00:00,1.0
2021-04-15 00:00:00+00:00,1.0
2021-04-15 01:00:00+00:00,1.0
2021-04-15 02:00:00+00:00,1.0
2021-04-15 03:00:00+00:00,1.25
2021-04-15 04:00:00+00:00,226.75
2021-04-15 05:00:00+00:00,3032.75
2021-04-15 06:00:00+00:00,9043.75
2021-04-15 07:00:00+00:00,16296.25
2021-04-15 08:00:00+00:00,21610.75
2021-04-15 09:00:00+00:00,21600.25
2021-04-15 10:00:00+00:00,20832.25
2021-04-15 11:00:00+00:00,20414.25
2021-04-15 12:00:00+00:00,19566.75
2021-04-15 13:00:00+00:00,17268.75
2021-04-15 14:00:00+00:00,14020.75
2021-04-15 15:00:00+00:00,9549.25
2021-04-15 16:00:00+00:00,4938.75
2021-04-15 17:00:00+00:00,1290.25
2021-04-15 18:00:00+00:00,26.5
2021-04-15 19:00:00+00:00,1.0
2021-04-15 20:00:00+00:00,1.0
2021-04-15 21:00:00+00:00,1.0
2021-04-15 22:00:00+00:00,1.0
2021-04-15 23:00:00+00:00,1.0
2021-04-16 00:00:00+00:00,1.0
2021-04-16 01:00:00+00:00,1.0
2021-04-16 02:00:00+00:00,1.0
2021-04-16 03:00:00+00:00,1.5
2021-04-16 04:00:00+00:00,202.25
2021-04-16 05:00:00+00:00,2430.75
2021-04-16 06:00:00+00:00,7027.5
2021-04-16 07:00:00+00:00,12336.75
2021-04-16 08:00:00+00:00,16397.5
2021-04-16 09:00:00+00:00,18410.0
2021-04-16 10:00:00+00:00,19073.5
2021-04-16 11:00:00+00:00,18893.75
2021-04-16 12:00:00+00:00,18120.5
2021-04-16 13:00:00+00:00,16269.0
2021-04-16 14:00:00+00:00,13088.75
2021-04-16 15:00:00+00:00,8787.0
2021-04-16 16:00:00+00:00,4371.5
2021-04-16 17:00:00+00:00,1107.0
2021-04-16 18:00:00+00:00,33.25
2021-04-16 19:00:00+00:00,1.0
2021-04-16 20:00:00+00:00,0.75
2021-04-16 21:00:00+00:00,0.5
2021-04-16 22:00:00+00:00,0.25
2021-04-16 23:00:00+00:00,0.25
2021-04-17 00:00:00+00:00,0.5
2021-04-17 01:00:00+00:00,0.75
2021-04-17 02:00:00+00:00,1.0
2021-04-17 03:00:00+00:00,2.0
2021-04-17 04:00:00+00:00,195.75
2021-04-17 05:00:00+00:00,2007.0
2021-04-17 06:00:00+00:00,5864.25
2021-04-17 07:00:00+00:00,10774.0
2021-04-17 08:00:00+00:00,15127.25
2021-04-17 09:00:00+00:00,17508.0
2021-04-17 10:00:00+00:00,17737.75
2021-04-17 11:00:00+00:00,18023.5
2021-04-17 12:00:00+00:00,17297.75
2021-04-17 13:00:00+00:00,14568.5
2021-04-17 14:00:00+00:00,11105.75
2021-04-17 15:00:00+00:00,7131.5
2021-04-17 16:00:00+00:00,3446.5
2021-04-17 17:00:00+00:00,886.0
2021-04-17 18:00:00+00:00,25.75
2021-04-17 19:00:00+00:00,1.0
2021-04-17 20:00:00+00:00,1.0
2021-04-17 21:00:00+00:00,1.0
2021-04-17 22:00:00+00:00,1.0
2021-04-17 23:00:00+00:00,1.0
2021-04-18 00:00:00+00:00,1.0
2021-04-18 01:00:00+00:00,1.0
2021-04-18 02:00:00+00:00,1.0
2021-04-18 03:00:00+00:00,1.75
2021-04-18 04:00:00+00:00,190.0
2021-04-18 05:00:00+00:00,1573.0
2021-04-18 06:00:00+00:00,4405.25
2021-04-18 07:00:00+00:00,7688.0
2021-04-18 08:00:00+00:00,10730.5
2021-04-18 09:00:00+00:00,13030.5
2021-04-18 10:00:00+00:00,14603.75
2021-04-18 11:00:00+00:00,14882.75
2021-04-18 12:00:00+00:00,14155.25
2021-04-18 13:00:00+00:00,12411.5
2021-04-18 14:00:00+00:00,9671.75
2021-04-18 15:00:00+00:00,6355.25
2021-04-18 16:00:00+00:00,3288.5
2021-04-18 17:00:00+00:00,949.25
2021-04-18 18:00:00+00:00,40.5
2021-04-18 19:00:00+00:00,0.75
2021-04-18 20:00:00+00:00,0.0
2021-04-18 21:00:00+00:00,0.5
2021-04-18 22:00:00+00:00,1.0
2021-04-18 23:00:00+00:00,1.0
2021-04-19 00:00:00+00:00,1.0
2021-04-19 01:00:00+00:00,1.0
2021-04-19 02:00:00+00:00,1.0
2021-04-19 03:00:00+00:00,2.5
2021-04-19 04:00:00+00:00,230.0
2021-04-19 05:00:00+00:00,1863.0
2021-04-19 06:00:00+00:00,4908.5
2021-04-19 07:00:00+00:00,8599.5
2021-04-19 08:00:00+00:00,11935.25
2021-04-19 09:00:00+00:00,14813.25
2021-04-19 10:00:00+00:00,16758.75
2021-04-19 11:00:00+00:00,18266.0
2021-04-19 12:00:00+00:00,18583.0
2021-04-19 13:00:00+00:00,17182.0
2021-04-19 14:00:00+00:00,13949.75
2021-04-19 15:00:00+00:00,9993.25
2021-04-19 16:00:00+00:00,5236.0
2021-04-19 17:00:00+00:00,1458.0
2021-04-19 18:00:00+00:00,56.0
2021-04-19 19:00:00+00:00,1.0
2021-04-19 20:00:00+00:00,1.0
2021-04-19 21:00:00+00:00,1.0
2021-04-19 22:00:00+00:00,1.0
2021-04-19 23:00:00+00:00,1.0
2021-04-20 00:00:00+00:00,1.0
2021-04-20 01:00:00+00:00,1.0
2021-04-20 02:00:00+00:00,1.0
2021-04-20 03:00:00+00:00,2.0
2021-04-20 04:00:00+00:00,332.25
2021-04-20 05:00:00+00:00,2991.5
2021-04-20 06:00:00+00:00,8213.25
2021-04-20 07:00:00+00:00,14817.75
2021-04-20 08:00:00+00:00,21115.75
2021-04-20 09:00:00+00:00,25503.0
2021-04-20 10:00:00+00:00,27493.75
2021-04-20 11:00:00+00:00,27402.0
2021-04-20 12:00:00+00:00,26035.75
2021-04-20 13:00:00+00:00,23140.5
2021-04-20 14:00:00+00:00,18650.0
2021-04-20 15:00:00+00:00,12893.25
2021-04-20 16:00:00+00:00,6618.75
2021-04-20 17:00:00+00:00,1802.5
2021-04-20 18:00:00+00:00,76.25
2021-04-20 19:00:00+00:00,1.0
2021-04-20 20:00:00+00:00,1.0
2021-04-20 21:00:00+00:00,1.0
2021-04-20 22:00:00+00:00,1.0
2021-04-20 23:00:00+00:00,1.0
2021-04-21 00:00:00+00:00,1.0
2021-04-21 01:00:00+00:00,1.0
2021-04-21 02:00:00+00:00,1.0
2021-04-21 03:00:00+00:00,2.25
2021-04-21 04:00:00+00:00,498.0
2021-04-21 05:00:00+00:00,4117.0
2021-04-21 06:00:00+00:00,10838.5
2021-04-21 07:00:00+00:00,18487.25
2021-04-21 08:00:00+00:00,25110.75
2021-04-21 09:00:00+00:00,28830.25
2021-04-21 10:00:00+00:00,29052.5
2021-04-21 11:00:00+00:00,26937.0
2021-04-21 12:00:00+00:00,24538.0
2021-04-21 13:00:00+00:00,21683.0
2021-04-21 14:00:00+00:00,17444.5
2021-04-21 15:00:00+00:00,11904.25
2021-04-21 16:00:00+00:00,6194.0
2021-04-21 17:00:00+00:00,1830.0
2021-04-21 18:00:00+00:00,80.5
2021-04-21 19:00:00+00:00,1.0
2021-04-21 20:00:00+00:00,1.0
2021-04-21 21:00:00+00:00,1.0
2021-04-21 22:00:00+00:00,1.0
2021-04-21 23:00:00+00:00,1.0
2021-04-22 00:00:00+00:00,1.0
2021-04-22 01:00:00+00:00,1.0
2021-04-22 02:00:00+00:00,1.0
2021-04-22 03:00:00+00:00,3.0
2021-04-22 04:00:00+00:00,489.5
2021-04-22 05:00:00+00:00,3673.5
2021-04-22 06:00:00+00:00,9283.75
2021-04-22 07:00:00+00:00,15697.75
2021-04-22 08:00:00+00:00,20943.5
2021-04-22 09:00:00+00:00,24990.0
2021-04-22 10:00:00+00:00,27573.25
2021-04-22 11:00:00+00:00,28440.0
2021-04-22 12:00:00+00:00,27687.5
2021-04-22 13:00:00+00:00,24943.25
2021-04-22 14:00:00+00:00,20228.0
2021-04-22 15:00:00+00:00,13903.25
2021-04-22 16:00:00+00:00,7090.25
2021-04-22 17:00:00+00:00,2021.75
2021-04-22 18:00:00+00:00,97.25
2021-04-22 19:00:00+00:00,1.0
2021-04-22 20:00:00+00:00,1.0
2021-04-22 21:00:00+00:00,1.0
2021-04-22 22:00:00+00:00,1.0
2021-04-22 23:00:00+00:00,1.0
2021-04-23 00:00:00+00:00,1.0
2021-04-23 01:00:00+00:00,1.0
2021-04-23 02:00:00+00:00,1.0
2021-04-23 03:00:00+00:00,3.0
2021-04-23 04:00:00+00:00,585.0
2021-04-23 05:00:00+00:00,4290.75
2021-04-23 06:00:00+00:00,10879.5
2021-04-23 07:00:00+00:00,17699.25
2021-04-23 08:00:00+00:00,23755.75
2021-04-23 09:00:00+00:00,28833.0
2021-04-23 10:00:00+00:00,32149.5
2021-04-23 11:00:00+00:00,33356.75
2021-04-23 12:00:00+00:00,32442.0
2021-04-23 13:00:00+00:00,29245.25
2021-04-23 14:00:00+00:00,23947.0
2021-04-23 15:00:00+00:00,16734.25
2021-04-23 16:00:00+00:00,8484.75
2021-04-23 17:00:00+00:00,2293.25
2021-04-23 18:00:00+00:00,124.5
2021-04-23 19:00:00+00:00,1.0
2021-04-23 20:00:00+00:00,1.0
2021-04-23 21:00:00+00:00,1.0
2021-04-23 22:00:00+00:00,1.0
2021-04-23 23:00:00+00:00,1.0
2021-04-24 00:00:00+00:00,1.0
2021-04-24 01:00:00+00:00,1.0
2021-04-24 02:00:00+00:00,1.0
2021-04-24 03:00:00+00:00,4.25
2021-04-24 04:00:00+00:00,751.5
2021-04-24 05:00:00+00:00,4948.5
2021-04-24 06:00:00+00:00,12069.0
2021-04-24 07:00:00+00:00,19745.75
2021-04-24 08:00:00+00:00,26010.5
2021-04-24 09:00:00+00:00,29917.5
2021-04-24 10:00:00+00:00,31325.75
2021-04-24 11:00:00+00:00,31327.25
2021-04-24 12:00:00+00:00,29621.5
2021-04-24 13:00:00+00:00,26431.25
2021-04-24 14:00:00+00:00,21564.5
2021-04-24 15:00:00+00:00,15139.5
2021-04-24 16:00:00+00:00,7891.0
2021-04-24 17:00:00+00:00,2344.0
2021-04-24 18:00:00+00:00,144.0
2021-04-24 19:00:00+00:00,1.0
2021-04-24 20:00:00+00:00,1.0
2021-04-24 21:00:00+00:00,1.0
2021-04-24 22:00:00+00:00,1.0
2021-04-24 23:00:00+00:00,1.0
2021-04-25 00:00:00+00:00,1.0
2021-04-25 01:00:00+00:00,1.0
2021-04-25 02:00:00+00:00,1.0
2021-04-25 03:00:00+00:00,6.5
2021-04-25 04:00:00+00:00,690.25
2021-04-25 05:00:00+00:00,4289.0
2021-04-25 06:00:00+00:00,10725.5
2021-04-25 07:00:00+00:00,18141.25
2021-04-25 08:00:00+00:00,24574.5
2021-04-25 09:00:00+00:00,28291.5
2021-04-25 10:00:00+00:00,30157.75
2021-04-25 11:00:00+00:00,31032.0
2021-04-25 12:00:00+00:00,30435.0
2021-04-25 13:00:00+00:00,27782.5
2021-04-25 14:00:00+00:00,23078.25
2021-04-25 15:00:00+00:00,16194.5
2021-04-25 16:00:00+00:00,8450.0
2021-04-25 17:00:00+00:00,2464.5
2021-04-25 18:00:00+00:00,165.75
2021-04-25 19:00:00+00:00,1.0
2021-04-25 20:00:00+00:00,1.0
2021-04-25 21:00:00+00:00,1.0
2021-04-25 22:00:00+00:00,1.0
2021-04-25 23:00:00+00:00,1.0
2021-04-26 00:00:00+00:00,1.0
2021-04-26 01:00:00+00:00,1.0
2021-04-26 02:00:00+00:00,1.0
2021-04-26 03:00:00+00:00,10.25
2021-04-26 04:00:00+00:00,839.75
2021-04-26 05:00:00+00:00,5423.0
2021-04-26 06:00:00+00:00,13302.75
2021-04-26 07:00:00+00:00,21728.75
2021-04-26 08:00:00+00:00,28001.25
2021-04-26 09:00:00+00:00,31376.75
2021-04-26 10:00:00+00:00,32848.0
2021-04-26 11:00:00+00:00,33126.75
2021-04-26 12:00:00+00:00,31966.25
2021-04-26 13:00:00+00:00,28738.75
2021-04-26 14:00:00+00:00,23540.25
2021-04-26 15:00:00+00:00,16457.5
2021-04-26 16:00:00+00:00,8451.25
2021-04-26 17:00:00+00:00,2470.25
2021-04-26 18:00:00+00:00,170.75
2021-04-26 19:00:00+00:00,1.0
2021-04-26 20:00:00+00:00,1.0
2021-04-26 21:00:00+00:00,1.0
2021-04-26 22:00:00+00:00,1.0
2021-04-26 23:00:00+00:00,1.0
2021-04-27 00:00:00+00:00,1.0
2021-04-27 01:00:00+00:00,1.0
2021-04-27 02:00:00+00:00,1.0
2021-04-27 03:00:00+00:00,11.25
2021-04-27 04:00:00+00:00,865.5
2021-04-27 05:00:00+00:00,5570.0
2021-04-27 06:00:00+00:00,13424.0
2021-04-27 07:00:00+00:00,21884.25
2021-04-27 08:00:00+00:00,28991.5
2021-04-27 09:00:00+00:00,33413.75
2021-04-27 10:00:00+00:00,35789.5
2021-04-27 11:00:00+00:00,35969.0
2021-04-27 12:00:00+00:00,34339.0
2021-04-27 13:00:00+00:00,30466.75
2021-04-27 14:00:00+00:00,24970.25
2021-04-27 15:00:00+00:00,17290.75
2021-04-27 16:00:00+00:00,8706.25
2021-04-27 17:00:00+00:00,2509.0
2021-04-27 18:00:00+00:00,196.25
2021-04-27 19:00:00+00:00,1.0
2021-04-27 20:00:00+00:00,1.0
2021-04-27 21:00:00+00:00,1.0
2021-04-27 22:00:00+00:00,1.0
2021-04-27 23:00:00+00:00,1.0
2021-04-28 00:00:00+00:00,1.0
2021-04-28 01:00:00+00:00,1.0
2021-04-28 02:00:00+00:00,1.0
2021-04-28 03:00:00+00:00,13.0
2021-04-28 04:00:00+00:00,906.0
2021-04-28 05:00:00+00:00,5362.75
2021-04-28 06:00:00+00:00,12695.75
2021-04-28 07:00:00+00:00,20428.5
2021-04-28 08:00:00+00:00,27077.0
2021-04-28 09:00:00+00:00,31580.5
2021-04-28 10:00:00+00:00,33221.0
2021-04-28 11:00:00+00:00,32759.25
2021-04-28 12:00:00+00:00,30433.0
2021-04-28 13:00:00+00:00,26076.75
2021-04-28 14:00:00+00:00,19961.5
2021-04-28 15:00:00+00:00,12482.5
2021-04-28 16:00:00+00:00,5846.75
2021-04-28 17:00:00+00:00,1714.0
2021-04-28 18:00:00+00:00,120.5
2021-04-28 19:00:00+00:00,1.0
2021-04-28 20:00:00+00:00,1.0
2021-04-28 21:00:00+00:00,1.0
2021-04-28 22:00:00+00:00,1.0
2021-04-28 23:00:00+00:00,1.0
2021-04-29 00:00:00+00:00,1.0
2021-04-29 01:00:00+00:00,1.0
2021-04-29 02:00:00+00:00,1.0
2021-04-29 03:00:00+00:00,9.5
2021-04-29 04:00:00+00:00,375.5
2021-04-29 05:00:00+00:00,1993.75
2021-04-29 06:00:00+00:00,4940.75
2021-04-29 07:00:00+00:00,8412.5
2021-04-29 08:00:00+00:00,12031.25
2021-04-29 09:00:00+00:00,14857.0
2021-04-29 10:00:00+00:00,16749.75
2021-04-29 11:00:00+00:00,16570.75
2021-04-29 12:00:00+00:00,16138.0
2021-04-29 13:00:00+00:00,14750.75
2021-04-29 14:00:00+00:00,11567.25
2021-04-29 15:00:00+00:00,8150.0
2021-04-29 16:00:00+00:00,4463.0
2021-04-29 17:00:00+00:00,1538.25
2021-04-29 18:00:00+00:00,126.75
2021-04-29 19:00:00+00:00,1.0
2021-04-29 20:00:00+00:00,1.0
2021-04-29 21:00:00+00:00,1.0
2021-04-29 22:00:00+00:00,1.0
2021-04-29 23:00:00+00:00,1.0
2021-04-30 00:00:00+00:00,1.0
2021-04-30 01:00:00+00:00,1.0
2021-04-30 02:00:00+00:00,1.0
2021-04-30 03:00:00+00:00,12.75
2021-04-30 04:00:00+00:00,587.75
2021-04-30 05:00:00+00:00,2774.0
2021-04-30 06:00:00+00:00,6102.75
2021-04-30 07:00:00+00:00,10584.5
2021-04-30 08:00:00+00:00,14532.5
2021-04-30 09:00:00+00:00,16862.0
2021-04-30 10:00:00+00:00,17676.75
2021-04-30 11:00:00+00:00,16907.25
2021-04-30 12:00:00+00:00,15324.5
2021-04-30 13:00:00+00:00,12566.0
2021-04-30 14:00:00+00:00,9430.0
2021-04-30 15:00:00+00:00,6243.5
2021-04-30 16:00:00+00:00,3264.0
2021-04-30 17:00:00+00:00,1066.5
2021-04-30 18:00:00+00:00,104.5
2021-04-30 19:00:00+00:00,1.0
2021-04-30 20:00:00+00:00,1.0
2021-04-30 21:00:00+00:00,1.0
2021-04-30 22:00:00+00:00,0.0
2021-04-30 23:00:00+00:00,0.0
2021-05-01 00:00:00+00:00,0.25
2021-05-01 01:00:00+00:00,0.5
2021-05-01 02:00:00+00:00,1.0
2021-05-01 03:00:00+00:00,19.0
2021-05-01 04:00:00+00:00,596.25
2021-05-01 05:00:00+00:00,2968.0
2021-05-01 06:00:00+00:00,6704.0
2021-05-01 07:00:00+00:00,11209.5
2021-05-01 08:00:00+00:00,15464.25
2021-05-01 09:00:00+00:00,17448.75
2021-05-01 10:00:00+00:00,17482.0
2021-05-01 11:00:00+00:00,16838.25
2021-05-01 12:00:00+00:00,15619.75
2021-05-01 13:00:00+00:00,13716.0
2021-05-01 14:00:00+00:00,10558.0
2021-05-01 15:00:00+00:00,7220.25
2021-05-01 16:00:00+00:00,3887.75
2021-05-01 17:00:00+00:00,1369.5
2021-05-01 18:00:00+00:00,165.25
2021-05-01 19:00:00+00:00,1.0
2021-05-01 20:00:00+00:00,1.0
2021-05-01 21:00:00+00:00,1.0
2021-05-01 22:00:00+00:00,1.0
2021-05-01 23:00:00+00:00,1.0
2021-05-02 00:00:00+00:00,1.0
2021-05-02 01:00:00+00:00,0.25
2021-05-02 02:00:00+00:00,1.0
2021-05-02 03:00:00+00:00,16.0
2021-05-02 04:00:00+00:00,340.25
2021-05-02 05:00:00+00:00,1965.75
2021-05-02 06:00:00+00:00,5070.25
2021-05-02 07:00:00+00:00,8391.5
2021-05-02 08:00:00+00:00,10848.25
2021-05-02 09:00:00+00:00,12419.5
2021-05-02 10:00:00+00:00,13493.0
2021-05-02 11:00:00+00:00,14515.75
2021-05-02 12:00:00+00:00,15295.75
2021-05-02 13:00:00+00:00,14727.5
2021-05-02 14:00:00+00:00,12539.75
2021-05-02 15:00:00+00:00,9427.75
2021-05-02 16:00:00+00:00,5517.5
2021-05-02 17:00:00+00:00,2052.75
2021-05-02 18:00:00+00:00,225.25
2021-05-02 19:00:00+00:00,1.0
2021-05-02 20:00:00+00:00,0.5
2021-05-02 21:00:00+00:00,1.0
2021-05-02 22:00:00+00:00,0.75
2021-05-02 23:00:00+00:00,1.0
2021-05-03 00:00:00+00:00,1.0
2021-05-03 01:00:00+00:00,0.5
2021-05-03 02:00:00+00:00,1.0
2021-05-03 03:00:00+00:00,25.5
2021-05-03 04:00:00+00:00,1014.5
2021-05-03 05:00:00+00:00,4914.5
2021-05-03 06:00:00+00:00,11302.0
2021-05-03 07:00:00+00:00,17863.5
2021-05-03 08:00:00+00:00,21692.5
2021-05-03 09:00:00+00:00,22989.5
2021-05-03 10:00:00+00:00,23688.0
2021-05-03 11:00:00+00:00,23627.5
2021-05-03 12:00:00+00:00,22635.75
2021-05-03 13:00:00+00:00,20206.5
2021-05-03 14:00:00+00:00,16900.25
2021-05-03 15:00:00+00:00,12475.75
2021-05-03 16:00:00+00:00,7082.25
2021-05-03 17:00:00+00:00,2558.0
2021-05-03 18:00:00+00:00,265.75
2021-05-03 19:00:00+00:00,1.0
2021-05-03 20:00:00+00:00,0.5
2021-05-03 21:00:00+00:00,0.0
2021-05-03 22:00:00+00:00,0.0
2021-05-03 23:00:00+00:00,0.0
2021-05-04 00:00:00+00:00,0.0
2021-05-04 01:00:00+00:00,0.0
2021-05-04 02:00:00+00:00,0.0
2021-05-04 03:00:00+00:00,30.25
2021-05-04 04:00:00+00:00,807.0
2021-05-04 05:00:00+00:00,3313.75
2021-05-04 06:00:00+00:00,6483.75
2021-05-04 07:00:00+00:00,9510.0
2021-05-04 08:00:00+00:00,12582.25
2021-05-04 09:00:00+00:00,15753.0
2021-05-04 10:00:00+00:00,17206.5
2021-05-04 11:00:00+00:00,16475.75
2021-05-04 12:00:00+00:00,14999.25
2021-05-04 13:00:00+00:00,12897.5
2021-05-04 14:00:00+00:00,10414.75
2021-05-04 15:00:00+00:00,7492.0
2021-05-04 16:00:00+00:00,4391.0
2021-05-04 17:00:00+00:00,1699.25
2021-05-04 18:00:00+00:00,206.5
2021-05-04 19:00:00+00:00,1.0
2021-05-04 20:00:00+00:00,0.25
2021-05-04 21:00:00+00:00,0.5
2021-05-04 22:00:00+00:00,0.5
2021-05-04 23:00:00+00:00,1.0
2021-05-05 00:00:00+00:00,1.0
2021-05-05 01:00:00+00:00,1.0
2021-05-05 02:00:00+00:00,0.75
2021-05-05 03:00:00+00:00,43.0
2021-05-05 04:00:00+00:00,722.5
2021-05-05 05:00:00+00:00,3093.5
2021-05-05 06:00:00+00:00,7101.25
2021-05-05 07:00:00+00:00,11610.75
2021-05-05 08:00:00+00:00,15403.0
2021-05-05 09:00:00+00:00,18164.75
2021-05-05 10:00:00+00:00,20185.5
2021-05-05 11:00:00+00:00,20826.75
2021-05-05 12:00:00+00:00,20265.0
2021-05-05 13:00:00+00:00,19330.0
2021-05-05 14:00:00+00:00,16553.25
2021-05-05 15:00:00+00:00,12371.25
2021-05-05 16:00:00+00:00,7025.0
2021-05-05 17:00:00+00:00,2578.5
2021-05-05 18:00:00+00:00,297.75
2021-05-05 19:00:00+00:00,1.0
2021-05-05 20:00:00+00:00,1.0
2021-05-05 21:00:00+00:00,0.0
2021-05-05 22:00:00+00:00,0.0
2021-05-05 23:00:00+00:00,0.75
2021-05-06 00:00:00+00:00,1.0
2021-05-06 01:00:00+00:00,0.75
2021-05-06 02:00:00+00:00,0.75
2021-05-06 03:00:00+00:00,47.0
2021-05-06 04:00:00+00:00,1082.75
2021-05-06 05:00:00+00:00,4473.75
2021-05-06 06:00:00+00:00,9071.0
2021-05-06 07:00:00+00:00,12959.5
2021-05-06 08:00:00+00:00,15371.25
2021-05-06 09:00:00+00:00,16208.75
2021-05-06 10:00:00+00:00,16773.75
2021-05-06 11:00:00+00:00,16328.5
2021-05-06 12:00:00+00:00,15672.0
2021-05-06 13:00:00+00:00,13634.0
2021-05-06 14:00:00+00:00,10471.0
2021-05-06 15:00:00+00:00,6897.25
2021-05-06 16:00:00+00:00,3771.75
2021-05-06 17:00:00+00:00,1506.75
2021-05-06 18:00:00+00:00,225.5
2021-05-06 19:00:00+00:00,1.0
2021-05-06 20:00:00+00:00,1.0
2021-05-06 21:00:00+00:00,1.0
2021-05-06 22:00:00+00:00,0.75
2021-05-06 23:00:00+00:00,1.0
2021-05-07 00:00:00+00:00,1.0
2021-05-07 01:00:00+00:00,1.0
2021-05-07 02:00:00+00:00,1.0
2021-05-07 03:00:00+00:00,38.0
2021-05-07 04:00:00+00:00,728.0
2021-05-07 05:00:00+00:00,2827.25
2021-05-07 06:00:00+00:00,6094.25
2021-05-07 07:00:00+00:00,9965.75
2021-05-07 08:00:00+00:00,13909.5
2021-05-07 09:00:00+00:00,17160.0
2021-05-07 10:00:00+00:00,19714.0
2021-05-07 11:00:00+00:00,21394.5
2021-05-07 12:00:00+00:00,21836.0
2021-05-07 13:00:00+00:00,21438.5
2021-05-07 14:00:00+00:00,18351.5
2021-05-07 15:00:00+00:00,13855.0
2021-05-07 16:00:00+00:00,8232.0
2021-05-07 17:00:00+00:00,3089.75
2021-05-07 18:00:00+00:00,419.25
2021-05-07 19:00:00+00:00,1.5
2021-05-07 20:00:00+00:00,1.0
2021-05-07 21:00:00+00:00,1.0
2021-05-07 22:00:00+00:00,1.0
2021-05-07 23:00:00+00:00,1.0
2021-05-08 00:00:00+00:00,1.0
2021-05-08 01:00:00+00:00,1.0
2021-05-08 02:00:00+00:00,1.0
2021-05-08 03:00:00+00:00,65.25
2021-05-08 04:00:00+00:00,1670.25
2021-05-08 05:00:00+00:00,6973.25
2021-05-08 06:00:00+00:00,14869.75
2021-05-08 07:00:00+00:00,21957.0
2021-05-08 08:00:00+00:00,26413.75
2021-05-08 09:00:00+00:00,28333.0
2021-05-08 10:00:00+00:00,28851.25
2021-05-08 11:00:00+00:00,28055.5
2021-05-08 12:00:00+00:00,25835.0
2021-05-08 13:00:00+00:00,22390.0
2021-05-08 14:00:00+00:00,17367.0
2021-05-08 15:00:00+00:00,11662.75
2021-05-08 16:00:00+00:00,6367.25
2021-05-08 17:00:00+00:00,2412.0
2021-05-08 18:00:00+00:00,318.0
2021-05-08 19:00:00+00:00,1.75
2021-05-08 20:00:00+00:00,0.5
2021-05-08 21:00:00+00:00,0.0
2021-05-08 22:00:00+00:00,0.0
2021-05-08 23:00:00+00:00,0.0
2021-05-09 00:00:00+00:00,1.0
2021-05-09 01:00:00+00:00,1.0
2021-05-09 02:00:00+00:00,1.0
2021-05-09 03:00:00+00:00,61.5
2021-05-09 04:00:00+00:00,1527.5
2021-05-09 05:00:00+00:00,6519.0
2021-05-09 06:00:00+00:00,14626.0
2021-05-09 07:00:00+00:00,22677.25
2021-05-09 08:00:00+00:00,28640.0
2021-05-09 09:00:00+00:00,32367.0
2021-05-09 10:00:00+00:00,33697.25
2021-05-09 11:00:00+00:00,33015.75
2021-05-09 12:00:00+00:00,30535.75
2021-05-09 13:00:00+00:00,27190.5
2021-05-09 14:00:00+00:00,21867.25
2021-05-09 15:00:00+00:00,14747.5
2021-05-09 16:00:00+00:00,8008.0
2021-05-09 17:00:00+00:00,3036.75
2021-05-09 18:00:00+00:00,449.5
2021-05-09 19:00:00+00:00,0.5
2021-05-09 20:00:00+00:00,0.0
2021-05-09 21:00:00+00:00,0.0
2021-05-09 22:00:00+00:00,0.0
2021-05-09 23:00:00+00:00,0.0
2021-05-10 00:00:00+00:00,0.0
2021-05-10 01:00:00+00:00,0.0
2021-05-10 02:00:00+00:00,0.0
2021-05-10 03:00:00+00:00,74.5
2021-05-10 04:00:00+00:00,1451.25
2021-05-10 05:00:00+00:00,5408.0
2021-05-10 06:00:00+00:00,10960.75
2021-05-10 07:00:00+00:00,17358.0
2021-05-10 08:00:00+00:00,22571.5
2021-05-10 09:00:00+00:00,25479.75
2021-05-10 10:00:00+00:00,25897.25
2021-05-10 11:00:00+00:00,24710.0
2021-05-10 12:00:00+00:00,21939.5
2021-05-10 13:00:00+00:00,18982.75
2021-05-10 14:00:00+00:00,14658.0
2021-05-10 15:00:00+00:00,9780.0
2021-05-10 16:00:00+00:00,5247.0
2021-05-10 17:00:00+00:00,2022.0
2021-05-10 18:00:00+00:00,304.0
2021-05-10 19:00:00+00:00,2.0
2021-05-10 20:00:00+00:00,0.0
2021-05-10 21:00:00+00:00,0.0
2021-05-10 22:00:00+00:00,0.0
2021-05-10 23:00:00+00:00,0.0
2021-05-11 00:00:00+00:00,0.0
2021-05-11 01:00:00+00:00,0.25
2021-05-11 02:00:00+00:00,0.5
2021-05-11 03:00:00+00:00,86.5
2021-05-11 04:00:00+00:00,1138.0
2021-05-11 05:00:00+00:00,4319.75
2021-05-11 06:00:00+00:00,8255.75
2021-05-11 07:00:00+00:00,11569.75
2021-05-11 08:00:00+00:00,15324.0
2021-05-11 09:00:00+00:00,17711.25
2021-05-11 10:00:00+00:00,17442.75
2021-05-11 11:00:00+00:00,16010.0
2021-05-11 12:00:00+00:00,14266.5
2021-05-11 13:00:00+00:00,11765.5
2021-05-11 14:00:00+00:00,8992.75
2021-05-11 15:00:00+00:00,5935.75
2021-05-11 16:00:00+00:00,3101.25
2021-05-11 17:00:00+00:00,1160.25
2021-05-11 18:00:00+00:00,156.0
2021-05-11 19:00:00+00:00,0.75
2021-05-11 20:00:00+00:00,0.0
2021-05-11 21:00:00+00:00,0.0
2021-05-11 22:00:00+00:00,0.0
2021-05-11 23:00:00+00:00,0.0
2021-05-12 00:00:00+00:00,0.25
2021-05-12 01:00:00+00:00,0.0
2021-05-12 02:00:00+00:00,0.75
2021-05-12 03:00:00+00:00,65.0
2021-05-12 04:00:00+00:00,459.75
2021-05-12 05:00:00+00:00,1771.5
2021-05-12 06:00:00+00:00,3829.75
2021-05-12 07:00:00+00:00,6775.75
2021-05-12 08:00:00+00:00,9940.0
2021-05-12 09:00:00+00:00,11810.75
2021-05-12 10:00:00+00:00,12617.25
2021-05-12 11:00:00+00:00,12476.5
2021-05-12 12:00:00+00:00,11577.75
2021-05-12 13:00:00+00:00,10163.75
2021-05-12 14:00:00+00:00,8427.5
2021-05-12 15:00:00+00:00,5953.0
2021-05-12 16:00:00+00:00,3792.5
2021-05-12 17:00:00+00:00,1675.0
2021-05-12 18:00:00+00:00,292.75
2021-05-12 19:00:00+00:00,2.5
2021-05-12 20:00:00+00:00,0.5
2021-05-12 21:00:00+00:00,0.25
2021-05-12 22:00:00+00:00,0.25
2021-05-12 23:00:00+00:00,0.0
2021-05-13 00:00:00+00:00,0.0
2021-05-13 01:00:00+00:00,0.0
2021-05-13 02:00:00+00:00,0.75
2021-05-13 03:00:00+00:00,51.0
2021-05-13 04:00:00+00:00,719.75
2021-05-13 05:00:00+00:00,2999.25
2021-05-13 06:00:00+00:00,6724.75
2021-05-13 07:00:00+00:00,11253.25
2021-05-13 08:00:00+00:00,15147.25
2021-05-13 09:00:00+00:00,16285.75
2021-05-13 10:00:00+00:00,15717.0
2021-05-13 11:00:00+00:00,14545.25
2021-05-13 12:00:00+00:00,13238.25
2021-05-13 13:00:00+00:00,11629.25
2021-05-13 14:00:00+00:00,9664.75
2021-05-13 15:00:00+00:00,7129.75
2021-05-13 16:00:00+00:00,4381.25
2021-05-13 17:00:00+00:00,1916.25
2021-05-13 18:00:00+00:00,344.0
2021-05-13 19:00:00+00:00,3.25
2021-05-13 20:00:00+00:00,0.75
2021-05-13 21:00:00+00:00,0.25
2021-05-13 22:00:00+00:00,1.0
2021-05-13 23:00:00+00:00,0.5
2021-05-14 00:00:00+00:00,0.5
2021-05-14 01:00:00+00:00,0.75
2021-05-14 02:00:00+00:00,0.75
2021-05-14 03:00:00+00:00,52.75
2021-05-14 04:00:00+00:00,999.25
2021-05-14 05:00:00+00:00,3985.0
2021-05-14 06:00:00+00:00,8702.25
2021-05-14 07:00:00+00:00,13988.25
2021-05-14 08:00:00+00:00,17581.5
2021-05-14 09:00:00+00:00,18737.25
2021-05-14 10:00:00+00:00,19173.75
2021-05-14 11:00:00+00:00,19807.25
2021-05-14 12:00:00+00:00,19923.0
2021-05-14 13:00:00+00:00,18403.75
2021-05-14 14:00:00+00:00,15508.25
2021-05-14 15:00:00+00:00,11717.0
2021-05-14 16:00:00+00:00,7131.5
2021-05-14 17:00:00+00:00,2959.25
2021-05-14 18:00:00+00:00,520.0
2021-05-14 19:00:00+00:00,4.0
2021-05-14 20:00:00+00:00,0.0
2021-05-14 21:00:00+00:00,0.25
2021-05-14 22:00:00+00:00,0.0
2021-05-14 23:00:00+00:00,0.0
2021-05-15 00:00:00+00:00,0.25
2021-05-15 01:00:00+00:00,0.25
2021-05-15 02:00:00+00:00,0.5
2021-05-15 03:00:00+00:00,113.0
2021-05-15 04:00:00+00:00,1386.5
2021-05-15 05:00:00+00:00,4811.0
2021-05-15 06:00:00+00:00,9592.25
2021-05-15 07:00:00+00:00,14043.25
2021-05-15 08:00:00+00:00,17673.25
2021-05-15 09:00:00+00:00,20483.75
2021-05-15 10:00:00+00:00,21414.0
2021-05-15 11:00:00+00:00,21283.75
2021-05-15 12:00:00+00:00,20145.5
2021-05-15 13:00:00+00:00,17535.75
2021-05-15 14:00:00+00:00,14091.75
2021-05-15 15:00:00+00:00,9575.75
2021-05-15 16:00:00+00:00,5351.75
2021-05-15 17:00:00+00:00,2243.0
2021-05-15 18:00:00+00:00,424.25
2021-05-15 19:00:00+00:00,4.0
2021-05-15 20:00:00+00:00,0.75
2021-05-15 21:00:00+00:00,1.0
2021-05-15 22:00:00+00:00,1.0
2021-05-15 23:00:00+00:00,0.0
2021-05-16 00:00:00+00:00,0.25
2021-05-16 01:00:00+00:00,0.0
2021-05-16 02:00:00+00:00,0.25
2021-05-16 03:00:00+00:00,102.0
2021-05-16 04:00:00+00:00,1373.25
2021-05-16 05:00:00+00:00,4408.0
2021-05-16 06:00:00+00:00,8952.25
2021-05-16 07:00:00+00:00,14495.5
2021-05-16 08:00:00+00:00,18764.5
2021-05-16 09:00:00+00:00,21459.0
2021-05-16 10:00:00+00:00,23318.5
2021-05-16 11:00:00+00:00,24443.5
2021-05-16 12:00:00+00:00,22462.75
2021-05-16 13:00:00+00:00,19816.5
2021-05-16 14:00:00+00:00,16291.0
2021-05-16 15:00:00+00:00,11556.75
2021-05-16 16:00:00+00:00,6626.5
2021-05-16 17:00:00+00:00,2837.75
2021-05-16 18:00:00+00:00,588.0
2021-05-16 19:00:00+00:00,8.5
2021-05-16 20:00:00+00:00,0.75
2021-05-16 21:00:00+00:00,0.25
2021-05-16 22:00:00+00:00,0.0
2021-05-16 23:00:00+00:00,0.0
2021-05-17 00:00:00+00:00,0.0
2021-05-17 01:00:00+00:00,0.0
2021-05-17 02:00:00+00:00,0.5
2021-05-17 03:00:00+00:00,124.5
2021-05-17 04:00:00+00:00,1409.75
2021-05-17 05:00:00+00:00,4523.75
2021-05-17 06:00:00+00:00,9210.75
2021-05-17 07:00:00+00:00,13504.5
2021-05-17 08:00:00+00:00,17243.75
2021-05-17 09:00:00+00:00,19851.75
2021-05-17 10:00:00+00:00,21364.25
2021-05-17 11:00:00+00:00,21647.25
2021-05-17 12:00:00+00:00,20846.25
2021-05-17 13:00:00+00:00,19103.25
2021-05-17 14:00:00+00:00,15344.75
2021-05-17 15:00:00+00:00,11422.0
2021-05-17 16:00:00+00:00,7021.5
2021-05-17 17:00:00+00:00,3073.25
2021-05-17 18:00:00+00:00,629.0
2021-05-17 19:00:00+00:00,8.75
2021-05-17 20:00:00+00:00,1.0
2021-05-17 21:00:00+00:00,0.25
2021-05-17 22:00:00+00:00,0.5
2021-05-17 23:00:00+00:00,0.0
2021-05-18 00:00:00+00:00,0.25
2021-05-18 01:00:00+00:00,0.5
2021-05-18 02:00:00+00:00,1.0
2021-05-18 03:00:00+00:00,116.5
2021-05-18 04:00:00+00:00,1228.75
2021-05-18 05:00:00+00:00,3821.5
2021-05-18 06:00:00+00:00,7412.25
2021-05-18 07:00:00+00:00,11317.5
2021-05-18 08:00:00+00:00,14639.75
2021-05-18 09:00:00+00:00,17618.75
2021-05-18 10:00:00+00:00,19652.25
2021-05-18 11:00:00+00:00,20793.75
2021-05-18 12:00:00+00:00,21466.5
2021-05-18 13:00:00+00:00,20036.25
2021-05-18 14:00:00+00:00,16683.5
2021-05-18 15:00:00+00:00,12303.0
2021-05-18 16:00:00+00:00,7655.75
2021-05-18 17:00:00+00:00,3301.0
2021-05-18 18:00:00+00:00,689.25
2021-05-18 19:00:00+00:00,11.5
2021-05-18 20:00:00+00:00,0.75
2021-05-18 21:00:00+00:00,0.25
2021-05-18 22:00:00+00:00,0.25
2021-05-18 23:00:00+00:00,0.0
2021-05-19 00:00:00+00:00,0.0
2021-05-19 01:00:00+00:00,0.0
2021-05-19 02:00:00+00:00,1.0
2021-05-19 03:00:00+00:00,134.0
2021-05-19 04:00:00+00:00,1556.0
2021-05-19 05:00:00+00:00,4948.5
2021-05-19 06:00:00+00:00,9685.75
2021-05-19 07:00:00+00:00,14384.75
2021-05-19 08:00:00+00:00,18779.75
2021-05-19 09:00:00+00:00,22288.0
2021-05-19 10:00:00+00:00,23987.0
2021-05-19 11:00:00+00:00,23697.75
2021-05-19 12:00:00+00:00,22778.0
2021-05-19 13:00:00+00:00,20593.25
2021-05-19 14:00:00+00:00,17181.5
2021-05-19 15:00:00+00:00,12949.0
2021-05-19 16:00:00+00:00,7917.25
2021-05-19 17:00:00+00:00,3401.25
2021-05-19 18:00:00+00:00,721.25
2021-05-19 19:00:00+00:00,12.5
2021-05-19 20:00:00+00:00,0.25
2021-05-19 21:00:00+00:00,0.0
2021-05-19 22:00:00+00:00,0.0
2021-05-19 23:00:00+00:00,0.0
2021-05-20 00:00:00+00:00,0.0
2021-05-20 01:00:00+00:00,0.0
2021-05-20 02:00:00+00:00,0.5
2021-05-20 03:00:00+00:00,150.5
2021-05-20 04:00:00+00:00,1650.0
2021-05-20 05:00:00+00:00,5065.0
2021-05-20 06:00:00+00:00,9367.0
2021-05-20 07:00:00+00:00,13805.0
2021-05-20 08:00:00+00:00,18688.25
2021-05-20 09:00:00+00:00,22306.25
2021-05-20 10:00:00+00:00,24758.5
2021-05-20 11:00:00+00:00,25353.25
2021-05-20 12:00:00+00:00,24967.5
2021-05-20 13:00:00+00:00,22768.0
2021-05-20 14:00:00+00:00,18760.75
2021-05-20 15:00:00+00:00,13401.25
2021-05-20 16:00:00+00:00,7800.75
2021-05-20 17:00:00+00:00,3114.75
2021-05-20 18:00:00+00:00,613.25
2021-05-20 19:00:00+00:00,7.25
2021-05-20 20:00:00+00:00,0.0
2021-05-20 21:00:00+00:00,0.0
2021-05-20 22:00:00+00:00,0.0
2021-05-20 23:00:00+00:00,0.0
2021-05-21 00:00:00+00:00,0.0
2021-05-21 01:00:00+00:00,0.0
2021-05-21 02:00:00+00:00,1.0
2021-05-21 03:00:00+00:00,164.0
2021-05-21 04:00:00+00:00,1923.5
2021-05-21 05:00:00+00:00,5529.5
2021-05-21 06:00:00+00:00,10093.25
2021-05-21 07:00:00+00:00,14093.5
2021-05-21 08:00:00+00:00,16971.0
2021-05-21 09:00:00+00:00,18193.5
2021-05-21 10:00:00+00:00,18339.5
2021-05-21 11:00:00+00:00,18673.75
2021-05-21 12:00:00+00:00,17859.75
2021-05-21 13:00:00+00:00,16445.5
2021-05-21 14:00:00+00:00,13785.5
2021-05-21 15:00:00+00:00,10562.75
2021-05-21 16:00:00+00:00,6793.75
2021-05-21 17:00:00+00:00,2959.75
2021-05-21 18:00:00+00:00,729.75
2021-05-21 19:00:00+00:00,17.0
2021-05-21 20:00:00+00:00,0.75
2021-05-21 21:00:00+00:00,0.0
2021-05-21 22:00:00+00:00,0.0
2021-05-21 23:00:00+00:00,0.0
2021-05-22 00:00:00+00:00,0.0
2021-05-22 01:00:00+00:00,0.0
2021-05-22 02:00:00+00:00,1.0
2021-05-22 03:00:00+00:00,179.5
2021-05-22 04:00:00+00:00,1440.75
2021-05-22 05:00:00+00:00,4800.0
2021-05-22 06:00:00+00:00,9814.5
2021-05-22 07:00:00+00:00,14706.75
2021-05-22 08:00:00+00:00,18640.5
2021-05-22 09:00:00+00:00,20955.25
2021-05-22 10:00:00+00:00,22145.25
2021-05-22 11:00:00+00:00,21962.75
2021-05-22 12:00:00+00:00,21037.5
2021-05-22 13:00:00+00:00,19216.5
2021-05-22 14:00:00+00:00,16596.0
2021-05-22 15:00:00+00:00,12565.5
2021-05-22 16:00:00+00:00,7673.75
2021-05-22 17:00:00+00:00,3269.0
2021-05-22 18:00:00+00:00,674.5
2021-05-22 19:00:00+00:00,11.0
2021-05-22 20:00:00+00:00,0.5
2021-05-22 21:00:00+00:00,0.0
2021-05-22 22:00:00+00:00,0.0
2021-05-22 23:00:00+00:00,0.0
2021-05-23 00:00:00+00:00,0.0
2021-05-23 01:00:00+00:00,0.0
2021-05-23 02:00:00+00:00,0.75
2021-05-23 03:00:00+00:00,173.75
2021-05-23 04:00:00+00:00,1402.75
2021-05-23 05:00:00+00:00,4189.5
2021-05-23 06:00:00+00:00,8328.5
2021-05-23 07:00:00+00:00,13150.75
2021-05-23 08:00:00+00:00,17459.0
2021-05-23 09:00:00+00:00,20227.75
2021-05-23 10:00:00+00:00,22035.75
2021-05-23 11:00:00+00:00,23451.25
2021-05-23 12:00:00+00:00,23713.5
2021-05-23 13:00:00+00:00,22325.5
2021-05-23 14:00:00+00:00,19537.5
2021-05-23 15:00:00+00:00,15056.75
2021-05-23 16:00:00+00:00,9185.5
2021-05-23 17:00:00+00:00,3957.75
2021-05-23 18:00:00+00:00,918.0
2021-05-23 19:00:00+00:00,17.0
2021-05-23 20:00:00+00:00,0.5
2021-05-23 21:00:00+00:00,0.25
2021-05-23 22:00:00+00:00,0.0
2021-05-23 23:00:00+00:00,0.0
2021-05-24 00:00:00+00:00,0.0
2021-05-24 01:00:00+00:00,0.0
2021-05-24 02:00:00+00:00,1.0
2021-05-24 03:00:00+00:00,226.5
2021-05-24 04:00:00+00:00,2113.0
2021-05-24 05:00:00+00:00,6574.25
2021-05-24 06:00:00+00:00,12553.25
2021-05-24 07:00:00+00:00,18631.5
2021-05-24 08:00:00+00:00,22552.5
2021-05-24 09:00:00+00:00,22645.0
2021-05-24 10:00:00+00:00,23385.25
2021-05-24 11:00:00+00:00,23357.25
2021-05-24 12:00:00+00:00,20884.0
2021-05-24 13:00:00+00:00,16600.25
2021-05-24 14:00:00+00:00,12435.75
2021-05-24 15:00:00+00:00,8906.0
2021-05-24 16:00:00+00:00,5407.0
2021-05-24 17:00:00+00:00,2485.25
2021-05-24 18:00:00+00:00,606.75
2021-05-24 19:00:00+00:00,16.5
2021-05-24 20:00:00+00:00,0.0
2021-05-24 21:00:00+00:00,0.0
2021-05-24 22:00:00+00:00,0.0
2021-05-24 23:00:00+00:00,0.0
2021-05-25 00:00:00+00:00,0.0
2021-05-25 01:00:00+00:00,0.0
2021-05-25 02:00:00+00:00,0.75
2021-05-25 03:00:00+00:00,144.75
2021-05-25 04:00:00+00:00,1275.0
2021-05-25 05:00:00+00:00,4013.25
2021-05-25 06:00:00+00:00,7767.75
2021-05-25 07:00:00+00:00,11547.75
2021-05-25 08:00:00+00:00,14901.75
2021-05-25 09:00:00+00:00,17923.25
2021-05-25 10:00:00+00:00,19826.25
2021-05-25 11:00:00+00:00,21146.75
2021-05-25 12:00:00+00:00,20789.5
2021-05-25 13:00:00+00:00,19229.75
2021-05-25 14:00:00+00:00,16649.75
2021-05-25 15:00:00+00:00,12345.25
2021-05-25 16:00:00+00:00,7423.5
2021-05-25 17:00:00+00:00,3213.75
2021-05-25 18:00:00+00:00,709.0
2021-05-25 19:00:00+00:00,13.75
2021-05-25 20:00:00+00:00,1.0
2021-05-25 21:00:00+00:00,0.5
2021-05-25 22:00:00+00:00,0.0
2021-05-25 23:00:00+00:00,0.0
2021-05-26 00:00:00+00:00,0.0
2021-05-26 01:00:00+00:00,0.0
2021-05-26 02:00:00+00:00,1.25
2021-05-26 03:00:00+00:00,204.25
2021-05-26 04:00:00+00:00,1686.5
2021-05-26 05:00:00+00:00,4530.0
2021-05-26 06:00:00+00:00,8098.5
2021-05-26 07:00:00+00:00,11436.0
2021-05-26 08:00:00+00:00,13117.5
2021-05-26 09:00:00+00:00,13846.25
2021-05-26 10:00:00+00:00,14738.75
2021-05-26 11:00:00+00:00,15094.5
2021-05-26 12:00:00+00:00,14777.25
2021-05-26 13:00:00+00:00,13875.0
2021-05-26 14:00:00+00:00,12245.25
2021-05-26 15:00:00+00:00,9328.0
2021-05-26 16:00:00+00:00,5888.0
2021-05-26 17:00:00+00:00,2709.0
2021-05-26 18:00:00+00:00,650.25
2021-05-26 19:00:00+00:00,20.75
2021-05-26 20:00:00+00:00,0.5
2021-05-26 21:00:00+00:00,0.25
2021-05-26 22:00:00+00:00,0.0
2021-05-26 23:00:00+00:00,0.0
2021-05-27 00:00:00+00:00,0.0
2021-05-27 01:00:00+00:00,0.0
2021-05-27 02:00:00+00:00,1.5
2021-05-27 03:00:00+00:00,179.75
2021-05-27 04:00:00+00:00,1304.25
2021-05-27 05:00:00+00:00,3477.75
2021-05-27 06:00:00+00:00,6430.0
2021-05-27 07:00:00+00:00,9472.75
2021-05-27 08:00:00+00:00,11899.75
2021-05-27 09:00:00+00:00,14008.25
2021-05-27 10:00:00+00:00,16119.75
2021-05-27 11:00:00+00:00,16973.25
2021-05-27 12:00:00+00:00,16736.5
2021-05-27 13:00:00+00:00,14888.25
2021-05-27 14:00:00+00:00,12512.5
2021-05-27 15:00:00+00:00,9646.5
2021-05-27 16:00:00+00:00,6218.75
2021-05-27 17:00:00+00:00,2859.5
2021-05-27 18:00:00+00:00,720.75
2021-05-27 19:00:00+00:00,21.0
2021-05-27 20:00:00+00:00,0.0
2021-05-27 21:00:00+00:00,0.0
2021-05-27 22:00:00+00:00,0.0
2021-05-27 23:00:00+00:00,0.0
2021-05-28 00:00:00+00:00,0.0
2021-05-28 01:00:00+00:00,0.0
2021-05-28 02:00:00+00:00,0.75
2021-05-28 03:00:00+00:00,170.5
2021-05-28 04:00:00+00:00,1597.25
2021-05-28 05:00:00+00:00,5028.0
2021-05-28 06:00:00+00:00,10315.0
2021-05-28 07:00:00+00:00,15937.5
2021-05-28 08:00:00+00:00,20118.25
2021-05-28 09:00:00+00:00,22295.0
2021-05-28 10:00:00+00:00,23278.25
2021-05-28 11:00:00+00:00,23753.25
2021-05-28 12:00:00+00:00,23304.25
2021-05-28 13:00:00+00:00,21700.5
2021-05-28 14:00:00+00:00,18942.5
2021-05-28 15:00:00+00:00,14360.25
2021-05-28 16:00:00+00:00,8749.75
2021-05-28 17:00:00+00:00,3863.5
2021-05-28 18:00:00+00:00,956.0
2021-05-28 19:00:00+00:00,33.5
2021-05-28 20:00:00+00:00,0.5
2021-05-28 21:00:00+00:00,0.5
2021-05-28 22:00:00+00:00,0.0
2021-05-28 23:00:00+00:00,0.0
2021-05-29 00:00:00+00:00,0.0
2021-05-29 01:00:00+00:00,0.0
2021-05-29 02:00:00+00:00,1.75
2021-05-29 03:00:00+00:00,239.5
2021-05-29 04:00:00+00:00,2051.0
2021-05-29 05:00:00+00:00,6078.25
2021-05-29 06:00:00+00:00,11513.0
2021-05-29 07:00:00+00:00,16659.0
2021-05-29 08:00:00+00:00,21114.25
2021-05-29 09:00:00+00:00,24041.0
2021-05-29 10:00:00+00:00,25337.75
2021-05-29 11:00:00+00:00,26212.0
2021-05-29 12:00:00+00:00,26642.5
2021-05-29 13:00:00+00:00,25953.0
2021-05-29 14:00:00+00:00,22942.0
2021-05-29 15:00:00+00:00,17420.75
2021-05-29 16:00:00+00:00,10907.25
2021-05-29 17:00:00+00:00,4641.75
2021-05-29 18:00:00+00:00,1173.5
2021-05-29 19:00:00+00:00,53.0
2021-05-29 20:00:00+00:00,0.75
2021-05-29 21:00:00+00:00,0.0
2021-05-29 22:00:00+00:00,0.0
2021-05-29 23:00:00+00:00,0.0
2021-05-30 00:00:00+00:00,0.0
2021-05-30 01:00:00+00:00,0.0
2021-05-30 02:00:00+00:00,3.5
2021-05-30 03:00:00+00:00,324.25
2021-05-30 04:00:00+00:00,2615.0
2021-05-30 05:00:00+00:00,8349.75
2021-05-30 06:00:00+00:00,16139.5
2021-05-30 07:00:00+00:00,23545.0
2021-05-30 08:00:00+00:00,29003.5
2021-05-30 09:00:00+00:00,32127.25
2021-05-30 10:00:00+00:00,33536.25
2021-05-30 11:00:00+00:00,33308.75
2021-05-30 12:00:00+00:00,32151.0
2021-05-30 13:00:00+00:00,29757.0
2021-05-30 14:00:00+00:00,25402.25
2021-05-30 15:00:00+00:00,18978.5
2021-05-30 16:00:00+00:00,11505.25
2021-05-30 17:00:00+00:00,4807.5
2021-05-30 18:00:00+00:00,1232.0
2021-05-30 19:00:00+00:00,55.25
2021-05-30 20:00:00+00:00,0.0
2021-05-30 21:00:00+00:00,0.0
2021-05-30 22:00:00+00:00,0.0
2021-05-30 23:00:00+00:00,0.0
2021-05-31 00:00:00+00:00,0.0
2021-05-31 01:00:00+00:00,0.0
2021-05-31 02:00:00+00:00,3.0
2021-05-31 03:00:00+00:00,338.75
2021-05-31 04:00:00+00:00,2648.75
2021-05-31 05:00:00+00:00,8510.25
2021-05-31 06:00:00+00:00,16502.5
2021-05-31 07:00:00+00:00,24254.75
2021-05-31 08:00:00+00:00,30012.5
2021-05-31 09:00:00+00:00,33392.0
2021-05-31 10:00:00+00:00,34697.25
2021-05-31 11:00:00+00:00,34944.0
2021-05-31 12:00:00+00:00,33711.75
2021-05-31 13:00:00+00:00,30788.75
2021-05-31 14:00:00+00:00,26073.0
2021-05-31 15:00:00+00:00,19457.75
2021-05-31 16:00:00+00:00,11786.25
2021-05-31 17:00:00+00:00,4840.75
2021-05-31 18:00:00+00:00,1187.75
2021-05-31 19:00:00+00:00,60.25
2021-05-31 20:00:00+00:00,0.75
2021-05-31 21:00:00+00:00,0.25
2021-05-31 22:00:00+00:00,0.0
2021-05-31 23:00:00+00:00,0.0
2021-06-01 00:00:00+00:00,0.0
2021-06-01 01:00:00+00:00,0.0
2021-06-01 02:00:00+00:00,3.0
2021-06-01 03:00:00+00:00,344.75
2021-06-01 04:00:00+00:00,2638.5
2021-06-01 05:00:00+00:00,8212.0
2021-06-01 06:00:00+00:00,15854.0
2021-06-01 07:00:00+00:00,23153.25
2021-06-01 08:00:00+00:00,28830.75
2021-06-01 09:00:00+00:00,32332.0
2021-06-01 10:00:00+00:00,33996.25
2021-06-01 11:00:00+00:00,34024.0
2021-06-01 12:00:00+00:00,32280.75
2021-06-01 13:00:00+00:00,29099.25
2021-06-01 14:00:00+00:00,24258.5
2021-06-01 15:00:00+00:00,17682.25
2021-06-01 16:00:00+00:00,10574.25
2021-06-01 17:00:00+00:00,4659.25
2021-06-01 18:00:00+00:00,1246.25
2021-06-01 19:00:00+00:00,63.75
2021-06-01 20:00:00+00:00,0.0
2021-06-01 21:00:00+00:00,0.0
2021-06-01 22:00:00+00:00,0.0
2021-06-01 23:00:00+00:00,0.0
2021-06-02 00:00:00+00:00,0.0
2021-06-02 01:00:00+00:00,0.0
2021-06-02 02:00:00+00:00,2.5
2021-06-02 03:00:00+00:00,323.25
2021-06-02 04:00:00+00:00,2444.0
2021-06-02 05:00:00+00:00,7305.75
2021-06-02 06:00:00+00:00,14543.25
2021-06-02 07:00:00+00:00,21913.5
2021-06-02 08:00:00+00:00,28036.75
2021-06-02 09:00:00+00:00,31823.25
2021-06-02 10:00:00+00:00,33711.25
2021-06-02 11:00:00+00:00,33867.0
2021-06-02 12:00:00+00:00,32171.5
2021-06-02 13:00:00+00:00,28947.0
2021-06-02 14:00:00+00:00,24220.25
2021-06-02 15:00:00+00:00,18011.0
2021-06-02 16:00:00+00:00,10820.0
2021-06-02 17:00:00+00:00,4593.0
2021-06-02 18:00:00+00:00,1224.25
2021-06-02 19:00:00+00:00,67.0
2021-06-02 20:00:00+00:00,0.0
2021-06-02 21:00:00+00:00,0.0
2021-06-02 22:00:00+00:00,0.0
2021-06-02 23:00:00+00:00,0.0
2021-06-03 00:00:00+00:00,0.0
2021-06-03 01:00:00+00:00,0.0
2021-06-03 02:00:00+00:00,3.75
2021-06-03 03:00:00+00:00,374.25
2021-06-03 04:00:00+00:00,2695.0
2021-06-03 05:00:00+00:00,7659.0
2021-06-03 06:00:00+00:00,14318.75
2021-06-03 07:00:00+00:00,20781.0
2021-06-03 08:00:00+00:00,25861.25
2021-06-03 09:00:00+00:00,28774.5
2021-06-03 10:00:00+00:00,29404.5
2021-06-03 11:00:00+00:00,28468.5
2021-06-03 12:00:00+00:00,26320.0
2021-06-03 13:00:00+00:00,22494.75
2021-06-03 14:00:00+00:00,18091.75
2021-06-03 15:00:00+00:00,12655.5
2021-06-03 16:00:00+00:00,7367.5
2021-06-03 17:00:00+00:00,3193.75
2021-06-03 18:00:00+00:00,851.5
2021-06-03 19:00:00+00:00,46.0
2021-06-03 20:00:00+00:00,0.0
2021-06-03 21:00:00+00:00,0.0
2021-06-03 22:00:00+00:00,0.0
2021-06-03 23:00:00+00:00,0.0
2021-06-04 00:00:00+00:00,0.0
2021-06-04 01:00:00+00:00,0.0
2021-06-04 02:00:00+00:00,2.25
2021-06-04 03:00:00+00:00,234.75
2021-06-04 04:00:00+00:00,1769.75
2021-06-04 05:00:00+00:00,4912.0
2021-06-04 06:00:00+00:00,9306.75
2021-06-04 07:00:00+00:00,14797.5
2021-06-04 08:00:00+00:00,20190.5
2021-06-04 09:00:00+00:00,24447.5
2021-06-04 10:00:00+00:00,26594.25
2021-06-04 11:00:00+00:00,26046.0
2021-06-04 12:00:00+00:00,23194.25
2021-06-04 13:00:00+00:00,19732.5
2021-06-04 14:00:00+00:00,16707.25
2021-06-04 15:00:00+00:00,12608.25
2021-06-04 16:00:00+00:00,7820.0
2021-06-04 17:00:00+00:00,3603.75
2021-06-04 18:00:00+00:00,941.25
2021-06-04 19:00:00+00:00,39.5
2021-06-04 20:00:00+00:00,0.0
2021-06-04 21:00:00+00:00,0.0
2021-06-04 22:00:00+00:00,0.0
2021-06-04 23:00:00+00:00,0.0
2021-06-05 00:00:00+00:00,0.0
2021-06-05 01:00:00+00:00,0.0
2021-06-05 02:00:00+00:00,4.0
2021-06-05 03:00:00+00:00,372.5
2021-06-05 04:00:00+00:00,2252.25
2021-06-05 05:00:00+00:00,5803.5
2021-06-05 06:00:00+00:00,10391.0
2021-06-05 07:00:00+00:00,14832.5
2021-06-05 08:00:00+00:00,18073.0
2021-06-05 09:00:00+00:00,19962.25
2021-06-05 10:00:00+00:00,21631.5
2021-06-05 11:00:00+00:00,22509.0
2021-06-05 12:00:00+00:00,20471.75
2021-06-05 13:00:00+00:00,17707.75
2021-06-05 14:00:00+00:00,14534.5
2021-06-05 15:00:00+00:00,9598.5
2021-06-05 16:00:00+00:00,5486.75
2021-06-05 17:00:00+00:00,2471.0
2021-06-05 18:00:00+00:00,698.0
2021-06-05 19:00:00+00:00,42.0
2021-06-05 20:00:00+00:00,0.0
2021-06-05 21:00:00+00:00,0.0
2021-06-05 22:00:00+00:00,0.0
2021-06-05 23:00:00+00:00,0.0
2021-06-06 00:00:00+00:00,0.0
2021-06-06 01:00:00+00:00,0.0
2021-06-06 02:00:00+00:00,5.5
2021-06-06 03:00:00+00:00,232.75
2021-06-06 04:00:00+00:00,1097.25
2021-06-06 05:00:00+00:00,2915.25
2021-06-06 06:00:00+00:00,5398.0
2021-06-06 07:00:00+00:00,8230.25
2021-06-06 08:00:00+00:00,11037.25
2021-06-06 09:00:00+00:00,13113.25
2021-06-06 10:00:00+00:00,14549.75
2021-06-06 11:00:00+00:00,14976.0
2021-06-06 12:00:00+00:00,14525.0
2021-06-06 13:00:00+00:00,13036.0
2021-06-06 14:00:00+00:00,10766.75
2021-06-06 15:00:00+00:00,8009.5
2021-06-06 16:00:00+00:00,4938.5
2021-06-06 17:00:00+00:00,2367.0
2021-06-06 18:00:00+00:00,686.25
2021-06-06 19:00:00+00:00,37.75
2021-06-06 20:00:00+00:00,0.0
2021-06-06 21:00:00+00:00,0.0
2021-06-06 22:00:00+00:00,0.0
2021-06-06 23:00:00+00:00,0.0
2021-06-07 00:00:00+00:00,0.0
2021-06-07 01:00:00+00:00,0.0
2021-06-07 02:00:00+00:00,5.5
2021-06-07 03:00:00+00:00,272.0
2021-06-07 04:00:00+00:00,1558.25
2021-06-07 05:00:00+00:00,4335.5
2021-06-07 06:00:00+00:00,8313.0
2021-06-07 07:00:00+00:00,12833.75
2021-06-07 08:00:00+00:00,16750.0
2021-06-07 09:00:00+00:00,19498.0
2021-06-07 10:00:00+00:00,20914.75
2021-06-07 11:00:00+00:00,21548.75
2021-06-07 12:00:00+00:00,21183.75
2021-06-07 13:00:00+00:00,19601.0
2021-06-07 14:00:00+00:00,16455.0
2021-06-07 15:00:00+00:00,12293.0
2021-06-07 16:00:00+00:00,7729.5
2021-06-07 17:00:00+00:00,3677.75
2021-06-07 18:00:00+00:00,1147.75
2021-06-07 19:00:00+00:00,75.5
2021-06-07 20:00:00+00:00,0.0
2021-06-07 21:00:00+00:00,0.0
2021-06-07 22:00:00+00:00,0.0
2021-06-07 23:00:00+00:00,0.0
2021-06-08 00:00:00+00:00,0.0
2021-06-08 01:00:00+00:00,0.0
2021-06-08 02:00:00+00:00,5.0
2021-06-08 03:00:00+00:00,349.0
2021-06-08 04:00:00+00:00,2157.75
2021-06-08 05:00:00+00:00,5753.0
2021-06-08 06:00:00+00:00,10741.25
2021-06-08 07:00:00+00:00,16241.75
2021-06-08 08:00:00+00:00,21134.75
2021-06-08 09:00:00+00:00,24860.0
2021-06-08 10:00:00+00:00,26481.5
2021-06-08 11:00:00+00:00,25792.75
2021-06-08 12:00:00+00:00,24866.0
2021-06-08 13:00:00+00:00,22616.0
2021-06-08 14:00:00+00:00,18623.0
2021-06-08 15:00:00+00:00,13823.75
2021-06-08 16:00:00+00:00,8404.0
2021-06-08 17:00:00+00:00,3999.75
2021-06-08 18:00:00+00:00,1271.25
2021-06-08 19:00:00+00:00,107.0
2021-06-08 20:00:00+00:00,0.0
2021-06-08 21:00:00+00:00,0.0
2021-06-08 22:00:00+00:00,0.0
2021-06-08 23:00:00+00:00,0.0
2021-06-09 00:00:00+00:00,0.0
2021-06-09 01:00:00+00:00,0.0
2021-06-09 02:00:00+00:00,5.75
2021-06-09 03:00:00+00:00,377.5
2021-06-09 04:00:00+00:00,2480.25
2021-06-09 05:00:00+00:00,6871.5
2021-06-09 06:00:00+00:00,13154.5
2021-06-09 07:00:00+00:00,20129.75
2021-06-09 08:00:00+00:00,25315.75
2021-06-09 09:00:00+00:00,28569.0
2021-06-09 10:00:00+00:00,30151.25
2021-06-09 11:00:00+00:00,28963.75
2021-06-09 12:00:00+00:00,26396.5
2021-06-09 13:00:00+00:00,22651.75
2021-06-09 14:00:00+00:00,18403.0
2021-06-09 15:00:00+00:00,13684.0
2021-06-09 16:00:00+00:00,8844.75
2021-06-09 17:00:00+00:00,4374.0
2021-06-09 18:00:00+00:00,1416.25
2021-06-09 19:00:00+00:00,110.5
2021-06-09 20:00:00+00:00,0.0
2021-06-09 21:00:00+00:00,0.0
2021-06-09 22:00:00+00:00,0.0
2021-06-09 23:00:00+00:00,0.0
2021-06-10 00:00:00+00:00,0.0
2021-06-10 01:00:00+00:00,0.25
2021-06-10 02:00:00+00:00,6.75
2021-06-10 03:00:00+00:00,408.75
2021-06-10 04:00:00+00:00,2653.5
2021-06-10 05:00:00+00:00,7442.75
2021-06-10 06:00:00+00:00,14155.75
2021-06-10 07:00:00+00:00,21172.75
2021-06-10 08:00:00+00:00,26842.0
2021-06-10 09:00:00+00:00,29323.75
2021-06-10 10:00:00+00:00,28067.25
2021-06-10 11:00:00+00:00,29426.25
2021-06-10 12:00:00+00:00,28442.75
2021-06-10 13:00:00+00:00,25453.0
2021-06-10 14:00:00+00:00,20896.0
2021-06-10 15:00:00+00:00,15234.25
2021-06-10 16:00:00+00:00,9749.25
2021-06-10 17:00:00+00:00,4645.0
2021-06-10 18:00:00+00:00,1505.0
2021-06-10 19:00:00+00:00,121.5
2021-06-10 20:00:00+00:00,0.25
2021-06-10 21:00:00+00:00,0.0
2021-06-10 22:00:00+00:00,0.0
2021-06-10 23:00:00+00:00,0.0
2021-06-11 00:00:00+00:00,0.0
2021-06-11 01:00:00+00:00,0.25
2021-06-11 02:00:00+00:00,7.0
2021-06-11 03:00:00+00:00,422.0
2021-06-11 04:00:00+00:00,2628.5
2021-06-11 05:00:00+00:00,7612.25
2021-06-11 06:00:00+00:00,14796.75
2021-06-11 07:00:00+00:00,22323.75
2021-06-11 08:00:00+00:00,27973.25
2021-06-11 09:00:00+00:00,30964.75
2021-06-11 10:00:00+00:00,31315.25
2021-06-11 11:00:00+00:00,30449.25
2021-06-11 12:00:00+00:00,28850.25
2021-06-11 13:00:00+00:00,26075.75
2021-06-11 14:00:00+00:00,22187.5
2021-06-11 15:00:00+00:00,16875.25
2021-06-11 16:00:00+00:00,10514.25
2021-06-11 17:00:00+00:00,4811.25
2021-06-11 18:00:00+00:00,1422.5
2021-06-11 19:00:00+00:00,96.25
2021-06-11 20:00:00+00:00,0.0
2021-06-11 21:00:00+00:00,0.0
2021-06-11 22:00:00+00:00,0.0
2021-06-11 23:00:00+00:00,0.0
2021-06-12 00:00:00+00:00,0.0
2021-06-12 01:00:00+00:00,0.25
2021-06-12 02:00:00+00:00,5.75
2021-06-12 03:00:00+00:00,332.25
2021-06-12 04:00:00+00:00,2256.75
2021-06-12 05:00:00+00:00,5925.5
2021-06-12 06:00:00+00:00,10687.75
2021-06-12 07:00:00+00:00,15462.5
2021-06-12 08:00:00+00:00,19509.5
2021-06-12 09:00:00+00:00,21997.5
2021-06-12 10:00:00+00:00,22632.5
2021-06-12 11:00:00+00:00,21765.25
2021-06-12 12:00:00+00:00,21422.25
2021-06-12 13:00:00+00:00,20099.25
2021-06-12 14:00:00+00:00,17064.5
2021-06-12 15:00:00+00:00,13560.25
2021-06-12 16:00:00+00:00,9355.25
2021-06-12 17:00:00+00:00,4664.25
2021-06-12 18:00:00+00:00,1464.0
2021-06-12 19:00:00+00:00,112.0
2021-06-12 20:00:00+00:00,0.25
2021-06-12 21:00:00+00:00,0.0
2021-06-12 22:00:00+00:00,0.0
2021-06-12 23:00:00+00:00,0.0
2021-06-13 00:00:00+00:00,0.0
2021-06-13 01:00:00+00:00,0.5
2021-06-13 02:00:00+00:00,8.25
2021-06-13 03:00:00+00:00,406.25
2021-06-13 04:00:00+00:00,2649.5
2021-06-13 05:00:00+00:00,7479.5
2021-06-13 06:00:00+00:00,13588.75
2021-06-13 07:00:00+00:00,19194.75
2021-06-13 08:00:00+00:00,24278.25
2021-06-13 09:00:00+00:00,28218.25
2021-06-13 10:00:00+00:00,30590.75
2021-06-13 11:00:00+00:00,31734.0
2021-06-13 12:00:00+00:00,31219.25
2021-06-13 13:00:00+00:00,29327.75
2021-06-13 14:00:00+00:00,25709.0
2021-06-13 15:00:00+00:00,19923.75
2021-06-13 16:00:00+00:00,12430.75
2021-06-13 17:00:00+00:00,5499.25
2021-06-13 18:00:00+00:00,1540.5
2021-06-13 19:00:00+00:00,124.5
2021-06-13 20:00:00+00:00,0.0
2021-06-13 21:00:00+00:00,0.0
2021-06-13 22:00:00+00:00,0.0
2021-06-13 23:00:00+00:00,0.0
2021-06-14 00:00:00+00:00,0.0
2021-06-14 01:00:00+00:00,0.0
2021-06-14 02:00:00+00:00,8.5
2021-06-14 03:00:00+00:00,446.0
2021-06-14 04:00:00+00:00,2867.0
2021-06-14 05:00:00+00:00,8772.75
2021-06-14 06:00:00+00:00,16647.5
2021-06-14 07:00:00+00:00,24143.75
2021-06-14 08:00:00+00:00,30001.5
2021-06-14 09:00:00+00:00,33917.5
2021-06-14 10:00:00+00:00,35883.75
2021-06-14 11:00:00+00:00,35964.5
2021-06-14 12:00:00+00:00,34488.5
2021-06-14 13:00:00+00:00,31395.25
2021-06-14 14:00:00+00:00,26517.0
2021-06-14 15:00:00+00:00,19759.0
2021-06-14 16:00:00+00:00,11949.5
2021-06-14 17:00:00+00:00,5108.5
2021-06-14 18:00:00+00:00,1505.25
2021-06-14 19:00:00+00:00,116.25
2021-06-14 20:00:00+00:00,0.75
2021-06-14 21:00:00+00:00,0.25
2021-06-14 22:00:00+00:00,0.0
2021-06-14 23:00:00+00:00,0.0
2021-06-15 00:00:00+00:00,0.0
2021-06-15 01:00:00+00:00,0.5
2021-06-15 02:00:00+00:00,7.0
2021-06-15 03:00:00+00:00,405.5
2021-06-15 04:00:00+00:00,2666.75
2021-06-15 05:00:00+00:00,7483.75
2021-06-15 06:00:00+00:00,13796.0
2021-06-15 07:00:00+00:00,19861.75
2021-06-15 08:00:00+00:00,25087.5
2021-06-15 09:00:00+00:00,28865.0
2021-06-15 10:00:00+00:00,31290.75
2021-06-15 11:00:00+00:00,31724.75
2021-06-15 12:00:00+00:00,30193.0
2021-06-15 13:00:00+00:00,27699.25
2021-06-15 14:00:00+00:00,23894.25
2021-06-15 15:00:00+00:00,18079.75
2021-06-15 16:00:00+00:00,11274.5
2021-06-15 17:00:00+00:00,5226.0
2021-06-15 18:00:00+00:00,1640.0
2021-06-15 19:00:00+00:00,154.5
2021-06-15 20:00:00+00:00,0.5
2021-06-15 21:00:00+00:00,0.0
2021-06-15 22:00:00+00:00,0.0
2021-06-15 23:00:00+00:00,0.0
2021-06-16 00:00:00+00:00,0.0
2021-06-16 01:00:00+00:00,0.5
2021-06-16 02:00:00+00:00,8.25
2021-06-16 03:00:00+00:00,517.25
2021-06-16 04:00:00+00:00,3016.75
2021-06-16 05:00:00+00:00,8029.75
2021-06-16 06:00:00+00:00,14891.75
2021-06-16 07:00:00+00:00,21888.25
2021-06-16 08:00:00+00:00,27736.75
2021-06-16 09:00:00+00:00,31595.5
2021-06-16 10:00:00+00:00,33541.0
2021-06-16 11:00:00+00:00,33605.75
2021-06-16 12:00:00+00:00,31964.75
2021-06-16 13:00:00+00:00,28875.75
2021-06-16 14:00:00+00:00,24177.5
2021-06-16 15:00:00+00:00,18147.25
2021-06-16 16:00:00+00:00,11255.5
2021-06-16 17:00:00+00:00,5120.25
2021-06-16 18:00:00+00:00,1656.75
2021-06-16 19:00:00+00:00,166.25
2021-06-16 20:00:00+00:00,0.75
2021-06-16 21:00:00+00:00,0.0
2021-06-16 22:00:00+00:00,0.0
2021-06-16 23:00:00+00:00,0.0
2021-06-17 00:00:00+00:00,0.0
2021-06-17 01:00:00+00:00,0.75
2021-06-17 02:00:00+00:00,8.5
2021-06-17 03:00:00+00:00,447.0
2021-06-17 04:00:00+00:00,2758.75
2021-06-17 05:00:00+00:00,8136.0
2021-06-17 06:00:00+00:00,15396.25
2021-06-17 07:00:00+00:00,22518.5
2021-06-17 08:00:00+00:00,27864.75
2021-06-17 09:00:00+00:00,31826.75
2021-06-17 10:00:00+00:00,33653.75
2021-06-17 11:00:00+00:00,33737.5
2021-06-17 12:00:00+00:00,32355.5
2021-06-17 13:00:00+00:00,29367.25
2021-06-17 14:00:00+00:00,24739.5
2021-06-17 15:00:00+00:00,18513.25
2021-06-17 16:00:00+00:00,11406.0
2021-06-17 17:00:00+00:00,5063.5
2021-06-17 18:00:00+00:00,1455.75
2021-06-17 19:00:00+00:00,107.75
2021-06-17 20:00:00+00:00,0.5
2021-06-17 21:00:00+00:00,0.0
2021-06-17 22:00:00+00:00,0.0
2021-06-17 23:00:00+00:00,0.0
2021-06-18 00:00:00+00:00,0.0
2021-06-18 01:00:00+00:00,0.25
2021-06-18 02:00:00+00:00,8.5
2021-06-18 03:00:00+00:00,440.25
2021-06-18 04:00:00+00:00,2795.25
2021-06-18 05:00:00+00:00,7890.0
2021-06-18 06:00:00+00:00,14760.5
2021-06-18 07:00:00+00:00,21429.5
2021-06-18 08:00:00+00:00,26460.25
2021-06-18 09:00:00+00:00,29948.5
2021-06-18 10:00:00+00:00,32005.75
2021-06-18 11:00:00+00:00,32237.75
2021-06-18 12:00:00+00:00,30898.25
2021-06-18 13:00:00+00:00,27888.25
2021-06-18 14:00:00+00:00,23432.25
2021-06-18 15:00:00+00:00,17458.25
2021-06-18 16:00:00+00:00,10539.0
2021-06-18 17:00:00+00:00,4809.5
2021-06-18 18:00:00+00:00,1468.75
2021-06-18 19:00:00+00:00,108.5
2021-06-18 20:00:00+00:00,0.75
2021-06-18 21:00:00+00:00,0.0
2021-06-18 22:00:00+00:00,0.0
2021-06-18 23:00:00+00:00,0.0
2021-06-19 00:00:00+00:00,0.0
2021-06-19 01:00:00+00:00,0.5
2021-06-19 02:00:00+00:00,7.75
2021-06-19 03:00:00+00:00,504.75
2021-06-19 04:00:00+00:00,3092.0
2021-06-19 05:00:00+00:00,7797.0
2021-06-19 06:00:00+00:00,13976.5
2021-06-19 07:00:00+00:00,20006.75
2021-06-19 08:00:00+00:00,25479.75
2021-06-19 09:00:00+00:00,29422.0
2021-06-19 10:00:00+00:00,31588.25
2021-06-19 11:00:00+00:00,31884.0
2021-06-19 12:00:00+00:00,29890.5
2021-06-19 13:00:00+00:00,26471.25
2021-06-19 14:00:00+00:00,22217.75
2021-06-19 15:00:00+00:00,16539.0
2021-06-19 16:00:00+00:00,10164.5
2021-06-19 17:00:00+00:00,4826.0
2021-06-19 18:00:00+00:00,1497.0
2021-06-19 19:00:00+00:00,113.5
2021-06-19 20:00:00+00:00,1.0
2021-06-19 21:00:00+00:00,0.0
2021-06-19 22:00:00+00:00,0.0
2021-06-19 23:00:00+00:00,0.0
2021-06-20 00:00:00+00:00,0.0
2021-06-20 01:00:00+00:00,0.0
2021-06-20 02:00:00+00:00,7.75
2021-06-20 03:00:00+00:00,372.75
2021-06-20 04:00:00+00:00,2212.75
2021-06-20 05:00:00+00:00,5617.25
2021-06-20 06:00:00+00:00,9781.75
2021-06-20 07:00:00+00:00,14139.75
2021-06-20 08:00:00+00:00,18523.75
2021-06-20 09:00:00+00:00,22209.75
2021-06-20 10:00:00+00:00,24824.75
2021-06-20 11:00:00+00:00,25429.5
2021-06-20 12:00:00+00:00,24899.75
2021-06-20 13:00:00+00:00,22386.75
2021-06-20 14:00:00+00:00,17850.75
2021-06-20 15:00:00+00:00,12121.0
2021-06-20 16:00:00+00:00,7293.25
2021-06-20 17:00:00+00:00,3585.0
2021-06-20 18:00:00+00:00,1150.75
2021-06-20 19:00:00+00:00,118.25
2021-06-20 20:00:00+00:00,0.0
2021-06-20 21:00:00+00:00,0.0
2021-06-20 22:00:00+00:00,0.0
2021-06-20 23:00:00+00:00,0.0
2021-06-21 00:00:00+00:00,0.0
2021-06-21 01:00:00+00:00,0.0
2021-06-21 02:00:00+00:00,4.5
2021-06-21 03:00:00+00:00,301.0
2021-06-21 04:00:00+00:00,1817.75
2021-06-21 05:00:00+00:00,5258.75
2021-06-21 06:00:00+00:00,10921.25
2021-06-21 07:00:00+00:00,16900.5
2021-06-21 08:00:00+00:00,21566.75
2021-06-21 09:00:00+00:00,24579.5
2021-06-21 10:00:00+00:00,26180.5
2021-06-21 11:00:00+00:00,27102.5
2021-06-21 12:00:00+00:00,26370.75
2021-06-21 13:00:00+00:00,24268.25
2021-06-21 14:00:00+00:00,20516.75
2021-06-21 15:00:00+00:00,15286.5
2021-06-21 16:00:00+00:00,9183.75
2021-06-21 17:00:00+00:00,3994.75
2021-06-21 18:00:00+00:00,1153.0
2021-06-21 19:00:00+00:00,81.25
2021-06-21 20:00:00+00:00,0.0
2021-06-21 21:00:00+00:00,1.25
2021-06-21 22:00:00+00:00,0.0
2021-06-21 23:00:00+00:00,0.0
2021-06-22 00:00:00+00:00,0.0
2021-06-22 01:00:00+00:00,0.0
2021-06-22 02:00:00+00:00,4.25
2021-06-22 03:00:00+00:00,257.25
2021-06-22 04:00:00+00:00,1756.0
2021-06-22 05:00:00+00:00,4679.0
2021-06-22 06:00:00+00:00,8679.0
2021-06-22 07:00:00+00:00,12735.25
2021-06-22 08:00:00+00:00,15467.75
2021-06-22 09:00:00+00:00,17433.0
2021-06-22 10:00:00+00:00,18554.0
2021-06-22 11:00:00+00:00,18874.5
2021-06-22 12:00:00+00:00,18143.5
2021-06-22 13:00:00+00:00,16729.75
2021-06-22 14:00:00+00:00,14123.0
2021-06-22 15:00:00+00:00,10758.5
2021-06-22 16:00:00+00:00,7480.5
2021-06-22 17:00:00+00:00,3789.25
2021-06-22 18:00:00+00:00,1244.75
2021-06-22 19:00:00+00:00,108.75
2021-06-22 20:00:00+00:00,1.0
2021-06-22 21:00:00+00:00,0.0
2021-06-22 22:00:00+00:00,0.0
2021-06-22 23:00:00+00:00,0.0
2021-06-23 00:00:00+00:00,0.0
2021-06-23 01:00:00+00:00,0.0
2021-06-23 02:00:00+00:00,5.0
2021-06-23 03:00:00+00:00,305.0
2021-06-23 04:00:00+00:00,1725.5
2021-06-23 05:00:00+00:00,4780.75
2021-06-23 06:00:00+00:00,8741.0
2021-06-23 07:00:00+00:00,12612.25
2021-06-23 08:00:00+00:00,16195.25
2021-06-23 09:00:00+00:00,19000.75
2021-06-23 10:00:00+00:00,20925.25
2021-06-23 11:00:00+00:00,21790.75
2021-06-23 12:00:00+00:00,21520.5
2021-06-23 13:00:00+00:00,19923.0
2021-06-23 14:00:00+00:00,17121.5
2021-06-23 15:00:00+00:00,13077.0
2021-06-23 16:00:00+00:00,8078.5
2021-06-23 17:00:00+00:00,3573.0
2021-06-23 18:00:00+00:00,1107.25
2021-06-23 19:00:00+00:00,120.0
2021-06-23 20:00:00+00:00,0.25
2021-06-23 21:00:00+00:00,0.0
2021-06-23 22:00:00+00:00,0.0
2021-06-23 23:00:00+00:00,0.0
2021-06-24 00:00:00+00:00,0.0
2021-06-24 01:00:00+00:00,0.5
2021-06-24 02:00:00+00:00,4.75
2021-06-24 03:00:00+00:00,247.75
2021-06-24 04:00:00+00:00,1578.0
2021-06-24 05:00:00+00:00,4249.75
2021-06-24 06:00:00+00:00,7899.25
2021-06-24 07:00:00+00:00,11764.25
2021-06-24 08:00:00+00:00,14601.75
2021-06-24 09:00:00+00:00,16945.5
2021-06-24 10:00:00+00:00,18412.0
2021-06-24 11:00:00+00:00,18908.0
2021-06-24 12:00:00+00:00,17673.5
2021-06-24 13:00:00+00:00,15981.0
2021-06-24 14:00:00+00:00,13231.75
2021-06-24 15:00:00+00:00,9281.5
2021-06-24 16:00:00+00:00,5772.0
2021-06-24 17:00:00+00:00,3041.75
2021-06-24 18:00:00+00:00,1123.5
2021-06-24 19:00:00+00:00,127.5
2021-06-24 20:00:00+00:00,0.5
2021-06-24 21:00:00+00:00,0.0
2021-06-24 22:00:00+00:00,0.0
2021-06-24 23:00:00+00:00,0.0
2021-06-25 00:00:00+00:00,0.0
2021-06-25 01:00:00+00:00,0.5
2021-06-25 02:00:00+00:00,4.5
2021-06-25 03:00:00+00:00,275.0
2021-06-25 04:00:00+00:00,1703.75
2021-06-25 05:00:00+00:00,4609.5
2021-06-25 06:00:00+00:00,8565.75
2021-06-25 07:00:00+00:00,12683.0
2021-06-25 08:00:00+00:00,16418.25
2021-06-25 09:00:00+00:00,19096.0
2021-06-25 10:00:00+00:00,21393.75
2021-06-25 11:00:00+00:00,22270.0
2021-06-25 12:00:00+00:00,21406.25
2021-06-25 13:00:00+00:00,19295.5
2021-06-25 14:00:00+00:00,16526.25
2021-06-25 15:00:00+00:00,12882.5
2021-06-25 16:00:00+00:00,8886.5
2021-06-25 17:00:00+00:00,4579.25
2021-06-25 18:00:00+00:00,1490.75
2021-06-25 19:00:00+00:00,128.0
2021-06-25 20:00:00+00:00,0.5
2021-06-25 21:00:00+00:00,0.0
2021-06-25 22:00:00+00:00,0.0
2021-06-25 23:00:00+00:00,0.0
2021-06-26 00:00:00+00:00,0.0
2021-06-26 01:00:00+00:00,0.0
2021-06-26 02:00:00+00:00,5.0
2021-06-26 03:00:00+00:00,372.0
2021-06-26 04:00:00+00:00,2507.0
2021-06-26 05:00:00+00:00,7029.75
2021-06-26 06:00:00+00:00,13100.25
2021-06-26 07:00:00+00:00,19459.25
2021-06-26 08:00:00+00:00,24536.5
2021-06-26 09:00:00+00:00,27780.0
2021-06-26 10:00:00+00:00,28811.0
2021-06-26 11:00:00+00:00,27990.75
2021-06-26 12:00:00+00:00,26751.5
2021-06-26 13:00:00+00:00,24400.75
2021-06-26 14:00:00+00:00,21337.5
2021-06-26 15:00:00+00:00,16831.0
2021-06-26 16:00:00+00:00,11045.75
2021-06-26 17:00:00+00:00,5310.75
2021-06-26 18:00:00+00:00,1750.25
2021-06-26 19:00:00+00:00,151.0
2021-06-26 20:00:00+00:00,0.25
2021-06-26 21:00:00+00:00,0.0
2021-06-26 22:00:00+00:00,0.0
2021-06-26 23:00:00+00:00,0.0
2021-06-27 00:00:00+00:00,0.0
2021-06-27 01:00:00+00:00,0.0
2021-06-27 02:00:00+00:00,5.0
2021-06-27 03:00:00+00:00,450.25
2021-06-27 04:00:00+00:00,2840.5
2021-06-27 05:00:00+00:00,7723.75
2021-06-27 06:00:00+00:00,13932.0
2021-06-27 07:00:00+00:00,20785.5
2021-06-27 08:00:00+00:00,26279.25
2021-06-27 09:00:00+00:00,29812.25
2021-06-27 10:00:00+00:00,31089.5
2021-06-27 11:00:00+00:00,30981.75
2021-06-27 12:00:00+00:00,29426.75
2021-06-27 13:00:00+00:00,26193.5
2021-06-27 14:00:00+00:00,21625.0
2021-06-27 15:00:00+00:00,15672.25
2021-06-27 16:00:00+00:00,9597.0
2021-06-27 17:00:00+00:00,4482.5
2021-06-27 18:00:00+00:00,1441.5
2021-06-27 19:00:00+00:00,112.5
2021-06-27 20:00:00+00:00,0.25
2021-06-27 21:00:00+00:00,0.0
2021-06-27 22:00:00+00:00,0.0
2021-06-27 23:00:00+00:00,0.0
2021-06-28 00:00:00+00:00,0.0
2021-06-28 01:00:00+00:00,0.0
2021-06-28 02:00:00+00:00,4.75
2021-06-28 03:00:00+00:00,329.75
2021-06-28 04:00:00+00:00,2217.0
2021-06-28 05:00:00+00:00,6566.5
2021-06-28 06:00:00+00:00,13027.25
2021-06-28 07:00:00+00:00,20102.75
2021-06-28 08:00:00+00:00,25476.25
2021-06-28 09:00:00+00:00,28475.25
2021-06-28 10:00:00+00:00,29510.25
2021-06-28 11:00:00+00:00,28931.0
2021-06-28 12:00:00+00:00,26818.25
2021-06-28 13:00:00+00:00,24086.25
2021-06-28 14:00:00+00:00,20310.25
2021-06-28 15:00:00+00:00,14670.0
2021-06-28 16:00:00+00:00,8556.25
2021-06-28 17:00:00+00:00,3829.0
2021-06-28 18:00:00+00:00,1191.25
2021-06-28 19:00:00+00:00,107.75
2021-06-28 20:00:00+00:00,0.25
2021-06-28 21:00:00+00:00,0.0
2021-06-28 22:00:00+00:00,0.0
2021-06-28 23:00:00+00:00,0.0
2021-06-29 00:00:00+00:00,0.0
2021-06-29 01:00:00+00:00,0.0
2021-06-29 02:00:00+00:00,3.5
2021-06-29 03:00:00+00:00,281.0
2021-06-29 04:00:00+00:00,1534.25
2021-06-29 05:00:00+00:00,3736.5
2021-06-29 06:00:00+00:00,7181.5
2021-06-29 07:00:00+00:00,12317.5
2021-06-29 08:00:00+00:00,17906.0
2021-06-29 09:00:00+00:00,22062.25
2021-06-29 10:00:00+00:00,23289.25
2021-06-29 11:00:00+00:00,23296.25
2021-06-29 12:00:00+00:00,21142.75
2021-06-29 13:00:00+00:00,16620.5
2021-06-29 14:00:00+00:00,12256.5
2021-06-29 15:00:00+00:00,8257.0
2021-06-29 16:00:00+00:00,5628.5
2021-06-29 17:00:00+00:00,3115.75
2021-06-29 18:00:00+00:00,1088.5
2021-06-29 19:00:00+00:00,99.25
2021-06-29 20:00:00+00:00,0.5
2021-06-29 21:00:00+00:00,0.0
2021-06-29 22:00:00+00:00,0.0
2021-06-29 23:00:00+00:00,0.0
2021-06-30 00:00:00+00:00,0.0
2021-06-30 01:00:00+00:00,0.0
2021-06-30 02:00:00+00:00,2.25
2021-06-30 03:00:00+00:00,193.75
2021-06-30 04:00:00+00:00,1234.25
2021-06-30 05:00:00+00:00,3361.75
2021-06-30 06:00:00+00:00,6244.75
2021-06-30 07:00:00+00:00,9271.5
2021-06-30 08:00:00+00:00,12343.0
2021-06-30 09:00:00+00:00,14204.5
2021-06-30 10:00:00+00:00,14941.25
2021-06-30 11:00:00+00:00,15074.75
2021-06-30 12:00:00+00:00,14723.75
2021-06-30 13:00:00+00:00,13543.5
2021-06-30 14:00:00+00:00,11651.0
2021-06-30 15:00:00+00:00,9185.75
2021-06-30 16:00:00+00:00,5728.0
2021-06-30 17:00:00+00:00,2864.5
2021-06-30 18:00:00+00:00,814.5
2021-06-30 19:00:00+00:00,40.0
2021-06-30 20:00:00+00:00,0.5
2021-06-30 21:00:00+00:00,0.25
2021-06-30 22:00:00+00:00,0.0
2021-06-30 23:00:00+00:00,0.0
2021-07-01 00:00:00+00:00,0.0
2021-07-01 01:00:00+00:00,0.0
2021-07-01 02:00:00+00:00,1.75
2021-07-01 03:00:00+00:00,142.0
2021-07-01 04:00:00+00:00,808.0
2021-07-01 05:00:00+00:00,2199.0
2021-07-01 06:00:00+00:00,3825.25
2021-07-01 07:00:00+00:00,5659.5
2021-07-01 08:00:00+00:00,8057.0
2021-07-01 09:00:00+00:00,10171.5
2021-07-01 10:00:00+00:00,11471.5
2021-07-01 11:00:00+00:00,11850.5
2021-07-01 12:00:00+00:00,11573.75
2021-07-01 13:00:00+00:00,10603.5
2021-07-01 14:00:00+00:00,9055.0
2021-07-01 15:00:00+00:00,6765.75
2021-07-01 16:00:00+00:00,4469.5
2021-07-01 17:00:00+00:00,2351.25
2021-07-01 18:00:00+00:00,765.25
2021-07-01 19:00:00+00:00,64.0
2021-07-01 20:00:00+00:00,0.5
2021-07-01 21:00:00+00:00,0.0
2021-07-01 22:00:00+00:00,0.0
2021-07-01 23:00:00+00:00,0.0
2021-07-02 00:00:00+00:00,0.0
2021-07-02 01:00:00+00:00,0.0
2021-07-02 02:00:00+00:00,2.0
2021-07-02 03:00:00+00:00,178.25
2021-07-02 04:00:00+00:00,1241.75
2021-07-02 05:00:00+00:00,3905.0
2021-07-02 06:00:00+00:00,7948.5
2021-07-02 07:00:00+00:00,12322.75
2021-07-02 08:00:00+00:00,16015.75
2021-07-02 09:00:00+00:00,18978.75
2021-07-02 10:00:00+00:00,21210.25
2021-07-02 11:00:00+00:00,22400.5
2021-07-02 12:00:00+00:00,22747.0
2021-07-02 13:00:00+00:00,21873.25
2021-07-02 14:00:00+00:00,19440.5
2021-07-02 15:00:00+00:00,15661.0
2021-07-02 16:00:00+00:00,10374.0
2021-07-02 17:00:00+00:00,5018.25
2021-07-02 18:00:00+00:00,1582.5
2021-07-02 19:00:00+00:00,140.0
2021-07-02 20:00:00+00:00,0.5
2021-07-02 21:00:00+00:00,0.0
2021-07-02 22:00:00+00:00,0.0
2021-07-02 23:00:00+00:00,0.0
2021-07-03 00:00:00+00:00,0.0
2021-07-03 01:00:00+00:00,0.0
2021-07-03 02:00:00+00:00,2.25
2021-07-03 03:00:00+00:00,309.0
2021-07-03 04:00:00+00:00,2438.75
2021-07-03 05:00:00+00:00,7235.0
2021-07-03 06:00:00+00:00,13934.25
2021-07-03 07:00:00+00:00,20891.0
2021-07-03 08:00:00+00:00,26044.25
2021-07-03 09:00:00+00:00,28999.0
2021-07-03 10:00:00+00:00,30378.5
2021-07-03 11:00:00+00:00,30772.25
2021-07-03 12:00:00+00:00,29116.25
2021-07-03 13:00:00+00:00,25889.75
2021-07-03 14:00:00+00:00,21348.0
2021-07-03 15:00:00+00:00,15587.75
2021-07-03 16:00:00+00:00,9419.25
2021-07-03 17:00:00+00:00,4321.75
2021-07-03 18:00:00+00:00,1323.25
2021-07-03 19:00:00+00:00,98.75
2021-07-03 20:00:00+00:00,0.75
2021-07-03 21:00:00+00:00,0.0
2021-07-03 22:00:00+00:00,0.0
2021-07-03 23:00:00+00:00,0.0
2021-07-04 00:00:00+00:00,0.0
2021-07-04 01:00:00+00:00,0.0
2021-07-04 02:00:00+00:00,2.75
2021-07-04 03:00:00+00:00,290.5
2021-07-04 04:00:00+00:00,1930.25
2021-07-04 05:00:00+00:00,5546.0
2021-07-04 06:00:00+00:00,10747.25
2021-07-04 07:00:00+00:00,16642.25
2021-07-04 08:00:00+00:00,21007.25
2021-07-04 09:00:00+00:00,23455.75
2021-07-04 10:00:00+00:00,23391.5
2021-07-04 11:00:00+00:00,23043.5
2021-07-04 12:00:00+00:00,21590.75
2021-07-04 13:00:00+00:00,18669.25
2021-07-04 14:00:00+00:00,15236.0
2021-07-04 15:00:00+00:00,10822.75
2021-07-04 16:00:00+00:00,6871.5
2021-07-04 17:00:00+00:00,3473.75
2021-07-04 18:00:00+00:00,1167.75
2021-07-04 19:00:00+00:00,102.25
2021-07-04 20:00:00+00:00,0.5
2021-07-04 21:00:00+00:00,0.0
2021-07-04 22:00:00+00:00,0.0
2021-07-04 23:00:00+00:00,0.0
2021-07-05 00:00:00+00:00,0.0
2021-07-05 01:00:00+00:00,0.0
2021-07-05 02:00:00+00:00,2.0
2021-07-05 03:00:00+00:00,258.5
2021-07-05 04:00:00+00:00,1895.25
2021-07-05 05:00:00+00:00,4830.5
2021-07-05 06:00:00+00:00,8665.75
2021-07-05 07:00:00+00:00,12085.5
2021-07-05 08:00:00+00:00,14586.25
2021-07-05 09:00:00+00:00,16426.25
2021-07-05 10:00:00+00:00,17481.25
2021-07-05 11:00:00+00:00,18116.5
2021-07-05 12:00:00+00:00,17824.5
2021-07-05 13:00:00+00:00,16873.5
2021-07-05 14:00:00+00:00,15728.0
2021-07-05 15:00:00+00:00,13019.25
2021-07-05 16:00:00+00:00,8855.5
2021-07-05 17:00:00+00:00,4451.5
2021-07-05 18:00:00+00:00,1317.25
2021-07-05 19:00:00+00:00,91.25
2021-07-05 20:00:00+00:00,0.75
2021-07-05 21:00:00+00:00,0.0
2021-07-05 22:00:00+00:00,0.0
2021-07-05 23:00:00+00:00,0.0
2021-07-06 00:00:00+00:00,0.0
2021-07-06 01:00:00+00:00,0.0
2021-07-06 02:00:00+00:00,2.0
2021-07-06 03:00:00+00:00,284.25
2021-07-06 04:00:00+00:00,2218.25
2021-07-06 05:00:00+00:00,6821.75
2021-07-06 06:00:00+00:00,12696.5
2021-07-06 07:00:00+00:00,18122.75
2021-07-06 08:00:00+00:00,21495.0
2021-07-06 09:00:00+00:00,22998.25
2021-07-06 10:00:00+00:00,23890.25
2021-07-06 11:00:00+00:00,23653.5
2021-07-06 12:00:00+00:00,21193.0
2021-07-06 13:00:00+00:00,17868.75
2021-07-06 14:00:00+00:00,13732.0
2021-07-06 15:00:00+00:00,9524.75
2021-07-06 16:00:00+00:00,5899.0
2021-07-06 17:00:00+00:00,2886.0
2021-07-06 18:00:00+00:00,853.75
2021-07-06 19:00:00+00:00,119.25
2021-07-06 20:00:00+00:00,0.25
2021-07-06 21:00:00+00:00,0.0
2021-07-06 22:00:00+00:00,0.0
2021-07-06 23:00:00+00:00,0.0
2021-07-07 00:00:00+00:00,0.0
2021-07-07 01:00:00+00:00,0.0
2021-07-07 02:00:00+00:00,0.75
2021-07-07 03:00:00+00:00,111.75
2021-07-07 04:00:00+00:00,698.0
2021-07-07 05:00:00+00:00,2446.75
2021-07-07 06:00:00+00:00,5284.0
2021-07-07 07:00:00+00:00,9034.5
2021-07-07 08:00:00+00:00,12967.5
2021-07-07 09:00:00+00:00,15721.75
2021-07-07 10:00:00+00:00,17751.5
2021-07-07 11:00:00+00:00,19509.5
2021-07-07 12:00:00+00:00,20313.5
2021-07-07 13:00:00+00:00,19797.75
2021-07-07 14:00:00+00:00,17461.0
2021-07-07 15:00:00+00:00,13931.25
2021-07-07 16:00:00+00:00,9356.5
2021-07-07 17:00:00+00:00,4514.5
2021-07-07 18:00:00+00:00,1433.5
2021-07-07 19:00:00+00:00,111.25
2021-07-07 20:00:00+00:00,0.0
2021-07-07 21:00:00+00:00,0.0
2021-07-07 22:00:00+00:00,0.0
2021-07-07 23:00:00+00:00,0.0
2021-07-08 00:00:00+00:00,0.0
2021-07-08 01:00:00+00:00,0.0
2021-07-08 02:00:00+00:00,1.5
2021-07-08 03:00:00+00:00,212.25
2021-07-08 04:00:00+00:00,1442.75
2021-07-08 05:00:00+00:00,3915.25
2021-07-08 06:00:00+00:00,6934.0
2021-07-08 07:00:00+00:00,10234.25
2021-07-08 08:00:00+00:00,13125.0
2021-07-08 09:00:00+00:00,14600.75
2021-07-08 10:00:00+00:00,14924.75
2021-07-08 11:00:00+00:00,13935.5
2021-07-08 12:00:00+00:00,12855.5
2021-07-08 13:00:00+00:00,10679.0
2021-07-08 14:00:00+00:00,9145.25
2021-07-08 15:00:00+00:00,7273.25
2021-07-08 16:00:00+00:00,4780.25
2021-07-08 17:00:00+00:00,2562.0
2021-07-08 18:00:00+00:00,864.75
2021-07-08 19:00:00+00:00,63.25
2021-07-08 20:00:00+00:00,0.0
2021-07-08 21:00:00+00:00,0.0
2021-07-08 22:00:00+00:00,0.0
2021-07-08 23:00:00+00:00,0.0
2021-07-09 00:00:00+00:00,0.0
2021-07-09 01:00:00+00:00,0.0
2021-07-09 02:00:00+00:00,0.5
2021-07-09 03:00:00+00:00,114.5
2021-07-09 04:00:00+00:00,718.5
2021-07-09 05:00:00+00:00,2037.25
2021-07-09 06:00:00+00:00,3931.0
2021-07-09 07:00:00+00:00,6640.5
2021-07-09 08:00:00+00:00,9893.75
2021-07-09 09:00:00+00:00,11574.0
2021-07-09 10:00:00+00:00,13265.25
2021-07-09 11:00:00+00:00,14760.75
2021-07-09 12:00:00+00:00,14762.0
2021-07-09 13:00:00+00:00,13707.75
2021-07-09 14:00:00+00:00,12082.25
2021-07-09 15:00:00+00:00,9680.5
2021-07-09 16:00:00+00:00,6588.5
2021-07-09 17:00:00+00:00,3317.25
2021-07-09 18:00:00+00:00,1024.5
2021-07-09 19:00:00+00:00,80.0
2021-07-09 20:00:00+00:00,0.0
2021-07-09 21:00:00+00:00,0.0
2021-07-09 22:00:00+00:00,0.0
2021-07-09 23:00:00+00:00,0.0
2021-07-10 00:00:00+00:00,0.0
2021-07-10 01:00:00+00:00,0.0
2021-07-10 02:00:00+00:00,0.75
2021-07-10 03:00:00+00:00,161.0
2021-07-10 04:00:00+00:00,1709.25
2021-07-10 05:00:00+00:00,5406.75
2021-07-10 06:00:00+00:00,10825.0
2021-07-10 07:00:00+00:00,17039.75
2021-07-10 08:00:00+00:00,22571.0
2021-07-10 09:00:00+00:00,26366.5
2021-07-10 10:00:00+00:00,27832.25
2021-07-10 11:00:00+00:00,28303.25
2021-07-10 12:00:00+00:00,27132.75
2021-07-10 13:00:00+00:00,24602.0
2021-07-10 14:00:00+00:00,20893.5
2021-07-10 15:00:00+00:00,15527.75
2021-07-10 16:00:00+00:00,9778.0
2021-07-10 17:00:00+00:00,4485.5
2021-07-10 18:00:00+00:00,1280.5
2021-07-10 19:00:00+00:00,82.5
2021-07-10 20:00:00+00:00,0.25
2021-07-10 21:00:00+00:00,0.0
2021-07-10 22:00:00+00:00,0.0
2021-07-10 23:00:00+00:00,0.0
2021-07-11 00:00:00+00:00,0.0
2021-07-11 01:00:00+00:00,0.0
2021-07-11 02:00:00+00:00,1.0
2021-07-11 03:00:00+00:00,218.5
2021-07-11 04:00:00+00:00,1403.5
2021-07-11 05:00:00+00:00,3985.75
2021-07-11 06:00:00+00:00,7954.5
2021-07-11 07:00:00+00:00,12554.25
2021-07-11 08:00:00+00:00,16622.25
2021-07-11 09:00:00+00:00,19237.75
2021-07-11 10:00:00+00:00,20324.25
2021-07-11 11:00:00+00:00,20277.5
2021-07-11 12:00:00+00:00,19698.75
2021-07-11 13:00:00+00:00,18909.0
2021-07-11 14:00:00+00:00,17694.5
2021-07-11 15:00:00+00:00,14325.75
2021-07-11 16:00:00+00:00,9296.5
2021-07-11 17:00:00+00:00,4381.75
2021-07-11 18:00:00+00:00,1232.25
2021-07-11 19:00:00+00:00,77.5
2021-07-11 20:00:00+00:00,0.5
2021-07-11 21:00:00+00:00,0.0
2021-07-11 22:00:00+00:00,0.0
2021-07-11 23:00:00+00:00,0.0
2021-07-12 00:00:00+00:00,0.0
2021-07-12 01:00:00+00:00,0.0
2021-07-12 02:00:00+00:00,0.75
2021-07-12 03:00:00+00:00,199.75
2021-07-12 04:00:00+00:00,1934.25
2021-07-12 05:00:00+00:00,5969.0
2021-07-12 06:00:00+00:00,11439.25
2021-07-12 07:00:00+00:00,18175.25
2021-07-12 08:00:00+00:00,23797.25
2021-07-12 09:00:00+00:00,26964.75
2021-07-12 10:00:00+00:00,28209.0
2021-07-12 11:00:00+00:00,28165.25
2021-07-12 12:00:00+00:00,25932.0
2021-07-12 13:00:00+00:00,23023.5
2021-07-12 14:00:00+00:00,19098.5
2021-07-12 15:00:00+00:00,14158.25
2021-07-12 16:00:00+00:00,8729.75
2021-07-12 17:00:00+00:00,4049.75
2021-07-12 18:00:00+00:00,1136.75
2021-07-12 19:00:00+00:00,58.0
2021-07-12 20:00:00+00:00,0.5
2021-07-12 21:00:00+00:00,0.0
2021-07-12 22:00:00+00:00,0.0
2021-07-12 23:00:00+00:00,0.0
2021-07-13 00:00:00+00:00,0.0
2021-07-13 01:00:00+00:00,0.0
2021-07-13 02:00:00+00:00,1.0
2021-07-13 03:00:00+00:00,210.5
2021-07-13 04:00:00+00:00,1597.25
2021-07-13 05:00:00+00:00,4710.5
2021-07-13 06:00:00+00:00,8462.75
2021-07-13 07:00:00+00:00,12309.5
2021-07-13 08:00:00+00:00,15265.25
2021-07-13 09:00:00+00:00,17216.25
2021-07-13 10:00:00+00:00,17880.5
2021-07-13 11:00:00+00:00,16596.0
2021-07-13 12:00:00+00:00,14689.5
2021-07-13 13:00:00+00:00,13195.25
2021-07-13 14:00:00+00:00,10720.0
2021-07-13 15:00:00+00:00,8352.5
2021-07-13 16:00:00+00:00,5411.0
2021-07-13 17:00:00+00:00,2847.75
2021-07-13 18:00:00+00:00,859.75
2021-07-13 19:00:00+00:00,50.5
2021-07-13 20:00:00+00:00,0.0
2021-07-13 21:00:00+00:00,0.0
2021-07-13 22:00:00+00:00,0.0
2021-07-13 23:00:00+00:00,0.0
2021-07-14 00:00:00+00:00,0.0
2021-07-14 01:00:00+00:00,0.0
2021-07-14 02:00:00+00:00,1.0
2021-07-14 03:00:00+00:00,143.5
2021-07-14 04:00:00+00:00,964.25
2021-07-14 05:00:00+00:00,2903.5
2021-07-14 06:00:00+00:00,5290.75
2021-07-14 07:00:00+00:00,7076.75
2021-07-14 08:00:00+00:00,8847.0
2021-07-14 09:00:00+00:00,10799.0
2021-07-14 10:00:00+00:00,12776.75
2021-07-14 11:00:00+00:00,14546.25
2021-07-14 12:00:00+00:00,15573.75
2021-07-14 13:00:00+00:00,14723.5
2021-07-14 14:00:00+00:00,12851.5
2021-07-14 15:00:00+00:00,10279.25
2021-07-14 16:00:00+00:00,6452.25
2021-07-14 17:00:00+00:00,3106.5
2021-07-14 18:00:00+00:00,929.0
2021-07-14 19:00:00+00:00,47.0
2021-07-14 20:00:00+00:00,0.0
2021-07-14 21:00:00+00:00,0.0
2021-07-14 22:00:00+00:00,0.0
2021-07-14 23:00:00+00:00,0.0
2021-07-15 00:00:00+00:00,0.0
2021-07-15 01:00:00+00:00,0.0
2021-07-15 02:00:00+00:00,0.75
2021-07-15 03:00:00+00:00,150.75
2021-07-15 04:00:00+00:00,1340.5
2021-07-15 05:00:00+00:00,4237.75
2021-07-15 06:00:00+00:00,8259.0
2021-07-15 07:00:00+00:00,12870.0
2021-07-15 08:00:00+00:00,17039.75
2021-07-15 09:00:00+00:00,19754.25
2021-07-15 10:00:00+00:00,20215.0
2021-07-15 11:00:00+00:00,20129.75
2021-07-15 12:00:00+00:00,19799.0
2021-07-15 13:00:00+00:00,18461.5
2021-07-15 14:00:00+00:00,15473.0
2021-07-15 15:00:00+00:00,11489.5
2021-07-15 16:00:00+00:00,7428.5
2021-07-15 17:00:00+00:00,3632.5
2021-07-15 18:00:00+00:00,1043.5
2021-07-15 19:00:00+00:00,53.5
2021-07-15 20:00:00+00:00,0.25
2021-07-15 21:00:00+00:00,0.0
2021-07-15 22:00:00+00:00,0.0
2021-07-15 23:00:00+00:00,0.0
2021-07-16 00:00:00+00:00,0.0
2021-07-16 01:00:00+00:00,0.0
2021-07-16 02:00:00+00:00,0.75
2021-07-16 03:00:00+00:00,161.0
2021-07-16 04:00:00+00:00,1511.5
2021-07-16 05:00:00+00:00,4761.75
2021-07-16 06:00:00+00:00,9010.25
2021-07-16 07:00:00+00:00,13807.75
2021-07-16 08:00:00+00:00,17985.0
2021-07-16 09:00:00+00:00,20903.75
2021-07-16 10:00:00+00:00,22489.5
2021-07-16 11:00:00+00:00,23468.25
2021-07-16 12:00:00+00:00,23185.5
2021-07-16 13:00:00+00:00,21065.25
2021-07-16 14:00:00+00:00,17971.25
2021-07-16 15:00:00+00:00,13974.75
2021-07-16 16:00:00+00:00,8927.75
2021-07-16 17:00:00+00:00,4164.0
2021-07-16 18:00:00+00:00,1175.5
2021-07-16 19:00:00+00:00,61.75
2021-07-16 20:00:00+00:00,0.0
2021-07-16 21:00:00+00:00,0.0
2021-07-16 22:00:00+00:00,0.0
2021-07-16 23:00:00+00:00,0.0
2021-07-17 00:00:00+00:00,0.0
2021-07-17 01:00:00+00:00,0.0
2021-07-17 02:00:00+00:00,0.0
2021-07-17 03:00:00+00:00,133.0
2021-07-17 04:00:00+00:00,973.0
2021-07-17 05:00:00+00:00,2943.75
2021-07-17 06:00:00+00:00,5645.0
2021-07-17 07:00:00+00:00,8860.0
2021-07-17 08:00:00+00:00,12729.0
2021-07-17 09:00:00+00:00,16232.0
2021-07-17 10:00:00+00:00,19065.75
2021-07-17 11:00:00+00:00,20944.25
2021-07-17 12:00:00+00:00,21230.75
2021-07-17 13:00:00+00:00,19907.75
2021-07-17 14:00:00+00:00,17728.5
2021-07-17 15:00:00+00:00,14136.5
2021-07-17 16:00:00+00:00,9254.5
2021-07-17 17:00:00+00:00,4408.25
2021-07-17 18:00:00+00:00,1274.25
2021-07-17 19:00:00+00:00,88.0
2021-07-17 20:00:00+00:00,0.25
2021-07-17 21:00:00+00:00,0.0
2021-07-17 22:00:00+00:00,0.0
2021-07-17 23:00:00+00:00,0.0
2021-07-18 00:00:00+00:00,0.0
2021-07-18 01:00:00+00:00,0.0
2021-07-18 02:00:00+00:00,0.0
2021-07-18 03:00:00+00:00,172.5
2021-07-18 04:00:00+00:00,1660.5
2021-07-18 05:00:00+00:00,5807.5
2021-07-18 06:00:00+00:00,11753.0
2021-07-18 07:00:00+00:00,18168.25
2021-07-18 08:00:00+00:00,23605.25
2021-07-18 09:00:00+00:00,27416.75
2021-07-18 10:00:00+00:00,29881.75
2021-07-18 11:00:00+00:00,30667.5
2021-07-18 12:00:00+00:00,29837.25
2021-07-18 13:00:00+00:00,27513.25
2021-07-18 14:00:00+00:00,23778.5
2021-07-18 15:00:00+00:00,18199.5
2021-07-18 16:00:00+00:00,11220.25
2021-07-18 17:00:00+00:00,4791.25
2021-07-18 18:00:00+00:00,1320.25
2021-07-18 19:00:00+00:00,69.25
2021-07-18 20:00:00+00:00,2.5
2021-07-18 21:00:00+00:00,0.0
2021-07-18 22:00:00+00:00,0.0
2021-07-18 23:00:00+00:00,0.0
2021-07-19 00:00:00+00:00,0.0
2021-07-19 01:00:00+00:00,0.0
2021-07-19 02:00:00+00:00,0.0
2021-07-19 03:00:00+00:00,132.0
2021-07-19 04:00:00+00:00,1520.25
2021-07-19 05:00:00+00:00,5137.75
2021-07-19 06:00:00+00:00,10224.0
2021-07-19 07:00:00+00:00,15787.5
2021-07-19 08:00:00+00:00,19983.75
2021-07-19 09:00:00+00:00,22475.25
2021-07-19 10:00:00+00:00,24382.25
2021-07-19 11:00:00+00:00,25376.25
2021-07-19 12:00:00+00:00,24788.25
2021-07-19 13:00:00+00:00,22518.5
2021-07-19 14:00:00+00:00,18820.25
2021-07-19 15:00:00+00:00,14141.0
2021-07-19 16:00:00+00:00,8993.75
2021-07-19 17:00:00+00:00,4209.25
2021-07-19 18:00:00+00:00,1123.0
2021-07-19 19:00:00+00:00,49.25
2021-07-19 20:00:00+00:00,0.0
2021-07-19 21:00:00+00:00,0.0
2021-07-19 22:00:00+00:00,0.0
2021-07-19 23:00:00+00:00,0.0
2021-07-20 00:00:00+00:00,0.0
2021-07-20 01:00:00+00:00,0.0
2021-07-20 02:00:00+00:00,0.0
2021-07-20 03:00:00+00:00,108.75
2021-07-20 04:00:00+00:00,1476.0
2021-07-20 05:00:00+00:00,5062.75
2021-07-20 06:00:00+00:00,10618.75
2021-07-20 07:00:00+00:00,16880.0
2021-07-20 08:00:00+00:00,21142.75
2021-07-20 09:00:00+00:00,23326.5
2021-07-20 10:00:00+00:00,25144.75
2021-07-20 11:00:00+00:00,26271.5
2021-07-20 12:00:00+00:00,26448.75
2021-07-20 13:00:00+00:00,25127.25
2021-07-20 14:00:00+00:00,21801.5
2021-07-20 15:00:00+00:00,16489.0
2021-07-20 16:00:00+00:00,10133.75
2021-07-20 17:00:00+00:00,4491.5
2021-07-20 18:00:00+00:00,1142.75
2021-07-20 19:00:00+00:00,41.5
2021-07-20 20:00:00+00:00,0.0
2021-07-20 21:00:00+00:00,0.0
2021-07-20 22:00:00+00:00,0.0
2021-07-20 23:00:00+00:00,0.0
2021-07-21 00:00:00+00:00,0.0
2021-07-21 01:00:00+00:00,0.0
2021-07-21 02:00:00+00:00,0.0
2021-07-21 03:00:00+00:00,94.25
2021-07-21 04:00:00+00:00,1449.5
2021-07-21 05:00:00+00:00,5128.25
2021-07-21 06:00:00+00:00,10652.5
2021-07-21 07:00:00+00:00,16427.0
2021-07-21 08:00:00+00:00,21259.75
2021-07-21 09:00:00+00:00,24469.25
2021-07-21 10:00:00+00:00,25866.5
2021-07-21 11:00:00+00:00,25987.25
2021-07-21 12:00:00+00:00,25494.25
2021-07-21 13:00:00+00:00,23259.25
2021-07-21 14:00:00+00:00,19788.0
2021-07-21 15:00:00+00:00,14995.25
2021-07-21 16:00:00+00:00,9309.75
2021-07-21 17:00:00+00:00,4063.75
2021-07-21 18:00:00+00:00,1019.25
2021-07-21 19:00:00+00:00,36.25
2021-07-21 20:00:00+00:00,0.0
2021-07-21 21:00:00+00:00,0.0
2021-07-21 22:00:00+00:00,0.0
2021-07-21 23:00:00+00:00,0.0
2021-07-22 00:00:00+00:00,0.0
2021-07-22 01:00:00+00:00,0.0
2021-07-22 02:00:00+00:00,0.0
2021-07-22 03:00:00+00:00,93.75
2021-07-22 04:00:00+00:00,1396.5
2021-07-22 05:00:00+00:00,4999.0
2021-07-22 06:00:00+00:00,10429.5
2021-07-22 07:00:00+00:00,16586.5
2021-07-22 08:00:00+00:00,21893.0
2021-07-22 09:00:00+00:00,25553.5
2021-07-22 10:00:00+00:00,26959.25
2021-07-22 11:00:00+00:00,27134.0
2021-07-22 12:00:00+00:00,25879.75
2021-07-22 13:00:00+00:00,23641.25
2021-07-22 14:00:00+00:00,19869.25
2021-07-22 15:00:00+00:00,15232.25
2021-07-22 16:00:00+00:00,9679.0
2021-07-22 17:00:00+00:00,4320.75
2021-07-22 18:00:00+00:00,1114.0
2021-07-22 19:00:00+00:00,40.0
2021-07-22 20:00:00+00:00,0.25
2021-07-22 21:00:00+00:00,0.0
2021-07-22 22:00:00+00:00,0.0
2021-07-22 23:00:00+00:00,0.0
2021-07-23 00:00:00+00:00,0.0
2021-07-23 01:00:00+00:00,0.0
2021-07-23 02:00:00+00:00,0.0
2021-07-23 03:00:00+00:00,87.75
2021-07-23 04:00:00+00:00,1412.75
2021-07-23 05:00:00+00:00,5283.75
2021-07-23 06:00:00+00:00,11304.25
2021-07-23 07:00:00+00:00,18045.5
2021-07-23 08:00:00+00:00,23670.25
2021-07-23 09:00:00+00:00,27563.0
2021-07-23 10:00:00+00:00,29132.5
2021-07-23 11:00:00+00:00,28920.0
2021-07-23 12:00:00+00:00,27780.75
2021-07-23 13:00:00+00:00,25593.5
2021-07-23 14:00:00+00:00,21976.75
2021-07-23 15:00:00+00:00,16647.25
2021-07-23 16:00:00+00:00,10091.75
2021-07-23 17:00:00+00:00,4277.0
2021-07-23 18:00:00+00:00,1074.5
2021-07-23 19:00:00+00:00,32.5
2021-07-23 20:00:00+00:00,0.25
2021-07-23 21:00:00+00:00,0.0
2021-07-23 22:00:00+00:00,0.0
2021-07-23 23:00:00+00:00,0.0
2021-07-24 00:00:00+00:00,0.0
2021-07-24 01:00:00+00:00,0.0
2021-07-24 02:00:00+00:00,0.0
2021-07-24 03:00:00+00:00,99.0
2021-07-24 04:00:00+00:00,1657.25
2021-07-24 05:00:00+00:00,5779.75
2021-07-24 06:00:00+00:00,10889.25
2021-07-24 07:00:00+00:00,16176.5
2021-07-24 08:00:00+00:00,20689.0
2021-07-24 09:00:00+00:00,24785.0
2021-07-24 10:00:00+00:00,25540.25
2021-07-24 11:00:00+00:00,23660.0
2021-07-24 12:00:00+00:00,21324.25
2021-07-24 13:00:00+00:00,18156.0
2021-07-24 14:00:00+00:00,14040.75
2021-07-24 15:00:00+00:00,9743.5
2021-07-24 16:00:00+00:00,5415.5
2021-07-24 17:00:00+00:00,2210.0
2021-07-24 18:00:00+00:00,562.25
2021-07-24 19:00:00+00:00,14.25
2021-07-24 20:00:00+00:00,0.25
2021-07-24 21:00:00+00:00,0.0
2021-07-24 22:00:00+00:00,0.0
2021-07-24 23:00:00+00:00,0.0
2021-07-25 00:00:00+00:00,0.0
2021-07-25 01:00:00+00:00,0.0
2021-07-25 02:00:00+00:00,0.0
2021-07-25 03:00:00+00:00,75.0
2021-07-25 04:00:00+00:00,1065.0
2021-07-25 05:00:00+00:00,3911.5
2021-07-25 06:00:00+00:00,8658.0
2021-07-25 07:00:00+00:00,14394.75
2021-07-25 08:00:00+00:00,19781.75
2021-07-25 09:00:00+00:00,22903.75
2021-07-25 10:00:00+00:00,23906.5
2021-07-25 11:00:00+00:00,23960.25
2021-07-25 12:00:00+00:00,22306.75
2021-07-25 13:00:00+00:00,19504.25
2021-07-25 14:00:00+00:00,15824.75
2021-07-25 15:00:00+00:00,11792.75
2021-07-25 16:00:00+00:00,7435.25
2021-07-25 17:00:00+00:00,3394.0
2021-07-25 18:00:00+00:00,840.25
2021-07-25 19:00:00+00:00,18.75
2021-07-25 20:00:00+00:00,0.0
2021-07-25 21:00:00+00:00,0.0
2021-07-25 22:00:00+00:00,0.0
2021-07-25 23:00:00+00:00,0.0
2021-07-26 00:00:00+00:00,0.0
2021-07-26 01:00:00+00:00,0.0
2021-07-26 02:00:00+00:00,0.0
2021-07-26 03:00:00+00:00,71.25
2021-07-26 04:00:00+00:00,1256.75
2021-07-26 05:00:00+00:00,4655.5
2021-07-26 06:00:00+00:00,9523.75
2021-07-26 07:00:00+00:00,14994.25
2021-07-26 08:00:00+00:00,19863.75
2021-07-26 09:00:00+00:00,23648.25
2021-07-26 10:00:00+00:00,25241.75
2021-07-26 11:00:00+00:00,25329.75
2021-07-26 12:00:00+00:00,23866.25
2021-07-26 13:00:00+00:00,20884.0
2021-07-26 14:00:00+00:00,16193.0
2021-07-26 15:00:00+00:00,11060.0
2021-07-26 16:00:00+00:00,6423.5
2021-07-26 17:00:00+00:00,2953.0
2021-07-26 18:00:00+00:00,857.0
2021-07-26 19:00:00+00:00,25.5
2021-07-26 20:00:00+00:00,0.0
2021-07-26 21:00:00+00:00,0.0
2021-07-26 22:00:00+00:00,0.0
2021-07-26 23:00:00+00:00,0.0
2021-07-27 00:00:00+00:00,0.0
2021-07-27 01:00:00+00:00,0.0
2021-07-27 02:00:00+00:00,0.0
2021-07-27 03:00:00+00:00,65.25
2021-07-27 04:00:00+00:00,1270.5
2021-07-27 05:00:00+00:00,5126.5
2021-07-27 06:00:00+00:00,11009.75
2021-07-27 07:00:00+00:00,17302.0
2021-07-27 08:00:00+00:00,22501.25
2021-07-27 09:00:00+00:00,24821.25
2021-07-27 10:00:00+00:00,24864.75
2021-07-27 11:00:00+00:00,24048.5
2021-07-27 12:00:00+00:00,22187.5
2021-07-27 13:00:00+00:00,20087.25
2021-07-27 14:00:00+00:00,16861.0
2021-07-27 15:00:00+00:00,12175.5
2021-07-27 16:00:00+00:00,7218.75
2021-07-27 17:00:00+00:00,2980.75
2021-07-27 18:00:00+00:00,614.5
2021-07-27 19:00:00+00:00,10.5
2021-07-27 20:00:00+00:00,0.0
2021-07-27 21:00:00+00:00,0.0
2021-07-27 22:00:00+00:00,0.0
2021-07-27 23:00:00+00:00,0.0
2021-07-28 00:00:00+00:00,0.0
2021-07-28 01:00:00+00:00,0.0
2021-07-28 02:00:00+00:00,0.0
2021-07-28 03:00:00+00:00,56.25
2021-07-28 04:00:00+00:00,911.5
2021-07-28 05:00:00+00:00,3375.25
2021-07-28 06:00:00+00:00,6871.0
2021-07-28 07:00:00+00:00,10893.5
2021-07-28 08:00:00+00:00,13910.5
2021-07-28 09:00:00+00:00,16366.5
2021-07-28 10:00:00+00:00,18311.0
2021-07-28 11:00:00+00:00,18646.75
2021-07-28 12:00:00+00:00,18454.75
2021-07-28 13:00:00+00:00,17209.0
2021-07-28 14:00:00+00:00,15201.0
2021-07-28 15:00:00+00:00,12307.75
2021-07-28 16:00:00+00:00,8143.5
2021-07-28 17:00:00+00:00,3579.25
2021-07-28 18:00:00+00:00,777.0
2021-07-28 19:00:00+00:00,11.5
2021-07-28 20:00:00+00:00,1.0
2021-07-28 21:00:00+00:00,1.0
2021-07-28 22:00:00+00:00,1.0
2021-07-28 23:00:00+00:00,1.0
2021-07-29 00:00:00+00:00,1.0
2021-07-29 01:00:00+00:00,0.25
2021-07-29 02:00:00+00:00,0.0
2021-07-29 03:00:00+00:00,55.5
2021-07-29 04:00:00+00:00,1170.75
2021-07-29 05:00:00+00:00,4899.5
2021-07-29 06:00:00+00:00,10606.0
2021-07-29 07:00:00+00:00,17328.25
2021-07-29 08:00:00+00:00,21716.75
2021-07-29 09:00:00+00:00,23195.75
2021-07-29 10:00:00+00:00,24491.75
2021-07-29 11:00:00+00:00,25735.0
2021-07-29 12:00:00+00:00,25856.0
2021-07-29 13:00:00+00:00,24423.75
2021-07-29 14:00:00+00:00,21157.5
2021-07-29 15:00:00+00:00,16131.5
2021-07-29 16:00:00+00:00,9761.0
2021-07-29 17:00:00+00:00,3957.75
2021-07-29 18:00:00+00:00,828.25
2021-07-29 19:00:00+00:00,16.0
2021-07-29 20:00:00+00:00,0.25
2021-07-29 21:00:00+00:00,0.0
2021-07-29 22:00:00+00:00,0.0
2021-07-29 23:00:00+00:00,0.0
2021-07-30 00:00:00+00:00,0.0
2021-07-30 01:00:00+00:00,0.0
2021-07-30 02:00:00+00:00,0.0
2021-07-30 03:00:00+00:00,54.0
2021-07-30 04:00:00+00:00,1298.25
2021-07-30 05:00:00+00:00,5741.25
2021-07-30 06:00:00+00:00,12745.25
2021-07-30 07:00:00+00:00,20169.75
2021-07-30 08:00:00+00:00,26111.5
2021-07-30 09:00:00+00:00,29515.75
2021-07-30 10:00:00+00:00,30816.0
2021-07-30 11:00:00+00:00,31187.5
2021-07-30 12:00:00+00:00,29740.25
2021-07-30 13:00:00+00:00,26749.25
2021-07-30 14:00:00+00:00,21714.75
2021-07-30 15:00:00+00:00,15380.75
2021-07-30 16:00:00+00:00,8634.0
2021-07-30 17:00:00+00:00,3372.25
2021-07-30 18:00:00+00:00,750.25
2021-07-30 19:00:00+00:00,8.0
2021-07-30 20:00:00+00:00,0.0
2021-07-30 21:00:00+00:00,0.0
2021-07-30 22:00:00+00:00,0.0
2021-07-30 23:00:00+00:00,0.0
2021-07-31 00:00:00+00:00,0.0
2021-07-31 01:00:00+00:00,0.0
2021-07-31 02:00:00+00:00,0.0
2021-07-31 03:00:00+00:00,50.5
2021-07-31 04:00:00+00:00,1067.25
2021-07-31 05:00:00+00:00,4875.0
2021-07-31 06:00:00+00:00,10848.25
2021-07-31 07:00:00+00:00,16604.25
2021-07-31 08:00:00+00:00,20195.75
2021-07-31 09:00:00+00:00,22040.25
2021-07-31 10:00:00+00:00,22655.0
2021-07-31 11:00:00+00:00,22688.5
2021-07-31 12:00:00+00:00,22256.5
2021-07-31 13:00:00+00:00,20281.75
2021-07-31 14:00:00+00:00,17119.0
2021-07-31 15:00:00+00:00,12691.5
2021-07-31 16:00:00+00:00,7782.5
2021-07-31 17:00:00+00:00,3410.0
2021-07-31 18:00:00+00:00,732.75
2021-07-31 19:00:00+00:00,9.75
2021-07-31 20:00:00+00:00,0.0
2021-07-31 21:00:00+00:00,0.0
2021-07-31 22:00:00+00:00,0.0
2021-07-31 23:00:00+00:00,0.0
2021-08-01 00:00:00+00:00,0.0
2021-08-01 01:00:00+00:00,0.0
2021-08-01 02:00:00+00:00,0.0
2021-08-01 03:00:00+00:00,39.25
2021-08-01 04:00:00+00:00,631.25
2021-08-01 05:00:00+00:00,2347.25
2021-08-01 06:00:00+00:00,5229.5
2021-08-01 07:00:00+00:00,8779.75
2021-08-01 08:00:00+00:00,12343.0
2021-08-01 09:00:00+00:00,15191.75
2021-08-01 10:00:00+00:00,17169.0
2021-08-01 11:00:00+00:00,18858.0
2021-08-01 12:00:00+00:00,18766.25
2021-08-01 13:00:00+00:00,17250.0
2021-08-01 14:00:00+00:00,14677.75
2021-08-01 15:00:00+00:00,10642.75
2021-08-01 16:00:00+00:00,6367.75
2021-08-01 17:00:00+00:00,2801.0
2021-08-01 18:00:00+00:00,582.5
2021-08-01 19:00:00+00:00,6.5
2021-08-01 20:00:00+00:00,0.0
2021-08-01 21:00:00+00:00,0.0
2021-08-01 22:00:00+00:00,0.0
2021-08-01 23:00:00+00:00,0.0
2021-08-02 00:00:00+00:00,0.0
2021-08-02 01:00:00+00:00,0.0
2021-08-02 02:00:00+00:00,0.0
2021-08-02 03:00:00+00:00,31.25
2021-08-02 04:00:00+00:00,795.75
2021-08-02 05:00:00+00:00,3464.25
2021-08-02 06:00:00+00:00,7615.25
2021-08-02 07:00:00+00:00,12615.5
2021-08-02 08:00:00+00:00,17588.75
2021-08-02 09:00:00+00:00,21054.5
2021-08-02 10:00:00+00:00,22764.75
2021-08-02 11:00:00+00:00,22765.25
2021-08-02 12:00:00+00:00,21939.5
2021-08-02 13:00:00+00:00,20729.75
2021-08-02 14:00:00+00:00,16961.5
2021-08-02 15:00:00+00:00,12346.25
2021-08-02 16:00:00+00:00,7451.25
2021-08-02 17:00:00+00:00,3078.5
2021-08-02 18:00:00+00:00,580.0
2021-08-02 19:00:00+00:00,4.25
2021-08-02 20:00:00+00:00,0.0
2021-08-02 21:00:00+00:00,0.0
2021-08-02 22:00:00+00:00,0.0
2021-08-02 23:00:00+00:00,0.0
2021-08-03 00:00:00+00:00,0.0
2021-08-03 01:00:00+00:00,0.0
2021-08-03 02:00:00+00:00,0.0
2021-08-03 03:00:00+00:00,29.25
2021-08-03 04:00:00+00:00,1020.75
2021-08-03 05:00:00+00:00,4369.0
2021-08-03 06:00:00+00:00,9322.5
2021-08-03 07:00:00+00:00,14112.0
2021-08-03 08:00:00+00:00,17443.0
2021-08-03 09:00:00+00:00,18845.25
2021-08-03 10:00:00+00:00,19675.5
2021-08-03 11:00:00+00:00,19827.25
2021-08-03 12:00:00+00:00,19748.25
2021-08-03 13:00:00+00:00,17879.5
2021-08-03 14:00:00+00:00,13866.75
2021-08-03 15:00:00+00:00,9720.5
2021-08-03 16:00:00+00:00,5667.25
2021-08-03 17:00:00+00:00,2342.5
2021-08-03 18:00:00+00:00,446.75
2021-08-03 19:00:00+00:00,3.5
2021-08-03 20:00:00+00:00,0.0
2021-08-03 21:00:00+00:00,0.0
2021-08-03 22:00:00+00:00,0.0
2021-08-03 23:00:00+00:00,0.0
2021-08-04 00:00:00+00:00,0.0
2021-08-04 01:00:00+00:00,0.0
2021-08-04 02:00:00+00:00,0.0
2021-08-04 03:00:00+00:00,28.0
2021-08-04 04:00:00+00:00,676.25
2021-08-04 05:00:00+00:00,3276.5
2021-08-04 06:00:00+00:00,7534.25
2021-08-04 07:00:00+00:00,12649.0
2021-08-04 08:00:00+00:00,16864.75
2021-08-04 09:00:00+00:00,19216.5
2021-08-04 10:00:00+00:00,20036.0
2021-08-04 11:00:00+00:00,19601.0
2021-08-04 12:00:00+00:00,18356.75
2021-08-04 13:00:00+00:00,15920.5
2021-08-04 14:00:00+00:00,12645.75
2021-08-04 15:00:00+00:00,8916.75
2021-08-04 16:00:00+00:00,5417.0
2021-08-04 17:00:00+00:00,2339.0
2021-08-04 18:00:00+00:00,445.25
2021-08-04 19:00:00+00:00,3.5
2021-08-04 20:00:00+00:00,0.0
2021-08-04 21:00:00+00:00,0.0
2021-08-04 22:00:00+00:00,0.0
2021-08-04 23:00:00+00:00,0.0
2021-08-05 00:00:00+00:00,0.0
2021-08-05 01:00:00+00:00,0.0
2021-08-05 02:00:00+00:00,0.0
2021-08-05 03:00:00+00:00,25.25
2021-08-05 04:00:00+00:00,665.25
2021-08-05 05:00:00+00:00,3037.75
2021-08-05 06:00:00+00:00,6931.5
2021-08-05 07:00:00+00:00,11774.25
2021-08-05 08:00:00+00:00,16728.75
2021-08-05 09:00:00+00:00,19886.5
2021-08-05 10:00:00+00:00,21133.75
2021-08-05 11:00:00+00:00,21616.25
2021-08-05 12:00:00+00:00,20907.25
2021-08-05 13:00:00+00:00,18975.0
2021-08-05 14:00:00+00:00,15595.0
2021-08-05 15:00:00+00:00,11036.25
2021-08-05 16:00:00+00:00,6588.5
2021-08-05 17:00:00+00:00,2694.75
2021-08-05 18:00:00+00:00,470.75
2021-08-05 19:00:00+00:00,2.75
2021-08-05 20:00:00+00:00,0.0
2021-08-05 21:00:00+00:00,0.0
2021-08-05 22:00:00+00:00,0.0
2021-08-05 23:00:00+00:00,0.0
2021-08-06 00:00:00+00:00,0.0
2021-08-06 01:00:00+00:00,0.0
2021-08-06 02:00:00+00:00,0.0
2021-08-06 03:00:00+00:00,19.25
2021-08-06 04:00:00+00:00,751.75
2021-08-06 05:00:00+00:00,3491.5
2021-08-06 06:00:00+00:00,7689.5
2021-08-06 07:00:00+00:00,12088.5
2021-08-06 08:00:00+00:00,16058.75
2021-08-06 09:00:00+00:00,19872.0
2021-08-06 10:00:00+00:00,22881.5
2021-08-06 11:00:00+00:00,23186.75
2021-08-06 12:00:00+00:00,21905.0
2021-08-06 13:00:00+00:00,19681.5
2021-08-06 14:00:00+00:00,16384.0
2021-08-06 15:00:00+00:00,11699.25
2021-08-06 16:00:00+00:00,6951.75
2021-08-06 17:00:00+00:00,2780.5
2021-08-06 18:00:00+00:00,441.25
2021-08-06 19:00:00+00:00,1.75
2021-08-06 20:00:00+00:00,0.25
2021-08-06 21:00:00+00:00,0.0
2021-08-06 22:00:00+00:00,0.0
2021-08-06 23:00:00+00:00,0.0
2021-08-07 00:00:00+00:00,0.0
2021-08-07 01:00:00+00:00,0.0
2021-08-07 02:00:00+00:00,0.0
2021-08-07 03:00:00+00:00,18.25
2021-08-07 04:00:00+00:00,845.0
2021-08-07 05:00:00+00:00,4388.25
2021-08-07 06:00:00+00:00,9819.0
2021-08-07 07:00:00+00:00,15213.5
2021-08-07 08:00:00+00:00,19398.25
2021-08-07 09:00:00+00:00,21169.25
2021-08-07 10:00:00+00:00,20448.0
2021-08-07 11:00:00+00:00,19218.5
2021-08-07 12:00:00+00:00,17373.5
2021-08-07 13:00:00+00:00,14183.25
2021-08-07 14:00:00+00:00,10922.75
2021-08-07 15:00:00+00:00,7411.5
2021-08-07 16:00:00+00:00,4033.25
2021-08-07 17:00:00+00:00,1615.5
2021-08-07 18:00:00+00:00,286.75
2021-08-07 19:00:00+00:00,1.0
2021-08-07 20:00:00+00:00,0.0
2021-08-07 21:00:00+00:00,0.0
2021-08-07 22:00:00+00:00,0.0
2021-08-07 23:00:00+00:00,0.0
2021-08-08 00:00:00+00:00,0.0
2021-08-08 01:00:00+00:00,0.0
2021-08-08 02:00:00+00:00,0.0
2021-08-08 03:00:00+00:00,16.0
2021-08-08 04:00:00+00:00,678.25
2021-08-08 05:00:00+00:00,3614.75
2021-08-08 06:00:00+00:00,8672.75
2021-08-08 07:00:00+00:00,14302.25
2021-08-08 08:00:00+00:00,18113.75
2021-08-08 09:00:00+00:00,20671.75
2021-08-08 10:00:00+00:00,21222.0
2021-08-08 11:00:00+00:00,20951.75
2021-08-08 12:00:00+00:00,19696.75
2021-08-08 13:00:00+00:00,17160.75
2021-08-08 14:00:00+00:00,15323.25
2021-08-08 15:00:00+00:00,11089.0
2021-08-08 16:00:00+00:00,6823.25
2021-08-08 17:00:00+00:00,2856.5
2021-08-08 18:00:00+00:00,436.5
2021-08-08 19:00:00+00:00,1.25
2021-08-08 20:00:00+00:00,0.0
2021-08-08 21:00:00+00:00,0.0
2021-08-08 22:00:00+00:00,0.0
2021-08-08 23:00:00+00:00,0.0
2021-08-09 00:00:00+00:00,0.0
2021-08-09 01:00:00+00:00,0.0
2021-08-09 02:00:00+00:00,0.0
2021-08-09 03:00:00+00:00,13.75
2021-08-09 04:00:00+00:00,836.25
2021-08-09 05:00:00+00:00,4328.0
2021-08-09 06:00:00+00:00,10269.5
2021-08-09 07:00:00+00:00,16622.0
2021-08-09 08:00:00+00:00,21963.75
2021-08-09 09:00:00+00:00,25540.25
2021-08-09 10:00:00+00:00,26440.5
2021-08-09 11:00:00+00:00,25749.25
2021-08-09 12:00:00+00:00,23282.0
2021-08-09 13:00:00+00:00,20799.5
2021-08-09 14:00:00+00:00,17074.5
2021-08-09 15:00:00+00:00,11880.75
2021-08-09 16:00:00+00:00,6836.75
2021-08-09 17:00:00+00:00,2538.0
2021-08-09 18:00:00+00:00,362.25
2021-08-09 19:00:00+00:00,0.5
2021-08-09 20:00:00+00:00,0.0
2021-08-09 21:00:00+00:00,0.0
2021-08-09 22:00:00+00:00,0.0
2021-08-09 23:00:00+00:00,0.0
2021-08-10 00:00:00+00:00,0.0
2021-08-10 01:00:00+00:00,0.0
2021-08-10 02:00:00+00:00,0.0
2021-08-10 03:00:00+00:00,10.5
2021-08-10 04:00:00+00:00,634.25
2021-08-10 05:00:00+00:00,3345.75
2021-08-10 06:00:00+00:00,7529.0
2021-08-10 07:00:00+00:00,12577.0
2021-08-10 08:00:00+00:00,17306.25
2021-08-10 09:00:00+00:00,21383.0
2021-08-10 10:00:00+00:00,24567.75
2021-08-10 11:00:00+00:00,25499.25
2021-08-10 12:00:00+00:00,25115.0
2021-08-10 13:00:00+00:00,22524.5
2021-08-10 14:00:00+00:00,18506.75
2021-08-10 15:00:00+00:00,12910.5
2021-08-10 16:00:00+00:00,7282.25
2021-08-10 17:00:00+00:00,2687.25
2021-08-10 18:00:00+00:00,347.5
2021-08-10 19:00:00+00:00,0.75
2021-08-10 20:00:00+00:00,0.0
2021-08-10 21:00:00+00:00,0.0
2021-08-10 22:00:00+00:00,0.0
2021-08-10 23:00:00+00:00,0.0
2021-08-11 00:00:00+00:00,0.0
2021-08-11 01:00:00+00:00,0.0
2021-08-11 02:00:00+00:00,0.0
2021-08-11 03:00:00+00:00,8.0
2021-08-11 04:00:00+00:00,669.25
2021-08-11 05:00:00+00:00,4009.0
2021-08-11 06:00:00+00:00,9985.75
2021-08-11 07:00:00+00:00,16955.75
2021-08-11 08:00:00+00:00,22962.75
2021-08-11 09:00:00+00:00,26501.5
2021-08-11 10:00:00+00:00,27860.0
2021-08-11 11:00:00+00:00,27905.0
2021-08-11 12:00:00+00:00,26660.75
2021-08-11 13:00:00+00:00,24181.75
2021-08-11 14:00:00+00:00,20400.5
2021-08-11 15:00:00+00:00,14951.75
2021-08-11 16:00:00+00:00,8367.25
2021-08-11 17:00:00+00:00,3006.75
2021-08-11 18:00:00+00:00,386.5
2021-08-11 19:00:00+00:00,0.75
2021-08-11 20:00:00+00:00,0.0
2021-08-11 21:00:00+00:00,0.0
2021-08-11 22:00:00+00:00,0.0
2021-08-11 23:00:00+00:00,0.0
2021-08-12 00:00:00+00:00,0.0
2021-08-12 01:00:00+00:00,0.0
2021-08-12 02:00:00+00:00,0.0
2021-08-12 03:00:00+00:00,8.5
2021-08-12 04:00:00+00:00,750.25
2021-08-12 05:00:00+00:00,4649.5
2021-08-12 06:00:00+00:00,11171.5
2021-08-12 07:00:00+00:00,18401.75
2021-08-12 08:00:00+00:00,24766.25
2021-08-12 09:00:00+00:00,28558.5
2021-08-12 10:00:00+00:00,29989.0
2021-08-12 11:00:00+00:00,29474.0
2021-08-12 12:00:00+00:00,27684.0
2021-08-12 13:00:00+00:00,24639.0
2021-08-12 14:00:00+00:00,20538.5
2021-08-12 15:00:00+00:00,14719.75
2021-08-12 16:00:00+00:00,8150.75
2021-08-12 17:00:00+00:00,2863.25
2021-08-12 18:00:00+00:00,310.5
2021-08-12 19:00:00+00:00,0.5
2021-08-12 20:00:00+00:00,0.0
2021-08-12 21:00:00+00:00,0.0
2021-08-12 22:00:00+00:00,0.0
2021-08-12 23:00:00+00:00,0.0
2021-08-13 00:00:00+00:00,0.0
2021-08-13 01:00:00+00:00,0.0
2021-08-13 02:00:00+00:00,0.0
2021-08-13 03:00:00+00:00,4.75
2021-08-13 04:00:00+00:00,602.0
2021-08-13 05:00:00+00:00,3773.75
2021-08-13 06:00:00+00:00,9578.25
2021-08-13 07:00:00+00:00,16353.0
2021-08-13 08:00:00+00:00,22500.25
2021-08-13 09:00:00+00:00,26695.0
2021-08-13 10:00:00+00:00,29169.75
2021-08-13 11:00:00+00:00,28882.5
2021-08-13 12:00:00+00:00,26132.5
2021-08-13 13:00:00+00:00,22524.75
2021-08-13 14:00:00+00:00,18385.75
2021-08-13 15:00:00+00:00,13129.75
2021-08-13 16:00:00+00:00,7328.25
2021-08-13 17:00:00+00:00,2603.75
2021-08-13 18:00:00+00:00,306.75
2021-08-13 19:00:00+00:00,0.25
2021-08-13 20:00:00+00:00,0.25
2021-08-13 21:00:00+00:00,0.0
2021-08-13 22:00:00+00:00,0.0
2021-08-13 23:00:00+00:00,0.0
2021-08-14 00:00:00+00:00,0.0
2021-08-14 01:00:00+00:00,0.0
2021-08-14 02:00:00+00:00,0.0
2021-08-14 03:00:00+00:00,3.5
2021-08-14 04:00:00+00:00,559.75
2021-08-14 05:00:00+00:00,4057.25
2021-08-14 06:00:00+00:00,10708.0
2021-08-14 07:00:00+00:00,18304.75
2021-08-14 08:00:00+00:00,24894.5
2021-08-14 09:00:00+00:00,29407.25
2021-08-14 10:00:00+00:00,31280.75
2021-08-14 11:00:00+00:00,31254.75
2021-08-14 12:00:00+00:00,29737.0
2021-08-14 13:00:00+00:00,26601.5
2021-08-14 14:00:00+00:00,21984.5
2021-08-14 15:00:00+00:00,15567.25
2021-08-14 16:00:00+00:00,8300.25
2021-08-14 17:00:00+00:00,2626.5
2021-08-14 18:00:00+00:00,254.0
2021-08-14 19:00:00+00:00,0.5
2021-08-14 20:00:00+00:00,0.25
2021-08-14 21:00:00+00:00,0.0
2021-08-14 22:00:00+00:00,0.0
2021-08-14 23:00:00+00:00,0.0
2021-08-15 00:00:00+00:00,0.0
2021-08-15 01:00:00+00:00,0.0
2021-08-15 02:00:00+00:00,0.0
2021-08-15 03:00:00+00:00,2.0
2021-08-15 04:00:00+00:00,534.25
2021-08-15 05:00:00+00:00,3863.0
2021-08-15 06:00:00+00:00,9941.75
2021-08-15 07:00:00+00:00,17046.75
2021-08-15 08:00:00+00:00,22943.0
2021-08-15 09:00:00+00:00,26867.0
2021-08-15 10:00:00+00:00,28720.5
2021-08-15 11:00:00+00:00,28588.5
2021-08-15 12:00:00+00:00,26522.5
2021-08-15 13:00:00+00:00,22314.25
2021-08-15 14:00:00+00:00,17426.25
2021-08-15 15:00:00+00:00,11889.75
2021-08-15 16:00:00+00:00,6124.25
2021-08-15 17:00:00+00:00,2243.5
2021-08-15 18:00:00+00:00,249.0
2021-08-15 19:00:00+00:00,0.25
2021-08-15 20:00:00+00:00,0.0
2021-08-15 21:00:00+00:00,0.0
2021-08-15 22:00:00+00:00,0.0
2021-08-15 23:00:00+00:00,0.0
2021-08-16 00:00:00+00:00,0.0
2021-08-16 01:00:00+00:00,0.0
2021-08-16 02:00:00+00:00,0.0
2021-08-16 03:00:00+00:00,1.75
2021-08-16 04:00:00+00:00,407.0
2021-08-16 05:00:00+00:00,2630.0
2021-08-16 06:00:00+00:00,6664.75
2021-08-16 07:00:00+00:00,11142.25
2021-08-16 08:00:00+00:00,14579.5
2021-08-16 09:00:00+00:00,16256.5
2021-08-16 10:00:00+00:00,16611.25
2021-08-16 11:00:00+00:00,15918.25
2021-08-16 12:00:00+00:00,14572.75
2021-08-16 13:00:00+00:00,11988.25
2021-08-16 14:00:00+00:00,9023.75
2021-08-16 15:00:00+00:00,5869.75
2021-08-16 16:00:00+00:00,3245.0
2021-08-16 17:00:00+00:00,1299.5
2021-08-16 18:00:00+00:00,135.25
2021-08-16 19:00:00+00:00,0.0
2021-08-16 20:00:00+00:00,0.0
2021-08-16 21:00:00+00:00,0.0
2021-08-16 22:00:00+00:00,0.0
2021-08-16 23:00:00+00:00,0.0
2021-08-17 00:00:00+00:00,0.0
2021-08-17 01:00:00+00:00,0.0
2021-08-17 02:00:00+00:00,0.0
2021-08-17 03:00:00+00:00,1.0
2021-08-17 04:00:00+00:00,386.25
2021-08-17 05:00:00+00:00,3015.25
2021-08-17 06:00:00+00:00,7634.75
2021-08-17 07:00:00+00:00,12170.25
2021-08-17 08:00:00+00:00,15782.0
2021-08-17 09:00:00+00:00,17914.25
2021-08-17 10:00:00+00:00,18914.75
2021-08-17 11:00:00+00:00,18612.5
2021-08-17 12:00:00+00:00,16572.75
2021-08-17 13:00:00+00:00,13634.5
2021-08-17 14:00:00+00:00,10303.25
2021-08-17 15:00:00+00:00,6652.75
2021-08-17 16:00:00+00:00,3333.0
2021-08-17 17:00:00+00:00,1065.25
2021-08-17 18:00:00+00:00,77.25
2021-08-17 19:00:00+00:00,0.0
2021-08-17 20:00:00+00:00,0.0
2021-08-17 21:00:00+00:00,0.0
2021-08-17 22:00:00+00:00,0.0
2021-08-17 23:00:00+00:00,0.0
2021-08-18 00:00:00+00:00,0.0
2021-08-18 01:00:00+00:00,0.0
2021-08-18 02:00:00+00:00,0.0
2021-08-18 03:00:00+00:00,1.0
2021-08-18 04:00:00+00:00,253.5
2021-08-18 05:00:00+00:00,1607.25
2021-08-18 06:00:00+00:00,4206.5
2021-08-18 07:00:00+00:00,7319.75
2021-08-18 08:00:00+00:00,10149.0
2021-08-18 09:00:00+00:00,12617.75
2021-08-18 10:00:00+00:00,14031.5
2021-08-18 11:00:00+00:00,14732.25
2021-08-18 12:00:00+00:00,14454.5
2021-08-18 13:00:00+00:00,12917.75
2021-08-18 14:00:00+00:00,10824.0
2021-08-18 15:00:00+00:00,7788.75
2021-08-18 16:00:00+00:00,4280.25
2021-08-18 17:00:00+00:00,1355.75
2021-08-18 18:00:00+00:00,72.5
2021-08-18 19:00:00+00:00,0.0
2021-08-18 20:00:00+00:00,0.0
2021-08-18 21:00:00+00:00,0.0
2021-08-18 22:00:00+00:00,0.0
2021-08-18 23:00:00+00:00,0.0
2021-08-19 00:00:00+00:00,0.0
2021-08-19 01:00:00+00:00,0.0
2021-08-19 02:00:00+00:00,0.0
2021-08-19 03:00:00+00:00,0.25
2021-08-19 04:00:00+00:00,195.5
2021-08-19 05:00:00+00:00,1435.75
2021-08-19 06:00:00+00:00,3826.75
2021-08-19 07:00:00+00:00,6691.0
2021-08-19 08:00:00+00:00,10102.0
2021-08-19 09:00:00+00:00,12649.25
2021-08-19 10:00:00+00:00,13840.25
2021-08-19 11:00:00+00:00,14463.25
2021-08-19 12:00:00+00:00,13475.0
2021-08-19 13:00:00+00:00,12158.75
2021-08-19 14:00:00+00:00,10102.0
2021-08-19 15:00:00+00:00,7240.25
2021-08-19 16:00:00+00:00,3816.25
2021-08-19 17:00:00+00:00,1129.25
2021-08-19 18:00:00+00:00,47.25
2021-08-19 19:00:00+00:00,0.0
2021-08-19 20:00:00+00:00,0.0
2021-08-19 21:00:00+00:00,0.0
2021-08-19 22:00:00+00:00,0.0
2021-08-19 23:00:00+00:00,0.0
2021-08-20 00:00:00+00:00,0.0
2021-08-20 01:00:00+00:00,0.0
2021-08-20 02:00:00+00:00,0.0
2021-08-20 03:00:00+00:00,0.75
2021-08-20 04:00:00+00:00,192.5
2021-08-20 05:00:00+00:00,1680.25
2021-08-20 06:00:00+00:00,5014.25
2021-08-20 07:00:00+00:00,9754.5
2021-08-20 08:00:00+00:00,14628.75
2021-08-20 09:00:00+00:00,18167.0
2021-08-20 10:00:00+00:00,20474.0
2021-08-20 11:00:00+00:00,21581.25
2021-08-20 12:00:00+00:00,21326.25
2021-08-20 13:00:00+00:00,19815.0
2021-08-20 14:00:00+00:00,16615.5
2021-08-20 15:00:00+00:00,11907.75
2021-08-20 16:00:00+00:00,6350.0
2021-08-20 17:00:00+00:00,1881.25
2021-08-20 18:00:00+00:00,107.0
2021-08-20 19:00:00+00:00,0.25
2021-08-20 20:00:00+00:00,0.0
2021-08-20 21:00:00+00:00,0.0
2021-08-20 22:00:00+00:00,0.0
2021-08-20 23:00:00+00:00,0.0
2021-08-21 00:00:00+00:00,0.0
2021-08-21 01:00:00+00:00,0.0
2021-08-21 02:00:00+00:00,0.0
2021-08-21 03:00:00+00:00,2.0
2021-08-21 04:00:00+00:00,367.75
2021-08-21 05:00:00+00:00,3338.0
2021-08-21 06:00:00+00:00,8916.75
2021-08-21 07:00:00+00:00,15862.75
2021-08-21 08:00:00+00:00,22114.5
2021-08-21 09:00:00+00:00,26628.25
2021-08-21 10:00:00+00:00,28741.25
2021-08-21 11:00:00+00:00,28350.75
2021-08-21 12:00:00+00:00,26409.0
2021-08-21 13:00:00+00:00,23268.0
2021-08-21 14:00:00+00:00,18554.0
2021-08-21 15:00:00+00:00,12640.0
2021-08-21 16:00:00+00:00,6310.25
2021-08-21 17:00:00+00:00,1750.75
2021-08-21 18:00:00+00:00,72.75
2021-08-21 19:00:00+00:00,0.25
2021-08-21 20:00:00+00:00,0.0
2021-08-21 21:00:00+00:00,0.0
2021-08-21 22:00:00+00:00,0.0
2021-08-21 23:00:00+00:00,0.0
2021-08-22 00:00:00+00:00,0.0
2021-08-22 01:00:00+00:00,0.0
2021-08-22 02:00:00+00:00,0.0
2021-08-22 03:00:00+00:00,1.25
2021-08-22 04:00:00+00:00,222.75
2021-08-22 05:00:00+00:00,1687.0
2021-08-22 06:00:00+00:00,4782.5
2021-08-22 07:00:00+00:00,7794.0
2021-08-22 08:00:00+00:00,10625.0
2021-08-22 09:00:00+00:00,12983.75
2021-08-22 10:00:00+00:00,13676.0
2021-08-22 11:00:00+00:00,13192.5
2021-08-22 12:00:00+00:00,12690.5
2021-08-22 13:00:00+00:00,11239.0
2021-08-22 14:00:00+00:00,8946.0
2021-08-22 15:00:00+00:00,6189.5
2021-08-22 16:00:00+00:00,3260.0
2021-08-22 17:00:00+00:00,1038.25
2021-08-22 18:00:00+00:00,62.25
2021-08-22 19:00:00+00:00,0.0
2021-08-22 20:00:00+00:00,0.0
2021-08-22 21:00:00+00:00,0.0
2021-08-22 22:00:00+00:00,0.0
2021-08-22 23:00:00+00:00,0.0
2021-08-23 00:00:00+00:00,0.0
2021-08-23 01:00:00+00:00,0.0
2021-08-23 02:00:00+00:00,0.0
2021-08-23 03:00:00+00:00,0.75
2021-08-23 04:00:00+00:00,179.25
2021-08-23 05:00:00+00:00,1552.75
2021-08-23 06:00:00+00:00,4454.75
2021-08-23 07:00:00+00:00,8032.25
2021-08-23 08:00:00+00:00,11632.75
2021-08-23 09:00:00+00:00,14460.75
2021-08-23 10:00:00+00:00,16391.75
2021-08-23 11:00:00+00:00,17288.5
2021-08-23 12:00:00+00:00,16599.0
2021-08-23 13:00:00+00:00,14906.75
2021-08-23 14:00:00+00:00,11941.25
2021-08-23 15:00:00+00:00,8327.5
2021-08-23 16:00:00+00:00,4355.25
2021-08-23 17:00:00+00:00,1271.5
2021-08-23 18:00:00+00:00,64.25
2021-08-23 19:00:00+00:00,0.0
2021-08-23 20:00:00+00:00,0.0
2021-08-23 21:00:00+00:00,0.0
2021-08-23 22:00:00+00:00,0.0
2021-08-23 23:00:00+00:00,0.0
2021-08-24 00:00:00+00:00,0.0
2021-08-24 01:00:00+00:00,0.0
2021-08-24 02:00:00+00:00,0.0
2021-08-24 03:00:00+00:00,1.0
2021-08-24 04:00:00+00:00,238.0
2021-08-24 05:00:00+00:00,2444.5
2021-08-24 06:00:00+00:00,7087.5
2021-08-24 07:00:00+00:00,12610.25
2021-08-24 08:00:00+00:00,17568.5
2021-08-24 09:00:00+00:00,20773.0
2021-08-24 10:00:00+00:00,22207.5
2021-08-24 11:00:00+00:00,22086.0
2021-08-24 12:00:00+00:00,21175.5
2021-08-24 13:00:00+00:00,19465.25
2021-08-24 14:00:00+00:00,16482.0
2021-08-24 15:00:00+00:00,11765.25
2021-08-24 16:00:00+00:00,6062.75
2021-08-24 17:00:00+00:00,1659.25
2021-08-24 18:00:00+00:00,64.75
2021-08-24 19:00:00+00:00,0.25
2021-08-24 20:00:00+00:00,0.0
2021-08-24 21:00:00+00:00,0.0
2021-08-24 22:00:00+00:00,0.0
2021-08-24 23:00:00+00:00,0.0
2021-08-25 00:00:00+00:00,0.0
2021-08-25 01:00:00+00:00,0.0
2021-08-25 02:00:00+00:00,0.0
2021-08-25 03:00:00+00:00,0.75
2021-08-25 04:00:00+00:00,276.25
2021-08-25 05:00:00+00:00,3193.25
2021-08-25 06:00:00+00:00,9346.0
2021-08-25 07:00:00+00:00,16598.25
2021-08-25 08:00:00+00:00,22503.0
2021-08-25 09:00:00+00:00,25999.0
2021-08-25 10:00:00+00:00,27305.25
2021-08-25 11:00:00+00:00,27516.5
2021-08-25 12:00:00+00:00,26700.0
2021-08-25 13:00:00+00:00,23504.5
2021-08-25 14:00:00+00:00,18127.0
2021-08-25 15:00:00+00:00,11989.5
2021-08-25 16:00:00+00:00,5612.75
2021-08-25 17:00:00+00:00,1359.75
2021-08-25 18:00:00+00:00,38.75
2021-08-25 19:00:00+00:00,0.25
2021-08-25 20:00:00+00:00,0.0
2021-08-25 21:00:00+00:00,0.0
2021-08-25 22:00:00+00:00,0.0
2021-08-25 23:00:00+00:00,0.0
2021-08-26 00:00:00+00:00,0.0
2021-08-26 01:00:00+00:00,0.0
2021-08-26 02:00:00+00:00,0.0
2021-08-26 03:00:00+00:00,0.5
2021-08-26 04:00:00+00:00,166.75
2021-08-26 05:00:00+00:00,1656.25
2021-08-26 06:00:00+00:00,4688.25
2021-08-26 07:00:00+00:00,8536.25
2021-08-26 08:00:00+00:00,12223.5
2021-08-26 09:00:00+00:00,15146.75
2021-08-26 10:00:00+00:00,16556.5
2021-08-26 11:00:00+00:00,17195.0
2021-08-26 12:00:00+00:00,16533.0
2021-08-26 13:00:00+00:00,14963.0
2021-08-26 14:00:00+00:00,11674.0
2021-08-26 15:00:00+00:00,8026.0
2021-08-26 16:00:00+00:00,4027.75
2021-08-26 17:00:00+00:00,1038.5
2021-08-26 18:00:00+00:00,31.75
2021-08-26 19:00:00+00:00,1.0
2021-08-26 20:00:00+00:00,0.5
2021-08-26 21:00:00+00:00,0.0
2021-08-26 22:00:00+00:00,0.0
2021-08-26 23:00:00+00:00,0.0
2021-08-27 00:00:00+00:00,0.0
2021-08-27 01:00:00+00:00,0.0
2021-08-27 02:00:00+00:00,0.0
2021-08-27 03:00:00+00:00,0.25
2021-08-27 04:00:00+00:00,115.75
2021-08-27 05:00:00+00:00,1404.25
2021-08-27 06:00:00+00:00,4340.0
2021-08-27 07:00:00+00:00,7930.0
2021-08-27 08:00:00+00:00,11153.25
2021-08-27 09:00:00+00:00,13424.0
2021-08-27 10:00:00+00:00,14684.5
2021-08-27 11:00:00+00:00,15914.0
2021-08-27 12:00:00+00:00,16509.25
2021-08-27 13:00:00+00:00,15605.5
2021-08-27 14:00:00+00:00,12820.75
2021-08-27 15:00:00+00:00,8782.75
2021-08-27 16:00:00+00:00,4243.0
2021-08-27 17:00:00+00:00,1034.75
2021-08-27 18:00:00+00:00,23.75
2021-08-27 19:00:00+00:00,0.25
2021-08-27 20:00:00+00:00,0.0
2021-08-27 21:00:00+00:00,0.0
2021-08-27 22:00:00+00:00,0.0
2021-08-27 23:00:00+00:00,0.0
2021-08-28 00:00:00+00:00,0.0
2021-08-28 01:00:00+00:00,0.0
2021-08-28 02:00:00+00:00,0.0
2021-08-28 03:00:00+00:00,0.0
2021-08-28 04:00:00+00:00,124.75
2021-08-28 05:00:00+00:00,1303.75
2021-08-28 06:00:00+00:00,3899.25
2021-08-28 07:00:00+00:00,7043.75
2021-08-28 08:00:00+00:00,10249.75
2021-08-28 09:00:00+00:00,13064.25
2021-08-28 10:00:00+00:00,15052.25
2021-08-28 11:00:00+00:00,15637.75
2021-08-28 12:00:00+00:00,15317.0
2021-08-28 13:00:00+00:00,13208.5
2021-08-28 14:00:00+00:00,10592.25
2021-08-28 15:00:00+00:00,7325.25
2021-08-28 16:00:00+00:00,3564.75
2021-08-28 17:00:00+00:00,866.75
2021-08-28 18:00:00+00:00,15.5
2021-08-28 19:00:00+00:00,0.25
2021-08-28 20:00:00+00:00,0.0
2021-08-28 21:00:00+00:00,0.0
2021-08-28 22:00:00+00:00,0.0
2021-08-28 23:00:00+00:00,0.0
2021-08-29 00:00:00+00:00,0.0
2021-08-29 01:00:00+00:00,0.0
2021-08-29 02:00:00+00:00,0.0
2021-08-29 03:00:00+00:00,0.0
2021-08-29 04:00:00+00:00,92.25
2021-08-29 05:00:00+00:00,764.5
2021-08-29 06:00:00+00:00,2276.75
2021-08-29 07:00:00+00:00,4113.5
2021-08-29 08:00:00+00:00,6259.25
2021-08-29 09:00:00+00:00,8193.25
2021-08-29 10:00:00+00:00,10112.0
2021-08-29 11:00:00+00:00,11090.0
2021-08-29 12:00:00+00:00,10150.5
2021-08-29 13:00:00+00:00,8233.75
2021-08-29 14:00:00+00:00,6368.5
2021-08-29 15:00:00+00:00,4290.0
2021-08-29 16:00:00+00:00,2046.25
2021-08-29 17:00:00+00:00,468.25
2021-08-29 18:00:00+00:00,6.5
2021-08-29 19:00:00+00:00,0.0
2021-08-29 20:00:00+00:00,0.0
2021-08-29 21:00:00+00:00,0.0
2021-08-29 22:00:00+00:00,0.0
2021-08-29 23:00:00+00:00,0.0
2021-08-30 00:00:00+00:00,0.0
2021-08-30 01:00:00+00:00,0.0
2021-08-30 02:00:00+00:00,0.0
2021-08-30 03:00:00+00:00,0.0
2021-08-30 04:00:00+00:00,108.5
2021-08-30 05:00:00+00:00,865.75
2021-08-30 06:00:00+00:00,2917.25
2021-08-30 07:00:00+00:00,5556.0
2021-08-30 08:00:00+00:00,8714.25
2021-08-30 09:00:00+00:00,11480.5
2021-08-30 10:00:00+00:00,13394.25
2021-08-30 11:00:00+00:00,14161.5
2021-08-30 12:00:00+00:00,14156.25
2021-08-30 13:00:00+00:00,12910.25
2021-08-30 14:00:00+00:00,10851.75
2021-08-30 15:00:00+00:00,7382.5
2021-08-30 16:00:00+00:00,3610.5
2021-08-30 17:00:00+00:00,806.25
2021-08-30 18:00:00+00:00,11.75
2021-08-30 19:00:00+00:00,0.0
2021-08-30 20:00:00+00:00,0.0
2021-08-30 21:00:00+00:00,0.0
2021-08-30 22:00:00+00:00,0.0
2021-08-30 23:00:00+00:00,0.0
2021-08-31 00:00:00+00:00,0.0
2021-08-31 01:00:00+00:00,0.0
2021-08-31 02:00:00+00:00,0.0
2021-08-31 03:00:00+00:00,0.0
2021-08-31 04:00:00+00:00,90.0
2021-08-31 05:00:00+00:00,1167.25
2021-08-31 06:00:00+00:00,4033.75
2021-08-31 07:00:00+00:00,8141.5
2021-08-31 08:00:00+00:00,12485.25
2021-08-31 09:00:00+00:00,16124.0
2021-08-31 10:00:00+00:00,18074.75
2021-08-31 11:00:00+00:00,18734.5
2021-08-31 12:00:00+00:00,18925.0
2021-08-31 13:00:00+00:00,18212.25
2021-08-31 14:00:00+00:00,15695.75
2021-08-31 15:00:00+00:00,10864.0
2021-08-31 16:00:00+00:00,5041.0
2021-08-31 17:00:00+00:00,1052.5
2021-08-31 18:00:00+00:00,11.75
2021-08-31 19:00:00+00:00,0.25
2021-08-31 20:00:00+00:00,0.0
2021-08-31 21:00:00+00:00,0.0
2021-08-31 22:00:00+00:00,0.0
2021-08-31 23:00:00+00:00,0.0
2021-09-01 00:00:00+00:00,0.25
2021-09-01 01:00:00+00:00,0.0
2021-09-01 02:00:00+00:00,0.25
2021-09-01 03:00:00+00:00,0.5
2021-09-01 04:00:00+00:00,123.75
2021-09-01 05:00:00+00:00,2183.75
2021-09-01 06:00:00+00:00,6804.5
2021-09-01 07:00:00+00:00,12643.75
2021-09-01 08:00:00+00:00,18121.0
2021-09-01 09:00:00+00:00,22013.5
2021-09-01 10:00:00+00:00,24739.25
2021-09-01 11:00:00+00:00,25754.25
2021-09-01 12:00:00+00:00,25053.75
2021-09-01 13:00:00+00:00,22554.75
2021-09-01 14:00:00+00:00,18322.0
2021-09-01 15:00:00+00:00,12445.25
2021-09-01 16:00:00+00:00,5611.0
2021-09-01 17:00:00+00:00,1038.75
2021-09-01 18:00:00+00:00,7.75
2021-09-01 19:00:00+00:00,1.0
2021-09-01 20:00:00+00:00,0.5
2021-09-01 21:00:00+00:00,0.0
2021-09-01 22:00:00+00:00,0.0
2021-09-01 23:00:00+00:00,0.0
2021-09-02 00:00:00+00:00,0.0
2021-09-02 01:00:00+00:00,0.0
2021-09-02 02:00:00+00:00,0.0
2021-09-02 03:00:00+00:00,0.0
2021-09-02 04:00:00+00:00,116.0
2021-09-02 05:00:00+00:00,2367.25
2021-09-02 06:00:00+00:00,8075.25
2021-09-02 07:00:00+00:00,15136.75
2021-09-02 08:00:00+00:00,21476.5
2021-09-02 09:00:00+00:00,25952.5
2021-09-02 10:00:00+00:00,28238.0
2021-09-02 11:00:00+00:00,28901.75
2021-09-02 12:00:00+00:00,28051.5
2021-09-02 13:00:00+00:00,25221.0
2021-09-02 14:00:00+00:00,20312.0
2021-09-02 15:00:00+00:00,13369.25
2021-09-02 16:00:00+00:00,5768.5
2021-09-02 17:00:00+00:00,983.75
2021-09-02 18:00:00+00:00,6.25
2021-09-02 19:00:00+00:00,0.0
2021-09-02 20:00:00+00:00,0.0
2021-09-02 21:00:00+00:00,0.0
2021-09-02 22:00:00+00:00,0.0
2021-09-02 23:00:00+00:00,0.0
2021-09-03 00:00:00+00:00,0.0
2021-09-03 01:00:00+00:00,0.0
2021-09-03 02:00:00+00:00,0.0
2021-09-03 03:00:00+00:00,0.0
2021-09-03 04:00:00+00:00,102.0
2021-09-03 05:00:00+00:00,2489.5
2021-09-03 06:00:00+00:00,8880.75
2021-09-03 07:00:00+00:00,16743.25
2021-09-03 08:00:00+00:00,23834.0
2021-09-03 09:00:00+00:00,28886.75
2021-09-03 10:00:00+00:00,31644.5
2021-09-03 11:00:00+00:00,32134.5
2021-09-03 12:00:00+00:00,30879.5
2021-09-03 13:00:00+00:00,27378.5
2021-09-03 14:00:00+00:00,21568.25
2021-09-03 15:00:00+00:00,13765.75
2021-09-03 16:00:00+00:00,5650.25
2021-09-03 17:00:00+00:00,902.0
2021-09-03 18:00:00+00:00,4.5
2021-09-03 19:00:00+00:00,0.0
2021-09-03 20:00:00+00:00,0.0
2021-09-03 21:00:00+00:00,0.0
2021-09-03 22:00:00+00:00,0.0
2021-09-03 23:00:00+00:00,0.0
2021-09-04 00:00:00+00:00,0.0
2021-09-04 01:00:00+00:00,0.0
2021-09-04 02:00:00+00:00,0.0
2021-09-04 03:00:00+00:00,0.0
2021-09-04 04:00:00+00:00,89.75
2021-09-04 05:00:00+00:00,2108.0
2021-09-04 06:00:00+00:00,7381.75
2021-09-04 07:00:00+00:00,13818.25
2021-09-04 08:00:00+00:00,19163.25
2021-09-04 09:00:00+00:00,23142.75
2021-09-04 10:00:00+00:00,25935.5
2021-09-04 11:00:00+00:00,27101.0
2021-09-04 12:00:00+00:00,26737.25
2021-09-04 13:00:00+00:00,24429.25
2021-09-04 14:00:00+00:00,19730.5
2021-09-04 15:00:00+00:00,12822.25
2021-09-04 16:00:00+00:00,5340.0
2021-09-04 17:00:00+00:00,831.0
2021-09-04 18:00:00+00:00,3.25
2021-09-04 19:00:00+00:00,0.0
2021-09-04 20:00:00+00:00,0.0
2021-09-04 21:00:00+00:00,0.0
2021-09-04 22:00:00+00:00,0.0
2021-09-04 23:00:00+00:00,0.0
2021-09-05 00:00:00+00:00,0.0
2021-09-05 01:00:00+00:00,0.0
2021-09-05 02:00:00+00:00,0.0
2021-09-05 03:00:00+00:00,0.0
2021-09-05 04:00:00+00:00,82.0
2021-09-05 05:00:00+00:00,2203.0
2021-09-05 06:00:00+00:00,8078.25
2021-09-05 07:00:00+00:00,15452.5
2021-09-05 08:00:00+00:00,21997.25
2021-09-05 09:00:00+00:00,26699.75
2021-09-05 10:00:00+00:00,29389.0
2021-09-05 11:00:00+00:00,29625.5
2021-09-05 12:00:00+00:00,28121.75
2021-09-05 13:00:00+00:00,25121.5
2021-09-05 14:00:00+00:00,19650.25
2021-09-05 15:00:00+00:00,12506.25
2021-09-05 16:00:00+00:00,5089.5
2021-09-05 17:00:00+00:00,747.75
2021-09-05 18:00:00+00:00,2.5
2021-09-05 19:00:00+00:00,0.0
2021-09-05 20:00:00+00:00,0.0
2021-09-05 21:00:00+00:00,0.0
2021-09-05 22:00:00+00:00,0.0
2021-09-05 23:00:00+00:00,0.0
2021-09-06 00:00:00+00:00,0.0
2021-09-06 01:00:00+00:00,0.0
2021-09-06 02:00:00+00:00,0.0
2021-09-06 03:00:00+00:00,0.25
2021-09-06 04:00:00+00:00,72.75
2021-09-06 05:00:00+00:00,2206.25
2021-09-06 06:00:00+00:00,8518.0
2021-09-06 07:00:00+00:00,16513.5
2021-09-06 08:00:00+00:00,23716.25
2021-09-06 09:00:00+00:00,28443.75
2021-09-06 10:00:00+00:00,30554.0
2021-09-06 11:00:00+00:00,30185.25
2021-09-06 12:00:00+00:00,27612.75
2021-09-06 13:00:00+00:00,23428.0
2021-09-06 14:00:00+00:00,17428.25
2021-09-06 15:00:00+00:00,10372.75
2021-09-06 16:00:00+00:00,4073.5
2021-09-06 17:00:00+00:00,592.0
2021-09-06 18:00:00+00:00,1.5
2021-09-06 19:00:00+00:00,0.0
2021-09-06 20:00:00+00:00,0.0
2021-09-06 21:00:00+00:00,0.0
2021-09-06 22:00:00+00:00,0.0
2021-09-06 23:00:00+00:00,0.0
2021-09-07 00:00:00+00:00,0.0
2021-09-07 01:00:00+00:00,0.0
2021-09-07 02:00:00+00:00,0.0
2021-09-07 03:00:00+00:00,0.25
2021-09-07 04:00:00+00:00,102.75
2021-09-07 05:00:00+00:00,1657.25
2021-09-07 06:00:00+00:00,5684.0
2021-09-07 07:00:00+00:00,11885.0
2021-09-07 08:00:00+00:00,19004.0
2021-09-07 09:00:00+00:00,24264.75
2021-09-07 10:00:00+00:00,26850.0
2021-09-07 11:00:00+00:00,26779.5
2021-09-07 12:00:00+00:00,25085.75
2021-09-07 13:00:00+00:00,21687.75
2021-09-07 14:00:00+00:00,16862.0
2021-09-07 15:00:00+00:00,10554.0
2021-09-07 16:00:00+00:00,4185.25
2021-09-07 17:00:00+00:00,576.0
2021-09-07 18:00:00+00:00,1.0
2021-09-07 19:00:00+00:00,0.0
2021-09-07 20:00:00+00:00,0.0
2021-09-07 21:00:00+00:00,0.0
2021-09-07 22:00:00+00:00,0.0
2021-09-07 23:00:00+00:00,0.0
2021-09-08 00:00:00+00:00,0.0
2021-09-08 01:00:00+00:00,0.0
2021-09-08 02:00:00+00:00,0.0
2021-09-08 03:00:00+00:00,0.0
2021-09-08 04:00:00+00:00,62.75
2021-09-08 05:00:00+00:00,2147.25
2021-09-08 06:00:00+00:00,8562.75
2021-09-08 07:00:00+00:00,16580.5
2021-09-08 08:00:00+00:00,23426.5
2021-09-08 09:00:00+00:00,28276.25
2021-09-08 10:00:00+00:00,30984.25
2021-09-08 11:00:00+00:00,31394.25
2021-09-08 12:00:00+00:00,29759.5
2021-09-08 13:00:00+00:00,25992.0
2021-09-08 14:00:00+00:00,20022.75
2021-09-08 15:00:00+00:00,12301.75
2021-09-08 16:00:00+00:00,4571.25
2021-09-08 17:00:00+00:00,537.0
2021-09-08 18:00:00+00:00,0.75
2021-09-08 19:00:00+00:00,0.0
2021-09-08 20:00:00+00:00,0.0
2021-09-08 21:00:00+00:00,0.0
2021-09-08 22:00:00+00:00,0.0
2021-09-08 23:00:00+00:00,0.0
2021-09-09 00:00:00+00:00,0.0
2021-09-09 01:00:00+00:00,0.0
2021-09-09 02:00:00+00:00,0.0
2021-09-09 03:00:00+00:00,0.0
2021-09-09 04:00:00+00:00,57.5
2021-09-09 05:00:00+00:00,2092.5
2021-09-09 06:00:00+00:00,8284.5
2021-09-09 07:00:00+00:00,15661.25
2021-09-09 08:00:00+00:00,21908.75
2021-09-09 09:00:00+00:00,26178.25
2021-09-09 10:00:00+00:00,28339.25
2021-09-09 11:00:00+00:00,28412.5
2021-09-09 12:00:00+00:00,26433.0
2021-09-09 13:00:00+00:00,22648.5
2021-09-09 14:00:00+00:00,16808.5
2021-09-09 15:00:00+00:00,9775.0
2021-09-09 16:00:00+00:00,3438.25
2021-09-09 17:00:00+00:00,351.5
2021-09-09 18:00:00+00:00,0.75
2021-09-09 19:00:00+00:00,0.25
2021-09-09 20:00:00+00:00,0.0
2021-09-09 21:00:00+00:00,0.0
2021-09-09 22:00:00+00:00,0.0
2021-09-09 23:00:00+00:00,0.0
2021-09-10 00:00:00+00:00,0.0
2021-09-10 01:00:00+00:00,0.0
2021-09-10 02:00:00+00:00,0.0
2021-09-10 03:00:00+00:00,0.0
2021-09-10 04:00:00+00:00,47.0
2021-09-10 05:00:00+00:00,1627.0
2021-09-10 06:00:00+00:00,6259.25
2021-09-10 07:00:00+00:00,12090.25
2021-09-10 08:00:00+00:00,17495.0
2021-09-10 09:00:00+00:00,21501.5
2021-09-10 10:00:00+00:00,23351.75
2021-09-10 11:00:00+00:00,23233.5
2021-09-10 12:00:00+00:00,21231.75
2021-09-10 13:00:00+00:00,17589.5
2021-09-10 14:00:00+00:00,12739.5
2021-09-10 15:00:00+00:00,7359.25
2021-09-10 16:00:00+00:00,2628.5
2021-09-10 17:00:00+00:00,265.25
2021-09-10 18:00:00+00:00,0.25
2021-09-10 19:00:00+00:00,0.25
2021-09-10 20:00:00+00:00,0.0
2021-09-10 21:00:00+00:00,0.0
2021-09-10 22:00:00+00:00,0.0
2021-09-10 23:00:00+00:00,0.0
2021-09-11 00:00:00+00:00,0.0
2021-09-11 01:00:00+00:00,0.0
2021-09-11 02:00:00+00:00,0.0
2021-09-11 03:00:00+00:00,0.0
2021-09-11 04:00:00+00:00,41.5
2021-09-11 05:00:00+00:00,824.5
2021-09-11 06:00:00+00:00,3329.25
2021-09-11 07:00:00+00:00,7091.5
2021-09-11 08:00:00+00:00,10946.75
2021-09-11 09:00:00+00:00,14138.25
2021-09-11 10:00:00+00:00,16536.0
2021-09-11 11:00:00+00:00,17654.75
2021-09-11 12:00:00+00:00,16999.25
2021-09-11 13:00:00+00:00,15165.75
2021-09-11 14:00:00+00:00,11748.25
2021-09-11 15:00:00+00:00,7409.0
2021-09-11 16:00:00+00:00,2929.0
2021-09-11 17:00:00+00:00,293.0
2021-09-11 18:00:00+00:00,0.5
2021-09-11 19:00:00+00:00,0.0
2021-09-11 20:00:00+00:00,0.0
2021-09-11 21:00:00+00:00,0.0
2021-09-11 22:00:00+00:00,0.0
2021-09-11 23:00:00+00:00,0.0
2021-09-12 00:00:00+00:00,0.0
2021-09-12 01:00:00+00:00,0.0
2021-09-12 02:00:00+00:00,0.0
2021-09-12 03:00:00+00:00,0.0
2021-09-12 04:00:00+00:00,30.25
2021-09-12 05:00:00+00:00,1049.25
2021-09-12 06:00:00+00:00,4762.25
2021-09-12 07:00:00+00:00,10107.25
2021-09-12 08:00:00+00:00,16162.75
2021-09-12 09:00:00+00:00,20871.75
2021-09-12 10:00:00+00:00,22768.25
2021-09-12 11:00:00+00:00,22946.0
2021-09-12 12:00:00+00:00,21689.75
2021-09-12 13:00:00+00:00,18973.0
2021-09-12 14:00:00+00:00,15000.5
2021-09-12 15:00:00+00:00,9230.0
2021-09-12 16:00:00+00:00,3314.0
2021-09-12 17:00:00+00:00,291.5
2021-09-12 18:00:00+00:00,0.25
2021-09-12 19:00:00+00:00,0.25
2021-09-12 20:00:00+00:00,0.0
2021-09-12 21:00:00+00:00,0.0
2021-09-12 22:00:00+00:00,0.0
2021-09-12 23:00:00+00:00,0.0
2021-09-13 00:00:00+00:00,0.0
2021-09-13 01:00:00+00:00,0.0
2021-09-13 02:00:00+00:00,0.0
2021-09-13 03:00:00+00:00,0.0
2021-09-13 04:00:00+00:00,25.25
2021-09-13 05:00:00+00:00,1326.75
2021-09-13 06:00:00+00:00,5894.75
2021-09-13 07:00:00+00:00,12224.0
2021-09-13 08:00:00+00:00,18389.5
2021-09-13 09:00:00+00:00,22283.25
2021-09-13 10:00:00+00:00,23649.25
2021-09-13 11:00:00+00:00,23318.0
2021-09-13 12:00:00+00:00,21773.25
2021-09-13 13:00:00+00:00,19049.25
2021-09-13 14:00:00+00:00,14523.75
2021-09-13 15:00:00+00:00,8603.75
2021-09-13 16:00:00+00:00,3014.0
2021-09-13 17:00:00+00:00,247.25
2021-09-13 18:00:00+00:00,0.25
2021-09-13 19:00:00+00:00,0.0
2021-09-13 20:00:00+00:00,0.0
2021-09-13 21:00:00+00:00,0.0
2021-09-13 22:00:00+00:00,0.0
2021-09-13 23:00:00+00:00,0.0
2021-09-14 00:00:00+00:00,0.0
2021-09-14 01:00:00+00:00,0.0
2021-09-14 02:00:00+00:00,0.0
2021-09-14 03:00:00+00:00,0.0
2021-09-14 04:00:00+00:00,27.75
2021-09-14 05:00:00+00:00,1434.75
2021-09-14 06:00:00+00:00,6909.0
2021-09-14 07:00:00+00:00,14658.75
2021-09-14 08:00:00+00:00,21747.0
2021-09-14 09:00:00+00:00,26138.25
2021-09-14 10:00:00+00:00,27905.5
2021-09-14 11:00:00+00:00,27082.75
2021-09-14 12:00:00+00:00,25036.25
2021-09-14 13:00:00+00:00,20650.0
2021-09-14 14:00:00+00:00,14587.5
2021-09-14 15:00:00+00:00,7898.5
2021-09-14 16:00:00+00:00,2468.0
2021-09-14 17:00:00+00:00,155.0
2021-09-14 18:00:00+00:00,0.25
2021-09-14 19:00:00+00:00,0.25
2021-09-14 20:00:00+00:00,0.0
2021-09-14 21:00:00+00:00,0.0
2021-09-14 22:00:00+00:00,0.0
2021-09-14 23:00:00+00:00,0.0
2021-09-15 00:00:00+00:00,0.0
2021-09-15 01:00:00+00:00,0.0
2021-09-15 02:00:00+00:00,0.0
2021-09-15 03:00:00+00:00,0.0
2021-09-15 04:00:00+00:00,20.25
2021-09-15 05:00:00+00:00,753.25
2021-09-15 06:00:00+00:00,2945.75
2021-09-15 07:00:00+00:00,5735.0
2021-09-15 08:00:00+00:00,8067.5
2021-09-15 09:00:00+00:00,9026.5
2021-09-15 10:00:00+00:00,9032.0
2021-09-15 11:00:00+00:00,9201.5
2021-09-15 12:00:00+00:00,9005.25
2021-09-15 13:00:00+00:00,7787.0
2021-09-15 14:00:00+00:00,5724.75
2021-09-15 15:00:00+00:00,3379.25
2021-09-15 16:00:00+00:00,1218.0
2021-09-15 17:00:00+00:00,92.5
2021-09-15 18:00:00+00:00,0.25
2021-09-15 19:00:00+00:00,0.0
2021-09-15 20:00:00+00:00,0.0
2021-09-15 21:00:00+00:00,0.0
2021-09-15 22:00:00+00:00,0.0
2021-09-15 23:00:00+00:00,0.0
2021-09-16 00:00:00+00:00,0.0
2021-09-16 01:00:00+00:00,0.0
2021-09-16 02:00:00+00:00,0.0
2021-09-16 03:00:00+00:00,0.0
2021-09-16 04:00:00+00:00,19.5
2021-09-16 05:00:00+00:00,490.5
2021-09-16 06:00:00+00:00,2317.5
2021-09-16 07:00:00+00:00,5463.0
2021-09-16 08:00:00+00:00,8950.25
2021-09-16 09:00:00+00:00,11518.0
2021-09-16 10:00:00+00:00,12646.5
2021-09-16 11:00:00+00:00,12612.0
2021-09-16 12:00:00+00:00,11507.0
2021-09-16 13:00:00+00:00,9599.0
2021-09-16 14:00:00+00:00,6980.5
2021-09-16 15:00:00+00:00,4123.5
2021-09-16 16:00:00+00:00,1465.5
2021-09-16 17:00:00+00:00,96.5
2021-09-16 18:00:00+00:00,0.0
2021-09-16 19:00:00+00:00,0.0
2021-09-16 20:00:00+00:00,0.0
2021-09-16 21:00:00+00:00,0.0
2021-09-16 22:00:00+00:00,0.0
2021-09-16 23:00:00+00:00,0.0
2021-09-17 00:00:00+00:00,0.0
2021-09-17 01:00:00+00:00,0.0
2021-09-17 02:00:00+00:00,0.0
2021-09-17 03:00:00+00:00,0.0
2021-09-17 04:00:00+00:00,17.75
2021-09-17 05:00:00+00:00,550.5
2021-09-17 06:00:00+00:00,3000.75
2021-09-17 07:00:00+00:00,6799.25
2021-09-17 08:00:00+00:00,10866.75
2021-09-17 09:00:00+00:00,13778.0
2021-09-17 10:00:00+00:00,15116.0
2021-09-17 11:00:00+00:00,14447.0
2021-09-17 12:00:00+00:00,13066.5
2021-09-17 13:00:00+00:00,11486.25
2021-09-17 14:00:00+00:00,8865.5
2021-09-17 15:00:00+00:00,5323.5
2021-09-17 16:00:00+00:00,1845.0
2021-09-17 17:00:00+00:00,106.5
2021-09-17 18:00:00+00:00,0.25
2021-09-17 19:00:00+00:00,0.0
2021-09-17 20:00:00+00:00,0.0
2021-09-17 21:00:00+00:00,0.0
2021-09-17 22:00:00+00:00,0.0
2021-09-17 23:00:00+00:00,0.0
2021-09-18 00:00:00+00:00,0.0
2021-09-18 01:00:00+00:00,0.0
2021-09-18 02:00:00+00:00,0.0
2021-09-18 03:00:00+00:00,0.0
2021-09-18 04:00:00+00:00,11.5
2021-09-18 05:00:00+00:00,785.5
2021-09-18 06:00:00+00:00,4547.5
2021-09-18 07:00:00+00:00,10258.0
2021-09-18 08:00:00+00:00,15995.75
2021-09-18 09:00:00+00:00,19349.75
2021-09-18 10:00:00+00:00,20231.75
2021-09-18 11:00:00+00:00,19867.25
2021-09-18 12:00:00+00:00,17954.75
2021-09-18 13:00:00+00:00,15227.0
2021-09-18 14:00:00+00:00,11297.75
2021-09-18 15:00:00+00:00,6697.75
2021-09-18 16:00:00+00:00,2049.0
2021-09-18 17:00:00+00:00,76.75
2021-09-18 18:00:00+00:00,0.5
2021-09-18 19:00:00+00:00,0.0
2021-09-18 20:00:00+00:00,0.0
2021-09-18 21:00:00+00:00,0.0
2021-09-18 22:00:00+00:00,0.0
2021-09-18 23:00:00+00:00,0.0
2021-09-19 00:00:00+00:00,0.0
2021-09-19 01:00:00+00:00,0.0
2021-09-19 02:00:00+00:00,0.0
2021-09-19 03:00:00+00:00,0.0
2021-09-19 04:00:00+00:00,9.0
2021-09-19 05:00:00+00:00,857.0
2021-09-19 06:00:00+00:00,4401.0
2021-09-19 07:00:00+00:00,9354.5
2021-09-19 08:00:00+00:00,13734.25
2021-09-19 09:00:00+00:00,16361.25
2021-09-19 10:00:00+00:00,16549.75
2021-09-19 11:00:00+00:00,14691.0
2021-09-19 12:00:00+00:00,12710.0
2021-09-19 13:00:00+00:00,10368.75
2021-09-19 14:00:00+00:00,7313.75
2021-09-19 15:00:00+00:00,4013.75
2021-09-19 16:00:00+00:00,1201.75
2021-09-19 17:00:00+00:00,39.0
2021-09-19 18:00:00+00:00,0.0
2021-09-19 19:00:00+00:00,0.0
2021-09-19 20:00:00+00:00,0.0
2021-09-19 21:00:00+00:00,0.0
2021-09-19 22:00:00+00:00,0.0
2021-09-19 23:00:00+00:00,0.0
2021-09-20 00:00:00+00:00,0.0
2021-09-20 01:00:00+00:00,0.0
2021-09-20 02:00:00+00:00,0.0
2021-09-20 03:00:00+00:00,0.0
2021-09-20 04:00:00+00:00,10.25
2021-09-20 05:00:00+00:00,418.5
2021-09-20 06:00:00+00:00,2000.75
2021-09-20 07:00:00+00:00,5030.75
2021-09-20 08:00:00+00:00,9298.25
2021-09-20 09:00:00+00:00,12759.0
2021-09-20 10:00:00+00:00,14039.5
2021-09-20 11:00:00+00:00,13983.0
2021-09-20 12:00:00+00:00,13180.25
2021-09-20 13:00:00+00:00,10641.5
2021-09-20 14:00:00+00:00,7794.75
2021-09-20 15:00:00+00:00,4405.0
2021-09-20 16:00:00+00:00,1302.0
2021-09-20 17:00:00+00:00,44.75
2021-09-20 18:00:00+00:00,0.5
2021-09-20 19:00:00+00:00,0.0
2021-09-20 20:00:00+00:00,0.0
2021-09-20 21:00:00+00:00,0.0
2021-09-20 22:00:00+00:00,0.0
2021-09-20 23:00:00+00:00,0.0
2021-09-21 00:00:00+00:00,0.0
2021-09-21 01:00:00+00:00,0.0
2021-09-21 02:00:00+00:00,0.0
2021-09-21 03:00:00+00:00,0.0
2021-09-21 04:00:00+00:00,9.25
2021-09-21 05:00:00+00:00,499.25
2021-09-21 06:00:00+00:00,3099.75
2021-09-21 07:00:00+00:00,7652.75
2021-09-21 08:00:00+00:00,13195.0
2021-09-21 09:00:00+00:00,17632.0
2021-09-21 10:00:00+00:00,18766.25
2021-09-21 11:00:00+00:00,17354.75
2021-09-21 12:00:00+00:00,15952.5
2021-09-21 13:00:00+00:00,13546.5
2021-09-21 14:00:00+00:00,9729.75
2021-09-21 15:00:00+00:00,5179.0
2021-09-21 16:00:00+00:00,1534.5
2021-09-21 17:00:00+00:00,44.75
2021-09-21 18:00:00+00:00,0.25
2021-09-21 19:00:00+00:00,0.0
2021-09-21 20:00:00+00:00,0.0
2021-09-21 21:00:00+00:00,0.0
2021-09-21 22:00:00+00:00,0.0
2021-09-21 23:00:00+00:00,0.0
2021-09-22 00:00:00+00:00,0.0
2021-09-22 01:00:00+00:00,0.0
2021-09-22 02:00:00+00:00,0.0
2021-09-22 03:00:00+00:00,0.0
2021-09-22 04:00:00+00:00,5.0
2021-09-22 05:00:00+00:00,596.25
2021-09-22 06:00:00+00:00,3763.25
2021-09-22 07:00:00+00:00,8627.75
2021-09-22 08:00:00+00:00,13781.5
2021-09-22 09:00:00+00:00,18019.75
2021-09-22 10:00:00+00:00,20541.75
2021-09-22 11:00:00+00:00,21914.5
2021-09-22 12:00:00+00:00,21385.0
2021-09-22 13:00:00+00:00,18753.5
2021-09-22 14:00:00+00:00,14254.5
2021-09-22 15:00:00+00:00,7991.25
2021-09-22 16:00:00+00:00,2012.25
2021-09-22 17:00:00+00:00,41.5
2021-09-22 18:00:00+00:00,0.0
2021-09-22 19:00:00+00:00,0.0
2021-09-22 20:00:00+00:00,0.0
2021-09-22 21:00:00+00:00,0.0
2021-09-22 22:00:00+00:00,0.0
2021-09-22 23:00:00+00:00,0.0
2021-09-23 00:00:00+00:00,0.0
2021-09-23 01:00:00+00:00,0.0
2021-09-23 02:00:00+00:00,0.0
2021-09-23 03:00:00+00:00,0.0
2021-09-23 04:00:00+00:00,3.5
2021-09-23 05:00:00+00:00,917.25
2021-09-23 06:00:00+00:00,5923.5
2021-09-23 07:00:00+00:00,13052.25
2021-09-23 08:00:00+00:00,19404.0
2021-09-23 09:00:00+00:00,23229.75
2021-09-23 10:00:00+00:00,25114.75
2021-09-23 11:00:00+00:00,24869.0
2021-09-23 12:00:00+00:00,22450.25
2021-09-23 13:00:00+00:00,18087.75
2021-09-23 14:00:00+00:00,12399.25
2021-09-23 15:00:00+00:00,6444.0
2021-09-23 16:00:00+00:00,1637.25
2021-09-23 17:00:00+00:00,33.0
2021-09-23 18:00:00+00:00,0.5
2021-09-23 19:00:00+00:00,0.0
2021-09-23 20:00:00+00:00,0.0
2021-09-23 21:00:00+00:00,0.0
2021-09-23 22:00:00+00:00,0.0
2021-09-23 23:00:00+00:00,0.0
2021-09-24 00:00:00+00:00,0.0
2021-09-24 01:00:00+00:00,0.0
2021-09-24 02:00:00+00:00,0.0
2021-09-24 03:00:00+00:00,0.0
2021-09-24 04:00:00+00:00,1.5
2021-09-24 05:00:00+00:00,592.75
2021-09-24 06:00:00+00:00,4004.75
2021-09-24 07:00:00+00:00,9066.0
2021-09-24 08:00:00+00:00,13150.25
2021-09-24 09:00:00+00:00,15365.25
2021-09-24 10:00:00+00:00,16240.5
2021-09-24 11:00:00+00:00,16003.5
2021-09-24 12:00:00+00:00,15214.25
2021-09-24 13:00:00+00:00,13139.5
2021-09-24 14:00:00+00:00,9633.75
2021-09-24 15:00:00+00:00,5380.25
2021-09-24 16:00:00+00:00,1359.75
2021-09-24 17:00:00+00:00,21.5
2021-09-24 18:00:00+00:00,0.25
2021-09-24 19:00:00+00:00,0.0
2021-09-24 20:00:00+00:00,0.0
2021-09-24 21:00:00+00:00,0.0
2021-09-24 22:00:00+00:00,0.0
2021-09-24 23:00:00+00:00,0.0
2021-09-25 00:00:00+00:00,0.0
2021-09-25 01:00:00+00:00,0.0
2021-09-25 02:00:00+00:00,0.0
2021-09-25 03:00:00+00:00,0.0
2021-09-25 04:00:00+00:00,1.5
2021-09-25 05:00:00+00:00,604.75
2021-09-25 06:00:00+00:00,4341.5
2021-09-25 07:00:00+00:00,10143.75
2021-09-25 08:00:00+00:00,16008.0
2021-09-25 09:00:00+00:00,20152.75
2021-09-25 10:00:00+00:00,22288.75
2021-09-25 11:00:00+00:00,22619.75
2021-09-25 12:00:00+00:00,21213.75
2021-09-25 13:00:00+00:00,17764.25
2021-09-25 14:00:00+00:00,12539.25
2021-09-25 15:00:00+00:00,6268.25
2021-09-25 16:00:00+00:00,1367.5
2021-09-25 17:00:00+00:00,20.75
2021-09-25 18:00:00+00:00,0.0
2021-09-25 19:00:00+00:00,0.0
2021-09-25 20:00:00+00:00,0.0
2021-09-25 21:00:00+00:00,0.0
2021-09-25 22:00:00+00:00,0.0
2021-09-25 23:00:00+00:00,0.0
2021-09-26 00:00:00+00:00,0.0
2021-09-26 01:00:00+00:00,0.0
2021-09-26 02:00:00+00:00,0.0
2021-09-26 03:00:00+00:00,0.0
2021-09-26 04:00:00+00:00,3.25
2021-09-26 05:00:00+00:00,591.25
2021-09-26 06:00:00+00:00,4209.25
2021-09-26 07:00:00+00:00,10135.0
2021-09-26 08:00:00+00:00,16341.5
2021-09-26 09:00:00+00:00,20332.0
2021-09-26 10:00:00+00:00,21596.25
2021-09-26 11:00:00+00:00,20054.0
2021-09-26 12:00:00+00:00,17868.75
2021-09-26 13:00:00+00:00,13497.75
2021-09-26 14:00:00+00:00,8657.75
2021-09-26 15:00:00+00:00,4056.0
2021-09-26 16:00:00+00:00,799.75
2021-09-26 17:00:00+00:00,7.75
2021-09-26 18:00:00+00:00,0.0
2021-09-26 19:00:00+00:00,0.0
2021-09-26 20:00:00+00:00,0.0
2021-09-26 21:00:00+00:00,0.0
2021-09-26 22:00:00+00:00,0.0
2021-09-26 23:00:00+00:00,0.0
2021-09-27 00:00:00+00:00,0.0
2021-09-27 01:00:00+00:00,0.0
2021-09-27 02:00:00+00:00,0.0
2021-09-27 03:00:00+00:00,0.0
2021-09-27 04:00:00+00:00,2.0
2021-09-27 05:00:00+00:00,308.0
2021-09-27 06:00:00+00:00,2672.0
2021-09-27 07:00:00+00:00,7213.25
2021-09-27 08:00:00+00:00,12246.0
2021-09-27 09:00:00+00:00,15932.0
2021-09-27 10:00:00+00:00,18031.25
2021-09-27 11:00:00+00:00,17528.5
2021-09-27 12:00:00+00:00,15153.5
2021-09-27 13:00:00+00:00,11561.75
2021-09-27 14:00:00+00:00,7285.0
2021-09-27 15:00:00+00:00,3352.75
2021-09-27 16:00:00+00:00,707.5
2021-09-27 17:00:00+00:00,10.25
2021-09-27 18:00:00+00:00,0.0
2021-09-27 19:00:00+00:00,0.0
2021-09-27 20:00:00+00:00,0.0
2021-09-27 21:00:00+00:00,0.0
2021-09-27 22:00:00+00:00,0.0
2021-09-27 23:00:00+00:00,0.0
2021-09-28 00:00:00+00:00,0.0
2021-09-28 01:00:00+00:00,0.0
2021-09-28 02:00:00+00:00,0.0
2021-09-28 03:00:00+00:00,0.0
2021-09-28 04:00:00+00:00,0.75
2021-09-28 05:00:00+00:00,337.75
2021-09-28 06:00:00+00:00,2982.75
2021-09-28 07:00:00+00:00,7575.25
2021-09-28 08:00:00+00:00,12190.75
2021-09-28 09:00:00+00:00,15631.0
2021-09-28 10:00:00+00:00,17524.0
2021-09-28 11:00:00+00:00,18121.0
2021-09-28 12:00:00+00:00,17084.5
2021-09-28 13:00:00+00:00,14238.5
2021-09-28 14:00:00+00:00,9912.25
2021-09-28 15:00:00+00:00,4881.0
2021-09-28 16:00:00+00:00,1089.25
2021-09-28 17:00:00+00:00,9.5
2021-09-28 18:00:00+00:00,0.25
2021-09-28 19:00:00+00:00,0.0
2021-09-28 20:00:00+00:00,0.0
2021-09-28 21:00:00+00:00,0.0
2021-09-28 22:00:00+00:00,0.0
2021-09-28 23:00:00+00:00,0.0
2021-09-29 00:00:00+00:00,0.0
2021-09-29 01:00:00+00:00,0.0
2021-09-29 02:00:00+00:00,0.0
2021-09-29 03:00:00+00:00,0.0
2021-09-29 04:00:00+00:00,0.75
2021-09-29 05:00:00+00:00,207.75
2021-09-29 06:00:00+00:00,2006.75
2021-09-29 07:00:00+00:00,5849.0
2021-09-29 08:00:00+00:00,9920.75
2021-09-29 09:00:00+00:00,12458.5
2021-09-29 10:00:00+00:00,13227.5
2021-09-29 11:00:00+00:00,13591.25
2021-09-29 12:00:00+00:00,13246.5
2021-09-29 13:00:00+00:00,11420.0
2021-09-29 14:00:00+00:00,8349.5
2021-09-29 15:00:00+00:00,4248.0
2021-09-29 16:00:00+00:00,836.0
2021-09-29 17:00:00+00:00,4.0
2021-09-29 18:00:00+00:00,0.25
2021-09-29 19:00:00+00:00,0.0
2021-09-29 20:00:00+00:00,0.0
2021-09-29 21:00:00+00:00,0.25
2021-09-29 22:00:00+00:00,9.25
2021-09-29 23:00:00+00:00,6.5
2021-09-30 00:00:00+00:00,4.25
2021-09-30 01:00:00+00:00,5.75
2021-09-30 02:00:00+00:00,6.75
2021-09-30 03:00:00+00:00,6.25
2021-09-30 04:00:00+00:00,4.0
2021-09-30 05:00:00+00:00,518.75
2021-09-30 06:00:00+00:00,5018.75
2021-09-30 07:00:00+00:00,12383.5
2021-09-30 08:00:00+00:00,19137.5
2021-09-30 09:00:00+00:00,23045.5
2021-09-30 10:00:00+00:00,23991.0
2021-09-30 11:00:00+00:00,23347.75
2021-09-30 12:00:00+00:00,21475.5
2021-09-30 13:00:00+00:00,17802.5
2021-09-30 14:00:00+00:00,12229.5
2021-09-30 15:00:00+00:00,5713.25
2021-09-30 16:00:00+00:00,982.5
2021-09-30 17:00:00+00:00,2.75
2021-09-30 18:00:00+00:00,1.25
2021-09-30 19:00:00+00:00,1.75
2021-09-30 20:00:00+00:00,2.5
2021-09-30 21:00:00+00:00,3.5
2021-09-30 22:00:00+00:00,1.75
2021-09-30 23:00:00+00:00,2.25
2021-10-01 00:00:00+00:00,2.25
2021-10-01 01:00:00+00:00,0.75
2021-10-01 02:00:00+00:00,0.0
2021-10-01 03:00:00+00:00,0.0
2021-10-01 04:00:00+00:00,0.5
2021-10-01 05:00:00+00:00,607.75
2021-10-01 06:00:00+00:00,5148.25
2021-10-01 07:00:00+00:00,12539.25
2021-10-01 08:00:00+00:00,19810.75
2021-10-01 09:00:00+00:00,25073.75
2021-10-01 10:00:00+00:00,27644.0
2021-10-01 11:00:00+00:00,27913.0
2021-10-01 12:00:00+00:00,25638.0
2021-10-01 13:00:00+00:00,20482.25
2021-10-01 14:00:00+00:00,13376.25
2021-10-01 15:00:00+00:00,5784.75
2021-10-01 16:00:00+00:00,827.75
2021-10-01 17:00:00+00:00,1.25
2021-10-01 18:00:00+00:00,0.75
2021-10-01 19:00:00+00:00,1.0
2021-10-01 20:00:00+00:00,1.25
2021-10-01 21:00:00+00:00,1.0
2021-10-01 22:00:00+00:00,1.0
2021-10-01 23:00:00+00:00,1.0
2021-10-02 00:00:00+00:00,0.75
2021-10-02 01:00:00+00:00,1.0
2021-10-02 02:00:00+00:00,1.0
2021-10-02 03:00:00+00:00,1.0
2021-10-02 04:00:00+00:00,1.0
2021-10-02 05:00:00+00:00,315.0
2021-10-02 06:00:00+00:00,2913.0
2021-10-02 07:00:00+00:00,7605.75
2021-10-02 08:00:00+00:00,13744.75
2021-10-02 09:00:00+00:00,19207.25
2021-10-02 10:00:00+00:00,22139.5
2021-10-02 11:00:00+00:00,22904.25
2021-10-02 12:00:00+00:00,20758.5
2021-10-02 13:00:00+00:00,16778.5
2021-10-02 14:00:00+00:00,11034.75
2021-10-02 15:00:00+00:00,4614.75
2021-10-02 16:00:00+00:00,637.5
2021-10-02 17:00:00+00:00,1.5
2021-10-02 18:00:00+00:00,2.0
2021-10-02 19:00:00+00:00,1.75
2021-10-02 20:00:00+00:00,1.5
2021-10-02 21:00:00+00:00,1.75
2021-10-02 22:00:00+00:00,4.0
2021-10-02 23:00:00+00:00,0.25
2021-10-03 00:00:00+00:00,0.0
2021-10-03 01:00:00+00:00,0.0
2021-10-03 02:00:00+00:00,0.0
2021-10-03 03:00:00+00:00,0.0
2021-10-03 04:00:00+00:00,0.0
2021-10-03 05:00:00+00:00,319.75
2021-10-03 06:00:00+00:00,2752.75
2021-10-03 07:00:00+00:00,6554.5
2021-10-03 08:00:00+00:00,9707.25
2021-10-03 09:00:00+00:00,11912.75
2021-10-03 10:00:00+00:00,13256.75
2021-10-03 11:00:00+00:00,13722.75
2021-10-03 12:00:00+00:00,12572.5
2021-10-03 13:00:00+00:00,9309.0
2021-10-03 14:00:00+00:00,5663.75
2021-10-03 15:00:00+00:00,2258.5
2021-10-03 16:00:00+00:00,247.0
2021-10-03 17:00:00+00:00,6.0
2021-10-03 18:00:00+00:00,4.25
2021-10-03 19:00:00+00:00,2.5
2021-10-03 20:00:00+00:00,1.5
2021-10-03 21:00:00+00:00,1.0
2021-10-03 22:00:00+00:00,1.0
2021-10-03 23:00:00+00:00,0.5
2021-10-04 00:00:00+00:00,0.25
2021-10-04 01:00:00+00:00,0.0
2021-10-04 02:00:00+00:00,0.0
2021-10-04 03:00:00+00:00,0.0
2021-10-04 04:00:00+00:00,0.5
2021-10-04 05:00:00+00:00,184.75
2021-10-04 06:00:00+00:00,1528.0
2021-10-04 07:00:00+00:00,3762.75
2021-10-04 08:00:00+00:00,5319.5
2021-10-04 09:00:00+00:00,6853.0
2021-10-04 10:00:00+00:00,8533.25
2021-10-04 11:00:00+00:00,9584.0
2021-10-04 12:00:00+00:00,9608.75
2021-10-04 13:00:00+00:00,8761.75
2021-10-04 14:00:00+00:00,6566.0
2021-10-04 15:00:00+00:00,3183.25
2021-10-04 16:00:00+00:00,534.0
2021-10-04 17:00:00+00:00,1.75
2021-10-04 18:00:00+00:00,1.0
2021-10-04 19:00:00+00:00,0.25
2021-10-04 20:00:00+00:00,0.0
2021-10-04 21:00:00+00:00,0.75
2021-10-04 22:00:00+00:00,0.0
2021-10-04 23:00:00+00:00,0.0
2021-10-05 00:00:00+00:00,0.0
2021-10-05 01:00:00+00:00,0.0
2021-10-05 02:00:00+00:00,0.0
2021-10-05 03:00:00+00:00,0.0
2021-10-05 04:00:00+00:00,0.5
2021-10-05 05:00:00+00:00,113.75
2021-10-05 06:00:00+00:00,781.5
2021-10-05 07:00:00+00:00,2718.5
2021-10-05 08:00:00+00:00,5449.0
2021-10-05 09:00:00+00:00,8091.5
2021-10-05 10:00:00+00:00,10000.25
2021-10-05 11:00:00+00:00,10170.5
2021-10-05 12:00:00+00:00,9307.25
2021-10-05 13:00:00+00:00,7374.0
2021-10-05 14:00:00+00:00,4878.0
2021-10-05 15:00:00+00:00,2376.0
2021-10-05 16:00:00+00:00,356.75
2021-10-05 17:00:00+00:00,2.25
2021-10-05 18:00:00+00:00,1.0
2021-10-05 19:00:00+00:00,1.0
2021-10-05 20:00:00+00:00,1.25
2021-10-05 21:00:00+00:00,1.25
2021-10-05 22:00:00+00:00,0.0
2021-10-05 23:00:00+00:00,0.0
2021-10-06 00:00:00+00:00,0.0
2021-10-06 01:00:00+00:00,0.0
2021-10-06 02:00:00+00:00,0.0
2021-10-06 03:00:00+00:00,0.0
2021-10-06 04:00:00+00:00,0.0
2021-10-06 05:00:00+00:00,145.25
2021-10-06 06:00:00+00:00,2181.75
2021-10-06 07:00:00+00:00,6406.75
2021-10-06 08:00:00+00:00,11266.5
2021-10-06 09:00:00+00:00,13675.0
2021-10-06 10:00:00+00:00,13882.25
2021-10-06 11:00:00+00:00,13582.25
2021-10-06 12:00:00+00:00,12624.75
2021-10-06 13:00:00+00:00,10626.5
2021-10-06 14:00:00+00:00,7270.5
2021-10-06 15:00:00+00:00,3194.5
2021-10-06 16:00:00+00:00,383.75
2021-10-06 17:00:00+00:00,0.25
2021-10-06 18:00:00+00:00,0.0
2021-10-06 19:00:00+00:00,0.0
2021-10-06 20:00:00+00:00,0.0
2021-10-06 21:00:00+00:00,0.0
2021-10-06 22:00:00+00:00,0.0
2021-10-06 23:00:00+00:00,0.0
2021-10-07 00:00:00+00:00,0.0
2021-10-07 01:00:00+00:00,0.0
2021-10-07 02:00:00+00:00,0.0
2021-10-07 03:00:00+00:00,0.0
2021-10-07 04:00:00+00:00,0.5
2021-10-07 05:00:00+00:00,181.75
2021-10-07 06:00:00+00:00,2815.75
2021-10-07 07:00:00+00:00,7613.5
2021-10-07 08:00:00+00:00,12616.5
2021-10-07 09:00:00+00:00,16324.75
2021-10-07 10:00:00+00:00,18327.5
2021-10-07 11:00:00+00:00,18465.0
2021-10-07 12:00:00+00:00,16620.75
2021-10-07 13:00:00+00:00,12995.0
2021-10-07 14:00:00+00:00,8653.5
2021-10-07 15:00:00+00:00,3695.0
2021-10-07 16:00:00+00:00,413.75
2021-10-07 17:00:00+00:00,0.75
2021-10-07 18:00:00+00:00,0.0
2021-10-07 19:00:00+00:00,0.0
2021-10-07 20:00:00+00:00,0.0
2021-10-07 21:00:00+00:00,0.0
2021-10-07 22:00:00+00:00,0.0
2021-10-07 23:00:00+00:00,0.0
2021-10-08 00:00:00+00:00,0.0
2021-10-08 01:00:00+00:00,0.0
2021-10-08 02:00:00+00:00,0.0
2021-10-08 03:00:00+00:00,0.0
2021-10-08 04:00:00+00:00,0.5
2021-10-08 05:00:00+00:00,131.25
2021-10-08 06:00:00+00:00,2001.75
2021-10-08 07:00:00+00:00,6393.5
2021-10-08 08:00:00+00:00,11657.25
2021-10-08 09:00:00+00:00,16403.75
2021-10-08 10:00:00+00:00,19514.5
2021-10-08 11:00:00+00:00,20229.0
2021-10-08 12:00:00+00:00,18913.0
2021-10-08 13:00:00+00:00,15622.0
2021-10-08 14:00:00+00:00,10426.5
2021-10-08 15:00:00+00:00,4327.0
2021-10-08 16:00:00+00:00,421.5
2021-10-08 17:00:00+00:00,0.5
2021-10-08 18:00:00+00:00,0.0
2021-10-08 19:00:00+00:00,0.0
2021-10-08 20:00:00+00:00,0.0
2021-10-08 21:00:00+00:00,0.0
2021-10-08 22:00:00+00:00,0.0
2021-10-08 23:00:00+00:00,0.0
2021-10-09 00:00:00+00:00,0.0
2021-10-09 01:00:00+00:00,0.0
2021-10-09 02:00:00+00:00,0.0
2021-10-09 03:00:00+00:00,0.0
2021-10-09 04:00:00+00:00,0.5
2021-10-09 05:00:00+00:00,238.25
2021-10-09 06:00:00+00:00,3981.25
2021-10-09 07:00:00+00:00,11295.0
2021-10-09 08:00:00+00:00,19152.25
2021-10-09 09:00:00+00:00,25416.0
2021-10-09 10:00:00+00:00,28604.5
2021-10-09 11:00:00+00:00,28994.75
2021-10-09 12:00:00+00:00,26770.75
2021-10-09 13:00:00+00:00,21719.0
2021-10-09 14:00:00+00:00,14166.25
2021-10-09 15:00:00+00:00,5573.5
2021-10-09 16:00:00+00:00,476.0
2021-10-09 17:00:00+00:00,0.75
2021-10-09 18:00:00+00:00,0.0
2021-10-09 19:00:00+00:00,0.0
2021-10-09 20:00:00+00:00,0.0
2021-10-09 21:00:00+00:00,0.0
2021-10-09 22:00:00+00:00,0.0
2021-10-09 23:00:00+00:00,0.0
2021-10-10 00:00:00+00:00,0.0
2021-10-10 01:00:00+00:00,0.0
2021-10-10 02:00:00+00:00,0.0
2021-10-10 03:00:00+00:00,0.0
2021-10-10 04:00:00+00:00,0.5
2021-10-10 05:00:00+00:00,242.0
2021-10-10 06:00:00+00:00,4419.25
2021-10-10 07:00:00+00:00,12177.5
2021-10-10 08:00:00+00:00,19447.75
2021-10-10 09:00:00+00:00,24292.25
2021-10-10 10:00:00+00:00,26755.25
2021-10-10 11:00:00+00:00,27421.0
2021-10-10 12:00:00+00:00,25428.5
2021-10-10 13:00:00+00:00,20429.75
2021-10-10 14:00:00+00:00,13146.75
2021-10-10 15:00:00+00:00,4970.25
2021-10-10 16:00:00+00:00,383.0
2021-10-10 17:00:00+00:00,0.75
2021-10-10 18:00:00+00:00,0.0
2021-10-10 19:00:00+00:00,0.0
2021-10-10 20:00:00+00:00,0.0
2021-10-10 21:00:00+00:00,0.0
2021-10-10 22:00:00+00:00,0.0
2021-10-10 23:00:00+00:00,0.0
2021-10-11 00:00:00+00:00,0.0
2021-10-11 01:00:00+00:00,0.0
2021-10-11 02:00:00+00:00,0.0
2021-10-11 03:00:00+00:00,0.0
2021-10-11 04:00:00+00:00,0.5
2021-10-11 05:00:00+00:00,164.25
2021-10-11 06:00:00+00:00,2590.5
2021-10-11 07:00:00+00:00,7154.25
2021-10-11 08:00:00+00:00,12018.5
2021-10-11 09:00:00+00:00,15985.5
2021-10-11 10:00:00+00:00,18095.5
2021-10-11 11:00:00+00:00,17768.5
2021-10-11 12:00:00+00:00,15465.75
2021-10-11 13:00:00+00:00,12171.5
2021-10-11 14:00:00+00:00,7279.5
2021-10-11 15:00:00+00:00,2484.25
2021-10-11 16:00:00+00:00,166.25
2021-10-11 17:00:00+00:00,0.0
2021-10-11 18:00:00+00:00,0.0
2021-10-11 19:00:00+00:00,0.0
2021-10-11 20:00:00+00:00,0.0
2021-10-11 21:00:00+00:00,0.0
2021-10-11 22:00:00+00:00,0.0
2021-10-11 23:00:00+00:00,0.0
2021-10-12 00:00:00+00:00,0.0
2021-10-12 01:00:00+00:00,0.0
2021-10-12 02:00:00+00:00,0.0
2021-10-12 03:00:00+00:00,0.0
2021-10-12 04:00:00+00:00,0.25
2021-10-12 05:00:00+00:00,74.0
2021-10-12 06:00:00+00:00,1087.25
2021-10-12 07:00:00+00:00,3550.25
2021-10-12 08:00:00+00:00,6375.25
2021-10-12 09:00:00+00:00,9046.5
2021-10-12 10:00:00+00:00,10309.25
2021-10-12 11:00:00+00:00,10596.25
2021-10-12 12:00:00+00:00,10364.5
2021-10-12 13:00:00+00:00,8802.75
2021-10-12 14:00:00+00:00,5734.0
2021-10-12 15:00:00+00:00,2089.25
2021-10-12 16:00:00+00:00,126.75
2021-10-12 17:00:00+00:00,0.0
2021-10-12 18:00:00+00:00,0.0
2021-10-12 19:00:00+00:00,0.0
2021-10-12 20:00:00+00:00,0.0
2021-10-12 21:00:00+00:00,0.0
2021-10-12 22:00:00+00:00,0.0
2021-10-12 23:00:00+00:00,0.0
2021-10-13 00:00:00+00:00,0.0
2021-10-13 01:00:00+00:00,0.0
2021-10-13 02:00:00+00:00,0.0
2021-10-13 03:00:00+00:00,0.0
2021-10-13 04:00:00+00:00,0.5
2021-10-13 05:00:00+00:00,117.25
2021-10-13 06:00:00+00:00,2058.75
2021-10-13 07:00:00+00:00,6299.5
2021-10-13 08:00:00+00:00,11302.75
2021-10-13 09:00:00+00:00,15729.5
2021-10-13 10:00:00+00:00,17917.0
2021-10-13 11:00:00+00:00,17860.75
2021-10-13 12:00:00+00:00,16019.75
2021-10-13 13:00:00+00:00,12705.0
2021-10-13 14:00:00+00:00,7987.0
2021-10-13 15:00:00+00:00,2787.25
2021-10-13 16:00:00+00:00,155.0
2021-10-13 17:00:00+00:00,0.75
2021-10-13 18:00:00+00:00,0.25
2021-10-13 19:00:00+00:00,0.0
2021-10-13 20:00:00+00:00,0.0
2021-10-13 21:00:00+00:00,0.0
2021-10-13 22:00:00+00:00,0.25
2021-10-13 23:00:00+00:00,0.0
2021-10-14 00:00:00+00:00,0.0
2021-10-14 01:00:00+00:00,0.0
2021-10-14 02:00:00+00:00,0.0
2021-10-14 03:00:00+00:00,0.0
2021-10-14 04:00:00+00:00,0.5
2021-10-14 05:00:00+00:00,48.0
2021-10-14 06:00:00+00:00,843.75
2021-10-14 07:00:00+00:00,2980.75
2021-10-14 08:00:00+00:00,5612.0
2021-10-14 09:00:00+00:00,7966.75
2021-10-14 10:00:00+00:00,9542.5
2021-10-14 11:00:00+00:00,9792.75
2021-10-14 12:00:00+00:00,9000.0
2021-10-14 13:00:00+00:00,7366.0
2021-10-14 14:00:00+00:00,4700.5
2021-10-14 15:00:00+00:00,1743.0
2021-10-14 16:00:00+00:00,122.5
2021-10-14 17:00:00+00:00,0.25
2021-10-14 18:00:00+00:00,0.0
2021-10-14 19:00:00+00:00,0.0
2021-10-14 20:00:00+00:00,0.0
2021-10-14 21:00:00+00:00,0.0
2021-10-14 22:00:00+00:00,0.0
2021-10-14 23:00:00+00:00,0.0
2021-10-15 00:00:00+00:00,0.0
2021-10-15 01:00:00+00:00,0.0
2021-10-15 02:00:00+00:00,0.0
2021-10-15 03:00:00+00:00,0.0
2021-10-15 04:00:00+00:00,0.25
2021-10-15 05:00:00+00:00,58.0
2021-10-15 06:00:00+00:00,2006.75
2021-10-15 07:00:00+00:00,6145.75
2021-10-15 08:00:00+00:00,10830.0
2021-10-15 09:00:00+00:00,15008.5
2021-10-15 10:00:00+00:00,17301.75
2021-10-15 11:00:00+00:00,16896.5
2021-10-15 12:00:00+00:00,15122.0
2021-10-15 13:00:00+00:00,11764.5
2021-10-15 14:00:00+00:00,7401.0
2021-10-15 15:00:00+00:00,2457.0
2021-10-15 16:00:00+00:00,116.0
2021-10-15 17:00:00+00:00,0.0
2021-10-15 18:00:00+00:00,0.0
2021-10-15 19:00:00+00:00,0.0
2021-10-15 20:00:00+00:00,0.0
2021-10-15 21:00:00+00:00,0.0
2021-10-15 22:00:00+00:00,0.0
2021-10-15 23:00:00+00:00,0.0
2021-10-16 00:00:00+00:00,0.0
2021-10-16 01:00:00+00:00,0.0
2021-10-16 02:00:00+00:00,0.0
2021-10-16 03:00:00+00:00,0.0
2021-10-16 04:00:00+00:00,0.25
2021-10-16 05:00:00+00:00,52.25
2021-10-16 06:00:00+00:00,1893.0
2021-10-16 07:00:00+00:00,6477.75
2021-10-16 08:00:00+00:00,11428.0
2021-10-16 09:00:00+00:00,15492.75
2021-10-16 10:00:00+00:00,18127.75
2021-10-16 11:00:00+00:00,18325.0
2021-10-16 12:00:00+00:00,16060.75
2021-10-16 13:00:00+00:00,12673.75
2021-10-16 14:00:00+00:00,7864.5
2021-10-16 15:00:00+00:00,2605.25
2021-10-16 16:00:00+00:00,107.25
2021-10-16 17:00:00+00:00,0.5
2021-10-16 18:00:00+00:00,0.0
2021-10-16 19:00:00+00:00,0.0
2021-10-16 20:00:00+00:00,0.0
2021-10-16 21:00:00+00:00,0.0
2021-10-16 22:00:00+00:00,0.0
2021-10-16 23:00:00+00:00,0.0
2021-10-17 00:00:00+00:00,0.0
2021-10-17 01:00:00+00:00,0.0
2021-10-17 02:00:00+00:00,0.0
2021-10-17 03:00:00+00:00,0.0
2021-10-17 04:00:00+00:00,0.25
2021-10-17 05:00:00+00:00,43.0
2021-10-17 06:00:00+00:00,1334.0
2021-10-17 07:00:00+00:00,4469.0
2021-10-17 08:00:00+00:00,8085.25
2021-10-17 09:00:00+00:00,11377.5
2021-10-17 10:00:00+00:00,13539.5
2021-10-17 11:00:00+00:00,13852.75
2021-10-17 12:00:00+00:00,12674.25
2021-10-17 13:00:00+00:00,10054.5
2021-10-17 14:00:00+00:00,5919.75
2021-10-17 15:00:00+00:00,1806.5
2021-10-17 16:00:00+00:00,60.25
2021-10-17 17:00:00+00:00,0.25
2021-10-17 18:00:00+00:00,0.0
2021-10-17 19:00:00+00:00,0.0
2021-10-17 20:00:00+00:00,0.0
2021-10-17 21:00:00+00:00,0.0
2021-10-17 22:00:00+00:00,0.0
2021-10-17 23:00:00+00:00,0.0
2021-10-18 00:00:00+00:00,0.0
2021-10-18 01:00:00+00:00,0.0
2021-10-18 02:00:00+00:00,0.0
2021-10-18 03:00:00+00:00,0.0
2021-10-18 04:00:00+00:00,0.25
2021-10-18 05:00:00+00:00,37.25
2021-10-18 06:00:00+00:00,1209.75
2021-10-18 07:00:00+00:00,5017.5
2021-10-18 08:00:00+00:00,9378.25
2021-10-18 09:00:00+00:00,13142.0
2021-10-18 10:00:00+00:00,16042.75
2021-10-18 11:00:00+00:00,17137.5
2021-10-18 12:00:00+00:00,16308.0
2021-10-18 13:00:00+00:00,12279.75
2021-10-18 14:00:00+00:00,6887.0
2021-10-18 15:00:00+00:00,2071.5
2021-10-18 16:00:00+00:00,67.75
2021-10-18 17:00:00+00:00,0.25
2021-10-18 18:00:00+00:00,0.0
2021-10-18 19:00:00+00:00,0.0
2021-10-18 20:00:00+00:00,0.0
2021-10-18 21:00:00+00:00,0.0
2021-10-18 22:00:00+00:00,0.0
2021-10-18 23:00:00+00:00,0.0
2021-10-19 00:00:00+00:00,0.0
2021-10-19 01:00:00+00:00,0.0
2021-10-19 02:00:00+00:00,0.0
2021-10-19 03:00:00+00:00,0.0
2021-10-19 04:00:00+00:00,0.0
2021-10-19 05:00:00+00:00,31.0
2021-10-19 06:00:00+00:00,830.5
2021-10-19 07:00:00+00:00,2855.5
2021-10-19 08:00:00+00:00,5140.0
2021-10-19 09:00:00+00:00,7089.75
2021-10-19 10:00:00+00:00,7864.75
2021-10-19 11:00:00+00:00,7530.75
2021-10-19 12:00:00+00:00,6696.5
2021-10-19 13:00:00+00:00,4940.25
2021-10-19 14:00:00+00:00,2834.0
2021-10-19 15:00:00+00:00,970.25
2021-10-19 16:00:00+00:00,37.0
2021-10-19 17:00:00+00:00,0.0
2021-10-19 18:00:00+00:00,0.0
2021-10-19 19:00:00+00:00,0.0
2021-10-19 20:00:00+00:00,0.0
2021-10-19 21:00:00+00:00,0.0
2021-10-19 22:00:00+00:00,0.0
2021-10-19 23:00:00+00:00,0.0
2021-10-20 00:00:00+00:00,0.0
2021-10-20 01:00:00+00:00,0.0
2021-10-20 02:00:00+00:00,0.0
2021-10-20 03:00:00+00:00,0.0
2021-10-20 04:00:00+00:00,0.0
2021-10-20 05:00:00+00:00,31.5
2021-10-20 06:00:00+00:00,2087.25
2021-10-20 07:00:00+00:00,7140.25
2021-10-20 08:00:00+00:00,11467.75
2021-10-20 09:00:00+00:00,14104.75
2021-10-20 10:00:00+00:00,14644.5
2021-10-20 11:00:00+00:00,12881.5
2021-10-20 12:00:00+00:00,9585.0
2021-10-20 13:00:00+00:00,6207.5
2021-10-20 14:00:00+00:00,3339.25
2021-10-20 15:00:00+00:00,905.5
2021-10-20 16:00:00+00:00,20.25
2021-10-20 17:00:00+00:00,0.0
2021-10-20 18:00:00+00:00,0.0
2021-10-20 19:00:00+00:00,0.0
2021-10-20 20:00:00+00:00,0.0
2021-10-20 21:00:00+00:00,0.0
2021-10-20 22:00:00+00:00,0.0
2021-10-20 23:00:00+00:00,0.0
2021-10-21 00:00:00+00:00,0.0
2021-10-21 01:00:00+00:00,0.0
2021-10-21 02:00:00+00:00,0.0
2021-10-21 03:00:00+00:00,0.0
2021-10-21 04:00:00+00:00,0.5
2021-10-21 05:00:00+00:00,29.0
2021-10-21 06:00:00+00:00,737.25
2021-10-21 07:00:00+00:00,3315.5
2021-10-21 08:00:00+00:00,7012.25
2021-10-21 09:00:00+00:00,9584.25
2021-10-21 10:00:00+00:00,11617.75
2021-10-21 11:00:00+00:00,13307.0
2021-10-21 12:00:00+00:00,13526.0
2021-10-21 13:00:00+00:00,10719.25
2021-10-21 14:00:00+00:00,6347.5
2021-10-21 15:00:00+00:00,1846.0
2021-10-21 16:00:00+00:00,34.25
2021-10-21 17:00:00+00:00,0.0
2021-10-21 18:00:00+00:00,0.0
2021-10-21 19:00:00+00:00,0.0
2021-10-21 20:00:00+00:00,0.0
2021-10-21 21:00:00+00:00,0.0
2021-10-21 22:00:00+00:00,0.0
2021-10-21 23:00:00+00:00,0.0
2021-10-22 00:00:00+00:00,0.0
2021-10-22 01:00:00+00:00,0.0
2021-10-22 02:00:00+00:00,0.0
2021-10-22 03:00:00+00:00,0.0
2021-10-22 04:00:00+00:00,0.0
2021-10-22 05:00:00+00:00,19.0
2021-10-22 06:00:00+00:00,1429.5
2021-10-22 07:00:00+00:00,5972.0
2021-10-22 08:00:00+00:00,11330.0
2021-10-22 09:00:00+00:00,15032.5
2021-10-22 10:00:00+00:00,16731.0
2021-10-22 11:00:00+00:00,15892.25
2021-10-22 12:00:00+00:00,13659.0
2021-10-22 13:00:00+00:00,10267.0
2021-10-22 14:00:00+00:00,5764.25
2021-10-22 15:00:00+00:00,1489.25
2021-10-22 16:00:00+00:00,25.75
2021-10-22 17:00:00+00:00,0.0
2021-10-22 18:00:00+00:00,0.0
2021-10-22 19:00:00+00:00,0.0
2021-10-22 20:00:00+00:00,0.0
2021-10-22 21:00:00+00:00,0.0
2021-10-22 22:00:00+00:00,0.0
2021-10-22 23:00:00+00:00,0.0
2021-10-23 00:00:00+00:00,0.0
2021-10-23 01:00:00+00:00,0.0
2021-10-23 02:00:00+00:00,0.0
2021-10-23 03:00:00+00:00,0.0
2021-10-23 04:00:00+00:00,0.25
2021-10-23 05:00:00+00:00,17.0
2021-10-23 06:00:00+00:00,1431.25
2021-10-23 07:00:00+00:00,6334.75
2021-10-23 08:00:00+00:00,13107.5
2021-10-23 09:00:00+00:00,17579.5
2021-10-23 10:00:00+00:00,18460.75
2021-10-23 11:00:00+00:00,16667.5
2021-10-23 12:00:00+00:00,14043.75
2021-10-23 13:00:00+00:00,10713.0
2021-10-23 14:00:00+00:00,6426.5
2021-10-23 15:00:00+00:00,1840.0
2021-10-23 16:00:00+00:00,31.75
2021-10-23 17:00:00+00:00,0.0
2021-10-23 18:00:00+00:00,0.0
2021-10-23 19:00:00+00:00,0.0
2021-10-23 20:00:00+00:00,0.0
2021-10-23 21:00:00+00:00,0.0
2021-10-23 22:00:00+00:00,0.0
2021-10-23 23:00:00+00:00,0.0
2021-10-24 00:00:00+00:00,0.0
2021-10-24 01:00:00+00:00,0.0
2021-10-24 02:00:00+00:00,0.0
2021-10-24 03:00:00+00:00,0.0
2021-10-24 04:00:00+00:00,0.25
2021-10-24 05:00:00+00:00,10.75
2021-10-24 06:00:00+00:00,1999.25
2021-10-24 07:00:00+00:00,9093.75
2021-10-24 08:00:00+00:00,17127.25
2021-10-24 09:00:00+00:00,23193.5
2021-10-24 10:00:00+00:00,26396.5
2021-10-24 11:00:00+00:00,26488.25
2021-10-24 12:00:00+00:00,23681.75
2021-10-24 13:00:00+00:00,18152.75
2021-10-24 14:00:00+00:00,10298.0
2021-10-24 15:00:00+00:00,2457.0
2021-10-24 16:00:00+00:00,27.25
2021-10-24 17:00:00+00:00,0.5
2021-10-24 18:00:00+00:00,0.0
2021-10-24 19:00:00+00:00,0.0
2021-10-24 20:00:00+00:00,0.0
2021-10-24 21:00:00+00:00,0.0
2021-10-24 22:00:00+00:00,0.0
2021-10-24 23:00:00+00:00,0.0
2021-10-25 00:00:00+00:00,0.0
2021-10-25 01:00:00+00:00,0.0
2021-10-25 02:00:00+00:00,0.0
2021-10-25 03:00:00+00:00,0.0
2021-10-25 04:00:00+00:00,0.0
2021-10-25 05:00:00+00:00,11.25
2021-10-25 06:00:00+00:00,1644.75
2021-10-25 07:00:00+00:00,6657.5
2021-10-25 08:00:00+00:00,12766.0
2021-10-25 09:00:00+00:00,16466.0
2021-10-25 10:00:00+00:00,18123.25
2021-10-25 11:00:00+00:00,17584.5
2021-10-25 12:00:00+00:00,14696.75
2021-10-25 13:00:00+00:00,10403.0
2021-10-25 14:00:00+00:00,5598.5
2021-10-25 15:00:00+00:00,1341.0
2021-10-25 16:00:00+00:00,15.75
2021-10-25 17:00:00+00:00,0.0
2021-10-25 18:00:00+00:00,0.0
2021-10-25 19:00:00+00:00,0.0
2021-10-25 20:00:00+00:00,0.0
2021-10-25 21:00:00+00:00,0.0
2021-10-25 22:00:00+00:00,0.0
2021-10-25 23:00:00+00:00,0.0
2021-10-26 00:00:00+00:00,0.0
2021-10-26 01:00:00+00:00,0.0
2021-10-26 02:00:00+00:00,0.0
2021-10-26 03:00:00+00:00,0.0
2021-10-26 04:00:00+00:00,0.0
2021-10-26 05:00:00+00:00,7.75
2021-10-26 06:00:00+00:00,617.5
2021-10-26 07:00:00+00:00,2911.0
2021-10-26 08:00:00+00:00,6458.75
2021-10-26 09:00:00+00:00,9548.5
2021-10-26 10:00:00+00:00,11853.25
2021-10-26 11:00:00+00:00,12006.75
2021-10-26 12:00:00+00:00,10529.0
2021-10-26 13:00:00+00:00,7911.75
2021-10-26 14:00:00+00:00,4331.75
2021-10-26 15:00:00+00:00,1002.25
2021-10-26 16:00:00+00:00,9.25
2021-10-26 17:00:00+00:00,0.0
2021-10-26 18:00:00+00:00,0.0
2021-10-26 19:00:00+00:00,0.0
2021-10-26 20:00:00+00:00,0.0
2021-10-26 21:00:00+00:00,0.0
2021-10-26 22:00:00+00:00,0.0
2021-10-26 23:00:00+00:00,0.0
2021-10-27 00:00:00+00:00,0.0
2021-10-27 01:00:00+00:00,0.0
2021-10-27 02:00:00+00:00,0.0
2021-10-27 03:00:00+00:00,0.0
2021-10-27 04:00:00+00:00,0.0
2021-10-27 05:00:00+00:00,6.25
2021-10-27 06:00:00+00:00,850.5
2021-10-27 07:00:00+00:00,3405.5
2021-10-27 08:00:00+00:00,6839.75
2021-10-27 09:00:00+00:00,9802.0
2021-10-27 10:00:00+00:00,11666.5
2021-10-27 11:00:00+00:00,12365.0
2021-10-27 12:00:00+00:00,11269.0
2021-10-27 13:00:00+00:00,8604.0
2021-10-27 14:00:00+00:00,4783.75
2021-10-27 15:00:00+00:00,1159.0
2021-10-27 16:00:00+00:00,11.5
2021-10-27 17:00:00+00:00,0.0
2021-10-27 18:00:00+00:00,0.0
2021-10-27 19:00:00+00:00,0.0
2021-10-27 20:00:00+00:00,0.0
2021-10-27 21:00:00+00:00,0.0
2021-10-27 22:00:00+00:00,0.0
2021-10-27 23:00:00+00:00,0.0
2021-10-28 00:00:00+00:00,0.0
2021-10-28 01:00:00+00:00,0.0
2021-10-28 02:00:00+00:00,0.0
2021-10-28 03:00:00+00:00,0.0
2021-10-28 04:00:00+00:00,0.25
2021-10-28 05:00:00+00:00,7.0
2021-10-28 06:00:00+00:00,981.0
2021-10-28 07:00:00+00:00,4928.75
2021-10-28 08:00:00+00:00,10593.5
2021-10-28 09:00:00+00:00,15025.25
2021-10-28 10:00:00+00:00,18124.75
2021-10-28 11:00:00+00:00,18940.0
2021-10-28 12:00:00+00:00,17466.25
2021-10-28 13:00:00+00:00,13413.75
2021-10-28 14:00:00+00:00,7126.75
2021-10-28 15:00:00+00:00,1361.0
2021-10-28 16:00:00+00:00,5.0
2021-10-28 17:00:00+00:00,0.0
2021-10-28 18:00:00+00:00,0.0
2021-10-28 19:00:00+00:00,0.0
2021-10-28 20:00:00+00:00,0.0
2021-10-28 21:00:00+00:00,0.0
2021-10-28 22:00:00+00:00,0.0
2021-10-28 23:00:00+00:00,0.0
2021-10-29 00:00:00+00:00,0.0
2021-10-29 01:00:00+00:00,0.0
2021-10-29 02:00:00+00:00,0.0
2021-10-29 03:00:00+00:00,0.0
2021-10-29 04:00:00+00:00,0.25
2021-10-29 05:00:00+00:00,5.0
2021-10-29 06:00:00+00:00,1091.75
2021-10-29 07:00:00+00:00,5028.5
2021-10-29 08:00:00+00:00,10267.25
2021-10-29 09:00:00+00:00,14531.5
2021-10-29 10:00:00+00:00,17097.0
2021-10-29 11:00:00+00:00,17439.25
2021-10-29 12:00:00+00:00,15699.0
2021-10-29 13:00:00+00:00,11739.5
2021-10-29 14:00:00+00:00,6114.25
2021-10-29 15:00:00+00:00,1093.25
2021-10-29 16:00:00+00:00,4.25
2021-10-29 17:00:00+00:00,0.0
2021-10-29 18:00:00+00:00,0.0
2021-10-29 19:00:00+00:00,0.0
2021-10-29 20:00:00+00:00,0.0
2021-10-29 21:00:00+00:00,0.0
2021-10-29 22:00:00+00:00,0.0
2021-10-29 23:00:00+00:00,0.0
2021-10-30 00:00:00+00:00,0.0
2021-10-30 01:00:00+00:00,0.0
2021-10-30 02:00:00+00:00,0.0
2021-10-30 03:00:00+00:00,0.0
2021-10-30 04:00:00+00:00,0.0
2021-10-30 05:00:00+00:00,4.0
2021-10-30 06:00:00+00:00,1086.0
2021-10-30 07:00:00+00:00,4710.5
2021-10-30 08:00:00+00:00,8862.75
2021-10-30 09:00:00+00:00,11836.5
2021-10-30 10:00:00+00:00,13140.25
2021-10-30 11:00:00+00:00,11761.25
2021-10-30 12:00:00+00:00,8606.0
2021-10-30 13:00:00+00:00,5249.5
2021-10-30 14:00:00+00:00,2393.25
2021-10-30 15:00:00+00:00,440.75
2021-10-30 16:00:00+00:00,1.75
2021-10-30 17:00:00+00:00,0.0
2021-10-30 18:00:00+00:00,0.0
2021-10-30 19:00:00+00:00,0.0
2021-10-30 20:00:00+00:00,0.0
2021-10-30 21:00:00+00:00,0.0
2021-10-30 22:00:00+00:00,0.0
2021-10-30 23:00:00+00:00,0.0
2021-10-31 00:00:00+00:00,0.0
2021-10-31 01:00:00+00:00,0.0
2021-10-31 02:00:00+00:00,0.0
2021-10-31 03:00:00+00:00,0.0
2021-10-31 04:00:00+00:00,0.0
2021-10-31 05:00:00+00:00,1.75
2021-10-31 06:00:00+00:00,1043.5
2021-10-31 07:00:00+00:00,5620.5
2021-10-31 08:00:00+00:00,11314.5
2021-10-31 09:00:00+00:00,15929.0
2021-10-31 10:00:00+00:00,18293.75
2021-10-31 11:00:00+00:00,18154.5
2021-10-31 12:00:00+00:00,15444.25
2021-10-31 13:00:00+00:00,11047.25
2021-10-31 14:00:00+00:00,5163.5
2021-10-31 15:00:00+00:00,649.75
2021-10-31 16:00:00+00:00,2.0
2021-10-31 17:00:00+00:00,0.0
2021-10-31 18:00:00+00:00,0.0
2021-10-31 19:00:00+00:00,0.0
2021-10-31 20:00:00+00:00,0.25
2021-10-31 21:00:00+00:00,0.0
2021-10-31 22:00:00+00:00,0.0
2021-10-31 23:00:00+00:00,0.0
2021-11-01 00:00:00+00:00,0.0
2021-11-01 01:00:00+00:00,0.0
2021-11-01 02:00:00+00:00,0.0
2021-11-01 03:00:00+00:00,0.0
2021-11-01 04:00:00+00:00,0.0
2021-11-01 05:00:00+00:00,0.75
2021-11-01 06:00:00+00:00,453.0
2021-11-01 07:00:00+00:00,2118.5
2021-11-01 08:00:00+00:00,3956.5
2021-11-01 09:00:00+00:00,5548.0
2021-11-01 10:00:00+00:00,6615.25
2021-11-01 11:00:00+00:00,6847.25
2021-11-01 12:00:00+00:00,6161.75
2021-11-01 13:00:00+00:00,4598.0
2021-11-01 14:00:00+00:00,2427.75
2021-11-01 15:00:00+00:00,506.5
2021-11-01 16:00:00+00:00,2.0
2021-11-01 17:00:00+00:00,0.75
2021-11-01 18:00:00+00:00,0.0
2021-11-01 19:00:00+00:00,0.0
2021-11-01 20:00:00+00:00,0.0
2021-11-01 21:00:00+00:00,0.0
2021-11-01 22:00:00+00:00,0.0
2021-11-01 23:00:00+00:00,0.0
2021-11-02 00:00:00+00:00,0.0
2021-11-02 01:00:00+00:00,0.0
2021-11-02 02:00:00+00:00,0.0
2021-11-02 03:00:00+00:00,0.0
2021-11-02 04:00:00+00:00,0.0
2021-11-02 05:00:00+00:00,0.5
2021-11-02 06:00:00+00:00,388.5
2021-11-02 07:00:00+00:00,3190.75
2021-11-02 08:00:00+00:00,7204.0
2021-11-02 09:00:00+00:00,10186.25
2021-11-02 10:00:00+00:00,11412.0
2021-11-02 11:00:00+00:00,10749.0
2021-11-02 12:00:00+00:00,9048.0
2021-11-02 13:00:00+00:00,6617.5
2021-11-02 14:00:00+00:00,3282.25
2021-11-02 15:00:00+00:00,575.25
2021-11-02 16:00:00+00:00,1.25
2021-11-02 17:00:00+00:00,0.75
2021-11-02 18:00:00+00:00,0.25
2021-11-02 19:00:00+00:00,0.5
2021-11-02 20:00:00+00:00,0.5
2021-11-02 21:00:00+00:00,0.0
2021-11-02 22:00:00+00:00,0.0
2021-11-02 23:00:00+00:00,0.0
2021-11-03 00:00:00+00:00,0.0
2021-11-03 01:00:00+00:00,0.0
2021-11-03 02:00:00+00:00,0.0
2021-11-03 03:00:00+00:00,0.0
2021-11-03 04:00:00+00:00,0.0
2021-11-03 05:00:00+00:00,0.25
2021-11-03 06:00:00+00:00,385.0
2021-11-03 07:00:00+00:00,2647.25
2021-11-03 08:00:00+00:00,6362.75
2021-11-03 09:00:00+00:00,8837.5
2021-11-03 10:00:00+00:00,9050.0
2021-11-03 11:00:00+00:00,8275.75
2021-11-03 12:00:00+00:00,6283.5
2021-11-03 13:00:00+00:00,4021.5
2021-11-03 14:00:00+00:00,1704.0
2021-11-03 15:00:00+00:00,210.5
2021-11-03 16:00:00+00:00,1.25
2021-11-03 17:00:00+00:00,0.0
2021-11-03 18:00:00+00:00,0.0
2021-11-03 19:00:00+00:00,0.0
2021-11-03 20:00:00+00:00,0.0
2021-11-03 21:00:00+00:00,0.0
2021-11-03 22:00:00+00:00,0.0
2021-11-03 23:00:00+00:00,0.0
2021-11-04 00:00:00+00:00,0.0
2021-11-04 01:00:00+00:00,0.0
2021-11-04 02:00:00+00:00,0.0
2021-11-04 03:00:00+00:00,0.0
2021-11-04 04:00:00+00:00,0.0
2021-11-04 05:00:00+00:00,0.25
2021-11-04 06:00:00+00:00,127.0
2021-11-04 07:00:00+00:00,716.5
2021-11-04 08:00:00+00:00,1836.75
2021-11-04 09:00:00+00:00,2853.5
2021-11-04 10:00:00+00:00,3812.0
2021-11-04 11:00:00+00:00,3971.5
2021-11-04 12:00:00+00:00,3520.75
2021-11-04 13:00:00+00:00,2626.0
2021-11-04 14:00:00+00:00,1356.75
2021-11-04 15:00:00+00:00,241.5
2021-11-04 16:00:00+00:00,1.0
2021-11-04 17:00:00+00:00,0.75
2021-11-04 18:00:00+00:00,0.0
2021-11-04 19:00:00+00:00,0.0
2021-11-04 20:00:00+00:00,0.0
2021-11-04 21:00:00+00:00,0.0
2021-11-04 22:00:00+00:00,0.0
2021-11-04 23:00:00+00:00,0.0
2021-11-05 00:00:00+00:00,0.0
2021-11-05 01:00:00+00:00,0.0
2021-11-05 02:00:00+00:00,0.0
2021-11-05 03:00:00+00:00,0.0
2021-11-05 04:00:00+00:00,0.0
2021-11-05 05:00:00+00:00,0.25
2021-11-05 06:00:00+00:00,214.5
2021-11-05 07:00:00+00:00,1789.25
2021-11-05 08:00:00+00:00,4010.75
2021-11-05 09:00:00+00:00,5851.25
2021-11-05 10:00:00+00:00,6951.25
2021-11-05 11:00:00+00:00,7369.25
2021-11-05 12:00:00+00:00,6521.25
2021-11-05 13:00:00+00:00,4611.5
2021-11-05 14:00:00+00:00,2225.0
2021-11-05 15:00:00+00:00,347.0
2021-11-05 16:00:00+00:00,1.0
2021-11-05 17:00:00+00:00,0.25
2021-11-05 18:00:00+00:00,0.0
2021-11-05 19:00:00+00:00,0.0
2021-11-05 20:00:00+00:00,0.0
2021-11-05 21:00:00+00:00,0.0
2021-11-05 22:00:00+00:00,0.0
2021-11-05 23:00:00+00:00,0.0
2021-11-06 00:00:00+00:00,0.0
2021-11-06 01:00:00+00:00,0.0
2021-11-06 02:00:00+00:00,0.0
2021-11-06 03:00:00+00:00,0.0
2021-11-06 04:00:00+00:00,0.0
2021-11-06 05:00:00+00:00,0.0
2021-11-06 06:00:00+00:00,345.5
2021-11-06 07:00:00+00:00,2833.5
2021-11-06 08:00:00+00:00,6344.25
2021-11-06 09:00:00+00:00,9556.25
2021-11-06 10:00:00+00:00,11343.5
2021-11-06 11:00:00+00:00,11792.5
2021-11-06 12:00:00+00:00,10613.25
2021-11-06 13:00:00+00:00,7880.5
2021-11-06 14:00:00+00:00,3714.0
2021-11-06 15:00:00+00:00,467.25
2021-11-06 16:00:00+00:00,1.0
2021-11-06 17:00:00+00:00,0.0
2021-11-06 18:00:00+00:00,0.0
2021-11-06 19:00:00+00:00,0.0
2021-11-06 20:00:00+00:00,0.0
2021-11-06 21:00:00+00:00,0.0
2021-11-06 22:00:00+00:00,0.0
2021-11-06 23:00:00+00:00,0.0
2021-11-07 00:00:00+00:00,0.0
2021-11-07 01:00:00+00:00,0.0
2021-11-07 02:00:00+00:00,0.0
2021-11-07 03:00:00+00:00,0.0
2021-11-07 04:00:00+00:00,0.0
2021-11-07 05:00:00+00:00,0.0
2021-11-07 06:00:00+00:00,219.0
2021-11-07 07:00:00+00:00,1866.25
2021-11-07 08:00:00+00:00,4351.0
2021-11-07 09:00:00+00:00,6925.75
2021-11-07 10:00:00+00:00,8612.0
2021-11-07 11:00:00+00:00,9102.75
2021-11-07 12:00:00+00:00,8021.75
2021-11-07 13:00:00+00:00,5520.5
2021-11-07 14:00:00+00:00,2163.25
2021-11-07 15:00:00+00:00,214.5
2021-11-07 16:00:00+00:00,1.0
2021-11-07 17:00:00+00:00,0.0
2021-11-07 18:00:00+00:00,0.0
2021-11-07 19:00:00+00:00,0.0
2021-11-07 20:00:00+00:00,0.0
2021-11-07 21:00:00+00:00,0.0
2021-11-07 22:00:00+00:00,0.0
2021-11-07 23:00:00+00:00,0.0
2021-11-08 00:00:00+00:00,0.0
2021-11-08 01:00:00+00:00,0.0
2021-11-08 02:00:00+00:00,0.0
2021-11-08 03:00:00+00:00,0.0
2021-11-08 04:00:00+00:00,0.0
2021-11-08 05:00:00+00:00,0.0
2021-11-08 06:00:00+00:00,205.25
2021-11-08 07:00:00+00:00,2535.5
2021-11-08 08:00:00+00:00,6377.5
2021-11-08 09:00:00+00:00,9574.5
2021-11-08 10:00:00+00:00,11319.5
2021-11-08 11:00:00+00:00,10838.25
2021-11-08 12:00:00+00:00,8778.5
2021-11-08 13:00:00+00:00,5929.5
2021-11-08 14:00:00+00:00,2671.5
2021-11-08 15:00:00+00:00,336.75
2021-11-08 16:00:00+00:00,0.75
2021-11-08 17:00:00+00:00,0.0
2021-11-08 18:00:00+00:00,0.0
2021-11-08 19:00:00+00:00,0.0
2021-11-08 20:00:00+00:00,0.0
2021-11-08 21:00:00+00:00,0.0
2021-11-08 22:00:00+00:00,0.0
2021-11-08 23:00:00+00:00,0.0
2021-11-09 00:00:00+00:00,0.0
2021-11-09 01:00:00+00:00,0.0
2021-11-09 02:00:00+00:00,0.0
2021-11-09 03:00:00+00:00,0.0
2021-11-09 04:00:00+00:00,0.0
2021-11-09 05:00:00+00:00,0.25
2021-11-09 06:00:00+00:00,312.5
2021-11-09 07:00:00+00:00,3601.75
2021-11-09 08:00:00+00:00,9422.25
2021-11-09 09:00:00+00:00,15446.0
2021-11-09 10:00:00+00:00,19717.5
2021-11-09 11:00:00+00:00,20382.5
2021-11-09 12:00:00+00:00,17711.25
2021-11-09 13:00:00+00:00,12523.0
2021-11-09 14:00:00+00:00,5445.5
2021-11-09 15:00:00+00:00,584.75
2021-11-09 16:00:00+00:00,1.0
2021-11-09 17:00:00+00:00,0.0
2021-11-09 18:00:00+00:00,0.0
2021-11-09 19:00:00+00:00,0.0
2021-11-09 20:00:00+00:00,0.0
2021-11-09 21:00:00+00:00,0.0
2021-11-09 22:00:00+00:00,0.0
2021-11-09 23:00:00+00:00,0.0
2021-11-10 00:00:00+00:00,0.0
2021-11-10 01:00:00+00:00,0.0
2021-11-10 02:00:00+00:00,0.0
2021-11-10 03:00:00+00:00,0.0
2021-11-10 04:00:00+00:00,0.0
2021-11-10 05:00:00+00:00,0.25
2021-11-10 06:00:00+00:00,340.25
2021-11-10 07:00:00+00:00,3583.5
2021-11-10 08:00:00+00:00,8433.5
2021-11-10 09:00:00+00:00,12402.5
2021-11-10 10:00:00+00:00,13856.25
2021-11-10 11:00:00+00:00,13014.0
2021-11-10 12:00:00+00:00,10386.0
2021-11-10 13:00:00+00:00,6905.0
2021-11-10 14:00:00+00:00,2749.75
2021-11-10 15:00:00+00:00,300.0
2021-11-10 16:00:00+00:00,0.75
2021-11-10 17:00:00+00:00,0.0
2021-11-10 18:00:00+00:00,0.0
2021-11-10 19:00:00+00:00,0.0
2021-11-10 20:00:00+00:00,0.0
2021-11-10 21:00:00+00:00,0.0
2021-11-10 22:00:00+00:00,0.0
2021-11-10 23:00:00+00:00,0.0
2021-11-11 00:00:00+00:00,0.0
2021-11-11 01:00:00+00:00,0.0
2021-11-11 02:00:00+00:00,0.0
2021-11-11 03:00:00+00:00,0.0
2021-11-11 04:00:00+00:00,0.0
2021-11-11 05:00:00+00:00,0.0
2021-11-11 06:00:00+00:00,214.25
2021-11-11 07:00:00+00:00,2771.25
2021-11-11 08:00:00+00:00,6936.25
2021-11-11 09:00:00+00:00,10473.75
2021-11-11 10:00:00+00:00,12399.25
2021-11-11 11:00:00+00:00,12468.5
2021-11-11 12:00:00+00:00,10612.0
2021-11-11 13:00:00+00:00,7182.25
2021-11-11 14:00:00+00:00,2861.0
2021-11-11 15:00:00+00:00,238.5
2021-11-11 16:00:00+00:00,0.75
2021-11-11 17:00:00+00:00,0.0
2021-11-11 18:00:00+00:00,0.0
2021-11-11 19:00:00+00:00,0.0
2021-11-11 20:00:00+00:00,0.0
2021-11-11 21:00:00+00:00,0.0
2021-11-11 22:00:00+00:00,0.0
2021-11-11 23:00:00+00:00,0.0
2021-11-12 00:00:00+00:00,0.0
2021-11-12 01:00:00+00:00,0.0
2021-11-12 02:00:00+00:00,0.0
2021-11-12 03:00:00+00:00,0.0
2021-11-12 04:00:00+00:00,0.0
2021-11-12 05:00:00+00:00,0.0
2021-11-12 06:00:00+00:00,89.0
2021-11-12 07:00:00+00:00,1158.0
2021-11-12 08:00:00+00:00,3353.75
2021-11-12 09:00:00+00:00,5361.75
2021-11-12 10:00:00+00:00,6853.0
2021-11-12 11:00:00+00:00,7652.5
2021-11-12 12:00:00+00:00,6972.75
2021-11-12 13:00:00+00:00,4510.25
2021-11-12 14:00:00+00:00,1669.25
2021-11-12 15:00:00+00:00,124.5
2021-11-12 16:00:00+00:00,1.0
2021-11-12 17:00:00+00:00,0.0
2021-11-12 18:00:00+00:00,0.0
2021-11-12 19:00:00+00:00,0.0
2021-11-12 20:00:00+00:00,0.0
2021-11-12 21:00:00+00:00,0.0
2021-11-12 22:00:00+00:00,0.0
2021-11-12 23:00:00+00:00,0.0
2021-11-13 00:00:00+00:00,0.0
2021-11-13 01:00:00+00:00,0.0
2021-11-13 02:00:00+00:00,0.0
2021-11-13 03:00:00+00:00,0.0
2021-11-13 04:00:00+00:00,0.0
2021-11-13 05:00:00+00:00,0.25
2021-11-13 06:00:00+00:00,80.75
2021-11-13 07:00:00+00:00,923.75
2021-11-13 08:00:00+00:00,2366.0
2021-11-13 09:00:00+00:00,3716.25
2021-11-13 10:00:00+00:00,4444.5
2021-11-13 11:00:00+00:00,4472.0
2021-11-13 12:00:00+00:00,3983.75
2021-11-13 13:00:00+00:00,2662.5
2021-11-13 14:00:00+00:00,920.5
2021-11-13 15:00:00+00:00,54.75
2021-11-13 16:00:00+00:00,1.0
2021-11-13 17:00:00+00:00,0.0
2021-11-13 18:00:00+00:00,0.0
2021-11-13 19:00:00+00:00,0.0
2021-11-13 20:00:00+00:00,0.0
2021-11-13 21:00:00+00:00,0.0
2021-11-13 22:00:00+00:00,0.0
2021-11-13 23:00:00+00:00,0.0
2021-11-14 00:00:00+00:00,0.0
2021-11-14 01:00:00+00:00,0.0
2021-11-14 02:00:00+00:00,0.0
2021-11-14 03:00:00+00:00,0.0
2021-11-14 04:00:00+00:00,0.0
2021-11-14 05:00:00+00:00,0.25
2021-11-14 06:00:00+00:00,82.5
2021-11-14 07:00:00+00:00,847.75
2021-11-14 08:00:00+00:00,2465.25
2021-11-14 09:00:00+00:00,4044.25
2021-11-14 10:00:00+00:00,5031.5
2021-11-14 11:00:00+00:00,5098.0
2021-11-14 12:00:00+00:00,4095.0
2021-11-14 13:00:00+00:00,2498.75
2021-11-14 14:00:00+00:00,919.0
2021-11-14 15:00:00+00:00,69.25
2021-11-14 16:00:00+00:00,1.0
2021-11-14 17:00:00+00:00,0.25
2021-11-14 18:00:00+00:00,0.0
2021-11-14 19:00:00+00:00,0.0
2021-11-14 20:00:00+00:00,0.0
2021-11-14 21:00:00+00:00,0.0
2021-11-14 22:00:00+00:00,0.0
2021-11-14 23:00:00+00:00,0.0
2021-11-15 00:00:00+00:00,0.0
2021-11-15 01:00:00+00:00,0.0
2021-11-15 02:00:00+00:00,0.0
2021-11-15 03:00:00+00:00,0.0
2021-11-15 04:00:00+00:00,0.0
2021-11-15 05:00:00+00:00,0.0
2021-11-15 06:00:00+00:00,59.75
2021-11-15 07:00:00+00:00,362.0
2021-11-15 08:00:00+00:00,1094.0
2021-11-15 09:00:00+00:00,1922.75
2021-11-15 10:00:00+00:00,2608.25
2021-11-15 11:00:00+00:00,2976.0
2021-11-15 12:00:00+00:00,2811.5
2021-11-15 13:00:00+00:00,1954.25
2021-11-15 14:00:00+00:00,703.5
2021-11-15 15:00:00+00:00,28.5
2021-11-15 16:00:00+00:00,0.5
2021-11-15 17:00:00+00:00,0.0
2021-11-15 18:00:00+00:00,0.0
2021-11-15 19:00:00+00:00,0.0
2021-11-15 20:00:00+00:00,0.0
2021-11-15 21:00:00+00:00,0.0
2021-11-15 22:00:00+00:00,0.0
2021-11-15 23:00:00+00:00,0.0
2021-11-16 00:00:00+00:00,0.0
2021-11-16 01:00:00+00:00,0.0
2021-11-16 02:00:00+00:00,0.0
2021-11-16 03:00:00+00:00,0.0
2021-11-16 04:00:00+00:00,0.0
2021-11-16 05:00:00+00:00,0.0
2021-11-16 06:00:00+00:00,50.5
2021-11-16 07:00:00+00:00,425.25
2021-11-16 08:00:00+00:00,1201.0
2021-11-16 09:00:00+00:00,1988.75
2021-11-16 10:00:00+00:00,2470.5
2021-11-16 11:00:00+00:00,2402.0
2021-11-16 12:00:00+00:00,1941.75
2021-11-16 13:00:00+00:00,1104.0
2021-11-16 14:00:00+00:00,327.75
2021-11-16 15:00:00+00:00,12.25
2021-11-16 16:00:00+00:00,0.75
2021-11-16 17:00:00+00:00,0.0
2021-11-16 18:00:00+00:00,0.0
2021-11-16 19:00:00+00:00,0.0
2021-11-16 20:00:00+00:00,0.0
2021-11-16 21:00:00+00:00,0.0
2021-11-16 22:00:00+00:00,0.0
2021-11-16 23:00:00+00:00,0.0
2021-11-17 00:00:00+00:00,0.0
2021-11-17 01:00:00+00:00,0.0
2021-11-17 02:00:00+00:00,0.0
2021-11-17 03:00:00+00:00,0.0
2021-11-17 04:00:00+00:00,0.0
2021-11-17 05:00:00+00:00,0.25
2021-11-17 06:00:00+00:00,49.25
2021-11-17 07:00:00+00:00,340.0
2021-11-17 08:00:00+00:00,1224.5
2021-11-17 09:00:00+00:00,2184.25
2021-11-17 10:00:00+00:00,2733.5
2021-11-17 11:00:00+00:00,2813.25
2021-11-17 12:00:00+00:00,2698.25
2021-11-17 13:00:00+00:00,1943.5
2021-11-17 14:00:00+00:00,740.75
2021-11-17 15:00:00+00:00,44.25
2021-11-17 16:00:00+00:00,1.0
2021-11-17 17:00:00+00:00,0.0
2021-11-17 18:00:00+00:00,0.0
2021-11-17 19:00:00+00:00,0.0
2021-11-17 20:00:00+00:00,0.0
2021-11-17 21:00:00+00:00,0.0
2021-11-17 22:00:00+00:00,0.0
2021-11-17 23:00:00+00:00,0.0
2021-11-18 00:00:00+00:00,0.0
2021-11-18 01:00:00+00:00,0.0
2021-11-18 02:00:00+00:00,0.0
2021-11-18 03:00:00+00:00,0.0
2021-11-18 04:00:00+00:00,0.0
2021-11-18 05:00:00+00:00,0.25
2021-11-18 06:00:00+00:00,43.25
2021-11-18 07:00:00+00:00,1029.5
2021-11-18 08:00:00+00:00,3262.5
2021-11-18 09:00:00+00:00,5236.0
2021-11-18 10:00:00+00:00,6893.25
2021-11-18 11:00:00+00:00,7184.0
2021-11-18 12:00:00+00:00,5981.5
2021-11-18 13:00:00+00:00,3886.0
2021-11-18 14:00:00+00:00,1463.5
2021-11-18 15:00:00+00:00,102.75
2021-11-18 16:00:00+00:00,1.0
2021-11-18 17:00:00+00:00,0.0
2021-11-18 18:00:00+00:00,0.0
2021-11-18 19:00:00+00:00,0.0
2021-11-18 20:00:00+00:00,0.0
2021-11-18 21:00:00+00:00,0.0
2021-11-18 22:00:00+00:00,0.0
2021-11-18 23:00:00+00:00,0.0
2021-11-19 00:00:00+00:00,0.0
2021-11-19 01:00:00+00:00,0.0
2021-11-19 02:00:00+00:00,0.0
2021-11-19 03:00:00+00:00,0.0
2021-11-19 04:00:00+00:00,0.0
2021-11-19 05:00:00+00:00,0.0
2021-11-19 06:00:00+00:00,54.5
2021-11-19 07:00:00+00:00,720.25
2021-11-19 08:00:00+00:00,2226.5
2021-11-19 09:00:00+00:00,3789.0
2021-11-19 10:00:00+00:00,4534.75
2021-11-19 11:00:00+00:00,4816.5
2021-11-19 12:00:00+00:00,4426.25
2021-11-19 13:00:00+00:00,2829.0
2021-11-19 14:00:00+00:00,1105.75
2021-11-19 15:00:00+00:00,80.25
2021-11-19 16:00:00+00:00,0.75
2021-11-19 17:00:00+00:00,0.0
2021-11-19 18:00:00+00:00,0.0
2021-11-19 19:00:00+00:00,0.0
2021-11-19 20:00:00+00:00,0.0
2021-11-19 21:00:00+00:00,0.0
2021-11-19 22:00:00+00:00,0.0
2021-11-19 23:00:00+00:00,0.0
2021-11-20 00:00:00+00:00,0.0
2021-11-20 01:00:00+00:00,0.0
2021-11-20 02:00:00+00:00,0.0
2021-11-20 03:00:00+00:00,0.0
2021-11-20 04:00:00+00:00,0.0
2021-11-20 05:00:00+00:00,0.25
2021-11-20 06:00:00+00:00,32.5
2021-11-20 07:00:00+00:00,465.25
2021-11-20 08:00:00+00:00,1753.25
2021-11-20 09:00:00+00:00,3134.75
2021-11-20 10:00:00+00:00,3948.75
2021-11-20 11:00:00+00:00,4086.0
2021-11-20 12:00:00+00:00,3391.5
2021-11-20 13:00:00+00:00,2151.5
2021-11-20 14:00:00+00:00,753.0
2021-11-20 15:00:00+00:00,43.0
2021-11-20 16:00:00+00:00,0.75
2021-11-20 17:00:00+00:00,0.0
2021-11-20 18:00:00+00:00,0.0
2021-11-20 19:00:00+00:00,0.0
2021-11-20 20:00:00+00:00,0.0
2021-11-20 21:00:00+00:00,0.0
2021-11-20 22:00:00+00:00,0.0
2021-11-20 23:00:00+00:00,0.0
2021-11-21 00:00:00+00:00,0.0
2021-11-21 01:00:00+00:00,0.0
2021-11-21 02:00:00+00:00,0.0
2021-11-21 03:00:00+00:00,0.0
2021-11-21 04:00:00+00:00,0.0
2021-11-21 05:00:00+00:00,0.0
2021-11-21 06:00:00+00:00,43.0
2021-11-21 07:00:00+00:00,618.25
2021-11-21 08:00:00+00:00,2255.25
2021-11-21 09:00:00+00:00,4281.0
2021-11-21 10:00:00+00:00,5704.5
2021-11-21 11:00:00+00:00,5960.25
2021-11-21 12:00:00+00:00,4831.75
2021-11-21 13:00:00+00:00,2928.0
2021-11-21 14:00:00+00:00,922.25
2021-11-21 15:00:00+00:00,32.75
2021-11-21 16:00:00+00:00,1.0
2021-11-21 17:00:00+00:00,0.0
2021-11-21 18:00:00+00:00,0.0
2021-11-21 19:00:00+00:00,0.0
2021-11-21 20:00:00+00:00,0.0
2021-11-21 21:00:00+00:00,0.0
2021-11-21 22:00:00+00:00,0.0
2021-11-21 23:00:00+00:00,0.0
2021-11-22 00:00:00+00:00,0.0
2021-11-22 01:00:00+00:00,0.0
2021-11-22 02:00:00+00:00,0.0
2021-11-22 03:00:00+00:00,0.0
2021-11-22 04:00:00+00:00,0.0
2021-11-22 05:00:00+00:00,0.0
2021-11-22 06:00:00+00:00,28.75
2021-11-22 07:00:00+00:00,794.25
2021-11-22 08:00:00+00:00,3357.5
2021-11-22 09:00:00+00:00,6437.25
2021-11-22 10:00:00+00:00,8683.0
2021-11-22 11:00:00+00:00,9012.5
2021-11-22 12:00:00+00:00,7758.0
2021-11-22 13:00:00+00:00,5013.5
2021-11-22 14:00:00+00:00,1652.5
2021-11-22 15:00:00+00:00,66.75
2021-11-22 16:00:00+00:00,1.0
2021-11-22 17:00:00+00:00,0.0
2021-11-22 18:00:00+00:00,0.0
2021-11-22 19:00:00+00:00,0.0
2021-11-22 20:00:00+00:00,0.0
2021-11-22 21:00:00+00:00,0.0
2021-11-22 22:00:00+00:00,0.0
2021-11-22 23:00:00+00:00,0.0
2021-11-23 00:00:00+00:00,0.0
2021-11-23 01:00:00+00:00,0.0
2021-11-23 02:00:00+00:00,0.0
2021-11-23 03:00:00+00:00,0.0
2021-11-23 04:00:00+00:00,0.0
2021-11-23 05:00:00+00:00,0.5
2021-11-23 06:00:00+00:00,37.5
2021-11-23 07:00:00+00:00,1618.75
2021-11-23 08:00:00+00:00,5542.0
2021-11-23 09:00:00+00:00,9288.0
2021-11-23 10:00:00+00:00,11492.0
2021-11-23 11:00:00+00:00,11579.25
2021-11-23 12:00:00+00:00,9609.5
2021-11-23 13:00:00+00:00,6017.75
2021-11-23 14:00:00+00:00,2137.75
2021-11-23 15:00:00+00:00,112.5
2021-11-23 16:00:00+00:00,1.0
2021-11-23 17:00:00+00:00,0.0
2021-11-23 18:00:00+00:00,0.0
2021-11-23 19:00:00+00:00,0.0
2021-11-23 20:00:00+00:00,0.0
2021-11-23 21:00:00+00:00,0.0
2021-11-23 22:00:00+00:00,0.0
2021-11-23 23:00:00+00:00,0.0
2021-11-24 00:00:00+00:00,0.0
2021-11-24 01:00:00+00:00,0.0
2021-11-24 02:00:00+00:00,0.0
2021-11-24 03:00:00+00:00,0.0
2021-11-24 04:00:00+00:00,0.0
2021-11-24 05:00:00+00:00,0.0
2021-11-24 06:00:00+00:00,20.25
2021-11-24 07:00:00+00:00,657.5
2021-11-24 08:00:00+00:00,2622.25
2021-11-24 09:00:00+00:00,4747.5
2021-11-24 10:00:00+00:00,6370.75
2021-11-24 11:00:00+00:00,6689.5
2021-11-24 12:00:00+00:00,5737.75
2021-11-24 13:00:00+00:00,3673.75
2021-11-24 14:00:00+00:00,1296.0
2021-11-24 15:00:00+00:00,65.5
2021-11-24 16:00:00+00:00,1.0
2021-11-24 17:00:00+00:00,0.0
2021-11-24 18:00:00+00:00,0.0
2021-11-24 19:00:00+00:00,0.0
2021-11-24 20:00:00+00:00,0.0
2021-11-24 21:00:00+00:00,0.0
2021-11-24 22:00:00+00:00,0.0
2021-11-24 23:00:00+00:00,0.0
2021-11-25 00:00:00+00:00,0.0
2021-11-25 01:00:00+00:00,0.0
2021-11-25 02:00:00+00:00,0.0
2021-11-25 03:00:00+00:00,0.0
2021-11-25 04:00:00+00:00,0.0
2021-11-25 05:00:00+00:00,0.0
2021-11-25 06:00:00+00:00,27.0
2021-11-25 07:00:00+00:00,407.75
2021-11-25 08:00:00+00:00,1543.0
2021-11-25 09:00:00+00:00,2704.25
2021-11-25 10:00:00+00:00,3328.5
2021-11-25 11:00:00+00:00,3355.5
2021-11-25 12:00:00+00:00,2753.0
2021-11-25 13:00:00+00:00,1757.5
2021-11-25 14:00:00+00:00,577.0
2021-11-25 15:00:00+00:00,24.0
2021-11-25 16:00:00+00:00,0.75
2021-11-25 17:00:00+00:00,0.0
2021-11-25 18:00:00+00:00,0.0
2021-11-25 19:00:00+00:00,0.0
2021-11-25 20:00:00+00:00,0.0
2021-11-25 21:00:00+00:00,0.0
2021-11-25 22:00:00+00:00,0.0
2021-11-25 23:00:00+00:00,0.0
2021-11-26 00:00:00+00:00,0.0
2021-11-26 01:00:00+00:00,0.0
2021-11-26 02:00:00+00:00,0.0
2021-11-26 03:00:00+00:00,0.0
2021-11-26 04:00:00+00:00,0.0
2021-11-26 05:00:00+00:00,0.0
2021-11-26 06:00:00+00:00,31.0
2021-11-26 07:00:00+00:00,338.25
2021-11-26 08:00:00+00:00,1621.0
2021-11-26 09:00:00+00:00,3006.5
2021-11-26 10:00:00+00:00,3795.5
2021-11-26 11:00:00+00:00,4053.0
2021-11-26 12:00:00+00:00,3623.75
2021-11-26 13:00:00+00:00,2316.5
2021-11-26 14:00:00+00:00,668.25
2021-11-26 15:00:00+00:00,18.25
2021-11-26 16:00:00+00:00,0.75
2021-11-26 17:00:00+00:00,0.0
2021-11-26 18:00:00+00:00,0.0
2021-11-26 19:00:00+00:00,0.0
2021-11-26 20:00:00+00:00,0.0
2021-11-26 21:00:00+00:00,0.0
2021-11-26 22:00:00+00:00,0.0
2021-11-26 23:00:00+00:00,0.0
2021-11-27 00:00:00+00:00,0.0
2021-11-27 01:00:00+00:00,0.0
2021-11-27 02:00:00+00:00,0.0
2021-11-27 03:00:00+00:00,0.0
2021-11-27 04:00:00+00:00,0.0
2021-11-27 05:00:00+00:00,0.0
2021-11-27 06:00:00+00:00,20.25
2021-11-27 07:00:00+00:00,605.75
2021-11-27 08:00:00+00:00,2400.0
2021-11-27 09:00:00+00:00,3827.0
2021-11-27 10:00:00+00:00,4389.25
2021-11-27 11:00:00+00:00,4207.5
2021-11-27 12:00:00+00:00,3547.5
2021-11-27 13:00:00+00:00,2413.75
2021-11-27 14:00:00+00:00,958.0
2021-11-27 15:00:00+00:00,51.5
2021-11-27 16:00:00+00:00,0.75
2021-11-27 17:00:00+00:00,0.0
2021-11-27 18:00:00+00:00,0.0
2021-11-27 19:00:00+00:00,0.0
2021-11-27 20:00:00+00:00,0.0
2021-11-27 21:00:00+00:00,0.0
2021-11-27 22:00:00+00:00,0.0
2021-11-27 23:00:00+00:00,0.0
2021-11-28 00:00:00+00:00,0.0
2021-11-28 01:00:00+00:00,0.0
2021-11-28 02:00:00+00:00,0.0
2021-11-28 03:00:00+00:00,0.0
2021-11-28 04:00:00+00:00,0.0
2021-11-28 05:00:00+00:00,0.25
2021-11-28 06:00:00+00:00,24.5
2021-11-28 07:00:00+00:00,558.25
2021-11-28 08:00:00+00:00,1977.25
2021-11-28 09:00:00+00:00,3720.0
2021-11-28 10:00:00+00:00,4919.75
2021-11-28 11:00:00+00:00,5013.0
2021-11-28 12:00:00+00:00,3973.75
2021-11-28 13:00:00+00:00,2207.75
2021-11-28 14:00:00+00:00,624.0
2021-11-28 15:00:00+00:00,17.0
2021-11-28 16:00:00+00:00,0.75
2021-11-28 17:00:00+00:00,0.0
2021-11-28 18:00:00+00:00,0.0
2021-11-28 19:00:00+00:00,0.0
2021-11-28 20:00:00+00:00,0.0
2021-11-28 21:00:00+00:00,0.0
2021-11-28 22:00:00+00:00,0.0
2021-11-28 23:00:00+00:00,0.0
2021-11-29 00:00:00+00:00,0.0
2021-11-29 01:00:00+00:00,0.0
2021-11-29 02:00:00+00:00,0.0
2021-11-29 03:00:00+00:00,0.0
2021-11-29 04:00:00+00:00,0.0
2021-11-29 05:00:00+00:00,0.0
2021-11-29 06:00:00+00:00,18.75
2021-11-29 07:00:00+00:00,271.5
2021-11-29 08:00:00+00:00,1461.25
2021-11-29 09:00:00+00:00,3001.5
2021-11-29 10:00:00+00:00,4023.0
2021-11-29 11:00:00+00:00,4150.0
2021-11-29 12:00:00+00:00,3408.75
2021-11-29 13:00:00+00:00,2034.0
2021-11-29 14:00:00+00:00,591.0
2021-11-29 15:00:00+00:00,19.5
2021-11-29 16:00:00+00:00,1.0
2021-11-29 17:00:00+00:00,0.0
2021-11-29 18:00:00+00:00,0.0
2021-11-29 19:00:00+00:00,0.0
2021-11-29 20:00:00+00:00,0.0
2021-11-29 21:00:00+00:00,0.0
2021-11-29 22:00:00+00:00,0.0
2021-11-29 23:00:00+00:00,0.0
2021-11-30 00:00:00+00:00,0.0
2021-11-30 01:00:00+00:00,0.0
2021-11-30 02:00:00+00:00,0.0
2021-11-30 03:00:00+00:00,0.0
2021-11-30 04:00:00+00:00,0.0
2021-11-30 05:00:00+00:00,0.25
2021-11-30 06:00:00+00:00,16.0
2021-11-30 07:00:00+00:00,126.75
2021-11-30 08:00:00+00:00,512.75
2021-11-30 09:00:00+00:00,1137.75
2021-11-30 10:00:00+00:00,1598.5
2021-11-30 11:00:00+00:00,1799.25
2021-11-30 12:00:00+00:00,1511.0
2021-11-30 13:00:00+00:00,934.25
2021-11-30 14:00:00+00:00,255.25
2021-11-30 15:00:00+00:00,6.0
2021-11-30 16:00:00+00:00,0.75
2021-11-30 17:00:00+00:00,0.0
2021-11-30 18:00:00+00:00,0.0
2021-11-30 19:00:00+00:00,0.0
2021-11-30 20:00:00+00:00,0.0
2021-11-30 21:00:00+00:00,0.0
2021-11-30 22:00:00+00:00,0.25
2021-11-30 23:00:00+00:00,0.25
2021-12-01 00:00:00+00:00,0.25
2021-12-01 01:00:00+00:00,0.25
2021-12-01 02:00:00+00:00,0.0
2021-12-01 03:00:00+00:00,0.25
2021-12-01 04:00:00+00:00,0.25
2021-12-01 05:00:00+00:00,0.25
2021-12-01 06:00:00+00:00,13.5
2021-12-01 07:00:00+00:00,344.5
2021-12-01 08:00:00+00:00,1650.0
2021-12-01 09:00:00+00:00,3519.75
2021-12-01 10:00:00+00:00,4257.75
2021-12-01 11:00:00+00:00,3813.25
2021-12-01 12:00:00+00:00,2888.25
2021-12-01 13:00:00+00:00,1625.25
2021-12-01 14:00:00+00:00,520.25
2021-12-01 15:00:00+00:00,13.75
2021-12-01 16:00:00+00:00,0.5
2021-12-01 17:00:00+00:00,0.0
2021-12-01 18:00:00+00:00,0.0
2021-12-01 19:00:00+00:00,0.0
2021-12-01 20:00:00+00:00,0.0
2021-12-01 21:00:00+00:00,0.0
2021-12-01 22:00:00+00:00,0.0
2021-12-01 23:00:00+00:00,0.0
2021-12-02 00:00:00+00:00,0.0
2021-12-02 01:00:00+00:00,0.0
2021-12-02 02:00:00+00:00,0.0
2021-12-02 03:00:00+00:00,0.0
2021-12-02 04:00:00+00:00,0.0
2021-12-02 05:00:00+00:00,0.0
2021-12-02 06:00:00+00:00,10.5
2021-12-02 07:00:00+00:00,754.75
2021-12-02 08:00:00+00:00,3083.5
2021-12-02 09:00:00+00:00,5531.75
2021-12-02 10:00:00+00:00,6335.25
2021-12-02 11:00:00+00:00,6186.25
2021-12-02 12:00:00+00:00,5274.75
2021-12-02 13:00:00+00:00,3189.25
2021-12-02 14:00:00+00:00,925.0
2021-12-02 15:00:00+00:00,26.25
2021-12-02 16:00:00+00:00,0.75
2021-12-02 17:00:00+00:00,0.0
2021-12-02 18:00:00+00:00,0.0
2021-12-02 19:00:00+00:00,0.0
2021-12-02 20:00:00+00:00,0.0
2021-12-02 21:00:00+00:00,0.0
2021-12-02 22:00:00+00:00,0.0
2021-12-02 23:00:00+00:00,0.0
2021-12-03 00:00:00+00:00,0.0
2021-12-03 01:00:00+00:00,0.0
2021-12-03 02:00:00+00:00,0.0
2021-12-03 03:00:00+00:00,0.0
2021-12-03 04:00:00+00:00,0.0
2021-12-03 05:00:00+00:00,0.0
2021-12-03 06:00:00+00:00,8.75
2021-12-03 07:00:00+00:00,715.0
2021-12-03 08:00:00+00:00,2907.25
2021-12-03 09:00:00+00:00,5490.0
2021-12-03 10:00:00+00:00,7330.25
2021-12-03 11:00:00+00:00,7529.0
2021-12-03 12:00:00+00:00,5961.25
2021-12-03 13:00:00+00:00,3425.0
2021-12-03 14:00:00+00:00,1054.5
2021-12-03 15:00:00+00:00,32.5
2021-12-03 16:00:00+00:00,1.0
2021-12-03 17:00:00+00:00,0.0
2021-12-03 18:00:00+00:00,0.0
2021-12-03 19:00:00+00:00,0.0
2021-12-03 20:00:00+00:00,0.0
2021-12-03 21:00:00+00:00,0.0
2021-12-03 22:00:00+00:00,0.0
2021-12-03 23:00:00+00:00,0.0
2021-12-04 00:00:00+00:00,0.0
2021-12-04 01:00:00+00:00,0.0
2021-12-04 02:00:00+00:00,0.0
2021-12-04 03:00:00+00:00,0.0
2021-12-04 04:00:00+00:00,0.0
2021-12-04 05:00:00+00:00,0.0
2021-12-04 06:00:00+00:00,9.5
2021-12-04 07:00:00+00:00,154.75
2021-12-04 08:00:00+00:00,693.0
2021-12-04 09:00:00+00:00,1617.0
2021-12-04 10:00:00+00:00,2508.5
2021-12-04 11:00:00+00:00,2861.5
2021-12-04 12:00:00+00:00,2344.25
2021-12-04 13:00:00+00:00,1175.0
2021-12-04 14:00:00+00:00,273.0
2021-12-04 15:00:00+00:00,9.5
2021-12-04 16:00:00+00:00,0.5
2021-12-04 17:00:00+00:00,0.0
2021-12-04 18:00:00+00:00,0.0
2021-12-04 19:00:00+00:00,0.0
2021-12-04 20:00:00+00:00,0.0
2021-12-04 21:00:00+00:00,0.0
2021-12-04 22:00:00+00:00,0.0
2021-12-04 23:00:00+00:00,0.0
2021-12-05 00:00:00+00:00,0.0
2021-12-05 01:00:00+00:00,0.0
2021-12-05 02:00:00+00:00,0.0
2021-12-05 03:00:00+00:00,0.0
2021-12-05 04:00:00+00:00,0.0
2021-12-05 05:00:00+00:00,0.0
2021-12-05 06:00:00+00:00,6.75
2021-12-05 07:00:00+00:00,343.5
2021-12-05 08:00:00+00:00,2150.75
2021-12-05 09:00:00+00:00,4444.5
2021-12-05 10:00:00+00:00,5846.0
2021-12-05 11:00:00+00:00,5898.5
2021-12-05 12:00:00+00:00,4729.0
2021-12-05 13:00:00+00:00,2613.25
2021-12-05 14:00:00+00:00,786.75
2021-12-05 15:00:00+00:00,27.75
2021-12-05 16:00:00+00:00,1.0
2021-12-05 17:00:00+00:00,0.0
2021-12-05 18:00:00+00:00,0.0
2021-12-05 19:00:00+00:00,0.0
2021-12-05 20:00:00+00:00,0.0
2021-12-05 21:00:00+00:00,0.0
2021-12-05 22:00:00+00:00,0.0
2021-12-05 23:00:00+00:00,0.0
2021-12-06 00:00:00+00:00,0.0
2021-12-06 01:00:00+00:00,0.0
2021-12-06 02:00:00+00:00,0.0
2021-12-06 03:00:00+00:00,0.0
2021-12-06 04:00:00+00:00,0.0
2021-12-06 05:00:00+00:00,0.0
2021-12-06 06:00:00+00:00,6.25
2021-12-06 07:00:00+00:00,223.75
2021-12-06 08:00:00+00:00,1379.5
2021-12-06 09:00:00+00:00,3158.0
2021-12-06 10:00:00+00:00,4598.75
2021-12-06 11:00:00+00:00,5176.75
2021-12-06 12:00:00+00:00,4408.25
2021-12-06 13:00:00+00:00,2738.75
2021-12-06 14:00:00+00:00,866.0
2021-12-06 15:00:00+00:00,29.25
2021-12-06 16:00:00+00:00,0.75
2021-12-06 17:00:00+00:00,0.0
2021-12-06 18:00:00+00:00,0.0
2021-12-06 19:00:00+00:00,0.0
2021-12-06 20:00:00+00:00,0.0
2021-12-06 21:00:00+00:00,0.0
2021-12-06 22:00:00+00:00,0.0
2021-12-06 23:00:00+00:00,0.0
2021-12-07 00:00:00+00:00,0.0
2021-12-07 01:00:00+00:00,0.0
2021-12-07 02:00:00+00:00,0.0
2021-12-07 03:00:00+00:00,0.0
2021-12-07 04:00:00+00:00,0.0
2021-12-07 05:00:00+00:00,0.25
2021-12-07 06:00:00+00:00,6.5
2021-12-07 07:00:00+00:00,305.25
2021-12-07 08:00:00+00:00,1511.25
2021-12-07 09:00:00+00:00,3381.0
2021-12-07 10:00:00+00:00,5259.5
2021-12-07 11:00:00+00:00,6177.75
2021-12-07 12:00:00+00:00,5557.0
2021-12-07 13:00:00+00:00,3485.0
2021-12-07 14:00:00+00:00,1175.75
2021-12-07 15:00:00+00:00,32.75
2021-12-07 16:00:00+00:00,1.0
2021-12-07 17:00:00+00:00,0.0
2021-12-07 18:00:00+00:00,0.0
2021-12-07 19:00:00+00:00,0.0
2021-12-07 20:00:00+00:00,0.0
2021-12-07 21:00:00+00:00,0.0
2021-12-07 22:00:00+00:00,0.0
2021-12-07 23:00:00+00:00,0.0
2021-12-08 00:00:00+00:00,0.0
2021-12-08 01:00:00+00:00,0.0
2021-12-08 02:00:00+00:00,0.0
2021-12-08 03:00:00+00:00,0.0
2021-12-08 04:00:00+00:00,0.0
2021-12-08 05:00:00+00:00,0.0
2021-12-08 06:00:00+00:00,4.5
2021-12-08 07:00:00+00:00,214.0
2021-12-08 08:00:00+00:00,993.0
2021-12-08 09:00:00+00:00,2052.75
2021-12-08 10:00:00+00:00,2661.0
2021-12-08 11:00:00+00:00,2912.25
2021-12-08 12:00:00+00:00,2452.75
2021-12-08 13:00:00+00:00,1579.0
2021-12-08 14:00:00+00:00,489.25
2021-12-08 15:00:00+00:00,15.25
2021-12-08 16:00:00+00:00,1.0
2021-12-08 17:00:00+00:00,0.0
2021-12-08 18:00:00+00:00,0.0
2021-12-08 19:00:00+00:00,0.0
2021-12-08 20:00:00+00:00,0.0
2021-12-08 21:00:00+00:00,0.0
2021-12-08 22:00:00+00:00,0.0
2021-12-08 23:00:00+00:00,0.0
2021-12-09 00:00:00+00:00,0.0
2021-12-09 01:00:00+00:00,0.0
2021-12-09 02:00:00+00:00,0.0
2021-12-09 03:00:00+00:00,0.0
2021-12-09 04:00:00+00:00,0.0
2021-12-09 05:00:00+00:00,0.0
2021-12-09 06:00:00+00:00,4.25
2021-12-09 07:00:00+00:00,180.25
2021-12-09 08:00:00+00:00,754.75
2021-12-09 09:00:00+00:00,1795.25
2021-12-09 10:00:00+00:00,2472.75
2021-12-09 11:00:00+00:00,2510.25
2021-12-09 12:00:00+00:00,1866.75
2021-12-09 13:00:00+00:00,1078.0
2021-12-09 14:00:00+00:00,334.5
2021-12-09 15:00:00+00:00,12.5
2021-12-09 16:00:00+00:00,0.75
2021-12-09 17:00:00+00:00,0.0
2021-12-09 18:00:00+00:00,0.0
2021-12-09 19:00:00+00:00,0.0
2021-12-09 20:00:00+00:00,0.0
2021-12-09 21:00:00+00:00,0.0
2021-12-09 22:00:00+00:00,0.0
2021-12-09 23:00:00+00:00,0.0
2021-12-10 00:00:00+00:00,0.0
2021-12-10 01:00:00+00:00,0.0
2021-12-10 02:00:00+00:00,0.0
2021-12-10 03:00:00+00:00,0.0
2021-12-10 04:00:00+00:00,0.0
2021-12-10 05:00:00+00:00,0.0
2021-12-10 06:00:00+00:00,2.75
2021-12-10 07:00:00+00:00,283.75
2021-12-10 08:00:00+00:00,1541.75
2021-12-10 09:00:00+00:00,3157.0
2021-12-10 10:00:00+00:00,4349.25
2021-12-10 11:00:00+00:00,4536.75
2021-12-10 12:00:00+00:00,3637.25
2021-12-10 13:00:00+00:00,2005.5
2021-12-10 14:00:00+00:00,522.75
2021-12-10 15:00:00+00:00,11.25
2021-12-10 16:00:00+00:00,0.75
2021-12-10 17:00:00+00:00,0.0
2021-12-10 18:00:00+00:00,0.0
2021-12-10 19:00:00+00:00,0.0
2021-12-10 20:00:00+00:00,0.0
2021-12-10 21:00:00+00:00,0.0
2021-12-10 22:00:00+00:00,0.0
2021-12-10 23:00:00+00:00,0.0
2021-12-11 00:00:00+00:00,0.0
2021-12-11 01:00:00+00:00,0.0
2021-12-11 02:00:00+00:00,0.0
2021-12-11 03:00:00+00:00,0.0
2021-12-11 04:00:00+00:00,0.0
2021-12-11 05:00:00+00:00,0.0
2021-12-11 06:00:00+00:00,3.25
2021-12-11 07:00:00+00:00,190.75
2021-12-11 08:00:00+00:00,1146.0
2021-12-11 09:00:00+00:00,2648.75
2021-12-11 10:00:00+00:00,3718.5
2021-12-11 11:00:00+00:00,3968.75
2021-12-11 12:00:00+00:00,3241.0
2021-12-11 13:00:00+00:00,1849.25
2021-12-11 14:00:00+00:00,512.75
2021-12-11 15:00:00+00:00,11.75
2021-12-11 16:00:00+00:00,0.75
2021-12-11 17:00:00+00:00,0.0
2021-12-11 18:00:00+00:00,0.0
2021-12-11 19:00:00+00:00,0.0
2021-12-11 20:00:00+00:00,0.0
2021-12-11 21:00:00+00:00,0.0
2021-12-11 22:00:00+00:00,0.0
2021-12-11 23:00:00+00:00,0.0
2021-12-12 00:00:00+00:00,0.0
2021-12-12 01:00:00+00:00,0.0
2021-12-12 02:00:00+00:00,0.0
2021-12-12 03:00:00+00:00,0.0
2021-12-12 04:00:00+00:00,0.0
2021-12-12 05:00:00+00:00,0.0
2021-12-12 06:00:00+00:00,2.0
2021-12-12 07:00:00+00:00,283.0
2021-12-12 08:00:00+00:00,1493.0
2021-12-12 09:00:00+00:00,2714.0
2021-12-12 10:00:00+00:00,3279.5
2021-12-12 11:00:00+00:00,3342.5
2021-12-12 12:00:00+00:00,2673.25
2021-12-12 13:00:00+00:00,1449.75
2021-12-12 14:00:00+00:00,405.5
2021-12-12 15:00:00+00:00,11.75
2021-12-12 16:00:00+00:00,0.75
2021-12-12 17:00:00+00:00,0.0
2021-12-12 18:00:00+00:00,0.0
2021-12-12 19:00:00+00:00,0.0
2021-12-12 20:00:00+00:00,0.0
2021-12-12 21:00:00+00:00,0.0
2021-12-12 22:00:00+00:00,0.0
2021-12-12 23:00:00+00:00,0.0
2021-12-13 00:00:00+00:00,0.0
2021-12-13 01:00:00+00:00,0.0
2021-12-13 02:00:00+00:00,0.0
2021-12-13 03:00:00+00:00,0.0
2021-12-13 04:00:00+00:00,0.0
2021-12-13 05:00:00+00:00,0.0
2021-12-13 06:00:00+00:00,2.0
2021-12-13 07:00:00+00:00,148.0
2021-12-13 08:00:00+00:00,955.75
2021-12-13 09:00:00+00:00,2176.25
2021-12-13 10:00:00+00:00,3125.75
2021-12-13 11:00:00+00:00,3381.25
2021-12-13 12:00:00+00:00,2828.5
2021-12-13 13:00:00+00:00,1668.5
2021-12-13 14:00:00+00:00,502.75
2021-12-13 15:00:00+00:00,14.75
2021-12-13 16:00:00+00:00,0.75
2021-12-13 17:00:00+00:00,0.0
2021-12-13 18:00:00+00:00,0.0
2021-12-13 19:00:00+00:00,0.0
2021-12-13 20:00:00+00:00,0.0
2021-12-13 21:00:00+00:00,0.0
2021-12-13 22:00:00+00:00,0.0
2021-12-13 23:00:00+00:00,0.0
2021-12-14 00:00:00+00:00,0.0
2021-12-14 01:00:00+00:00,0.0
2021-12-14 02:00:00+00:00,0.0
2021-12-14 03:00:00+00:00,0.0
2021-12-14 04:00:00+00:00,0.0
2021-12-14 05:00:00+00:00,0.0
2021-12-14 06:00:00+00:00,1.25
2021-12-14 07:00:00+00:00,192.0
2021-12-14 08:00:00+00:00,972.25
2021-12-14 09:00:00+00:00,2214.25
2021-12-14 10:00:00+00:00,2941.5
2021-12-14 11:00:00+00:00,2966.75
2021-12-14 12:00:00+00:00,2458.75
2021-12-14 13:00:00+00:00,1541.25
2021-12-14 14:00:00+00:00,469.5
2021-12-14 15:00:00+00:00,12.25
2021-12-14 16:00:00+00:00,0.5
2021-12-14 17:00:00+00:00,0.0
2021-12-14 18:00:00+00:00,0.0
2021-12-14 19:00:00+00:00,0.0
2021-12-14 20:00:00+00:00,0.0
2021-12-14 21:00:00+00:00,0.0
2021-12-14 22:00:00+00:00,0.0
2021-12-14 23:00:00+00:00,0.0
2021-12-15 00:00:00+00:00,0.0
2021-12-15 01:00:00+00:00,0.0
2021-12-15 02:00:00+00:00,0.0
2021-12-15 03:00:00+00:00,0.0
2021-12-15 04:00:00+00:00,0.0
2021-12-15 05:00:00+00:00,0.0
2021-12-15 06:00:00+00:00,0.0
2021-12-15 07:00:00+00:00,122.5
2021-12-15 08:00:00+00:00,813.0
2021-12-15 09:00:00+00:00,1901.0
2021-12-15 10:00:00+00:00,2800.75
2021-12-15 11:00:00+00:00,2936.5
2021-12-15 12:00:00+00:00,2428.25
2021-12-15 13:00:00+00:00,1445.25
2021-12-15 14:00:00+00:00,366.5
2021-12-15 15:00:00+00:00,5.25
2021-12-15 16:00:00+00:00,0.5
2021-12-15 17:00:00+00:00,0.0
2021-12-15 18:00:00+00:00,0.0
2021-12-15 19:00:00+00:00,0.0
2021-12-15 20:00:00+00:00,0.0
2021-12-15 21:00:00+00:00,0.0
2021-12-15 22:00:00+00:00,0.0
2021-12-15 23:00:00+00:00,0.0
2021-12-16 00:00:00+00:00,0.0
2021-12-16 01:00:00+00:00,0.0
2021-12-16 02:00:00+00:00,0.0
2021-12-16 03:00:00+00:00,0.0
2021-12-16 04:00:00+00:00,0.0
2021-12-16 05:00:00+00:00,0.0
2021-12-16 06:00:00+00:00,0.0
2021-12-16 07:00:00+00:00,134.75
2021-12-16 08:00:00+00:00,922.5
2021-12-16 09:00:00+00:00,2224.25
2021-12-16 10:00:00+00:00,3521.25
2021-12-16 11:00:00+00:00,4078.0
2021-12-16 12:00:00+00:00,3646.0
2021-12-16 13:00:00+00:00,2291.0
2021-12-16 14:00:00+00:00,670.5
2021-12-16 15:00:00+00:00,24.5
2021-12-16 16:00:00+00:00,0.5
2021-12-16 17:00:00+00:00,0.0
2021-12-16 18:00:00+00:00,0.0
2021-12-16 19:00:00+00:00,0.0
2021-12-16 20:00:00+00:00,0.0
2021-12-16 21:00:00+00:00,0.0
2021-12-16 22:00:00+00:00,0.0
2021-12-16 23:00:00+00:00,0.0
2021-12-17 00:00:00+00:00,0.0
2021-12-17 01:00:00+00:00,0.0
2021-12-17 02:00:00+00:00,0.0
2021-12-17 03:00:00+00:00,0.0
2021-12-17 04:00:00+00:00,0.0
2021-12-17 05:00:00+00:00,0.0
2021-12-17 06:00:00+00:00,0.0
2021-12-17 07:00:00+00:00,229.0
2021-12-17 08:00:00+00:00,1641.25
2021-12-17 09:00:00+00:00,3497.75
2021-12-17 10:00:00+00:00,4824.0
2021-12-17 11:00:00+00:00,4997.0
2021-12-17 12:00:00+00:00,4142.75
2021-12-17 13:00:00+00:00,2482.25
2021-12-17 14:00:00+00:00,752.5
2021-12-17 15:00:00+00:00,21.75
2021-12-17 16:00:00+00:00,0.75
2021-12-17 17:00:00+00:00,0.0
2021-12-17 18:00:00+00:00,0.0
2021-12-17 19:00:00+00:00,0.0
2021-12-17 20:00:00+00:00,0.0
2021-12-17 21:00:00+00:00,0.0
2021-12-17 22:00:00+00:00,0.0
2021-12-17 23:00:00+00:00,0.0
2021-12-18 00:00:00+00:00,0.0
2021-12-18 01:00:00+00:00,0.0
2021-12-18 02:00:00+00:00,0.0
2021-12-18 03:00:00+00:00,0.0
2021-12-18 04:00:00+00:00,0.0
2021-12-18 05:00:00+00:00,0.0
2021-12-18 06:00:00+00:00,0.0
2021-12-18 07:00:00+00:00,128.75
2021-12-18 08:00:00+00:00,786.5
2021-12-18 09:00:00+00:00,1887.0
2021-12-18 10:00:00+00:00,2692.5
2021-12-18 11:00:00+00:00,2993.75
2021-12-18 12:00:00+00:00,2613.5
2021-12-18 13:00:00+00:00,1663.0
2021-12-18 14:00:00+00:00,496.25
2021-12-18 15:00:00+00:00,15.0
2021-12-18 16:00:00+00:00,0.75
2021-12-18 17:00:00+00:00,0.0
2021-12-18 18:00:00+00:00,0.0
2021-12-18 19:00:00+00:00,0.0
2021-12-18 20:00:00+00:00,0.0
2021-12-18 21:00:00+00:00,0.0
2021-12-18 22:00:00+00:00,0.0
2021-12-18 23:00:00+00:00,0.0
2021-12-19 00:00:00+00:00,0.0
2021-12-19 01:00:00+00:00,0.0
2021-12-19 02:00:00+00:00,0.0
2021-12-19 03:00:00+00:00,0.0
2021-12-19 04:00:00+00:00,0.0
2021-12-19 05:00:00+00:00,0.0
2021-12-19 06:00:00+00:00,0.5
2021-12-19 07:00:00+00:00,154.25
2021-12-19 08:00:00+00:00,845.75
2021-12-19 09:00:00+00:00,1989.75
2021-12-19 10:00:00+00:00,2820.0
2021-12-19 11:00:00+00:00,3146.25
2021-12-19 12:00:00+00:00,2835.5
2021-12-19 13:00:00+00:00,1841.25
2021-12-19 14:00:00+00:00,585.75
2021-12-19 15:00:00+00:00,19.5
2021-12-19 16:00:00+00:00,0.75
2021-12-19 17:00:00+00:00,0.0
2021-12-19 18:00:00+00:00,0.0
2021-12-19 19:00:00+00:00,0.0
2021-12-19 20:00:00+00:00,0.0
2021-12-19 21:00:00+00:00,0.0
2021-12-19 22:00:00+00:00,0.0
2021-12-19 23:00:00+00:00,0.0
2021-12-20 00:00:00+00:00,0.0
2021-12-20 01:00:00+00:00,0.0
2021-12-20 02:00:00+00:00,0.0
2021-12-20 03:00:00+00:00,0.0
2021-12-20 04:00:00+00:00,0.0
2021-12-20 05:00:00+00:00,0.0
2021-12-20 06:00:00+00:00,0.25
2021-12-20 07:00:00+00:00,497.0
2021-12-20 08:00:00+00:00,3787.5
2021-12-20 09:00:00+00:00,8145.5
2021-12-20 10:00:00+00:00,11679.75
2021-12-20 11:00:00+00:00,12825.0
2021-12-20 12:00:00+00:00,11013.25
2021-12-20 13:00:00+00:00,7037.0
2021-12-20 14:00:00+00:00,2276.0
2021-12-20 15:00:00+00:00,71.75
2021-12-20 16:00:00+00:00,0.75
2021-12-20 17:00:00+00:00,0.0
2021-12-20 18:00:00+00:00,0.0
2021-12-20 19:00:00+00:00,0.0
2021-12-20 20:00:00+00:00,0.0
2021-12-20 21:00:00+00:00,0.0
2021-12-20 22:00:00+00:00,0.0
2021-12-20 23:00:00+00:00,0.0
2021-12-21 00:00:00+00:00,0.0
2021-12-21 01:00:00+00:00,0.0
2021-12-21 02:00:00+00:00,0.0
2021-12-21 03:00:00+00:00,0.0
2021-12-21 04:00:00+00:00,0.0
2021-12-21 05:00:00+00:00,0.0
2021-12-21 06:00:00+00:00,0.25
2021-12-21 07:00:00+00:00,397.0
2021-12-21 08:00:00+00:00,3188.0
2021-12-21 09:00:00+00:00,7289.25
2021-12-21 10:00:00+00:00,10577.25
2021-12-21 11:00:00+00:00,11503.0
2021-12-21 12:00:00+00:00,9942.5
2021-12-21 13:00:00+00:00,6179.5
2021-12-21 14:00:00+00:00,2024.0
2021-12-21 15:00:00+00:00,70.0
2021-12-21 16:00:00+00:00,0.75
2021-12-21 17:00:00+00:00,0.25
2021-12-21 18:00:00+00:00,0.0
2021-12-21 19:00:00+00:00,0.0
2021-12-21 20:00:00+00:00,0.0
2021-12-21 21:00:00+00:00,0.0
2021-12-21 22:00:00+00:00,0.25
2021-12-21 23:00:00+00:00,0.0
2021-12-22 00:00:00+00:00,0.0
2021-12-22 01:00:00+00:00,0.0
2021-12-22 02:00:00+00:00,0.0
2021-12-22 03:00:00+00:00,0.0
2021-12-22 04:00:00+00:00,0.0
2021-12-22 05:00:00+00:00,0.0
2021-12-22 06:00:00+00:00,0.25
2021-12-22 07:00:00+00:00,488.25
2021-12-22 08:00:00+00:00,3595.5
2021-12-22 09:00:00+00:00,8000.25
2021-12-22 10:00:00+00:00,11457.25
2021-12-22 11:00:00+00:00,12405.75
2021-12-22 12:00:00+00:00,10517.25
2021-12-22 13:00:00+00:00,6481.75
2021-12-22 14:00:00+00:00,2064.5
2021-12-22 15:00:00+00:00,89.0
2021-12-22 16:00:00+00:00,1.0
2021-12-22 17:00:00+00:00,0.25
2021-12-22 18:00:00+00:00,0.0
2021-12-22 19:00:00+00:00,0.0
2021-12-22 20:00:00+00:00,0.0
2021-12-22 21:00:00+00:00,0.0
2021-12-22 22:00:00+00:00,0.0
2021-12-22 23:00:00+00:00,0.0
2021-12-23 00:00:00+00:00,0.0
2021-12-23 01:00:00+00:00,0.0
2021-12-23 02:00:00+00:00,0.0
2021-12-23 03:00:00+00:00,0.0
2021-12-23 04:00:00+00:00,0.0
2021-12-23 05:00:00+00:00,0.0
2021-12-23 06:00:00+00:00,0.25
2021-12-23 07:00:00+00:00,266.5
2021-12-23 08:00:00+00:00,1514.25
2021-12-23 09:00:00+00:00,3083.75
2021-12-23 10:00:00+00:00,4274.0
2021-12-23 11:00:00+00:00,4376.5
2021-12-23 12:00:00+00:00,3340.25
2021-12-23 13:00:00+00:00,1770.0
2021-12-23 14:00:00+00:00,489.75
2021-12-23 15:00:00+00:00,14.5
2021-12-23 16:00:00+00:00,0.75
2021-12-23 17:00:00+00:00,0.0
2021-12-23 18:00:00+00:00,0.0
2021-12-23 19:00:00+00:00,0.0
2021-12-23 20:00:00+00:00,0.0
2021-12-23 21:00:00+00:00,0.0
2021-12-23 22:00:00+00:00,0.0
2021-12-23 23:00:00+00:00,0.0
2021-12-24 00:00:00+00:00,0.25
2021-12-24 01:00:00+00:00,0.25
2021-12-24 02:00:00+00:00,0.0
2021-12-24 03:00:00+00:00,0.0
2021-12-24 04:00:00+00:00,0.25
2021-12-24 05:00:00+00:00,0.25
2021-12-24 06:00:00+00:00,0.75
2021-12-24 07:00:00+00:00,59.25
2021-12-24 08:00:00+00:00,439.25
2021-12-24 09:00:00+00:00,1083.0
2021-12-24 10:00:00+00:00,1667.5
2021-12-24 11:00:00+00:00,1866.0
2021-12-24 12:00:00+00:00,1594.5
2021-12-24 13:00:00+00:00,981.25
2021-12-24 14:00:00+00:00,291.25
2021-12-24 15:00:00+00:00,8.0
2021-12-24 16:00:00+00:00,1.0
2021-12-24 17:00:00+00:00,0.0
2021-12-24 18:00:00+00:00,0.0
2021-12-24 19:00:00+00:00,0.0
2021-12-24 20:00:00+00:00,0.0
2021-12-24 21:00:00+00:00,0.0
2021-12-24 22:00:00+00:00,0.0
2021-12-24 23:00:00+00:00,0.0
2021-12-25 00:00:00+00:00,0.0
2021-12-25 01:00:00+00:00,0.0
2021-12-25 02:00:00+00:00,0.0
2021-12-25 03:00:00+00:00,0.0
2021-12-25 04:00:00+00:00,0.0
2021-12-25 05:00:00+00:00,0.0
2021-12-25 06:00:00+00:00,0.5
2021-12-25 07:00:00+00:00,170.0
2021-12-25 08:00:00+00:00,1426.5
2021-12-25 09:00:00+00:00,2984.0
2021-12-25 10:00:00+00:00,4229.75
2021-12-25 11:00:00+00:00,4685.0
2021-12-25 12:00:00+00:00,4043.5
2021-12-25 13:00:00+00:00,2546.0
2021-12-25 14:00:00+00:00,753.5
2021-12-25 15:00:00+00:00,16.0
2021-12-25 16:00:00+00:00,1.0
2021-12-25 17:00:00+00:00,0.25
2021-12-25 18:00:00+00:00,0.0
2021-12-25 19:00:00+00:00,0.0
2021-12-25 20:00:00+00:00,0.0
2021-12-25 21:00:00+00:00,0.0
2021-12-25 22:00:00+00:00,0.0
2021-12-25 23:00:00+00:00,0.0
2021-12-26 00:00:00+00:00,0.0
2021-12-26 01:00:00+00:00,0.0
2021-12-26 02:00:00+00:00,0.0
2021-12-26 03:00:00+00:00,0.0
2021-12-26 04:00:00+00:00,0.0
2021-12-26 05:00:00+00:00,0.0
2021-12-26 06:00:00+00:00,1.0
2021-12-26 07:00:00+00:00,209.0
2021-12-26 08:00:00+00:00,1643.25
2021-12-26 09:00:00+00:00,3526.25
2021-12-26 10:00:00+00:00,5059.5
2021-12-26 11:00:00+00:00,5559.75
2021-12-26 12:00:00+00:00,4610.25
2021-12-26 13:00:00+00:00,2641.5
2021-12-26 14:00:00+00:00,721.0
2021-12-26 15:00:00+00:00,16.25
2021-12-26 16:00:00+00:00,1.0
2021-12-26 17:00:00+00:00,0.0
2021-12-26 18:00:00+00:00,0.0
2021-12-26 19:00:00+00:00,0.0
2021-12-26 20:00:00+00:00,0.0
2021-12-26 21:00:00+00:00,0.0
2021-12-26 22:00:00+00:00,0.0
2021-12-26 23:00:00+00:00,0.0
2021-12-27 00:00:00+00:00,0.0
2021-12-27 01:00:00+00:00,0.0
2021-12-27 02:00:00+00:00,0.0
2021-12-27 03:00:00+00:00,0.0
2021-12-27 04:00:00+00:00,0.0
2021-12-27 05:00:00+00:00,0.0
2021-12-27 06:00:00+00:00,0.5
2021-12-27 07:00:00+00:00,173.75
2021-12-27 08:00:00+00:00,1445.5
2021-12-27 09:00:00+00:00,3452.25
2021-12-27 10:00:00+00:00,5073.0
2021-12-27 11:00:00+00:00,5359.75
2021-12-27 12:00:00+00:00,4113.5
2021-12-27 13:00:00+00:00,2252.75
2021-12-27 14:00:00+00:00,602.25
2021-12-27 15:00:00+00:00,15.25
2021-12-27 16:00:00+00:00,1.0
2021-12-27 17:00:00+00:00,0.0
2021-12-27 18:00:00+00:00,0.0
2021-12-27 19:00:00+00:00,0.0
2021-12-27 20:00:00+00:00,0.0
2021-12-27 21:00:00+00:00,0.0
2021-12-27 22:00:00+00:00,0.0
2021-12-27 23:00:00+00:00,0.0
2021-12-28 00:00:00+00:00,0.0
2021-12-28 01:00:00+00:00,0.0
2021-12-28 02:00:00+00:00,0.25
2021-12-28 03:00:00+00:00,0.0
2021-12-28 04:00:00+00:00,0.0
2021-12-28 05:00:00+00:00,0.25
2021-12-28 06:00:00+00:00,0.25
2021-12-28 07:00:00+00:00,100.5
2021-12-28 08:00:00+00:00,878.75
2021-12-28 09:00:00+00:00,2119.0
2021-12-28 10:00:00+00:00,3179.75
2021-12-28 11:00:00+00:00,3592.25
2021-12-28 12:00:00+00:00,2883.25
2021-12-28 13:00:00+00:00,1468.25
2021-12-28 14:00:00+00:00,431.5
2021-12-28 15:00:00+00:00,26.5
2021-12-28 16:00:00+00:00,0.75
2021-12-28 17:00:00+00:00,0.0
2021-12-28 18:00:00+00:00,0.0
2021-12-28 19:00:00+00:00,0.0
2021-12-28 20:00:00+00:00,0.0
2021-12-28 21:00:00+00:00,0.25
2021-12-28 22:00:00+00:00,0.0
2021-12-28 23:00:00+00:00,0.5
2021-12-29 00:00:00+00:00,0.25
2021-12-29 01:00:00+00:00,0.0
2021-12-29 02:00:00+00:00,0.0
2021-12-29 03:00:00+00:00,0.25
2021-12-29 04:00:00+00:00,0.0
2021-12-29 05:00:00+00:00,0.25
2021-12-29 06:00:00+00:00,0.5
2021-12-29 07:00:00+00:00,106.75
2021-12-29 08:00:00+00:00,938.0
2021-12-29 09:00:00+00:00,2100.5
2021-12-29 10:00:00+00:00,3006.25
2021-12-29 11:00:00+00:00,3502.0
2021-12-29 12:00:00+00:00,2997.25
2021-12-29 13:00:00+00:00,1703.75
2021-12-29 14:00:00+00:00,481.0
2021-12-29 15:00:00+00:00,10.25
2021-12-29 16:00:00+00:00,0.25
2021-12-29 17:00:00+00:00,0.0
2021-12-29 18:00:00+00:00,0.0
2021-12-29 19:00:00+00:00,0.0
2021-12-29 20:00:00+00:00,0.0
2021-12-29 21:00:00+00:00,0.0
2021-12-29 22:00:00+00:00,0.0
2021-12-29 23:00:00+00:00,0.0
2021-12-30 00:00:00+00:00,0.0
2021-12-30 01:00:00+00:00,0.0
2021-12-30 02:00:00+00:00,0.0
2021-12-30 03:00:00+00:00,0.0
2021-12-30 04:00:00+00:00,0.0
2021-12-30 05:00:00+00:00,0.0
2021-12-30 06:00:00+00:00,0.25
2021-12-30 07:00:00+00:00,89.25
2021-12-30 08:00:00+00:00,771.25
2021-12-30 09:00:00+00:00,1958.5
2021-12-30 10:00:00+00:00,2847.25
2021-12-30 11:00:00+00:00,3008.0
2021-12-30 12:00:00+00:00,2707.0
2021-12-30 13:00:00+00:00,1860.5
2021-12-30 14:00:00+00:00,717.5
2021-12-30 15:00:00+00:00,40.5
2021-12-30 16:00:00+00:00,0.5
2021-12-30 17:00:00+00:00,0.0
2021-12-30 18:00:00+00:00,0.0
2021-12-30 19:00:00+00:00,0.0
2021-12-30 20:00:00+00:00,0.0
2021-12-30 21:00:00+00:00,0.0
2021-12-30 22:00:00+00:00,0.0
2021-12-30 23:00:00+00:00,0.0
2021-12-31 00:00:00+00:00,0.0
2021-12-31 01:00:00+00:00,0.0
2021-12-31 02:00:00+00:00,0.0
2021-12-31 03:00:00+00:00,0.0
2021-12-31 04:00:00+00:00,0.0
2021-12-31 05:00:00+00:00,0.0
2021-12-31 06:00:00+00:00,0.25
2021-12-31 07:00:00+00:00,316.25
2021-12-31 08:00:00+00:00,2833.75
2021-12-31 09:00:00+00:00,6519.25
2021-12-31 10:00:00+00:00,9576.75
2021-12-31 11:00:00+00:00,9859.75
2021-12-31 12:00:00+00:00,7767.5
2021-12-31 13:00:00+00:00,4767.75
2021-12-31 14:00:00+00:00,1945.25
2021-12-31 15:00:00+00:00,148.75
2021-12-31 16:00:00+00:00,0.75
2021-12-31 17:00:00+00:00,0.0
2021-12-31 18:00:00+00:00,0.0
2021-12-31 19:00:00+00:00,0.0
2021-12-31 20:00:00+00:00,0.0
2021-12-31 21:00:00+00:00,0.0
2021-12-31 22:00:00+00:00,0.0
2021-12-31 23:00:00+00:00,2.0
