timestamp,value
2019-01-01 00:00:00+00:00,41631.25
2019-01-01 01:00:00+00:00,40085.0
2019-01-01 02:00:00+00:00,39269.75
2019-01-01 03:00:00+00:00,39032.75
2019-01-01 04:00:00+00:00,38570.5
2019-01-01 05:00:00+00:00,38047.5
2019-01-01 06:00:00+00:00,38756.0
2019-01-01 07:00:00+00:00,39575.25
2019-01-01 08:00:00+00:00,42119.25
2019-01-01 09:00:00+00:00,44866.5
2019-01-01 10:00:00+00:00,47785.25
2019-01-01 11:00:00+00:00,49116.75
2019-01-01 12:00:00+00:00,48786.0
2019-01-01 13:00:00+00:00,48528.5
2019-01-01 14:00:00+00:00,48983.0
2019-01-01 15:00:00+00:00,50727.0
2019-01-01 16:00:00+00:00,53893.25
2019-01-01 17:00:00+00:00,54658.25
2019-01-01 18:00:00+00:00,53663.5
2019-01-01 19:00:00+00:00,51355.5
2019-01-01 20:00:00+00:00,49733.5
2019-01-01 21:00:00+00:00,48741.5
2019-01-01 22:00:00+00:00,45919.25
2019-01-01 23:00:00+00:00,43719.75
2019-01-02 00:00:00+00:00,42213.25
2019-01-02 01:00:00+00:00,41807.25
2019-01-02 02:00:00+00:00,42330.75
2019-01-02 03:00:00+00:00,43758.0
2019-01-02 04:00:00+00:00,46896.0
2019-01-02 05:00:00+00:00,52714.0
2019-01-02 06:00:00+00:00,58136.5
2019-01-02 07:00:00+00:00,61514.25
2019-01-02 08:00:00+00:00,63429.25
2019-01-02 09:00:00+00:00,64466.0
2019-01-02 10:00:00+00:00,65756.0
2019-01-02 11:00:00+00:00,66016.25
2019-01-02 12:00:00+00:00,65282.5
2019-01-02 13:00:00+00:00,64117.5
2019-01-02 14:00:00+00:00,64010.0
2019-01-02 15:00:00+00:00,65227.25
2019-01-02 16:00:00+00:00,68510.25
2019-01-02 17:00:00+00:00,68247.5
2019-01-02 18:00:00+00:00,66478.0
2019-01-02 19:00:00+00:00,62719.75
2019-01-02 20:00:00+00:00,59541.75
2019-01-02 21:00:00+00:00,57643.25
2019-01-02 22:00:00+00:00,53959.25
2019-01-02 23:00:00+00:00,51008.0
2019-01-03 00:00:00+00:00,50046.5
2019-01-03 01:00:00+00:00,49751.5
2019-01-03 02:00:00+00:00,49641.0
2019-01-03 03:00:00+00:00,50417.25
2019-01-03 04:00:00+00:00,53021.75
2019-01-03 05:00:00+00:00,57841.25
2019-01-03 06:00:00+00:00,62218.5
2019-01-03 07:00:00+00:00,64800.5
2019-01-03 08:00:00+00:00,66152.5
2019-01-03 09:00:00+00:00,66815.0
2019-01-03 10:00:00+00:00,67815.5
2019-01-03 11:00:00+00:00,68012.5
2019-01-03 12:00:00+00:00,66870.0
2019-01-03 13:00:00+00:00,65817.5
2019-01-03 14:00:00+00:00,65260.5
2019-01-03 15:00:00+00:00,66578.75
2019-01-03 16:00:00+00:00,69665.5
2019-01-03 17:00:00+00:00,69337.0
2019-01-03 18:00:00+00:00,67354.0
2019-01-03 19:00:00+00:00,63667.0
2019-01-03 20:00:00+00:00,60674.75
2019-01-03 21:00:00+00:00,58432.25
2019-01-03 22:00:00+00:00,55109.25
2019-01-03 23:00:00+00:00,51952.5
2019-01-04 00:00:00+00:00,50064.75
2019-01-04 01:00:00+00:00,49507.5
2019-01-04 02:00:00+00:00,49910.75
2019-01-04 03:00:00+00:00,51006.75
2019-01-04 04:00:00+00:00,53476.5
2019-01-04 05:00:00+00:00,58351.75
2019-01-04 06:00:00+00:00,63758.5
2019-01-04 07:00:00+00:00,66921.0
2019-01-04 08:00:00+00:00,68494.5
2019-01-04 09:00:00+00:00,69278.5
2019-01-04 10:00:00+00:00,69847.5
2019-01-04 11:00:00+00:00,70270.25
2019-01-04 12:00:00+00:00,69058.5
2019-01-04 13:00:00+00:00,67290.0
2019-01-04 14:00:00+00:00,66557.75
2019-01-04 15:00:00+00:00,67897.0
2019-01-04 16:00:00+00:00,70008.75
2019-01-04 17:00:00+00:00,69308.75
2019-01-04 18:00:00+00:00,67292.25
2019-01-04 19:00:00+00:00,63345.5
2019-01-04 20:00:00+00:00,60342.75
2019-01-04 21:00:00+00:00,58484.75
2019-01-04 22:00:00+00:00,54449.5
2019-01-04 23:00:00+00:00,51625.25
2019-01-05 00:00:00+00:00,49262.0
2019-01-05 01:00:00+00:00,47940.25
2019-01-05 02:00:00+00:00,47467.0
2019-01-05 03:00:00+00:00,47544.75
2019-01-05 04:00:00+00:00,47614.0
2019-01-05 05:00:00+00:00,48282.5
2019-01-05 06:00:00+00:00,50760.5
2019-01-05 07:00:00+00:00,54305.5
2019-01-05 08:00:00+00:00,57592.0
2019-01-05 09:00:00+00:00,59711.0
2019-01-05 10:00:00+00:00,60919.75
2019-01-05 11:00:00+00:00,60791.0
2019-01-05 12:00:00+00:00,59516.75
2019-01-05 13:00:00+00:00,58472.5
2019-01-05 14:00:00+00:00,58036.25
2019-01-05 15:00:00+00:00,59074.75
2019-01-05 16:00:00+00:00,61927.5
2019-01-05 17:00:00+00:00,61934.25
2019-01-05 18:00:00+00:00,60093.0
2019-01-05 19:00:00+00:00,56237.5
2019-01-05 20:00:00+00:00,53912.0
2019-01-05 21:00:00+00:00,52895.5
2019-01-05 22:00:00+00:00,49839.5
2019-01-05 23:00:00+00:00,46644.25
2019-01-06 00:00:00+00:00,44544.75
2019-01-06 01:00:00+00:00,43208.0
2019-01-06 02:00:00+00:00,43042.5
2019-01-06 03:00:00+00:00,43028.75
2019-01-06 04:00:00+00:00,42614.0
2019-01-06 05:00:00+00:00,42255.75
2019-01-06 06:00:00+00:00,43350.75
2019-01-06 07:00:00+00:00,45962.0
2019-01-06 08:00:00+00:00,49469.0
2019-01-06 09:00:00+00:00,52442.0
2019-01-06 10:00:00+00:00,55008.75
2019-01-06 11:00:00+00:00,55497.25
2019-01-06 12:00:00+00:00,54103.0
2019-01-06 13:00:00+00:00,53472.75
2019-01-06 14:00:00+00:00,52709.25
2019-01-06 15:00:00+00:00,54462.75
2019-01-06 16:00:00+00:00,58011.25
2019-01-06 17:00:00+00:00,58919.25
2019-01-06 18:00:00+00:00,57341.75
2019-01-06 19:00:00+00:00,54976.5
2019-01-06 20:00:00+00:00,53388.75
2019-01-06 21:00:00+00:00,52721.0
2019-01-06 22:00:00+00:00,49863.75
2019-01-06 23:00:00+00:00,46880.0
2019-01-07 00:00:00+00:00,45258.25
2019-01-07 01:00:00+00:00,44778.75
2019-01-07 02:00:00+00:00,45422.25
2019-01-07 03:00:00+00:00,47302.25
2019-01-07 04:00:00+00:00,51569.25
2019-01-07 05:00:00+00:00,60305.0
2019-01-07 06:00:00+00:00,66740.25
2019-01-07 07:00:00+00:00,69549.0
2019-01-07 08:00:00+00:00,69841.75
2019-01-07 09:00:00+00:00,71109.25
2019-01-07 10:00:00+00:00,72052.25
2019-01-07 11:00:00+00:00,71923.25
2019-01-07 12:00:00+00:00,71849.75
2019-01-07 13:00:00+00:00,71548.25
2019-01-07 14:00:00+00:00,71468.75
2019-01-07 15:00:00+00:00,72522.25
2019-01-07 16:00:00+00:00,74738.5
2019-01-07 17:00:00+00:00,73832.25
2019-01-07 18:00:00+00:00,71895.5
2019-01-07 19:00:00+00:00,68574.25
2019-01-07 20:00:00+00:00,65527.25
2019-01-07 21:00:00+00:00,62293.5
2019-01-07 22:00:00+00:00,58307.25
2019-01-07 23:00:00+00:00,54342.75
2019-01-08 00:00:00+00:00,52541.75
2019-01-08 01:00:00+00:00,51658.75
2019-01-08 02:00:00+00:00,52231.75
2019-01-08 03:00:00+00:00,53853.5
2019-01-08 04:00:00+00:00,57330.0
2019-01-08 05:00:00+00:00,64688.75
2019-01-08 06:00:00+00:00,71017.25
2019-01-08 07:00:00+00:00,73450.5
2019-01-08 08:00:00+00:00,73559.0
2019-01-08 09:00:00+00:00,74189.25
2019-01-08 10:00:00+00:00,74794.5
2019-01-08 11:00:00+00:00,74561.75
2019-01-08 12:00:00+00:00,74364.25
2019-01-08 13:00:00+00:00,73600.5
2019-01-08 14:00:00+00:00,73175.75
2019-01-08 15:00:00+00:00,73941.0
2019-01-08 16:00:00+00:00,75838.5
2019-01-08 17:00:00+00:00,75290.0
2019-01-08 18:00:00+00:00,73503.25
2019-01-08 19:00:00+00:00,69593.75
2019-01-08 20:00:00+00:00,66029.5
2019-01-08 21:00:00+00:00,62940.75
2019-01-08 22:00:00+00:00,59162.0
2019-01-08 23:00:00+00:00,55372.25
2019-01-09 00:00:00+00:00,53542.25
2019-01-09 01:00:00+00:00,52590.25
2019-01-09 02:00:00+00:00,53146.5
2019-01-09 03:00:00+00:00,54758.0
2019-01-09 04:00:00+00:00,57799.25
2019-01-09 05:00:00+00:00,64940.25
2019-01-09 06:00:00+00:00,71410.75
2019-01-09 07:00:00+00:00,74114.0
2019-01-09 08:00:00+00:00,74678.25
2019-01-09 09:00:00+00:00,75513.25
2019-01-09 10:00:00+00:00,76393.5
2019-01-09 11:00:00+00:00,75900.75
2019-01-09 12:00:00+00:00,75566.75
2019-01-09 13:00:00+00:00,74873.0
2019-01-09 14:00:00+00:00,74166.75
2019-01-09 15:00:00+00:00,74594.25
2019-01-09 16:00:00+00:00,76940.0
2019-01-09 17:00:00+00:00,76115.0
2019-01-09 18:00:00+00:00,74170.25
2019-01-09 19:00:00+00:00,70072.5
2019-01-09 20:00:00+00:00,66522.25
2019-01-09 21:00:00+00:00,63496.5
2019-01-09 22:00:00+00:00,58937.5
2019-01-09 23:00:00+00:00,56289.0
2019-01-10 00:00:00+00:00,53924.0
2019-01-10 01:00:00+00:00,52990.5
2019-01-10 02:00:00+00:00,53123.0
2019-01-10 03:00:00+00:00,53828.5
2019-01-10 04:00:00+00:00,56592.25
2019-01-10 05:00:00+00:00,63572.0
2019-01-10 06:00:00+00:00,69607.75
2019-01-10 07:00:00+00:00,72144.0
2019-01-10 08:00:00+00:00,72132.75
2019-01-10 09:00:00+00:00,73066.0
2019-01-10 10:00:00+00:00,73606.5
2019-01-10 11:00:00+00:00,73194.75
2019-01-10 12:00:00+00:00,72751.75
2019-01-10 13:00:00+00:00,71722.25
2019-01-10 14:00:00+00:00,71260.5
2019-01-10 15:00:00+00:00,71609.0
2019-01-10 16:00:00+00:00,74052.25
2019-01-10 17:00:00+00:00,73372.0
2019-01-10 18:00:00+00:00,71630.0
2019-01-10 19:00:00+00:00,67981.5
2019-01-10 20:00:00+00:00,64276.0
2019-01-10 21:00:00+00:00,62144.0
2019-01-10 22:00:00+00:00,58345.75
2019-01-10 23:00:00+00:00,56154.75
2019-01-11 00:00:00+00:00,54064.5
2019-01-11 01:00:00+00:00,53552.5
2019-01-11 02:00:00+00:00,54004.0
2019-01-11 03:00:00+00:00,55371.0
2019-01-11 04:00:00+00:00,58230.0
2019-01-11 05:00:00+00:00,65882.25
2019-01-11 06:00:00+00:00,72238.75
2019-01-11 07:00:00+00:00,74873.0
2019-01-11 08:00:00+00:00,75442.0
2019-01-11 09:00:00+00:00,76100.5
2019-01-11 10:00:00+00:00,76731.0
2019-01-11 11:00:00+00:00,76125.75
2019-01-11 12:00:00+00:00,74858.25
2019-01-11 13:00:00+00:00,73072.25
2019-01-11 14:00:00+00:00,72033.5
2019-01-11 15:00:00+00:00,72451.0
2019-01-11 16:00:00+00:00,74497.0
2019-01-11 17:00:00+00:00,73328.5
2019-01-11 18:00:00+00:00,71433.25
2019-01-11 19:00:00+00:00,67076.0
2019-01-11 20:00:00+00:00,63358.75
2019-01-11 21:00:00+00:00,60957.75
2019-01-11 22:00:00+00:00,57247.75
2019-01-11 23:00:00+00:00,53108.5
2019-01-12 00:00:00+00:00,50644.0
2019-01-12 01:00:00+00:00,48897.0
2019-01-12 02:00:00+00:00,48197.25
2019-01-12 03:00:00+00:00,48590.0
2019-01-12 04:00:00+00:00,48959.25
2019-01-12 05:00:00+00:00,50438.75
2019-01-12 06:00:00+00:00,53617.75
2019-01-12 07:00:00+00:00,57112.25
2019-01-12 08:00:00+00:00,60615.75
2019-01-12 09:00:00+00:00,63117.75
2019-01-12 10:00:00+00:00,64503.5
2019-01-12 11:00:00+00:00,64171.0
2019-01-12 12:00:00+00:00,62528.25
2019-01-12 13:00:00+00:00,61440.25
2019-01-12 14:00:00+00:00,60945.75
2019-01-12 15:00:00+00:00,62024.0
2019-01-12 16:00:00+00:00,64572.25
2019-01-12 17:00:00+00:00,64288.25
2019-01-12 18:00:00+00:00,62197.0
2019-01-12 19:00:00+00:00,58821.5
2019-01-12 20:00:00+00:00,55973.75
2019-01-12 21:00:00+00:00,54754.0
2019-01-12 22:00:00+00:00,52136.5
2019-01-12 23:00:00+00:00,48631.0
2019-01-13 00:00:00+00:00,46459.75
2019-01-13 01:00:00+00:00,45148.0
2019-01-13 02:00:00+00:00,44376.0
2019-01-13 03:00:00+00:00,44239.75
2019-01-13 04:00:00+00:00,43914.0
2019-01-13 05:00:00+00:00,43403.25
2019-01-13 06:00:00+00:00,45517.5
2019-01-13 07:00:00+00:00,49171.25
2019-01-13 08:00:00+00:00,53349.25
2019-01-13 09:00:00+00:00,56529.0
2019-01-13 10:00:00+00:00,59699.25
2019-01-13 11:00:00+00:00,59841.5
2019-01-13 12:00:00+00:00,58765.75
2019-01-13 13:00:00+00:00,57778.75
2019-01-13 14:00:00+00:00,57318.5
2019-01-13 15:00:00+00:00,58352.5
2019-01-13 16:00:00+00:00,61290.75
2019-01-13 17:00:00+00:00,62179.0
2019-01-13 18:00:00+00:00,60646.5
2019-01-13 19:00:00+00:00,57853.5
2019-01-13 20:00:00+00:00,56377.25
2019-01-13 21:00:00+00:00,56072.25
2019-01-13 22:00:00+00:00,53406.25
2019-01-13 23:00:00+00:00,50735.0
2019-01-14 00:00:00+00:00,48555.25
2019-01-14 01:00:00+00:00,47900.0
2019-01-14 02:00:00+00:00,48430.75
2019-01-14 03:00:00+00:00,50193.0
2019-01-14 04:00:00+00:00,54625.75
2019-01-14 05:00:00+00:00,63126.0
2019-01-14 06:00:00+00:00,70083.75
2019-01-14 07:00:00+00:00,72643.25
2019-01-14 08:00:00+00:00,72851.5
2019-01-14 09:00:00+00:00,73191.0
2019-01-14 10:00:00+00:00,73923.0
2019-01-14 11:00:00+00:00,73699.25
2019-01-14 12:00:00+00:00,73679.75
2019-01-14 13:00:00+00:00,73067.75
2019-01-14 14:00:00+00:00,72176.5
2019-01-14 15:00:00+00:00,71863.5
2019-01-14 16:00:00+00:00,75081.0
2019-01-14 17:00:00+00:00,74490.5
2019-01-14 18:00:00+00:00,72582.25
2019-01-14 19:00:00+00:00,68568.25
2019-01-14 20:00:00+00:00,65128.0
2019-01-14 21:00:00+00:00,62093.0
2019-01-14 22:00:00+00:00,57972.25
2019-01-14 23:00:00+00:00,55247.5
2019-01-15 00:00:00+00:00,53487.0
2019-01-15 01:00:00+00:00,52800.5
2019-01-15 02:00:00+00:00,53001.5
2019-01-15 03:00:00+00:00,54095.25
2019-01-15 04:00:00+00:00,57553.0
2019-01-15 05:00:00+00:00,64530.0
2019-01-15 06:00:00+00:00,71171.25
2019-01-15 07:00:00+00:00,73636.25
2019-01-15 08:00:00+00:00,73636.5
2019-01-15 09:00:00+00:00,74559.75
2019-01-15 10:00:00+00:00,74976.25
2019-01-15 11:00:00+00:00,74332.25
2019-01-15 12:00:00+00:00,74173.5
2019-01-15 13:00:00+00:00,73788.75
2019-01-15 14:00:00+00:00,73356.25
2019-01-15 15:00:00+00:00,73354.5
2019-01-15 16:00:00+00:00,75389.0
2019-01-15 17:00:00+00:00,74714.25
2019-01-15 18:00:00+00:00,72983.5
2019-01-15 19:00:00+00:00,69192.25
2019-01-15 20:00:00+00:00,65762.5
2019-01-15 21:00:00+00:00,62786.75
2019-01-15 22:00:00+00:00,58544.0
2019-01-15 23:00:00+00:00,55014.0
2019-01-16 00:00:00+00:00,52838.75
2019-01-16 01:00:00+00:00,51772.25
2019-01-16 02:00:00+00:00,51959.0
2019-01-16 03:00:00+00:00,53467.0
2019-01-16 04:00:00+00:00,56729.75
2019-01-16 05:00:00+00:00,64814.25
2019-01-16 06:00:00+00:00,71820.25
2019-01-16 07:00:00+00:00,74074.75
2019-01-16 08:00:00+00:00,74106.75
2019-01-16 09:00:00+00:00,74873.0
2019-01-16 10:00:00+00:00,75494.75
2019-01-16 11:00:00+00:00,74921.5
2019-01-16 12:00:00+00:00,74780.5
2019-01-16 13:00:00+00:00,73333.25
2019-01-16 14:00:00+00:00,72869.75
2019-01-16 15:00:00+00:00,72828.5
2019-01-16 16:00:00+00:00,75758.75
2019-01-16 17:00:00+00:00,75267.0
2019-01-16 18:00:00+00:00,73562.0
2019-01-16 19:00:00+00:00,69290.25
2019-01-16 20:00:00+00:00,65802.0
2019-01-16 21:00:00+00:00,62842.25
2019-01-16 22:00:00+00:00,59021.75
2019-01-16 23:00:00+00:00,56023.0
2019-01-17 00:00:00+00:00,54092.0
2019-01-17 01:00:00+00:00,52880.75
2019-01-17 02:00:00+00:00,52887.25
2019-01-17 03:00:00+00:00,54526.25
2019-01-17 04:00:00+00:00,57758.25
2019-01-17 05:00:00+00:00,65348.5
2019-01-17 06:00:00+00:00,72285.75
2019-01-17 07:00:00+00:00,74624.0
2019-01-17 08:00:00+00:00,74489.0
2019-01-17 09:00:00+00:00,75056.0
2019-01-17 10:00:00+00:00,76032.25
2019-01-17 11:00:00+00:00,75965.0
2019-01-17 12:00:00+00:00,75556.25
2019-01-17 13:00:00+00:00,74640.75
2019-01-17 14:00:00+00:00,73697.75
2019-01-17 15:00:00+00:00,73411.5
2019-01-17 16:00:00+00:00,76173.0
2019-01-17 17:00:00+00:00,76154.5
2019-01-17 18:00:00+00:00,74066.5
2019-01-17 19:00:00+00:00,70442.5
2019-01-17 20:00:00+00:00,66494.5
2019-01-17 21:00:00+00:00,63293.5
2019-01-17 22:00:00+00:00,58995.25
2019-01-17 23:00:00+00:00,56387.0
2019-01-18 00:00:00+00:00,54035.5
2019-01-18 01:00:00+00:00,52701.5
2019-01-18 02:00:00+00:00,53003.75
2019-01-18 03:00:00+00:00,54331.0
2019-01-18 04:00:00+00:00,57047.0
2019-01-18 05:00:00+00:00,64263.0
2019-01-18 06:00:00+00:00,70588.5
2019-01-18 07:00:00+00:00,72813.0
2019-01-18 08:00:00+00:00,72591.25
2019-01-18 09:00:00+00:00,72374.75
2019-01-18 10:00:00+00:00,72591.0
2019-01-18 11:00:00+00:00,71712.0
2019-01-18 12:00:00+00:00,70314.5
2019-01-18 13:00:00+00:00,69141.5
2019-01-18 14:00:00+00:00,68358.0
2019-01-18 15:00:00+00:00,68717.0
2019-01-18 16:00:00+00:00,72114.0
2019-01-18 17:00:00+00:00,71874.25
2019-01-18 18:00:00+00:00,69861.75
2019-01-18 19:00:00+00:00,65833.0
2019-01-18 20:00:00+00:00,62809.5
2019-01-18 21:00:00+00:00,60454.5
2019-01-18 22:00:00+00:00,57746.75
2019-01-18 23:00:00+00:00,55144.25
2019-01-19 00:00:00+00:00,52974.25
2019-01-19 01:00:00+00:00,51509.25
2019-01-19 02:00:00+00:00,50794.5
2019-01-19 03:00:00+00:00,50551.0
2019-01-19 04:00:00+00:00,50368.5
2019-01-19 05:00:00+00:00,51014.0
2019-01-19 06:00:00+00:00,53741.75
2019-01-19 07:00:00+00:00,57327.0
2019-01-19 08:00:00+00:00,60261.75
2019-01-19 09:00:00+00:00,61820.75
2019-01-19 10:00:00+00:00,62263.5
2019-01-19 11:00:00+00:00,61218.5
2019-01-19 12:00:00+00:00,59174.75
2019-01-19 13:00:00+00:00,57660.25
2019-01-19 14:00:00+00:00,57492.75
2019-01-19 15:00:00+00:00,58693.0
2019-01-19 16:00:00+00:00,62977.5
2019-01-19 17:00:00+00:00,63635.0
2019-01-19 18:00:00+00:00,61751.0
2019-01-19 19:00:00+00:00,58073.5
2019-01-19 20:00:00+00:00,55799.25
2019-01-19 21:00:00+00:00,55118.75
2019-01-19 22:00:00+00:00,53054.25
2019-01-19 23:00:00+00:00,50636.25
2019-01-20 00:00:00+00:00,48697.25
2019-01-20 01:00:00+00:00,47598.0
2019-01-20 02:00:00+00:00,47006.0
2019-01-20 03:00:00+00:00,46615.25
2019-01-20 04:00:00+00:00,46194.0
2019-01-20 05:00:00+00:00,45522.25
2019-01-20 06:00:00+00:00,47243.75
2019-01-20 07:00:00+00:00,50512.25
2019-01-20 08:00:00+00:00,53892.5
2019-01-20 09:00:00+00:00,55741.0
2019-01-20 10:00:00+00:00,57435.0
2019-01-20 11:00:00+00:00,57191.0
2019-01-20 12:00:00+00:00,55503.25
2019-01-20 13:00:00+00:00,54071.25
2019-01-20 14:00:00+00:00,53763.75
2019-01-20 15:00:00+00:00,55077.75
2019-01-20 16:00:00+00:00,59647.5
2019-01-20 17:00:00+00:00,61474.75
2019-01-20 18:00:00+00:00,60299.25
2019-01-20 19:00:00+00:00,57812.25
2019-01-20 20:00:00+00:00,56373.0
2019-01-20 21:00:00+00:00,56834.5
2019-01-20 22:00:00+00:00,54721.0
2019-01-20 23:00:00+00:00,53016.0
2019-01-21 00:00:00+00:00,51334.5
2019-01-21 01:00:00+00:00,50631.0
2019-01-21 02:00:00+00:00,50935.0
2019-01-21 03:00:00+00:00,52636.25
2019-01-21 04:00:00+00:00,56705.5
2019-01-21 05:00:00+00:00,65138.5
2019-01-21 06:00:00+00:00,72031.25
2019-01-21 07:00:00+00:00,74066.0
2019-01-21 08:00:00+00:00,74096.75
2019-01-21 09:00:00+00:00,74121.25
2019-01-21 10:00:00+00:00,74500.5
2019-01-21 11:00:00+00:00,73791.25
2019-01-21 12:00:00+00:00,73292.75
2019-01-21 13:00:00+00:00,72253.25
2019-01-21 14:00:00+00:00,71701.0
2019-01-21 15:00:00+00:00,71880.75
2019-01-21 16:00:00+00:00,75690.0
2019-01-21 17:00:00+00:00,75967.0
2019-01-21 18:00:00+00:00,74213.5
2019-01-21 19:00:00+00:00,70517.25
2019-01-21 20:00:00+00:00,67148.5
2019-01-21 21:00:00+00:00,64590.0
2019-01-21 22:00:00+00:00,60611.0
2019-01-21 23:00:00+00:00,57873.5
2019-01-22 00:00:00+00:00,56271.25
2019-01-22 01:00:00+00:00,55217.0
2019-01-22 02:00:00+00:00,55047.75
2019-01-22 03:00:00+00:00,56205.75
2019-01-22 04:00:00+00:00,59425.25
2019-01-22 05:00:00+00:00,66913.5
2019-01-22 06:00:00+00:00,73554.75
2019-01-22 07:00:00+00:00,75904.5
2019-01-22 08:00:00+00:00,76120.0
2019-01-22 09:00:00+00:00,76397.75
2019-01-22 10:00:00+00:00,76769.0
2019-01-22 11:00:00+00:00,76131.0
2019-01-22 12:00:00+00:00,75564.5
2019-01-22 13:00:00+00:00,74984.0
2019-01-22 14:00:00+00:00,74327.25
2019-01-22 15:00:00+00:00,74145.75
2019-01-22 16:00:00+00:00,77184.5
2019-01-22 17:00:00+00:00,77040.0
2019-01-22 18:00:00+00:00,75441.25
2019-01-22 19:00:00+00:00,71333.0
2019-01-22 20:00:00+00:00,67638.25
2019-01-22 21:00:00+00:00,64866.0
2019-01-22 22:00:00+00:00,61095.25
2019-01-22 23:00:00+00:00,58651.5
2019-01-23 00:00:00+00:00,56622.25
2019-01-23 01:00:00+00:00,55840.0
2019-01-23 02:00:00+00:00,55880.0
2019-01-23 03:00:00+00:00,56689.0
2019-01-23 04:00:00+00:00,59679.25
2019-01-23 05:00:00+00:00,66727.0
2019-01-23 06:00:00+00:00,73568.0
2019-01-23 07:00:00+00:00,75516.0
2019-01-23 08:00:00+00:00,75722.75
2019-01-23 09:00:00+00:00,76029.5
2019-01-23 10:00:00+00:00,76218.25
2019-01-23 11:00:00+00:00,75666.0
2019-01-23 12:00:00+00:00,75107.0
2019-01-23 13:00:00+00:00,74232.75
2019-01-23 14:00:00+00:00,73493.75
2019-01-23 15:00:00+00:00,73387.5
2019-01-23 16:00:00+00:00,76218.5
2019-01-23 17:00:00+00:00,76328.0
2019-01-23 18:00:00+00:00,74568.5
2019-01-23 19:00:00+00:00,70666.0
2019-01-23 20:00:00+00:00,67324.0
2019-01-23 21:00:00+00:00,64928.0
2019-01-23 22:00:00+00:00,60884.0
2019-01-23 23:00:00+00:00,58611.5
2019-01-24 00:00:00+00:00,56547.0
2019-01-24 01:00:00+00:00,54880.75
2019-01-24 02:00:00+00:00,54830.5
2019-01-24 03:00:00+00:00,55476.75
2019-01-24 04:00:00+00:00,58404.5
2019-01-24 05:00:00+00:00,65178.25
2019-01-24 06:00:00+00:00,71712.75
2019-01-24 07:00:00+00:00,74250.25
2019-01-24 08:00:00+00:00,74766.0
2019-01-24 09:00:00+00:00,75593.25
2019-01-24 10:00:00+00:00,76033.25
2019-01-24 11:00:00+00:00,75380.0
2019-01-24 12:00:00+00:00,75083.75
2019-01-24 13:00:00+00:00,74210.5
2019-01-24 14:00:00+00:00,74099.0
2019-01-24 15:00:00+00:00,73670.25
2019-01-24 16:00:00+00:00,76026.75
2019-01-24 17:00:00+00:00,75628.0
2019-01-24 18:00:00+00:00,73856.5
2019-01-24 19:00:00+00:00,69842.5
2019-01-24 20:00:00+00:00,66446.0
2019-01-24 21:00:00+00:00,63809.0
2019-01-24 22:00:00+00:00,60084.25
2019-01-24 23:00:00+00:00,57770.25
2019-01-25 00:00:00+00:00,55983.25
2019-01-25 01:00:00+00:00,55108.5
2019-01-25 02:00:00+00:00,54911.75
2019-01-25 03:00:00+00:00,56041.0
2019-01-25 04:00:00+00:00,59071.5
2019-01-25 05:00:00+00:00,65883.5
2019-01-25 06:00:00+00:00,72406.75
2019-01-25 07:00:00+00:00,74781.5
2019-01-25 08:00:00+00:00,75263.75
2019-01-25 09:00:00+00:00,75675.75
2019-01-25 10:00:00+00:00,75870.0
2019-01-25 11:00:00+00:00,75005.5
2019-01-25 12:00:00+00:00,73552.75
2019-01-25 13:00:00+00:00,72316.5
2019-01-25 14:00:00+00:00,71404.0
2019-01-25 15:00:00+00:00,71560.25
2019-01-25 16:00:00+00:00,74442.5
2019-01-25 17:00:00+00:00,74541.0
2019-01-25 18:00:00+00:00,72840.5
2019-01-25 19:00:00+00:00,68910.25
2019-01-25 20:00:00+00:00,66072.0
2019-01-25 21:00:00+00:00,64169.25
2019-01-25 22:00:00+00:00,60697.0
2019-01-25 23:00:00+00:00,57941.5
2019-01-26 00:00:00+00:00,55350.25
2019-01-26 01:00:00+00:00,53796.25
2019-01-26 02:00:00+00:00,52912.75
2019-01-26 03:00:00+00:00,52618.0
2019-01-26 04:00:00+00:00,52372.0
2019-01-26 05:00:00+00:00,53111.25
2019-01-26 06:00:00+00:00,56138.75
2019-01-26 07:00:00+00:00,59898.5
2019-01-26 08:00:00+00:00,62967.5
2019-01-26 09:00:00+00:00,64832.5
2019-01-26 10:00:00+00:00,65472.25
2019-01-26 11:00:00+00:00,64899.75
2019-01-26 12:00:00+00:00,62880.25
2019-01-26 13:00:00+00:00,61474.25
2019-01-26 14:00:00+00:00,60830.25
2019-01-26 15:00:00+00:00,61002.0
2019-01-26 16:00:00+00:00,64116.75
2019-01-26 17:00:00+00:00,64805.0
2019-01-26 18:00:00+00:00,62656.25
2019-01-26 19:00:00+00:00,58924.75
2019-01-26 20:00:00+00:00,57022.5
2019-01-26 21:00:00+00:00,55930.75
2019-01-26 22:00:00+00:00,52893.5
2019-01-26 23:00:00+00:00,50109.25
2019-01-27 00:00:00+00:00,48092.25
2019-01-27 01:00:00+00:00,46628.5
2019-01-27 02:00:00+00:00,46289.0
2019-01-27 03:00:00+00:00,46273.75
2019-01-27 04:00:00+00:00,45902.5
2019-01-27 05:00:00+00:00,45108.5
2019-01-27 06:00:00+00:00,47364.75
2019-01-27 07:00:00+00:00,50038.25
2019-01-27 08:00:00+00:00,53595.5
2019-01-27 09:00:00+00:00,56182.5
2019-01-27 10:00:00+00:00,58740.5
2019-01-27 11:00:00+00:00,58659.0
2019-01-27 12:00:00+00:00,56171.0
2019-01-27 13:00:00+00:00,54708.0
2019-01-27 14:00:00+00:00,54046.0
2019-01-27 15:00:00+00:00,54792.0
2019-01-27 16:00:00+00:00,58818.5
2019-01-27 17:00:00+00:00,60501.75
2019-01-27 18:00:00+00:00,59609.5
2019-01-27 19:00:00+00:00,57344.25
2019-01-27 20:00:00+00:00,55862.75
2019-01-27 21:00:00+00:00,56070.0
2019-01-27 22:00:00+00:00,53118.0
2019-01-27 23:00:00+00:00,50832.25
2019-01-28 00:00:00+00:00,49138.0
2019-01-28 01:00:00+00:00,48690.0
2019-01-28 02:00:00+00:00,49164.5
2019-01-28 03:00:00+00:00,50952.25
2019-01-28 04:00:00+00:00,54596.75
2019-01-28 05:00:00+00:00,63431.75
2019-01-28 06:00:00+00:00,70458.5
2019-01-28 07:00:00+00:00,72956.25
2019-01-28 08:00:00+00:00,73928.75
2019-01-28 09:00:00+00:00,74692.75
2019-01-28 10:00:00+00:00,75360.25
2019-01-28 11:00:00+00:00,75311.5
2019-01-28 12:00:00+00:00,75046.25
2019-01-28 13:00:00+00:00,74287.75
2019-01-28 14:00:00+00:00,73716.0
2019-01-28 15:00:00+00:00,73299.25
2019-01-28 16:00:00+00:00,75380.0
2019-01-28 17:00:00+00:00,75276.5
2019-01-28 18:00:00+00:00,73049.25
2019-01-28 19:00:00+00:00,69157.25
2019-01-28 20:00:00+00:00,65713.25
2019-01-28 21:00:00+00:00,63164.5
2019-01-28 22:00:00+00:00,59010.25
2019-01-28 23:00:00+00:00,55798.75
2019-01-29 00:00:00+00:00,54033.25
2019-01-29 01:00:00+00:00,53130.25
2019-01-29 02:00:00+00:00,53596.5
2019-01-29 03:00:00+00:00,54792.5
2019-01-29 04:00:00+00:00,58462.5
2019-01-29 05:00:00+00:00,66024.25
2019-01-29 06:00:00+00:00,71910.75
2019-01-29 07:00:00+00:00,73884.75
2019-01-29 08:00:00+00:00,74122.5
2019-01-29 09:00:00+00:00,74196.5
2019-01-29 10:00:00+00:00,74626.0
2019-01-29 11:00:00+00:00,73718.5
2019-01-29 12:00:00+00:00,73129.75
2019-01-29 13:00:00+00:00,71980.75
2019-01-29 14:00:00+00:00,71305.5
2019-01-29 15:00:00+00:00,70365.25
2019-01-29 16:00:00+00:00,73459.5
2019-01-29 17:00:00+00:00,74610.0
2019-01-29 18:00:00+00:00,72827.25
2019-01-29 19:00:00+00:00,69382.25
2019-01-29 20:00:00+00:00,65656.0
2019-01-29 21:00:00+00:00,63150.75
2019-01-29 22:00:00+00:00,59168.5
2019-01-29 23:00:00+00:00,56670.25
2019-01-30 00:00:00+00:00,55131.5
2019-01-30 01:00:00+00:00,54123.25
2019-01-30 02:00:00+00:00,54166.0
2019-01-30 03:00:00+00:00,55270.75
2019-01-30 04:00:00+00:00,58900.0
2019-01-30 05:00:00+00:00,66154.5
2019-01-30 06:00:00+00:00,71562.5
2019-01-30 07:00:00+00:00,73128.25
2019-01-30 08:00:00+00:00,73135.5
2019-01-30 09:00:00+00:00,75219.25
2019-01-30 10:00:00+00:00,75971.25
2019-01-30 11:00:00+00:00,75362.0
2019-01-30 12:00:00+00:00,75173.5
2019-01-30 13:00:00+00:00,74031.75
2019-01-30 14:00:00+00:00,72830.5
2019-01-30 15:00:00+00:00,72222.0
2019-01-30 16:00:00+00:00,74767.25
2019-01-30 17:00:00+00:00,75184.5
2019-01-30 18:00:00+00:00,73514.5
2019-01-30 19:00:00+00:00,69774.75
2019-01-30 20:00:00+00:00,66272.25
2019-01-30 21:00:00+00:00,63840.75
2019-01-30 22:00:00+00:00,59917.25
2019-01-30 23:00:00+00:00,57036.25
2019-01-31 00:00:00+00:00,55231.0
2019-01-31 01:00:00+00:00,54225.5
2019-01-31 02:00:00+00:00,54271.75
2019-01-31 03:00:00+00:00,55358.75
2019-01-31 04:00:00+00:00,58298.5
2019-01-31 05:00:00+00:00,64894.75
2019-01-31 06:00:00+00:00,70905.0
2019-01-31 07:00:00+00:00,72759.75
2019-01-31 08:00:00+00:00,72780.5
2019-01-31 09:00:00+00:00,73538.0
2019-01-31 10:00:00+00:00,73790.0
2019-01-31 11:00:00+00:00,72975.0
2019-01-31 12:00:00+00:00,72205.0
2019-01-31 13:00:00+00:00,71094.0
2019-01-31 14:00:00+00:00,70300.5
2019-01-31 15:00:00+00:00,69990.25
2019-01-31 16:00:00+00:00,73209.75
2019-01-31 17:00:00+00:00,74084.25
2019-01-31 18:00:00+00:00,72655.75
2019-01-31 19:00:00+00:00,69314.25
2019-01-31 20:00:00+00:00,66091.5
2019-01-31 21:00:00+00:00,64034.5
2019-01-31 22:00:00+00:00,60462.75
2019-01-31 23:00:00+00:00,57801.0
2019-02-01 00:00:00+00:00,56070.25
2019-02-01 01:00:00+00:00,55478.75
2019-02-01 02:00:00+00:00,55525.5
2019-02-01 03:00:00+00:00,56348.5
2019-02-01 04:00:00+00:00,59579.75
2019-02-01 05:00:00+00:00,66359.75
2019-02-01 06:00:00+00:00,72294.0
2019-02-01 07:00:00+00:00,74202.5
2019-02-01 08:00:00+00:00,74922.25
2019-02-01 09:00:00+00:00,75488.75
2019-02-01 10:00:00+00:00,75631.75
2019-02-01 11:00:00+00:00,74650.0
2019-02-01 12:00:00+00:00,73031.25
2019-02-01 13:00:00+00:00,71257.5
2019-02-01 14:00:00+00:00,70066.5
2019-02-01 15:00:00+00:00,69572.0
2019-02-01 16:00:00+00:00,71960.25
2019-02-01 17:00:00+00:00,72562.75
2019-02-01 18:00:00+00:00,70659.5
2019-02-01 19:00:00+00:00,66629.25
2019-02-01 20:00:00+00:00,62658.25
2019-02-01 21:00:00+00:00,60473.75
2019-02-01 22:00:00+00:00,56535.75
2019-02-01 23:00:00+00:00,54064.0
2019-02-02 00:00:00+00:00,52145.75
2019-02-02 01:00:00+00:00,50538.25
2019-02-02 02:00:00+00:00,50445.5
2019-02-02 03:00:00+00:00,50332.5
2019-02-02 04:00:00+00:00,50317.25
2019-02-02 05:00:00+00:00,51011.0
2019-02-02 06:00:00+00:00,54198.5
2019-02-02 07:00:00+00:00,57873.25
2019-02-02 08:00:00+00:00,60922.5
2019-02-02 09:00:00+00:00,62699.25
2019-02-02 10:00:00+00:00,63509.75
2019-02-02 11:00:00+00:00,62615.75
2019-02-02 12:00:00+00:00,60513.25
2019-02-02 13:00:00+00:00,59479.5
2019-02-02 14:00:00+00:00,58938.25
2019-02-02 15:00:00+00:00,59152.25
2019-02-02 16:00:00+00:00,62209.0
2019-02-02 17:00:00+00:00,63834.5
2019-02-02 18:00:00+00:00,61742.0
2019-02-02 19:00:00+00:00,58161.0
2019-02-02 20:00:00+00:00,55666.25
2019-02-02 21:00:00+00:00,55060.5
2019-02-02 22:00:00+00:00,52872.0
2019-02-02 23:00:00+00:00,50383.5
2019-02-03 00:00:00+00:00,48304.25
2019-02-03 01:00:00+00:00,46857.75
2019-02-03 02:00:00+00:00,46055.0
2019-02-03 03:00:00+00:00,46439.75
2019-02-03 04:00:00+00:00,46155.75
2019-02-03 05:00:00+00:00,45728.0
2019-02-03 06:00:00+00:00,47134.75
2019-02-03 07:00:00+00:00,50650.25
2019-02-03 08:00:00+00:00,54487.25
2019-02-03 09:00:00+00:00,56998.75
2019-02-03 10:00:00+00:00,58857.25
2019-02-03 11:00:00+00:00,58668.0
2019-02-03 12:00:00+00:00,56805.25
2019-02-03 13:00:00+00:00,55582.75
2019-02-03 14:00:00+00:00,54854.25
2019-02-03 15:00:00+00:00,55296.5
2019-02-03 16:00:00+00:00,58553.25
2019-02-03 17:00:00+00:00,61833.75
2019-02-03 18:00:00+00:00,60816.5
2019-02-03 19:00:00+00:00,58095.75
2019-02-03 20:00:00+00:00,56415.75
2019-02-03 21:00:00+00:00,56623.0
2019-02-03 22:00:00+00:00,54253.25
2019-02-03 23:00:00+00:00,52095.5
2019-02-04 00:00:00+00:00,50588.5
2019-02-04 01:00:00+00:00,50018.75
2019-02-04 02:00:00+00:00,50049.75
2019-02-04 03:00:00+00:00,51775.25
2019-02-04 04:00:00+00:00,55974.75
2019-02-04 05:00:00+00:00,63957.0
2019-02-04 06:00:00+00:00,70861.0
2019-02-04 07:00:00+00:00,72816.25
2019-02-04 08:00:00+00:00,72921.25
2019-02-04 09:00:00+00:00,73381.25
2019-02-04 10:00:00+00:00,73785.75
2019-02-04 11:00:00+00:00,72864.0
2019-02-04 12:00:00+00:00,72413.0
2019-02-04 13:00:00+00:00,71565.5
2019-02-04 14:00:00+00:00,71318.25
2019-02-04 15:00:00+00:00,71192.5
2019-02-04 16:00:00+00:00,74136.25
2019-02-04 17:00:00+00:00,76001.25
2019-02-04 18:00:00+00:00,74482.0
2019-02-04 19:00:00+00:00,70358.25
2019-02-04 20:00:00+00:00,66562.25
2019-02-04 21:00:00+00:00,64127.75
2019-02-04 22:00:00+00:00,60439.5
2019-02-04 23:00:00+00:00,57340.5
2019-02-05 00:00:00+00:00,55159.0
2019-02-05 01:00:00+00:00,54043.0
2019-02-05 02:00:00+00:00,54295.5
2019-02-05 03:00:00+00:00,55604.0
2019-02-05 04:00:00+00:00,58749.0
2019-02-05 05:00:00+00:00,66041.25
2019-02-05 06:00:00+00:00,72132.0
2019-02-05 07:00:00+00:00,74108.25
2019-02-05 08:00:00+00:00,74226.75
2019-02-05 09:00:00+00:00,74589.0
2019-02-05 10:00:00+00:00,75139.5
2019-02-05 11:00:00+00:00,74666.5
2019-02-05 12:00:00+00:00,73951.5
2019-02-05 13:00:00+00:00,72730.5
2019-02-05 14:00:00+00:00,71686.5
2019-02-05 15:00:00+00:00,70784.5
2019-02-05 16:00:00+00:00,73722.75
2019-02-05 17:00:00+00:00,75359.5
2019-02-05 18:00:00+00:00,73858.75
2019-02-05 19:00:00+00:00,70189.5
2019-02-05 20:00:00+00:00,66868.0
2019-02-05 21:00:00+00:00,63909.5
2019-02-05 22:00:00+00:00,60267.5
2019-02-05 23:00:00+00:00,57295.75
2019-02-06 00:00:00+00:00,55030.25
2019-02-06 01:00:00+00:00,54133.25
2019-02-06 02:00:00+00:00,54856.5
2019-02-06 03:00:00+00:00,56264.75
2019-02-06 04:00:00+00:00,59924.25
2019-02-06 05:00:00+00:00,66759.0
2019-02-06 06:00:00+00:00,72590.75
2019-02-06 07:00:00+00:00,74051.0
2019-02-06 08:00:00+00:00,74108.25
2019-02-06 09:00:00+00:00,74350.25
2019-02-06 10:00:00+00:00,74608.0
2019-02-06 11:00:00+00:00,74150.75
2019-02-06 12:00:00+00:00,73357.75
2019-02-06 13:00:00+00:00,72079.5
2019-02-06 14:00:00+00:00,70925.0
2019-02-06 15:00:00+00:00,70283.75
2019-02-06 16:00:00+00:00,73103.25
2019-02-06 17:00:00+00:00,74948.25
2019-02-06 18:00:00+00:00,73559.25
2019-02-06 19:00:00+00:00,69671.5
2019-02-06 20:00:00+00:00,65943.75
2019-02-06 21:00:00+00:00,63129.0
2019-02-06 22:00:00+00:00,59759.5
2019-02-06 23:00:00+00:00,55620.5
2019-02-07 00:00:00+00:00,53492.5
2019-02-07 01:00:00+00:00,52341.5
2019-02-07 02:00:00+00:00,53123.5
2019-02-07 03:00:00+00:00,54611.5
2019-02-07 04:00:00+00:00,58356.25
2019-02-07 05:00:00+00:00,65952.75
2019-02-07 06:00:00+00:00,72211.75
2019-02-07 07:00:00+00:00,74605.75
2019-02-07 08:00:00+00:00,75333.0
2019-02-07 09:00:00+00:00,75961.0
2019-02-07 10:00:00+00:00,76700.5
2019-02-07 11:00:00+00:00,76191.5
2019-02-07 12:00:00+00:00,75610.75
2019-02-07 13:00:00+00:00,74506.0
2019-02-07 14:00:00+00:00,73182.25
2019-02-07 15:00:00+00:00,72154.0
2019-02-07 16:00:00+00:00,74190.25
2019-02-07 17:00:00+00:00,75865.25
2019-02-07 18:00:00+00:00,73986.0
2019-02-07 19:00:00+00:00,70178.0
2019-02-07 20:00:00+00:00,66678.25
2019-02-07 21:00:00+00:00,64126.75
2019-02-07 22:00:00+00:00,59822.5
2019-02-07 23:00:00+00:00,56685.25
2019-02-08 00:00:00+00:00,54626.5
2019-02-08 01:00:00+00:00,53709.25
2019-02-08 02:00:00+00:00,53732.75
2019-02-08 03:00:00+00:00,54874.0
2019-02-08 04:00:00+00:00,58369.25
2019-02-08 05:00:00+00:00,65727.75
2019-02-08 06:00:00+00:00,72008.0
2019-02-08 07:00:00+00:00,73657.75
2019-02-08 08:00:00+00:00,73636.0
2019-02-08 09:00:00+00:00,73851.5
2019-02-08 10:00:00+00:00,74054.0
2019-02-08 11:00:00+00:00,73127.25
2019-02-08 12:00:00+00:00,71477.5
2019-02-08 13:00:00+00:00,70121.5
2019-02-08 14:00:00+00:00,69765.75
2019-02-08 15:00:00+00:00,69579.5
2019-02-08 16:00:00+00:00,72114.25
2019-02-08 17:00:00+00:00,73166.5
2019-02-08 18:00:00+00:00,71270.0
2019-02-08 19:00:00+00:00,67517.0
2019-02-08 20:00:00+00:00,63777.5
2019-02-08 21:00:00+00:00,61619.75
2019-02-08 22:00:00+00:00,58089.75
2019-02-08 23:00:00+00:00,54445.25
2019-02-09 00:00:00+00:00,52152.0
2019-02-09 01:00:00+00:00,50675.0
2019-02-09 02:00:00+00:00,50420.75
2019-02-09 03:00:00+00:00,50537.75
2019-02-09 04:00:00+00:00,50448.75
2019-02-09 05:00:00+00:00,51312.0
2019-02-09 06:00:00+00:00,54582.25
2019-02-09 07:00:00+00:00,58551.0
2019-02-09 08:00:00+00:00,61319.75
2019-02-09 09:00:00+00:00,62886.25
2019-02-09 10:00:00+00:00,64199.25
2019-02-09 11:00:00+00:00,63010.0
2019-02-09 12:00:00+00:00,61327.75
2019-02-09 13:00:00+00:00,59586.5
2019-02-09 14:00:00+00:00,59161.0
2019-02-09 15:00:00+00:00,58782.0
2019-02-09 16:00:00+00:00,61570.5
2019-02-09 17:00:00+00:00,64024.25
2019-02-09 18:00:00+00:00,61619.75
2019-02-09 19:00:00+00:00,57907.25
2019-02-09 20:00:00+00:00,55309.25
2019-02-09 21:00:00+00:00,53934.75
2019-02-09 22:00:00+00:00,50924.75
2019-02-09 23:00:00+00:00,46741.25
2019-02-10 00:00:00+00:00,44372.75
2019-02-10 01:00:00+00:00,44386.5
2019-02-10 02:00:00+00:00,44365.0
2019-02-10 03:00:00+00:00,44787.75
2019-02-10 04:00:00+00:00,44546.75
2019-02-10 05:00:00+00:00,44299.75
2019-02-10 06:00:00+00:00,46218.75
2019-02-10 07:00:00+00:00,49473.5
2019-02-10 08:00:00+00:00,52942.0
2019-02-10 09:00:00+00:00,55399.5
2019-02-10 10:00:00+00:00,57781.75
2019-02-10 11:00:00+00:00,57656.25
2019-02-10 12:00:00+00:00,55543.25
2019-02-10 13:00:00+00:00,54132.25
2019-02-10 14:00:00+00:00,54072.25
2019-02-10 15:00:00+00:00,54488.0
2019-02-10 16:00:00+00:00,57613.5
2019-02-10 17:00:00+00:00,60437.25
2019-02-10 18:00:00+00:00,59607.0
2019-02-10 19:00:00+00:00,57208.5
2019-02-10 20:00:00+00:00,55673.75
2019-02-10 21:00:00+00:00,55408.25
2019-02-10 22:00:00+00:00,52136.5
2019-02-10 23:00:00+00:00,50217.5
2019-02-11 00:00:00+00:00,48839.5
2019-02-11 01:00:00+00:00,48341.0
2019-02-11 02:00:00+00:00,49156.75
2019-02-11 03:00:00+00:00,51168.0
2019-02-11 04:00:00+00:00,55324.5
2019-02-11 05:00:00+00:00,63463.25
2019-02-11 06:00:00+00:00,70149.75
2019-02-11 07:00:00+00:00,72727.25
2019-02-11 08:00:00+00:00,73385.25
2019-02-11 09:00:00+00:00,74104.25
2019-02-11 10:00:00+00:00,75315.0
2019-02-11 11:00:00+00:00,74454.0
2019-02-11 12:00:00+00:00,73643.0
2019-02-11 13:00:00+00:00,72585.25
2019-02-11 14:00:00+00:00,71507.25
2019-02-11 15:00:00+00:00,70223.75
2019-02-11 16:00:00+00:00,72074.75
2019-02-11 17:00:00+00:00,74208.75
2019-02-11 18:00:00+00:00,72875.75
2019-02-11 19:00:00+00:00,68875.5
2019-02-11 20:00:00+00:00,65341.25
2019-02-11 21:00:00+00:00,62325.25
2019-02-11 22:00:00+00:00,58344.25
2019-02-11 23:00:00+00:00,55266.5
2019-02-12 00:00:00+00:00,53482.25
2019-02-12 01:00:00+00:00,52391.5
2019-02-12 02:00:00+00:00,52839.25
2019-02-12 03:00:00+00:00,53988.0
2019-02-12 04:00:00+00:00,57174.5
2019-02-12 05:00:00+00:00,64716.75
2019-02-12 06:00:00+00:00,70262.75
2019-02-12 07:00:00+00:00,72166.5
2019-02-12 08:00:00+00:00,72295.0
2019-02-12 09:00:00+00:00,73087.0
2019-02-12 10:00:00+00:00,74497.0
2019-02-12 11:00:00+00:00,74074.25
2019-02-12 12:00:00+00:00,73155.25
2019-02-12 13:00:00+00:00,71812.5
2019-02-12 14:00:00+00:00,70581.0
2019-02-12 15:00:00+00:00,69490.25
2019-02-12 16:00:00+00:00,71604.0
2019-02-12 17:00:00+00:00,74337.5
2019-02-12 18:00:00+00:00,72691.25
2019-02-12 19:00:00+00:00,68866.75
2019-02-12 20:00:00+00:00,65614.75
2019-02-12 21:00:00+00:00,63258.5
2019-02-12 22:00:00+00:00,59311.75
2019-02-12 23:00:00+00:00,55971.0
2019-02-13 00:00:00+00:00,54263.75
2019-02-13 01:00:00+00:00,53690.25
2019-02-13 02:00:00+00:00,54089.0
2019-02-13 03:00:00+00:00,55195.75
2019-02-13 04:00:00+00:00,58378.0
2019-02-13 05:00:00+00:00,66299.5
2019-02-13 06:00:00+00:00,71783.25
2019-02-13 07:00:00+00:00,73233.75
2019-02-13 08:00:00+00:00,73451.25
2019-02-13 09:00:00+00:00,73703.75
2019-02-13 10:00:00+00:00,73795.75
2019-02-13 11:00:00+00:00,72808.75
2019-02-13 12:00:00+00:00,72132.25
2019-02-13 13:00:00+00:00,70924.0
2019-02-13 14:00:00+00:00,70188.25
2019-02-13 15:00:00+00:00,69628.75
2019-02-13 16:00:00+00:00,71852.0
2019-02-13 17:00:00+00:00,74548.5
2019-02-13 18:00:00+00:00,72962.25
2019-02-13 19:00:00+00:00,68951.75
2019-02-13 20:00:00+00:00,65755.5
2019-02-13 21:00:00+00:00,62768.5
2019-02-13 22:00:00+00:00,58651.5
2019-02-13 23:00:00+00:00,55554.25
2019-02-14 00:00:00+00:00,53616.25
2019-02-14 01:00:00+00:00,52638.0
2019-02-14 02:00:00+00:00,52960.0
2019-02-14 03:00:00+00:00,54574.25
2019-02-14 04:00:00+00:00,58393.5
2019-02-14 05:00:00+00:00,65599.0
2019-02-14 06:00:00+00:00,71040.5
2019-02-14 07:00:00+00:00,72361.75
2019-02-14 08:00:00+00:00,71948.5
2019-02-14 09:00:00+00:00,71731.5
2019-02-14 10:00:00+00:00,71799.5
2019-02-14 11:00:00+00:00,71194.5
2019-02-14 12:00:00+00:00,70258.25
2019-02-14 13:00:00+00:00,68931.25
2019-02-14 14:00:00+00:00,68166.0
2019-02-14 15:00:00+00:00,67281.0
2019-02-14 16:00:00+00:00,69344.0
2019-02-14 17:00:00+00:00,72755.5
2019-02-14 18:00:00+00:00,71368.5
2019-02-14 19:00:00+00:00,67654.25
2019-02-14 20:00:00+00:00,64350.25
2019-02-14 21:00:00+00:00,61630.25
2019-02-14 22:00:00+00:00,57663.5
2019-02-14 23:00:00+00:00,54658.0
2019-02-15 00:00:00+00:00,53023.0
2019-02-15 01:00:00+00:00,52215.0
2019-02-15 02:00:00+00:00,52486.5
2019-02-15 03:00:00+00:00,53965.75
2019-02-15 04:00:00+00:00,57416.25
2019-02-15 05:00:00+00:00,64727.25
2019-02-15 06:00:00+00:00,70223.5
2019-02-15 07:00:00+00:00,71377.25
2019-02-15 08:00:00+00:00,71294.25
2019-02-15 09:00:00+00:00,71470.75
2019-02-15 10:00:00+00:00,71217.5
2019-02-15 11:00:00+00:00,69864.0
2019-02-15 12:00:00+00:00,68100.75
2019-02-15 13:00:00+00:00,66109.25
2019-02-15 14:00:00+00:00,65034.0
2019-02-15 15:00:00+00:00,64609.25
2019-02-15 16:00:00+00:00,67074.75
2019-02-15 17:00:00+00:00,70963.5
2019-02-15 18:00:00+00:00,69940.25
2019-02-15 19:00:00+00:00,65966.75
2019-02-15 20:00:00+00:00,62323.75
2019-02-15 21:00:00+00:00,59626.75
2019-02-15 22:00:00+00:00,55828.5
2019-02-15 23:00:00+00:00,52275.5
2019-02-16 00:00:00+00:00,50156.75
2019-02-16 01:00:00+00:00,49146.0
2019-02-16 02:00:00+00:00,48891.75
2019-02-16 03:00:00+00:00,48715.25
2019-02-16 04:00:00+00:00,48865.5
2019-02-16 05:00:00+00:00,50847.5
2019-02-16 06:00:00+00:00,53789.25
2019-02-16 07:00:00+00:00,57202.75
2019-02-16 08:00:00+00:00,59081.25
2019-02-16 09:00:00+00:00,59414.75
2019-02-16 10:00:00+00:00,59826.75
2019-02-16 11:00:00+00:00,59101.5
2019-02-16 12:00:00+00:00,56907.75
2019-02-16 13:00:00+00:00,55258.75
2019-02-16 14:00:00+00:00,54244.5
2019-02-16 15:00:00+00:00,54280.75
2019-02-16 16:00:00+00:00,57757.75
2019-02-16 17:00:00+00:00,62352.0
2019-02-16 18:00:00+00:00,60828.75
2019-02-16 19:00:00+00:00,57565.75
2019-02-16 20:00:00+00:00,54565.75
2019-02-16 21:00:00+00:00,52972.75
2019-02-16 22:00:00+00:00,49845.25
2019-02-16 23:00:00+00:00,46742.25
2019-02-17 00:00:00+00:00,44876.0
2019-02-17 01:00:00+00:00,44156.25
2019-02-17 02:00:00+00:00,44102.0
2019-02-17 03:00:00+00:00,44403.75
2019-02-17 04:00:00+00:00,44003.5
2019-02-17 05:00:00+00:00,43714.0
2019-02-17 06:00:00+00:00,45207.75
2019-02-17 07:00:00+00:00,48287.0
2019-02-17 08:00:00+00:00,51371.0
2019-02-17 09:00:00+00:00,53048.0
2019-02-17 10:00:00+00:00,54540.0
2019-02-17 11:00:00+00:00,53542.75
2019-02-17 12:00:00+00:00,51404.0
2019-02-17 13:00:00+00:00,49861.0
2019-02-17 14:00:00+00:00,48974.25
2019-02-17 15:00:00+00:00,49434.25
2019-02-17 16:00:00+00:00,53463.75
2019-02-17 17:00:00+00:00,59022.5
2019-02-17 18:00:00+00:00,58096.75
2019-02-17 19:00:00+00:00,55411.75
2019-02-17 20:00:00+00:00,53575.25
2019-02-17 21:00:00+00:00,53664.5
2019-02-17 22:00:00+00:00,50610.75
2019-02-17 23:00:00+00:00,48364.75
2019-02-18 00:00:00+00:00,46808.25
2019-02-18 01:00:00+00:00,46291.0
2019-02-18 02:00:00+00:00,46960.75
2019-02-18 03:00:00+00:00,48856.25
2019-02-18 04:00:00+00:00,53304.0
2019-02-18 05:00:00+00:00,62472.25
2019-02-18 06:00:00+00:00,68076.75
2019-02-18 07:00:00+00:00,69533.0
2019-02-18 08:00:00+00:00,69450.5
2019-02-18 09:00:00+00:00,69464.25
2019-02-18 10:00:00+00:00,69980.25
2019-02-18 11:00:00+00:00,68845.0
2019-02-18 12:00:00+00:00,67748.5
2019-02-18 13:00:00+00:00,66473.75
2019-02-18 14:00:00+00:00,65624.0
2019-02-18 15:00:00+00:00,64941.75
2019-02-18 16:00:00+00:00,67293.0
2019-02-18 17:00:00+00:00,71170.75
2019-02-18 18:00:00+00:00,69871.25
2019-02-18 19:00:00+00:00,66017.5
2019-02-18 20:00:00+00:00,62356.25
2019-02-18 21:00:00+00:00,59440.5
2019-02-18 22:00:00+00:00,54996.75
2019-02-18 23:00:00+00:00,52227.75
2019-02-19 00:00:00+00:00,50643.75
2019-02-19 01:00:00+00:00,50208.0
2019-02-19 02:00:00+00:00,50850.75
2019-02-19 03:00:00+00:00,52162.5
2019-02-19 04:00:00+00:00,55768.25
2019-02-19 05:00:00+00:00,64464.0
2019-02-19 06:00:00+00:00,70766.0
2019-02-19 07:00:00+00:00,72705.5
2019-02-19 08:00:00+00:00,72794.75
2019-02-19 09:00:00+00:00,72972.25
2019-02-19 10:00:00+00:00,73302.75
2019-02-19 11:00:00+00:00,72571.25
2019-02-19 12:00:00+00:00,71853.5
2019-02-19 13:00:00+00:00,70611.25
2019-02-19 14:00:00+00:00,70068.5
2019-02-19 15:00:00+00:00,69163.0
2019-02-19 16:00:00+00:00,70923.0
2019-02-19 17:00:00+00:00,74324.75
2019-02-19 18:00:00+00:00,72813.75
2019-02-19 19:00:00+00:00,68409.25
2019-02-19 20:00:00+00:00,64648.25
2019-02-19 21:00:00+00:00,61473.25
2019-02-19 22:00:00+00:00,57361.25
2019-02-19 23:00:00+00:00,54069.25
2019-02-20 00:00:00+00:00,52286.75
2019-02-20 01:00:00+00:00,51194.5
2019-02-20 02:00:00+00:00,51727.5
2019-02-20 03:00:00+00:00,52949.75
2019-02-20 04:00:00+00:00,57049.5
2019-02-20 05:00:00+00:00,64780.5
2019-02-20 06:00:00+00:00,70365.0
2019-02-20 07:00:00+00:00,71752.25
2019-02-20 08:00:00+00:00,71511.5
2019-02-20 09:00:00+00:00,71377.25
2019-02-20 10:00:00+00:00,71773.75
2019-02-20 11:00:00+00:00,70916.75
2019-02-20 12:00:00+00:00,70227.0
2019-02-20 13:00:00+00:00,68761.5
2019-02-20 14:00:00+00:00,67993.5
2019-02-20 15:00:00+00:00,67012.75
2019-02-20 16:00:00+00:00,68983.5
2019-02-20 17:00:00+00:00,72613.25
2019-02-20 18:00:00+00:00,71276.75
2019-02-20 19:00:00+00:00,67184.75
2019-02-20 20:00:00+00:00,63617.25
2019-02-20 21:00:00+00:00,60521.5
2019-02-20 22:00:00+00:00,56364.0
2019-02-20 23:00:00+00:00,53073.75
2019-02-21 00:00:00+00:00,51548.25
2019-02-21 01:00:00+00:00,50781.5
2019-02-21 02:00:00+00:00,51247.25
2019-02-21 03:00:00+00:00,52812.75
2019-02-21 04:00:00+00:00,56325.5
2019-02-21 05:00:00+00:00,64434.5
2019-02-21 06:00:00+00:00,69541.25
2019-02-21 07:00:00+00:00,71306.25
2019-02-21 08:00:00+00:00,71786.75
2019-02-21 09:00:00+00:00,72349.25
2019-02-21 10:00:00+00:00,72310.5
2019-02-21 11:00:00+00:00,70948.25
2019-02-21 12:00:00+00:00,69974.25
2019-02-21 13:00:00+00:00,69346.75
2019-02-21 14:00:00+00:00,69166.75
2019-02-21 15:00:00+00:00,68244.25
2019-02-21 16:00:00+00:00,69615.25
2019-02-21 17:00:00+00:00,72262.0
2019-02-21 18:00:00+00:00,71169.5
2019-02-21 19:00:00+00:00,66826.25
2019-02-21 20:00:00+00:00,62875.25
2019-02-21 21:00:00+00:00,60125.25
2019-02-21 22:00:00+00:00,55784.75
2019-02-21 23:00:00+00:00,52470.25
2019-02-22 00:00:00+00:00,50251.0
2019-02-22 01:00:00+00:00,49273.5
2019-02-22 02:00:00+00:00,49948.75
2019-02-22 03:00:00+00:00,51595.5
2019-02-22 04:00:00+00:00,55532.5
2019-02-22 05:00:00+00:00,63248.75
2019-02-22 06:00:00+00:00,68582.25
2019-02-22 07:00:00+00:00,70669.5
2019-02-22 08:00:00+00:00,71550.75
2019-02-22 09:00:00+00:00,71980.75
2019-02-22 10:00:00+00:00,72178.5
2019-02-22 11:00:00+00:00,71191.25
2019-02-22 12:00:00+00:00,69380.5
2019-02-22 13:00:00+00:00,67434.25
2019-02-22 14:00:00+00:00,66235.25
2019-02-22 15:00:00+00:00,65494.25
2019-02-22 16:00:00+00:00,66522.75
2019-02-22 17:00:00+00:00,69561.5
2019-02-22 18:00:00+00:00,68387.5
2019-02-22 19:00:00+00:00,64466.0
2019-02-22 20:00:00+00:00,61178.25
2019-02-22 21:00:00+00:00,58846.75
2019-02-22 22:00:00+00:00,55193.25
2019-02-22 23:00:00+00:00,51579.25
2019-02-23 00:00:00+00:00,49825.5
2019-02-23 01:00:00+00:00,48572.75
2019-02-23 02:00:00+00:00,48507.75
2019-02-23 03:00:00+00:00,48601.5
2019-02-23 04:00:00+00:00,48892.0
2019-02-23 05:00:00+00:00,50009.5
2019-02-23 06:00:00+00:00,52557.75
2019-02-23 07:00:00+00:00,56554.75
2019-02-23 08:00:00+00:00,59094.0
2019-02-23 09:00:00+00:00,59859.5
2019-02-23 10:00:00+00:00,60109.25
2019-02-23 11:00:00+00:00,58707.25
2019-02-23 12:00:00+00:00,56858.75
2019-02-23 13:00:00+00:00,55241.75
2019-02-23 14:00:00+00:00,54121.0
2019-02-23 15:00:00+00:00,54054.25
2019-02-23 16:00:00+00:00,56395.75
2019-02-23 17:00:00+00:00,60714.75
2019-02-23 18:00:00+00:00,59758.5
2019-02-23 19:00:00+00:00,56605.0
2019-02-23 20:00:00+00:00,54336.5
2019-02-23 21:00:00+00:00,53128.0
2019-02-23 22:00:00+00:00,50117.75
2019-02-23 23:00:00+00:00,46798.0
2019-02-24 00:00:00+00:00,44644.75
2019-02-24 01:00:00+00:00,43879.0
2019-02-24 02:00:00+00:00,43637.25
2019-02-24 03:00:00+00:00,43877.0
2019-02-24 04:00:00+00:00,43428.0
2019-02-24 05:00:00+00:00,43155.5
2019-02-24 06:00:00+00:00,44709.0
2019-02-24 07:00:00+00:00,48028.5
2019-02-24 08:00:00+00:00,50841.0
2019-02-24 09:00:00+00:00,52531.5
2019-02-24 10:00:00+00:00,54011.75
2019-02-24 11:00:00+00:00,53013.75
2019-02-24 12:00:00+00:00,50852.5
2019-02-24 13:00:00+00:00,49516.25
2019-02-24 14:00:00+00:00,48651.0
2019-02-24 15:00:00+00:00,48872.75
2019-02-24 16:00:00+00:00,51939.5
2019-02-24 17:00:00+00:00,57534.5
2019-02-24 18:00:00+00:00,56939.5
2019-02-24 19:00:00+00:00,54513.75
2019-02-24 20:00:00+00:00,52693.0
2019-02-24 21:00:00+00:00,52365.5
2019-02-24 22:00:00+00:00,49300.75
2019-02-24 23:00:00+00:00,47159.75
2019-02-25 00:00:00+00:00,46140.75
2019-02-25 01:00:00+00:00,45701.0
2019-02-25 02:00:00+00:00,46272.75
2019-02-25 03:00:00+00:00,48315.5
2019-02-25 04:00:00+00:00,52791.0
2019-02-25 05:00:00+00:00,61440.5
2019-02-25 06:00:00+00:00,66695.75
2019-02-25 07:00:00+00:00,68564.0
2019-02-25 08:00:00+00:00,68447.5
2019-02-25 09:00:00+00:00,68842.5
2019-02-25 10:00:00+00:00,69169.75
2019-02-25 11:00:00+00:00,68416.0
2019-02-25 12:00:00+00:00,67802.5
2019-02-25 13:00:00+00:00,66648.5
2019-02-25 14:00:00+00:00,65448.5
2019-02-25 15:00:00+00:00,64723.0
2019-02-25 16:00:00+00:00,66233.75
2019-02-25 17:00:00+00:00,70299.0
2019-02-25 18:00:00+00:00,69779.5
2019-02-25 19:00:00+00:00,65619.5
2019-02-25 20:00:00+00:00,62205.5
2019-02-25 21:00:00+00:00,59172.75
2019-02-25 22:00:00+00:00,55059.75
2019-02-25 23:00:00+00:00,51182.5
2019-02-26 00:00:00+00:00,49407.0
2019-02-26 01:00:00+00:00,48814.25
2019-02-26 02:00:00+00:00,49493.75
2019-02-26 03:00:00+00:00,50819.0
2019-02-26 04:00:00+00:00,54633.5
2019-02-26 05:00:00+00:00,62689.75
2019-02-26 06:00:00+00:00,67480.25
2019-02-26 07:00:00+00:00,68717.0
2019-02-26 08:00:00+00:00,68603.5
2019-02-26 09:00:00+00:00,68736.5
2019-02-26 10:00:00+00:00,69201.0
2019-02-26 11:00:00+00:00,68147.25
2019-02-26 12:00:00+00:00,67372.25
2019-02-26 13:00:00+00:00,66335.5
2019-02-26 14:00:00+00:00,65434.5
2019-02-26 15:00:00+00:00,64389.0
2019-02-26 16:00:00+00:00,65796.25
2019-02-26 17:00:00+00:00,69697.25
2019-02-26 18:00:00+00:00,69253.0
2019-02-26 19:00:00+00:00,65383.25
2019-02-26 20:00:00+00:00,61517.25
2019-02-26 21:00:00+00:00,58373.0
2019-02-26 22:00:00+00:00,54150.25
2019-02-26 23:00:00+00:00,51088.0
2019-02-27 00:00:00+00:00,49520.75
2019-02-27 01:00:00+00:00,49071.25
2019-02-27 02:00:00+00:00,50139.0
2019-02-27 03:00:00+00:00,51857.75
2019-02-27 04:00:00+00:00,55486.0
2019-02-27 05:00:00+00:00,63134.25
2019-02-27 06:00:00+00:00,67806.75
2019-02-27 07:00:00+00:00,69480.75
2019-02-27 08:00:00+00:00,69357.5
2019-02-27 09:00:00+00:00,69824.25
2019-02-27 10:00:00+00:00,69760.5
2019-02-27 11:00:00+00:00,68558.0
2019-02-27 12:00:00+00:00,67710.5
2019-02-27 13:00:00+00:00,66549.0
2019-02-27 14:00:00+00:00,65332.75
2019-02-27 15:00:00+00:00,64442.25
2019-02-27 16:00:00+00:00,65953.25
2019-02-27 17:00:00+00:00,70662.25
2019-02-27 18:00:00+00:00,70702.5
2019-02-27 19:00:00+00:00,67155.5
2019-02-27 20:00:00+00:00,62834.25
2019-02-27 21:00:00+00:00,59491.5
2019-02-27 22:00:00+00:00,55800.25
2019-02-27 23:00:00+00:00,52432.25
2019-02-28 00:00:00+00:00,50431.0
2019-02-28 01:00:00+00:00,49812.5
2019-02-28 02:00:00+00:00,50436.0
2019-02-28 03:00:00+00:00,51789.25
2019-02-28 04:00:00+00:00,54772.5
2019-02-28 05:00:00+00:00,62246.5
2019-02-28 06:00:00+00:00,67321.75
2019-02-28 07:00:00+00:00,68931.0
2019-02-28 08:00:00+00:00,69105.5
2019-02-28 09:00:00+00:00,69028.75
2019-02-28 10:00:00+00:00,69437.25
2019-02-28 11:00:00+00:00,68257.5
2019-02-28 12:00:00+00:00,67121.75
2019-02-28 13:00:00+00:00,66232.75
2019-02-28 14:00:00+00:00,66555.5
2019-02-28 15:00:00+00:00,65758.0
2019-02-28 16:00:00+00:00,67405.25
2019-02-28 17:00:00+00:00,70480.25
2019-02-28 18:00:00+00:00,69747.5
2019-02-28 19:00:00+00:00,65464.0
2019-02-28 20:00:00+00:00,61598.0
2019-02-28 21:00:00+00:00,58229.0
2019-02-28 22:00:00+00:00,53798.0
2019-02-28 23:00:00+00:00,50550.25
2019-03-01 00:00:00+00:00,49010.75
2019-03-01 01:00:00+00:00,48094.5
2019-03-01 02:00:00+00:00,48335.5
2019-03-01 03:00:00+00:00,50021.25
2019-03-01 04:00:00+00:00,53765.75
2019-03-01 05:00:00+00:00,61342.75
2019-03-01 06:00:00+00:00,66629.75
2019-03-01 07:00:00+00:00,69478.0
2019-03-01 08:00:00+00:00,70560.5
2019-03-01 09:00:00+00:00,71935.75
2019-03-01 10:00:00+00:00,72652.75
2019-03-01 11:00:00+00:00,71714.75
2019-03-01 12:00:00+00:00,70183.0
2019-03-01 13:00:00+00:00,68459.0
2019-03-01 14:00:00+00:00,67311.75
2019-03-01 15:00:00+00:00,66381.0
2019-03-01 16:00:00+00:00,67058.5
2019-03-01 17:00:00+00:00,68658.25
2019-03-01 18:00:00+00:00,67299.0
2019-03-01 19:00:00+00:00,62948.75
2019-03-01 20:00:00+00:00,59510.25
2019-03-01 21:00:00+00:00,56844.25
2019-03-01 22:00:00+00:00,53013.0
2019-03-01 23:00:00+00:00,50246.75
2019-03-02 00:00:00+00:00,47975.0
2019-03-02 01:00:00+00:00,47036.25
2019-03-02 02:00:00+00:00,46757.75
2019-03-02 03:00:00+00:00,46715.75
2019-03-02 04:00:00+00:00,46906.5
2019-03-02 05:00:00+00:00,48341.5
2019-03-02 06:00:00+00:00,51365.0
2019-03-02 07:00:00+00:00,55653.5
2019-03-02 08:00:00+00:00,58707.5
2019-03-02 09:00:00+00:00,60193.25
2019-03-02 10:00:00+00:00,60830.0
2019-03-02 11:00:00+00:00,59534.25
2019-03-02 12:00:00+00:00,57361.25
2019-03-02 13:00:00+00:00,55722.5
2019-03-02 14:00:00+00:00,55017.0
2019-03-02 15:00:00+00:00,55126.5
2019-03-02 16:00:00+00:00,57355.25
2019-03-02 17:00:00+00:00,60855.0
2019-03-02 18:00:00+00:00,60355.75
2019-03-02 19:00:00+00:00,56148.5
2019-03-02 20:00:00+00:00,53004.25
2019-03-02 21:00:00+00:00,51496.25
2019-03-02 22:00:00+00:00,48441.5
2019-03-02 23:00:00+00:00,45630.0
2019-03-03 00:00:00+00:00,43426.0
2019-03-03 01:00:00+00:00,42549.0
2019-03-03 02:00:00+00:00,42671.75
2019-03-03 03:00:00+00:00,43315.25
2019-03-03 04:00:00+00:00,43497.75
2019-03-03 05:00:00+00:00,43625.0
2019-03-03 06:00:00+00:00,45007.25
2019-03-03 07:00:00+00:00,48675.75
2019-03-03 08:00:00+00:00,51640.0
2019-03-03 09:00:00+00:00,53704.25
2019-03-03 10:00:00+00:00,55830.25
2019-03-03 11:00:00+00:00,55041.25
2019-03-03 12:00:00+00:00,52669.0
2019-03-03 13:00:00+00:00,51171.5
2019-03-03 14:00:00+00:00,51006.0
2019-03-03 15:00:00+00:00,51161.0
2019-03-03 16:00:00+00:00,53037.5
2019-03-03 17:00:00+00:00,57011.75
2019-03-03 18:00:00+00:00,57061.75
2019-03-03 19:00:00+00:00,54115.0
2019-03-03 20:00:00+00:00,52433.75
2019-03-03 21:00:00+00:00,51886.25
2019-03-03 22:00:00+00:00,49000.5
2019-03-03 23:00:00+00:00,47310.5
2019-03-04 00:00:00+00:00,45678.25
2019-03-04 01:00:00+00:00,45111.5
2019-03-04 02:00:00+00:00,46274.75
2019-03-04 03:00:00+00:00,47885.0
2019-03-04 04:00:00+00:00,51749.75
2019-03-04 05:00:00+00:00,59274.75
2019-03-04 06:00:00+00:00,64628.75
2019-03-04 07:00:00+00:00,67943.75
2019-03-04 08:00:00+00:00,68687.0
2019-03-04 09:00:00+00:00,69767.75
2019-03-04 10:00:00+00:00,70773.75
2019-03-04 11:00:00+00:00,69497.25
2019-03-04 12:00:00+00:00,68562.5
2019-03-04 13:00:00+00:00,67643.5
2019-03-04 14:00:00+00:00,67224.75
2019-03-04 15:00:00+00:00,65849.5
2019-03-04 16:00:00+00:00,67179.25
2019-03-04 17:00:00+00:00,70079.75
2019-03-04 18:00:00+00:00,69821.5
2019-03-04 19:00:00+00:00,65355.25
2019-03-04 20:00:00+00:00,61712.25
2019-03-04 21:00:00+00:00,58891.5
2019-03-04 22:00:00+00:00,54817.5
2019-03-04 23:00:00+00:00,51977.5
2019-03-05 00:00:00+00:00,50588.25
2019-03-05 01:00:00+00:00,49813.25
2019-03-05 02:00:00+00:00,50229.25
2019-03-05 03:00:00+00:00,51456.0
2019-03-05 04:00:00+00:00,55082.0
2019-03-05 05:00:00+00:00,61545.25
2019-03-05 06:00:00+00:00,66489.75
2019-03-05 07:00:00+00:00,69360.75
2019-03-05 08:00:00+00:00,70380.5
2019-03-05 09:00:00+00:00,71486.0
2019-03-05 10:00:00+00:00,71919.5
2019-03-05 11:00:00+00:00,71170.5
2019-03-05 12:00:00+00:00,69886.0
2019-03-05 13:00:00+00:00,68716.0
2019-03-05 14:00:00+00:00,67773.0
2019-03-05 15:00:00+00:00,66940.75
2019-03-05 16:00:00+00:00,67626.25
2019-03-05 17:00:00+00:00,70452.75
2019-03-05 18:00:00+00:00,70135.25
2019-03-05 19:00:00+00:00,66297.75
2019-03-05 20:00:00+00:00,62486.75
2019-03-05 21:00:00+00:00,59641.75
2019-03-05 22:00:00+00:00,55168.5
2019-03-05 23:00:00+00:00,51450.75
2019-03-06 00:00:00+00:00,49421.5
2019-03-06 01:00:00+00:00,48895.5
2019-03-06 02:00:00+00:00,49498.5
2019-03-06 03:00:00+00:00,51400.25
2019-03-06 04:00:00+00:00,54908.0
2019-03-06 05:00:00+00:00,61805.25
2019-03-06 06:00:00+00:00,66635.0
2019-03-06 07:00:00+00:00,69022.25
2019-03-06 08:00:00+00:00,69677.25
2019-03-06 09:00:00+00:00,69554.5
2019-03-06 10:00:00+00:00,70356.0
2019-03-06 11:00:00+00:00,69994.5
2019-03-06 12:00:00+00:00,69595.0
2019-03-06 13:00:00+00:00,68478.0
2019-03-06 14:00:00+00:00,68228.5
2019-03-06 15:00:00+00:00,67199.25
2019-03-06 16:00:00+00:00,68361.75
2019-03-06 17:00:00+00:00,71837.0
2019-03-06 18:00:00+00:00,71631.25
2019-03-06 19:00:00+00:00,67496.25
2019-03-06 20:00:00+00:00,62929.25
2019-03-06 21:00:00+00:00,59480.0
2019-03-06 22:00:00+00:00,55163.75
2019-03-06 23:00:00+00:00,52339.25
2019-03-07 00:00:00+00:00,50108.5
2019-03-07 01:00:00+00:00,48698.75
2019-03-07 02:00:00+00:00,48770.0
2019-03-07 03:00:00+00:00,50170.75
2019-03-07 04:00:00+00:00,53943.25
2019-03-07 05:00:00+00:00,61622.25
2019-03-07 06:00:00+00:00,66607.5
2019-03-07 07:00:00+00:00,69347.0
2019-03-07 08:00:00+00:00,70169.5
2019-03-07 09:00:00+00:00,71568.0
2019-03-07 10:00:00+00:00,72074.0
2019-03-07 11:00:00+00:00,71719.75
2019-03-07 12:00:00+00:00,70667.75
2019-03-07 13:00:00+00:00,69803.5
2019-03-07 14:00:00+00:00,69188.5
2019-03-07 15:00:00+00:00,67858.0
2019-03-07 16:00:00+00:00,68263.5
2019-03-07 17:00:00+00:00,71341.75
2019-03-07 18:00:00+00:00,71920.0
2019-03-07 19:00:00+00:00,67821.75
2019-03-07 20:00:00+00:00,63686.0
2019-03-07 21:00:00+00:00,60289.25
2019-03-07 22:00:00+00:00,56393.25
2019-03-07 23:00:00+00:00,53334.5
2019-03-08 00:00:00+00:00,50978.5
2019-03-08 01:00:00+00:00,49912.75
2019-03-08 02:00:00+00:00,50942.0
2019-03-08 03:00:00+00:00,52530.0
2019-03-08 04:00:00+00:00,55705.0
2019-03-08 05:00:00+00:00,62379.5
2019-03-08 06:00:00+00:00,66822.5
2019-03-08 07:00:00+00:00,69371.0
2019-03-08 08:00:00+00:00,70238.75
2019-03-08 09:00:00+00:00,70852.75
2019-03-08 10:00:00+00:00,71365.5
2019-03-08 11:00:00+00:00,70460.5
2019-03-08 12:00:00+00:00,68809.5
2019-03-08 13:00:00+00:00,66632.75
2019-03-08 14:00:00+00:00,65376.75
2019-03-08 15:00:00+00:00,64362.0
2019-03-08 16:00:00+00:00,65083.25
2019-03-08 17:00:00+00:00,67574.5
2019-03-08 18:00:00+00:00,67449.0
2019-03-08 19:00:00+00:00,63437.75
2019-03-08 20:00:00+00:00,59775.25
2019-03-08 21:00:00+00:00,56890.75
2019-03-08 22:00:00+00:00,53078.0
2019-03-08 23:00:00+00:00,50419.0
2019-03-09 00:00:00+00:00,48400.25
2019-03-09 01:00:00+00:00,47107.5
2019-03-09 02:00:00+00:00,47370.75
2019-03-09 03:00:00+00:00,47947.5
2019-03-09 04:00:00+00:00,48548.75
2019-03-09 05:00:00+00:00,49694.75
2019-03-09 06:00:00+00:00,52580.5
2019-03-09 07:00:00+00:00,56113.25
2019-03-09 08:00:00+00:00,58857.5
2019-03-09 09:00:00+00:00,60236.5
2019-03-09 10:00:00+00:00,61099.5
2019-03-09 11:00:00+00:00,59867.5
2019-03-09 12:00:00+00:00,58435.0
2019-03-09 13:00:00+00:00,57062.25
2019-03-09 14:00:00+00:00,56369.5
2019-03-09 15:00:00+00:00,56407.75
2019-03-09 16:00:00+00:00,57284.25
2019-03-09 17:00:00+00:00,60057.0
2019-03-09 18:00:00+00:00,59894.5
2019-03-09 19:00:00+00:00,56266.25
2019-03-09 20:00:00+00:00,53442.0
2019-03-09 21:00:00+00:00,51300.5
2019-03-09 22:00:00+00:00,48436.75
2019-03-09 23:00:00+00:00,45639.75
2019-03-10 00:00:00+00:00,43280.25
2019-03-10 01:00:00+00:00,42618.0
2019-03-10 02:00:00+00:00,42088.75
2019-03-10 03:00:00+00:00,41897.0
2019-03-10 04:00:00+00:00,41811.75
2019-03-10 05:00:00+00:00,41590.25
2019-03-10 06:00:00+00:00,42959.5
2019-03-10 07:00:00+00:00,46756.0
2019-03-10 08:00:00+00:00,50656.0
2019-03-10 09:00:00+00:00,53652.25
2019-03-10 10:00:00+00:00,55656.5
2019-03-10 11:00:00+00:00,55176.5
2019-03-10 12:00:00+00:00,53699.5
2019-03-10 13:00:00+00:00,52980.75
2019-03-10 14:00:00+00:00,52638.5
2019-03-10 15:00:00+00:00,51950.5
2019-03-10 16:00:00+00:00,53263.75
2019-03-10 17:00:00+00:00,56918.0
2019-03-10 18:00:00+00:00,57406.5
2019-03-10 19:00:00+00:00,55219.25
2019-03-10 20:00:00+00:00,53787.75
2019-03-10 21:00:00+00:00,53292.25
2019-03-10 22:00:00+00:00,50372.0
2019-03-10 23:00:00+00:00,48703.75
2019-03-11 00:00:00+00:00,47033.75
2019-03-11 01:00:00+00:00,46649.5
2019-03-11 02:00:00+00:00,47149.0
2019-03-11 03:00:00+00:00,48995.5
2019-03-11 04:00:00+00:00,52820.75
2019-03-11 05:00:00+00:00,61104.75
2019-03-11 06:00:00+00:00,66546.25
2019-03-11 07:00:00+00:00,69425.75
2019-03-11 08:00:00+00:00,70226.5
2019-03-11 09:00:00+00:00,71271.75
2019-03-11 10:00:00+00:00,71894.25
2019-03-11 11:00:00+00:00,71689.75
2019-03-11 12:00:00+00:00,71036.25
2019-03-11 13:00:00+00:00,69688.25
2019-03-11 14:00:00+00:00,68480.5
2019-03-11 15:00:00+00:00,67276.25
2019-03-11 16:00:00+00:00,68030.25
2019-03-11 17:00:00+00:00,70430.0
2019-03-11 18:00:00+00:00,71004.75
2019-03-11 19:00:00+00:00,66578.5
2019-03-11 20:00:00+00:00,62712.0
2019-03-11 21:00:00+00:00,59744.25
2019-03-11 22:00:00+00:00,55683.75
2019-03-11 23:00:00+00:00,52556.0
2019-03-12 00:00:00+00:00,50318.25
2019-03-12 01:00:00+00:00,49470.5
2019-03-12 02:00:00+00:00,50562.25
2019-03-12 03:00:00+00:00,52210.0
2019-03-12 04:00:00+00:00,55596.75
2019-03-12 05:00:00+00:00,62894.25
2019-03-12 06:00:00+00:00,67648.5
2019-03-12 07:00:00+00:00,69886.75
2019-03-12 08:00:00+00:00,70275.75
2019-03-12 09:00:00+00:00,70675.75
2019-03-12 10:00:00+00:00,71070.75
2019-03-12 11:00:00+00:00,70502.75
2019-03-12 12:00:00+00:00,70401.5
2019-03-12 13:00:00+00:00,69426.75
2019-03-12 14:00:00+00:00,69163.5
2019-03-12 15:00:00+00:00,67889.75
2019-03-12 16:00:00+00:00,69035.25
2019-03-12 17:00:00+00:00,71919.75
2019-03-12 18:00:00+00:00,72394.75
2019-03-12 19:00:00+00:00,68106.25
2019-03-12 20:00:00+00:00,63939.0
2019-03-12 21:00:00+00:00,60689.5
2019-03-12 22:00:00+00:00,56700.25
2019-03-12 23:00:00+00:00,53021.0
2019-03-13 00:00:00+00:00,51288.0
2019-03-13 01:00:00+00:00,50794.25
2019-03-13 02:00:00+00:00,51533.0
2019-03-13 03:00:00+00:00,53351.5
2019-03-13 04:00:00+00:00,56733.25
2019-03-13 05:00:00+00:00,64162.5
2019-03-13 06:00:00+00:00,68931.5
2019-03-13 07:00:00+00:00,70832.75
2019-03-13 08:00:00+00:00,71566.0
2019-03-13 09:00:00+00:00,72612.0
2019-03-13 10:00:00+00:00,72912.0
2019-03-13 11:00:00+00:00,72861.5
2019-03-13 12:00:00+00:00,72602.75
2019-03-13 13:00:00+00:00,71330.5
2019-03-13 14:00:00+00:00,70370.25
2019-03-13 15:00:00+00:00,69501.5
2019-03-13 16:00:00+00:00,69984.25
2019-03-13 17:00:00+00:00,71940.5
2019-03-13 18:00:00+00:00,72326.0
2019-03-13 19:00:00+00:00,68081.0
2019-03-13 20:00:00+00:00,64340.5
2019-03-13 21:00:00+00:00,60897.0
2019-03-13 22:00:00+00:00,57048.0
2019-03-13 23:00:00+00:00,53863.25
2019-03-14 00:00:00+00:00,51698.0
2019-03-14 01:00:00+00:00,50775.0
2019-03-14 02:00:00+00:00,51257.5
2019-03-14 03:00:00+00:00,52655.0
2019-03-14 04:00:00+00:00,56216.25
2019-03-14 05:00:00+00:00,63306.0
2019-03-14 06:00:00+00:00,68546.0
2019-03-14 07:00:00+00:00,71101.5
2019-03-14 08:00:00+00:00,72252.5
2019-03-14 09:00:00+00:00,73393.75
2019-03-14 10:00:00+00:00,74350.25
2019-03-14 11:00:00+00:00,74069.0
2019-03-14 12:00:00+00:00,73450.75
2019-03-14 13:00:00+00:00,71980.25
2019-03-14 14:00:00+00:00,71150.0
2019-03-14 15:00:00+00:00,70099.0
2019-03-14 16:00:00+00:00,70379.5
2019-03-14 17:00:00+00:00,71733.75
2019-03-14 18:00:00+00:00,71583.75
2019-03-14 19:00:00+00:00,67210.25
2019-03-14 20:00:00+00:00,63368.25
2019-03-14 21:00:00+00:00,60435.5
2019-03-14 22:00:00+00:00,56474.5
2019-03-14 23:00:00+00:00,53004.25
2019-03-15 00:00:00+00:00,50948.0
2019-03-15 01:00:00+00:00,50238.75
2019-03-15 02:00:00+00:00,50759.0
2019-03-15 03:00:00+00:00,52211.0
2019-03-15 04:00:00+00:00,55363.75
2019-03-15 05:00:00+00:00,62109.0
2019-03-15 06:00:00+00:00,67365.75
2019-03-15 07:00:00+00:00,70198.5
2019-03-15 08:00:00+00:00,71186.75
2019-03-15 09:00:00+00:00,72343.75
2019-03-15 10:00:00+00:00,73497.5
2019-03-15 11:00:00+00:00,73239.75
2019-03-15 12:00:00+00:00,72151.5
2019-03-15 13:00:00+00:00,70404.5
2019-03-15 14:00:00+00:00,69367.75
2019-03-15 15:00:00+00:00,68580.25
2019-03-15 16:00:00+00:00,68651.5
2019-03-15 17:00:00+00:00,69551.0
2019-03-15 18:00:00+00:00,69654.75
2019-03-15 19:00:00+00:00,64751.75
2019-03-15 20:00:00+00:00,61105.0
2019-03-15 21:00:00+00:00,58246.5
2019-03-15 22:00:00+00:00,54611.0
2019-03-15 23:00:00+00:00,51305.75
2019-03-16 00:00:00+00:00,49006.75
2019-03-16 01:00:00+00:00,47564.0
2019-03-16 02:00:00+00:00,47236.5
2019-03-16 03:00:00+00:00,47560.25
2019-03-16 04:00:00+00:00,47636.5
2019-03-16 05:00:00+00:00,48189.75
2019-03-16 06:00:00+00:00,50817.5
2019-03-16 07:00:00+00:00,54615.25
2019-03-16 08:00:00+00:00,57492.25
2019-03-16 09:00:00+00:00,59344.5
2019-03-16 10:00:00+00:00,60468.75
2019-03-16 11:00:00+00:00,59767.25
2019-03-16 12:00:00+00:00,58491.5
2019-03-16 13:00:00+00:00,57378.75
2019-03-16 14:00:00+00:00,56510.25
2019-03-16 15:00:00+00:00,56004.75
2019-03-16 16:00:00+00:00,56691.0
2019-03-16 17:00:00+00:00,59080.5
2019-03-16 18:00:00+00:00,60017.5
2019-03-16 19:00:00+00:00,56499.0
2019-03-16 20:00:00+00:00,53804.5
2019-03-16 21:00:00+00:00,52108.25
2019-03-16 22:00:00+00:00,48961.5
2019-03-16 23:00:00+00:00,45583.0
2019-03-17 00:00:00+00:00,43796.5
2019-03-17 01:00:00+00:00,42929.25
2019-03-17 02:00:00+00:00,42892.5
2019-03-17 03:00:00+00:00,43385.5
2019-03-17 04:00:00+00:00,43259.25
2019-03-17 05:00:00+00:00,43076.5
2019-03-17 06:00:00+00:00,45007.75
2019-03-17 07:00:00+00:00,48224.5
2019-03-17 08:00:00+00:00,51471.75
2019-03-17 09:00:00+00:00,53398.25
2019-03-17 10:00:00+00:00,55733.5
2019-03-17 11:00:00+00:00,54757.5
2019-03-17 12:00:00+00:00,53425.5
2019-03-17 13:00:00+00:00,52231.25
2019-03-17 14:00:00+00:00,51733.5
2019-03-17 15:00:00+00:00,52360.75
2019-03-17 16:00:00+00:00,53687.75
2019-03-17 17:00:00+00:00,56269.0
2019-03-17 18:00:00+00:00,57584.75
2019-03-17 19:00:00+00:00,55127.0
2019-03-17 20:00:00+00:00,53334.0
2019-03-17 21:00:00+00:00,53571.5
2019-03-17 22:00:00+00:00,50682.0
2019-03-17 23:00:00+00:00,48196.25
2019-03-18 00:00:00+00:00,47160.25
2019-03-18 01:00:00+00:00,46695.75
2019-03-18 02:00:00+00:00,47405.0
2019-03-18 03:00:00+00:00,49179.75
2019-03-18 04:00:00+00:00,52679.75
2019-03-18 05:00:00+00:00,60325.75
2019-03-18 06:00:00+00:00,65967.0
2019-03-18 07:00:00+00:00,68792.75
2019-03-18 08:00:00+00:00,69040.75
2019-03-18 09:00:00+00:00,69695.75
2019-03-18 10:00:00+00:00,70766.0
2019-03-18 11:00:00+00:00,70437.75
2019-03-18 12:00:00+00:00,69215.5
2019-03-18 13:00:00+00:00,68295.25
2019-03-18 14:00:00+00:00,67526.25
2019-03-18 15:00:00+00:00,66115.0
2019-03-18 16:00:00+00:00,66307.75
2019-03-18 17:00:00+00:00,68244.5
2019-03-18 18:00:00+00:00,70157.0
2019-03-18 19:00:00+00:00,65999.25
2019-03-18 20:00:00+00:00,62376.25
2019-03-18 21:00:00+00:00,58957.0
2019-03-18 22:00:00+00:00,54555.5
2019-03-18 23:00:00+00:00,51795.5
2019-03-19 00:00:00+00:00,50523.5
2019-03-19 01:00:00+00:00,49805.75
2019-03-19 02:00:00+00:00,50476.75
2019-03-19 03:00:00+00:00,52356.25
2019-03-19 04:00:00+00:00,56173.25
2019-03-19 05:00:00+00:00,63129.25
2019-03-19 06:00:00+00:00,67489.5
2019-03-19 07:00:00+00:00,68944.0
2019-03-19 08:00:00+00:00,68939.25
2019-03-19 09:00:00+00:00,69743.5
2019-03-19 10:00:00+00:00,70543.75
2019-03-19 11:00:00+00:00,69463.75
2019-03-19 12:00:00+00:00,68757.5
2019-03-19 13:00:00+00:00,68202.25
2019-03-19 14:00:00+00:00,67099.5
2019-03-19 15:00:00+00:00,66023.25
2019-03-19 16:00:00+00:00,66449.25
2019-03-19 17:00:00+00:00,68496.25
2019-03-19 18:00:00+00:00,70581.5
2019-03-19 19:00:00+00:00,66664.75
2019-03-19 20:00:00+00:00,62932.0
2019-03-19 21:00:00+00:00,59938.5
2019-03-19 22:00:00+00:00,56149.25
2019-03-19 23:00:00+00:00,52963.25
2019-03-20 00:00:00+00:00,51401.75
2019-03-20 01:00:00+00:00,50741.0
2019-03-20 02:00:00+00:00,51371.25
2019-03-20 03:00:00+00:00,52906.25
2019-03-20 04:00:00+00:00,56948.0
2019-03-20 05:00:00+00:00,63551.75
2019-03-20 06:00:00+00:00,68044.75
2019-03-20 07:00:00+00:00,69949.25
2019-03-20 08:00:00+00:00,69887.25
2019-03-20 09:00:00+00:00,69990.25
2019-03-20 10:00:00+00:00,70134.75
2019-03-20 11:00:00+00:00,69711.25
2019-03-20 12:00:00+00:00,69588.75
2019-03-20 13:00:00+00:00,68207.75
2019-03-20 14:00:00+00:00,66806.75
2019-03-20 15:00:00+00:00,65638.0
2019-03-20 16:00:00+00:00,66152.75
2019-03-20 17:00:00+00:00,68513.5
2019-03-20 18:00:00+00:00,70588.75
2019-03-20 19:00:00+00:00,66645.5
2019-03-20 20:00:00+00:00,62874.5
2019-03-20 21:00:00+00:00,59627.5
2019-03-20 22:00:00+00:00,54937.0
2019-03-20 23:00:00+00:00,51609.75
2019-03-21 00:00:00+00:00,49703.75
2019-03-21 01:00:00+00:00,48860.5
2019-03-21 02:00:00+00:00,49946.75
2019-03-21 03:00:00+00:00,51339.5
2019-03-21 04:00:00+00:00,55596.5
2019-03-21 05:00:00+00:00,62763.75
2019-03-21 06:00:00+00:00,67680.0
2019-03-21 07:00:00+00:00,69743.0
2019-03-21 08:00:00+00:00,69615.25
2019-03-21 09:00:00+00:00,69583.0
2019-03-21 10:00:00+00:00,70673.25
2019-03-21 11:00:00+00:00,70454.0
2019-03-21 12:00:00+00:00,69356.5
2019-03-21 13:00:00+00:00,67809.75
2019-03-21 14:00:00+00:00,66628.25
2019-03-21 15:00:00+00:00,64862.25
2019-03-21 16:00:00+00:00,65787.75
2019-03-21 17:00:00+00:00,68244.75
2019-03-21 18:00:00+00:00,70565.0
2019-03-21 19:00:00+00:00,66526.5
2019-03-21 20:00:00+00:00,62353.0
2019-03-21 21:00:00+00:00,58862.0
2019-03-21 22:00:00+00:00,54596.25
2019-03-21 23:00:00+00:00,50937.25
2019-03-22 00:00:00+00:00,49099.25
2019-03-22 01:00:00+00:00,48133.0
2019-03-22 02:00:00+00:00,48781.5
2019-03-22 03:00:00+00:00,50276.25
2019-03-22 04:00:00+00:00,54455.0
2019-03-22 05:00:00+00:00,61421.25
2019-03-22 06:00:00+00:00,66270.5
2019-03-22 07:00:00+00:00,68266.5
2019-03-22 08:00:00+00:00,68175.0
2019-03-22 09:00:00+00:00,68334.25
2019-03-22 10:00:00+00:00,68450.0
2019-03-22 11:00:00+00:00,67417.5
2019-03-22 12:00:00+00:00,66159.75
2019-03-22 13:00:00+00:00,64536.75
2019-03-22 14:00:00+00:00,63449.75
2019-03-22 15:00:00+00:00,62030.75
2019-03-22 16:00:00+00:00,62878.5
2019-03-22 17:00:00+00:00,64644.25
2019-03-22 18:00:00+00:00,66630.75
2019-03-22 19:00:00+00:00,63084.75
2019-03-22 20:00:00+00:00,59173.75
2019-03-22 21:00:00+00:00,55890.25
2019-03-22 22:00:00+00:00,52057.5
2019-03-22 23:00:00+00:00,48727.5
2019-03-23 00:00:00+00:00,46357.25
2019-03-23 01:00:00+00:00,45117.75
2019-03-23 02:00:00+00:00,45364.0
2019-03-23 03:00:00+00:00,45584.5
2019-03-23 04:00:00+00:00,46230.0
2019-03-23 05:00:00+00:00,46987.25
2019-03-23 06:00:00+00:00,50231.75
2019-03-23 07:00:00+00:00,54009.25
2019-03-23 08:00:00+00:00,56626.75
2019-03-23 09:00:00+00:00,57367.5
2019-03-23 10:00:00+00:00,57471.5
2019-03-23 11:00:00+00:00,56775.25
2019-03-23 12:00:00+00:00,54969.5
2019-03-23 13:00:00+00:00,53486.5
2019-03-23 14:00:00+00:00,52843.5
2019-03-23 15:00:00+00:00,51835.75
2019-03-23 16:00:00+00:00,53226.25
2019-03-23 17:00:00+00:00,55992.75
2019-03-23 18:00:00+00:00,57787.0
2019-03-23 19:00:00+00:00,54443.0
2019-03-23 20:00:00+00:00,51229.5
2019-03-23 21:00:00+00:00,49750.75
2019-03-23 22:00:00+00:00,46307.25
2019-03-23 23:00:00+00:00,43354.0
2019-03-24 00:00:00+00:00,41699.0
2019-03-24 01:00:00+00:00,40689.25
2019-03-24 02:00:00+00:00,40872.0
2019-03-24 03:00:00+00:00,41548.25
2019-03-24 04:00:00+00:00,41636.5
2019-03-24 05:00:00+00:00,40845.75
2019-03-24 06:00:00+00:00,43294.0
2019-03-24 07:00:00+00:00,46683.75
2019-03-24 08:00:00+00:00,49480.5
2019-03-24 09:00:00+00:00,51051.75
2019-03-24 10:00:00+00:00,52617.25
2019-03-24 11:00:00+00:00,52181.0
2019-03-24 12:00:00+00:00,50538.5
2019-03-24 13:00:00+00:00,48875.75
2019-03-24 14:00:00+00:00,48236.75
2019-03-24 15:00:00+00:00,48625.5
2019-03-24 16:00:00+00:00,50279.25
2019-03-24 17:00:00+00:00,53674.25
2019-03-24 18:00:00+00:00,56589.25
2019-03-24 19:00:00+00:00,54381.0
2019-03-24 20:00:00+00:00,52386.5
2019-03-24 21:00:00+00:00,52088.0
2019-03-24 22:00:00+00:00,49165.75
2019-03-24 23:00:00+00:00,46500.5
2019-03-25 00:00:00+00:00,45301.25
2019-03-25 01:00:00+00:00,44891.0
2019-03-25 02:00:00+00:00,45511.75
2019-03-25 03:00:00+00:00,47858.75
2019-03-25 04:00:00+00:00,51801.0
2019-03-25 05:00:00+00:00,58797.0
2019-03-25 06:00:00+00:00,64559.0
2019-03-25 07:00:00+00:00,67656.5
2019-03-25 08:00:00+00:00,68656.25
2019-03-25 09:00:00+00:00,69940.75
2019-03-25 10:00:00+00:00,71091.75
2019-03-25 11:00:00+00:00,70340.0
2019-03-25 12:00:00+00:00,70202.0
2019-03-25 13:00:00+00:00,68842.5
2019-03-25 14:00:00+00:00,68284.0
2019-03-25 15:00:00+00:00,66843.25
2019-03-25 16:00:00+00:00,66254.25
2019-03-25 17:00:00+00:00,67680.25
2019-03-25 18:00:00+00:00,69577.5
2019-03-25 19:00:00+00:00,66088.75
2019-03-25 20:00:00+00:00,61741.5
2019-03-25 21:00:00+00:00,58317.5
2019-03-25 22:00:00+00:00,53581.0
2019-03-25 23:00:00+00:00,51158.0
2019-03-26 00:00:00+00:00,49648.25
2019-03-26 01:00:00+00:00,49369.5
2019-03-26 02:00:00+00:00,50323.75
2019-03-26 03:00:00+00:00,51663.0
2019-03-26 04:00:00+00:00,54868.5
2019-03-26 05:00:00+00:00,61549.25
2019-03-26 06:00:00+00:00,66528.5
2019-03-26 07:00:00+00:00,69129.5
2019-03-26 08:00:00+00:00,69590.5
2019-03-26 09:00:00+00:00,70420.75
2019-03-26 10:00:00+00:00,71157.5
2019-03-26 11:00:00+00:00,70061.5
2019-03-26 12:00:00+00:00,69471.5
2019-03-26 13:00:00+00:00,68641.75
2019-03-26 14:00:00+00:00,67527.0
2019-03-26 15:00:00+00:00,66509.5
2019-03-26 16:00:00+00:00,66635.0
2019-03-26 17:00:00+00:00,67924.0
2019-03-26 18:00:00+00:00,69060.5
2019-03-26 19:00:00+00:00,65447.25
2019-03-26 20:00:00+00:00,61481.75
2019-03-26 21:00:00+00:00,58272.5
2019-03-26 22:00:00+00:00,53915.5
2019-03-26 23:00:00+00:00,50545.25
2019-03-27 00:00:00+00:00,48723.25
2019-03-27 01:00:00+00:00,48124.25
2019-03-27 02:00:00+00:00,48581.0
2019-03-27 03:00:00+00:00,50278.75
2019-03-27 04:00:00+00:00,54273.75
2019-03-27 05:00:00+00:00,61423.0
2019-03-27 06:00:00+00:00,66521.0
2019-03-27 07:00:00+00:00,68907.25
2019-03-27 08:00:00+00:00,69224.25
2019-03-27 09:00:00+00:00,69978.75
2019-03-27 10:00:00+00:00,71103.0
2019-03-27 11:00:00+00:00,70003.5
2019-03-27 12:00:00+00:00,69107.25
2019-03-27 13:00:00+00:00,68139.0
2019-03-27 14:00:00+00:00,67195.5
2019-03-27 15:00:00+00:00,65933.5
2019-03-27 16:00:00+00:00,66372.0
2019-03-27 17:00:00+00:00,67945.0
2019-03-27 18:00:00+00:00,69716.5
2019-03-27 19:00:00+00:00,66010.75
2019-03-27 20:00:00+00:00,61774.0
2019-03-27 21:00:00+00:00,58198.75
2019-03-27 22:00:00+00:00,53365.25
2019-03-27 23:00:00+00:00,49814.25
2019-03-28 00:00:00+00:00,48260.0
2019-03-28 01:00:00+00:00,47170.5
2019-03-28 02:00:00+00:00,48026.25
2019-03-28 03:00:00+00:00,49386.75
2019-03-28 04:00:00+00:00,53407.25
2019-03-28 05:00:00+00:00,60259.25
2019-03-28 06:00:00+00:00,65150.5
2019-03-28 07:00:00+00:00,67511.0
2019-03-28 08:00:00+00:00,67697.75
2019-03-28 09:00:00+00:00,68351.0
2019-03-28 10:00:00+00:00,69514.75
2019-03-28 11:00:00+00:00,68569.75
2019-03-28 12:00:00+00:00,67908.25
2019-03-28 13:00:00+00:00,66886.0
2019-03-28 14:00:00+00:00,66024.25
2019-03-28 15:00:00+00:00,64860.0
2019-03-28 16:00:00+00:00,65268.75
2019-03-28 17:00:00+00:00,66425.25
2019-03-28 18:00:00+00:00,68022.25
2019-03-28 19:00:00+00:00,64804.5
2019-03-28 20:00:00+00:00,61146.0
2019-03-28 21:00:00+00:00,57681.0
2019-03-28 22:00:00+00:00,53108.25
2019-03-28 23:00:00+00:00,49425.0
2019-03-29 00:00:00+00:00,47234.25
2019-03-29 01:00:00+00:00,46239.25
2019-03-29 02:00:00+00:00,47040.25
2019-03-29 03:00:00+00:00,49102.0
2019-03-29 04:00:00+00:00,53171.75
2019-03-29 05:00:00+00:00,59721.5
2019-03-29 06:00:00+00:00,64606.75
2019-03-29 07:00:00+00:00,66941.25
2019-03-29 08:00:00+00:00,66815.5
2019-03-29 09:00:00+00:00,67299.0
2019-03-29 10:00:00+00:00,67660.75
2019-03-29 11:00:00+00:00,66545.5
2019-03-29 12:00:00+00:00,64753.0
2019-03-29 13:00:00+00:00,63310.5
2019-03-29 14:00:00+00:00,62219.25
2019-03-29 15:00:00+00:00,61073.5
2019-03-29 16:00:00+00:00,61244.5
2019-03-29 17:00:00+00:00,62649.25
2019-03-29 18:00:00+00:00,64945.75
2019-03-29 19:00:00+00:00,61733.5
2019-03-29 20:00:00+00:00,58069.25
2019-03-29 21:00:00+00:00,54554.75
2019-03-29 22:00:00+00:00,50247.0
2019-03-29 23:00:00+00:00,46998.0
2019-03-30 00:00:00+00:00,45176.25
2019-03-30 01:00:00+00:00,44302.0
2019-03-30 02:00:00+00:00,44250.5
2019-03-30 03:00:00+00:00,44865.25
2019-03-30 04:00:00+00:00,45238.75
2019-03-30 05:00:00+00:00,45605.5
2019-03-30 06:00:00+00:00,48676.25
2019-03-30 07:00:00+00:00,52875.5
2019-03-30 08:00:00+00:00,54780.75
2019-03-30 09:00:00+00:00,55042.0
2019-03-30 10:00:00+00:00,54990.0
2019-03-30 11:00:00+00:00,54183.25
2019-03-30 12:00:00+00:00,52527.5
2019-03-30 13:00:00+00:00,50918.0
2019-03-30 14:00:00+00:00,50411.25
2019-03-30 15:00:00+00:00,49589.5
2019-03-30 16:00:00+00:00,50570.0
2019-03-30 17:00:00+00:00,52806.0
2019-03-30 18:00:00+00:00,55231.0
2019-03-30 19:00:00+00:00,52521.0
2019-03-30 20:00:00+00:00,49407.25
2019-03-30 21:00:00+00:00,47894.0
2019-03-30 22:00:00+00:00,44761.25
2019-03-30 23:00:00+00:00,42895.0
2019-03-31 00:00:00+00:00,38371.25
2019-03-31 01:00:00+00:00,40441.0
2019-03-31 02:00:00+00:00,40486.75
2019-03-31 03:00:00+00:00,41101.75
2019-03-31 04:00:00+00:00,41365.0
2019-03-31 05:00:00+00:00,42021.25
2019-03-31 06:00:00+00:00,44951.75
2019-03-31 07:00:00+00:00,48530.5
2019-03-31 08:00:00+00:00,51372.0
2019-03-31 09:00:00+00:00,53350.25
2019-03-31 10:00:00+00:00,53168.75
2019-03-31 11:00:00+00:00,51122.5
2019-03-31 12:00:00+00:00,49344.0
2019-03-31 13:00:00+00:00,48109.75
2019-03-31 14:00:00+00:00,47779.75
2019-03-31 15:00:00+00:00,48772.0
2019-03-31 16:00:00+00:00,49940.0
2019-03-31 17:00:00+00:00,51218.75
2019-03-31 18:00:00+00:00,52976.5
2019-03-31 19:00:00+00:00,51370.25
2019-03-31 20:00:00+00:00,50593.0
2019-03-31 21:00:00+00:00,47435.75
2019-03-31 22:00:00+00:00,44134.0
2019-03-31 23:00:00+00:00,42551.5
2019-04-01 00:00:00+00:00,42048.25
2019-04-01 01:00:00+00:00,42742.25
2019-04-01 02:00:00+00:00,45164.5
2019-04-01 03:00:00+00:00,49486.25
2019-04-01 04:00:00+00:00,58377.25
2019-04-01 05:00:00+00:00,63510.0
2019-04-01 06:00:00+00:00,66000.25
2019-04-01 07:00:00+00:00,66424.25
2019-04-01 08:00:00+00:00,67007.5
2019-04-01 09:00:00+00:00,67434.75
2019-04-01 10:00:00+00:00,66425.25
2019-04-01 11:00:00+00:00,65939.5
2019-04-01 12:00:00+00:00,64793.25
2019-04-01 13:00:00+00:00,63627.0
2019-04-01 14:00:00+00:00,61934.0
2019-04-01 15:00:00+00:00,61528.5
2019-04-01 16:00:00+00:00,62268.25
2019-04-01 17:00:00+00:00,63488.0
2019-04-01 18:00:00+00:00,64133.0
2019-04-01 19:00:00+00:00,61270.0
2019-04-01 20:00:00+00:00,57768.75
2019-04-01 21:00:00+00:00,53344.75
2019-04-01 22:00:00+00:00,50758.75
2019-04-01 23:00:00+00:00,49008.0
2019-04-02 00:00:00+00:00,48153.75
2019-04-02 01:00:00+00:00,48941.75
2019-04-02 02:00:00+00:00,50335.25
2019-04-02 03:00:00+00:00,54186.5
2019-04-02 04:00:00+00:00,61916.5
2019-04-02 05:00:00+00:00,66305.0
2019-04-02 06:00:00+00:00,68207.75
2019-04-02 07:00:00+00:00,68336.75
2019-04-02 08:00:00+00:00,68726.5
2019-04-02 09:00:00+00:00,69134.75
2019-04-02 10:00:00+00:00,68712.5
2019-04-02 11:00:00+00:00,68679.25
2019-04-02 12:00:00+00:00,67697.25
2019-04-02 13:00:00+00:00,66779.5
2019-04-02 14:00:00+00:00,65285.25
2019-04-02 15:00:00+00:00,64779.25
2019-04-02 16:00:00+00:00,64999.0
2019-04-02 17:00:00+00:00,65130.75
2019-04-02 18:00:00+00:00,65508.5
2019-04-02 19:00:00+00:00,62352.0
2019-04-02 20:00:00+00:00,58098.75
2019-04-02 21:00:00+00:00,53334.5
2019-04-02 22:00:00+00:00,49788.0
2019-04-02 23:00:00+00:00,47713.75
2019-04-03 00:00:00+00:00,47212.25
2019-04-03 01:00:00+00:00,47419.25
2019-04-03 02:00:00+00:00,48669.0
2019-04-03 03:00:00+00:00,52927.75
2019-04-03 04:00:00+00:00,61141.25
2019-04-03 05:00:00+00:00,65665.25
2019-04-03 06:00:00+00:00,67682.5
2019-04-03 07:00:00+00:00,68115.75
2019-04-03 08:00:00+00:00,69210.0
2019-04-03 09:00:00+00:00,69934.0
2019-04-03 10:00:00+00:00,69276.25
2019-04-03 11:00:00+00:00,69037.25
2019-04-03 12:00:00+00:00,68134.5
2019-04-03 13:00:00+00:00,67055.0
2019-04-03 14:00:00+00:00,65736.75
2019-04-03 15:00:00+00:00,65683.0
2019-04-03 16:00:00+00:00,65618.5
2019-04-03 17:00:00+00:00,66093.75
2019-04-03 18:00:00+00:00,65289.5
2019-04-03 19:00:00+00:00,61942.0
2019-04-03 20:00:00+00:00,57916.0
2019-04-03 21:00:00+00:00,53287.25
2019-04-03 22:00:00+00:00,50535.25
2019-04-03 23:00:00+00:00,48709.5
2019-04-04 00:00:00+00:00,47803.0
2019-04-04 01:00:00+00:00,47989.5
2019-04-04 02:00:00+00:00,49668.5
2019-04-04 03:00:00+00:00,53409.0
2019-04-04 04:00:00+00:00,60945.75
2019-04-04 05:00:00+00:00,66044.25
2019-04-04 06:00:00+00:00,68348.0
2019-04-04 07:00:00+00:00,68439.25
2019-04-04 08:00:00+00:00,69666.75
2019-04-04 09:00:00+00:00,70357.75
2019-04-04 10:00:00+00:00,70151.5
2019-04-04 11:00:00+00:00,69335.75
2019-04-04 12:00:00+00:00,68312.0
2019-04-04 13:00:00+00:00,67388.25
2019-04-04 14:00:00+00:00,65723.0
2019-04-04 15:00:00+00:00,65616.75
2019-04-04 16:00:00+00:00,65562.0
2019-04-04 17:00:00+00:00,65595.0
2019-04-04 18:00:00+00:00,65030.0
2019-04-04 19:00:00+00:00,62053.0
2019-04-04 20:00:00+00:00,58642.0
2019-04-04 21:00:00+00:00,54155.0
2019-04-04 22:00:00+00:00,50883.25
2019-04-04 23:00:00+00:00,48821.75
2019-04-05 00:00:00+00:00,47780.5
2019-04-05 01:00:00+00:00,48088.5
2019-04-05 02:00:00+00:00,49663.25
2019-04-05 03:00:00+00:00,53148.75
2019-04-05 04:00:00+00:00,60675.75
2019-04-05 05:00:00+00:00,66062.75
2019-04-05 06:00:00+00:00,68983.5
2019-04-05 07:00:00+00:00,69604.0
2019-04-05 08:00:00+00:00,70104.75
2019-04-05 09:00:00+00:00,70529.5
2019-04-05 10:00:00+00:00,69533.0
2019-04-05 11:00:00+00:00,68332.25
2019-04-05 12:00:00+00:00,66432.25
2019-04-05 13:00:00+00:00,65159.75
2019-04-05 14:00:00+00:00,63736.75
2019-04-05 15:00:00+00:00,63754.75
2019-04-05 16:00:00+00:00,63600.5
2019-04-05 17:00:00+00:00,63434.5
2019-04-05 18:00:00+00:00,62281.0
2019-04-05 19:00:00+00:00,58719.75
2019-04-05 20:00:00+00:00,55125.25
2019-04-05 21:00:00+00:00,51325.5
2019-04-05 22:00:00+00:00,47837.0
2019-04-05 23:00:00+00:00,45734.25
2019-04-06 00:00:00+00:00,44842.0
2019-04-06 01:00:00+00:00,44609.75
2019-04-06 02:00:00+00:00,44750.25
2019-04-06 03:00:00+00:00,45459.25
2019-04-06 04:00:00+00:00,46773.0
2019-04-06 05:00:00+00:00,49208.0
2019-04-06 06:00:00+00:00,52979.5
2019-04-06 07:00:00+00:00,55534.75
2019-04-06 08:00:00+00:00,56240.5
2019-04-06 09:00:00+00:00,55963.25
2019-04-06 10:00:00+00:00,55614.75
2019-04-06 11:00:00+00:00,54155.25
2019-04-06 12:00:00+00:00,52628.25
2019-04-06 13:00:00+00:00,51996.0
2019-04-06 14:00:00+00:00,50898.25
2019-04-06 15:00:00+00:00,50656.5
2019-04-06 16:00:00+00:00,51499.75
2019-04-06 17:00:00+00:00,51664.25
2019-04-06 18:00:00+00:00,52040.25
2019-04-06 19:00:00+00:00,50896.0
2019-04-06 20:00:00+00:00,49292.75
2019-04-06 21:00:00+00:00,45733.25
2019-04-06 22:00:00+00:00,42339.0
2019-04-06 23:00:00+00:00,40218.0
2019-04-07 00:00:00+00:00,39092.0
2019-04-07 01:00:00+00:00,39130.75
2019-04-07 02:00:00+00:00,39479.5
2019-04-07 03:00:00+00:00,39990.0
2019-04-07 04:00:00+00:00,39878.75
2019-04-07 05:00:00+00:00,41602.25
2019-04-07 06:00:00+00:00,45403.5
2019-04-07 07:00:00+00:00,48417.0
2019-04-07 08:00:00+00:00,50095.5
2019-04-07 09:00:00+00:00,51555.25
2019-04-07 10:00:00+00:00,51098.5
2019-04-07 11:00:00+00:00,49005.25
2019-04-07 12:00:00+00:00,47294.25
2019-04-07 13:00:00+00:00,46591.0
2019-04-07 14:00:00+00:00,46299.25
2019-04-07 15:00:00+00:00,47490.5
2019-04-07 16:00:00+00:00,48841.75
2019-04-07 17:00:00+00:00,49993.0
2019-04-07 18:00:00+00:00,51194.5
2019-04-07 19:00:00+00:00,49817.75
2019-04-07 20:00:00+00:00,48863.5
2019-04-07 21:00:00+00:00,45716.5
2019-04-07 22:00:00+00:00,42710.5
2019-04-07 23:00:00+00:00,41474.75
2019-04-08 00:00:00+00:00,41017.75
2019-04-08 01:00:00+00:00,41710.0
2019-04-08 02:00:00+00:00,43700.5
2019-04-08 03:00:00+00:00,48616.0
2019-04-08 04:00:00+00:00,57769.0
2019-04-08 05:00:00+00:00,63452.0
2019-04-08 06:00:00+00:00,66351.0
2019-04-08 07:00:00+00:00,66594.25
2019-04-08 08:00:00+00:00,67290.75
2019-04-08 09:00:00+00:00,67846.0
2019-04-08 10:00:00+00:00,67573.25
2019-04-08 11:00:00+00:00,67026.75
2019-04-08 12:00:00+00:00,65716.0
2019-04-08 13:00:00+00:00,64768.25
2019-04-08 14:00:00+00:00,63275.5
2019-04-08 15:00:00+00:00,62794.25
2019-04-08 16:00:00+00:00,63205.25
2019-04-08 17:00:00+00:00,63197.5
2019-04-08 18:00:00+00:00,63012.25
2019-04-08 19:00:00+00:00,60334.75
2019-04-08 20:00:00+00:00,56422.75
2019-04-08 21:00:00+00:00,51620.0
2019-04-08 22:00:00+00:00,49101.75
2019-04-08 23:00:00+00:00,47133.75
2019-04-09 00:00:00+00:00,46345.25
2019-04-09 01:00:00+00:00,46745.0
2019-04-09 02:00:00+00:00,48236.5
2019-04-09 03:00:00+00:00,52016.0
2019-04-09 04:00:00+00:00,60000.0
2019-04-09 05:00:00+00:00,64634.75
2019-04-09 06:00:00+00:00,67133.0
2019-04-09 07:00:00+00:00,67567.0
2019-04-09 08:00:00+00:00,68680.5
2019-04-09 09:00:00+00:00,69347.25
2019-04-09 10:00:00+00:00,68647.0
2019-04-09 11:00:00+00:00,67898.25
2019-04-09 12:00:00+00:00,66506.5
2019-04-09 13:00:00+00:00,65267.0
2019-04-09 14:00:00+00:00,64240.25
2019-04-09 15:00:00+00:00,64467.5
2019-04-09 16:00:00+00:00,64710.5
2019-04-09 17:00:00+00:00,64947.25
2019-04-09 18:00:00+00:00,64434.25
2019-04-09 19:00:00+00:00,61173.5
2019-04-09 20:00:00+00:00,57240.25
2019-04-09 21:00:00+00:00,52460.25
2019-04-09 22:00:00+00:00,49287.75
2019-04-09 23:00:00+00:00,47683.25
2019-04-10 00:00:00+00:00,46852.0
2019-04-10 01:00:00+00:00,47856.25
2019-04-10 02:00:00+00:00,49493.75
2019-04-10 03:00:00+00:00,53241.5
2019-04-10 04:00:00+00:00,60602.0
2019-04-10 05:00:00+00:00,65159.25
2019-04-10 06:00:00+00:00,67406.5
2019-04-10 07:00:00+00:00,67753.5
2019-04-10 08:00:00+00:00,68488.25
2019-04-10 09:00:00+00:00,68685.75
2019-04-10 10:00:00+00:00,67965.25
2019-04-10 11:00:00+00:00,67490.75
2019-04-10 12:00:00+00:00,66210.0
2019-04-10 13:00:00+00:00,65237.75
2019-04-10 14:00:00+00:00,63864.25
2019-04-10 15:00:00+00:00,63643.0
2019-04-10 16:00:00+00:00,63808.5
2019-04-10 17:00:00+00:00,63713.0
2019-04-10 18:00:00+00:00,63487.25
2019-04-10 19:00:00+00:00,60899.0
2019-04-10 20:00:00+00:00,56890.5
2019-04-10 21:00:00+00:00,52770.25
2019-04-10 22:00:00+00:00,49478.75
2019-04-10 23:00:00+00:00,47944.25
2019-04-11 00:00:00+00:00,47260.5
2019-04-11 01:00:00+00:00,47691.75
2019-04-11 02:00:00+00:00,49273.0
2019-04-11 03:00:00+00:00,52361.25
2019-04-11 04:00:00+00:00,59638.0
2019-04-11 05:00:00+00:00,64267.75
2019-04-11 06:00:00+00:00,66388.25
2019-04-11 07:00:00+00:00,66167.75
2019-04-11 08:00:00+00:00,66779.25
2019-04-11 09:00:00+00:00,67729.0
2019-04-11 10:00:00+00:00,67508.75
2019-04-11 11:00:00+00:00,66572.5
2019-04-11 12:00:00+00:00,64801.25
2019-04-11 13:00:00+00:00,64388.5
2019-04-11 14:00:00+00:00,63078.75
2019-04-11 15:00:00+00:00,63240.0
2019-04-11 16:00:00+00:00,63386.25
2019-04-11 17:00:00+00:00,63616.5
2019-04-11 18:00:00+00:00,63604.0
2019-04-11 19:00:00+00:00,61064.75
2019-04-11 20:00:00+00:00,57414.0
2019-04-11 21:00:00+00:00,52828.0
2019-04-11 22:00:00+00:00,49731.0
2019-04-11 23:00:00+00:00,48446.0
2019-04-12 00:00:00+00:00,47747.75
2019-04-12 01:00:00+00:00,48254.5
2019-04-12 02:00:00+00:00,49684.0
2019-04-12 03:00:00+00:00,52858.0
2019-04-12 04:00:00+00:00,59886.25
2019-04-12 05:00:00+00:00,65159.5
2019-04-12 06:00:00+00:00,67928.25
2019-04-12 07:00:00+00:00,68103.75
2019-04-12 08:00:00+00:00,68718.5
2019-04-12 09:00:00+00:00,69131.75
2019-04-12 10:00:00+00:00,67792.25
2019-04-12 11:00:00+00:00,66512.5
2019-04-12 12:00:00+00:00,64693.75
2019-04-12 13:00:00+00:00,63569.75
2019-04-12 14:00:00+00:00,62686.25
2019-04-12 15:00:00+00:00,62849.25
2019-04-12 16:00:00+00:00,62924.25
2019-04-12 17:00:00+00:00,62629.0
2019-04-12 18:00:00+00:00,62224.75
2019-04-12 19:00:00+00:00,59615.75
2019-04-12 20:00:00+00:00,56626.25
2019-04-12 21:00:00+00:00,52736.0
2019-04-12 22:00:00+00:00,49290.0
2019-04-12 23:00:00+00:00,46976.75
2019-04-13 00:00:00+00:00,45734.0
2019-04-13 01:00:00+00:00,45625.5
2019-04-13 02:00:00+00:00,45932.5
2019-04-13 03:00:00+00:00,46230.25
2019-04-13 04:00:00+00:00,47509.75
2019-04-13 05:00:00+00:00,50291.0
2019-04-13 06:00:00+00:00,54070.5
2019-04-13 07:00:00+00:00,57081.0
2019-04-13 08:00:00+00:00,58706.0
2019-04-13 09:00:00+00:00,59052.75
2019-04-13 10:00:00+00:00,58173.75
2019-04-13 11:00:00+00:00,56208.0
2019-04-13 12:00:00+00:00,54690.75
2019-04-13 13:00:00+00:00,54128.0
2019-04-13 14:00:00+00:00,53639.25
2019-04-13 15:00:00+00:00,54134.25
2019-04-13 16:00:00+00:00,55107.25
2019-04-13 17:00:00+00:00,55017.25
2019-04-13 18:00:00+00:00,54643.75
2019-04-13 19:00:00+00:00,53120.25
2019-04-13 20:00:00+00:00,51346.5
2019-04-13 21:00:00+00:00,47891.0
2019-04-13 22:00:00+00:00,45425.5
2019-04-13 23:00:00+00:00,43455.75
2019-04-14 00:00:00+00:00,42163.0
2019-04-14 01:00:00+00:00,42000.5
2019-04-14 02:00:00+00:00,42377.25
2019-04-14 03:00:00+00:00,42397.5
2019-04-14 04:00:00+00:00,42185.5
2019-04-14 05:00:00+00:00,43804.0
2019-04-14 06:00:00+00:00,46949.5
2019-04-14 07:00:00+00:00,50271.5
2019-04-14 08:00:00+00:00,52493.0
2019-04-14 09:00:00+00:00,54471.25
2019-04-14 10:00:00+00:00,54107.75
2019-04-14 11:00:00+00:00,52282.0
2019-04-14 12:00:00+00:00,50352.75
2019-04-14 13:00:00+00:00,49314.0
2019-04-14 14:00:00+00:00,49266.75
2019-04-14 15:00:00+00:00,50455.0
2019-04-14 16:00:00+00:00,51552.5
2019-04-14 17:00:00+00:00,51909.25
2019-04-14 18:00:00+00:00,52381.5
2019-04-14 19:00:00+00:00,51793.0
2019-04-14 20:00:00+00:00,51027.25
2019-04-14 21:00:00+00:00,47998.0
2019-04-14 22:00:00+00:00,45629.25
2019-04-14 23:00:00+00:00,44463.25
2019-04-15 00:00:00+00:00,43801.0
2019-04-15 01:00:00+00:00,44051.75
2019-04-15 02:00:00+00:00,45942.75
2019-04-15 03:00:00+00:00,50218.0
2019-04-15 04:00:00+00:00,57538.75
2019-04-15 05:00:00+00:00,62914.25
2019-04-15 06:00:00+00:00,65749.0
2019-04-15 07:00:00+00:00,66801.0
2019-04-15 08:00:00+00:00,67188.0
2019-04-15 09:00:00+00:00,67807.25
2019-04-15 10:00:00+00:00,66604.75
2019-04-15 11:00:00+00:00,65538.0
2019-04-15 12:00:00+00:00,64467.75
2019-04-15 13:00:00+00:00,63449.0
2019-04-15 14:00:00+00:00,62259.5
2019-04-15 15:00:00+00:00,62387.25
2019-04-15 16:00:00+00:00,62597.5
2019-04-15 17:00:00+00:00,62888.0
2019-04-15 18:00:00+00:00,62776.25
2019-04-15 19:00:00+00:00,60765.25
2019-04-15 20:00:00+00:00,57223.25
2019-04-15 21:00:00+00:00,53295.25
2019-04-15 22:00:00+00:00,50097.0
2019-04-15 23:00:00+00:00,48475.0
2019-04-16 00:00:00+00:00,47855.25
2019-04-16 01:00:00+00:00,48385.0
2019-04-16 02:00:00+00:00,49994.0
2019-04-16 03:00:00+00:00,54028.5
2019-04-16 04:00:00+00:00,60612.5
2019-04-16 05:00:00+00:00,65129.75
2019-04-16 06:00:00+00:00,67444.0
2019-04-16 07:00:00+00:00,68154.5
2019-04-16 08:00:00+00:00,67991.5
2019-04-16 09:00:00+00:00,68195.0
2019-04-16 10:00:00+00:00,67658.25
2019-04-16 11:00:00+00:00,66628.25
2019-04-16 12:00:00+00:00,65103.75
2019-04-16 13:00:00+00:00,64397.25
2019-04-16 14:00:00+00:00,63512.0
2019-04-16 15:00:00+00:00,63519.25
2019-04-16 16:00:00+00:00,63789.75
2019-04-16 17:00:00+00:00,63350.25
2019-04-16 18:00:00+00:00,63322.25
2019-04-16 19:00:00+00:00,61493.25
2019-04-16 20:00:00+00:00,57781.0
2019-04-16 21:00:00+00:00,53514.75
2019-04-16 22:00:00+00:00,50017.0
2019-04-16 23:00:00+00:00,47789.75
2019-04-17 00:00:00+00:00,47221.75
2019-04-17 01:00:00+00:00,47374.0
2019-04-17 02:00:00+00:00,48911.25
2019-04-17 03:00:00+00:00,52625.25
2019-04-17 04:00:00+00:00,58972.5
2019-04-17 05:00:00+00:00,63931.5
2019-04-17 06:00:00+00:00,66727.75
2019-04-17 07:00:00+00:00,67375.75
2019-04-17 08:00:00+00:00,68393.5
2019-04-17 09:00:00+00:00,68981.5
2019-04-17 10:00:00+00:00,67383.0
2019-04-17 11:00:00+00:00,66222.0
2019-04-17 12:00:00+00:00,64872.0
2019-04-17 13:00:00+00:00,63298.5
2019-04-17 14:00:00+00:00,61950.25
2019-04-17 15:00:00+00:00,61637.75
2019-04-17 16:00:00+00:00,61649.25
2019-04-17 17:00:00+00:00,62162.5
2019-04-17 18:00:00+00:00,62173.25
2019-04-17 19:00:00+00:00,60184.75
2019-04-17 20:00:00+00:00,56684.75
2019-04-17 21:00:00+00:00,52753.75
2019-04-17 22:00:00+00:00,49181.25
2019-04-17 23:00:00+00:00,47203.75
2019-04-18 00:00:00+00:00,46442.0
2019-04-18 01:00:00+00:00,46358.75
2019-04-18 02:00:00+00:00,47830.75
2019-04-18 03:00:00+00:00,51561.5
2019-04-18 04:00:00+00:00,57412.0
2019-04-18 05:00:00+00:00,62179.0
2019-04-18 06:00:00+00:00,64758.0
2019-04-18 07:00:00+00:00,65281.25
2019-04-18 08:00:00+00:00,65726.75
2019-04-18 09:00:00+00:00,65091.25
2019-04-18 10:00:00+00:00,64529.25
2019-04-18 11:00:00+00:00,64190.25
2019-04-18 12:00:00+00:00,62456.75
2019-04-18 13:00:00+00:00,61371.0
2019-04-18 14:00:00+00:00,60105.75
2019-04-18 15:00:00+00:00,59829.25
2019-04-18 16:00:00+00:00,59010.0
2019-04-18 17:00:00+00:00,58684.0
2019-04-18 18:00:00+00:00,58205.25
2019-04-18 19:00:00+00:00,56073.0
2019-04-18 20:00:00+00:00,52549.25
2019-04-18 21:00:00+00:00,48075.0
2019-04-18 22:00:00+00:00,44517.25
2019-04-18 23:00:00+00:00,42288.0
2019-04-19 00:00:00+00:00,41013.75
2019-04-19 01:00:00+00:00,40464.75
2019-04-19 02:00:00+00:00,40260.0
2019-04-19 03:00:00+00:00,40059.25
2019-04-19 04:00:00+00:00,39381.75
2019-04-19 05:00:00+00:00,41548.5
2019-04-19 06:00:00+00:00,45049.0
2019-04-19 07:00:00+00:00,47772.5
2019-04-19 08:00:00+00:00,49274.5
2019-04-19 09:00:00+00:00,50913.0
2019-04-19 10:00:00+00:00,50130.25
2019-04-19 11:00:00+00:00,48233.0
2019-04-19 12:00:00+00:00,46833.75
2019-04-19 13:00:00+00:00,45516.0
2019-04-19 14:00:00+00:00,44564.75
2019-04-19 15:00:00+00:00,45436.75
2019-04-19 16:00:00+00:00,46608.5
2019-04-19 17:00:00+00:00,47150.25
2019-04-19 18:00:00+00:00,47443.25
2019-04-19 19:00:00+00:00,46985.0
2019-04-19 20:00:00+00:00,45080.75
2019-04-19 21:00:00+00:00,41688.0
2019-04-19 22:00:00+00:00,38993.0
2019-04-19 23:00:00+00:00,37219.25
2019-04-20 00:00:00+00:00,36286.0
2019-04-20 01:00:00+00:00,35956.0
2019-04-20 02:00:00+00:00,36887.25
2019-04-20 03:00:00+00:00,38518.5
2019-04-20 04:00:00+00:00,39714.0
2019-04-20 05:00:00+00:00,42832.5
2019-04-20 06:00:00+00:00,46484.5
2019-04-20 07:00:00+00:00,49520.5
2019-04-20 08:00:00+00:00,50328.0
2019-04-20 09:00:00+00:00,50773.5
2019-04-20 10:00:00+00:00,50411.5
2019-04-20 11:00:00+00:00,49107.0
2019-04-20 12:00:00+00:00,47899.0
2019-04-20 13:00:00+00:00,46899.75
2019-04-20 14:00:00+00:00,46186.25
2019-04-20 15:00:00+00:00,47371.5
2019-04-20 16:00:00+00:00,47888.25
2019-04-20 17:00:00+00:00,47756.0
2019-04-20 18:00:00+00:00,47074.25
2019-04-20 19:00:00+00:00,46332.5
2019-04-20 20:00:00+00:00,44041.5
2019-04-20 21:00:00+00:00,41005.25
2019-04-20 22:00:00+00:00,38039.25
2019-04-20 23:00:00+00:00,35594.75
2019-04-21 00:00:00+00:00,34457.75
2019-04-21 01:00:00+00:00,34212.75
2019-04-21 02:00:00+00:00,34741.5
2019-04-21 03:00:00+00:00,35355.25
2019-04-21 04:00:00+00:00,35607.75
2019-04-21 05:00:00+00:00,37573.0
2019-04-21 06:00:00+00:00,41341.5
2019-04-21 07:00:00+00:00,43964.0
2019-04-21 08:00:00+00:00,44780.0
2019-04-21 09:00:00+00:00,45560.5
2019-04-21 10:00:00+00:00,44547.5
2019-04-21 11:00:00+00:00,42694.25
2019-04-21 12:00:00+00:00,41181.5
2019-04-21 13:00:00+00:00,40082.0
2019-04-21 14:00:00+00:00,39808.25
2019-04-21 15:00:00+00:00,40864.75
2019-04-21 16:00:00+00:00,42083.75
2019-04-21 17:00:00+00:00,42797.75
2019-04-21 18:00:00+00:00,43888.25
2019-04-21 19:00:00+00:00,44054.5
2019-04-21 20:00:00+00:00,42352.5
2019-04-21 21:00:00+00:00,39181.5
2019-04-21 22:00:00+00:00,36453.75
2019-04-21 23:00:00+00:00,34954.0
2019-04-22 00:00:00+00:00,34208.5
2019-04-22 01:00:00+00:00,34183.25
2019-04-22 02:00:00+00:00,34733.25
2019-04-22 03:00:00+00:00,35477.75
2019-04-22 04:00:00+00:00,35875.0
2019-04-22 05:00:00+00:00,38336.0
2019-04-22 06:00:00+00:00,41764.0
2019-04-22 07:00:00+00:00,44519.0
2019-04-22 08:00:00+00:00,46518.0
2019-04-22 09:00:00+00:00,48223.5
2019-04-22 10:00:00+00:00,47727.75
2019-04-22 11:00:00+00:00,46504.25
2019-04-22 12:00:00+00:00,44855.5
2019-04-22 13:00:00+00:00,44522.25
2019-04-22 14:00:00+00:00,44145.0
2019-04-22 15:00:00+00:00,45115.75
2019-04-22 16:00:00+00:00,46880.25
2019-04-22 17:00:00+00:00,47197.5
2019-04-22 18:00:00+00:00,47524.25
2019-04-22 19:00:00+00:00,47711.0
2019-04-22 20:00:00+00:00,46113.75
2019-04-22 21:00:00+00:00,42999.75
2019-04-22 22:00:00+00:00,40212.0
2019-04-22 23:00:00+00:00,38453.75
2019-04-23 00:00:00+00:00,37536.75
2019-04-23 01:00:00+00:00,37863.5
2019-04-23 02:00:00+00:00,39792.0
2019-04-23 03:00:00+00:00,45063.0
2019-04-23 04:00:00+00:00,52847.0
2019-04-23 05:00:00+00:00,59660.0
2019-04-23 06:00:00+00:00,63330.75
2019-04-23 07:00:00+00:00,64484.5
2019-04-23 08:00:00+00:00,65302.0
2019-04-23 09:00:00+00:00,66444.0
2019-04-23 10:00:00+00:00,66129.5
2019-04-23 11:00:00+00:00,65772.0
2019-04-23 12:00:00+00:00,64228.5
2019-04-23 13:00:00+00:00,63249.5
2019-04-23 14:00:00+00:00,62291.0
2019-04-23 15:00:00+00:00,61810.25
2019-04-23 16:00:00+00:00,61827.0
2019-04-23 17:00:00+00:00,61066.75
2019-04-23 18:00:00+00:00,60101.5
2019-04-23 19:00:00+00:00,57673.5
2019-04-23 20:00:00+00:00,53123.25
2019-04-23 21:00:00+00:00,48855.75
2019-04-23 22:00:00+00:00,45771.0
2019-04-23 23:00:00+00:00,44287.5
2019-04-24 00:00:00+00:00,43590.5
2019-04-24 01:00:00+00:00,44098.5
2019-04-24 02:00:00+00:00,45383.5
2019-04-24 03:00:00+00:00,48929.25
2019-04-24 04:00:00+00:00,55658.75
2019-04-24 05:00:00+00:00,61185.0
2019-04-24 06:00:00+00:00,64259.0
2019-04-24 07:00:00+00:00,65247.75
2019-04-24 08:00:00+00:00,66785.5
2019-04-24 09:00:00+00:00,67318.75
2019-04-24 10:00:00+00:00,66516.0
2019-04-24 11:00:00+00:00,65979.5
2019-04-24 12:00:00+00:00,64910.25
2019-04-24 13:00:00+00:00,63581.0
2019-04-24 14:00:00+00:00,62052.5
2019-04-24 15:00:00+00:00,61500.0
2019-04-24 16:00:00+00:00,61594.25
2019-04-24 17:00:00+00:00,61687.0
2019-04-24 18:00:00+00:00,60720.75
2019-04-24 19:00:00+00:00,59211.5
2019-04-24 20:00:00+00:00,55206.5
2019-04-24 21:00:00+00:00,50608.5
2019-04-24 22:00:00+00:00,47061.5
2019-04-24 23:00:00+00:00,44762.75
2019-04-25 00:00:00+00:00,43321.5
2019-04-25 01:00:00+00:00,43762.0
2019-04-25 02:00:00+00:00,45623.5
2019-04-25 03:00:00+00:00,49415.0
2019-04-25 04:00:00+00:00,55950.5
2019-04-25 05:00:00+00:00,61125.0
2019-04-25 06:00:00+00:00,64171.5
2019-04-25 07:00:00+00:00,65504.5
2019-04-25 08:00:00+00:00,66623.75
2019-04-25 09:00:00+00:00,67569.5
2019-04-25 10:00:00+00:00,67433.0
2019-04-25 11:00:00+00:00,65709.25
2019-04-25 12:00:00+00:00,64577.0
2019-04-25 13:00:00+00:00,63864.5
2019-04-25 14:00:00+00:00,62470.25
2019-04-25 15:00:00+00:00,62099.5
2019-04-25 16:00:00+00:00,61421.5
2019-04-25 17:00:00+00:00,60761.0
2019-04-25 18:00:00+00:00,59540.5
2019-04-25 19:00:00+00:00,58427.0
2019-04-25 20:00:00+00:00,54607.25
2019-04-25 21:00:00+00:00,50500.5
2019-04-25 22:00:00+00:00,47679.5
2019-04-25 23:00:00+00:00,44888.75
2019-04-26 00:00:00+00:00,43387.25
2019-04-26 01:00:00+00:00,43544.75
2019-04-26 02:00:00+00:00,45343.25
2019-04-26 03:00:00+00:00,48886.25
2019-04-26 04:00:00+00:00,55704.5
2019-04-26 05:00:00+00:00,61365.5
2019-04-26 06:00:00+00:00,64833.5
2019-04-26 07:00:00+00:00,66206.25
2019-04-26 08:00:00+00:00,67540.75
2019-04-26 09:00:00+00:00,68383.75
2019-04-26 10:00:00+00:00,67457.0
2019-04-26 11:00:00+00:00,65704.5
2019-04-26 12:00:00+00:00,63951.5
2019-04-26 13:00:00+00:00,62003.0
2019-04-26 14:00:00+00:00,61193.25
2019-04-26 15:00:00+00:00,60961.25
2019-04-26 16:00:00+00:00,60888.0
2019-04-26 17:00:00+00:00,60067.75
2019-04-26 18:00:00+00:00,58317.0
2019-04-26 19:00:00+00:00,56185.5
2019-04-26 20:00:00+00:00,53132.5
2019-04-26 21:00:00+00:00,49335.5
2019-04-26 22:00:00+00:00,45008.5
2019-04-26 23:00:00+00:00,43012.75
2019-04-27 00:00:00+00:00,42260.0
2019-04-27 01:00:00+00:00,42386.5
2019-04-27 02:00:00+00:00,42964.5
2019-04-27 03:00:00+00:00,43270.0
2019-04-27 04:00:00+00:00,43942.5
2019-04-27 05:00:00+00:00,47149.5
2019-04-27 06:00:00+00:00,51246.5
2019-04-27 07:00:00+00:00,54072.0
2019-04-27 08:00:00+00:00,56084.0
2019-04-27 09:00:00+00:00,56735.25
2019-04-27 10:00:00+00:00,55822.0
2019-04-27 11:00:00+00:00,54300.25
2019-04-27 12:00:00+00:00,52097.25
2019-04-27 13:00:00+00:00,51569.25
2019-04-27 14:00:00+00:00,51031.5
2019-04-27 15:00:00+00:00,51670.5
2019-04-27 16:00:00+00:00,52610.0
2019-04-27 17:00:00+00:00,51862.0
2019-04-27 18:00:00+00:00,50907.75
2019-04-27 19:00:00+00:00,49633.0
2019-04-27 20:00:00+00:00,47537.75
2019-04-27 21:00:00+00:00,43591.5
2019-04-27 22:00:00+00:00,41020.5
2019-04-27 23:00:00+00:00,39305.25
2019-04-28 00:00:00+00:00,38411.75
2019-04-28 01:00:00+00:00,38203.0
2019-04-28 02:00:00+00:00,38494.75
2019-04-28 03:00:00+00:00,38674.0
2019-04-28 04:00:00+00:00,38696.75
2019-04-28 05:00:00+00:00,40719.0
2019-04-28 06:00:00+00:00,43688.0
2019-04-28 07:00:00+00:00,46888.75
2019-04-28 08:00:00+00:00,49168.0
2019-04-28 09:00:00+00:00,51399.5
2019-04-28 10:00:00+00:00,51291.0
2019-04-28 11:00:00+00:00,49712.75
2019-04-28 12:00:00+00:00,48629.75
2019-04-28 13:00:00+00:00,47422.0
2019-04-28 14:00:00+00:00,46727.25
2019-04-28 15:00:00+00:00,47973.25
2019-04-28 16:00:00+00:00,49322.25
2019-04-28 17:00:00+00:00,50031.0
2019-04-28 18:00:00+00:00,50023.75
2019-04-28 19:00:00+00:00,50446.5
2019-04-28 20:00:00+00:00,49490.5
2019-04-28 21:00:00+00:00,46106.75
2019-04-28 22:00:00+00:00,43774.25
2019-04-28 23:00:00+00:00,42289.0
2019-04-29 00:00:00+00:00,41895.25
2019-04-29 01:00:00+00:00,42694.75
2019-04-29 02:00:00+00:00,44487.75
2019-04-29 03:00:00+00:00,49033.5
2019-04-29 04:00:00+00:00,56423.25
2019-04-29 05:00:00+00:00,61988.5
2019-04-29 06:00:00+00:00,64497.5
2019-04-29 07:00:00+00:00,65164.5
2019-04-29 08:00:00+00:00,66237.5
2019-04-29 09:00:00+00:00,67379.0
2019-04-29 10:00:00+00:00,67091.25
2019-04-29 11:00:00+00:00,66612.75
2019-04-29 12:00:00+00:00,65652.5
2019-04-29 13:00:00+00:00,65203.0
2019-04-29 14:00:00+00:00,64094.0
2019-04-29 15:00:00+00:00,63828.75
2019-04-29 16:00:00+00:00,63646.5
2019-04-29 17:00:00+00:00,63034.5
2019-04-29 18:00:00+00:00,61364.25
2019-04-29 19:00:00+00:00,59057.5
2019-04-29 20:00:00+00:00,55290.75
2019-04-29 21:00:00+00:00,50668.25
2019-04-29 22:00:00+00:00,47198.75
2019-04-29 23:00:00+00:00,45752.75
2019-04-30 00:00:00+00:00,44911.75
2019-04-30 01:00:00+00:00,45435.25
2019-04-30 02:00:00+00:00,47162.0
2019-04-30 03:00:00+00:00,50699.25
2019-04-30 04:00:00+00:00,57683.0
2019-04-30 05:00:00+00:00,62858.0
2019-04-30 06:00:00+00:00,65471.0
2019-04-30 07:00:00+00:00,65741.75
2019-04-30 08:00:00+00:00,65917.0
2019-04-30 09:00:00+00:00,66166.0
2019-04-30 10:00:00+00:00,65631.75
2019-04-30 11:00:00+00:00,64930.0
2019-04-30 12:00:00+00:00,63422.25
2019-04-30 13:00:00+00:00,62198.25
2019-04-30 14:00:00+00:00,60543.25
2019-04-30 15:00:00+00:00,59834.25
2019-04-30 16:00:00+00:00,59443.25
2019-04-30 17:00:00+00:00,59135.25
2019-04-30 18:00:00+00:00,57681.75
2019-04-30 19:00:00+00:00,56227.75
2019-04-30 20:00:00+00:00,52274.5
2019-04-30 21:00:00+00:00,48066.5
2019-04-30 22:00:00+00:00,44670.75
2019-04-30 23:00:00+00:00,42506.0
2019-05-01 00:00:00+00:00,40888.25
2019-05-01 01:00:00+00:00,40508.75
2019-05-01 02:00:00+00:00,40369.25
2019-05-01 03:00:00+00:00,39818.5
2019-05-01 04:00:00+00:00,38689.5
2019-05-01 05:00:00+00:00,40964.0
2019-05-01 06:00:00+00:00,44507.75
2019-05-01 07:00:00+00:00,47436.25
2019-05-01 08:00:00+00:00,49631.75
2019-05-01 09:00:00+00:00,50957.0
2019-05-01 10:00:00+00:00,49927.75
2019-05-01 11:00:00+00:00,47891.5
2019-05-01 12:00:00+00:00,46258.25
2019-05-01 13:00:00+00:00,45967.75
2019-05-01 14:00:00+00:00,45457.5
2019-05-01 15:00:00+00:00,46047.25
2019-05-01 16:00:00+00:00,47297.5
2019-05-01 17:00:00+00:00,48141.0
2019-05-01 18:00:00+00:00,48067.0
2019-05-01 19:00:00+00:00,48184.0
2019-05-01 20:00:00+00:00,47278.0
2019-05-01 21:00:00+00:00,43493.0
2019-05-01 22:00:00+00:00,40969.0
2019-05-01 23:00:00+00:00,39881.0
2019-05-02 00:00:00+00:00,39757.25
2019-05-02 01:00:00+00:00,40403.0
2019-05-02 02:00:00+00:00,42429.25
2019-05-02 03:00:00+00:00,46774.0
2019-05-02 04:00:00+00:00,55218.25
2019-05-02 05:00:00+00:00,61130.25
2019-05-02 06:00:00+00:00,63953.5
2019-05-02 07:00:00+00:00,64651.5
2019-05-02 08:00:00+00:00,65702.0
2019-05-02 09:00:00+00:00,66488.75
2019-05-02 10:00:00+00:00,65933.0
2019-05-02 11:00:00+00:00,65138.25
2019-05-02 12:00:00+00:00,64226.5
2019-05-02 13:00:00+00:00,64105.5
2019-05-02 14:00:00+00:00,63351.75
2019-05-02 15:00:00+00:00,63137.75
2019-05-02 16:00:00+00:00,62966.5
2019-05-02 17:00:00+00:00,62429.0
2019-05-02 18:00:00+00:00,60718.5
2019-05-02 19:00:00+00:00,59137.5
2019-05-02 20:00:00+00:00,55495.25
2019-05-02 21:00:00+00:00,51351.25
2019-05-02 22:00:00+00:00,47681.0
2019-05-02 23:00:00+00:00,45878.25
2019-05-03 00:00:00+00:00,44809.25
2019-05-03 01:00:00+00:00,45234.25
2019-05-03 02:00:00+00:00,46625.25
2019-05-03 03:00:00+00:00,50583.75
2019-05-03 04:00:00+00:00,57268.75
2019-05-03 05:00:00+00:00,62063.0
2019-05-03 06:00:00+00:00,64888.25
2019-05-03 07:00:00+00:00,66291.25
2019-05-03 08:00:00+00:00,66735.25
2019-05-03 09:00:00+00:00,67291.0
2019-05-03 10:00:00+00:00,66264.25
2019-05-03 11:00:00+00:00,65154.5
2019-05-03 12:00:00+00:00,63748.0
2019-05-03 13:00:00+00:00,63094.25
2019-05-03 14:00:00+00:00,61835.75
2019-05-03 15:00:00+00:00,61502.25
2019-05-03 16:00:00+00:00,61010.25
2019-05-03 17:00:00+00:00,60590.5
2019-05-03 18:00:00+00:00,59014.5
2019-05-03 19:00:00+00:00,57790.0
2019-05-03 20:00:00+00:00,54547.0
2019-05-03 21:00:00+00:00,50628.5
2019-05-03 22:00:00+00:00,46629.0
2019-05-03 23:00:00+00:00,44614.5
2019-05-04 00:00:00+00:00,43522.25
2019-05-04 01:00:00+00:00,43218.5
2019-05-04 02:00:00+00:00,43981.5
2019-05-04 03:00:00+00:00,44340.0
2019-05-04 04:00:00+00:00,45407.0
2019-05-04 05:00:00+00:00,48356.25
2019-05-04 06:00:00+00:00,52606.75
2019-05-04 07:00:00+00:00,55737.5
2019-05-04 08:00:00+00:00,57450.75
2019-05-04 09:00:00+00:00,58123.0
2019-05-04 10:00:00+00:00,57275.0
2019-05-04 11:00:00+00:00,56043.25
2019-05-04 12:00:00+00:00,54528.5
2019-05-04 13:00:00+00:00,53585.25
2019-05-04 14:00:00+00:00,52769.75
2019-05-04 15:00:00+00:00,53262.25
2019-05-04 16:00:00+00:00,53883.0
2019-05-04 17:00:00+00:00,52836.5
2019-05-04 18:00:00+00:00,51008.25
2019-05-04 19:00:00+00:00,50496.75
2019-05-04 20:00:00+00:00,48977.25
2019-05-04 21:00:00+00:00,45942.75
2019-05-04 22:00:00+00:00,42790.75
2019-05-04 23:00:00+00:00,40777.25
2019-05-05 00:00:00+00:00,39898.0
2019-05-05 01:00:00+00:00,39812.25
2019-05-05 02:00:00+00:00,39947.25
2019-05-05 03:00:00+00:00,39547.75
2019-05-05 04:00:00+00:00,39267.25
2019-05-05 05:00:00+00:00,41326.25
2019-05-05 06:00:00+00:00,44588.25
2019-05-05 07:00:00+00:00,47637.75
2019-05-05 08:00:00+00:00,50041.0
2019-05-05 09:00:00+00:00,52224.75
2019-05-05 10:00:00+00:00,52065.25
2019-05-05 11:00:00+00:00,50310.5
2019-05-05 12:00:00+00:00,48631.25
2019-05-05 13:00:00+00:00,48162.75
2019-05-05 14:00:00+00:00,48098.0
2019-05-05 15:00:00+00:00,49377.0
2019-05-05 16:00:00+00:00,50948.0
2019-05-05 17:00:00+00:00,50971.25
2019-05-05 18:00:00+00:00,50797.25
2019-05-05 19:00:00+00:00,51559.5
2019-05-05 20:00:00+00:00,50814.75
2019-05-05 21:00:00+00:00,47500.0
2019-05-05 22:00:00+00:00,45010.25
2019-05-05 23:00:00+00:00,43426.75
2019-05-06 00:00:00+00:00,43204.25
2019-05-06 01:00:00+00:00,44197.25
2019-05-06 02:00:00+00:00,46227.5
2019-05-06 03:00:00+00:00,50416.25
2019-05-06 04:00:00+00:00,57685.25
2019-05-06 05:00:00+00:00,63433.25
2019-05-06 06:00:00+00:00,66027.5
2019-05-06 07:00:00+00:00,66547.25
2019-05-06 08:00:00+00:00,67717.5
2019-05-06 09:00:00+00:00,69089.5
2019-05-06 10:00:00+00:00,68621.25
2019-05-06 11:00:00+00:00,67818.75
2019-05-06 12:00:00+00:00,66342.5
2019-05-06 13:00:00+00:00,65790.75
2019-05-06 14:00:00+00:00,64420.75
2019-05-06 15:00:00+00:00,64594.75
2019-05-06 16:00:00+00:00,64518.0
2019-05-06 17:00:00+00:00,64394.25
2019-05-06 18:00:00+00:00,62375.75
2019-05-06 19:00:00+00:00,60359.5
2019-05-06 20:00:00+00:00,56748.75
2019-05-06 21:00:00+00:00,52653.5
2019-05-06 22:00:00+00:00,49773.0
2019-05-06 23:00:00+00:00,48024.5
2019-05-07 00:00:00+00:00,47162.5
2019-05-07 01:00:00+00:00,48106.25
2019-05-07 02:00:00+00:00,49721.75
2019-05-07 03:00:00+00:00,52989.25
2019-05-07 04:00:00+00:00,59545.75
2019-05-07 05:00:00+00:00,64245.0
2019-05-07 06:00:00+00:00,66664.0
2019-05-07 07:00:00+00:00,66930.0
2019-05-07 08:00:00+00:00,67337.75
2019-05-07 09:00:00+00:00,68762.75
2019-05-07 10:00:00+00:00,68208.75
2019-05-07 11:00:00+00:00,67387.5
2019-05-07 12:00:00+00:00,66259.25
2019-05-07 13:00:00+00:00,65192.0
2019-05-07 14:00:00+00:00,63438.25
2019-05-07 15:00:00+00:00,63133.0
2019-05-07 16:00:00+00:00,62855.75
2019-05-07 17:00:00+00:00,62759.5
2019-05-07 18:00:00+00:00,61642.5
2019-05-07 19:00:00+00:00,60044.5
2019-05-07 20:00:00+00:00,56256.0
2019-05-07 21:00:00+00:00,52100.75
2019-05-07 22:00:00+00:00,48664.5
2019-05-07 23:00:00+00:00,46981.75
2019-05-08 00:00:00+00:00,46139.75
2019-05-08 01:00:00+00:00,46828.25
2019-05-08 02:00:00+00:00,48886.0
2019-05-08 03:00:00+00:00,52116.5
2019-05-08 04:00:00+00:00,58813.5
2019-05-08 05:00:00+00:00,64020.25
2019-05-08 06:00:00+00:00,66617.25
2019-05-08 07:00:00+00:00,66986.0
2019-05-08 08:00:00+00:00,67927.5
2019-05-08 09:00:00+00:00,68763.0
2019-05-08 10:00:00+00:00,68260.0
2019-05-08 11:00:00+00:00,67882.25
2019-05-08 12:00:00+00:00,67576.25
2019-05-08 13:00:00+00:00,67662.0
2019-05-08 14:00:00+00:00,66295.5
2019-05-08 15:00:00+00:00,66244.25
2019-05-08 16:00:00+00:00,65828.0
2019-05-08 17:00:00+00:00,65021.5
2019-05-08 18:00:00+00:00,62542.75
2019-05-08 19:00:00+00:00,60378.25
2019-05-08 20:00:00+00:00,57501.75
2019-05-08 21:00:00+00:00,52399.5
2019-05-08 22:00:00+00:00,48820.0
2019-05-08 23:00:00+00:00,46537.5
2019-05-09 00:00:00+00:00,45850.5
2019-05-09 01:00:00+00:00,46199.25
2019-05-09 02:00:00+00:00,47764.25
2019-05-09 03:00:00+00:00,51633.5
2019-05-09 04:00:00+00:00,58574.0
2019-05-09 05:00:00+00:00,63609.0
2019-05-09 06:00:00+00:00,66102.0
2019-05-09 07:00:00+00:00,66613.25
2019-05-09 08:00:00+00:00,67393.75
2019-05-09 09:00:00+00:00,68344.5
2019-05-09 10:00:00+00:00,67481.75
2019-05-09 11:00:00+00:00,66662.0
2019-05-09 12:00:00+00:00,65941.5
2019-05-09 13:00:00+00:00,65408.5
2019-05-09 14:00:00+00:00,63633.75
2019-05-09 15:00:00+00:00,63459.75
2019-05-09 16:00:00+00:00,63677.25
2019-05-09 17:00:00+00:00,63203.5
2019-05-09 18:00:00+00:00,62182.0
2019-05-09 19:00:00+00:00,60199.75
2019-05-09 20:00:00+00:00,56704.5
2019-05-09 21:00:00+00:00,52007.75
2019-05-09 22:00:00+00:00,48190.75
2019-05-09 23:00:00+00:00,46505.0
2019-05-10 00:00:00+00:00,46072.75
2019-05-10 01:00:00+00:00,46398.0
2019-05-10 02:00:00+00:00,48114.25
2019-05-10 03:00:00+00:00,51465.75
2019-05-10 04:00:00+00:00,58183.75
2019-05-10 05:00:00+00:00,63986.25
2019-05-10 06:00:00+00:00,66805.25
2019-05-10 07:00:00+00:00,66884.75
2019-05-10 08:00:00+00:00,67972.0
2019-05-10 09:00:00+00:00,68629.75
2019-05-10 10:00:00+00:00,67486.25
2019-05-10 11:00:00+00:00,66136.75
2019-05-10 12:00:00+00:00,64241.25
2019-05-10 13:00:00+00:00,62937.0
2019-05-10 14:00:00+00:00,61914.75
2019-05-10 15:00:00+00:00,61471.25
2019-05-10 16:00:00+00:00,61442.0
2019-05-10 17:00:00+00:00,61078.0
2019-05-10 18:00:00+00:00,59191.5
2019-05-10 19:00:00+00:00,57467.0
2019-05-10 20:00:00+00:00,54629.75
2019-05-10 21:00:00+00:00,50703.5
2019-05-10 22:00:00+00:00,47262.25
2019-05-10 23:00:00+00:00,44384.25
2019-05-11 00:00:00+00:00,42857.5
2019-05-11 01:00:00+00:00,42399.0
2019-05-11 02:00:00+00:00,42813.5
2019-05-11 03:00:00+00:00,43060.0
2019-05-11 04:00:00+00:00,44379.25
2019-05-11 05:00:00+00:00,47686.0
2019-05-11 06:00:00+00:00,51623.0
2019-05-11 07:00:00+00:00,54258.5
2019-05-11 08:00:00+00:00,56282.25
2019-05-11 09:00:00+00:00,57119.5
2019-05-11 10:00:00+00:00,56358.25
2019-05-11 11:00:00+00:00,54707.75
2019-05-11 12:00:00+00:00,52624.25
2019-05-11 13:00:00+00:00,52235.0
2019-05-11 14:00:00+00:00,51692.0
2019-05-11 15:00:00+00:00,52417.75
2019-05-11 16:00:00+00:00,53165.5
2019-05-11 17:00:00+00:00,53257.5
2019-05-11 18:00:00+00:00,51703.5
2019-05-11 19:00:00+00:00,50457.75
2019-05-11 20:00:00+00:00,49037.75
2019-05-11 21:00:00+00:00,45818.75
2019-05-11 22:00:00+00:00,42205.5
2019-05-11 23:00:00+00:00,40277.25
2019-05-12 00:00:00+00:00,39563.5
2019-05-12 01:00:00+00:00,39286.25
2019-05-12 02:00:00+00:00,39492.25
2019-05-12 03:00:00+00:00,39145.0
2019-05-12 04:00:00+00:00,39372.5
2019-05-12 05:00:00+00:00,41295.25
2019-05-12 06:00:00+00:00,44763.0
2019-05-12 07:00:00+00:00,47713.25
2019-05-12 08:00:00+00:00,49702.5
2019-05-12 09:00:00+00:00,51177.5
2019-05-12 10:00:00+00:00,50874.5
2019-05-12 11:00:00+00:00,48444.5
2019-05-12 12:00:00+00:00,47184.0
2019-05-12 13:00:00+00:00,46585.75
2019-05-12 14:00:00+00:00,45898.5
2019-05-12 15:00:00+00:00,47161.0
2019-05-12 16:00:00+00:00,48648.0
2019-05-12 17:00:00+00:00,49185.0
2019-05-12 18:00:00+00:00,48877.5
2019-05-12 19:00:00+00:00,49021.0
2019-05-12 20:00:00+00:00,48629.75
2019-05-12 21:00:00+00:00,45117.75
2019-05-12 22:00:00+00:00,43131.75
2019-05-12 23:00:00+00:00,41917.0
2019-05-13 00:00:00+00:00,41047.0
2019-05-13 01:00:00+00:00,41897.25
2019-05-13 02:00:00+00:00,44151.0
2019-05-13 03:00:00+00:00,48421.25
2019-05-13 04:00:00+00:00,56000.25
2019-05-13 05:00:00+00:00,61750.25
2019-05-13 06:00:00+00:00,64911.25
2019-05-13 07:00:00+00:00,65242.0
2019-05-13 08:00:00+00:00,66008.25
2019-05-13 09:00:00+00:00,66815.0
2019-05-13 10:00:00+00:00,65932.75
2019-05-13 11:00:00+00:00,65242.75
2019-05-13 12:00:00+00:00,64447.0
2019-05-13 13:00:00+00:00,63743.5
2019-05-13 14:00:00+00:00,62710.0
2019-05-13 15:00:00+00:00,62250.25
2019-05-13 16:00:00+00:00,61826.0
2019-05-13 17:00:00+00:00,61613.0
2019-05-13 18:00:00+00:00,60261.75
2019-05-13 19:00:00+00:00,58755.0
2019-05-13 20:00:00+00:00,55397.25
2019-05-13 21:00:00+00:00,50737.25
2019-05-13 22:00:00+00:00,47764.0
2019-05-13 23:00:00+00:00,45889.25
2019-05-14 00:00:00+00:00,45270.0
2019-05-14 01:00:00+00:00,45714.25
2019-05-14 02:00:00+00:00,47750.25
2019-05-14 03:00:00+00:00,50965.5
2019-05-14 04:00:00+00:00,57617.5
2019-05-14 05:00:00+00:00,62951.25
2019-05-14 06:00:00+00:00,65317.0
2019-05-14 07:00:00+00:00,65493.5
2019-05-14 08:00:00+00:00,66303.25
2019-05-14 09:00:00+00:00,67376.25
2019-05-14 10:00:00+00:00,66007.75
2019-05-14 11:00:00+00:00,65545.75
2019-05-14 12:00:00+00:00,64591.5
2019-05-14 13:00:00+00:00,63883.75
2019-05-14 14:00:00+00:00,62322.5
2019-05-14 15:00:00+00:00,62275.25
2019-05-14 16:00:00+00:00,62323.0
2019-05-14 17:00:00+00:00,62152.75
2019-05-14 18:00:00+00:00,60834.5
2019-05-14 19:00:00+00:00,59053.25
2019-05-14 20:00:00+00:00,55869.25
2019-05-14 21:00:00+00:00,51398.25
2019-05-14 22:00:00+00:00,48298.25
2019-05-14 23:00:00+00:00,46400.0
2019-05-15 00:00:00+00:00,45812.0
2019-05-15 01:00:00+00:00,46447.0
2019-05-15 02:00:00+00:00,48039.75
2019-05-15 03:00:00+00:00,51281.0
2019-05-15 04:00:00+00:00,58442.0
2019-05-15 05:00:00+00:00,63758.75
2019-05-15 06:00:00+00:00,66459.5
2019-05-15 07:00:00+00:00,66782.75
2019-05-15 08:00:00+00:00,67200.75
2019-05-15 09:00:00+00:00,68544.0
2019-05-15 10:00:00+00:00,67916.0
2019-05-15 11:00:00+00:00,67199.25
2019-05-15 12:00:00+00:00,66465.75
2019-05-15 13:00:00+00:00,65681.5
2019-05-15 14:00:00+00:00,64213.5
2019-05-15 15:00:00+00:00,64346.5
2019-05-15 16:00:00+00:00,64298.0
2019-05-15 17:00:00+00:00,64114.5
2019-05-15 18:00:00+00:00,62022.75
2019-05-15 19:00:00+00:00,60237.25
2019-05-15 20:00:00+00:00,56787.25
2019-05-15 21:00:00+00:00,52326.0
2019-05-15 22:00:00+00:00,49126.0
2019-05-15 23:00:00+00:00,47472.5
2019-05-16 00:00:00+00:00,46934.5
2019-05-16 01:00:00+00:00,47358.5
2019-05-16 02:00:00+00:00,48828.25
2019-05-16 03:00:00+00:00,52078.0
2019-05-16 04:00:00+00:00,59108.25
2019-05-16 05:00:00+00:00,64565.5
2019-05-16 06:00:00+00:00,67089.75
2019-05-16 07:00:00+00:00,67900.0
2019-05-16 08:00:00+00:00,68821.0
2019-05-16 09:00:00+00:00,69997.5
2019-05-16 10:00:00+00:00,69051.25
2019-05-16 11:00:00+00:00,68345.5
2019-05-16 12:00:00+00:00,67069.75
2019-05-16 13:00:00+00:00,66284.5
2019-05-16 14:00:00+00:00,65508.75
2019-05-16 15:00:00+00:00,65749.25
2019-05-16 16:00:00+00:00,65378.0
2019-05-16 17:00:00+00:00,64922.75
2019-05-16 18:00:00+00:00,63047.0
2019-05-16 19:00:00+00:00,60975.5
2019-05-16 20:00:00+00:00,57395.5
2019-05-16 21:00:00+00:00,52610.25
2019-05-16 22:00:00+00:00,49182.0
2019-05-16 23:00:00+00:00,47501.0
2019-05-17 00:00:00+00:00,46455.0
2019-05-17 01:00:00+00:00,46949.5
2019-05-17 02:00:00+00:00,48408.75
2019-05-17 03:00:00+00:00,51450.25
2019-05-17 04:00:00+00:00,58471.0
2019-05-17 05:00:00+00:00,63797.25
2019-05-17 06:00:00+00:00,66481.5
2019-05-17 07:00:00+00:00,66663.0
2019-05-17 08:00:00+00:00,67356.0
2019-05-17 09:00:00+00:00,68251.0
2019-05-17 10:00:00+00:00,67454.0
2019-05-17 11:00:00+00:00,65887.25
2019-05-17 12:00:00+00:00,64186.25
2019-05-17 13:00:00+00:00,63031.5
2019-05-17 14:00:00+00:00,62020.5
2019-05-17 15:00:00+00:00,61276.25
2019-05-17 16:00:00+00:00,60834.75
2019-05-17 17:00:00+00:00,60249.0
2019-05-17 18:00:00+00:00,58128.5
2019-05-17 19:00:00+00:00,56204.0
2019-05-17 20:00:00+00:00,53474.0
2019-05-17 21:00:00+00:00,49038.75
2019-05-17 22:00:00+00:00,45019.25
2019-05-17 23:00:00+00:00,43260.25
2019-05-18 00:00:00+00:00,42081.75
2019-05-18 01:00:00+00:00,41783.75
2019-05-18 02:00:00+00:00,42161.75
2019-05-18 03:00:00+00:00,42153.5
2019-05-18 04:00:00+00:00,43503.5
2019-05-18 05:00:00+00:00,46905.75
2019-05-18 06:00:00+00:00,50686.0
2019-05-18 07:00:00+00:00,53209.25
2019-05-18 08:00:00+00:00,54835.5
2019-05-18 09:00:00+00:00,55299.25
2019-05-18 10:00:00+00:00,54538.75
2019-05-18 11:00:00+00:00,52692.0
2019-05-18 12:00:00+00:00,51172.75
2019-05-18 13:00:00+00:00,50291.5
2019-05-18 14:00:00+00:00,49585.5
2019-05-18 15:00:00+00:00,50080.5
2019-05-18 16:00:00+00:00,50688.0
2019-05-18 17:00:00+00:00,50386.0
2019-05-18 18:00:00+00:00,48904.5
2019-05-18 19:00:00+00:00,48281.0
2019-05-18 20:00:00+00:00,47168.5
2019-05-18 21:00:00+00:00,43997.5
2019-05-18 22:00:00+00:00,40853.25
2019-05-18 23:00:00+00:00,38547.5
2019-05-19 00:00:00+00:00,37539.5
2019-05-19 01:00:00+00:00,37145.5
2019-05-19 02:00:00+00:00,36992.25
2019-05-19 03:00:00+00:00,36937.25
2019-05-19 04:00:00+00:00,37375.5
2019-05-19 05:00:00+00:00,39768.0
2019-05-19 06:00:00+00:00,43507.75
2019-05-19 07:00:00+00:00,46442.5
2019-05-19 08:00:00+00:00,48446.0
2019-05-19 09:00:00+00:00,50370.25
2019-05-19 10:00:00+00:00,50401.5
2019-05-19 11:00:00+00:00,48420.75
2019-05-19 12:00:00+00:00,47009.0
2019-05-19 13:00:00+00:00,46444.0
2019-05-19 14:00:00+00:00,46582.25
2019-05-19 15:00:00+00:00,48126.25
2019-05-19 16:00:00+00:00,49583.75
2019-05-19 17:00:00+00:00,49878.25
2019-05-19 18:00:00+00:00,49785.75
2019-05-19 19:00:00+00:00,49292.25
2019-05-19 20:00:00+00:00,48703.0
2019-05-19 21:00:00+00:00,44860.5
2019-05-19 22:00:00+00:00,42014.75
2019-05-19 23:00:00+00:00,40779.75
2019-05-20 00:00:00+00:00,40312.0
2019-05-20 01:00:00+00:00,40881.75
2019-05-20 02:00:00+00:00,42559.25
2019-05-20 03:00:00+00:00,46576.5
2019-05-20 04:00:00+00:00,55445.75
2019-05-20 05:00:00+00:00,61588.75
2019-05-20 06:00:00+00:00,64953.0
2019-05-20 07:00:00+00:00,66024.25
2019-05-20 08:00:00+00:00,67202.5
2019-05-20 09:00:00+00:00,68376.0
2019-05-20 10:00:00+00:00,68179.5
2019-05-20 11:00:00+00:00,67946.0
2019-05-20 12:00:00+00:00,66960.5
2019-05-20 13:00:00+00:00,66148.75
2019-05-20 14:00:00+00:00,64856.75
2019-05-20 15:00:00+00:00,64985.25
2019-05-20 16:00:00+00:00,64815.25
2019-05-20 17:00:00+00:00,64236.5
2019-05-20 18:00:00+00:00,62085.0
2019-05-20 19:00:00+00:00,59315.0
2019-05-20 20:00:00+00:00,55830.5
2019-05-20 21:00:00+00:00,51549.0
2019-05-20 22:00:00+00:00,48233.0
2019-05-20 23:00:00+00:00,46562.25
2019-05-21 00:00:00+00:00,45616.0
2019-05-21 01:00:00+00:00,46152.5
2019-05-21 02:00:00+00:00,47691.5
2019-05-21 03:00:00+00:00,51096.0
2019-05-21 04:00:00+00:00,58602.25
2019-05-21 05:00:00+00:00,64210.75
2019-05-21 06:00:00+00:00,67591.75
2019-05-21 07:00:00+00:00,68235.75
2019-05-21 08:00:00+00:00,69269.0
2019-05-21 09:00:00+00:00,70874.25
2019-05-21 10:00:00+00:00,70328.25
2019-05-21 11:00:00+00:00,69431.5
2019-05-21 12:00:00+00:00,68293.0
2019-05-21 13:00:00+00:00,67324.25
2019-05-21 14:00:00+00:00,66297.0
2019-05-21 15:00:00+00:00,65943.5
2019-05-21 16:00:00+00:00,65503.75
2019-05-21 17:00:00+00:00,64641.5
2019-05-21 18:00:00+00:00,62505.25
2019-05-21 19:00:00+00:00,60200.25
2019-05-21 20:00:00+00:00,56842.75
2019-05-21 21:00:00+00:00,52071.0
2019-05-21 22:00:00+00:00,48666.5
2019-05-21 23:00:00+00:00,46527.75
2019-05-22 00:00:00+00:00,45584.25
2019-05-22 01:00:00+00:00,45632.75
2019-05-22 02:00:00+00:00,46995.75
2019-05-22 03:00:00+00:00,50593.25
2019-05-22 04:00:00+00:00,58301.25
2019-05-22 05:00:00+00:00,64415.75
2019-05-22 06:00:00+00:00,67362.0
2019-05-22 07:00:00+00:00,67813.0
2019-05-22 08:00:00+00:00,68480.75
2019-05-22 09:00:00+00:00,69148.0
2019-05-22 10:00:00+00:00,67963.25
2019-05-22 11:00:00+00:00,67133.5
2019-05-22 12:00:00+00:00,66089.25
2019-05-22 13:00:00+00:00,64729.0
2019-05-22 14:00:00+00:00,63022.0
2019-05-22 15:00:00+00:00,63251.0
2019-05-22 16:00:00+00:00,63085.25
2019-05-22 17:00:00+00:00,62854.75
2019-05-22 18:00:00+00:00,61089.25
2019-05-22 19:00:00+00:00,59168.75
2019-05-22 20:00:00+00:00,56068.0
2019-05-22 21:00:00+00:00,51347.75
2019-05-22 22:00:00+00:00,47672.75
2019-05-22 23:00:00+00:00,46339.5
2019-05-23 00:00:00+00:00,45775.75
2019-05-23 01:00:00+00:00,46078.25
2019-05-23 02:00:00+00:00,47677.0
2019-05-23 03:00:00+00:00,50735.75
2019-05-23 04:00:00+00:00,58117.5
2019-05-23 05:00:00+00:00,63313.75
2019-05-23 06:00:00+00:00,66065.75
2019-05-23 07:00:00+00:00,66429.25
2019-05-23 08:00:00+00:00,66535.75
2019-05-23 09:00:00+00:00,67108.75
2019-05-23 10:00:00+00:00,66665.5
2019-05-23 11:00:00+00:00,65975.0
2019-05-23 12:00:00+00:00,64790.75
2019-05-23 13:00:00+00:00,63900.75
2019-05-23 14:00:00+00:00,62987.5
2019-05-23 15:00:00+00:00,62919.25
2019-05-23 16:00:00+00:00,63045.25
2019-05-23 17:00:00+00:00,62510.5
2019-05-23 18:00:00+00:00,60605.5
2019-05-23 19:00:00+00:00,58953.0
2019-05-23 20:00:00+00:00,55956.75
2019-05-23 21:00:00+00:00,51131.75
2019-05-23 22:00:00+00:00,48004.5
2019-05-23 23:00:00+00:00,45610.5
2019-05-24 00:00:00+00:00,44625.0
2019-05-24 01:00:00+00:00,45043.0
2019-05-24 02:00:00+00:00,46572.75
2019-05-24 03:00:00+00:00,49627.0
2019-05-24 04:00:00+00:00,57050.75
2019-05-24 05:00:00+00:00,62387.75
2019-05-24 06:00:00+00:00,65353.0
2019-05-24 07:00:00+00:00,66027.5
2019-05-24 08:00:00+00:00,66784.75
2019-05-24 09:00:00+00:00,67360.5
2019-05-24 10:00:00+00:00,66707.25
2019-05-24 11:00:00+00:00,65403.25
2019-05-24 12:00:00+00:00,63383.0
2019-05-24 13:00:00+00:00,62537.25
2019-05-24 14:00:00+00:00,61164.0
2019-05-24 15:00:00+00:00,61145.75
2019-05-24 16:00:00+00:00,60876.0
2019-05-24 17:00:00+00:00,60110.75
2019-05-24 18:00:00+00:00,58039.0
2019-05-24 19:00:00+00:00,55908.25
2019-05-24 20:00:00+00:00,53002.0
2019-05-24 21:00:00+00:00,48399.25
2019-05-24 22:00:00+00:00,45361.0
2019-05-24 23:00:00+00:00,42801.0
2019-05-25 00:00:00+00:00,41539.75
2019-05-25 01:00:00+00:00,41111.25
2019-05-25 02:00:00+00:00,41198.75
2019-05-25 03:00:00+00:00,41214.25
2019-05-25 04:00:00+00:00,43199.25
2019-05-25 05:00:00+00:00,46688.0
2019-05-25 06:00:00+00:00,50710.25
2019-05-25 07:00:00+00:00,53463.0
2019-05-25 08:00:00+00:00,54810.5
2019-05-25 09:00:00+00:00,55306.0
2019-05-25 10:00:00+00:00,54461.0
2019-05-25 11:00:00+00:00,52190.0
2019-05-25 12:00:00+00:00,50434.5
2019-05-25 13:00:00+00:00,50204.5
2019-05-25 14:00:00+00:00,49593.5
2019-05-25 15:00:00+00:00,50456.5
2019-05-25 16:00:00+00:00,50883.0
2019-05-25 17:00:00+00:00,50551.25
2019-05-25 18:00:00+00:00,49144.5
2019-05-25 19:00:00+00:00,48161.5
2019-05-25 20:00:00+00:00,46990.25
2019-05-25 21:00:00+00:00,43670.25
2019-05-25 22:00:00+00:00,40705.0
2019-05-25 23:00:00+00:00,38633.75
2019-05-26 00:00:00+00:00,37586.0
2019-05-26 01:00:00+00:00,37646.75
2019-05-26 02:00:00+00:00,37931.25
2019-05-26 03:00:00+00:00,37687.75
2019-05-26 04:00:00+00:00,38200.75
2019-05-26 05:00:00+00:00,40675.5
2019-05-26 06:00:00+00:00,44058.0
2019-05-26 07:00:00+00:00,46993.25
2019-05-26 08:00:00+00:00,48708.75
2019-05-26 09:00:00+00:00,50783.0
2019-05-26 10:00:00+00:00,50870.75
2019-05-26 11:00:00+00:00,49090.25
2019-05-26 12:00:00+00:00,47499.5
2019-05-26 13:00:00+00:00,46897.0
2019-05-26 14:00:00+00:00,46988.5
2019-05-26 15:00:00+00:00,48126.0
2019-05-26 16:00:00+00:00,49178.75
2019-05-26 17:00:00+00:00,49558.75
2019-05-26 18:00:00+00:00,48581.75
2019-05-26 19:00:00+00:00,48675.75
2019-05-26 20:00:00+00:00,48208.25
2019-05-26 21:00:00+00:00,45055.25
2019-05-26 22:00:00+00:00,43195.0
2019-05-26 23:00:00+00:00,41831.0
2019-05-27 00:00:00+00:00,40976.75
2019-05-27 01:00:00+00:00,40898.5
2019-05-27 02:00:00+00:00,42370.5
2019-05-27 03:00:00+00:00,46109.25
2019-05-27 04:00:00+00:00,54755.25
2019-05-27 05:00:00+00:00,60883.25
2019-05-27 06:00:00+00:00,64090.75
2019-05-27 07:00:00+00:00,65326.0
2019-05-27 08:00:00+00:00,66567.75
2019-05-27 09:00:00+00:00,67441.75
2019-05-27 10:00:00+00:00,67165.25
2019-05-27 11:00:00+00:00,66754.5
2019-05-27 12:00:00+00:00,65421.5
2019-05-27 13:00:00+00:00,64366.75
2019-05-27 14:00:00+00:00,63613.25
2019-05-27 15:00:00+00:00,63313.5
2019-05-27 16:00:00+00:00,62405.25
2019-05-27 17:00:00+00:00,61841.5
2019-05-27 18:00:00+00:00,59716.5
2019-05-27 19:00:00+00:00,57753.75
2019-05-27 20:00:00+00:00,54745.75
2019-05-27 21:00:00+00:00,50113.0
2019-05-27 22:00:00+00:00,46892.5
2019-05-27 23:00:00+00:00,44927.75
2019-05-28 00:00:00+00:00,43727.0
2019-05-28 01:00:00+00:00,44233.5
2019-05-28 02:00:00+00:00,46021.75
2019-05-28 03:00:00+00:00,49187.25
2019-05-28 04:00:00+00:00,56342.5
2019-05-28 05:00:00+00:00,61977.25
2019-05-28 06:00:00+00:00,64802.25
2019-05-28 07:00:00+00:00,65357.5
2019-05-28 08:00:00+00:00,66204.25
2019-05-28 09:00:00+00:00,67388.5
2019-05-28 10:00:00+00:00,66896.0
2019-05-28 11:00:00+00:00,65967.0
2019-05-28 12:00:00+00:00,64579.75
2019-05-28 13:00:00+00:00,63556.0
2019-05-28 14:00:00+00:00,62669.75
2019-05-28 15:00:00+00:00,62884.0
2019-05-28 16:00:00+00:00,62695.75
2019-05-28 17:00:00+00:00,61814.0
2019-05-28 18:00:00+00:00,59744.25
2019-05-28 19:00:00+00:00,57504.25
2019-05-28 20:00:00+00:00,54462.5
2019-05-28 21:00:00+00:00,49703.0
2019-05-28 22:00:00+00:00,46705.75
2019-05-28 23:00:00+00:00,45260.5
2019-05-29 00:00:00+00:00,44624.0
2019-05-29 01:00:00+00:00,45163.5
2019-05-29 02:00:00+00:00,46446.75
2019-05-29 03:00:00+00:00,49185.5
2019-05-29 04:00:00+00:00,56071.75
2019-05-29 05:00:00+00:00,61231.25
2019-05-29 06:00:00+00:00,63958.25
2019-05-29 07:00:00+00:00,64611.25
2019-05-29 08:00:00+00:00,65321.5
2019-05-29 09:00:00+00:00,65855.0
2019-05-29 10:00:00+00:00,65096.0
2019-05-29 11:00:00+00:00,64184.5
2019-05-29 12:00:00+00:00,62941.0
2019-05-29 13:00:00+00:00,61629.0
2019-05-29 14:00:00+00:00,60061.5
2019-05-29 15:00:00+00:00,59623.25
2019-05-29 16:00:00+00:00,58931.75
2019-05-29 17:00:00+00:00,58563.5
2019-05-29 18:00:00+00:00,56513.75
2019-05-29 19:00:00+00:00,54479.5
2019-05-29 20:00:00+00:00,51851.0
2019-05-29 21:00:00+00:00,47682.25
2019-05-29 22:00:00+00:00,45345.5
2019-05-29 23:00:00+00:00,43151.0
2019-05-30 00:00:00+00:00,41492.75
2019-05-30 01:00:00+00:00,41369.25
2019-05-30 02:00:00+00:00,41340.25
2019-05-30 03:00:00+00:00,40784.75
2019-05-30 04:00:00+00:00,40343.25
2019-05-30 05:00:00+00:00,42787.5
2019-05-30 06:00:00+00:00,45934.75
2019-05-30 07:00:00+00:00,48227.0
2019-05-30 08:00:00+00:00,49775.25
2019-05-30 09:00:00+00:00,51123.0
2019-05-30 10:00:00+00:00,51205.75
2019-05-30 11:00:00+00:00,49615.25
2019-05-30 12:00:00+00:00,48101.5
2019-05-30 13:00:00+00:00,47021.75
2019-05-30 14:00:00+00:00,46448.0
2019-05-30 15:00:00+00:00,47343.0
2019-05-30 16:00:00+00:00,48180.5
2019-05-30 17:00:00+00:00,48431.25
2019-05-30 18:00:00+00:00,47769.75
2019-05-30 19:00:00+00:00,47349.5
2019-05-30 20:00:00+00:00,46581.5
2019-05-30 21:00:00+00:00,43111.75
2019-05-30 22:00:00+00:00,40428.5
2019-05-30 23:00:00+00:00,39367.0
2019-05-31 00:00:00+00:00,38823.5
2019-05-31 01:00:00+00:00,38866.75
2019-05-31 02:00:00+00:00,39160.75
2019-05-31 03:00:00+00:00,41410.25
2019-05-31 04:00:00+00:00,46850.75
2019-05-31 05:00:00+00:00,51997.5
2019-05-31 06:00:00+00:00,55413.0
2019-05-31 07:00:00+00:00,56489.5
2019-05-31 08:00:00+00:00,57367.0
2019-05-31 09:00:00+00:00,58455.0
2019-05-31 10:00:00+00:00,58591.75
2019-05-31 11:00:00+00:00,57004.0
2019-05-31 12:00:00+00:00,55783.5
2019-05-31 13:00:00+00:00,54740.75
2019-05-31 14:00:00+00:00,53839.0
2019-05-31 15:00:00+00:00,54277.0
2019-05-31 16:00:00+00:00,54182.75
2019-05-31 17:00:00+00:00,53359.25
2019-05-31 18:00:00+00:00,51668.25
2019-05-31 19:00:00+00:00,50322.25
2019-05-31 20:00:00+00:00,48887.0
2019-05-31 21:00:00+00:00,45330.5
2019-05-31 22:00:00+00:00,42350.75
2019-05-31 23:00:00+00:00,39977.75
2019-06-01 00:00:00+00:00,38938.75
2019-06-01 01:00:00+00:00,38468.5
2019-06-01 02:00:00+00:00,38742.0
2019-06-01 03:00:00+00:00,38867.5
2019-06-01 04:00:00+00:00,41223.0
2019-06-01 05:00:00+00:00,44609.5
2019-06-01 06:00:00+00:00,48706.75
2019-06-01 07:00:00+00:00,51843.0
2019-06-01 08:00:00+00:00,53468.75
2019-06-01 09:00:00+00:00,54153.0
2019-06-01 10:00:00+00:00,53563.25
2019-06-01 11:00:00+00:00,52277.75
2019-06-01 12:00:00+00:00,51049.0
2019-06-01 13:00:00+00:00,50167.0
2019-06-01 14:00:00+00:00,49785.75
2019-06-01 15:00:00+00:00,49968.0
2019-06-01 16:00:00+00:00,50304.75
2019-06-01 17:00:00+00:00,49658.25
2019-06-01 18:00:00+00:00,48094.0
2019-06-01 19:00:00+00:00,46961.5
2019-06-01 20:00:00+00:00,46038.25
2019-06-01 21:00:00+00:00,42951.0
2019-06-01 22:00:00+00:00,40214.75
2019-06-01 23:00:00+00:00,38345.0
2019-06-02 00:00:00+00:00,36856.5
2019-06-02 01:00:00+00:00,36454.0
2019-06-02 02:00:00+00:00,36302.75
2019-06-02 03:00:00+00:00,35758.25
2019-06-02 04:00:00+00:00,36874.0
2019-06-02 05:00:00+00:00,39505.0
2019-06-02 06:00:00+00:00,43344.75
2019-06-02 07:00:00+00:00,46377.5
2019-06-02 08:00:00+00:00,48036.0
2019-06-02 09:00:00+00:00,49466.75
2019-06-02 10:00:00+00:00,49137.25
2019-06-02 11:00:00+00:00,47753.75
2019-06-02 12:00:00+00:00,46462.0
2019-06-02 13:00:00+00:00,45949.5
2019-06-02 14:00:00+00:00,46041.5
2019-06-02 15:00:00+00:00,47200.25
2019-06-02 16:00:00+00:00,48344.75
2019-06-02 17:00:00+00:00,48820.75
2019-06-02 18:00:00+00:00,48608.25
2019-06-02 19:00:00+00:00,47729.5
2019-06-02 20:00:00+00:00,48081.5
2019-06-02 21:00:00+00:00,45192.0
2019-06-02 22:00:00+00:00,43172.25
2019-06-02 23:00:00+00:00,41423.0
2019-06-03 00:00:00+00:00,40691.25
2019-06-03 01:00:00+00:00,40488.25
2019-06-03 02:00:00+00:00,40550.75
2019-06-03 03:00:00+00:00,44126.5
2019-06-03 04:00:00+00:00,53377.25
2019-06-03 05:00:00+00:00,60107.25
2019-06-03 06:00:00+00:00,63533.25
2019-06-03 07:00:00+00:00,64721.0
2019-06-03 08:00:00+00:00,66261.25
2019-06-03 09:00:00+00:00,67842.0
2019-06-03 10:00:00+00:00,67466.25
2019-06-03 11:00:00+00:00,66732.0
2019-06-03 12:00:00+00:00,65529.5
2019-06-03 13:00:00+00:00,65232.0
2019-06-03 14:00:00+00:00,64281.25
2019-06-03 15:00:00+00:00,63814.5
2019-06-03 16:00:00+00:00,63350.25
2019-06-03 17:00:00+00:00,62673.75
2019-06-03 18:00:00+00:00,60239.5
2019-06-03 19:00:00+00:00,58065.5
2019-06-03 20:00:00+00:00,54730.0
2019-06-03 21:00:00+00:00,50616.5
2019-06-03 22:00:00+00:00,47416.75
2019-06-03 23:00:00+00:00,45818.25
2019-06-04 00:00:00+00:00,44746.75
2019-06-04 01:00:00+00:00,44963.25
2019-06-04 02:00:00+00:00,45850.75
2019-06-04 03:00:00+00:00,48987.5
2019-06-04 04:00:00+00:00,56533.5
2019-06-04 05:00:00+00:00,62658.25
2019-06-04 06:00:00+00:00,65573.0
2019-06-04 07:00:00+00:00,66420.5
2019-06-04 08:00:00+00:00,67561.25
2019-06-04 09:00:00+00:00,68407.0
2019-06-04 10:00:00+00:00,68080.75
2019-06-04 11:00:00+00:00,67625.75
2019-06-04 12:00:00+00:00,66706.5
2019-06-04 13:00:00+00:00,65556.25
2019-06-04 14:00:00+00:00,64267.5
2019-06-04 15:00:00+00:00,63979.25
2019-06-04 16:00:00+00:00,63446.75
2019-06-04 17:00:00+00:00,62717.75
2019-06-04 18:00:00+00:00,61068.75
2019-06-04 19:00:00+00:00,58718.25
2019-06-04 20:00:00+00:00,56121.25
2019-06-04 21:00:00+00:00,52201.75
2019-06-04 22:00:00+00:00,48981.75
2019-06-04 23:00:00+00:00,47156.0
2019-06-05 00:00:00+00:00,45731.25
2019-06-05 01:00:00+00:00,45468.75
2019-06-05 02:00:00+00:00,46481.5
2019-06-05 03:00:00+00:00,48977.25
2019-06-05 04:00:00+00:00,56712.0
2019-06-05 05:00:00+00:00,62978.0
2019-06-05 06:00:00+00:00,65648.75
2019-06-05 07:00:00+00:00,66385.25
2019-06-05 08:00:00+00:00,67634.0
2019-06-05 09:00:00+00:00,68801.25
2019-06-05 10:00:00+00:00,68115.25
2019-06-05 11:00:00+00:00,67905.75
2019-06-05 12:00:00+00:00,66589.25
2019-06-05 13:00:00+00:00,65587.25
2019-06-05 14:00:00+00:00,64610.25
2019-06-05 15:00:00+00:00,64302.0
2019-06-05 16:00:00+00:00,63671.75
2019-06-05 17:00:00+00:00,62771.25
2019-06-05 18:00:00+00:00,60269.25
2019-06-05 19:00:00+00:00,57561.25
2019-06-05 20:00:00+00:00,55259.75
2019-06-05 21:00:00+00:00,51023.75
2019-06-05 22:00:00+00:00,48739.75
2019-06-05 23:00:00+00:00,47266.75
2019-06-06 00:00:00+00:00,46242.25
2019-06-06 01:00:00+00:00,46652.25
2019-06-06 02:00:00+00:00,46975.75
2019-06-06 03:00:00+00:00,49831.25
2019-06-06 04:00:00+00:00,56468.25
2019-06-06 05:00:00+00:00,62545.75
2019-06-06 06:00:00+00:00,65615.75
2019-06-06 07:00:00+00:00,66361.5
2019-06-06 08:00:00+00:00,67819.75
2019-06-06 09:00:00+00:00,68867.75
2019-06-06 10:00:00+00:00,68315.0
2019-06-06 11:00:00+00:00,67492.75
2019-06-06 12:00:00+00:00,65366.0
2019-06-06 13:00:00+00:00,63910.0
2019-06-06 14:00:00+00:00,62544.75
2019-06-06 15:00:00+00:00,62220.5
2019-06-06 16:00:00+00:00,61387.5
2019-06-06 17:00:00+00:00,60286.75
2019-06-06 18:00:00+00:00,57404.5
2019-06-06 19:00:00+00:00,55331.25
2019-06-06 20:00:00+00:00,52898.5
2019-06-06 21:00:00+00:00,48931.0
2019-06-06 22:00:00+00:00,46167.75
2019-06-06 23:00:00+00:00,44439.75
2019-06-07 00:00:00+00:00,43359.5
2019-06-07 01:00:00+00:00,43686.0
2019-06-07 02:00:00+00:00,44715.75
2019-06-07 03:00:00+00:00,47360.25
2019-06-07 04:00:00+00:00,54059.25
2019-06-07 05:00:00+00:00,59646.25
2019-06-07 06:00:00+00:00,62819.0
2019-06-07 07:00:00+00:00,63609.75
2019-06-07 08:00:00+00:00,64878.0
2019-06-07 09:00:00+00:00,65877.25
2019-06-07 10:00:00+00:00,65553.0
2019-06-07 11:00:00+00:00,64652.5
2019-06-07 12:00:00+00:00,63216.5
2019-06-07 13:00:00+00:00,62367.75
2019-06-07 14:00:00+00:00,61213.5
2019-06-07 15:00:00+00:00,60720.0
2019-06-07 16:00:00+00:00,59493.5
2019-06-07 17:00:00+00:00,58432.75
2019-06-07 18:00:00+00:00,56523.75
2019-06-07 19:00:00+00:00,53718.25
2019-06-07 20:00:00+00:00,51283.75
2019-06-07 21:00:00+00:00,47611.75
2019-06-07 22:00:00+00:00,44605.25
2019-06-07 23:00:00+00:00,43024.25
2019-06-08 00:00:00+00:00,42086.0
2019-06-08 01:00:00+00:00,41472.5
2019-06-08 02:00:00+00:00,41374.0
2019-06-08 03:00:00+00:00,41443.75
2019-06-08 04:00:00+00:00,43319.75
2019-06-08 05:00:00+00:00,46636.25
2019-06-08 06:00:00+00:00,50134.0
2019-06-08 07:00:00+00:00,53142.75
2019-06-08 08:00:00+00:00,54685.75
2019-06-08 09:00:00+00:00,55732.25
2019-06-08 10:00:00+00:00,54169.75
2019-06-08 11:00:00+00:00,52425.0
2019-06-08 12:00:00+00:00,50480.5
2019-06-08 13:00:00+00:00,49402.25
2019-06-08 14:00:00+00:00,49499.0
2019-06-08 15:00:00+00:00,50314.0
2019-06-08 16:00:00+00:00,49488.75
2019-06-08 17:00:00+00:00,48536.75
2019-06-08 18:00:00+00:00,46450.0
2019-06-08 19:00:00+00:00,45116.25
2019-06-08 20:00:00+00:00,44444.75
2019-06-08 21:00:00+00:00,41786.75
2019-06-08 22:00:00+00:00,39325.75
2019-06-08 23:00:00+00:00,37370.75
2019-06-09 00:00:00+00:00,36136.5
2019-06-09 01:00:00+00:00,35717.25
2019-06-09 02:00:00+00:00,35671.25
2019-06-09 03:00:00+00:00,34865.75
2019-06-09 04:00:00+00:00,35702.0
2019-06-09 05:00:00+00:00,37847.5
2019-06-09 06:00:00+00:00,41065.25
2019-06-09 07:00:00+00:00,43898.75
2019-06-09 08:00:00+00:00,45584.25
2019-06-09 09:00:00+00:00,47194.75
2019-06-09 10:00:00+00:00,46377.0
2019-06-09 11:00:00+00:00,44265.75
2019-06-09 12:00:00+00:00,42945.25
2019-06-09 13:00:00+00:00,42299.75
2019-06-09 14:00:00+00:00,41988.5
2019-06-09 15:00:00+00:00,42757.75
2019-06-09 16:00:00+00:00,43748.0
2019-06-09 17:00:00+00:00,44055.0
2019-06-09 18:00:00+00:00,43418.25
2019-06-09 19:00:00+00:00,42723.75
2019-06-09 20:00:00+00:00,42240.25
2019-06-09 21:00:00+00:00,39433.0
2019-06-09 22:00:00+00:00,37199.5
2019-06-09 23:00:00+00:00,35738.75
2019-06-10 00:00:00+00:00,35028.25
2019-06-10 01:00:00+00:00,34573.75
2019-06-10 02:00:00+00:00,34683.75
2019-06-10 03:00:00+00:00,35103.0
2019-06-10 04:00:00+00:00,35999.5
2019-06-10 05:00:00+00:00,38334.5
2019-06-10 06:00:00+00:00,41516.5
2019-06-10 07:00:00+00:00,44207.25
2019-06-10 08:00:00+00:00,46173.5
2019-06-10 09:00:00+00:00,48520.5
2019-06-10 10:00:00+00:00,49208.5
2019-06-10 11:00:00+00:00,47499.0
2019-06-10 12:00:00+00:00,46324.5
2019-06-10 13:00:00+00:00,46082.5
2019-06-10 14:00:00+00:00,46253.5
2019-06-10 15:00:00+00:00,47336.5
2019-06-10 16:00:00+00:00,48171.5
2019-06-10 17:00:00+00:00,48011.0
2019-06-10 18:00:00+00:00,46819.75
2019-06-10 19:00:00+00:00,46449.75
2019-06-10 20:00:00+00:00,45638.25
2019-06-10 21:00:00+00:00,42418.0
2019-06-10 22:00:00+00:00,40462.75
2019-06-10 23:00:00+00:00,39391.25
2019-06-11 00:00:00+00:00,38744.0
2019-06-11 01:00:00+00:00,38793.0
2019-06-11 02:00:00+00:00,40322.0
2019-06-11 03:00:00+00:00,44210.75
2019-06-11 04:00:00+00:00,52730.0
2019-06-11 05:00:00+00:00,58982.0
2019-06-11 06:00:00+00:00,61671.75
2019-06-11 07:00:00+00:00,63363.25
2019-06-11 08:00:00+00:00,65091.25
2019-06-11 09:00:00+00:00,66585.75
2019-06-11 10:00:00+00:00,66501.25
2019-06-11 11:00:00+00:00,65733.75
2019-06-11 12:00:00+00:00,64561.0
2019-06-11 13:00:00+00:00,64204.5
2019-06-11 14:00:00+00:00,62818.0
2019-06-11 15:00:00+00:00,62202.25
2019-06-11 16:00:00+00:00,62074.75
2019-06-11 17:00:00+00:00,61174.25
2019-06-11 18:00:00+00:00,58892.25
2019-06-11 19:00:00+00:00,56653.75
2019-06-11 20:00:00+00:00,54339.25
2019-06-11 21:00:00+00:00,50434.75
2019-06-11 22:00:00+00:00,47150.75
2019-06-11 23:00:00+00:00,45560.25
2019-06-12 00:00:00+00:00,44870.0
2019-06-12 01:00:00+00:00,44799.75
2019-06-12 02:00:00+00:00,45043.0
2019-06-12 03:00:00+00:00,48673.5
2019-06-12 04:00:00+00:00,56615.75
2019-06-12 05:00:00+00:00,62068.75
2019-06-12 06:00:00+00:00,65114.75
2019-06-12 07:00:00+00:00,66401.0
2019-06-12 08:00:00+00:00,68233.25
2019-06-12 09:00:00+00:00,69705.75
2019-06-12 10:00:00+00:00,68728.5
2019-06-12 11:00:00+00:00,67311.75
2019-06-12 12:00:00+00:00,66256.25
2019-06-12 13:00:00+00:00,64834.25
2019-06-12 14:00:00+00:00,63520.25
2019-06-12 15:00:00+00:00,63214.75
2019-06-12 16:00:00+00:00,62810.75
2019-06-12 17:00:00+00:00,61378.0
2019-06-12 18:00:00+00:00,59147.75
2019-06-12 19:00:00+00:00,56765.0
2019-06-12 20:00:00+00:00,54527.0
2019-06-12 21:00:00+00:00,50670.0
2019-06-12 22:00:00+00:00,46964.25
2019-06-12 23:00:00+00:00,44805.0
2019-06-13 00:00:00+00:00,43725.5
2019-06-13 01:00:00+00:00,44148.5
2019-06-13 02:00:00+00:00,45367.75
2019-06-13 03:00:00+00:00,47895.5
2019-06-13 04:00:00+00:00,55272.75
2019-06-13 05:00:00+00:00,61111.5
2019-06-13 06:00:00+00:00,63995.0
2019-06-13 07:00:00+00:00,65059.75
2019-06-13 08:00:00+00:00,66048.5
2019-06-13 09:00:00+00:00,67625.5
2019-06-13 10:00:00+00:00,67112.25
2019-06-13 11:00:00+00:00,66549.5
2019-06-13 12:00:00+00:00,65319.75
2019-06-13 13:00:00+00:00,64109.5
2019-06-13 14:00:00+00:00,62509.75
2019-06-13 15:00:00+00:00,62072.0
2019-06-13 16:00:00+00:00,61536.25
2019-06-13 17:00:00+00:00,60426.75
2019-06-13 18:00:00+00:00,58179.0
2019-06-13 19:00:00+00:00,56012.75
2019-06-13 20:00:00+00:00,54141.25
2019-06-13 21:00:00+00:00,50444.75
2019-06-13 22:00:00+00:00,47305.0
2019-06-13 23:00:00+00:00,45703.0
2019-06-14 00:00:00+00:00,44668.0
2019-06-14 01:00:00+00:00,44468.75
2019-06-14 02:00:00+00:00,44929.25
2019-06-14 03:00:00+00:00,47487.5
2019-06-14 04:00:00+00:00,54699.75
2019-06-14 05:00:00+00:00,60382.0
2019-06-14 06:00:00+00:00,63791.0
2019-06-14 07:00:00+00:00,64937.0
2019-06-14 08:00:00+00:00,66257.0
2019-06-14 09:00:00+00:00,67066.25
2019-06-14 10:00:00+00:00,66123.25
2019-06-14 11:00:00+00:00,64528.5
2019-06-14 12:00:00+00:00,63552.75
2019-06-14 13:00:00+00:00,62904.25
2019-06-14 14:00:00+00:00,61792.75
2019-06-14 15:00:00+00:00,61516.0
2019-06-14 16:00:00+00:00,60916.25
2019-06-14 17:00:00+00:00,59899.25
2019-06-14 18:00:00+00:00,57349.0
2019-06-14 19:00:00+00:00,55005.5
2019-06-14 20:00:00+00:00,53111.0
2019-06-14 21:00:00+00:00,49639.75
2019-06-14 22:00:00+00:00,46027.5
2019-06-14 23:00:00+00:00,43722.75
2019-06-15 00:00:00+00:00,42322.5
2019-06-15 01:00:00+00:00,41888.75
2019-06-15 02:00:00+00:00,41322.25
2019-06-15 03:00:00+00:00,40523.5
2019-06-15 04:00:00+00:00,43479.0
2019-06-15 05:00:00+00:00,47596.0
2019-06-15 06:00:00+00:00,50620.75
2019-06-15 07:00:00+00:00,54001.75
2019-06-15 08:00:00+00:00,56685.0
2019-06-15 09:00:00+00:00,56618.0
2019-06-15 10:00:00+00:00,55386.25
2019-06-15 11:00:00+00:00,53200.75
2019-06-15 12:00:00+00:00,51446.5
2019-06-15 13:00:00+00:00,51044.25
2019-06-15 14:00:00+00:00,51484.5
2019-06-15 15:00:00+00:00,51934.25
2019-06-15 16:00:00+00:00,51368.75
2019-06-15 17:00:00+00:00,50862.0
2019-06-15 18:00:00+00:00,48337.25
2019-06-15 19:00:00+00:00,46580.5
2019-06-15 20:00:00+00:00,45722.5
2019-06-15 21:00:00+00:00,42564.0
2019-06-15 22:00:00+00:00,39706.0
2019-06-15 23:00:00+00:00,37844.0
2019-06-16 00:00:00+00:00,37241.0
2019-06-16 01:00:00+00:00,37002.25
2019-06-16 02:00:00+00:00,37296.5
2019-06-16 03:00:00+00:00,37381.25
2019-06-16 04:00:00+00:00,38036.75
2019-06-16 05:00:00+00:00,40278.75
2019-06-16 06:00:00+00:00,43529.75
2019-06-16 07:00:00+00:00,46155.5
2019-06-16 08:00:00+00:00,47943.25
2019-06-16 09:00:00+00:00,50449.25
2019-06-16 10:00:00+00:00,50409.5
2019-06-16 11:00:00+00:00,48492.75
2019-06-16 12:00:00+00:00,46986.75
2019-06-16 13:00:00+00:00,46745.5
2019-06-16 14:00:00+00:00,46442.75
2019-06-16 15:00:00+00:00,47307.5
2019-06-16 16:00:00+00:00,48357.75
2019-06-16 17:00:00+00:00,48241.25
2019-06-16 18:00:00+00:00,47604.25
2019-06-16 19:00:00+00:00,46868.25
2019-06-16 20:00:00+00:00,47396.5
2019-06-16 21:00:00+00:00,44521.25
2019-06-16 22:00:00+00:00,42224.75
2019-06-16 23:00:00+00:00,40873.0
2019-06-17 00:00:00+00:00,40073.0
2019-06-17 01:00:00+00:00,40388.25
2019-06-17 02:00:00+00:00,42044.0
2019-06-17 03:00:00+00:00,45370.5
2019-06-17 04:00:00+00:00,53519.5
2019-06-17 05:00:00+00:00,59720.5
2019-06-17 06:00:00+00:00,63272.25
2019-06-17 07:00:00+00:00,64209.5
2019-06-17 08:00:00+00:00,65428.25
2019-06-17 09:00:00+00:00,66573.0
2019-06-17 10:00:00+00:00,66304.5
2019-06-17 11:00:00+00:00,65877.5
2019-06-17 12:00:00+00:00,64746.75
2019-06-17 13:00:00+00:00,63535.75
2019-06-17 14:00:00+00:00,62557.75
2019-06-17 15:00:00+00:00,62361.75
2019-06-17 16:00:00+00:00,61912.5
2019-06-17 17:00:00+00:00,61303.0
2019-06-17 18:00:00+00:00,58954.75
2019-06-17 19:00:00+00:00,56527.0
2019-06-17 20:00:00+00:00,54269.25
2019-06-17 21:00:00+00:00,50463.5
2019-06-17 22:00:00+00:00,47026.75
2019-06-17 23:00:00+00:00,45485.5
2019-06-18 00:00:00+00:00,44647.25
2019-06-18 01:00:00+00:00,44741.75
2019-06-18 02:00:00+00:00,45477.5
2019-06-18 03:00:00+00:00,48039.0
2019-06-18 04:00:00+00:00,55584.75
2019-06-18 05:00:00+00:00,61670.25
2019-06-18 06:00:00+00:00,64995.0
2019-06-18 07:00:00+00:00,66245.0
2019-06-18 08:00:00+00:00,67510.5
2019-06-18 09:00:00+00:00,69111.75
2019-06-18 10:00:00+00:00,68279.25
2019-06-18 11:00:00+00:00,67370.75
2019-06-18 12:00:00+00:00,66541.25
2019-06-18 13:00:00+00:00,65740.5
2019-06-18 14:00:00+00:00,64632.5
2019-06-18 15:00:00+00:00,64292.5
2019-06-18 16:00:00+00:00,63733.25
2019-06-18 17:00:00+00:00,62897.0
2019-06-18 18:00:00+00:00,60560.0
2019-06-18 19:00:00+00:00,57984.0
2019-06-18 20:00:00+00:00,55440.0
2019-06-18 21:00:00+00:00,51362.75
2019-06-18 22:00:00+00:00,48150.5
2019-06-18 23:00:00+00:00,46344.25
2019-06-19 00:00:00+00:00,45057.75
2019-06-19 01:00:00+00:00,45091.5
2019-06-19 02:00:00+00:00,45696.5
2019-06-19 03:00:00+00:00,48027.0
2019-06-19 04:00:00+00:00,55637.0
2019-06-19 05:00:00+00:00,61447.75
2019-06-19 06:00:00+00:00,64646.0
2019-06-19 07:00:00+00:00,65928.75
2019-06-19 08:00:00+00:00,67744.5
2019-06-19 09:00:00+00:00,69084.75
2019-06-19 10:00:00+00:00,69015.5
2019-06-19 11:00:00+00:00,68225.75
2019-06-19 12:00:00+00:00,66973.5
2019-06-19 13:00:00+00:00,65671.0
2019-06-19 14:00:00+00:00,64285.25
2019-06-19 15:00:00+00:00,64384.25
2019-06-19 16:00:00+00:00,63686.25
2019-06-19 17:00:00+00:00,62070.0
2019-06-19 18:00:00+00:00,59312.75
2019-06-19 19:00:00+00:00,56287.5
2019-06-19 20:00:00+00:00,53593.0
2019-06-19 21:00:00+00:00,48660.5
2019-06-19 22:00:00+00:00,45830.75
2019-06-19 23:00:00+00:00,43970.25
2019-06-20 00:00:00+00:00,43286.5
2019-06-20 01:00:00+00:00,43118.25
2019-06-20 02:00:00+00:00,42970.75
2019-06-20 03:00:00+00:00,42758.0
2019-06-20 04:00:00+00:00,44712.5
2019-06-20 05:00:00+00:00,48174.75
2019-06-20 06:00:00+00:00,50815.0
2019-06-20 07:00:00+00:00,52609.25
2019-06-20 08:00:00+00:00,54445.75
2019-06-20 09:00:00+00:00,56239.5
2019-06-20 10:00:00+00:00,56065.75
2019-06-20 11:00:00+00:00,54753.0
2019-06-20 12:00:00+00:00,53491.5
2019-06-20 13:00:00+00:00,52717.5
2019-06-20 14:00:00+00:00,52041.0
2019-06-20 15:00:00+00:00,52375.75
2019-06-20 16:00:00+00:00,53031.75
2019-06-20 17:00:00+00:00,52135.5
2019-06-20 18:00:00+00:00,50784.0
2019-06-20 19:00:00+00:00,49611.0
2019-06-20 20:00:00+00:00,48934.75
2019-06-20 21:00:00+00:00,45425.75
2019-06-20 22:00:00+00:00,42832.25
2019-06-20 23:00:00+00:00,40914.75
2019-06-21 00:00:00+00:00,40568.5
2019-06-21 01:00:00+00:00,40343.75
2019-06-21 02:00:00+00:00,41203.0
2019-06-21 03:00:00+00:00,43282.75
2019-06-21 04:00:00+00:00,49232.5
2019-06-21 05:00:00+00:00,54252.25
2019-06-21 06:00:00+00:00,57626.25
2019-06-21 07:00:00+00:00,59010.25
2019-06-21 08:00:00+00:00,60280.5
2019-06-21 09:00:00+00:00,61430.5
2019-06-21 10:00:00+00:00,61047.75
2019-06-21 11:00:00+00:00,60197.75
2019-06-21 12:00:00+00:00,59019.25
2019-06-21 13:00:00+00:00,58254.75
2019-06-21 14:00:00+00:00,57049.5
2019-06-21 15:00:00+00:00,56638.0
2019-06-21 16:00:00+00:00,56264.75
2019-06-21 17:00:00+00:00,55182.75
2019-06-21 18:00:00+00:00,52893.5
2019-06-21 19:00:00+00:00,50344.25
2019-06-21 20:00:00+00:00,48967.0
2019-06-21 21:00:00+00:00,45631.0
2019-06-21 22:00:00+00:00,42894.5
2019-06-21 23:00:00+00:00,40825.75
2019-06-22 00:00:00+00:00,39300.75
2019-06-22 01:00:00+00:00,38794.75
2019-06-22 02:00:00+00:00,39054.0
2019-06-22 03:00:00+00:00,39377.25
2019-06-22 04:00:00+00:00,41688.5
2019-06-22 05:00:00+00:00,44954.75
2019-06-22 06:00:00+00:00,48611.0
2019-06-22 07:00:00+00:00,51603.5
2019-06-22 08:00:00+00:00,53264.75
2019-06-22 09:00:00+00:00,54338.25
2019-06-22 10:00:00+00:00,53835.75
2019-06-22 11:00:00+00:00,52365.25
2019-06-22 12:00:00+00:00,51142.25
2019-06-22 13:00:00+00:00,50578.75
2019-06-22 14:00:00+00:00,49960.5
2019-06-22 15:00:00+00:00,50113.25
2019-06-22 16:00:00+00:00,50304.5
2019-06-22 17:00:00+00:00,49476.5
2019-06-22 18:00:00+00:00,47361.5
2019-06-22 19:00:00+00:00,45874.75
2019-06-22 20:00:00+00:00,45168.75
2019-06-22 21:00:00+00:00,42657.5
2019-06-22 22:00:00+00:00,39535.75
2019-06-22 23:00:00+00:00,37782.75
2019-06-23 00:00:00+00:00,36938.75
2019-06-23 01:00:00+00:00,36782.0
2019-06-23 02:00:00+00:00,35993.75
2019-06-23 03:00:00+00:00,35366.5
2019-06-23 04:00:00+00:00,36714.5
2019-06-23 05:00:00+00:00,39152.25
2019-06-23 06:00:00+00:00,42469.0
2019-06-23 07:00:00+00:00,45245.0
2019-06-23 08:00:00+00:00,47313.75
2019-06-23 09:00:00+00:00,48983.75
2019-06-23 10:00:00+00:00,49169.25
2019-06-23 11:00:00+00:00,47709.5
2019-06-23 12:00:00+00:00,46407.5
2019-06-23 13:00:00+00:00,45904.5
2019-06-23 14:00:00+00:00,46232.5
2019-06-23 15:00:00+00:00,47084.5
2019-06-23 16:00:00+00:00,48164.0
2019-06-23 17:00:00+00:00,48300.0
2019-06-23 18:00:00+00:00,47715.0
2019-06-23 19:00:00+00:00,47073.5
2019-06-23 20:00:00+00:00,47609.25
2019-06-23 21:00:00+00:00,44660.0
2019-06-23 22:00:00+00:00,42337.25
2019-06-23 23:00:00+00:00,40963.5
2019-06-24 00:00:00+00:00,40187.5
2019-06-24 01:00:00+00:00,40441.5
2019-06-24 02:00:00+00:00,42045.5
2019-06-24 03:00:00+00:00,45195.25
2019-06-24 04:00:00+00:00,53995.75
2019-06-24 05:00:00+00:00,60462.25
2019-06-24 06:00:00+00:00,64086.0
2019-06-24 07:00:00+00:00,65491.75
2019-06-24 08:00:00+00:00,66982.5
2019-06-24 09:00:00+00:00,68259.75
2019-06-24 10:00:00+00:00,68059.25
2019-06-24 11:00:00+00:00,67533.75
2019-06-24 12:00:00+00:00,66671.25
2019-06-24 13:00:00+00:00,65860.5
2019-06-24 14:00:00+00:00,65079.5
2019-06-24 15:00:00+00:00,64716.75
2019-06-24 16:00:00+00:00,64347.75
2019-06-24 17:00:00+00:00,63410.25
2019-06-24 18:00:00+00:00,61275.25
2019-06-24 19:00:00+00:00,58649.0
2019-06-24 20:00:00+00:00,56419.75
2019-06-24 21:00:00+00:00,51937.25
2019-06-24 22:00:00+00:00,48864.25
2019-06-24 23:00:00+00:00,47137.5
2019-06-25 00:00:00+00:00,46131.5
2019-06-25 01:00:00+00:00,45904.0
2019-06-25 02:00:00+00:00,46620.0
2019-06-25 03:00:00+00:00,49579.0
2019-06-25 04:00:00+00:00,56798.25
2019-06-25 05:00:00+00:00,62864.0
2019-06-25 06:00:00+00:00,65969.0
2019-06-25 07:00:00+00:00,67361.0
2019-06-25 08:00:00+00:00,68831.5
2019-06-25 09:00:00+00:00,69827.25
2019-06-25 10:00:00+00:00,69814.25
2019-06-25 11:00:00+00:00,69323.25
2019-06-25 12:00:00+00:00,68243.25
2019-06-25 13:00:00+00:00,67317.75
2019-06-25 14:00:00+00:00,66198.0
2019-06-25 15:00:00+00:00,65539.75
2019-06-25 16:00:00+00:00,64625.75
2019-06-25 17:00:00+00:00,64331.0
2019-06-25 18:00:00+00:00,61669.75
2019-06-25 19:00:00+00:00,59262.75
2019-06-25 20:00:00+00:00,57155.25
2019-06-25 21:00:00+00:00,53133.75
2019-06-25 22:00:00+00:00,49768.5
2019-06-25 23:00:00+00:00,47534.25
2019-06-26 00:00:00+00:00,46334.75
2019-06-26 01:00:00+00:00,46189.5
2019-06-26 02:00:00+00:00,47309.0
2019-06-26 03:00:00+00:00,49898.25
2019-06-26 04:00:00+00:00,57430.75
2019-06-26 05:00:00+00:00,63883.5
2019-06-26 06:00:00+00:00,67342.0
2019-06-26 07:00:00+00:00,68497.0
2019-06-26 08:00:00+00:00,69943.5
2019-06-26 09:00:00+00:00,70805.5
2019-06-26 10:00:00+00:00,70322.25
2019-06-26 11:00:00+00:00,69676.25
2019-06-26 12:00:00+00:00,68681.25
2019-06-26 13:00:00+00:00,68183.75
2019-06-26 14:00:00+00:00,66860.75
2019-06-26 15:00:00+00:00,66386.25
2019-06-26 16:00:00+00:00,65483.75
2019-06-26 17:00:00+00:00,64372.25
2019-06-26 18:00:00+00:00,61818.5
2019-06-26 19:00:00+00:00,59288.75
2019-06-26 20:00:00+00:00,57164.75
2019-06-26 21:00:00+00:00,53212.25
2019-06-26 22:00:00+00:00,49952.0
2019-06-26 23:00:00+00:00,48322.5
2019-06-27 00:00:00+00:00,47449.0
2019-06-27 01:00:00+00:00,47108.0
2019-06-27 02:00:00+00:00,47711.0
2019-06-27 03:00:00+00:00,49998.75
2019-06-27 04:00:00+00:00,56733.75
2019-06-27 05:00:00+00:00,62601.0
2019-06-27 06:00:00+00:00,65786.75
2019-06-27 07:00:00+00:00,66924.75
2019-06-27 08:00:00+00:00,68691.5
2019-06-27 09:00:00+00:00,69510.25
2019-06-27 10:00:00+00:00,69122.75
2019-06-27 11:00:00+00:00,68255.25
2019-06-27 12:00:00+00:00,67172.25
2019-06-27 13:00:00+00:00,65937.25
2019-06-27 14:00:00+00:00,64751.75
2019-06-27 15:00:00+00:00,64238.0
2019-06-27 16:00:00+00:00,63609.0
2019-06-27 17:00:00+00:00,62644.0
2019-06-27 18:00:00+00:00,60093.0
2019-06-27 19:00:00+00:00,57426.75
2019-06-27 20:00:00+00:00,55422.0
2019-06-27 21:00:00+00:00,51622.0
2019-06-27 22:00:00+00:00,48009.75
2019-06-27 23:00:00+00:00,46175.25
2019-06-28 00:00:00+00:00,45255.5
2019-06-28 01:00:00+00:00,45219.25
2019-06-28 02:00:00+00:00,45933.75
2019-06-28 03:00:00+00:00,48077.25
2019-06-28 04:00:00+00:00,55218.5
2019-06-28 05:00:00+00:00,60967.75
2019-06-28 06:00:00+00:00,63955.5
2019-06-28 07:00:00+00:00,64766.5
2019-06-28 08:00:00+00:00,65860.0
2019-06-28 09:00:00+00:00,66702.5
2019-06-28 10:00:00+00:00,65874.75
2019-06-28 11:00:00+00:00,64502.75
2019-06-28 12:00:00+00:00,63014.5
2019-06-28 13:00:00+00:00,61860.5
2019-06-28 14:00:00+00:00,61315.0
2019-06-28 15:00:00+00:00,61052.25
2019-06-28 16:00:00+00:00,60361.5
2019-06-28 17:00:00+00:00,59291.25
2019-06-28 18:00:00+00:00,56693.25
2019-06-28 19:00:00+00:00,54173.25
2019-06-28 20:00:00+00:00,52285.75
2019-06-28 21:00:00+00:00,48927.75
2019-06-28 22:00:00+00:00,45088.5
2019-06-28 23:00:00+00:00,43081.5
2019-06-29 00:00:00+00:00,41860.0
2019-06-29 01:00:00+00:00,41273.25
2019-06-29 02:00:00+00:00,41032.5
2019-06-29 03:00:00+00:00,40903.5
2019-06-29 04:00:00+00:00,43070.5
2019-06-29 05:00:00+00:00,46875.25
2019-06-29 06:00:00+00:00,50849.25
2019-06-29 07:00:00+00:00,53749.0
2019-06-29 08:00:00+00:00,55123.25
2019-06-29 09:00:00+00:00,55554.25
2019-06-29 10:00:00+00:00,55129.0
2019-06-29 11:00:00+00:00,53884.75
2019-06-29 12:00:00+00:00,52607.5
2019-06-29 13:00:00+00:00,52291.75
2019-06-29 14:00:00+00:00,51625.0
2019-06-29 15:00:00+00:00,51737.0
2019-06-29 16:00:00+00:00,51841.5
2019-06-29 17:00:00+00:00,51005.5
2019-06-29 18:00:00+00:00,49014.5
2019-06-29 19:00:00+00:00,47154.5
2019-06-29 20:00:00+00:00,46536.0
2019-06-29 21:00:00+00:00,43782.25
2019-06-29 22:00:00+00:00,40823.75
2019-06-29 23:00:00+00:00,38962.0
2019-06-30 00:00:00+00:00,38014.5
2019-06-30 01:00:00+00:00,37259.0
2019-06-30 02:00:00+00:00,37085.0
2019-06-30 03:00:00+00:00,36813.25
2019-06-30 04:00:00+00:00,38096.5
2019-06-30 05:00:00+00:00,40804.5
2019-06-30 06:00:00+00:00,44401.5
2019-06-30 07:00:00+00:00,47276.75
2019-06-30 08:00:00+00:00,49436.0
2019-06-30 09:00:00+00:00,51106.5
2019-06-30 10:00:00+00:00,50748.5
2019-06-30 11:00:00+00:00,49487.25
2019-06-30 12:00:00+00:00,48460.5
2019-06-30 13:00:00+00:00,48137.75
2019-06-30 14:00:00+00:00,48193.0
2019-06-30 15:00:00+00:00,49244.25
2019-06-30 16:00:00+00:00,49803.75
2019-06-30 17:00:00+00:00,50334.5
2019-06-30 18:00:00+00:00,50043.5
2019-06-30 19:00:00+00:00,49315.5
2019-06-30 20:00:00+00:00,50072.75
2019-06-30 21:00:00+00:00,47033.75
2019-06-30 22:00:00+00:00,46029.5
2019-06-30 23:00:00+00:00,44155.25
2019-07-01 00:00:00+00:00,43294.75
2019-07-01 01:00:00+00:00,43336.75
2019-07-01 02:00:00+00:00,44083.5
2019-07-01 03:00:00+00:00,47523.0
2019-07-01 04:00:00+00:00,56100.25
2019-07-01 05:00:00+00:00,62116.5
2019-07-01 06:00:00+00:00,65868.25
2019-07-01 07:00:00+00:00,67519.75
2019-07-01 08:00:00+00:00,69765.5
2019-07-01 09:00:00+00:00,71377.25
2019-07-01 10:00:00+00:00,71293.25
2019-07-01 11:00:00+00:00,70980.0
2019-07-01 12:00:00+00:00,70181.25
2019-07-01 13:00:00+00:00,69322.25
2019-07-01 14:00:00+00:00,67328.5
2019-07-01 15:00:00+00:00,67053.5
2019-07-01 16:00:00+00:00,66475.25
2019-07-01 17:00:00+00:00,66023.5
2019-07-01 18:00:00+00:00,62788.5
2019-07-01 19:00:00+00:00,59582.0
2019-07-01 20:00:00+00:00,56775.75
2019-07-01 21:00:00+00:00,52628.0
2019-07-01 22:00:00+00:00,49646.5
2019-07-01 23:00:00+00:00,47910.75
2019-07-02 00:00:00+00:00,46811.25
2019-07-02 01:00:00+00:00,46926.75
2019-07-02 02:00:00+00:00,47934.75
2019-07-02 03:00:00+00:00,50478.5
2019-07-02 04:00:00+00:00,57550.75
2019-07-02 05:00:00+00:00,63142.5
2019-07-02 06:00:00+00:00,66793.25
2019-07-02 07:00:00+00:00,67400.5
2019-07-02 08:00:00+00:00,68440.0
2019-07-02 09:00:00+00:00,69582.5
2019-07-02 10:00:00+00:00,69354.25
2019-07-02 11:00:00+00:00,68939.0
2019-07-02 12:00:00+00:00,67877.25
2019-07-02 13:00:00+00:00,66343.5
2019-07-02 14:00:00+00:00,65194.0
2019-07-02 15:00:00+00:00,64869.25
2019-07-02 16:00:00+00:00,64244.75
2019-07-02 17:00:00+00:00,63085.75
2019-07-02 18:00:00+00:00,60374.25
2019-07-02 19:00:00+00:00,57483.25
2019-07-02 20:00:00+00:00,54965.25
2019-07-02 21:00:00+00:00,51172.25
2019-07-02 22:00:00+00:00,48031.25
2019-07-02 23:00:00+00:00,46487.75
2019-07-03 00:00:00+00:00,45850.75
2019-07-03 01:00:00+00:00,45955.75
2019-07-03 02:00:00+00:00,46770.75
2019-07-03 03:00:00+00:00,49310.75
2019-07-03 04:00:00+00:00,56425.5
2019-07-03 05:00:00+00:00,61851.25
2019-07-03 06:00:00+00:00,65668.5
2019-07-03 07:00:00+00:00,66792.25
2019-07-03 08:00:00+00:00,68229.25
2019-07-03 09:00:00+00:00,69386.0
2019-07-03 10:00:00+00:00,68736.5
2019-07-03 11:00:00+00:00,67771.25
2019-07-03 12:00:00+00:00,66300.25
2019-07-03 13:00:00+00:00,65842.5
2019-07-03 14:00:00+00:00,64338.0
2019-07-03 15:00:00+00:00,64405.75
2019-07-03 16:00:00+00:00,63752.5
2019-07-03 17:00:00+00:00,62428.5
2019-07-03 18:00:00+00:00,60125.0
2019-07-03 19:00:00+00:00,57854.0
2019-07-03 20:00:00+00:00,56111.75
2019-07-03 21:00:00+00:00,51847.75
2019-07-03 22:00:00+00:00,48385.75
2019-07-03 23:00:00+00:00,46679.0
2019-07-04 00:00:00+00:00,45542.25
2019-07-04 01:00:00+00:00,45778.5
2019-07-04 02:00:00+00:00,46646.0
2019-07-04 03:00:00+00:00,49366.0
2019-07-04 04:00:00+00:00,56244.75
2019-07-04 05:00:00+00:00,61794.75
2019-07-04 06:00:00+00:00,65419.75
2019-07-04 07:00:00+00:00,66489.5
2019-07-04 08:00:00+00:00,67813.0
2019-07-04 09:00:00+00:00,69370.5
2019-07-04 10:00:00+00:00,68971.0
2019-07-04 11:00:00+00:00,68380.0
2019-07-04 12:00:00+00:00,67469.25
2019-07-04 13:00:00+00:00,66640.75
2019-07-04 14:00:00+00:00,65503.0
2019-07-04 15:00:00+00:00,64976.0
2019-07-04 16:00:00+00:00,64236.25
2019-07-04 17:00:00+00:00,63448.0
2019-07-04 18:00:00+00:00,60895.75
2019-07-04 19:00:00+00:00,58435.5
2019-07-04 20:00:00+00:00,56372.75
2019-07-04 21:00:00+00:00,52590.75
2019-07-04 22:00:00+00:00,49330.75
2019-07-04 23:00:00+00:00,47634.5
2019-07-05 00:00:00+00:00,46931.75
2019-07-05 01:00:00+00:00,46964.0
2019-07-05 02:00:00+00:00,47699.0
2019-07-05 03:00:00+00:00,49933.75
2019-07-05 04:00:00+00:00,57221.5
2019-07-05 05:00:00+00:00,62892.25
2019-07-05 06:00:00+00:00,65942.0
2019-07-05 07:00:00+00:00,67360.5
2019-07-05 08:00:00+00:00,68112.25
2019-07-05 09:00:00+00:00,68911.0
2019-07-05 10:00:00+00:00,68145.25
2019-07-05 11:00:00+00:00,67053.75
2019-07-05 12:00:00+00:00,65882.25
2019-07-05 13:00:00+00:00,64305.5
2019-07-05 14:00:00+00:00,63153.5
2019-07-05 15:00:00+00:00,62437.25
2019-07-05 16:00:00+00:00,61635.75
2019-07-05 17:00:00+00:00,60012.0
2019-07-05 18:00:00+00:00,56871.75
2019-07-05 19:00:00+00:00,54620.0
2019-07-05 20:00:00+00:00,52821.25
2019-07-05 21:00:00+00:00,49266.75
2019-07-05 22:00:00+00:00,46513.5
2019-07-05 23:00:00+00:00,44126.5
2019-07-06 00:00:00+00:00,42346.0
2019-07-06 01:00:00+00:00,41795.75
2019-07-06 02:00:00+00:00,41562.5
2019-07-06 03:00:00+00:00,41594.25
2019-07-06 04:00:00+00:00,43522.0
2019-07-06 05:00:00+00:00,46810.25
2019-07-06 06:00:00+00:00,50739.5
2019-07-06 07:00:00+00:00,54006.75
2019-07-06 08:00:00+00:00,55848.75
2019-07-06 09:00:00+00:00,56788.75
2019-07-06 10:00:00+00:00,56427.25
2019-07-06 11:00:00+00:00,55522.25
2019-07-06 12:00:00+00:00,54474.75
2019-07-06 13:00:00+00:00,53560.5
2019-07-06 14:00:00+00:00,53116.75
2019-07-06 15:00:00+00:00,53213.5
2019-07-06 16:00:00+00:00,53403.25
2019-07-06 17:00:00+00:00,52556.0
2019-07-06 18:00:00+00:00,50312.0
2019-07-06 19:00:00+00:00,48997.25
2019-07-06 20:00:00+00:00,48095.0
2019-07-06 21:00:00+00:00,45370.25
2019-07-06 22:00:00+00:00,42685.5
2019-07-06 23:00:00+00:00,40740.25
2019-07-07 00:00:00+00:00,39625.25
2019-07-07 01:00:00+00:00,39077.5
2019-07-07 02:00:00+00:00,38826.0
2019-07-07 03:00:00+00:00,38571.0
2019-07-07 04:00:00+00:00,39547.25
2019-07-07 05:00:00+00:00,41511.25
2019-07-07 06:00:00+00:00,44465.75
2019-07-07 07:00:00+00:00,47731.5
2019-07-07 08:00:00+00:00,49781.25
2019-07-07 09:00:00+00:00,51592.75
2019-07-07 10:00:00+00:00,51715.25
2019-07-07 11:00:00+00:00,50420.25
2019-07-07 12:00:00+00:00,49491.5
2019-07-07 13:00:00+00:00,48791.0
2019-07-07 14:00:00+00:00,48851.0
2019-07-07 15:00:00+00:00,49596.25
2019-07-07 16:00:00+00:00,49630.75
2019-07-07 17:00:00+00:00,49242.0
2019-07-07 18:00:00+00:00,48283.75
2019-07-07 19:00:00+00:00,47423.5
2019-07-07 20:00:00+00:00,47602.0
2019-07-07 21:00:00+00:00,44966.75
2019-07-07 22:00:00+00:00,43137.25
2019-07-07 23:00:00+00:00,41609.75
2019-07-08 00:00:00+00:00,40350.0
2019-07-08 01:00:00+00:00,40696.5
2019-07-08 02:00:00+00:00,41954.0
2019-07-08 03:00:00+00:00,45494.25
2019-07-08 04:00:00+00:00,53556.5
2019-07-08 05:00:00+00:00,59841.75
2019-07-08 06:00:00+00:00,62722.5
2019-07-08 07:00:00+00:00,64499.75
2019-07-08 08:00:00+00:00,66297.0
2019-07-08 09:00:00+00:00,67342.5
2019-07-08 10:00:00+00:00,67732.0
2019-07-08 11:00:00+00:00,67050.0
2019-07-08 12:00:00+00:00,65824.5
2019-07-08 13:00:00+00:00,64818.5
2019-07-08 14:00:00+00:00,63434.0
2019-07-08 15:00:00+00:00,62911.5
2019-07-08 16:00:00+00:00,62119.75
2019-07-08 17:00:00+00:00,60984.5
2019-07-08 18:00:00+00:00,58451.0
2019-07-08 19:00:00+00:00,56295.0
2019-07-08 20:00:00+00:00,54073.0
2019-07-08 21:00:00+00:00,49850.0
2019-07-08 22:00:00+00:00,47176.0
2019-07-08 23:00:00+00:00,45598.5
2019-07-09 00:00:00+00:00,45041.0
2019-07-09 01:00:00+00:00,45133.5
2019-07-09 02:00:00+00:00,46073.0
2019-07-09 03:00:00+00:00,48253.0
2019-07-09 04:00:00+00:00,55490.75
2019-07-09 05:00:00+00:00,61010.75
2019-07-09 06:00:00+00:00,63255.25
2019-07-09 07:00:00+00:00,64320.5
2019-07-09 08:00:00+00:00,65831.5
2019-07-09 09:00:00+00:00,67580.0
2019-07-09 10:00:00+00:00,67001.5
2019-07-09 11:00:00+00:00,66505.75
2019-07-09 12:00:00+00:00,65580.5
2019-07-09 13:00:00+00:00,64594.75
2019-07-09 14:00:00+00:00,63484.0
2019-07-09 15:00:00+00:00,62929.75
2019-07-09 16:00:00+00:00,62348.75
2019-07-09 17:00:00+00:00,61391.75
2019-07-09 18:00:00+00:00,58779.25
2019-07-09 19:00:00+00:00,56386.5
2019-07-09 20:00:00+00:00,54088.25
2019-07-09 21:00:00+00:00,50258.0
2019-07-09 22:00:00+00:00,47314.25
2019-07-09 23:00:00+00:00,45496.75
2019-07-10 00:00:00+00:00,44343.75
2019-07-10 01:00:00+00:00,44633.75
2019-07-10 02:00:00+00:00,45626.0
2019-07-10 03:00:00+00:00,48042.75
2019-07-10 04:00:00+00:00,55133.25
2019-07-10 05:00:00+00:00,60659.5
2019-07-10 06:00:00+00:00,62872.25
2019-07-10 07:00:00+00:00,63676.25
2019-07-10 08:00:00+00:00,64972.25
2019-07-10 09:00:00+00:00,66942.75
2019-07-10 10:00:00+00:00,66873.75
2019-07-10 11:00:00+00:00,66561.25
2019-07-10 12:00:00+00:00,65927.75
2019-07-10 13:00:00+00:00,64664.0
2019-07-10 14:00:00+00:00,63014.5
2019-07-10 15:00:00+00:00,62535.25
2019-07-10 16:00:00+00:00,62551.0
2019-07-10 17:00:00+00:00,61530.75
2019-07-10 18:00:00+00:00,58625.5
2019-07-10 19:00:00+00:00,56559.75
2019-07-10 20:00:00+00:00,53955.75
2019-07-10 21:00:00+00:00,49646.25
2019-07-10 22:00:00+00:00,47079.75
2019-07-10 23:00:00+00:00,45523.75
2019-07-11 00:00:00+00:00,44296.0
2019-07-11 01:00:00+00:00,44455.25
2019-07-11 02:00:00+00:00,45389.5
2019-07-11 03:00:00+00:00,48095.25
2019-07-11 04:00:00+00:00,54844.5
2019-07-11 05:00:00+00:00,60459.25
2019-07-11 06:00:00+00:00,63665.5
2019-07-11 07:00:00+00:00,64871.0
2019-07-11 08:00:00+00:00,66464.5
2019-07-11 09:00:00+00:00,67732.25
2019-07-11 10:00:00+00:00,67220.5
2019-07-11 11:00:00+00:00,66562.0
2019-07-11 12:00:00+00:00,64926.25
2019-07-11 13:00:00+00:00,63923.75
2019-07-11 14:00:00+00:00,62898.25
2019-07-11 15:00:00+00:00,62590.75
2019-07-11 16:00:00+00:00,62116.75
2019-07-11 17:00:00+00:00,61066.75
2019-07-11 18:00:00+00:00,58635.5
2019-07-11 19:00:00+00:00,56214.75
2019-07-11 20:00:00+00:00,53401.75
2019-07-11 21:00:00+00:00,49543.25
2019-07-11 22:00:00+00:00,46690.5
2019-07-11 23:00:00+00:00,45200.5
2019-07-12 00:00:00+00:00,44209.0
2019-07-12 01:00:00+00:00,44432.0
2019-07-12 02:00:00+00:00,45621.25
2019-07-12 03:00:00+00:00,48201.5
2019-07-12 04:00:00+00:00,55223.5
2019-07-12 05:00:00+00:00,60785.0
2019-07-12 06:00:00+00:00,64324.5
2019-07-12 07:00:00+00:00,65513.0
2019-07-12 08:00:00+00:00,66931.5
2019-07-12 09:00:00+00:00,67822.0
2019-07-12 10:00:00+00:00,66830.25
2019-07-12 11:00:00+00:00,65133.5
2019-07-12 12:00:00+00:00,63581.0
2019-07-12 13:00:00+00:00,62827.5
2019-07-12 14:00:00+00:00,61914.75
2019-07-12 15:00:00+00:00,61267.5
2019-07-12 16:00:00+00:00,60532.25
2019-07-12 17:00:00+00:00,59040.75
2019-07-12 18:00:00+00:00,56291.25
2019-07-12 19:00:00+00:00,53616.25
2019-07-12 20:00:00+00:00,51240.5
2019-07-12 21:00:00+00:00,48134.75
2019-07-12 22:00:00+00:00,45431.75
2019-07-12 23:00:00+00:00,43340.0
2019-07-13 00:00:00+00:00,41856.75
2019-07-13 01:00:00+00:00,41612.75
2019-07-13 02:00:00+00:00,41521.0
2019-07-13 03:00:00+00:00,41562.75
2019-07-13 04:00:00+00:00,43470.5
2019-07-13 05:00:00+00:00,46543.5
2019-07-13 06:00:00+00:00,49886.25
2019-07-13 07:00:00+00:00,52951.5
2019-07-13 08:00:00+00:00,54903.0
2019-07-13 09:00:00+00:00,55909.75
2019-07-13 10:00:00+00:00,55104.25
2019-07-13 11:00:00+00:00,53452.25
2019-07-13 12:00:00+00:00,52247.5
2019-07-13 13:00:00+00:00,51611.75
2019-07-13 14:00:00+00:00,51250.5
2019-07-13 15:00:00+00:00,51873.25
2019-07-13 16:00:00+00:00,51590.75
2019-07-13 17:00:00+00:00,50654.75
2019-07-13 18:00:00+00:00,48299.25
2019-07-13 19:00:00+00:00,47027.0
2019-07-13 20:00:00+00:00,45820.25
2019-07-13 21:00:00+00:00,43066.25
2019-07-13 22:00:00+00:00,40577.5
2019-07-13 23:00:00+00:00,38637.0
2019-07-14 00:00:00+00:00,37341.5
2019-07-14 01:00:00+00:00,37157.5
2019-07-14 02:00:00+00:00,36839.5
2019-07-14 03:00:00+00:00,36694.25
2019-07-14 04:00:00+00:00,37651.75
2019-07-14 05:00:00+00:00,39100.75
2019-07-14 06:00:00+00:00,42142.0
2019-07-14 07:00:00+00:00,45129.0
2019-07-14 08:00:00+00:00,47686.25
2019-07-14 09:00:00+00:00,49732.75
2019-07-14 10:00:00+00:00,49223.0
2019-07-14 11:00:00+00:00,48036.25
2019-07-14 12:00:00+00:00,47039.75
2019-07-14 13:00:00+00:00,46682.5
2019-07-14 14:00:00+00:00,46373.75
2019-07-14 15:00:00+00:00,47179.5
2019-07-14 16:00:00+00:00,48125.5
2019-07-14 17:00:00+00:00,47865.25
2019-07-14 18:00:00+00:00,47121.75
2019-07-14 19:00:00+00:00,46731.5
2019-07-14 20:00:00+00:00,46411.75
2019-07-14 21:00:00+00:00,43419.5
2019-07-14 22:00:00+00:00,41104.5
2019-07-14 23:00:00+00:00,39494.25
2019-07-15 00:00:00+00:00,38670.25
2019-07-15 01:00:00+00:00,39311.0
2019-07-15 02:00:00+00:00,41039.5
2019-07-15 03:00:00+00:00,44542.75
2019-07-15 04:00:00+00:00,52628.25
2019-07-15 05:00:00+00:00,58639.5
2019-07-15 06:00:00+00:00,62109.25
2019-07-15 07:00:00+00:00,63254.0
2019-07-15 08:00:00+00:00,65200.25
2019-07-15 09:00:00+00:00,66721.75
2019-07-15 10:00:00+00:00,66441.5
2019-07-15 11:00:00+00:00,65805.5
2019-07-15 12:00:00+00:00,64756.5
2019-07-15 13:00:00+00:00,63608.0
2019-07-15 14:00:00+00:00,62592.5
2019-07-15 15:00:00+00:00,62461.75
2019-07-15 16:00:00+00:00,61909.75
2019-07-15 17:00:00+00:00,60790.25
2019-07-15 18:00:00+00:00,58400.5
2019-07-15 19:00:00+00:00,56254.5
2019-07-15 20:00:00+00:00,53846.0
2019-07-15 21:00:00+00:00,49695.5
2019-07-15 22:00:00+00:00,46133.0
2019-07-15 23:00:00+00:00,44680.5
2019-07-16 00:00:00+00:00,43703.0
2019-07-16 01:00:00+00:00,43694.75
2019-07-16 02:00:00+00:00,44730.75
2019-07-16 03:00:00+00:00,47844.5
2019-07-16 04:00:00+00:00,54535.25
2019-07-16 05:00:00+00:00,60433.25
2019-07-16 06:00:00+00:00,64184.0
2019-07-16 07:00:00+00:00,65580.5
2019-07-16 08:00:00+00:00,67048.0
2019-07-16 09:00:00+00:00,67538.5
2019-07-16 10:00:00+00:00,66882.25
2019-07-16 11:00:00+00:00,66205.75
2019-07-16 12:00:00+00:00,65408.5
2019-07-16 13:00:00+00:00,64166.75
2019-07-16 14:00:00+00:00,62969.25
2019-07-16 15:00:00+00:00,62829.25
2019-07-16 16:00:00+00:00,62286.75
2019-07-16 17:00:00+00:00,61345.5
2019-07-16 18:00:00+00:00,58564.25
2019-07-16 19:00:00+00:00,56515.75
2019-07-16 20:00:00+00:00,54204.0
2019-07-16 21:00:00+00:00,50410.5
2019-07-16 22:00:00+00:00,47095.0
2019-07-16 23:00:00+00:00,45139.75
2019-07-17 00:00:00+00:00,43720.25
2019-07-17 01:00:00+00:00,43590.5
2019-07-17 02:00:00+00:00,44668.5
2019-07-17 03:00:00+00:00,47232.75
2019-07-17 04:00:00+00:00,54005.5
2019-07-17 05:00:00+00:00,59501.5
2019-07-17 06:00:00+00:00,62882.5
2019-07-17 07:00:00+00:00,63926.5
2019-07-17 08:00:00+00:00,65215.0
2019-07-17 09:00:00+00:00,66201.0
2019-07-17 10:00:00+00:00,65739.5
2019-07-17 11:00:00+00:00,65176.25
2019-07-17 12:00:00+00:00,64016.5
2019-07-17 13:00:00+00:00,63149.75
2019-07-17 14:00:00+00:00,61584.5
2019-07-17 15:00:00+00:00,61173.25
2019-07-17 16:00:00+00:00,60723.5
2019-07-17 17:00:00+00:00,59461.25
2019-07-17 18:00:00+00:00,57219.0
2019-07-17 19:00:00+00:00,55404.75
2019-07-17 20:00:00+00:00,53112.75
2019-07-17 21:00:00+00:00,48784.5
2019-07-17 22:00:00+00:00,45707.25
2019-07-17 23:00:00+00:00,44018.5
2019-07-18 00:00:00+00:00,42969.25
2019-07-18 01:00:00+00:00,43204.25
2019-07-18 02:00:00+00:00,44152.75
2019-07-18 03:00:00+00:00,46870.5
2019-07-18 04:00:00+00:00,53688.0
2019-07-18 05:00:00+00:00,59264.0
2019-07-18 06:00:00+00:00,62617.25
2019-07-18 07:00:00+00:00,63882.5
2019-07-18 08:00:00+00:00,65265.75
2019-07-18 09:00:00+00:00,66732.25
2019-07-18 10:00:00+00:00,66132.75
2019-07-18 11:00:00+00:00,65416.0
2019-07-18 12:00:00+00:00,64546.25
2019-07-18 13:00:00+00:00,63808.5
2019-07-18 14:00:00+00:00,62152.25
2019-07-18 15:00:00+00:00,62169.0
2019-07-18 16:00:00+00:00,61569.5
2019-07-18 17:00:00+00:00,60689.75
2019-07-18 18:00:00+00:00,58185.25
2019-07-18 19:00:00+00:00,56259.5
2019-07-18 20:00:00+00:00,53590.75
2019-07-18 21:00:00+00:00,49705.0
2019-07-18 22:00:00+00:00,47005.25
2019-07-18 23:00:00+00:00,45236.25
2019-07-19 00:00:00+00:00,44318.75
2019-07-19 01:00:00+00:00,44345.0
2019-07-19 02:00:00+00:00,45180.25
2019-07-19 03:00:00+00:00,47817.5
2019-07-19 04:00:00+00:00,54532.5
2019-07-19 05:00:00+00:00,59943.5
2019-07-19 06:00:00+00:00,63219.5
2019-07-19 07:00:00+00:00,64461.0
2019-07-19 08:00:00+00:00,65872.0
2019-07-19 09:00:00+00:00,66986.25
2019-07-19 10:00:00+00:00,66265.75
2019-07-19 11:00:00+00:00,64790.25
2019-07-19 12:00:00+00:00,63291.25
2019-07-19 13:00:00+00:00,62010.5
2019-07-19 14:00:00+00:00,60879.25
2019-07-19 15:00:00+00:00,60090.0
2019-07-19 16:00:00+00:00,59330.25
2019-07-19 17:00:00+00:00,57712.0
2019-07-19 18:00:00+00:00,54865.5
2019-07-19 19:00:00+00:00,52917.0
2019-07-19 20:00:00+00:00,51001.25
2019-07-19 21:00:00+00:00,47522.5
2019-07-19 22:00:00+00:00,44719.25
2019-07-19 23:00:00+00:00,42622.0
2019-07-20 00:00:00+00:00,41009.5
2019-07-20 01:00:00+00:00,40406.0
2019-07-20 02:00:00+00:00,40192.0
2019-07-20 03:00:00+00:00,40340.0
2019-07-20 04:00:00+00:00,42677.25
2019-07-20 05:00:00+00:00,46085.75
2019-07-20 06:00:00+00:00,50279.75
2019-07-20 07:00:00+00:00,53405.0
2019-07-20 08:00:00+00:00,55425.5
2019-07-20 09:00:00+00:00,56563.0
2019-07-20 10:00:00+00:00,56635.0
2019-07-20 11:00:00+00:00,54913.5
2019-07-20 12:00:00+00:00,52655.25
2019-07-20 13:00:00+00:00,52119.25
2019-07-20 14:00:00+00:00,51967.25
2019-07-20 15:00:00+00:00,51455.75
2019-07-20 16:00:00+00:00,52117.5
2019-07-20 17:00:00+00:00,51145.75
2019-07-20 18:00:00+00:00,49344.75
2019-07-20 19:00:00+00:00,47976.5
2019-07-20 20:00:00+00:00,46716.5
2019-07-20 21:00:00+00:00,43836.75
2019-07-20 22:00:00+00:00,40712.75
2019-07-20 23:00:00+00:00,38808.75
2019-07-21 00:00:00+00:00,37808.0
2019-07-21 01:00:00+00:00,37249.75
2019-07-21 02:00:00+00:00,37088.0
2019-07-21 03:00:00+00:00,37317.75
2019-07-21 04:00:00+00:00,37880.5
2019-07-21 05:00:00+00:00,39828.5
2019-07-21 06:00:00+00:00,42942.0
2019-07-21 07:00:00+00:00,45850.25
2019-07-21 08:00:00+00:00,48316.25
2019-07-21 09:00:00+00:00,50927.25
2019-07-21 10:00:00+00:00,51140.25
2019-07-21 11:00:00+00:00,49745.25
2019-07-21 12:00:00+00:00,48772.75
2019-07-21 13:00:00+00:00,48082.0
2019-07-21 14:00:00+00:00,47571.75
2019-07-21 15:00:00+00:00,48084.75
2019-07-21 16:00:00+00:00,48641.75
2019-07-21 17:00:00+00:00,48407.25
2019-07-21 18:00:00+00:00,47668.25
2019-07-21 19:00:00+00:00,47571.5
2019-07-21 20:00:00+00:00,47393.5
2019-07-21 21:00:00+00:00,44655.0
2019-07-21 22:00:00+00:00,42169.25
2019-07-21 23:00:00+00:00,40139.25
2019-07-22 00:00:00+00:00,39191.75
2019-07-22 01:00:00+00:00,39439.75
2019-07-22 02:00:00+00:00,40862.0
2019-07-22 03:00:00+00:00,44546.25
2019-07-22 04:00:00+00:00,52084.0
2019-07-22 05:00:00+00:00,58356.5
2019-07-22 06:00:00+00:00,62201.25
2019-07-22 07:00:00+00:00,63598.75
2019-07-22 08:00:00+00:00,65140.25
2019-07-22 09:00:00+00:00,66598.25
2019-07-22 10:00:00+00:00,66571.5
2019-07-22 11:00:00+00:00,66364.5
2019-07-22 12:00:00+00:00,64993.5
2019-07-22 13:00:00+00:00,64180.75
2019-07-22 14:00:00+00:00,63354.75
2019-07-22 15:00:00+00:00,63036.5
2019-07-22 16:00:00+00:00,62212.25
2019-07-22 17:00:00+00:00,60846.75
2019-07-22 18:00:00+00:00,58064.5
2019-07-22 19:00:00+00:00,56036.0
2019-07-22 20:00:00+00:00,53759.5
2019-07-22 21:00:00+00:00,49652.25
2019-07-22 22:00:00+00:00,46842.5
2019-07-22 23:00:00+00:00,45185.25
2019-07-23 00:00:00+00:00,44006.0
2019-07-23 01:00:00+00:00,44086.25
2019-07-23 02:00:00+00:00,44626.5
2019-07-23 03:00:00+00:00,47170.0
2019-07-23 04:00:00+00:00,53939.75
2019-07-23 05:00:00+00:00,59710.5
2019-07-23 06:00:00+00:00,63404.25
2019-07-23 07:00:00+00:00,65213.5
2019-07-23 08:00:00+00:00,66883.75
2019-07-23 09:00:00+00:00,68217.25
2019-07-23 10:00:00+00:00,67602.5
2019-07-23 11:00:00+00:00,67124.75
2019-07-23 12:00:00+00:00,66182.25
2019-07-23 13:00:00+00:00,65193.25
2019-07-23 14:00:00+00:00,63860.0
2019-07-23 15:00:00+00:00,63588.25
2019-07-23 16:00:00+00:00,62740.25
2019-07-23 17:00:00+00:00,61769.5
2019-07-23 18:00:00+00:00,59281.75
2019-07-23 19:00:00+00:00,57531.5
2019-07-23 20:00:00+00:00,54944.0
2019-07-23 21:00:00+00:00,50820.75
2019-07-23 22:00:00+00:00,47818.0
2019-07-23 23:00:00+00:00,46519.25
2019-07-24 00:00:00+00:00,45542.25
2019-07-24 01:00:00+00:00,45529.5
2019-07-24 02:00:00+00:00,46273.25
2019-07-24 03:00:00+00:00,48920.75
2019-07-24 04:00:00+00:00,55364.0
2019-07-24 05:00:00+00:00,61039.25
2019-07-24 06:00:00+00:00,64472.5
2019-07-24 07:00:00+00:00,66081.25
2019-07-24 08:00:00+00:00,68009.0
2019-07-24 09:00:00+00:00,69165.25
2019-07-24 10:00:00+00:00,68494.5
2019-07-24 11:00:00+00:00,67860.75
2019-07-24 12:00:00+00:00,67200.5
2019-07-24 13:00:00+00:00,66009.5
2019-07-24 14:00:00+00:00,64762.25
2019-07-24 15:00:00+00:00,63831.75
2019-07-24 16:00:00+00:00,62836.0
2019-07-24 17:00:00+00:00,61818.0
2019-07-24 18:00:00+00:00,59624.25
2019-07-24 19:00:00+00:00,58024.25
2019-07-24 20:00:00+00:00,55827.0
2019-07-24 21:00:00+00:00,52193.75
2019-07-24 22:00:00+00:00,49495.5
2019-07-24 23:00:00+00:00,47951.25
2019-07-25 00:00:00+00:00,46676.0
2019-07-25 01:00:00+00:00,46419.0
2019-07-25 02:00:00+00:00,47108.75
2019-07-25 03:00:00+00:00,49510.25
2019-07-25 04:00:00+00:00,55318.5
2019-07-25 05:00:00+00:00,61034.75
2019-07-25 06:00:00+00:00,64447.75
2019-07-25 07:00:00+00:00,66121.25
2019-07-25 08:00:00+00:00,68068.75
2019-07-25 09:00:00+00:00,69326.75
2019-07-25 10:00:00+00:00,68651.5
2019-07-25 11:00:00+00:00,68078.25
2019-07-25 12:00:00+00:00,66946.25
2019-07-25 13:00:00+00:00,65861.25
2019-07-25 14:00:00+00:00,64475.25
2019-07-25 15:00:00+00:00,64244.5
2019-07-25 16:00:00+00:00,63576.25
2019-07-25 17:00:00+00:00,62560.25
2019-07-25 18:00:00+00:00,60738.25
2019-07-25 19:00:00+00:00,59390.5
2019-07-25 20:00:00+00:00,56852.5
2019-07-25 21:00:00+00:00,52792.0
2019-07-25 22:00:00+00:00,49166.25
2019-07-25 23:00:00+00:00,47380.25
2019-07-26 00:00:00+00:00,46540.5
2019-07-26 01:00:00+00:00,46377.25
2019-07-26 02:00:00+00:00,47464.25
2019-07-26 03:00:00+00:00,50052.25
2019-07-26 04:00:00+00:00,56227.25
2019-07-26 05:00:00+00:00,61347.75
2019-07-26 06:00:00+00:00,64929.25
2019-07-26 07:00:00+00:00,66823.75
2019-07-26 08:00:00+00:00,68359.25
2019-07-26 09:00:00+00:00,69270.0
2019-07-26 10:00:00+00:00,68229.5
2019-07-26 11:00:00+00:00,66988.75
2019-07-26 12:00:00+00:00,65891.25
2019-07-26 13:00:00+00:00,64775.25
2019-07-26 14:00:00+00:00,64180.75
2019-07-26 15:00:00+00:00,64002.5
2019-07-26 16:00:00+00:00,63025.75
2019-07-26 17:00:00+00:00,61555.0
2019-07-26 18:00:00+00:00,58798.0
2019-07-26 19:00:00+00:00,56928.75
2019-07-26 20:00:00+00:00,54971.75
2019-07-26 21:00:00+00:00,50834.0
2019-07-26 22:00:00+00:00,47426.25
2019-07-26 23:00:00+00:00,44857.75
2019-07-27 00:00:00+00:00,43607.75
2019-07-27 01:00:00+00:00,43121.25
2019-07-27 02:00:00+00:00,42434.75
2019-07-27 03:00:00+00:00,42624.25
2019-07-27 04:00:00+00:00,44254.0
2019-07-27 05:00:00+00:00,47162.0
2019-07-27 06:00:00+00:00,50947.0
2019-07-27 07:00:00+00:00,54251.25
2019-07-27 08:00:00+00:00,56231.75
2019-07-27 09:00:00+00:00,57783.75
2019-07-27 10:00:00+00:00,57475.25
2019-07-27 11:00:00+00:00,55775.5
2019-07-27 12:00:00+00:00,54833.75
2019-07-27 13:00:00+00:00,53869.5
2019-07-27 14:00:00+00:00,53338.75
2019-07-27 15:00:00+00:00,53467.5
2019-07-27 16:00:00+00:00,53265.25
2019-07-27 17:00:00+00:00,52344.0
2019-07-27 18:00:00+00:00,50318.25
2019-07-27 19:00:00+00:00,49273.25
2019-07-27 20:00:00+00:00,48050.25
2019-07-27 21:00:00+00:00,45176.0
2019-07-27 22:00:00+00:00,42490.0
2019-07-27 23:00:00+00:00,40562.25
2019-07-28 00:00:00+00:00,39737.0
2019-07-28 01:00:00+00:00,39175.0
2019-07-28 02:00:00+00:00,38838.5
2019-07-28 03:00:00+00:00,38776.75
2019-07-28 04:00:00+00:00,39161.5
2019-07-28 05:00:00+00:00,40775.75
2019-07-28 06:00:00+00:00,43884.75
2019-07-28 07:00:00+00:00,46339.0
2019-07-28 08:00:00+00:00,48594.0
2019-07-28 09:00:00+00:00,50408.25
2019-07-28 10:00:00+00:00,50459.75
2019-07-28 11:00:00+00:00,49450.75
2019-07-28 12:00:00+00:00,48363.5
2019-07-28 13:00:00+00:00,47851.25
2019-07-28 14:00:00+00:00,47548.0
2019-07-28 15:00:00+00:00,48482.75
2019-07-28 16:00:00+00:00,49269.0
2019-07-28 17:00:00+00:00,49579.0
2019-07-28 18:00:00+00:00,48522.5
2019-07-28 19:00:00+00:00,48721.25
2019-07-28 20:00:00+00:00,47901.5
2019-07-28 21:00:00+00:00,45010.0
2019-07-28 22:00:00+00:00,42147.0
2019-07-28 23:00:00+00:00,41094.25
2019-07-29 00:00:00+00:00,40751.75
2019-07-29 01:00:00+00:00,40573.0
2019-07-29 02:00:00+00:00,41712.25
2019-07-29 03:00:00+00:00,44987.75
2019-07-29 04:00:00+00:00,52754.0
2019-07-29 05:00:00+00:00,59064.5
2019-07-29 06:00:00+00:00,62715.5
2019-07-29 07:00:00+00:00,64049.75
2019-07-29 08:00:00+00:00,66052.25
2019-07-29 09:00:00+00:00,66850.0
2019-07-29 10:00:00+00:00,66192.75
2019-07-29 11:00:00+00:00,65247.5
2019-07-29 12:00:00+00:00,64057.75
2019-07-29 13:00:00+00:00,63283.0
2019-07-29 14:00:00+00:00,61948.0
2019-07-29 15:00:00+00:00,61669.25
2019-07-29 16:00:00+00:00,60970.25
2019-07-29 17:00:00+00:00,59986.0
2019-07-29 18:00:00+00:00,57603.5
2019-07-29 19:00:00+00:00,55955.5
2019-07-29 20:00:00+00:00,53408.0
2019-07-29 21:00:00+00:00,49382.0
2019-07-29 22:00:00+00:00,46207.0
2019-07-29 23:00:00+00:00,44672.0
2019-07-30 00:00:00+00:00,43836.0
2019-07-30 01:00:00+00:00,43680.0
2019-07-30 02:00:00+00:00,44852.25
2019-07-30 03:00:00+00:00,47533.75
2019-07-30 04:00:00+00:00,53734.5
2019-07-30 05:00:00+00:00,59360.75
2019-07-30 06:00:00+00:00,62645.75
2019-07-30 07:00:00+00:00,64486.25
2019-07-30 08:00:00+00:00,66290.0
2019-07-30 09:00:00+00:00,67774.25
2019-07-30 10:00:00+00:00,67234.25
2019-07-30 11:00:00+00:00,66767.75
2019-07-30 12:00:00+00:00,66039.75
2019-07-30 13:00:00+00:00,64998.5
2019-07-30 14:00:00+00:00,64111.0
2019-07-30 15:00:00+00:00,63338.0
2019-07-30 16:00:00+00:00,63138.0
2019-07-30 17:00:00+00:00,61813.25
2019-07-30 18:00:00+00:00,59311.75
2019-07-30 19:00:00+00:00,57796.0
2019-07-30 20:00:00+00:00,54719.0
2019-07-30 21:00:00+00:00,50450.5
2019-07-30 22:00:00+00:00,47377.0
2019-07-30 23:00:00+00:00,45720.25
2019-07-31 00:00:00+00:00,44707.0
2019-07-31 01:00:00+00:00,44450.5
2019-07-31 02:00:00+00:00,45419.0
2019-07-31 03:00:00+00:00,48490.5
2019-07-31 04:00:00+00:00,55219.5
2019-07-31 05:00:00+00:00,60760.75
2019-07-31 06:00:00+00:00,63562.75
2019-07-31 07:00:00+00:00,64285.5
2019-07-31 08:00:00+00:00,66068.75
2019-07-31 09:00:00+00:00,67690.75
2019-07-31 10:00:00+00:00,66562.0
2019-07-31 11:00:00+00:00,65557.0
2019-07-31 12:00:00+00:00,64437.25
2019-07-31 13:00:00+00:00,63682.5
2019-07-31 14:00:00+00:00,62564.0
2019-07-31 15:00:00+00:00,62045.0
2019-07-31 16:00:00+00:00,61855.0
2019-07-31 17:00:00+00:00,60580.75
2019-07-31 18:00:00+00:00,58040.75
2019-07-31 19:00:00+00:00,56309.75
2019-07-31 20:00:00+00:00,53199.0
2019-07-31 21:00:00+00:00,49011.75
2019-07-31 22:00:00+00:00,46015.25
2019-07-31 23:00:00+00:00,44435.25
2019-08-01 00:00:00+00:00,43753.0
2019-08-01 01:00:00+00:00,43627.0
2019-08-01 02:00:00+00:00,44737.0
2019-08-01 03:00:00+00:00,47423.5
2019-08-01 04:00:00+00:00,53353.5
2019-08-01 05:00:00+00:00,58530.5
2019-08-01 06:00:00+00:00,61485.25
2019-08-01 07:00:00+00:00,62985.5
2019-08-01 08:00:00+00:00,64596.0
2019-08-01 09:00:00+00:00,65601.75
2019-08-01 10:00:00+00:00,65157.5
2019-08-01 11:00:00+00:00,64470.5
2019-08-01 12:00:00+00:00,63606.5
2019-08-01 13:00:00+00:00,62380.5
2019-08-01 14:00:00+00:00,61033.5
2019-08-01 15:00:00+00:00,60486.0
2019-08-01 16:00:00+00:00,60206.0
2019-08-01 17:00:00+00:00,58984.0
2019-08-01 18:00:00+00:00,56569.5
2019-08-01 19:00:00+00:00,55157.75
2019-08-01 20:00:00+00:00,52454.75
2019-08-01 21:00:00+00:00,48406.5
2019-08-01 22:00:00+00:00,45622.0
2019-08-01 23:00:00+00:00,43764.0
2019-08-02 00:00:00+00:00,42854.75
2019-08-02 01:00:00+00:00,42997.25
2019-08-02 02:00:00+00:00,43935.25
2019-08-02 03:00:00+00:00,46772.25
2019-08-02 04:00:00+00:00,52774.25
2019-08-02 05:00:00+00:00,58235.75
2019-08-02 06:00:00+00:00,61577.5
2019-08-02 07:00:00+00:00,62952.0
2019-08-02 08:00:00+00:00,64535.75
2019-08-02 09:00:00+00:00,65372.75
2019-08-02 10:00:00+00:00,64361.25
2019-08-02 11:00:00+00:00,62815.0
2019-08-02 12:00:00+00:00,61517.75
2019-08-02 13:00:00+00:00,60596.25
2019-08-02 14:00:00+00:00,59535.5
2019-08-02 15:00:00+00:00,59601.0
2019-08-02 16:00:00+00:00,58615.25
2019-08-02 17:00:00+00:00,56929.25
2019-08-02 18:00:00+00:00,54542.5
2019-08-02 19:00:00+00:00,52691.25
2019-08-02 20:00:00+00:00,49701.0
2019-08-02 21:00:00+00:00,46087.0
2019-08-02 22:00:00+00:00,43025.25
2019-08-02 23:00:00+00:00,41528.75
2019-08-03 00:00:00+00:00,40071.5
2019-08-03 01:00:00+00:00,39729.25
2019-08-03 02:00:00+00:00,39715.25
2019-08-03 03:00:00+00:00,40067.25
2019-08-03 04:00:00+00:00,41491.5
2019-08-03 05:00:00+00:00,44745.0
2019-08-03 06:00:00+00:00,48312.5
2019-08-03 07:00:00+00:00,51096.0
2019-08-03 08:00:00+00:00,53165.75
2019-08-03 09:00:00+00:00,53952.5
2019-08-03 10:00:00+00:00,53448.0
2019-08-03 11:00:00+00:00,52025.75
2019-08-03 12:00:00+00:00,50350.25
2019-08-03 13:00:00+00:00,49620.5
2019-08-03 14:00:00+00:00,49143.25
2019-08-03 15:00:00+00:00,49675.5
2019-08-03 16:00:00+00:00,49404.0
2019-08-03 17:00:00+00:00,48482.5
2019-08-03 18:00:00+00:00,46503.5
2019-08-03 19:00:00+00:00,45871.25
2019-08-03 20:00:00+00:00,44262.5
2019-08-03 21:00:00+00:00,41399.25
2019-08-03 22:00:00+00:00,38956.5
2019-08-03 23:00:00+00:00,37643.5
2019-08-04 00:00:00+00:00,36622.75
2019-08-04 01:00:00+00:00,36291.5
2019-08-04 02:00:00+00:00,36225.0
2019-08-04 03:00:00+00:00,36397.75
2019-08-04 04:00:00+00:00,36716.5
2019-08-04 05:00:00+00:00,38615.5
2019-08-04 06:00:00+00:00,41654.75
2019-08-04 07:00:00+00:00,44506.75
2019-08-04 08:00:00+00:00,46603.0
2019-08-04 09:00:00+00:00,48638.25
2019-08-04 10:00:00+00:00,47935.5
2019-08-04 11:00:00+00:00,46861.75
2019-08-04 12:00:00+00:00,46006.75
2019-08-04 13:00:00+00:00,45335.25
2019-08-04 14:00:00+00:00,45209.25
2019-08-04 15:00:00+00:00,45588.25
2019-08-04 16:00:00+00:00,46130.5
2019-08-04 17:00:00+00:00,45750.0
2019-08-04 18:00:00+00:00,45244.0
2019-08-04 19:00:00+00:00,45531.0
2019-08-04 20:00:00+00:00,44405.75
2019-08-04 21:00:00+00:00,41255.25
2019-08-04 22:00:00+00:00,39619.75
2019-08-04 23:00:00+00:00,38569.5
2019-08-05 00:00:00+00:00,37529.0
2019-08-05 01:00:00+00:00,37601.25
2019-08-05 02:00:00+00:00,38901.75
2019-08-05 03:00:00+00:00,42678.75
2019-08-05 04:00:00+00:00,49836.25
2019-08-05 05:00:00+00:00,55240.0
2019-08-05 06:00:00+00:00,59308.5
2019-08-05 07:00:00+00:00,61014.25
2019-08-05 08:00:00+00:00,62631.75
2019-08-05 09:00:00+00:00,64258.5
2019-08-05 10:00:00+00:00,63415.75
2019-08-05 11:00:00+00:00,62865.25
2019-08-05 12:00:00+00:00,62226.5
2019-08-05 13:00:00+00:00,61340.5
2019-08-05 14:00:00+00:00,59971.5
2019-08-05 15:00:00+00:00,59747.5
2019-08-05 16:00:00+00:00,59220.5
2019-08-05 17:00:00+00:00,58277.75
2019-08-05 18:00:00+00:00,55993.25
2019-08-05 19:00:00+00:00,54354.0
2019-08-05 20:00:00+00:00,50838.25
2019-08-05 21:00:00+00:00,47147.75
2019-08-05 22:00:00+00:00,45102.5
2019-08-05 23:00:00+00:00,43174.5
2019-08-06 00:00:00+00:00,42290.75
2019-08-06 01:00:00+00:00,42136.75
2019-08-06 02:00:00+00:00,43268.75
2019-08-06 03:00:00+00:00,46119.25
2019-08-06 04:00:00+00:00,52491.5
2019-08-06 05:00:00+00:00,58045.75
2019-08-06 06:00:00+00:00,61673.5
2019-08-06 07:00:00+00:00,63320.25
2019-08-06 08:00:00+00:00,65090.5
2019-08-06 09:00:00+00:00,66683.75
2019-08-06 10:00:00+00:00,65796.0
2019-08-06 11:00:00+00:00,64893.25
2019-08-06 12:00:00+00:00,64036.25
2019-08-06 13:00:00+00:00,62493.75
2019-08-06 14:00:00+00:00,61031.5
2019-08-06 15:00:00+00:00,61330.75
2019-08-06 16:00:00+00:00,60460.25
2019-08-06 17:00:00+00:00,58535.25
2019-08-06 18:00:00+00:00,56181.0
2019-08-06 19:00:00+00:00,55039.75
2019-08-06 20:00:00+00:00,51276.25
2019-08-06 21:00:00+00:00,47346.0
2019-08-06 22:00:00+00:00,44696.0
2019-08-06 23:00:00+00:00,42945.25
2019-08-07 00:00:00+00:00,42400.75
2019-08-07 01:00:00+00:00,42757.25
2019-08-07 02:00:00+00:00,44023.25
2019-08-07 03:00:00+00:00,46888.0
2019-08-07 04:00:00+00:00,53109.0
2019-08-07 05:00:00+00:00,58416.25
2019-08-07 06:00:00+00:00,61564.75
2019-08-07 07:00:00+00:00,63181.75
2019-08-07 08:00:00+00:00,65086.75
2019-08-07 09:00:00+00:00,66525.25
2019-08-07 10:00:00+00:00,65879.0
2019-08-07 11:00:00+00:00,65327.0
2019-08-07 12:00:00+00:00,63939.0
2019-08-07 13:00:00+00:00,62510.25
2019-08-07 14:00:00+00:00,61319.0
2019-08-07 15:00:00+00:00,61239.5
2019-08-07 16:00:00+00:00,60563.25
2019-08-07 17:00:00+00:00,59366.0
2019-08-07 18:00:00+00:00,57172.75
2019-08-07 19:00:00+00:00,55735.25
2019-08-07 20:00:00+00:00,52114.75
2019-08-07 21:00:00+00:00,48412.25
2019-08-07 22:00:00+00:00,45476.5
2019-08-07 23:00:00+00:00,43760.0
2019-08-08 00:00:00+00:00,43097.75
2019-08-08 01:00:00+00:00,43294.5
2019-08-08 02:00:00+00:00,44318.25
2019-08-08 03:00:00+00:00,47555.75
2019-08-08 04:00:00+00:00,53180.5
2019-08-08 05:00:00+00:00,58476.25
2019-08-08 06:00:00+00:00,61987.75
2019-08-08 07:00:00+00:00,63608.25
2019-08-08 08:00:00+00:00,65261.25
2019-08-08 09:00:00+00:00,67057.5
2019-08-08 10:00:00+00:00,67017.25
2019-08-08 11:00:00+00:00,66107.5
2019-08-08 12:00:00+00:00,64849.75
2019-08-08 13:00:00+00:00,64301.25
2019-08-08 14:00:00+00:00,62784.25
2019-08-08 15:00:00+00:00,61906.0
2019-08-08 16:00:00+00:00,61255.0
2019-08-08 17:00:00+00:00,60041.0
2019-08-08 18:00:00+00:00,57409.75
2019-08-08 19:00:00+00:00,56171.75
2019-08-08 20:00:00+00:00,52953.75
2019-08-08 21:00:00+00:00,48808.5
2019-08-08 22:00:00+00:00,46017.75
2019-08-08 23:00:00+00:00,44090.75
2019-08-09 00:00:00+00:00,43189.25
2019-08-09 01:00:00+00:00,43228.0
2019-08-09 02:00:00+00:00,44178.75
2019-08-09 03:00:00+00:00,47164.0
2019-08-09 04:00:00+00:00,53053.25
2019-08-09 05:00:00+00:00,58419.5
2019-08-09 06:00:00+00:00,61880.25
2019-08-09 07:00:00+00:00,63453.0
2019-08-09 08:00:00+00:00,64973.5
2019-08-09 09:00:00+00:00,66079.5
2019-08-09 10:00:00+00:00,65797.0
2019-08-09 11:00:00+00:00,64639.5
2019-08-09 12:00:00+00:00,63036.5
2019-08-09 13:00:00+00:00,61435.75
2019-08-09 14:00:00+00:00,61143.5
2019-08-09 15:00:00+00:00,61432.0
2019-08-09 16:00:00+00:00,60452.25
2019-08-09 17:00:00+00:00,58787.75
2019-08-09 18:00:00+00:00,56713.25
2019-08-09 19:00:00+00:00,54916.0
2019-08-09 20:00:00+00:00,51724.75
2019-08-09 21:00:00+00:00,48188.5
2019-08-09 22:00:00+00:00,45870.25
2019-08-09 23:00:00+00:00,43597.25
2019-08-10 00:00:00+00:00,42111.75
2019-08-10 01:00:00+00:00,41483.5
2019-08-10 02:00:00+00:00,41517.25
2019-08-10 03:00:00+00:00,42094.75
2019-08-10 04:00:00+00:00,43878.25
2019-08-10 05:00:00+00:00,47271.5
2019-08-10 06:00:00+00:00,50748.75
2019-08-10 07:00:00+00:00,54569.25
2019-08-10 08:00:00+00:00,56164.5
2019-08-10 09:00:00+00:00,57537.0
2019-08-10 10:00:00+00:00,57474.75
2019-08-10 11:00:00+00:00,55948.0
2019-08-10 12:00:00+00:00,54372.0
2019-08-10 13:00:00+00:00,53703.25
2019-08-10 14:00:00+00:00,53599.75
2019-08-10 15:00:00+00:00,53700.25
2019-08-10 16:00:00+00:00,53439.5
2019-08-10 17:00:00+00:00,52109.75
2019-08-10 18:00:00+00:00,49808.5
2019-08-10 19:00:00+00:00,48530.25
2019-08-10 20:00:00+00:00,46418.25
2019-08-10 21:00:00+00:00,43904.25
2019-08-10 22:00:00+00:00,42082.25
2019-08-10 23:00:00+00:00,40282.25
2019-08-11 00:00:00+00:00,39077.75
2019-08-11 01:00:00+00:00,38583.0
2019-08-11 02:00:00+00:00,38324.0
2019-08-11 03:00:00+00:00,38613.75
2019-08-11 04:00:00+00:00,39248.25
2019-08-11 05:00:00+00:00,41411.75
2019-08-11 06:00:00+00:00,44455.25
2019-08-11 07:00:00+00:00,47411.5
2019-08-11 08:00:00+00:00,49868.25
2019-08-11 09:00:00+00:00,52324.0
2019-08-11 10:00:00+00:00,51757.25
2019-08-11 11:00:00+00:00,49789.5
2019-08-11 12:00:00+00:00,48652.25
2019-08-11 13:00:00+00:00,47874.0
2019-08-11 14:00:00+00:00,46506.5
2019-08-11 15:00:00+00:00,46510.0
2019-08-11 16:00:00+00:00,47828.5
2019-08-11 17:00:00+00:00,47674.25
2019-08-11 18:00:00+00:00,47103.5
2019-08-11 19:00:00+00:00,46949.75
2019-08-11 20:00:00+00:00,45490.25
2019-08-11 21:00:00+00:00,43027.0
2019-08-11 22:00:00+00:00,41224.75
2019-08-11 23:00:00+00:00,40237.75
2019-08-12 00:00:00+00:00,39584.25
2019-08-12 01:00:00+00:00,39232.5
2019-08-12 02:00:00+00:00,40480.0
2019-08-12 03:00:00+00:00,44700.5
2019-08-12 04:00:00+00:00,51691.5
2019-08-12 05:00:00+00:00,57532.0
2019-08-12 06:00:00+00:00,61204.75
2019-08-12 07:00:00+00:00,62749.75
2019-08-12 08:00:00+00:00,64448.5
2019-08-12 09:00:00+00:00,66067.25
2019-08-12 10:00:00+00:00,65344.25
2019-08-12 11:00:00+00:00,64689.25
2019-08-12 12:00:00+00:00,63578.25
2019-08-12 13:00:00+00:00,62128.25
2019-08-12 14:00:00+00:00,61254.0
2019-08-12 15:00:00+00:00,60810.25
2019-08-12 16:00:00+00:00,59984.75
2019-08-12 17:00:00+00:00,58854.75
2019-08-12 18:00:00+00:00,56949.5
2019-08-12 19:00:00+00:00,55709.75
2019-08-12 20:00:00+00:00,51835.25
2019-08-12 21:00:00+00:00,47803.5
2019-08-12 22:00:00+00:00,45374.25
2019-08-12 23:00:00+00:00,43415.75
2019-08-13 00:00:00+00:00,42654.0
2019-08-13 01:00:00+00:00,42569.75
2019-08-13 02:00:00+00:00,43780.75
2019-08-13 03:00:00+00:00,47086.5
2019-08-13 04:00:00+00:00,53409.5
2019-08-13 05:00:00+00:00,58474.5
2019-08-13 06:00:00+00:00,61747.0
2019-08-13 07:00:00+00:00,62956.5
2019-08-13 08:00:00+00:00,64487.5
2019-08-13 09:00:00+00:00,66342.5
2019-08-13 10:00:00+00:00,66101.25
2019-08-13 11:00:00+00:00,64928.75
2019-08-13 12:00:00+00:00,64182.5
2019-08-13 13:00:00+00:00,63326.25
2019-08-13 14:00:00+00:00,61901.0
2019-08-13 15:00:00+00:00,61274.0
2019-08-13 16:00:00+00:00,60713.0
2019-08-13 17:00:00+00:00,59145.25
2019-08-13 18:00:00+00:00,56885.5
2019-08-13 19:00:00+00:00,55851.5
2019-08-13 20:00:00+00:00,51845.0
2019-08-13 21:00:00+00:00,48010.5
2019-08-13 22:00:00+00:00,45668.25
2019-08-13 23:00:00+00:00,43785.5
2019-08-14 00:00:00+00:00,42810.75
2019-08-14 01:00:00+00:00,43091.5
2019-08-14 02:00:00+00:00,44117.75
2019-08-14 03:00:00+00:00,47011.25
2019-08-14 04:00:00+00:00,53347.75
2019-08-14 05:00:00+00:00,58617.75
2019-08-14 06:00:00+00:00,61149.75
2019-08-14 07:00:00+00:00,62195.5
2019-08-14 08:00:00+00:00,63582.25
2019-08-14 09:00:00+00:00,65145.75
2019-08-14 10:00:00+00:00,64530.25
2019-08-14 11:00:00+00:00,63882.75
2019-08-14 12:00:00+00:00,62454.0
2019-08-14 13:00:00+00:00,61296.25
2019-08-14 14:00:00+00:00,59741.75
2019-08-14 15:00:00+00:00,59188.75
2019-08-14 16:00:00+00:00,58796.25
2019-08-14 17:00:00+00:00,58164.75
2019-08-14 18:00:00+00:00,56282.0
2019-08-14 19:00:00+00:00,54879.0
2019-08-14 20:00:00+00:00,50983.75
2019-08-14 21:00:00+00:00,47028.0
2019-08-14 22:00:00+00:00,44341.5
2019-08-14 23:00:00+00:00,42665.75
2019-08-15 00:00:00+00:00,42213.25
2019-08-15 01:00:00+00:00,42514.75
2019-08-15 02:00:00+00:00,43711.0
2019-08-15 03:00:00+00:00,46856.0
2019-08-15 04:00:00+00:00,52594.25
2019-08-15 05:00:00+00:00,56839.0
2019-08-15 06:00:00+00:00,60115.25
2019-08-15 07:00:00+00:00,61563.5
2019-08-15 08:00:00+00:00,63285.5
2019-08-15 09:00:00+00:00,64987.0
2019-08-15 10:00:00+00:00,64791.5
2019-08-15 11:00:00+00:00,64263.75
2019-08-15 12:00:00+00:00,63028.5
2019-08-15 13:00:00+00:00,62602.5
2019-08-15 14:00:00+00:00,61899.75
2019-08-15 15:00:00+00:00,60994.75
2019-08-15 16:00:00+00:00,60634.5
2019-08-15 17:00:00+00:00,59032.0
2019-08-15 18:00:00+00:00,56805.0
2019-08-15 19:00:00+00:00,55146.75
2019-08-15 20:00:00+00:00,51502.25
2019-08-15 21:00:00+00:00,47751.0
2019-08-15 22:00:00+00:00,45012.75
2019-08-15 23:00:00+00:00,43667.0
2019-08-16 00:00:00+00:00,42964.0
2019-08-16 01:00:00+00:00,43012.5
2019-08-16 02:00:00+00:00,43827.75
2019-08-16 03:00:00+00:00,46676.0
2019-08-16 04:00:00+00:00,52521.25
2019-08-16 05:00:00+00:00,57382.25
2019-08-16 06:00:00+00:00,60372.5
2019-08-16 07:00:00+00:00,61768.5
2019-08-16 08:00:00+00:00,63322.5
2019-08-16 09:00:00+00:00,64083.25
2019-08-16 10:00:00+00:00,63280.0
2019-08-16 11:00:00+00:00,61995.0
2019-08-16 12:00:00+00:00,60266.75
2019-08-16 13:00:00+00:00,58558.75
2019-08-16 14:00:00+00:00,57597.5
2019-08-16 15:00:00+00:00,57038.75
2019-08-16 16:00:00+00:00,56271.25
2019-08-16 17:00:00+00:00,55384.75
2019-08-16 18:00:00+00:00,53644.5
2019-08-16 19:00:00+00:00,52407.25
2019-08-16 20:00:00+00:00,48665.25
2019-08-16 21:00:00+00:00,45401.25
2019-08-16 22:00:00+00:00,43447.75
2019-08-16 23:00:00+00:00,41790.5
2019-08-17 00:00:00+00:00,41044.5
2019-08-17 01:00:00+00:00,40823.75
2019-08-17 02:00:00+00:00,40890.75
2019-08-17 03:00:00+00:00,42083.75
2019-08-17 04:00:00+00:00,43333.75
2019-08-17 05:00:00+00:00,46306.0
2019-08-17 06:00:00+00:00,49399.25
2019-08-17 07:00:00+00:00,52194.25
2019-08-17 08:00:00+00:00,53788.0
2019-08-17 09:00:00+00:00,55009.75
2019-08-17 10:00:00+00:00,54767.5
2019-08-17 11:00:00+00:00,53610.75
2019-08-17 12:00:00+00:00,52722.0
2019-08-17 13:00:00+00:00,51974.75
2019-08-17 14:00:00+00:00,50889.75
2019-08-17 15:00:00+00:00,51075.5
2019-08-17 16:00:00+00:00,50650.0
2019-08-17 17:00:00+00:00,49584.75
2019-08-17 18:00:00+00:00,48115.25
2019-08-17 19:00:00+00:00,47013.75
2019-08-17 20:00:00+00:00,44657.5
2019-08-17 21:00:00+00:00,41926.0
2019-08-17 22:00:00+00:00,39442.0
2019-08-17 23:00:00+00:00,37504.0
2019-08-18 00:00:00+00:00,36686.25
2019-08-18 01:00:00+00:00,35878.25
2019-08-18 02:00:00+00:00,35916.25
2019-08-18 03:00:00+00:00,36800.5
2019-08-18 04:00:00+00:00,37379.25
2019-08-18 05:00:00+00:00,39059.0
2019-08-18 06:00:00+00:00,42318.0
2019-08-18 07:00:00+00:00,45152.75
2019-08-18 08:00:00+00:00,47742.5
2019-08-18 09:00:00+00:00,50006.75
2019-08-18 10:00:00+00:00,50249.75
2019-08-18 11:00:00+00:00,49142.25
2019-08-18 12:00:00+00:00,48111.25
2019-08-18 13:00:00+00:00,47340.0
2019-08-18 14:00:00+00:00,46885.75
2019-08-18 15:00:00+00:00,47141.0
2019-08-18 16:00:00+00:00,48170.5
2019-08-18 17:00:00+00:00,47554.0
2019-08-18 18:00:00+00:00,47596.75
2019-08-18 19:00:00+00:00,48071.0
2019-08-18 20:00:00+00:00,46719.25
2019-08-18 21:00:00+00:00,43248.5
2019-08-18 22:00:00+00:00,41688.0
2019-08-18 23:00:00+00:00,40294.25
2019-08-19 00:00:00+00:00,39549.0
2019-08-19 01:00:00+00:00,39682.0
2019-08-19 02:00:00+00:00,41093.25
2019-08-19 03:00:00+00:00,45413.0
2019-08-19 04:00:00+00:00,52891.0
2019-08-19 05:00:00+00:00,58674.0
2019-08-19 06:00:00+00:00,62345.5
2019-08-19 07:00:00+00:00,64138.0
2019-08-19 08:00:00+00:00,65957.5
2019-08-19 09:00:00+00:00,67283.0
2019-08-19 10:00:00+00:00,67490.0
2019-08-19 11:00:00+00:00,66251.75
2019-08-19 12:00:00+00:00,64691.25
2019-08-19 13:00:00+00:00,63172.0
2019-08-19 14:00:00+00:00,61304.5
2019-08-19 15:00:00+00:00,60554.75
2019-08-19 16:00:00+00:00,60625.25
2019-08-19 17:00:00+00:00,59442.0
2019-08-19 18:00:00+00:00,57785.5
2019-08-19 19:00:00+00:00,55942.5
2019-08-19 20:00:00+00:00,51354.0
2019-08-19 21:00:00+00:00,47086.25
2019-08-19 22:00:00+00:00,44963.5
2019-08-19 23:00:00+00:00,43652.5
2019-08-20 00:00:00+00:00,42886.75
2019-08-20 01:00:00+00:00,42972.5
2019-08-20 02:00:00+00:00,44097.0
2019-08-20 03:00:00+00:00,47182.25
2019-08-20 04:00:00+00:00,53681.0
2019-08-20 05:00:00+00:00,58436.0
2019-08-20 06:00:00+00:00,61556.0
2019-08-20 07:00:00+00:00,62824.75
2019-08-20 08:00:00+00:00,64489.75
2019-08-20 09:00:00+00:00,65902.25
2019-08-20 10:00:00+00:00,64955.75
2019-08-20 11:00:00+00:00,64279.75
2019-08-20 12:00:00+00:00,63093.0
2019-08-20 13:00:00+00:00,61986.0
2019-08-20 14:00:00+00:00,60747.25
2019-08-20 15:00:00+00:00,60574.5
2019-08-20 16:00:00+00:00,60273.75
2019-08-20 17:00:00+00:00,59493.75
2019-08-20 18:00:00+00:00,57861.75
2019-08-20 19:00:00+00:00,55681.5
2019-08-20 20:00:00+00:00,51303.0
2019-08-20 21:00:00+00:00,47392.0
2019-08-20 22:00:00+00:00,44816.25
2019-08-20 23:00:00+00:00,43340.0
2019-08-21 00:00:00+00:00,42554.0
2019-08-21 01:00:00+00:00,42697.25
2019-08-21 02:00:00+00:00,43552.5
2019-08-21 03:00:00+00:00,47159.25
2019-08-21 04:00:00+00:00,53810.75
2019-08-21 05:00:00+00:00,58873.0
2019-08-21 06:00:00+00:00,60961.5
2019-08-21 07:00:00+00:00,62246.5
2019-08-21 08:00:00+00:00,63708.5
2019-08-21 09:00:00+00:00,64997.0
2019-08-21 10:00:00+00:00,64602.5
2019-08-21 11:00:00+00:00,63840.25
2019-08-21 12:00:00+00:00,62405.0
2019-08-21 13:00:00+00:00,61382.75
2019-08-21 14:00:00+00:00,59939.0
2019-08-21 15:00:00+00:00,59445.25
2019-08-21 16:00:00+00:00,58965.5
2019-08-21 17:00:00+00:00,58228.5
2019-08-21 18:00:00+00:00,57082.5
2019-08-21 19:00:00+00:00,55493.0
2019-08-21 20:00:00+00:00,50586.75
2019-08-21 21:00:00+00:00,46798.75
2019-08-21 22:00:00+00:00,44308.0
2019-08-21 23:00:00+00:00,42935.0
2019-08-22 00:00:00+00:00,42091.75
2019-08-22 01:00:00+00:00,42249.5
2019-08-22 02:00:00+00:00,43371.25
2019-08-22 03:00:00+00:00,47000.25
2019-08-22 04:00:00+00:00,53432.5
2019-08-22 05:00:00+00:00,58228.75
2019-08-22 06:00:00+00:00,60899.75
2019-08-22 07:00:00+00:00,62084.25
2019-08-22 08:00:00+00:00,63461.0
2019-08-22 09:00:00+00:00,64805.0
2019-08-22 10:00:00+00:00,64400.25
2019-08-22 11:00:00+00:00,63923.25
2019-08-22 12:00:00+00:00,62901.5
2019-08-22 13:00:00+00:00,62082.25
2019-08-22 14:00:00+00:00,60622.75
2019-08-22 15:00:00+00:00,60119.5
2019-08-22 16:00:00+00:00,59573.75
2019-08-22 17:00:00+00:00,58730.75
2019-08-22 18:00:00+00:00,57592.5
2019-08-22 19:00:00+00:00,56194.75
2019-08-22 20:00:00+00:00,51996.0
2019-08-22 21:00:00+00:00,48351.5
2019-08-22 22:00:00+00:00,45478.25
2019-08-22 23:00:00+00:00,44124.0
2019-08-23 00:00:00+00:00,42899.75
2019-08-23 01:00:00+00:00,42866.5
2019-08-23 02:00:00+00:00,43862.0
2019-08-23 03:00:00+00:00,47007.75
2019-08-23 04:00:00+00:00,53521.5
2019-08-23 05:00:00+00:00,58370.0
2019-08-23 06:00:00+00:00,61019.5
2019-08-23 07:00:00+00:00,62402.0
2019-08-23 08:00:00+00:00,63986.5
2019-08-23 09:00:00+00:00,65074.5
2019-08-23 10:00:00+00:00,63844.75
2019-08-23 11:00:00+00:00,62669.25
2019-08-23 12:00:00+00:00,61279.0
2019-08-23 13:00:00+00:00,60160.25
2019-08-23 14:00:00+00:00,59200.5
2019-08-23 15:00:00+00:00,58738.5
2019-08-23 16:00:00+00:00,58002.5
2019-08-23 17:00:00+00:00,56881.5
2019-08-23 18:00:00+00:00,55476.0
2019-08-23 19:00:00+00:00,53350.0
2019-08-23 20:00:00+00:00,49112.5
2019-08-23 21:00:00+00:00,45896.25
2019-08-23 22:00:00+00:00,43149.25
2019-08-23 23:00:00+00:00,41432.5
2019-08-24 00:00:00+00:00,40051.0
2019-08-24 01:00:00+00:00,39578.75
2019-08-24 02:00:00+00:00,39372.25
2019-08-24 03:00:00+00:00,40260.0
2019-08-24 04:00:00+00:00,41797.5
2019-08-24 05:00:00+00:00,44865.25
2019-08-24 06:00:00+00:00,48622.5
2019-08-24 07:00:00+00:00,51553.0
2019-08-24 08:00:00+00:00,53481.75
2019-08-24 09:00:00+00:00,54683.75
2019-08-24 10:00:00+00:00,54170.75
2019-08-24 11:00:00+00:00,52834.25
2019-08-24 12:00:00+00:00,51253.0
2019-08-24 13:00:00+00:00,50519.5
2019-08-24 14:00:00+00:00,50098.25
2019-08-24 15:00:00+00:00,50297.0
2019-08-24 16:00:00+00:00,50307.0
2019-08-24 17:00:00+00:00,49567.0
2019-08-24 18:00:00+00:00,48560.5
2019-08-24 19:00:00+00:00,47903.5
2019-08-24 20:00:00+00:00,45568.75
2019-08-24 21:00:00+00:00,42816.25
2019-08-24 22:00:00+00:00,40122.0
2019-08-24 23:00:00+00:00,38362.75
2019-08-25 00:00:00+00:00,37197.25
2019-08-25 01:00:00+00:00,36724.75
2019-08-25 02:00:00+00:00,36457.0
2019-08-25 03:00:00+00:00,36632.25
2019-08-25 04:00:00+00:00,37033.0
2019-08-25 05:00:00+00:00,39104.5
2019-08-25 06:00:00+00:00,42194.0
2019-08-25 07:00:00+00:00,45306.25
2019-08-25 08:00:00+00:00,47564.25
2019-08-25 09:00:00+00:00,49217.0
2019-08-25 10:00:00+00:00,49288.25
2019-08-25 11:00:00+00:00,48103.0
2019-08-25 12:00:00+00:00,47083.0
2019-08-25 13:00:00+00:00,46464.0
2019-08-25 14:00:00+00:00,46237.75
2019-08-25 15:00:00+00:00,47343.25
2019-08-25 16:00:00+00:00,48404.75
2019-08-25 17:00:00+00:00,48617.75
2019-08-25 18:00:00+00:00,49343.75
2019-08-25 19:00:00+00:00,49127.5
2019-08-25 20:00:00+00:00,47048.5
2019-08-25 21:00:00+00:00,43842.75
2019-08-25 22:00:00+00:00,41640.25
2019-08-25 23:00:00+00:00,40264.25
2019-08-26 00:00:00+00:00,39470.0
2019-08-26 01:00:00+00:00,39376.0
2019-08-26 02:00:00+00:00,40992.5
2019-08-26 03:00:00+00:00,45110.5
2019-08-26 04:00:00+00:00,53186.5
2019-08-26 05:00:00+00:00,59045.5
2019-08-26 06:00:00+00:00,62593.25
2019-08-26 07:00:00+00:00,64516.75
2019-08-26 08:00:00+00:00,66203.5
2019-08-26 09:00:00+00:00,67815.5
2019-08-26 10:00:00+00:00,67440.25
2019-08-26 11:00:00+00:00,67366.5
2019-08-26 12:00:00+00:00,66198.25
2019-08-26 13:00:00+00:00,65495.75
2019-08-26 14:00:00+00:00,64116.0
2019-08-26 15:00:00+00:00,63822.25
2019-08-26 16:00:00+00:00,63062.0
2019-08-26 17:00:00+00:00,61628.75
2019-08-26 18:00:00+00:00,60784.75
2019-08-26 19:00:00+00:00,58259.0
2019-08-26 20:00:00+00:00,53962.75
2019-08-26 21:00:00+00:00,49916.25
2019-08-26 22:00:00+00:00,47019.5
2019-08-26 23:00:00+00:00,45284.0
2019-08-27 00:00:00+00:00,44718.25
2019-08-27 01:00:00+00:00,44862.5
2019-08-27 02:00:00+00:00,45753.5
2019-08-27 03:00:00+00:00,49538.75
2019-08-27 04:00:00+00:00,56270.75
2019-08-27 05:00:00+00:00,61275.5
2019-08-27 06:00:00+00:00,64493.75
2019-08-27 07:00:00+00:00,65822.0
2019-08-27 08:00:00+00:00,67551.75
2019-08-27 09:00:00+00:00,69181.25
2019-08-27 10:00:00+00:00,68956.75
2019-08-27 11:00:00+00:00,68674.25
2019-08-27 12:00:00+00:00,67455.5
2019-08-27 13:00:00+00:00,66998.75
2019-08-27 14:00:00+00:00,65934.0
2019-08-27 15:00:00+00:00,65313.75
2019-08-27 16:00:00+00:00,64747.0
2019-08-27 17:00:00+00:00,64135.0
2019-08-27 18:00:00+00:00,62545.5
2019-08-27 19:00:00+00:00,59466.5
2019-08-27 20:00:00+00:00,54616.75
2019-08-27 21:00:00+00:00,50831.0
2019-08-27 22:00:00+00:00,47773.75
2019-08-27 23:00:00+00:00,46606.25
2019-08-28 00:00:00+00:00,45736.5
2019-08-28 01:00:00+00:00,45705.75
2019-08-28 02:00:00+00:00,46670.75
2019-08-28 03:00:00+00:00,50105.25
2019-08-28 04:00:00+00:00,57409.0
2019-08-28 05:00:00+00:00,62419.0
2019-08-28 06:00:00+00:00,65171.25
2019-08-28 07:00:00+00:00,66278.75
2019-08-28 08:00:00+00:00,67879.75
2019-08-28 09:00:00+00:00,69394.75
2019-08-28 10:00:00+00:00,69378.75
2019-08-28 11:00:00+00:00,68613.5
2019-08-28 12:00:00+00:00,67919.5
2019-08-28 13:00:00+00:00,66310.75
2019-08-28 14:00:00+00:00,64929.25
2019-08-28 15:00:00+00:00,64552.25
2019-08-28 16:00:00+00:00,64628.75
2019-08-28 17:00:00+00:00,63727.25
2019-08-28 18:00:00+00:00,63190.75
2019-08-28 19:00:00+00:00,60127.25
2019-08-28 20:00:00+00:00,54983.25
2019-08-28 21:00:00+00:00,50895.75
2019-08-28 22:00:00+00:00,47487.5
2019-08-28 23:00:00+00:00,46138.5
2019-08-29 00:00:00+00:00,45225.0
2019-08-29 01:00:00+00:00,45224.25
2019-08-29 02:00:00+00:00,46099.75
2019-08-29 03:00:00+00:00,49360.75
2019-08-29 04:00:00+00:00,56698.75
2019-08-29 05:00:00+00:00,61842.75
2019-08-29 06:00:00+00:00,64792.0
2019-08-29 07:00:00+00:00,65740.25
2019-08-29 08:00:00+00:00,67349.5
2019-08-29 09:00:00+00:00,68338.5
2019-08-29 10:00:00+00:00,67779.5
2019-08-29 11:00:00+00:00,67228.0
2019-08-29 12:00:00+00:00,66024.25
2019-08-29 13:00:00+00:00,64778.0
2019-08-29 14:00:00+00:00,63621.75
2019-08-29 15:00:00+00:00,63350.0
2019-08-29 16:00:00+00:00,62744.5
2019-08-29 17:00:00+00:00,61656.0
2019-08-29 18:00:00+00:00,61121.25
2019-08-29 19:00:00+00:00,58275.75
2019-08-29 20:00:00+00:00,53796.25
2019-08-29 21:00:00+00:00,49663.25
2019-08-29 22:00:00+00:00,46605.5
2019-08-29 23:00:00+00:00,44876.75
2019-08-30 00:00:00+00:00,43893.75
2019-08-30 01:00:00+00:00,43982.25
2019-08-30 02:00:00+00:00,44886.5
2019-08-30 03:00:00+00:00,48277.75
2019-08-30 04:00:00+00:00,55693.25
2019-08-30 05:00:00+00:00,61023.75
2019-08-30 06:00:00+00:00,64478.25
2019-08-30 07:00:00+00:00,65322.75
2019-08-30 08:00:00+00:00,66204.75
2019-08-30 09:00:00+00:00,67105.0
2019-08-30 10:00:00+00:00,66158.75
2019-08-30 11:00:00+00:00,65245.0
2019-08-30 12:00:00+00:00,63929.5
2019-08-30 13:00:00+00:00,62816.0
2019-08-30 14:00:00+00:00,61990.5
2019-08-30 15:00:00+00:00,61317.5
2019-08-30 16:00:00+00:00,60514.5
2019-08-30 17:00:00+00:00,59468.25
2019-08-30 18:00:00+00:00,58349.0
2019-08-30 19:00:00+00:00,55548.0
2019-08-30 20:00:00+00:00,51058.5
2019-08-30 21:00:00+00:00,47479.5
2019-08-30 22:00:00+00:00,44123.25
2019-08-30 23:00:00+00:00,42122.5
2019-08-31 00:00:00+00:00,40647.75
2019-08-31 01:00:00+00:00,40142.0
2019-08-31 02:00:00+00:00,40056.5
2019-08-31 03:00:00+00:00,40977.25
2019-08-31 04:00:00+00:00,42663.25
2019-08-31 05:00:00+00:00,45496.75
2019-08-31 06:00:00+00:00,49415.75
2019-08-31 07:00:00+00:00,52576.75
2019-08-31 08:00:00+00:00,54183.25
2019-08-31 09:00:00+00:00,55260.5
2019-08-31 10:00:00+00:00,55198.0
2019-08-31 11:00:00+00:00,54246.0
2019-08-31 12:00:00+00:00,53545.25
2019-08-31 13:00:00+00:00,52674.25
2019-08-31 14:00:00+00:00,51877.75
2019-08-31 15:00:00+00:00,51844.5
2019-08-31 16:00:00+00:00,51827.0
2019-08-31 17:00:00+00:00,50979.5
2019-08-31 18:00:00+00:00,50540.5
2019-08-31 19:00:00+00:00,48927.5
2019-08-31 20:00:00+00:00,47293.75
2019-08-31 21:00:00+00:00,45542.25
2019-08-31 22:00:00+00:00,43349.5
2019-08-31 23:00:00+00:00,40902.25
2019-09-01 00:00:00+00:00,39048.25
2019-09-01 01:00:00+00:00,38416.0
2019-09-01 02:00:00+00:00,38074.5
2019-09-01 03:00:00+00:00,38235.0
2019-09-01 04:00:00+00:00,39047.25
2019-09-01 05:00:00+00:00,40382.0
2019-09-01 06:00:00+00:00,43141.25
2019-09-01 07:00:00+00:00,45986.75
2019-09-01 08:00:00+00:00,48015.25
2019-09-01 09:00:00+00:00,49844.75
2019-09-01 10:00:00+00:00,49758.5
2019-09-01 11:00:00+00:00,48990.5
2019-09-01 12:00:00+00:00,47825.75
2019-09-01 13:00:00+00:00,46481.75
2019-09-01 14:00:00+00:00,46729.0
2019-09-01 15:00:00+00:00,47599.25
2019-09-01 16:00:00+00:00,48469.0
2019-09-01 17:00:00+00:00,48275.5
2019-09-01 18:00:00+00:00,48864.75
2019-09-01 19:00:00+00:00,47015.75
2019-09-01 20:00:00+00:00,45220.75
2019-09-01 21:00:00+00:00,42284.0
2019-09-01 22:00:00+00:00,40397.75
2019-09-01 23:00:00+00:00,39333.75
2019-09-02 00:00:00+00:00,38927.75
2019-09-02 01:00:00+00:00,39249.75
2019-09-02 02:00:00+00:00,41203.25
2019-09-02 03:00:00+00:00,45041.0
2019-09-02 04:00:00+00:00,53255.0
2019-09-02 05:00:00+00:00,58368.0
2019-09-02 06:00:00+00:00,60979.75
2019-09-02 07:00:00+00:00,62220.25
2019-09-02 08:00:00+00:00,63666.5
2019-09-02 09:00:00+00:00,65746.0
2019-09-02 10:00:00+00:00,65723.25
2019-09-02 11:00:00+00:00,65323.0
2019-09-02 12:00:00+00:00,64041.75
2019-09-02 13:00:00+00:00,62590.0
2019-09-02 14:00:00+00:00,61440.0
2019-09-02 15:00:00+00:00,60888.0
2019-09-02 16:00:00+00:00,60719.75
2019-09-02 17:00:00+00:00,60599.5
2019-09-02 18:00:00+00:00,60149.5
2019-09-02 19:00:00+00:00,57005.25
2019-09-02 20:00:00+00:00,52225.5
2019-09-02 21:00:00+00:00,48106.75
2019-09-02 22:00:00+00:00,44902.25
2019-09-02 23:00:00+00:00,43761.25
2019-09-03 00:00:00+00:00,43413.75
2019-09-03 01:00:00+00:00,43708.75
2019-09-03 02:00:00+00:00,44777.25
2019-09-03 03:00:00+00:00,48724.5
2019-09-03 04:00:00+00:00,56739.75
2019-09-03 05:00:00+00:00,61651.75
2019-09-03 06:00:00+00:00,63605.75
2019-09-03 07:00:00+00:00,63845.5
2019-09-03 08:00:00+00:00,65663.75
2019-09-03 09:00:00+00:00,67241.5
2019-09-03 10:00:00+00:00,67179.5
2019-09-03 11:00:00+00:00,66536.75
2019-09-03 12:00:00+00:00,65558.0
2019-09-03 13:00:00+00:00,64424.5
2019-09-03 14:00:00+00:00,62896.5
2019-09-03 15:00:00+00:00,62425.75
2019-09-03 16:00:00+00:00,61796.5
2019-09-03 17:00:00+00:00,60875.75
2019-09-03 18:00:00+00:00,60555.0
2019-09-03 19:00:00+00:00,57107.0
2019-09-03 20:00:00+00:00,52644.75
2019-09-03 21:00:00+00:00,48818.75
2019-09-03 22:00:00+00:00,45844.25
2019-09-03 23:00:00+00:00,44364.75
2019-09-04 00:00:00+00:00,43246.75
2019-09-04 01:00:00+00:00,43341.5
2019-09-04 02:00:00+00:00,44323.25
2019-09-04 03:00:00+00:00,48174.5
2019-09-04 04:00:00+00:00,55716.75
2019-09-04 05:00:00+00:00,60557.5
2019-09-04 06:00:00+00:00,63228.5
2019-09-04 07:00:00+00:00,64257.75
2019-09-04 08:00:00+00:00,65773.5
2019-09-04 09:00:00+00:00,67048.0
2019-09-04 10:00:00+00:00,66482.0
2019-09-04 11:00:00+00:00,65528.75
2019-09-04 12:00:00+00:00,64664.5
2019-09-04 13:00:00+00:00,63590.5
2019-09-04 14:00:00+00:00,62191.0
2019-09-04 15:00:00+00:00,61989.5
2019-09-04 16:00:00+00:00,61640.25
2019-09-04 17:00:00+00:00,61425.0
2019-09-04 18:00:00+00:00,60660.5
2019-09-04 19:00:00+00:00,57393.5
2019-09-04 20:00:00+00:00,52815.75
2019-09-04 21:00:00+00:00,49162.75
2019-09-04 22:00:00+00:00,46842.25
2019-09-04 23:00:00+00:00,45022.5
2019-09-05 00:00:00+00:00,44538.5
2019-09-05 01:00:00+00:00,44683.75
2019-09-05 02:00:00+00:00,45894.25
2019-09-05 03:00:00+00:00,49687.75
2019-09-05 04:00:00+00:00,57071.75
2019-09-05 05:00:00+00:00,61694.75
2019-09-05 06:00:00+00:00,64448.25
2019-09-05 07:00:00+00:00,65644.75
2019-09-05 08:00:00+00:00,67050.25
2019-09-05 09:00:00+00:00,68596.5
2019-09-05 10:00:00+00:00,68237.0
2019-09-05 11:00:00+00:00,67940.75
2019-09-05 12:00:00+00:00,67008.25
2019-09-05 13:00:00+00:00,65822.75
2019-09-05 14:00:00+00:00,64291.0
2019-09-05 15:00:00+00:00,64059.75
2019-09-05 16:00:00+00:00,63710.0
2019-09-05 17:00:00+00:00,63012.5
2019-09-05 18:00:00+00:00,62255.75
2019-09-05 19:00:00+00:00,58633.75
2019-09-05 20:00:00+00:00,53717.5
2019-09-05 21:00:00+00:00,49662.0
2019-09-05 22:00:00+00:00,46907.75
2019-09-05 23:00:00+00:00,45656.25
2019-09-06 00:00:00+00:00,44769.5
2019-09-06 01:00:00+00:00,44787.0
2019-09-06 02:00:00+00:00,46165.5
2019-09-06 03:00:00+00:00,49602.25
2019-09-06 04:00:00+00:00,56621.25
2019-09-06 05:00:00+00:00,61404.25
2019-09-06 06:00:00+00:00,64166.25
2019-09-06 07:00:00+00:00,64752.0
2019-09-06 08:00:00+00:00,66056.5
2019-09-06 09:00:00+00:00,66787.5
2019-09-06 10:00:00+00:00,65993.5
2019-09-06 11:00:00+00:00,64467.0
2019-09-06 12:00:00+00:00,62717.75
2019-09-06 13:00:00+00:00,61551.0
2019-09-06 14:00:00+00:00,60603.25
2019-09-06 15:00:00+00:00,60383.75
2019-09-06 16:00:00+00:00,59774.25
2019-09-06 17:00:00+00:00,59275.75
2019-09-06 18:00:00+00:00,58281.5
2019-09-06 19:00:00+00:00,54178.0
2019-09-06 20:00:00+00:00,50275.5
2019-09-06 21:00:00+00:00,46606.5
2019-09-06 22:00:00+00:00,43776.25
2019-09-06 23:00:00+00:00,42696.75
2019-09-07 00:00:00+00:00,41745.25
2019-09-07 01:00:00+00:00,41155.5
2019-09-07 02:00:00+00:00,40907.25
2019-09-07 03:00:00+00:00,41435.5
2019-09-07 04:00:00+00:00,43124.25
2019-09-07 05:00:00+00:00,45766.5
2019-09-07 06:00:00+00:00,49033.75
2019-09-07 07:00:00+00:00,51654.0
2019-09-07 08:00:00+00:00,53566.5
2019-09-07 09:00:00+00:00,54790.75
2019-09-07 10:00:00+00:00,53731.25
2019-09-07 11:00:00+00:00,52341.5
2019-09-07 12:00:00+00:00,50661.25
2019-09-07 13:00:00+00:00,49857.25
2019-09-07 14:00:00+00:00,49466.75
2019-09-07 15:00:00+00:00,50062.5
2019-09-07 16:00:00+00:00,50749.0
2019-09-07 17:00:00+00:00,50621.0
2019-09-07 18:00:00+00:00,50149.5
2019-09-07 19:00:00+00:00,47326.0
2019-09-07 20:00:00+00:00,44793.0
2019-09-07 21:00:00+00:00,41996.25
2019-09-07 22:00:00+00:00,39359.25
2019-09-07 23:00:00+00:00,37874.75
2019-09-08 00:00:00+00:00,36933.25
2019-09-08 01:00:00+00:00,36504.75
2019-09-08 02:00:00+00:00,36457.5
2019-09-08 03:00:00+00:00,36517.0
2019-09-08 04:00:00+00:00,37748.0
2019-09-08 05:00:00+00:00,39243.75
2019-09-08 06:00:00+00:00,42636.25
2019-09-08 07:00:00+00:00,45865.0
2019-09-08 08:00:00+00:00,47978.25
2019-09-08 09:00:00+00:00,50019.0
2019-09-08 10:00:00+00:00,49663.75
2019-09-08 11:00:00+00:00,47898.0
2019-09-08 12:00:00+00:00,46646.0
2019-09-08 13:00:00+00:00,46316.0
2019-09-08 14:00:00+00:00,46287.75
2019-09-08 15:00:00+00:00,47327.5
2019-09-08 16:00:00+00:00,48789.25
2019-09-08 17:00:00+00:00,49244.0
2019-09-08 18:00:00+00:00,49675.5
2019-09-08 19:00:00+00:00,47427.75
2019-09-08 20:00:00+00:00,45526.5
2019-09-08 21:00:00+00:00,42579.25
2019-09-08 22:00:00+00:00,40060.0
2019-09-08 23:00:00+00:00,38743.75
2019-09-09 00:00:00+00:00,38620.75
2019-09-09 01:00:00+00:00,38940.0
2019-09-09 02:00:00+00:00,40517.25
2019-09-09 03:00:00+00:00,45484.75
2019-09-09 04:00:00+00:00,54878.25
2019-09-09 05:00:00+00:00,60624.75
2019-09-09 06:00:00+00:00,63668.75
2019-09-09 07:00:00+00:00,64699.0
2019-09-09 08:00:00+00:00,66076.5
2019-09-09 09:00:00+00:00,67242.75
2019-09-09 10:00:00+00:00,66490.75
2019-09-09 11:00:00+00:00,65682.75
2019-09-09 12:00:00+00:00,64485.5
2019-09-09 13:00:00+00:00,63552.5
2019-09-09 14:00:00+00:00,61875.25
2019-09-09 15:00:00+00:00,61651.0
2019-09-09 16:00:00+00:00,61635.75
2019-09-09 17:00:00+00:00,61762.0
2019-09-09 18:00:00+00:00,61080.25
2019-09-09 19:00:00+00:00,56822.25
2019-09-09 20:00:00+00:00,52639.75
2019-09-09 21:00:00+00:00,48104.25
2019-09-09 22:00:00+00:00,44958.5
2019-09-09 23:00:00+00:00,43604.25
2019-09-10 00:00:00+00:00,43089.75
2019-09-10 01:00:00+00:00,43666.0
2019-09-10 02:00:00+00:00,45065.0
2019-09-10 03:00:00+00:00,49131.5
2019-09-10 04:00:00+00:00,57404.75
2019-09-10 05:00:00+00:00,62397.0
2019-09-10 06:00:00+00:00,64804.0
2019-09-10 07:00:00+00:00,65491.0
2019-09-10 08:00:00+00:00,67018.75
2019-09-10 09:00:00+00:00,68386.25
2019-09-10 10:00:00+00:00,68008.5
2019-09-10 11:00:00+00:00,66925.25
2019-09-10 12:00:00+00:00,65725.75
2019-09-10 13:00:00+00:00,64595.5
2019-09-10 14:00:00+00:00,62811.75
2019-09-10 15:00:00+00:00,62233.75
2019-09-10 16:00:00+00:00,61901.75
2019-09-10 17:00:00+00:00,61893.5
2019-09-10 18:00:00+00:00,61747.75
2019-09-10 19:00:00+00:00,57774.25
2019-09-10 20:00:00+00:00,53234.0
2019-09-10 21:00:00+00:00,48874.75
2019-09-10 22:00:00+00:00,45706.75
2019-09-10 23:00:00+00:00,44181.0
2019-09-11 00:00:00+00:00,43598.0
2019-09-11 01:00:00+00:00,43723.75
2019-09-11 02:00:00+00:00,45073.0
2019-09-11 03:00:00+00:00,49149.0
2019-09-11 04:00:00+00:00,58314.0
2019-09-11 05:00:00+00:00,63283.75
2019-09-11 06:00:00+00:00,65419.75
2019-09-11 07:00:00+00:00,65577.75
2019-09-11 08:00:00+00:00,66549.0
2019-09-11 09:00:00+00:00,67554.75
2019-09-11 10:00:00+00:00,67860.0
2019-09-11 11:00:00+00:00,67482.0
2019-09-11 12:00:00+00:00,66263.0
2019-09-11 13:00:00+00:00,65418.5
2019-09-11 14:00:00+00:00,63704.0
2019-09-11 15:00:00+00:00,63565.75
2019-09-11 16:00:00+00:00,63776.75
2019-09-11 17:00:00+00:00,64355.5
2019-09-11 18:00:00+00:00,63838.5
2019-09-11 19:00:00+00:00,59566.25
2019-09-11 20:00:00+00:00,54934.25
2019-09-11 21:00:00+00:00,50641.75
2019-09-11 22:00:00+00:00,47943.75
2019-09-11 23:00:00+00:00,45909.5
2019-09-12 00:00:00+00:00,44922.75
2019-09-12 01:00:00+00:00,44820.25
2019-09-12 02:00:00+00:00,45769.5
2019-09-12 03:00:00+00:00,49631.0
2019-09-12 04:00:00+00:00,58339.0
2019-09-12 05:00:00+00:00,63381.5
2019-09-12 06:00:00+00:00,65595.0
2019-09-12 07:00:00+00:00,65822.25
2019-09-12 08:00:00+00:00,66876.5
2019-09-12 09:00:00+00:00,67849.0
2019-09-12 10:00:00+00:00,67366.5
2019-09-12 11:00:00+00:00,66892.0
2019-09-12 12:00:00+00:00,65655.0
2019-09-12 13:00:00+00:00,64522.5
2019-09-12 14:00:00+00:00,63356.75
2019-09-12 15:00:00+00:00,62827.0
2019-09-12 16:00:00+00:00,62545.25
2019-09-12 17:00:00+00:00,62725.5
2019-09-12 18:00:00+00:00,62602.75
2019-09-12 19:00:00+00:00,58496.25
2019-09-12 20:00:00+00:00,53942.0
2019-09-12 21:00:00+00:00,49911.25
2019-09-12 22:00:00+00:00,47001.75
2019-09-12 23:00:00+00:00,46039.0
2019-09-13 00:00:00+00:00,45667.5
2019-09-13 01:00:00+00:00,46022.25
2019-09-13 02:00:00+00:00,46936.5
2019-09-13 03:00:00+00:00,50897.25
2019-09-13 04:00:00+00:00,59534.5
2019-09-13 05:00:00+00:00,64100.5
2019-09-13 06:00:00+00:00,66427.0
2019-09-13 07:00:00+00:00,67162.25
2019-09-13 08:00:00+00:00,68603.5
2019-09-13 09:00:00+00:00,69505.25
2019-09-13 10:00:00+00:00,68164.75
2019-09-13 11:00:00+00:00,66773.0
2019-09-13 12:00:00+00:00,65188.75
2019-09-13 13:00:00+00:00,63447.25
2019-09-13 14:00:00+00:00,61965.0
2019-09-13 15:00:00+00:00,61324.0
2019-09-13 16:00:00+00:00,60632.25
2019-09-13 17:00:00+00:00,60620.5
2019-09-13 18:00:00+00:00,59938.0
2019-09-13 19:00:00+00:00,55728.5
2019-09-13 20:00:00+00:00,51611.5
2019-09-13 21:00:00+00:00,47781.5
2019-09-13 22:00:00+00:00,44790.25
2019-09-13 23:00:00+00:00,42651.0
2019-09-14 00:00:00+00:00,41239.5
2019-09-14 01:00:00+00:00,40634.25
2019-09-14 02:00:00+00:00,41071.5
2019-09-14 03:00:00+00:00,41843.0
2019-09-14 04:00:00+00:00,44111.5
2019-09-14 05:00:00+00:00,46588.5
2019-09-14 06:00:00+00:00,50172.75
2019-09-14 07:00:00+00:00,52940.5
2019-09-14 08:00:00+00:00,54766.25
2019-09-14 09:00:00+00:00,55626.0
2019-09-14 10:00:00+00:00,54674.25
2019-09-14 11:00:00+00:00,52948.5
2019-09-14 12:00:00+00:00,51351.5
2019-09-14 13:00:00+00:00,50646.0
2019-09-14 14:00:00+00:00,50218.0
2019-09-14 15:00:00+00:00,50642.25
2019-09-14 16:00:00+00:00,51246.75
2019-09-14 17:00:00+00:00,51509.0
2019-09-14 18:00:00+00:00,51356.5
2019-09-14 19:00:00+00:00,48332.5
2019-09-14 20:00:00+00:00,45777.75
2019-09-14 21:00:00+00:00,42901.5
2019-09-14 22:00:00+00:00,41114.75
2019-09-14 23:00:00+00:00,39570.75
2019-09-15 00:00:00+00:00,38773.5
2019-09-15 01:00:00+00:00,38496.25
2019-09-15 02:00:00+00:00,38411.5
2019-09-15 03:00:00+00:00,39249.25
2019-09-15 04:00:00+00:00,40287.5
2019-09-15 05:00:00+00:00,42260.75
2019-09-15 06:00:00+00:00,45688.75
2019-09-15 07:00:00+00:00,48558.75
2019-09-15 08:00:00+00:00,50428.5
2019-09-15 09:00:00+00:00,51912.5
2019-09-15 10:00:00+00:00,51703.5
2019-09-15 11:00:00+00:00,50362.5
2019-09-15 12:00:00+00:00,49028.0
2019-09-15 13:00:00+00:00,48214.25
2019-09-15 14:00:00+00:00,48153.25
2019-09-15 15:00:00+00:00,49570.0
2019-09-15 16:00:00+00:00,50936.0
2019-09-15 17:00:00+00:00,51792.25
2019-09-15 18:00:00+00:00,52440.0
2019-09-15 19:00:00+00:00,50085.25
2019-09-15 20:00:00+00:00,47942.5
2019-09-15 21:00:00+00:00,44704.75
2019-09-15 22:00:00+00:00,42338.5
2019-09-15 23:00:00+00:00,41120.0
2019-09-16 00:00:00+00:00,40228.25
2019-09-16 01:00:00+00:00,40398.5
2019-09-16 02:00:00+00:00,42334.75
2019-09-16 03:00:00+00:00,47015.0
2019-09-16 04:00:00+00:00,56667.75
2019-09-16 05:00:00+00:00,62168.75
2019-09-16 06:00:00+00:00,64459.75
2019-09-16 07:00:00+00:00,64980.75
2019-09-16 08:00:00+00:00,66339.5
2019-09-16 09:00:00+00:00,67493.75
2019-09-16 10:00:00+00:00,67165.5
2019-09-16 11:00:00+00:00,66626.75
2019-09-16 12:00:00+00:00,65814.5
2019-09-16 13:00:00+00:00,64826.75
2019-09-16 14:00:00+00:00,63568.75
2019-09-16 15:00:00+00:00,63375.25
2019-09-16 16:00:00+00:00,63280.25
2019-09-16 17:00:00+00:00,63823.25
2019-09-16 18:00:00+00:00,62559.25
2019-09-16 19:00:00+00:00,58272.0
2019-09-16 20:00:00+00:00,53877.5
2019-09-16 21:00:00+00:00,49824.5
2019-09-16 22:00:00+00:00,47509.0
2019-09-16 23:00:00+00:00,46022.5
2019-09-17 00:00:00+00:00,44951.0
2019-09-17 01:00:00+00:00,45229.75
2019-09-17 02:00:00+00:00,46557.25
2019-09-17 03:00:00+00:00,50645.0
2019-09-17 04:00:00+00:00,59471.0
2019-09-17 05:00:00+00:00,64511.75
2019-09-17 06:00:00+00:00,66730.25
2019-09-17 07:00:00+00:00,67362.5
2019-09-17 08:00:00+00:00,68576.0
2019-09-17 09:00:00+00:00,70065.25
2019-09-17 10:00:00+00:00,69472.5
2019-09-17 11:00:00+00:00,68893.25
2019-09-17 12:00:00+00:00,67949.75
2019-09-17 13:00:00+00:00,67092.25
2019-09-17 14:00:00+00:00,65680.5
2019-09-17 15:00:00+00:00,65384.0
2019-09-17 16:00:00+00:00,65048.25
2019-09-17 17:00:00+00:00,65857.75
2019-09-17 18:00:00+00:00,65152.75
2019-09-17 19:00:00+00:00,60723.0
2019-09-17 20:00:00+00:00,55591.75
2019-09-17 21:00:00+00:00,51673.5
2019-09-17 22:00:00+00:00,48583.75
2019-09-17 23:00:00+00:00,46592.5
2019-09-18 00:00:00+00:00,45496.5
2019-09-18 01:00:00+00:00,45695.0
2019-09-18 02:00:00+00:00,46996.25
2019-09-18 03:00:00+00:00,50981.5
2019-09-18 04:00:00+00:00,60120.25
2019-09-18 05:00:00+00:00,64565.5
2019-09-18 06:00:00+00:00,66213.75
2019-09-18 07:00:00+00:00,66544.25
2019-09-18 08:00:00+00:00,67429.0
2019-09-18 09:00:00+00:00,68150.25
2019-09-18 10:00:00+00:00,67528.0
2019-09-18 11:00:00+00:00,67344.5
2019-09-18 12:00:00+00:00,66334.5
2019-09-18 13:00:00+00:00,65027.25
2019-09-18 14:00:00+00:00,63743.0
2019-09-18 15:00:00+00:00,63513.5
2019-09-18 16:00:00+00:00,63074.0
2019-09-18 17:00:00+00:00,63906.25
2019-09-18 18:00:00+00:00,62652.5
2019-09-18 19:00:00+00:00,58214.5
2019-09-18 20:00:00+00:00,53934.25
2019-09-18 21:00:00+00:00,49811.5
2019-09-18 22:00:00+00:00,47357.25
2019-09-18 23:00:00+00:00,45337.75
2019-09-19 00:00:00+00:00,44208.25
2019-09-19 01:00:00+00:00,44361.5
2019-09-19 02:00:00+00:00,45725.25
2019-09-19 03:00:00+00:00,49503.25
2019-09-19 04:00:00+00:00,58164.5
2019-09-19 05:00:00+00:00,62639.75
2019-09-19 06:00:00+00:00,64477.5
2019-09-19 07:00:00+00:00,64966.0
2019-09-19 08:00:00+00:00,65337.0
2019-09-19 09:00:00+00:00,66658.75
2019-09-19 10:00:00+00:00,66259.75
2019-09-19 11:00:00+00:00,65131.75
2019-09-19 12:00:00+00:00,63973.75
2019-09-19 13:00:00+00:00,62843.75
2019-09-19 14:00:00+00:00,61513.0
2019-09-19 15:00:00+00:00,61226.0
2019-09-19 16:00:00+00:00,61436.75
2019-09-19 17:00:00+00:00,62611.25
2019-09-19 18:00:00+00:00,61824.0
2019-09-19 19:00:00+00:00,57039.0
2019-09-19 20:00:00+00:00,52702.25
2019-09-19 21:00:00+00:00,48554.0
2019-09-19 22:00:00+00:00,45741.75
2019-09-19 23:00:00+00:00,43903.5
2019-09-20 00:00:00+00:00,43266.0
2019-09-20 01:00:00+00:00,43868.75
2019-09-20 02:00:00+00:00,45385.0
2019-09-20 03:00:00+00:00,49669.25
2019-09-20 04:00:00+00:00,57772.75
2019-09-20 05:00:00+00:00,62388.75
2019-09-20 06:00:00+00:00,64792.75
2019-09-20 07:00:00+00:00,64721.75
2019-09-20 08:00:00+00:00,65530.25
2019-09-20 09:00:00+00:00,66346.5
2019-09-20 10:00:00+00:00,65268.0
2019-09-20 11:00:00+00:00,63688.75
2019-09-20 12:00:00+00:00,61868.0
2019-09-20 13:00:00+00:00,60275.25
2019-09-20 14:00:00+00:00,59917.75
2019-09-20 15:00:00+00:00,59667.0
2019-09-20 16:00:00+00:00,59870.25
2019-09-20 17:00:00+00:00,60786.5
2019-09-20 18:00:00+00:00,59659.0
2019-09-20 19:00:00+00:00,55471.0
2019-09-20 20:00:00+00:00,51573.0
2019-09-20 21:00:00+00:00,47747.25
2019-09-20 22:00:00+00:00,44277.75
2019-09-20 23:00:00+00:00,42182.75
2019-09-21 00:00:00+00:00,41055.25
2019-09-21 01:00:00+00:00,40622.75
2019-09-21 02:00:00+00:00,41132.75
2019-09-21 03:00:00+00:00,42052.5
2019-09-21 04:00:00+00:00,44215.0
2019-09-21 05:00:00+00:00,46901.0
2019-09-21 06:00:00+00:00,50476.75
2019-09-21 07:00:00+00:00,52793.5
2019-09-21 08:00:00+00:00,54420.0
2019-09-21 09:00:00+00:00,55043.75
2019-09-21 10:00:00+00:00,53888.5
2019-09-21 11:00:00+00:00,52573.75
2019-09-21 12:00:00+00:00,50865.75
2019-09-21 13:00:00+00:00,49983.0
2019-09-21 14:00:00+00:00,49078.0
2019-09-21 15:00:00+00:00,49708.0
2019-09-21 16:00:00+00:00,50937.0
2019-09-21 17:00:00+00:00,52030.5
2019-09-21 18:00:00+00:00,51377.5
2019-09-21 19:00:00+00:00,48182.5
2019-09-21 20:00:00+00:00,45677.0
2019-09-21 21:00:00+00:00,42496.75
2019-09-21 22:00:00+00:00,39815.0
2019-09-21 23:00:00+00:00,37920.0
2019-09-22 00:00:00+00:00,36910.75
2019-09-22 01:00:00+00:00,36422.25
2019-09-22 02:00:00+00:00,36818.25
2019-09-22 03:00:00+00:00,37384.25
2019-09-22 04:00:00+00:00,38440.0
2019-09-22 05:00:00+00:00,40548.25
2019-09-22 06:00:00+00:00,43685.0
2019-09-22 07:00:00+00:00,46460.0
2019-09-22 08:00:00+00:00,48524.25
2019-09-22 09:00:00+00:00,49813.25
2019-09-22 10:00:00+00:00,49183.25
2019-09-22 11:00:00+00:00,47685.25
2019-09-22 12:00:00+00:00,46336.25
2019-09-22 13:00:00+00:00,45714.75
2019-09-22 14:00:00+00:00,45405.5
2019-09-22 15:00:00+00:00,47435.5
2019-09-22 16:00:00+00:00,49401.5
2019-09-22 17:00:00+00:00,51601.0
2019-09-22 18:00:00+00:00,52297.75
2019-09-22 19:00:00+00:00,50029.75
2019-09-22 20:00:00+00:00,48249.75
2019-09-22 21:00:00+00:00,44901.5
2019-09-22 22:00:00+00:00,43058.25
2019-09-22 23:00:00+00:00,41648.0
2019-09-23 00:00:00+00:00,41174.0
2019-09-23 01:00:00+00:00,41513.5
2019-09-23 02:00:00+00:00,43369.75
2019-09-23 03:00:00+00:00,47952.0
2019-09-23 04:00:00+00:00,57713.5
2019-09-23 05:00:00+00:00,63135.5
2019-09-23 06:00:00+00:00,65546.0
2019-09-23 07:00:00+00:00,66195.5
2019-09-23 08:00:00+00:00,67739.5
2019-09-23 09:00:00+00:00,68830.25
2019-09-23 10:00:00+00:00,68308.25
2019-09-23 11:00:00+00:00,67587.0
2019-09-23 12:00:00+00:00,66051.25
2019-09-23 13:00:00+00:00,64642.75
2019-09-23 14:00:00+00:00,63345.0
2019-09-23 15:00:00+00:00,63246.25
2019-09-23 16:00:00+00:00,63337.25
2019-09-23 17:00:00+00:00,64608.0
2019-09-23 18:00:00+00:00,62414.25
2019-09-23 19:00:00+00:00,57604.0
2019-09-23 20:00:00+00:00,53097.5
2019-09-23 21:00:00+00:00,48727.75
2019-09-23 22:00:00+00:00,46152.0
2019-09-23 23:00:00+00:00,44663.5
2019-09-24 00:00:00+00:00,43618.25
2019-09-24 01:00:00+00:00,43994.5
2019-09-24 02:00:00+00:00,45348.25
2019-09-24 03:00:00+00:00,49414.25
2019-09-24 04:00:00+00:00,58043.5
2019-09-24 05:00:00+00:00,62885.0
2019-09-24 06:00:00+00:00,65233.0
2019-09-24 07:00:00+00:00,65935.0
2019-09-24 08:00:00+00:00,66666.75
2019-09-24 09:00:00+00:00,67630.5
2019-09-24 10:00:00+00:00,67267.75
2019-09-24 11:00:00+00:00,66211.5
2019-09-24 12:00:00+00:00,65286.5
2019-09-24 13:00:00+00:00,64328.25
2019-09-24 14:00:00+00:00,63133.75
2019-09-24 15:00:00+00:00,63393.5
2019-09-24 16:00:00+00:00,63597.75
2019-09-24 17:00:00+00:00,65157.5
2019-09-24 18:00:00+00:00,62950.0
2019-09-24 19:00:00+00:00,58587.0
2019-09-24 20:00:00+00:00,53997.25
2019-09-24 21:00:00+00:00,49277.75
2019-09-24 22:00:00+00:00,46708.0
2019-09-24 23:00:00+00:00,44915.0
2019-09-25 00:00:00+00:00,43818.25
2019-09-25 01:00:00+00:00,44183.0
2019-09-25 02:00:00+00:00,45426.5
2019-09-25 03:00:00+00:00,49767.25
2019-09-25 04:00:00+00:00,58724.75
2019-09-25 05:00:00+00:00,64035.75
2019-09-25 06:00:00+00:00,65735.0
2019-09-25 07:00:00+00:00,66197.75
2019-09-25 08:00:00+00:00,67181.75
2019-09-25 09:00:00+00:00,68399.75
2019-09-25 10:00:00+00:00,67634.0
2019-09-25 11:00:00+00:00,66454.0
2019-09-25 12:00:00+00:00,65125.5
2019-09-25 13:00:00+00:00,64124.25
2019-09-25 14:00:00+00:00,63031.75
2019-09-25 15:00:00+00:00,62909.75
2019-09-25 16:00:00+00:00,63373.5
2019-09-25 17:00:00+00:00,64961.0
2019-09-25 18:00:00+00:00,62409.25
2019-09-25 19:00:00+00:00,57952.5
2019-09-25 20:00:00+00:00,53818.25
2019-09-25 21:00:00+00:00,49543.0
2019-09-25 22:00:00+00:00,46871.25
2019-09-25 23:00:00+00:00,45396.25
2019-09-26 00:00:00+00:00,44478.25
2019-09-26 01:00:00+00:00,44835.75
2019-09-26 02:00:00+00:00,45958.75
2019-09-26 03:00:00+00:00,50028.5
2019-09-26 04:00:00+00:00,59056.5
2019-09-26 05:00:00+00:00,63929.5
2019-09-26 06:00:00+00:00,66159.75
2019-09-26 07:00:00+00:00,66791.25
2019-09-26 08:00:00+00:00,67841.5
2019-09-26 09:00:00+00:00,68841.0
2019-09-26 10:00:00+00:00,68476.0
2019-09-26 11:00:00+00:00,67671.5
2019-09-26 12:00:00+00:00,66285.0
2019-09-26 13:00:00+00:00,65608.25
2019-09-26 14:00:00+00:00,64658.75
2019-09-26 15:00:00+00:00,64677.5
2019-09-26 16:00:00+00:00,64979.25
2019-09-26 17:00:00+00:00,66452.5
2019-09-26 18:00:00+00:00,63844.5
2019-09-26 19:00:00+00:00,59513.25
2019-09-26 20:00:00+00:00,55138.25
2019-09-26 21:00:00+00:00,50836.25
2019-09-26 22:00:00+00:00,48081.5
2019-09-26 23:00:00+00:00,46312.5
2019-09-27 00:00:00+00:00,45718.75
2019-09-27 01:00:00+00:00,45692.75
2019-09-27 02:00:00+00:00,46646.5
2019-09-27 03:00:00+00:00,50359.75
2019-09-27 04:00:00+00:00,59174.5
2019-09-27 05:00:00+00:00,64811.75
2019-09-27 06:00:00+00:00,67691.0
2019-09-27 07:00:00+00:00,68069.75
2019-09-27 08:00:00+00:00,68985.75
2019-09-27 09:00:00+00:00,69707.5
2019-09-27 10:00:00+00:00,68612.25
2019-09-27 11:00:00+00:00,66849.5
2019-09-27 12:00:00+00:00,64730.0
2019-09-27 13:00:00+00:00,63913.5
2019-09-27 14:00:00+00:00,62509.25
2019-09-27 15:00:00+00:00,62055.5
2019-09-27 16:00:00+00:00,61920.0
2019-09-27 17:00:00+00:00,63177.75
2019-09-27 18:00:00+00:00,60851.5
2019-09-27 19:00:00+00:00,56238.25
2019-09-27 20:00:00+00:00,52194.0
2019-09-27 21:00:00+00:00,48229.25
2019-09-27 22:00:00+00:00,45681.25
2019-09-27 23:00:00+00:00,43667.75
2019-09-28 00:00:00+00:00,42401.5
2019-09-28 01:00:00+00:00,42101.5
2019-09-28 02:00:00+00:00,42582.0
2019-09-28 03:00:00+00:00,43215.75
2019-09-28 04:00:00+00:00,45549.5
2019-09-28 05:00:00+00:00,48835.75
2019-09-28 06:00:00+00:00,52901.25
2019-09-28 07:00:00+00:00,55421.0
2019-09-28 08:00:00+00:00,58056.75
2019-09-28 09:00:00+00:00,58877.25
2019-09-28 10:00:00+00:00,57944.0
2019-09-28 11:00:00+00:00,56012.5
2019-09-28 12:00:00+00:00,54427.0
2019-09-28 13:00:00+00:00,53863.0
2019-09-28 14:00:00+00:00,53286.5
2019-09-28 15:00:00+00:00,52995.0
2019-09-28 16:00:00+00:00,53951.0
2019-09-28 17:00:00+00:00,55554.0
2019-09-28 18:00:00+00:00,53495.0
2019-09-28 19:00:00+00:00,50467.5
2019-09-28 20:00:00+00:00,48554.75
2019-09-28 21:00:00+00:00,45414.75
2019-09-28 22:00:00+00:00,43228.25
2019-09-28 23:00:00+00:00,41421.0
2019-09-29 00:00:00+00:00,40070.0
2019-09-29 01:00:00+00:00,39588.5
2019-09-29 02:00:00+00:00,39535.75
2019-09-29 03:00:00+00:00,39495.25
2019-09-29 04:00:00+00:00,40172.5
2019-09-29 05:00:00+00:00,41743.5
2019-09-29 06:00:00+00:00,45101.5
2019-09-29 07:00:00+00:00,48493.25
2019-09-29 08:00:00+00:00,51248.0
2019-09-29 09:00:00+00:00,53734.5
2019-09-29 10:00:00+00:00,53955.25
2019-09-29 11:00:00+00:00,52665.25
2019-09-29 12:00:00+00:00,51347.75
2019-09-29 13:00:00+00:00,50103.75
2019-09-29 14:00:00+00:00,50124.0
2019-09-29 15:00:00+00:00,52202.5
2019-09-29 16:00:00+00:00,53746.5
2019-09-29 17:00:00+00:00,54957.5
2019-09-29 18:00:00+00:00,53212.5
2019-09-29 19:00:00+00:00,51447.0
2019-09-29 20:00:00+00:00,49852.75
2019-09-29 21:00:00+00:00,46626.5
2019-09-29 22:00:00+00:00,45105.25
2019-09-29 23:00:00+00:00,43351.25
2019-09-30 00:00:00+00:00,42819.25
2019-09-30 01:00:00+00:00,44109.25
2019-09-30 02:00:00+00:00,46333.25
2019-09-30 03:00:00+00:00,50910.75
2019-09-30 04:00:00+00:00,60626.0
2019-09-30 05:00:00+00:00,66159.25
2019-09-30 06:00:00+00:00,68149.75
2019-09-30 07:00:00+00:00,68752.75
2019-09-30 08:00:00+00:00,69981.0
2019-09-30 09:00:00+00:00,71839.75
2019-09-30 10:00:00+00:00,70830.25
2019-09-30 11:00:00+00:00,70197.5
2019-09-30 12:00:00+00:00,68385.5
2019-09-30 13:00:00+00:00,67229.5
2019-09-30 14:00:00+00:00,65425.0
2019-09-30 15:00:00+00:00,64659.5
2019-09-30 16:00:00+00:00,65185.5
2019-09-30 17:00:00+00:00,66850.75
2019-09-30 18:00:00+00:00,63764.25
2019-09-30 19:00:00+00:00,59273.5
2019-09-30 20:00:00+00:00,55082.0
2019-09-30 21:00:00+00:00,50584.25
2019-09-30 22:00:00+00:00,47705.5
2019-09-30 23:00:00+00:00,46096.75
2019-10-01 00:00:00+00:00,45174.75
2019-10-01 01:00:00+00:00,45509.75
2019-10-01 02:00:00+00:00,47453.5
2019-10-01 03:00:00+00:00,51543.0
2019-10-01 04:00:00+00:00,59839.75
2019-10-01 05:00:00+00:00,65375.0
2019-10-01 06:00:00+00:00,67419.0
2019-10-01 07:00:00+00:00,68033.0
2019-10-01 08:00:00+00:00,69304.5
2019-10-01 09:00:00+00:00,70240.0
2019-10-01 10:00:00+00:00,70116.75
2019-10-01 11:00:00+00:00,69792.0
2019-10-01 12:00:00+00:00,68452.75
2019-10-01 13:00:00+00:00,66796.25
2019-10-01 14:00:00+00:00,65402.5
2019-10-01 15:00:00+00:00,65285.75
2019-10-01 16:00:00+00:00,65720.0
2019-10-01 17:00:00+00:00,67012.25
2019-10-01 18:00:00+00:00,63598.25
2019-10-01 19:00:00+00:00,58953.0
2019-10-01 20:00:00+00:00,54666.0
2019-10-01 21:00:00+00:00,50036.5
2019-10-01 22:00:00+00:00,46972.25
2019-10-01 23:00:00+00:00,45733.0
2019-10-02 00:00:00+00:00,44802.5
2019-10-02 01:00:00+00:00,45201.75
2019-10-02 02:00:00+00:00,46869.25
2019-10-02 03:00:00+00:00,51273.75
2019-10-02 04:00:00+00:00,59893.0
2019-10-02 05:00:00+00:00,65046.0
2019-10-02 06:00:00+00:00,66873.25
2019-10-02 07:00:00+00:00,67036.0
2019-10-02 08:00:00+00:00,68195.5
2019-10-02 09:00:00+00:00,69433.0
2019-10-02 10:00:00+00:00,69249.5
2019-10-02 11:00:00+00:00,67866.75
2019-10-02 12:00:00+00:00,66208.25
2019-10-02 13:00:00+00:00,65038.25
2019-10-02 14:00:00+00:00,64190.5
2019-10-02 15:00:00+00:00,64283.25
2019-10-02 16:00:00+00:00,64315.25
2019-10-02 17:00:00+00:00,65813.75
2019-10-02 18:00:00+00:00,63186.5
2019-10-02 19:00:00+00:00,59093.5
2019-10-02 20:00:00+00:00,55073.0
2019-10-02 21:00:00+00:00,50697.0
2019-10-02 22:00:00+00:00,47293.75
2019-10-02 23:00:00+00:00,45357.0
2019-10-03 00:00:00+00:00,44024.25
2019-10-03 01:00:00+00:00,43562.25
2019-10-03 02:00:00+00:00,43321.75
2019-10-03 03:00:00+00:00,42072.25
2019-10-03 04:00:00+00:00,41855.5
2019-10-03 05:00:00+00:00,44097.0
2019-10-03 06:00:00+00:00,47105.0
2019-10-03 07:00:00+00:00,49840.5
2019-10-03 08:00:00+00:00,51935.25
2019-10-03 09:00:00+00:00,53460.25
2019-10-03 10:00:00+00:00,52807.5
2019-10-03 11:00:00+00:00,50735.75
2019-10-03 12:00:00+00:00,48860.25
2019-10-03 13:00:00+00:00,48141.75
2019-10-03 14:00:00+00:00,47715.0
2019-10-03 15:00:00+00:00,49239.0
2019-10-03 16:00:00+00:00,50985.5
2019-10-03 17:00:00+00:00,53228.0
2019-10-03 18:00:00+00:00,51285.25
2019-10-03 19:00:00+00:00,48895.25
2019-10-03 20:00:00+00:00,46837.0
2019-10-03 21:00:00+00:00,43390.0
2019-10-03 22:00:00+00:00,40662.75
2019-10-03 23:00:00+00:00,38943.25
2019-10-04 00:00:00+00:00,38496.25
2019-10-04 01:00:00+00:00,38841.0
2019-10-04 02:00:00+00:00,40219.5
2019-10-04 03:00:00+00:00,43335.0
2019-10-04 04:00:00+00:00,50131.75
2019-10-04 05:00:00+00:00,55060.25
2019-10-04 06:00:00+00:00,57604.25
2019-10-04 07:00:00+00:00,59215.0
2019-10-04 08:00:00+00:00,60086.0
2019-10-04 09:00:00+00:00,61410.75
2019-10-04 10:00:00+00:00,61374.5
2019-10-04 11:00:00+00:00,60065.0
2019-10-04 12:00:00+00:00,58536.0
2019-10-04 13:00:00+00:00,57647.75
2019-10-04 14:00:00+00:00,57526.5
2019-10-04 15:00:00+00:00,58180.25
2019-10-04 16:00:00+00:00,59037.0
2019-10-04 17:00:00+00:00,60625.25
2019-10-04 18:00:00+00:00,57665.25
2019-10-04 19:00:00+00:00,54123.5
2019-10-04 20:00:00+00:00,50708.75
2019-10-04 21:00:00+00:00,47270.5
2019-10-04 22:00:00+00:00,44821.0
2019-10-04 23:00:00+00:00,43320.0
2019-10-05 00:00:00+00:00,42152.75
2019-10-05 01:00:00+00:00,42093.75
2019-10-05 02:00:00+00:00,42774.25
2019-10-05 03:00:00+00:00,43405.75
2019-10-05 04:00:00+00:00,45320.0
2019-10-05 05:00:00+00:00,48016.0
2019-10-05 06:00:00+00:00,50997.75
2019-10-05 07:00:00+00:00,53887.25
2019-10-05 08:00:00+00:00,55180.5
2019-10-05 09:00:00+00:00,56317.75
2019-10-05 10:00:00+00:00,55853.75
2019-10-05 11:00:00+00:00,54008.0
2019-10-05 12:00:00+00:00,52218.25
2019-10-05 13:00:00+00:00,51619.0
2019-10-05 14:00:00+00:00,51146.25
2019-10-05 15:00:00+00:00,51952.25
2019-10-05 16:00:00+00:00,53167.5
2019-10-05 17:00:00+00:00,54907.75
2019-10-05 18:00:00+00:00,52358.5
2019-10-05 19:00:00+00:00,49388.5
2019-10-05 20:00:00+00:00,47351.0
2019-10-05 21:00:00+00:00,44363.75
2019-10-05 22:00:00+00:00,42184.0
2019-10-05 23:00:00+00:00,39494.75
2019-10-06 00:00:00+00:00,38641.0
2019-10-06 01:00:00+00:00,38888.5
2019-10-06 02:00:00+00:00,39111.75
2019-10-06 03:00:00+00:00,39247.5
2019-10-06 04:00:00+00:00,39516.5
2019-10-06 05:00:00+00:00,40699.25
2019-10-06 06:00:00+00:00,43937.5
2019-10-06 07:00:00+00:00,47337.0
2019-10-06 08:00:00+00:00,49905.75
2019-10-06 09:00:00+00:00,52342.5
2019-10-06 10:00:00+00:00,52646.5
2019-10-06 11:00:00+00:00,51140.5
2019-10-06 12:00:00+00:00,50399.25
2019-10-06 13:00:00+00:00,49618.0
2019-10-06 14:00:00+00:00,49703.0
2019-10-06 15:00:00+00:00,51157.25
2019-10-06 16:00:00+00:00,53266.25
2019-10-06 17:00:00+00:00,54826.0
2019-10-06 18:00:00+00:00,52660.75
2019-10-06 19:00:00+00:00,50432.75
2019-10-06 20:00:00+00:00,49275.5
2019-10-06 21:00:00+00:00,46315.0
2019-10-06 22:00:00+00:00,43378.75
2019-10-06 23:00:00+00:00,41423.25
2019-10-07 00:00:00+00:00,40731.5
2019-10-07 01:00:00+00:00,41228.25
2019-10-07 02:00:00+00:00,42950.5
2019-10-07 03:00:00+00:00,47851.75
2019-10-07 04:00:00+00:00,57437.25
2019-10-07 05:00:00+00:00,63563.5
2019-10-07 06:00:00+00:00,65989.75
2019-10-07 07:00:00+00:00,66230.75
2019-10-07 08:00:00+00:00,66914.25
2019-10-07 09:00:00+00:00,67538.0
2019-10-07 10:00:00+00:00,67102.5
2019-10-07 11:00:00+00:00,66387.25
2019-10-07 12:00:00+00:00,64465.25
2019-10-07 13:00:00+00:00,63473.75
2019-10-07 14:00:00+00:00,62504.75
2019-10-07 15:00:00+00:00,62901.75
2019-10-07 16:00:00+00:00,64474.25
2019-10-07 17:00:00+00:00,66612.0
2019-10-07 18:00:00+00:00,63218.5
2019-10-07 19:00:00+00:00,59491.5
2019-10-07 20:00:00+00:00,55637.5
2019-10-07 21:00:00+00:00,51071.5
2019-10-07 22:00:00+00:00,47714.25
2019-10-07 23:00:00+00:00,46316.0
2019-10-08 00:00:00+00:00,45634.5
2019-10-08 01:00:00+00:00,46414.0
2019-10-08 02:00:00+00:00,48007.5
2019-10-08 03:00:00+00:00,52356.25
2019-10-08 04:00:00+00:00,60515.0
2019-10-08 05:00:00+00:00,66842.5
2019-10-08 06:00:00+00:00,68882.0
2019-10-08 07:00:00+00:00,69560.75
2019-10-08 08:00:00+00:00,70088.75
2019-10-08 09:00:00+00:00,71419.75
2019-10-08 10:00:00+00:00,70653.0
2019-10-08 11:00:00+00:00,69770.5
2019-10-08 12:00:00+00:00,68163.5
2019-10-08 13:00:00+00:00,67002.75
2019-10-08 14:00:00+00:00,65752.75
2019-10-08 15:00:00+00:00,65985.0
2019-10-08 16:00:00+00:00,66945.75
2019-10-08 17:00:00+00:00,68039.75
2019-10-08 18:00:00+00:00,64159.5
2019-10-08 19:00:00+00:00,59998.25
2019-10-08 20:00:00+00:00,56296.5
2019-10-08 21:00:00+00:00,52254.0
2019-10-08 22:00:00+00:00,49531.75
2019-10-08 23:00:00+00:00,47862.0
2019-10-09 00:00:00+00:00,46772.0
2019-10-09 01:00:00+00:00,47493.75
2019-10-09 02:00:00+00:00,49592.0
2019-10-09 03:00:00+00:00,53389.25
2019-10-09 04:00:00+00:00,60991.25
2019-10-09 05:00:00+00:00,66490.0
2019-10-09 06:00:00+00:00,68244.0
2019-10-09 07:00:00+00:00,68542.25
2019-10-09 08:00:00+00:00,69685.25
2019-10-09 09:00:00+00:00,70852.5
2019-10-09 10:00:00+00:00,70209.75
2019-10-09 11:00:00+00:00,69466.75
2019-10-09 12:00:00+00:00,68145.75
2019-10-09 13:00:00+00:00,66832.25
2019-10-09 14:00:00+00:00,65309.25
2019-10-09 15:00:00+00:00,65057.0
2019-10-09 16:00:00+00:00,66008.75
2019-10-09 17:00:00+00:00,67181.25
2019-10-09 18:00:00+00:00,63723.75
2019-10-09 19:00:00+00:00,59990.0
2019-10-09 20:00:00+00:00,56301.25
2019-10-09 21:00:00+00:00,52019.75
2019-10-09 22:00:00+00:00,49163.25
2019-10-09 23:00:00+00:00,47625.25
2019-10-10 00:00:00+00:00,46747.5
2019-10-10 01:00:00+00:00,47432.75
2019-10-10 02:00:00+00:00,49041.5
2019-10-10 03:00:00+00:00,52745.75
2019-10-10 04:00:00+00:00,60610.25
2019-10-10 05:00:00+00:00,65979.25
2019-10-10 06:00:00+00:00,68022.75
2019-10-10 07:00:00+00:00,69082.5
2019-10-10 08:00:00+00:00,70133.75
2019-10-10 09:00:00+00:00,71077.5
2019-10-10 10:00:00+00:00,70415.25
2019-10-10 11:00:00+00:00,70234.5
2019-10-10 12:00:00+00:00,69062.25
2019-10-10 13:00:00+00:00,67752.0
2019-10-10 14:00:00+00:00,66310.5
2019-10-10 15:00:00+00:00,66254.0
2019-10-10 16:00:00+00:00,67091.75
2019-10-10 17:00:00+00:00,68572.0
2019-10-10 18:00:00+00:00,65447.75
2019-10-10 19:00:00+00:00,61869.5
2019-10-10 20:00:00+00:00,58161.25
2019-10-10 21:00:00+00:00,54415.75
2019-10-10 22:00:00+00:00,51178.5
2019-10-10 23:00:00+00:00,49311.75
2019-10-11 00:00:00+00:00,48440.25
2019-10-11 01:00:00+00:00,48886.5
2019-10-11 02:00:00+00:00,50358.5
2019-10-11 03:00:00+00:00,53897.5
2019-10-11 04:00:00+00:00,61948.75
2019-10-11 05:00:00+00:00,68090.75
2019-10-11 06:00:00+00:00,70494.5
2019-10-11 07:00:00+00:00,70892.75
2019-10-11 08:00:00+00:00,70988.75
2019-10-11 09:00:00+00:00,71436.0
2019-10-11 10:00:00+00:00,71040.0
2019-10-11 11:00:00+00:00,70057.25
2019-10-11 12:00:00+00:00,68192.75
2019-10-11 13:00:00+00:00,66668.25
2019-10-11 14:00:00+00:00,65603.5
2019-10-11 15:00:00+00:00,66243.5
2019-10-11 16:00:00+00:00,67633.25
2019-10-11 17:00:00+00:00,68255.25
2019-10-11 18:00:00+00:00,64019.25
2019-10-11 19:00:00+00:00,60131.0
2019-10-11 20:00:00+00:00,56861.5
2019-10-11 21:00:00+00:00,53153.75
2019-10-11 22:00:00+00:00,49979.5
2019-10-11 23:00:00+00:00,47967.5
2019-10-12 00:00:00+00:00,46669.25
2019-10-12 01:00:00+00:00,46255.75
2019-10-12 02:00:00+00:00,46374.5
2019-10-12 03:00:00+00:00,47140.25
2019-10-12 04:00:00+00:00,48914.5
2019-10-12 05:00:00+00:00,51644.25
2019-10-12 06:00:00+00:00,54435.25
2019-10-12 07:00:00+00:00,56581.75
2019-10-12 08:00:00+00:00,58197.75
2019-10-12 09:00:00+00:00,59048.5
2019-10-12 10:00:00+00:00,58428.0
2019-10-12 11:00:00+00:00,56285.5
2019-10-12 12:00:00+00:00,54749.25
2019-10-12 13:00:00+00:00,53355.5
2019-10-12 14:00:00+00:00,52999.0
2019-10-12 15:00:00+00:00,53552.0
2019-10-12 16:00:00+00:00,55724.75
2019-10-12 17:00:00+00:00,56361.25
2019-10-12 18:00:00+00:00,52906.25
2019-10-12 19:00:00+00:00,50059.25
2019-10-12 20:00:00+00:00,47730.0
2019-10-12 21:00:00+00:00,44623.0
2019-10-12 22:00:00+00:00,41886.5
2019-10-12 23:00:00+00:00,39700.75
2019-10-13 00:00:00+00:00,38268.0
2019-10-13 01:00:00+00:00,37651.0
2019-10-13 02:00:00+00:00,38011.5
2019-10-13 03:00:00+00:00,38593.75
2019-10-13 04:00:00+00:00,39865.25
2019-10-13 05:00:00+00:00,41727.25
2019-10-13 06:00:00+00:00,44662.25
2019-10-13 07:00:00+00:00,47923.0
2019-10-13 08:00:00+00:00,50136.25
2019-10-13 09:00:00+00:00,52017.75
2019-10-13 10:00:00+00:00,51839.25
2019-10-13 11:00:00+00:00,49293.25
2019-10-13 12:00:00+00:00,47839.25
2019-10-13 13:00:00+00:00,47533.5
2019-10-13 14:00:00+00:00,47883.25
2019-10-13 15:00:00+00:00,49896.0
2019-10-13 16:00:00+00:00,53911.75
2019-10-13 17:00:00+00:00,56815.75
2019-10-13 18:00:00+00:00,55051.5
2019-10-13 19:00:00+00:00,52745.5
2019-10-13 20:00:00+00:00,51456.0
2019-10-13 21:00:00+00:00,48405.25
2019-10-13 22:00:00+00:00,45870.25
2019-10-13 23:00:00+00:00,43968.5
2019-10-14 00:00:00+00:00,42904.0
2019-10-14 01:00:00+00:00,42652.5
2019-10-14 02:00:00+00:00,44438.5
2019-10-14 03:00:00+00:00,49374.75
2019-10-14 04:00:00+00:00,58163.5
2019-10-14 05:00:00+00:00,64544.5
2019-10-14 06:00:00+00:00,66552.0
2019-10-14 07:00:00+00:00,66780.75
2019-10-14 08:00:00+00:00,67632.0
2019-10-14 09:00:00+00:00,67934.0
2019-10-14 10:00:00+00:00,67247.5
2019-10-14 11:00:00+00:00,66682.5
2019-10-14 12:00:00+00:00,65112.25
2019-10-14 13:00:00+00:00,63734.0
2019-10-14 14:00:00+00:00,62331.25
2019-10-14 15:00:00+00:00,63210.5
2019-10-14 16:00:00+00:00,65368.75
2019-10-14 17:00:00+00:00,67638.25
2019-10-14 18:00:00+00:00,63978.0
2019-10-14 19:00:00+00:00,59903.25
2019-10-14 20:00:00+00:00,55623.0
2019-10-14 21:00:00+00:00,51414.75
2019-10-14 22:00:00+00:00,48767.25
2019-10-14 23:00:00+00:00,47156.25
2019-10-15 00:00:00+00:00,46388.25
2019-10-15 01:00:00+00:00,47288.0
2019-10-15 02:00:00+00:00,48901.75
2019-10-15 03:00:00+00:00,52729.25
2019-10-15 04:00:00+00:00,60951.25
2019-10-15 05:00:00+00:00,66348.25
2019-10-15 06:00:00+00:00,67936.75
2019-10-15 07:00:00+00:00,68042.75
2019-10-15 08:00:00+00:00,68063.5
2019-10-15 09:00:00+00:00,68954.75
2019-10-15 10:00:00+00:00,68518.0
2019-10-15 11:00:00+00:00,67246.0
2019-10-15 12:00:00+00:00,65816.75
2019-10-15 13:00:00+00:00,65081.5
2019-10-15 14:00:00+00:00,64159.0
2019-10-15 15:00:00+00:00,65059.0
2019-10-15 16:00:00+00:00,67494.25
2019-10-15 17:00:00+00:00,68123.25
2019-10-15 18:00:00+00:00,64056.75
2019-10-15 19:00:00+00:00,59396.25
2019-10-15 20:00:00+00:00,55020.5
2019-10-15 21:00:00+00:00,50684.5
2019-10-15 22:00:00+00:00,47688.0
2019-10-15 23:00:00+00:00,46074.75
2019-10-16 00:00:00+00:00,45414.75
2019-10-16 01:00:00+00:00,45914.0
2019-10-16 02:00:00+00:00,47556.0
2019-10-16 03:00:00+00:00,51485.75
2019-10-16 04:00:00+00:00,59893.0
2019-10-16 05:00:00+00:00,66158.75
2019-10-16 06:00:00+00:00,68790.75
2019-10-16 07:00:00+00:00,69111.5
2019-10-16 08:00:00+00:00,70326.5
2019-10-16 09:00:00+00:00,70819.5
2019-10-16 10:00:00+00:00,70034.25
2019-10-16 11:00:00+00:00,69062.75
2019-10-16 12:00:00+00:00,67809.25
2019-10-16 13:00:00+00:00,67136.0
2019-10-16 14:00:00+00:00,65949.75
2019-10-16 15:00:00+00:00,66048.0
2019-10-16 16:00:00+00:00,67938.5
2019-10-16 17:00:00+00:00,69151.0
2019-10-16 18:00:00+00:00,66034.25
2019-10-16 19:00:00+00:00,61301.5
2019-10-16 20:00:00+00:00,57431.5
2019-10-16 21:00:00+00:00,52777.5
2019-10-16 22:00:00+00:00,49630.75
2019-10-16 23:00:00+00:00,47546.75
2019-10-17 00:00:00+00:00,46668.0
2019-10-17 01:00:00+00:00,46434.75
2019-10-17 02:00:00+00:00,47903.75
2019-10-17 03:00:00+00:00,51473.5
2019-10-17 04:00:00+00:00,59425.0
2019-10-17 05:00:00+00:00,65956.5
2019-10-17 06:00:00+00:00,67964.25
2019-10-17 07:00:00+00:00,68403.5
2019-10-17 08:00:00+00:00,69552.5
2019-10-17 09:00:00+00:00,70547.5
2019-10-17 10:00:00+00:00,69950.75
2019-10-17 11:00:00+00:00,68859.5
2019-10-17 12:00:00+00:00,67440.0
2019-10-17 13:00:00+00:00,65866.25
2019-10-17 14:00:00+00:00,64632.5
2019-10-17 15:00:00+00:00,65083.0
2019-10-17 16:00:00+00:00,67102.25
2019-10-17 17:00:00+00:00,67410.25
2019-10-17 18:00:00+00:00,64042.0
2019-10-17 19:00:00+00:00,59905.5
2019-10-17 20:00:00+00:00,55846.0
2019-10-17 21:00:00+00:00,51812.25
2019-10-17 22:00:00+00:00,48427.0
2019-10-17 23:00:00+00:00,46609.0
2019-10-18 00:00:00+00:00,45199.25
2019-10-18 01:00:00+00:00,45354.75
2019-10-18 02:00:00+00:00,46940.25
2019-10-18 03:00:00+00:00,51106.25
2019-10-18 04:00:00+00:00,59498.25
2019-10-18 05:00:00+00:00,65793.75
2019-10-18 06:00:00+00:00,68093.0
2019-10-18 07:00:00+00:00,69216.25
2019-10-18 08:00:00+00:00,69721.25
2019-10-18 09:00:00+00:00,70708.0
2019-10-18 10:00:00+00:00,70320.25
2019-10-18 11:00:00+00:00,68614.75
2019-10-18 12:00:00+00:00,66462.5
2019-10-18 13:00:00+00:00,65790.5
2019-10-18 14:00:00+00:00,65228.25
2019-10-18 15:00:00+00:00,66140.5
2019-10-18 16:00:00+00:00,68066.0
2019-10-18 17:00:00+00:00,68056.0
2019-10-18 18:00:00+00:00,63480.25
2019-10-18 19:00:00+00:00,58951.75
2019-10-18 20:00:00+00:00,55495.75
2019-10-18 21:00:00+00:00,51563.25
2019-10-18 22:00:00+00:00,48137.75
2019-10-18 23:00:00+00:00,46268.75
2019-10-19 00:00:00+00:00,44677.5
2019-10-19 01:00:00+00:00,44323.5
2019-10-19 02:00:00+00:00,45088.75
2019-10-19 03:00:00+00:00,45964.5
2019-10-19 04:00:00+00:00,47869.75
2019-10-19 05:00:00+00:00,50562.25
2019-10-19 06:00:00+00:00,53256.5
2019-10-19 07:00:00+00:00,56106.5
2019-10-19 08:00:00+00:00,57635.75
2019-10-19 09:00:00+00:00,58518.5
2019-10-19 10:00:00+00:00,57664.75
2019-10-19 11:00:00+00:00,56004.25
2019-10-19 12:00:00+00:00,54580.75
2019-10-19 13:00:00+00:00,53747.75
2019-10-19 14:00:00+00:00,53551.25
2019-10-19 15:00:00+00:00,55063.25
2019-10-19 16:00:00+00:00,58317.0
2019-10-19 17:00:00+00:00,58261.0
2019-10-19 18:00:00+00:00,54534.0
2019-10-19 19:00:00+00:00,51472.75
2019-10-19 20:00:00+00:00,49116.25
2019-10-19 21:00:00+00:00,45835.0
2019-10-19 22:00:00+00:00,42636.0
2019-10-19 23:00:00+00:00,40420.75
2019-10-20 00:00:00+00:00,39264.0
2019-10-20 01:00:00+00:00,38743.25
2019-10-20 02:00:00+00:00,39043.25
2019-10-20 03:00:00+00:00,39039.25
2019-10-20 04:00:00+00:00,39458.5
2019-10-20 05:00:00+00:00,41305.0
2019-10-20 06:00:00+00:00,44331.5
2019-10-20 07:00:00+00:00,47336.5
2019-10-20 08:00:00+00:00,49750.25
2019-10-20 09:00:00+00:00,51848.5
2019-10-20 10:00:00+00:00,51541.5
2019-10-20 11:00:00+00:00,49629.25
2019-10-20 12:00:00+00:00,48132.25
2019-10-20 13:00:00+00:00,47706.25
2019-10-20 14:00:00+00:00,47912.5
2019-10-20 15:00:00+00:00,49957.5
2019-10-20 16:00:00+00:00,53392.25
2019-10-20 17:00:00+00:00,54190.5
2019-10-20 18:00:00+00:00,51956.0
2019-10-20 19:00:00+00:00,49638.25
2019-10-20 20:00:00+00:00,47799.0
2019-10-20 21:00:00+00:00,44386.0
2019-10-20 22:00:00+00:00,41909.75
2019-10-20 23:00:00+00:00,40946.25
2019-10-21 00:00:00+00:00,39956.5
2019-10-21 01:00:00+00:00,40425.75
2019-10-21 02:00:00+00:00,42305.0
2019-10-21 03:00:00+00:00,47741.5
2019-10-21 04:00:00+00:00,57693.5
2019-10-21 05:00:00+00:00,64645.5
2019-10-21 06:00:00+00:00,67014.25
2019-10-21 07:00:00+00:00,67577.5
2019-10-21 08:00:00+00:00,68441.0
2019-10-21 09:00:00+00:00,69015.0
2019-10-21 10:00:00+00:00,68575.75
2019-10-21 11:00:00+00:00,68430.25
2019-10-21 12:00:00+00:00,66957.75
2019-10-21 13:00:00+00:00,65578.25
2019-10-21 14:00:00+00:00,63985.75
2019-10-21 15:00:00+00:00,64255.0
2019-10-21 16:00:00+00:00,66789.25
2019-10-21 17:00:00+00:00,66956.75
2019-10-21 18:00:00+00:00,63367.25
2019-10-21 19:00:00+00:00,59201.75
2019-10-21 20:00:00+00:00,55786.0
2019-10-21 21:00:00+00:00,51328.5
2019-10-21 22:00:00+00:00,47792.75
2019-10-21 23:00:00+00:00,46173.25
2019-10-22 00:00:00+00:00,44899.5
2019-10-22 01:00:00+00:00,45296.5
2019-10-22 02:00:00+00:00,46779.5
2019-10-22 03:00:00+00:00,51116.75
2019-10-22 04:00:00+00:00,59900.0
2019-10-22 05:00:00+00:00,65989.5
2019-10-22 06:00:00+00:00,67590.0
2019-10-22 07:00:00+00:00,67478.5
2019-10-22 08:00:00+00:00,68257.25
2019-10-22 09:00:00+00:00,69048.5
2019-10-22 10:00:00+00:00,67942.5
2019-10-22 11:00:00+00:00,67634.75
2019-10-22 12:00:00+00:00,66175.25
2019-10-22 13:00:00+00:00,65257.25
2019-10-22 14:00:00+00:00,64223.5
2019-10-22 15:00:00+00:00,64764.25
2019-10-22 16:00:00+00:00,67571.25
2019-10-22 17:00:00+00:00,68204.0
2019-10-22 18:00:00+00:00,64319.5
2019-10-22 19:00:00+00:00,60118.25
2019-10-22 20:00:00+00:00,55939.5
2019-10-22 21:00:00+00:00,51208.5
2019-10-22 22:00:00+00:00,47885.25
2019-10-22 23:00:00+00:00,45808.5
2019-10-23 00:00:00+00:00,44866.75
2019-10-23 01:00:00+00:00,45277.75
2019-10-23 02:00:00+00:00,46943.5
2019-10-23 03:00:00+00:00,51079.0
2019-10-23 04:00:00+00:00,59809.75
2019-10-23 05:00:00+00:00,66073.75
2019-10-23 06:00:00+00:00,67701.5
2019-10-23 07:00:00+00:00,67596.25
2019-10-23 08:00:00+00:00,68063.5
2019-10-23 09:00:00+00:00,68869.5
2019-10-23 10:00:00+00:00,67975.5
2019-10-23 11:00:00+00:00,67266.75
2019-10-23 12:00:00+00:00,66088.5
2019-10-23 13:00:00+00:00,64677.75
2019-10-23 14:00:00+00:00,63633.25
2019-10-23 15:00:00+00:00,64440.25
2019-10-23 16:00:00+00:00,67667.5
2019-10-23 17:00:00+00:00,68033.0
2019-10-23 18:00:00+00:00,64394.75
2019-10-23 19:00:00+00:00,60500.0
2019-10-23 20:00:00+00:00,56677.25
2019-10-23 21:00:00+00:00,51803.25
2019-10-23 22:00:00+00:00,48245.25
2019-10-23 23:00:00+00:00,46017.25
2019-10-24 00:00:00+00:00,44744.0
2019-10-24 01:00:00+00:00,45025.25
2019-10-24 02:00:00+00:00,46926.75
2019-10-24 03:00:00+00:00,50825.25
2019-10-24 04:00:00+00:00,59786.75
2019-10-24 05:00:00+00:00,66395.25
2019-10-24 06:00:00+00:00,68588.25
2019-10-24 07:00:00+00:00,68703.75
2019-10-24 08:00:00+00:00,68897.75
2019-10-24 09:00:00+00:00,69315.0
2019-10-24 10:00:00+00:00,68720.75
2019-10-24 11:00:00+00:00,68503.75
2019-10-24 12:00:00+00:00,67019.75
2019-10-24 13:00:00+00:00,65659.0
2019-10-24 14:00:00+00:00,64556.0
2019-10-24 15:00:00+00:00,65268.75
2019-10-24 16:00:00+00:00,68776.5
2019-10-24 17:00:00+00:00,69060.5
2019-10-24 18:00:00+00:00,65234.75
2019-10-24 19:00:00+00:00,61017.25
2019-10-24 20:00:00+00:00,56913.5
2019-10-24 21:00:00+00:00,52674.25
2019-10-24 22:00:00+00:00,49182.5
2019-10-24 23:00:00+00:00,47581.75
2019-10-25 00:00:00+00:00,45973.25
2019-10-25 01:00:00+00:00,46230.75
2019-10-25 02:00:00+00:00,48168.5
2019-10-25 03:00:00+00:00,52270.75
2019-10-25 04:00:00+00:00,60650.0
2019-10-25 05:00:00+00:00,67451.75
2019-10-25 06:00:00+00:00,69525.0
2019-10-25 07:00:00+00:00,69761.25
2019-10-25 08:00:00+00:00,70162.5
2019-10-25 09:00:00+00:00,70638.5
2019-10-25 10:00:00+00:00,69323.5
2019-10-25 11:00:00+00:00,67035.25
2019-10-25 12:00:00+00:00,65064.5
2019-10-25 13:00:00+00:00,63815.5
2019-10-25 14:00:00+00:00,62954.5
2019-10-25 15:00:00+00:00,63869.0
2019-10-25 16:00:00+00:00,66943.25
2019-10-25 17:00:00+00:00,66905.0
2019-10-25 18:00:00+00:00,63189.5
2019-10-25 19:00:00+00:00,59152.5
2019-10-25 20:00:00+00:00,56410.5
2019-10-25 21:00:00+00:00,52088.0
2019-10-25 22:00:00+00:00,49158.0
2019-10-25 23:00:00+00:00,47224.25
2019-10-26 00:00:00+00:00,45910.5
2019-10-26 01:00:00+00:00,46018.25
2019-10-26 02:00:00+00:00,46527.75
2019-10-26 03:00:00+00:00,47567.0
2019-10-26 04:00:00+00:00,49677.0
2019-10-26 05:00:00+00:00,52695.0
2019-10-26 06:00:00+00:00,55729.75
2019-10-26 07:00:00+00:00,58118.0
2019-10-26 08:00:00+00:00,59063.75
2019-10-26 09:00:00+00:00,59908.75
2019-10-26 10:00:00+00:00,58938.5
2019-10-26 11:00:00+00:00,57358.75
2019-10-26 12:00:00+00:00,55499.0
2019-10-26 13:00:00+00:00,54292.0
2019-10-26 14:00:00+00:00,53742.75
2019-10-26 15:00:00+00:00,55591.25
2019-10-26 16:00:00+00:00,59568.25
2019-10-26 17:00:00+00:00,59444.0
2019-10-26 18:00:00+00:00,55878.0
2019-10-26 19:00:00+00:00,52988.0
2019-10-26 20:00:00+00:00,50720.5
2019-10-26 21:00:00+00:00,47726.0
2019-10-26 22:00:00+00:00,45138.0
2019-10-26 23:00:00+00:00,43044.5
2019-10-27 00:00:00+00:00,41796.0
2019-10-27 01:00:00+00:00,41113.0
2019-10-27 02:00:00+00:00,41183.25
2019-10-27 03:00:00+00:00,41668.0
2019-10-27 04:00:00+00:00,41972.25
2019-10-27 05:00:00+00:00,43155.25
2019-10-27 06:00:00+00:00,45974.75
2019-10-27 07:00:00+00:00,48954.25
2019-10-27 08:00:00+00:00,51525.5
2019-10-27 09:00:00+00:00,53256.0
2019-10-27 10:00:00+00:00,54657.25
2019-10-27 11:00:00+00:00,54157.0
2019-10-27 12:00:00+00:00,52105.75
2019-10-27 13:00:00+00:00,50770.25
2019-10-27 14:00:00+00:00,50081.25
2019-10-27 15:00:00+00:00,51270.0
2019-10-27 16:00:00+00:00,56155.5
2019-10-27 17:00:00+00:00,58161.25
2019-10-27 18:00:00+00:00,56217.0
2019-10-27 19:00:00+00:00,53537.75
2019-10-27 20:00:00+00:00,51582.25
2019-10-27 21:00:00+00:00,50398.0
2019-10-27 22:00:00+00:00,47431.75
2019-10-27 23:00:00+00:00,45756.25
2019-10-28 00:00:00+00:00,45233.75
2019-10-28 01:00:00+00:00,44970.0
2019-10-28 02:00:00+00:00,45475.0
2019-10-28 03:00:00+00:00,47338.5
2019-10-28 04:00:00+00:00,52309.0
2019-10-28 05:00:00+00:00,61189.0
2019-10-28 06:00:00+00:00,66757.25
2019-10-28 07:00:00+00:00,68014.75
2019-10-28 08:00:00+00:00,67868.25
2019-10-28 09:00:00+00:00,68638.25
2019-10-28 10:00:00+00:00,69418.0
2019-10-28 11:00:00+00:00,68748.0
2019-10-28 12:00:00+00:00,67927.75
2019-10-28 13:00:00+00:00,66847.75
2019-10-28 14:00:00+00:00,65434.0
2019-10-28 15:00:00+00:00,65037.0
2019-10-28 16:00:00+00:00,68673.5
2019-10-28 17:00:00+00:00,69425.5
2019-10-28 18:00:00+00:00,67335.5
2019-10-28 19:00:00+00:00,63200.75
2019-10-28 20:00:00+00:00,58936.75
2019-10-28 21:00:00+00:00,55511.0
2019-10-28 22:00:00+00:00,51075.0
2019-10-28 23:00:00+00:00,48676.0
2019-10-29 00:00:00+00:00,47256.5
2019-10-29 01:00:00+00:00,46858.5
2019-10-29 02:00:00+00:00,47299.0
2019-10-29 03:00:00+00:00,49105.25
2019-10-29 04:00:00+00:00,52460.0
2019-10-29 05:00:00+00:00,60929.5
2019-10-29 06:00:00+00:00,66207.75
2019-10-29 07:00:00+00:00,68341.0
2019-10-29 08:00:00+00:00,68637.25
2019-10-29 09:00:00+00:00,69165.75
2019-10-29 10:00:00+00:00,69753.75
2019-10-29 11:00:00+00:00,69036.5
2019-10-29 12:00:00+00:00,68403.75
2019-10-29 13:00:00+00:00,67183.75
2019-10-29 14:00:00+00:00,66588.5
2019-10-29 15:00:00+00:00,66323.75
2019-10-29 16:00:00+00:00,69724.5
2019-10-29 17:00:00+00:00,70259.5
2019-10-29 18:00:00+00:00,68051.0
2019-10-29 19:00:00+00:00,63937.5
2019-10-29 20:00:00+00:00,60333.25
2019-10-29 21:00:00+00:00,56772.5
2019-10-29 22:00:00+00:00,52543.75
2019-10-29 23:00:00+00:00,49493.5
2019-10-30 00:00:00+00:00,48316.0
2019-10-30 01:00:00+00:00,47525.0
2019-10-30 02:00:00+00:00,47985.0
2019-10-30 03:00:00+00:00,49547.5
2019-10-30 04:00:00+00:00,53120.75
2019-10-30 05:00:00+00:00,61152.0
2019-10-30 06:00:00+00:00,65643.5
2019-10-30 07:00:00+00:00,67688.5
2019-10-30 08:00:00+00:00,67660.5
2019-10-30 09:00:00+00:00,68253.75
2019-10-30 10:00:00+00:00,68815.0
2019-10-30 11:00:00+00:00,68291.5
2019-10-30 12:00:00+00:00,67720.5
2019-10-30 13:00:00+00:00,66711.0
2019-10-30 14:00:00+00:00,65704.0
2019-10-30 15:00:00+00:00,65451.25
2019-10-30 16:00:00+00:00,68918.25
2019-10-30 17:00:00+00:00,68829.5
2019-10-30 18:00:00+00:00,67079.75
2019-10-30 19:00:00+00:00,63492.5
2019-10-30 20:00:00+00:00,60315.25
2019-10-30 21:00:00+00:00,56533.75
2019-10-30 22:00:00+00:00,52685.5
2019-10-30 23:00:00+00:00,49349.0
2019-10-31 00:00:00+00:00,47629.25
2019-10-31 01:00:00+00:00,47220.75
2019-10-31 02:00:00+00:00,47715.0
2019-10-31 03:00:00+00:00,48482.0
2019-10-31 04:00:00+00:00,50678.5
2019-10-31 05:00:00+00:00,55908.75
2019-10-31 06:00:00+00:00,60139.75
2019-10-31 07:00:00+00:00,62799.0
2019-10-31 08:00:00+00:00,63632.75
2019-10-31 09:00:00+00:00,64105.5
2019-10-31 10:00:00+00:00,64600.25
2019-10-31 11:00:00+00:00,63556.5
2019-10-31 12:00:00+00:00,62501.0
2019-10-31 13:00:00+00:00,61116.25
2019-10-31 14:00:00+00:00,59981.75
2019-10-31 15:00:00+00:00,59974.0
2019-10-31 16:00:00+00:00,63148.75
2019-10-31 17:00:00+00:00,63480.5
2019-10-31 18:00:00+00:00,62363.0
2019-10-31 19:00:00+00:00,59323.75
2019-10-31 20:00:00+00:00,56678.0
2019-10-31 21:00:00+00:00,54000.75
2019-10-31 22:00:00+00:00,49951.25
2019-10-31 23:00:00+00:00,46689.5
2019-11-01 00:00:00+00:00,44743.75
2019-11-01 01:00:00+00:00,43858.5
2019-11-01 02:00:00+00:00,44077.25
2019-11-01 03:00:00+00:00,44867.5
2019-11-01 04:00:00+00:00,45752.5
2019-11-01 05:00:00+00:00,47939.25
2019-11-01 06:00:00+00:00,50714.25
2019-11-01 07:00:00+00:00,54095.75
2019-11-01 08:00:00+00:00,55675.5
2019-11-01 09:00:00+00:00,56973.25
2019-11-01 10:00:00+00:00,58472.0
2019-11-01 11:00:00+00:00,58832.0
2019-11-01 12:00:00+00:00,57551.0
2019-11-01 13:00:00+00:00,56434.0
2019-11-01 14:00:00+00:00,56293.25
2019-11-01 15:00:00+00:00,57316.25
2019-11-01 16:00:00+00:00,60733.25
2019-11-01 17:00:00+00:00,60737.25
2019-11-01 18:00:00+00:00,59074.5
2019-11-01 19:00:00+00:00,55658.75
2019-11-01 20:00:00+00:00,52973.25
2019-11-01 21:00:00+00:00,51055.5
2019-11-01 22:00:00+00:00,47574.0
2019-11-01 23:00:00+00:00,44699.25
2019-11-02 00:00:00+00:00,42708.0
2019-11-02 01:00:00+00:00,41837.5
2019-11-02 02:00:00+00:00,41542.5
2019-11-02 03:00:00+00:00,42146.0
2019-11-02 04:00:00+00:00,43513.5
2019-11-02 05:00:00+00:00,45684.25
2019-11-02 06:00:00+00:00,48328.5
2019-11-02 07:00:00+00:00,52278.25
2019-11-02 08:00:00+00:00,54807.0
2019-11-02 09:00:00+00:00,55969.5
2019-11-02 10:00:00+00:00,57443.5
2019-11-02 11:00:00+00:00,56966.25
2019-11-02 12:00:00+00:00,55804.25
2019-11-02 13:00:00+00:00,54359.75
2019-11-02 14:00:00+00:00,53873.5
2019-11-02 15:00:00+00:00,54769.5
2019-11-02 16:00:00+00:00,58884.75
2019-11-02 17:00:00+00:00,59583.0
2019-11-02 18:00:00+00:00,57301.25
2019-11-02 19:00:00+00:00,53666.75
2019-11-02 20:00:00+00:00,51415.75
2019-11-02 21:00:00+00:00,49927.75
2019-11-02 22:00:00+00:00,46560.25
2019-11-02 23:00:00+00:00,42961.0
2019-11-03 00:00:00+00:00,41103.25
2019-11-03 01:00:00+00:00,40081.25
2019-11-03 02:00:00+00:00,39896.0
2019-11-03 03:00:00+00:00,40227.25
2019-11-03 04:00:00+00:00,40007.25
2019-11-03 05:00:00+00:00,40027.75
2019-11-03 06:00:00+00:00,41624.0
2019-11-03 07:00:00+00:00,44988.5
2019-11-03 08:00:00+00:00,47810.75
2019-11-03 09:00:00+00:00,50260.5
2019-11-03 10:00:00+00:00,52793.0
2019-11-03 11:00:00+00:00,52532.0
2019-11-03 12:00:00+00:00,50610.75
2019-11-03 13:00:00+00:00,49231.5
2019-11-03 14:00:00+00:00,49306.5
2019-11-03 15:00:00+00:00,50213.25
2019-11-03 16:00:00+00:00,54215.0
2019-11-03 17:00:00+00:00,55126.25
2019-11-03 18:00:00+00:00,53480.0
2019-11-03 19:00:00+00:00,50918.0
2019-11-03 20:00:00+00:00,48891.5
2019-11-03 21:00:00+00:00,47747.5
2019-11-03 22:00:00+00:00,44910.5
2019-11-03 23:00:00+00:00,42945.5
2019-11-04 00:00:00+00:00,41999.25
2019-11-04 01:00:00+00:00,41487.5
2019-11-04 02:00:00+00:00,42468.75
2019-11-04 03:00:00+00:00,44702.75
2019-11-04 04:00:00+00:00,48916.0
2019-11-04 05:00:00+00:00,58476.5
2019-11-04 06:00:00+00:00,64473.5
2019-11-04 07:00:00+00:00,66827.75
2019-11-04 08:00:00+00:00,67191.25
2019-11-04 09:00:00+00:00,68383.5
2019-11-04 10:00:00+00:00,68739.75
2019-11-04 11:00:00+00:00,68074.25
2019-11-04 12:00:00+00:00,67674.25
2019-11-04 13:00:00+00:00,66751.75
2019-11-04 14:00:00+00:00,66223.75
2019-11-04 15:00:00+00:00,66051.25
2019-11-04 16:00:00+00:00,69135.5
2019-11-04 17:00:00+00:00,69233.25
2019-11-04 18:00:00+00:00,67561.25
2019-11-04 19:00:00+00:00,63654.75
2019-11-04 20:00:00+00:00,59859.25
2019-11-04 21:00:00+00:00,56293.75
2019-11-04 22:00:00+00:00,51649.75
2019-11-04 23:00:00+00:00,49082.0
2019-11-05 00:00:00+00:00,46950.0
2019-11-05 01:00:00+00:00,46713.0
2019-11-05 02:00:00+00:00,47180.75
2019-11-05 03:00:00+00:00,48788.0
2019-11-05 04:00:00+00:00,52800.25
2019-11-05 05:00:00+00:00,61001.75
2019-11-05 06:00:00+00:00,66820.0
2019-11-05 07:00:00+00:00,68479.25
2019-11-05 08:00:00+00:00,68808.5
2019-11-05 09:00:00+00:00,69566.75
2019-11-05 10:00:00+00:00,70187.25
2019-11-05 11:00:00+00:00,69658.5
2019-11-05 12:00:00+00:00,69183.25
2019-11-05 13:00:00+00:00,67881.5
2019-11-05 14:00:00+00:00,67350.5
2019-11-05 15:00:00+00:00,67421.25
2019-11-05 16:00:00+00:00,70753.5
2019-11-05 17:00:00+00:00,70487.75
2019-11-05 18:00:00+00:00,68417.0
2019-11-05 19:00:00+00:00,64718.0
2019-11-05 20:00:00+00:00,60501.5
2019-11-05 21:00:00+00:00,56700.0
2019-11-05 22:00:00+00:00,52377.5
2019-11-05 23:00:00+00:00,49162.25
2019-11-06 00:00:00+00:00,48048.25
2019-11-06 01:00:00+00:00,47408.75
2019-11-06 02:00:00+00:00,48324.25
2019-11-06 03:00:00+00:00,49884.75
2019-11-06 04:00:00+00:00,53306.75
2019-11-06 05:00:00+00:00,61906.25
2019-11-06 06:00:00+00:00,67239.25
2019-11-06 07:00:00+00:00,69186.0
2019-11-06 08:00:00+00:00,69306.25
2019-11-06 09:00:00+00:00,69799.5
2019-11-06 10:00:00+00:00,70512.5
2019-11-06 11:00:00+00:00,70041.75
2019-11-06 12:00:00+00:00,69619.25
2019-11-06 13:00:00+00:00,68733.5
2019-11-06 14:00:00+00:00,68250.75
2019-11-06 15:00:00+00:00,68013.0
2019-11-06 16:00:00+00:00,70926.25
2019-11-06 17:00:00+00:00,70238.0
2019-11-06 18:00:00+00:00,67970.0
2019-11-06 19:00:00+00:00,63894.0
2019-11-06 20:00:00+00:00,60304.5
2019-11-06 21:00:00+00:00,56970.0
2019-11-06 22:00:00+00:00,52653.0
2019-11-06 23:00:00+00:00,49346.75
2019-11-07 00:00:00+00:00,47809.75
2019-11-07 01:00:00+00:00,47126.0
2019-11-07 02:00:00+00:00,47837.0
2019-11-07 03:00:00+00:00,49353.25
2019-11-07 04:00:00+00:00,53128.0
2019-11-07 05:00:00+00:00,61828.25
2019-11-07 06:00:00+00:00,67603.0
2019-11-07 07:00:00+00:00,69423.5
2019-11-07 08:00:00+00:00,69710.0
2019-11-07 09:00:00+00:00,70363.5
2019-11-07 10:00:00+00:00,71107.25
2019-11-07 11:00:00+00:00,70760.5
2019-11-07 12:00:00+00:00,70504.75
2019-11-07 13:00:00+00:00,69494.25
2019-11-07 14:00:00+00:00,69316.25
2019-11-07 15:00:00+00:00,69715.5
2019-11-07 16:00:00+00:00,72565.5
2019-11-07 17:00:00+00:00,72232.25
2019-11-07 18:00:00+00:00,70255.75
2019-11-07 19:00:00+00:00,65760.75
2019-11-07 20:00:00+00:00,61802.25
2019-11-07 21:00:00+00:00,58173.75
2019-11-07 22:00:00+00:00,53800.25
2019-11-07 23:00:00+00:00,50300.0
2019-11-08 00:00:00+00:00,49173.0
2019-11-08 01:00:00+00:00,48619.25
2019-11-08 02:00:00+00:00,49157.5
2019-11-08 03:00:00+00:00,50327.5
2019-11-08 04:00:00+00:00,53787.0
2019-11-08 05:00:00+00:00,61980.25
2019-11-08 06:00:00+00:00,67220.25
2019-11-08 07:00:00+00:00,69400.25
2019-11-08 08:00:00+00:00,69232.0
2019-11-08 09:00:00+00:00,69535.25
2019-11-08 10:00:00+00:00,70195.0
2019-11-08 11:00:00+00:00,68920.25
2019-11-08 12:00:00+00:00,68099.25
2019-11-08 13:00:00+00:00,66965.0
2019-11-08 14:00:00+00:00,66237.25
2019-11-08 15:00:00+00:00,66661.5
2019-11-08 16:00:00+00:00,68764.5
2019-11-08 17:00:00+00:00,67743.75
2019-11-08 18:00:00+00:00,65244.75
2019-11-08 19:00:00+00:00,61378.0
2019-11-08 20:00:00+00:00,58113.0
2019-11-08 21:00:00+00:00,55073.5
2019-11-08 22:00:00+00:00,50984.75
2019-11-08 23:00:00+00:00,47904.0
2019-11-09 00:00:00+00:00,46073.5
2019-11-09 01:00:00+00:00,44811.25
2019-11-09 02:00:00+00:00,44615.5
2019-11-09 03:00:00+00:00,44741.5
2019-11-09 04:00:00+00:00,45313.75
2019-11-09 05:00:00+00:00,47076.5
2019-11-09 06:00:00+00:00,50315.5
2019-11-09 07:00:00+00:00,54027.25
2019-11-09 08:00:00+00:00,56870.5
2019-11-09 09:00:00+00:00,58565.75
2019-11-09 10:00:00+00:00,59464.25
2019-11-09 11:00:00+00:00,58870.0
2019-11-09 12:00:00+00:00,57100.75
2019-11-09 13:00:00+00:00,55761.75
2019-11-09 14:00:00+00:00,55613.25
2019-11-09 15:00:00+00:00,56504.25
2019-11-09 16:00:00+00:00,60580.75
2019-11-09 17:00:00+00:00,60716.0
2019-11-09 18:00:00+00:00,58912.5
2019-11-09 19:00:00+00:00,55260.25
2019-11-09 20:00:00+00:00,52716.0
2019-11-09 21:00:00+00:00,51211.0
2019-11-09 22:00:00+00:00,47886.0
2019-11-09 23:00:00+00:00,45784.0
2019-11-10 00:00:00+00:00,43970.75
2019-11-10 01:00:00+00:00,42850.5
2019-11-10 02:00:00+00:00,42333.5
2019-11-10 03:00:00+00:00,42618.75
2019-11-10 04:00:00+00:00,42624.75
2019-11-10 05:00:00+00:00,42244.5
2019-11-10 06:00:00+00:00,43750.75
2019-11-10 07:00:00+00:00,46942.25
2019-11-10 08:00:00+00:00,50289.25
2019-11-10 09:00:00+00:00,52271.75
2019-11-10 10:00:00+00:00,54153.0
2019-11-10 11:00:00+00:00,53350.0
2019-11-10 12:00:00+00:00,51946.5
2019-11-10 13:00:00+00:00,50567.0
2019-11-10 14:00:00+00:00,50687.75
2019-11-10 15:00:00+00:00,52641.0
2019-11-10 16:00:00+00:00,57115.5
2019-11-10 17:00:00+00:00,57801.0
2019-11-10 18:00:00+00:00,56291.75
2019-11-10 19:00:00+00:00,53982.5
2019-11-10 20:00:00+00:00,52452.75
2019-11-10 21:00:00+00:00,51914.75
2019-11-10 22:00:00+00:00,48523.5
2019-11-10 23:00:00+00:00,46557.0
2019-11-11 00:00:00+00:00,45166.75
2019-11-11 01:00:00+00:00,44719.25
2019-11-11 02:00:00+00:00,45437.75
2019-11-11 03:00:00+00:00,47487.75
2019-11-11 04:00:00+00:00,51981.25
2019-11-11 05:00:00+00:00,61069.25
2019-11-11 06:00:00+00:00,67811.5
2019-11-11 07:00:00+00:00,70178.75
2019-11-11 08:00:00+00:00,71190.25
2019-11-11 09:00:00+00:00,71812.0
2019-11-11 10:00:00+00:00,72126.5
2019-11-11 11:00:00+00:00,72331.5
2019-11-11 12:00:00+00:00,72105.5
2019-11-11 13:00:00+00:00,71517.0
2019-11-11 14:00:00+00:00,71356.75
2019-11-11 15:00:00+00:00,71883.5
2019-11-11 16:00:00+00:00,74431.75
2019-11-11 17:00:00+00:00,73834.25
2019-11-11 18:00:00+00:00,72190.25
2019-11-11 19:00:00+00:00,68236.25
2019-11-11 20:00:00+00:00,64333.25
2019-11-11 21:00:00+00:00,60907.5
2019-11-11 22:00:00+00:00,56713.5
2019-11-11 23:00:00+00:00,53181.75
2019-11-12 00:00:00+00:00,51430.25
2019-11-12 01:00:00+00:00,50643.5
2019-11-12 02:00:00+00:00,51001.0
2019-11-12 03:00:00+00:00,52467.25
2019-11-12 04:00:00+00:00,56077.75
2019-11-12 05:00:00+00:00,64089.25
2019-11-12 06:00:00+00:00,69816.25
2019-11-12 07:00:00+00:00,71937.0
2019-11-12 08:00:00+00:00,72526.25
2019-11-12 09:00:00+00:00,73228.0
2019-11-12 10:00:00+00:00,73903.0
2019-11-12 11:00:00+00:00,73317.0
2019-11-12 12:00:00+00:00,72687.25
2019-11-12 13:00:00+00:00,71602.25
2019-11-12 14:00:00+00:00,71026.25
2019-11-12 15:00:00+00:00,71295.5
2019-11-12 16:00:00+00:00,74057.25
2019-11-12 17:00:00+00:00,73511.75
2019-11-12 18:00:00+00:00,71729.75
2019-11-12 19:00:00+00:00,67477.0
2019-11-12 20:00:00+00:00,63397.75
2019-11-12 21:00:00+00:00,60048.5
2019-11-12 22:00:00+00:00,55936.0
2019-11-12 23:00:00+00:00,52697.75
2019-11-13 00:00:00+00:00,51074.75
2019-11-13 01:00:00+00:00,49912.75
2019-11-13 02:00:00+00:00,50422.25
2019-11-13 03:00:00+00:00,52212.75
2019-11-13 04:00:00+00:00,55500.5
2019-11-13 05:00:00+00:00,62684.25
2019-11-13 06:00:00+00:00,68599.5
2019-11-13 07:00:00+00:00,70452.0
2019-11-13 08:00:00+00:00,70374.75
2019-11-13 09:00:00+00:00,70802.25
2019-11-13 10:00:00+00:00,71735.75
2019-11-13 11:00:00+00:00,71334.0
2019-11-13 12:00:00+00:00,70775.5
2019-11-13 13:00:00+00:00,69400.75
2019-11-13 14:00:00+00:00,69034.0
2019-11-13 15:00:00+00:00,69958.0
2019-11-13 16:00:00+00:00,72218.25
2019-11-13 17:00:00+00:00,71390.25
2019-11-13 18:00:00+00:00,69505.5
2019-11-13 19:00:00+00:00,65582.5
2019-11-13 20:00:00+00:00,61683.75
2019-11-13 21:00:00+00:00,58355.75
2019-11-13 22:00:00+00:00,54180.25
2019-11-13 23:00:00+00:00,51276.75
2019-11-14 00:00:00+00:00,49576.25
2019-11-14 01:00:00+00:00,48509.5
2019-11-14 02:00:00+00:00,49002.5
2019-11-14 03:00:00+00:00,50683.5
2019-11-14 04:00:00+00:00,54073.0
2019-11-14 05:00:00+00:00,62116.5
2019-11-14 06:00:00+00:00,67886.75
2019-11-14 07:00:00+00:00,69370.25
2019-11-14 08:00:00+00:00,69359.5
2019-11-14 09:00:00+00:00,70278.75
2019-11-14 10:00:00+00:00,70704.75
2019-11-14 11:00:00+00:00,70473.25
2019-11-14 12:00:00+00:00,69160.0
2019-11-14 13:00:00+00:00,68063.0
2019-11-14 14:00:00+00:00,67823.75
2019-11-14 15:00:00+00:00,69224.0
2019-11-14 16:00:00+00:00,72544.25
2019-11-14 17:00:00+00:00,72006.25
2019-11-14 18:00:00+00:00,70547.75
2019-11-14 19:00:00+00:00,66675.5
2019-11-14 20:00:00+00:00,63251.75
2019-11-14 21:00:00+00:00,60314.5
2019-11-14 22:00:00+00:00,56857.75
2019-11-14 23:00:00+00:00,53434.25
2019-11-15 00:00:00+00:00,52007.25
2019-11-15 01:00:00+00:00,50880.75
2019-11-15 02:00:00+00:00,51405.5
2019-11-15 03:00:00+00:00,53430.0
2019-11-15 04:00:00+00:00,57284.75
2019-11-15 05:00:00+00:00,64428.25
2019-11-15 06:00:00+00:00,70475.5
2019-11-15 07:00:00+00:00,73015.75
2019-11-15 08:00:00+00:00,73068.5
2019-11-15 09:00:00+00:00,72969.25
2019-11-15 10:00:00+00:00,72265.75
2019-11-15 11:00:00+00:00,72406.75
2019-11-15 12:00:00+00:00,70832.75
2019-11-15 13:00:00+00:00,69232.0
2019-11-15 14:00:00+00:00,68545.0
2019-11-15 15:00:00+00:00,69068.5
2019-11-15 16:00:00+00:00,71261.5
2019-11-15 17:00:00+00:00,70311.5
2019-11-15 18:00:00+00:00,67580.0
2019-11-15 19:00:00+00:00,63086.0
2019-11-15 20:00:00+00:00,59693.75
2019-11-15 21:00:00+00:00,56746.75
2019-11-15 22:00:00+00:00,53052.25
2019-11-15 23:00:00+00:00,49653.5
2019-11-16 00:00:00+00:00,47753.0
2019-11-16 01:00:00+00:00,46459.5
2019-11-16 02:00:00+00:00,46314.25
2019-11-16 03:00:00+00:00,46590.75
2019-11-16 04:00:00+00:00,46520.0
2019-11-16 05:00:00+00:00,48391.5
2019-11-16 06:00:00+00:00,51551.5
2019-11-16 07:00:00+00:00,55305.75
2019-11-16 08:00:00+00:00,58777.75
2019-11-16 09:00:00+00:00,60194.25
2019-11-16 10:00:00+00:00,60890.5
2019-11-16 11:00:00+00:00,60601.5
2019-11-16 12:00:00+00:00,58984.5
2019-11-16 13:00:00+00:00,57829.5
2019-11-16 14:00:00+00:00,57910.5
2019-11-16 15:00:00+00:00,59546.75
2019-11-16 16:00:00+00:00,62907.75
2019-11-16 17:00:00+00:00,63026.25
2019-11-16 18:00:00+00:00,61424.5
2019-11-16 19:00:00+00:00,57808.25
2019-11-16 20:00:00+00:00,55308.25
2019-11-16 21:00:00+00:00,53289.25
2019-11-16 22:00:00+00:00,49904.25
2019-11-16 23:00:00+00:00,46891.25
2019-11-17 00:00:00+00:00,45260.75
2019-11-17 01:00:00+00:00,44228.25
2019-11-17 02:00:00+00:00,43755.5
2019-11-17 03:00:00+00:00,43468.5
2019-11-17 04:00:00+00:00,43124.0
2019-11-17 05:00:00+00:00,42783.5
2019-11-17 06:00:00+00:00,44518.0
2019-11-17 07:00:00+00:00,47671.75
2019-11-17 08:00:00+00:00,51215.5
2019-11-17 09:00:00+00:00,53465.0
2019-11-17 10:00:00+00:00,55751.25
2019-11-17 11:00:00+00:00,56078.0
2019-11-17 12:00:00+00:00,54654.0
2019-11-17 13:00:00+00:00,53733.25
2019-11-17 14:00:00+00:00,53891.5
2019-11-17 15:00:00+00:00,56054.25
2019-11-17 16:00:00+00:00,59693.0
2019-11-17 17:00:00+00:00,60271.0
2019-11-17 18:00:00+00:00,58671.5
2019-11-17 19:00:00+00:00,56098.75
2019-11-17 20:00:00+00:00,54457.75
2019-11-17 21:00:00+00:00,53760.0
2019-11-17 22:00:00+00:00,50727.75
2019-11-17 23:00:00+00:00,47989.0
2019-11-18 00:00:00+00:00,46292.75
2019-11-18 01:00:00+00:00,46148.25
2019-11-18 02:00:00+00:00,46081.5
2019-11-18 03:00:00+00:00,47956.5
2019-11-18 04:00:00+00:00,52288.25
2019-11-18 05:00:00+00:00,61846.25
2019-11-18 06:00:00+00:00,68048.25
2019-11-18 07:00:00+00:00,70399.0
2019-11-18 08:00:00+00:00,71020.0
2019-11-18 09:00:00+00:00,71905.5
2019-11-18 10:00:00+00:00,72457.5
2019-11-18 11:00:00+00:00,72039.0
2019-11-18 12:00:00+00:00,72092.5
2019-11-18 13:00:00+00:00,71228.75
2019-11-18 14:00:00+00:00,70484.0
2019-11-18 15:00:00+00:00,71224.5
2019-11-18 16:00:00+00:00,73570.25
2019-11-18 17:00:00+00:00,73646.5
2019-11-18 18:00:00+00:00,72227.75
2019-11-18 19:00:00+00:00,68695.25
2019-11-18 20:00:00+00:00,65324.25
2019-11-18 21:00:00+00:00,61855.5
2019-11-18 22:00:00+00:00,57358.25
2019-11-18 23:00:00+00:00,54492.25
2019-11-19 00:00:00+00:00,52891.25
2019-11-19 01:00:00+00:00,52270.5
2019-11-19 02:00:00+00:00,52917.25
2019-11-19 03:00:00+00:00,54629.5
2019-11-19 04:00:00+00:00,58649.75
2019-11-19 05:00:00+00:00,66623.0
2019-11-19 06:00:00+00:00,72449.75
2019-11-19 07:00:00+00:00,74413.5
2019-11-19 08:00:00+00:00,74545.0
2019-11-19 09:00:00+00:00,74611.5
2019-11-19 10:00:00+00:00,75208.25
2019-11-19 11:00:00+00:00,74203.75
2019-11-19 12:00:00+00:00,73344.25
2019-11-19 13:00:00+00:00,71922.0
2019-11-19 14:00:00+00:00,70495.75
2019-11-19 15:00:00+00:00,70788.5
2019-11-19 16:00:00+00:00,73673.25
2019-11-19 17:00:00+00:00,72585.25
2019-11-19 18:00:00+00:00,70203.75
2019-11-19 19:00:00+00:00,66488.5
2019-11-19 20:00:00+00:00,62478.75
2019-11-19 21:00:00+00:00,59194.0
2019-11-19 22:00:00+00:00,54920.75
2019-11-19 23:00:00+00:00,52160.5
2019-11-20 00:00:00+00:00,50165.5
2019-11-20 01:00:00+00:00,49203.25
2019-11-20 02:00:00+00:00,49566.75
2019-11-20 03:00:00+00:00,50873.5
2019-11-20 04:00:00+00:00,54073.75
2019-11-20 05:00:00+00:00,61378.75
2019-11-20 06:00:00+00:00,67732.75
2019-11-20 07:00:00+00:00,69820.75
2019-11-20 08:00:00+00:00,70395.0
2019-11-20 09:00:00+00:00,71334.0
2019-11-20 10:00:00+00:00,72032.5
2019-11-20 11:00:00+00:00,71539.75
2019-11-20 12:00:00+00:00,70923.75
2019-11-20 13:00:00+00:00,69816.75
2019-11-20 14:00:00+00:00,69511.75
2019-11-20 15:00:00+00:00,70022.25
2019-11-20 16:00:00+00:00,72100.25
2019-11-20 17:00:00+00:00,71403.5
2019-11-20 18:00:00+00:00,69520.5
2019-11-20 19:00:00+00:00,65656.75
2019-11-20 20:00:00+00:00,62084.5
2019-11-20 21:00:00+00:00,59021.75
2019-11-20 22:00:00+00:00,55230.0
2019-11-20 23:00:00+00:00,52258.25
2019-11-21 00:00:00+00:00,50478.5
2019-11-21 01:00:00+00:00,49514.0
2019-11-21 02:00:00+00:00,50041.0
2019-11-21 03:00:00+00:00,51277.0
2019-11-21 04:00:00+00:00,54998.0
2019-11-21 05:00:00+00:00,62896.25
2019-11-21 06:00:00+00:00,68657.5
2019-11-21 07:00:00+00:00,70813.5
2019-11-21 08:00:00+00:00,70899.75
2019-11-21 09:00:00+00:00,71377.75
2019-11-21 10:00:00+00:00,71829.75
2019-11-21 11:00:00+00:00,71139.0
2019-11-21 12:00:00+00:00,70685.75
2019-11-21 13:00:00+00:00,69793.5
2019-11-21 14:00:00+00:00,69961.75
2019-11-21 15:00:00+00:00,71130.75
2019-11-21 16:00:00+00:00,73487.25
2019-11-21 17:00:00+00:00,72520.25
2019-11-21 18:00:00+00:00,70595.25
2019-11-21 19:00:00+00:00,66820.25
2019-11-21 20:00:00+00:00,63293.5
2019-11-21 21:00:00+00:00,60201.5
2019-11-21 22:00:00+00:00,56481.75
2019-11-21 23:00:00+00:00,53364.25
2019-11-22 00:00:00+00:00,51383.25
2019-11-22 01:00:00+00:00,50552.25
2019-11-22 02:00:00+00:00,50583.75
2019-11-22 03:00:00+00:00,52177.25
2019-11-22 04:00:00+00:00,55770.25
2019-11-22 05:00:00+00:00,63555.75
2019-11-22 06:00:00+00:00,69834.5
2019-11-22 07:00:00+00:00,71800.75
2019-11-22 08:00:00+00:00,71943.0
2019-11-22 09:00:00+00:00,72248.75
2019-11-22 10:00:00+00:00,72170.5
2019-11-22 11:00:00+00:00,71343.0
2019-11-22 12:00:00+00:00,69947.5
2019-11-22 13:00:00+00:00,68308.75
2019-11-22 14:00:00+00:00,67821.75
2019-11-22 15:00:00+00:00,69269.75
2019-11-22 16:00:00+00:00,71673.5
2019-11-22 17:00:00+00:00,70774.0
2019-11-22 18:00:00+00:00,68575.25
2019-11-22 19:00:00+00:00,64354.75
2019-11-22 20:00:00+00:00,61427.75
2019-11-22 21:00:00+00:00,58212.5
2019-11-22 22:00:00+00:00,54880.75
2019-11-22 23:00:00+00:00,52164.5
2019-11-23 00:00:00+00:00,49664.25
2019-11-23 01:00:00+00:00,48757.0
2019-11-23 02:00:00+00:00,48636.25
2019-11-23 03:00:00+00:00,48695.5
2019-11-23 04:00:00+00:00,49113.0
2019-11-23 05:00:00+00:00,50558.5
2019-11-23 06:00:00+00:00,54029.25
2019-11-23 07:00:00+00:00,57329.5
2019-11-23 08:00:00+00:00,59853.5
2019-11-23 09:00:00+00:00,61023.0
2019-11-23 10:00:00+00:00,61423.0
2019-11-23 11:00:00+00:00,60777.25
2019-11-23 12:00:00+00:00,58655.75
2019-11-23 13:00:00+00:00,57440.75
2019-11-23 14:00:00+00:00,57843.75
2019-11-23 15:00:00+00:00,60371.25
2019-11-23 16:00:00+00:00,62873.25
2019-11-23 17:00:00+00:00,62705.5
2019-11-23 18:00:00+00:00,60675.75
2019-11-23 19:00:00+00:00,56816.25
2019-11-23 20:00:00+00:00,54222.75
2019-11-23 21:00:00+00:00,52962.5
2019-11-23 22:00:00+00:00,50138.5
2019-11-23 23:00:00+00:00,47241.0
2019-11-24 00:00:00+00:00,45152.0
2019-11-24 01:00:00+00:00,44301.25
2019-11-24 02:00:00+00:00,44091.75
2019-11-24 03:00:00+00:00,44430.5
2019-11-24 04:00:00+00:00,43633.0
2019-11-24 05:00:00+00:00,43448.5
2019-11-24 06:00:00+00:00,45296.5
2019-11-24 07:00:00+00:00,48702.5
2019-11-24 08:00:00+00:00,51443.75
2019-11-24 09:00:00+00:00,53689.5
2019-11-24 10:00:00+00:00,55588.25
2019-11-24 11:00:00+00:00,54693.75
2019-11-24 12:00:00+00:00,52747.25
2019-11-24 13:00:00+00:00,51910.75
2019-11-24 14:00:00+00:00,51831.0
2019-11-24 15:00:00+00:00,54347.75
2019-11-24 16:00:00+00:00,58369.5
2019-11-24 17:00:00+00:00,58716.5
2019-11-24 18:00:00+00:00,56923.0
2019-11-24 19:00:00+00:00,54302.0
2019-11-24 20:00:00+00:00,52484.5
2019-11-24 21:00:00+00:00,51551.0
2019-11-24 22:00:00+00:00,48454.5
2019-11-24 23:00:00+00:00,46169.25
2019-11-25 00:00:00+00:00,44979.5
2019-11-25 01:00:00+00:00,44455.75
2019-11-25 02:00:00+00:00,45023.5
2019-11-25 03:00:00+00:00,46991.0
2019-11-25 04:00:00+00:00,51238.5
2019-11-25 05:00:00+00:00,60109.0
2019-11-25 06:00:00+00:00,67301.0
2019-11-25 07:00:00+00:00,69841.5
2019-11-25 08:00:00+00:00,70256.75
2019-11-25 09:00:00+00:00,71077.0
2019-11-25 10:00:00+00:00,71800.5
2019-11-25 11:00:00+00:00,71454.25
2019-11-25 12:00:00+00:00,71147.25
2019-11-25 13:00:00+00:00,70012.75
2019-11-25 14:00:00+00:00,69804.0
2019-11-25 15:00:00+00:00,70513.0
2019-11-25 16:00:00+00:00,72070.75
2019-11-25 17:00:00+00:00,71401.0
2019-11-25 18:00:00+00:00,69437.5
2019-11-25 19:00:00+00:00,65865.25
2019-11-25 20:00:00+00:00,62277.0
2019-11-25 21:00:00+00:00,58943.0
2019-11-25 22:00:00+00:00,54546.75
2019-11-25 23:00:00+00:00,51488.25
2019-11-26 00:00:00+00:00,49552.25
2019-11-26 01:00:00+00:00,48729.5
2019-11-26 02:00:00+00:00,49386.25
2019-11-26 03:00:00+00:00,50911.5
2019-11-26 04:00:00+00:00,54629.0
2019-11-26 05:00:00+00:00,63352.5
2019-11-26 06:00:00+00:00,69676.0
2019-11-26 07:00:00+00:00,71515.25
2019-11-26 08:00:00+00:00,71318.75
2019-11-26 09:00:00+00:00,71892.5
2019-11-26 10:00:00+00:00,72567.5
2019-11-26 11:00:00+00:00,72161.5
2019-11-26 12:00:00+00:00,71413.75
2019-11-26 13:00:00+00:00,70661.0
2019-11-26 14:00:00+00:00,70194.5
2019-11-26 15:00:00+00:00,71519.0
2019-11-26 16:00:00+00:00,73431.25
2019-11-26 17:00:00+00:00,73010.5
2019-11-26 18:00:00+00:00,71168.75
2019-11-26 19:00:00+00:00,67799.75
2019-11-26 20:00:00+00:00,64173.25
2019-11-26 21:00:00+00:00,59947.75
2019-11-26 22:00:00+00:00,55251.0
2019-11-26 23:00:00+00:00,52070.25
2019-11-27 00:00:00+00:00,49749.5
2019-11-27 01:00:00+00:00,49027.75
2019-11-27 02:00:00+00:00,49830.75
2019-11-27 03:00:00+00:00,51649.5
2019-11-27 04:00:00+00:00,55414.0
2019-11-27 05:00:00+00:00,63624.5
2019-11-27 06:00:00+00:00,70412.25
2019-11-27 07:00:00+00:00,73396.0
2019-11-27 08:00:00+00:00,74351.25
2019-11-27 09:00:00+00:00,75272.0
2019-11-27 10:00:00+00:00,75869.0
2019-11-27 11:00:00+00:00,75169.75
2019-11-27 12:00:00+00:00,74587.5
2019-11-27 13:00:00+00:00,73592.75
2019-11-27 14:00:00+00:00,72935.5
2019-11-27 15:00:00+00:00,73994.0
2019-11-27 16:00:00+00:00,75717.0
2019-11-27 17:00:00+00:00,75164.75
2019-11-27 18:00:00+00:00,73051.75
2019-11-27 19:00:00+00:00,68885.5
2019-11-27 20:00:00+00:00,64754.5
2019-11-27 21:00:00+00:00,61655.5
2019-11-27 22:00:00+00:00,57148.75
2019-11-27 23:00:00+00:00,53580.5
2019-11-28 00:00:00+00:00,51938.75
2019-11-28 01:00:00+00:00,51174.0
2019-11-28 02:00:00+00:00,51619.0
2019-11-28 03:00:00+00:00,53507.0
2019-11-28 04:00:00+00:00,57730.0
2019-11-28 05:00:00+00:00,65710.5
2019-11-28 06:00:00+00:00,71673.5
2019-11-28 07:00:00+00:00,73458.25
2019-11-28 08:00:00+00:00,73353.75
2019-11-28 09:00:00+00:00,74248.0
2019-11-28 10:00:00+00:00,75184.75
2019-11-28 11:00:00+00:00,74714.25
2019-11-28 12:00:00+00:00,74559.5
2019-11-28 13:00:00+00:00,73598.0
2019-11-28 14:00:00+00:00,73378.75
2019-11-28 15:00:00+00:00,73991.0
2019-11-28 16:00:00+00:00,75369.5
2019-11-28 17:00:00+00:00,74222.25
2019-11-28 18:00:00+00:00,72442.25
2019-11-28 19:00:00+00:00,68980.25
2019-11-28 20:00:00+00:00,64306.75
2019-11-28 21:00:00+00:00,61291.5
2019-11-28 22:00:00+00:00,57587.5
2019-11-28 23:00:00+00:00,53777.75
2019-11-29 00:00:00+00:00,51677.5
2019-11-29 01:00:00+00:00,50695.0
2019-11-29 02:00:00+00:00,51217.0
2019-11-29 03:00:00+00:00,53117.0
2019-11-29 04:00:00+00:00,56988.75
2019-11-29 05:00:00+00:00,64861.0
2019-11-29 06:00:00+00:00,71083.0
2019-11-29 07:00:00+00:00,72517.25
2019-11-29 08:00:00+00:00,72529.75
2019-11-29 09:00:00+00:00,73244.25
2019-11-29 10:00:00+00:00,72903.25
2019-11-29 11:00:00+00:00,71879.75
2019-11-29 12:00:00+00:00,71014.25
2019-11-29 13:00:00+00:00,69472.75
2019-11-29 14:00:00+00:00,68566.25
2019-11-29 15:00:00+00:00,69713.0
2019-11-29 16:00:00+00:00,71768.0
2019-11-29 17:00:00+00:00,70414.75
2019-11-29 18:00:00+00:00,68435.5
2019-11-29 19:00:00+00:00,64926.25
2019-11-29 20:00:00+00:00,61350.0
2019-11-29 21:00:00+00:00,58352.25
2019-11-29 22:00:00+00:00,54150.75
2019-11-29 23:00:00+00:00,51047.0
2019-11-30 00:00:00+00:00,49456.25
2019-11-30 01:00:00+00:00,47847.0
2019-11-30 02:00:00+00:00,47458.5
2019-11-30 03:00:00+00:00,47486.5
2019-11-30 04:00:00+00:00,47654.75
2019-11-30 05:00:00+00:00,48611.0
2019-11-30 06:00:00+00:00,51791.0
2019-11-30 07:00:00+00:00,55161.5
2019-11-30 08:00:00+00:00,57507.75
2019-11-30 09:00:00+00:00,58285.0
2019-11-30 10:00:00+00:00,58433.0
2019-11-30 11:00:00+00:00,57735.75
2019-11-30 12:00:00+00:00,56149.25
2019-11-30 13:00:00+00:00,55079.0
2019-11-30 14:00:00+00:00,55034.75
2019-11-30 15:00:00+00:00,57671.75
2019-11-30 16:00:00+00:00,60652.75
2019-11-30 17:00:00+00:00,60116.0
2019-11-30 18:00:00+00:00,58558.75
2019-11-30 19:00:00+00:00,55386.0
2019-11-30 20:00:00+00:00,52891.75
2019-11-30 21:00:00+00:00,51597.25
2019-11-30 22:00:00+00:00,48722.5
2019-11-30 23:00:00+00:00,46164.5
2019-12-01 00:00:00+00:00,44079.0
2019-12-01 01:00:00+00:00,43090.5
2019-12-01 02:00:00+00:00,42641.25
2019-12-01 03:00:00+00:00,42907.0
2019-12-01 04:00:00+00:00,43802.25
2019-12-01 05:00:00+00:00,47551.25
2019-12-01 06:00:00+00:00,47780.5
2019-12-01 07:00:00+00:00,50999.5
2019-12-01 08:00:00+00:00,52995.75
2019-12-01 09:00:00+00:00,54132.75
2019-12-01 10:00:00+00:00,56056.25
2019-12-01 11:00:00+00:00,55964.0
2019-12-01 12:00:00+00:00,54300.25
2019-12-01 13:00:00+00:00,53152.0
2019-12-01 14:00:00+00:00,53236.75
2019-12-01 15:00:00+00:00,55312.0
2019-12-01 16:00:00+00:00,58112.0
2019-12-01 17:00:00+00:00,58650.0
2019-12-01 18:00:00+00:00,57564.5
2019-12-01 19:00:00+00:00,55115.25
2019-12-01 20:00:00+00:00,53554.0
2019-12-01 21:00:00+00:00,52923.75
2019-12-01 22:00:00+00:00,49985.0
2019-12-01 23:00:00+00:00,46551.0
2019-12-02 00:00:00+00:00,45428.5
2019-12-02 01:00:00+00:00,44793.5
2019-12-02 02:00:00+00:00,45129.0
2019-12-02 03:00:00+00:00,46874.5
2019-12-02 04:00:00+00:00,50709.5
2019-12-02 05:00:00+00:00,60077.0
2019-12-02 06:00:00+00:00,67590.5
2019-12-02 07:00:00+00:00,69189.25
2019-12-02 08:00:00+00:00,69774.5
2019-12-02 09:00:00+00:00,70764.0
2019-12-02 10:00:00+00:00,71522.25
2019-12-02 11:00:00+00:00,71361.5
2019-12-02 12:00:00+00:00,71174.5
2019-12-02 13:00:00+00:00,70530.5
2019-12-02 14:00:00+00:00,70138.0
2019-12-02 15:00:00+00:00,70877.0
2019-12-02 16:00:00+00:00,72303.5
2019-12-02 17:00:00+00:00,71220.75
2019-12-02 18:00:00+00:00,69558.0
2019-12-02 19:00:00+00:00,65469.0
2019-12-02 20:00:00+00:00,62010.75
2019-12-02 21:00:00+00:00,58793.0
2019-12-02 22:00:00+00:00,54170.0
2019-12-02 23:00:00+00:00,53466.25
2019-12-03 00:00:00+00:00,51109.5
2019-12-03 01:00:00+00:00,50344.75
2019-12-03 02:00:00+00:00,50735.75
2019-12-03 03:00:00+00:00,52076.0
2019-12-03 04:00:00+00:00,55516.5
2019-12-03 05:00:00+00:00,63697.75
2019-12-03 06:00:00+00:00,69927.75
2019-12-03 07:00:00+00:00,72029.25
2019-12-03 08:00:00+00:00,71944.75
2019-12-03 09:00:00+00:00,72251.75
2019-12-03 10:00:00+00:00,72655.5
2019-12-03 11:00:00+00:00,72182.25
2019-12-03 12:00:00+00:00,71615.5
2019-12-03 13:00:00+00:00,70946.0
2019-12-03 14:00:00+00:00,71054.25
2019-12-03 15:00:00+00:00,72642.75
2019-12-03 16:00:00+00:00,75257.0
2019-12-03 17:00:00+00:00,74364.0
2019-12-03 18:00:00+00:00,73003.75
2019-12-03 19:00:00+00:00,69293.0
2019-12-03 20:00:00+00:00,65688.0
2019-12-03 21:00:00+00:00,62160.5
2019-12-03 22:00:00+00:00,57814.0
2019-12-03 23:00:00+00:00,54864.0
2019-12-04 00:00:00+00:00,53079.25
2019-12-04 01:00:00+00:00,51744.5
2019-12-04 02:00:00+00:00,52223.5
2019-12-04 03:00:00+00:00,53918.75
2019-12-04 04:00:00+00:00,57427.5
2019-12-04 05:00:00+00:00,65352.25
2019-12-04 06:00:00+00:00,71610.5
2019-12-04 07:00:00+00:00,72478.25
2019-12-04 08:00:00+00:00,72114.5
2019-12-04 09:00:00+00:00,72006.75
2019-12-04 10:00:00+00:00,72479.5
2019-12-04 11:00:00+00:00,72096.75
2019-12-04 12:00:00+00:00,71499.75
2019-12-04 13:00:00+00:00,70379.5
2019-12-04 14:00:00+00:00,70610.25
2019-12-04 15:00:00+00:00,71878.5
2019-12-04 16:00:00+00:00,74588.25
2019-12-04 17:00:00+00:00,74088.5
2019-12-04 18:00:00+00:00,72116.0
2019-12-04 19:00:00+00:00,68265.25
2019-12-04 20:00:00+00:00,65075.0
2019-12-04 21:00:00+00:00,62285.0
2019-12-04 22:00:00+00:00,58320.0
2019-12-04 23:00:00+00:00,55579.0
2019-12-05 00:00:00+00:00,53674.5
2019-12-05 01:00:00+00:00,52690.75
2019-12-05 02:00:00+00:00,52780.0
2019-12-05 03:00:00+00:00,53969.25
2019-12-05 04:00:00+00:00,57622.0
2019-12-05 05:00:00+00:00,65639.75
2019-12-05 06:00:00+00:00,72082.75
2019-12-05 07:00:00+00:00,73967.25
2019-12-05 08:00:00+00:00,73727.5
2019-12-05 09:00:00+00:00,73487.0
2019-12-05 10:00:00+00:00,73465.75
2019-12-05 11:00:00+00:00,72781.0
2019-12-05 12:00:00+00:00,72201.0
2019-12-05 13:00:00+00:00,71663.5
2019-12-05 14:00:00+00:00,72522.5
2019-12-05 15:00:00+00:00,74636.25
2019-12-05 16:00:00+00:00,77070.25
2019-12-05 17:00:00+00:00,76290.5
2019-12-05 18:00:00+00:00,74658.75
2019-12-05 19:00:00+00:00,70177.75
2019-12-05 20:00:00+00:00,66726.5
2019-12-05 21:00:00+00:00,64170.25
2019-12-05 22:00:00+00:00,60331.75
2019-12-05 23:00:00+00:00,57527.75
2019-12-06 00:00:00+00:00,55830.0
2019-12-06 01:00:00+00:00,55065.0
2019-12-06 02:00:00+00:00,55216.5
2019-12-06 03:00:00+00:00,55915.5
2019-12-06 04:00:00+00:00,59265.5
2019-12-06 05:00:00+00:00,67042.5
2019-12-06 06:00:00+00:00,73356.0
2019-12-06 07:00:00+00:00,75324.25
2019-12-06 08:00:00+00:00,75356.0
2019-12-06 09:00:00+00:00,75698.5
2019-12-06 10:00:00+00:00,75707.75
2019-12-06 11:00:00+00:00,74608.75
2019-12-06 12:00:00+00:00,73400.75
2019-12-06 13:00:00+00:00,72419.75
2019-12-06 14:00:00+00:00,72388.75
2019-12-06 15:00:00+00:00,74231.25
2019-12-06 16:00:00+00:00,75116.75
2019-12-06 17:00:00+00:00,73933.25
2019-12-06 18:00:00+00:00,71573.75
2019-12-06 19:00:00+00:00,67794.5
2019-12-06 20:00:00+00:00,64563.5
2019-12-06 21:00:00+00:00,61252.5
2019-12-06 22:00:00+00:00,57907.0
2019-12-06 23:00:00+00:00,55306.75
2019-12-07 00:00:00+00:00,53025.25
2019-12-07 01:00:00+00:00,51381.75
2019-12-07 02:00:00+00:00,50617.25
2019-12-07 03:00:00+00:00,50787.5
2019-12-07 04:00:00+00:00,51360.0
2019-12-07 05:00:00+00:00,52643.75
2019-12-07 06:00:00+00:00,55786.25
2019-12-07 07:00:00+00:00,58595.25
2019-12-07 08:00:00+00:00,61486.25
2019-12-07 09:00:00+00:00,63120.5
2019-12-07 10:00:00+00:00,64069.75
2019-12-07 11:00:00+00:00,63246.0
2019-12-07 12:00:00+00:00,61593.25
2019-12-07 13:00:00+00:00,59570.75
2019-12-07 14:00:00+00:00,59595.25
2019-12-07 15:00:00+00:00,61394.25
2019-12-07 16:00:00+00:00,63469.25
2019-12-07 17:00:00+00:00,63392.5
2019-12-07 18:00:00+00:00,61557.25
2019-12-07 19:00:00+00:00,57736.75
2019-12-07 20:00:00+00:00,55511.5
2019-12-07 21:00:00+00:00,53707.75
2019-12-07 22:00:00+00:00,50254.75
2019-12-07 23:00:00+00:00,46931.0
2019-12-08 00:00:00+00:00,45164.25
2019-12-08 01:00:00+00:00,44156.0
2019-12-08 02:00:00+00:00,43984.75
2019-12-08 03:00:00+00:00,45524.75
2019-12-08 04:00:00+00:00,46089.75
2019-12-08 05:00:00+00:00,46719.75
2019-12-08 06:00:00+00:00,49179.5
2019-12-08 07:00:00+00:00,52432.5
2019-12-08 08:00:00+00:00,55656.25
2019-12-08 09:00:00+00:00,58670.25
2019-12-08 10:00:00+00:00,60805.0
2019-12-08 11:00:00+00:00,60843.75
2019-12-08 12:00:00+00:00,59315.25
2019-12-08 13:00:00+00:00,57911.25
2019-12-08 14:00:00+00:00,57330.5
2019-12-08 15:00:00+00:00,58785.25
2019-12-08 16:00:00+00:00,61320.75
2019-12-08 17:00:00+00:00,61484.25
2019-12-08 18:00:00+00:00,60180.75
2019-12-08 19:00:00+00:00,57449.25
2019-12-08 20:00:00+00:00,55953.5
2019-12-08 21:00:00+00:00,55031.25
2019-12-08 22:00:00+00:00,51637.25
2019-12-08 23:00:00+00:00,50210.25
2019-12-09 00:00:00+00:00,48791.0
2019-12-09 01:00:00+00:00,48347.5
2019-12-09 02:00:00+00:00,48905.75
2019-12-09 03:00:00+00:00,50737.25
2019-12-09 04:00:00+00:00,54735.5
2019-12-09 05:00:00+00:00,63688.75
2019-12-09 06:00:00+00:00,70439.0
2019-12-09 07:00:00+00:00,72632.5
2019-12-09 08:00:00+00:00,72188.0
2019-12-09 09:00:00+00:00,73181.25
2019-12-09 10:00:00+00:00,73443.25
2019-12-09 11:00:00+00:00,72924.5
2019-12-09 12:00:00+00:00,72449.75
2019-12-09 13:00:00+00:00,71622.0
2019-12-09 14:00:00+00:00,71464.5
2019-12-09 15:00:00+00:00,72496.25
2019-12-09 16:00:00+00:00,74323.25
2019-12-09 17:00:00+00:00,73641.75
2019-12-09 18:00:00+00:00,71624.0
2019-12-09 19:00:00+00:00,67966.5
2019-12-09 20:00:00+00:00,64271.25
2019-12-09 21:00:00+00:00,60985.25
2019-12-09 22:00:00+00:00,56948.5
2019-12-09 23:00:00+00:00,54875.0
2019-12-10 00:00:00+00:00,53131.75
2019-12-10 01:00:00+00:00,51790.75
2019-12-10 02:00:00+00:00,51765.0
2019-12-10 03:00:00+00:00,53781.0
2019-12-10 04:00:00+00:00,57305.0
2019-12-10 05:00:00+00:00,64408.25
2019-12-10 06:00:00+00:00,70291.25
2019-12-10 07:00:00+00:00,72080.25
2019-12-10 08:00:00+00:00,71897.75
2019-12-10 09:00:00+00:00,72026.75
2019-12-10 10:00:00+00:00,71508.75
2019-12-10 11:00:00+00:00,71065.25
2019-12-10 12:00:00+00:00,70728.75
2019-12-10 13:00:00+00:00,70522.5
2019-12-10 14:00:00+00:00,70598.5
2019-12-10 15:00:00+00:00,73117.75
2019-12-10 16:00:00+00:00,75880.75
2019-12-10 17:00:00+00:00,75753.75
2019-12-10 18:00:00+00:00,74348.25
2019-12-10 19:00:00+00:00,70889.25
2019-12-10 20:00:00+00:00,67532.0
2019-12-10 21:00:00+00:00,64105.25
2019-12-10 22:00:00+00:00,60186.5
2019-12-10 23:00:00+00:00,57068.25
2019-12-11 00:00:00+00:00,54980.75
2019-12-11 01:00:00+00:00,54090.5
2019-12-11 02:00:00+00:00,54542.75
2019-12-11 03:00:00+00:00,55428.75
2019-12-11 04:00:00+00:00,58747.0
2019-12-11 05:00:00+00:00,66366.75
2019-12-11 06:00:00+00:00,72952.0
2019-12-11 07:00:00+00:00,74931.75
2019-12-11 08:00:00+00:00,74749.0
2019-12-11 09:00:00+00:00,75106.0
2019-12-11 10:00:00+00:00,75162.75
2019-12-11 11:00:00+00:00,74401.0
2019-12-11 12:00:00+00:00,73745.75
2019-12-11 13:00:00+00:00,72891.5
2019-12-11 14:00:00+00:00,72775.25
2019-12-11 15:00:00+00:00,73733.75
2019-12-11 16:00:00+00:00,74742.25
2019-12-11 17:00:00+00:00,73671.0
2019-12-11 18:00:00+00:00,71856.0
2019-12-11 19:00:00+00:00,68061.75
2019-12-11 20:00:00+00:00,64088.0
2019-12-11 21:00:00+00:00,61139.5
2019-12-11 22:00:00+00:00,56461.25
2019-12-11 23:00:00+00:00,53434.25
2019-12-12 00:00:00+00:00,51672.0
2019-12-12 01:00:00+00:00,51161.5
2019-12-12 02:00:00+00:00,51197.0
2019-12-12 03:00:00+00:00,52597.75
2019-12-12 04:00:00+00:00,56184.5
2019-12-12 05:00:00+00:00,64191.0
2019-12-12 06:00:00+00:00,70475.25
2019-12-12 07:00:00+00:00,72798.0
2019-12-12 08:00:00+00:00,73079.25
2019-12-12 09:00:00+00:00,73661.75
2019-12-12 10:00:00+00:00,73927.0
2019-12-12 11:00:00+00:00,73067.0
2019-12-12 12:00:00+00:00,72621.25
2019-12-12 13:00:00+00:00,71530.75
2019-12-12 14:00:00+00:00,71333.0
2019-12-12 15:00:00+00:00,72647.5
2019-12-12 16:00:00+00:00,74335.25
2019-12-12 17:00:00+00:00,73878.0
2019-12-12 18:00:00+00:00,72512.25
2019-12-12 19:00:00+00:00,69100.0
2019-12-12 20:00:00+00:00,65530.5
2019-12-12 21:00:00+00:00,62788.75
2019-12-12 22:00:00+00:00,58786.0
2019-12-12 23:00:00+00:00,55644.5
2019-12-13 00:00:00+00:00,54055.75
2019-12-13 01:00:00+00:00,53068.25
2019-12-13 02:00:00+00:00,53935.5
2019-12-13 03:00:00+00:00,54814.75
2019-12-13 04:00:00+00:00,57937.25
2019-12-13 05:00:00+00:00,65249.75
2019-12-13 06:00:00+00:00,72013.0
2019-12-13 07:00:00+00:00,74191.0
2019-12-13 08:00:00+00:00,74251.0
2019-12-13 09:00:00+00:00,74695.5
2019-12-13 10:00:00+00:00,74362.75
2019-12-13 11:00:00+00:00,72603.25
2019-12-13 12:00:00+00:00,71160.75
2019-12-13 13:00:00+00:00,69424.25
2019-12-13 14:00:00+00:00,68794.75
2019-12-13 15:00:00+00:00,70275.5
2019-12-13 16:00:00+00:00,71163.0
2019-12-13 17:00:00+00:00,69728.75
2019-12-13 18:00:00+00:00,67514.0
2019-12-13 19:00:00+00:00,63646.25
2019-12-13 20:00:00+00:00,60422.0
2019-12-13 21:00:00+00:00,57838.25
2019-12-13 22:00:00+00:00,54212.5
2019-12-13 23:00:00+00:00,50751.0
2019-12-14 00:00:00+00:00,48472.75
2019-12-14 01:00:00+00:00,47270.75
2019-12-14 02:00:00+00:00,47247.0
2019-12-14 03:00:00+00:00,48305.5
2019-12-14 04:00:00+00:00,48584.5
2019-12-14 05:00:00+00:00,49368.75
2019-12-14 06:00:00+00:00,52997.0
2019-12-14 07:00:00+00:00,56970.5
2019-12-14 08:00:00+00:00,59950.25
2019-12-14 09:00:00+00:00,61895.5
2019-12-14 10:00:00+00:00,62845.0
2019-12-14 11:00:00+00:00,62945.75
2019-12-14 12:00:00+00:00,62172.0
2019-12-14 13:00:00+00:00,61197.5
2019-12-14 14:00:00+00:00,60895.75
2019-12-14 15:00:00+00:00,62887.0
2019-12-14 16:00:00+00:00,65147.75
2019-12-14 17:00:00+00:00,64498.5
2019-12-14 18:00:00+00:00,62360.75
2019-12-14 19:00:00+00:00,58907.5
2019-12-14 20:00:00+00:00,56870.25
2019-12-14 21:00:00+00:00,56117.25
2019-12-14 22:00:00+00:00,53010.75
2019-12-14 23:00:00+00:00,49033.25
2019-12-15 00:00:00+00:00,46357.25
2019-12-15 01:00:00+00:00,44979.0
2019-12-15 02:00:00+00:00,44684.25
2019-12-15 03:00:00+00:00,45553.75
2019-12-15 04:00:00+00:00,45758.5
2019-12-15 05:00:00+00:00,46067.5
2019-12-15 06:00:00+00:00,49010.5
2019-12-15 07:00:00+00:00,52422.75
2019-12-15 08:00:00+00:00,55156.5
2019-12-15 09:00:00+00:00,57090.5
2019-12-15 10:00:00+00:00,59379.75
2019-12-15 11:00:00+00:00,58778.25
2019-12-15 12:00:00+00:00,56886.75
2019-12-15 13:00:00+00:00,55613.25
2019-12-15 14:00:00+00:00,55674.0
2019-12-15 15:00:00+00:00,57858.0
2019-12-15 16:00:00+00:00,61216.0
2019-12-15 17:00:00+00:00,61112.5
2019-12-15 18:00:00+00:00,59876.5
2019-12-15 19:00:00+00:00,57685.5
2019-12-15 20:00:00+00:00,55684.5
2019-12-15 21:00:00+00:00,54877.0
2019-12-15 22:00:00+00:00,51174.0
2019-12-15 23:00:00+00:00,48124.0
2019-12-16 00:00:00+00:00,46484.25
2019-12-16 01:00:00+00:00,45741.5
2019-12-16 02:00:00+00:00,46014.75
2019-12-16 03:00:00+00:00,47844.75
2019-12-16 04:00:00+00:00,52193.75
2019-12-16 05:00:00+00:00,60825.0
2019-12-16 06:00:00+00:00,67746.0
2019-12-16 07:00:00+00:00,70433.0
2019-12-16 08:00:00+00:00,70740.5
2019-12-16 09:00:00+00:00,70974.5
2019-12-16 10:00:00+00:00,71266.0
2019-12-16 11:00:00+00:00,70769.5
2019-12-16 12:00:00+00:00,70152.0
2019-12-16 13:00:00+00:00,68804.0
2019-12-16 14:00:00+00:00,68269.75
2019-12-16 15:00:00+00:00,69824.25
2019-12-16 16:00:00+00:00,71229.5
2019-12-16 17:00:00+00:00,70616.0
2019-12-16 18:00:00+00:00,68785.5
2019-12-16 19:00:00+00:00,64904.5
2019-12-16 20:00:00+00:00,61074.75
2019-12-16 21:00:00+00:00,57684.25
2019-12-16 22:00:00+00:00,53297.25
2019-12-16 23:00:00+00:00,49691.25
2019-12-17 00:00:00+00:00,47113.75
2019-12-17 01:00:00+00:00,46489.0
2019-12-17 02:00:00+00:00,47466.75
2019-12-17 03:00:00+00:00,48582.5
2019-12-17 04:00:00+00:00,52890.5
2019-12-17 05:00:00+00:00,61025.25
2019-12-17 06:00:00+00:00,67828.5
2019-12-17 07:00:00+00:00,69936.5
2019-12-17 08:00:00+00:00,69654.25
2019-12-17 09:00:00+00:00,69453.5
2019-12-17 10:00:00+00:00,69815.5
2019-12-17 11:00:00+00:00,68872.5
2019-12-17 12:00:00+00:00,68073.25
2019-12-17 13:00:00+00:00,67527.25
2019-12-17 14:00:00+00:00,67462.5
2019-12-17 15:00:00+00:00,69273.5
2019-12-17 16:00:00+00:00,71815.5
2019-12-17 17:00:00+00:00,71310.75
2019-12-17 18:00:00+00:00,70006.5
2019-12-17 19:00:00+00:00,65621.0
2019-12-17 20:00:00+00:00,61326.5
2019-12-17 21:00:00+00:00,58425.5
2019-12-17 22:00:00+00:00,54792.25
2019-12-17 23:00:00+00:00,51508.0
2019-12-18 00:00:00+00:00,49169.25
2019-12-18 01:00:00+00:00,47921.75
2019-12-18 02:00:00+00:00,47982.0
2019-12-18 03:00:00+00:00,49515.0
2019-12-18 04:00:00+00:00,53570.75
2019-12-18 05:00:00+00:00,61593.5
2019-12-18 06:00:00+00:00,67684.75
2019-12-18 07:00:00+00:00,69591.0
2019-12-18 08:00:00+00:00,69353.75
2019-12-18 09:00:00+00:00,69491.0
2019-12-18 10:00:00+00:00,69755.25
2019-12-18 11:00:00+00:00,69008.25
2019-12-18 12:00:00+00:00,67562.5
2019-12-18 13:00:00+00:00,66145.75
2019-12-18 14:00:00+00:00,65697.0
2019-12-18 15:00:00+00:00,67192.75
2019-12-18 16:00:00+00:00,69821.0
2019-12-18 17:00:00+00:00,69271.5
2019-12-18 18:00:00+00:00,66967.5
2019-12-18 19:00:00+00:00,63632.75
2019-12-18 20:00:00+00:00,60463.0
2019-12-18 21:00:00+00:00,57138.75
2019-12-18 22:00:00+00:00,52800.5
2019-12-18 23:00:00+00:00,49520.0
2019-12-19 00:00:00+00:00,48036.25
2019-12-19 01:00:00+00:00,47607.25
2019-12-19 02:00:00+00:00,48138.75
2019-12-19 03:00:00+00:00,49693.5
2019-12-19 04:00:00+00:00,53080.5
2019-12-19 05:00:00+00:00,60319.75
2019-12-19 06:00:00+00:00,66816.75
2019-12-19 07:00:00+00:00,69147.75
2019-12-19 08:00:00+00:00,69031.25
2019-12-19 09:00:00+00:00,68683.0
2019-12-19 10:00:00+00:00,67860.0
2019-12-19 11:00:00+00:00,66848.0
2019-12-19 12:00:00+00:00,65821.5
2019-12-19 13:00:00+00:00,64899.0
2019-12-19 14:00:00+00:00,64814.5
2019-12-19 15:00:00+00:00,67132.5
2019-12-19 16:00:00+00:00,69477.5
2019-12-19 17:00:00+00:00,68562.75
2019-12-19 18:00:00+00:00,66868.0
2019-12-19 19:00:00+00:00,62730.75
2019-12-19 20:00:00+00:00,59074.75
2019-12-19 21:00:00+00:00,56283.0
2019-12-19 22:00:00+00:00,52115.5
2019-12-19 23:00:00+00:00,48466.5
2019-12-20 00:00:00+00:00,46502.25
2019-12-20 01:00:00+00:00,45344.5
2019-12-20 02:00:00+00:00,45948.0
2019-12-20 03:00:00+00:00,47706.0
2019-12-20 04:00:00+00:00,50858.25
2019-12-20 05:00:00+00:00,57082.5
2019-12-20 06:00:00+00:00,63405.75
2019-12-20 07:00:00+00:00,65865.25
2019-12-20 08:00:00+00:00,65800.5
2019-12-20 09:00:00+00:00,65639.75
2019-12-20 10:00:00+00:00,65161.75
2019-12-20 11:00:00+00:00,64930.25
2019-12-20 12:00:00+00:00,63295.5
2019-12-20 13:00:00+00:00,62371.5
2019-12-20 14:00:00+00:00,62649.25
2019-12-20 15:00:00+00:00,64195.0
2019-12-20 16:00:00+00:00,65353.5
2019-12-20 17:00:00+00:00,64303.5
2019-12-20 18:00:00+00:00,62020.75
2019-12-20 19:00:00+00:00,58355.75
2019-12-20 20:00:00+00:00,55249.0
2019-12-20 21:00:00+00:00,52929.5
2019-12-20 22:00:00+00:00,48835.75
2019-12-20 23:00:00+00:00,45685.5
2019-12-21 00:00:00+00:00,43919.5
2019-12-21 01:00:00+00:00,42862.5
2019-12-21 02:00:00+00:00,42745.5
2019-12-21 03:00:00+00:00,43416.0
2019-12-21 04:00:00+00:00,43928.5
2019-12-21 05:00:00+00:00,44977.25
2019-12-21 06:00:00+00:00,48165.25
2019-12-21 07:00:00+00:00,51550.0
2019-12-21 08:00:00+00:00,54406.75
2019-12-21 09:00:00+00:00,55787.25
2019-12-21 10:00:00+00:00,56445.25
2019-12-21 11:00:00+00:00,56367.75
2019-12-21 12:00:00+00:00,54878.0
2019-12-21 13:00:00+00:00,53603.5
2019-12-21 14:00:00+00:00,54163.0
2019-12-21 15:00:00+00:00,56336.75
2019-12-21 16:00:00+00:00,58670.5
2019-12-21 17:00:00+00:00,58867.5
2019-12-21 18:00:00+00:00,57303.25
2019-12-21 19:00:00+00:00,54004.75
2019-12-21 20:00:00+00:00,51345.75
2019-12-21 21:00:00+00:00,49505.0
2019-12-21 22:00:00+00:00,46301.25
2019-12-21 23:00:00+00:00,44300.75
2019-12-22 00:00:00+00:00,42559.0
2019-12-22 01:00:00+00:00,41846.75
2019-12-22 02:00:00+00:00,41282.75
2019-12-22 03:00:00+00:00,41276.75
2019-12-22 04:00:00+00:00,41170.5
2019-12-22 05:00:00+00:00,40580.5
2019-12-22 06:00:00+00:00,42288.5
2019-12-22 07:00:00+00:00,45836.5
2019-12-22 08:00:00+00:00,49099.25
2019-12-22 09:00:00+00:00,51415.75
2019-12-22 10:00:00+00:00,53833.0
2019-12-22 11:00:00+00:00,53667.75
2019-12-22 12:00:00+00:00,52063.75
2019-12-22 13:00:00+00:00,50931.75
2019-12-22 14:00:00+00:00,51096.75
2019-12-22 15:00:00+00:00,53116.0
2019-12-22 16:00:00+00:00,55277.0
2019-12-22 17:00:00+00:00,55729.5
2019-12-22 18:00:00+00:00,54442.25
2019-12-22 19:00:00+00:00,52054.0
2019-12-22 20:00:00+00:00,50343.75
2019-12-22 21:00:00+00:00,49311.25
2019-12-22 22:00:00+00:00,46083.25
2019-12-22 23:00:00+00:00,43477.0
2019-12-23 00:00:00+00:00,41256.25
2019-12-23 01:00:00+00:00,40322.25
2019-12-23 02:00:00+00:00,40588.25
2019-12-23 03:00:00+00:00,41980.5
2019-12-23 04:00:00+00:00,44214.75
2019-12-23 05:00:00+00:00,47206.25
2019-12-23 06:00:00+00:00,51335.5
2019-12-23 07:00:00+00:00,54971.25
2019-12-23 08:00:00+00:00,56685.5
2019-12-23 09:00:00+00:00,57479.75
2019-12-23 10:00:00+00:00,58624.5
2019-12-23 11:00:00+00:00,58803.75
2019-12-23 12:00:00+00:00,57838.25
2019-12-23 13:00:00+00:00,56848.25
2019-12-23 14:00:00+00:00,56624.25
2019-12-23 15:00:00+00:00,58488.0
2019-12-23 16:00:00+00:00,60619.5
2019-12-23 17:00:00+00:00,60142.25
2019-12-23 18:00:00+00:00,58281.25
2019-12-23 19:00:00+00:00,55318.0
2019-12-23 20:00:00+00:00,52455.0
2019-12-23 21:00:00+00:00,50245.5
2019-12-23 22:00:00+00:00,46308.75
2019-12-23 23:00:00+00:00,43134.5
2019-12-24 00:00:00+00:00,40778.5
2019-12-24 01:00:00+00:00,40186.0
2019-12-24 02:00:00+00:00,39764.5
2019-12-24 03:00:00+00:00,40484.0
2019-12-24 04:00:00+00:00,41478.75
2019-12-24 05:00:00+00:00,42315.25
2019-12-24 06:00:00+00:00,45076.5
2019-12-24 07:00:00+00:00,48514.5
2019-12-24 08:00:00+00:00,51697.0
2019-12-24 09:00:00+00:00,53789.5
2019-12-24 10:00:00+00:00,54666.5
2019-12-24 11:00:00+00:00,54313.25
2019-12-24 12:00:00+00:00,53138.25
2019-12-24 13:00:00+00:00,51125.25
2019-12-24 14:00:00+00:00,50406.75
2019-12-24 15:00:00+00:00,51571.75
2019-12-24 16:00:00+00:00,53389.75
2019-12-24 17:00:00+00:00,51728.0
2019-12-24 18:00:00+00:00,49053.25
2019-12-24 19:00:00+00:00,46414.25
2019-12-24 20:00:00+00:00,45569.75
2019-12-24 21:00:00+00:00,44955.0
2019-12-24 22:00:00+00:00,42756.75
2019-12-24 23:00:00+00:00,40663.5
2019-12-25 00:00:00+00:00,38489.75
2019-12-25 01:00:00+00:00,36989.0
2019-12-25 02:00:00+00:00,36799.5
2019-12-25 03:00:00+00:00,37027.75
2019-12-25 04:00:00+00:00,37394.0
2019-12-25 05:00:00+00:00,37182.0
2019-12-25 06:00:00+00:00,38735.25
2019-12-25 07:00:00+00:00,42073.5
2019-12-25 08:00:00+00:00,46373.0
2019-12-25 09:00:00+00:00,49300.0
2019-12-25 10:00:00+00:00,51729.0
2019-12-25 11:00:00+00:00,50975.0
2019-12-25 12:00:00+00:00,47978.0
2019-12-25 13:00:00+00:00,46554.75
2019-12-25 14:00:00+00:00,46424.5
2019-12-25 15:00:00+00:00,47364.0
2019-12-25 16:00:00+00:00,49624.25
2019-12-25 17:00:00+00:00,50203.5
2019-12-25 18:00:00+00:00,49455.25
2019-12-25 19:00:00+00:00,47577.0
2019-12-25 20:00:00+00:00,46332.75
2019-12-25 21:00:00+00:00,45723.75
2019-12-25 22:00:00+00:00,43181.0
2019-12-25 23:00:00+00:00,40296.0
2019-12-26 00:00:00+00:00,38617.5
2019-12-26 01:00:00+00:00,37717.0
2019-12-26 02:00:00+00:00,37584.5
2019-12-26 03:00:00+00:00,37875.0
2019-12-26 04:00:00+00:00,37792.25
2019-12-26 05:00:00+00:00,37602.0
2019-12-26 06:00:00+00:00,39226.75
2019-12-26 07:00:00+00:00,41955.5
2019-12-26 08:00:00+00:00,45169.25
2019-12-26 09:00:00+00:00,47480.25
2019-12-26 10:00:00+00:00,49534.25
2019-12-26 11:00:00+00:00,49395.0
2019-12-26 12:00:00+00:00,47691.5
2019-12-26 13:00:00+00:00,46426.5
2019-12-26 14:00:00+00:00,46191.0
2019-12-26 15:00:00+00:00,47810.0
2019-12-26 16:00:00+00:00,49843.5
2019-12-26 17:00:00+00:00,50214.75
2019-12-26 18:00:00+00:00,49303.5
2019-12-26 19:00:00+00:00,47382.5
2019-12-26 20:00:00+00:00,46384.25
2019-12-26 21:00:00+00:00,45758.75
2019-12-26 22:00:00+00:00,42954.75
2019-12-26 23:00:00+00:00,40366.0
2019-12-27 00:00:00+00:00,38749.5
2019-12-27 01:00:00+00:00,37963.25
2019-12-27 02:00:00+00:00,37974.5
2019-12-27 03:00:00+00:00,39009.75
2019-12-27 04:00:00+00:00,40199.5
2019-12-27 05:00:00+00:00,42899.0
2019-12-27 06:00:00+00:00,46687.25
2019-12-27 07:00:00+00:00,49957.75
2019-12-27 08:00:00+00:00,52403.5
2019-12-27 09:00:00+00:00,53648.25
2019-12-27 10:00:00+00:00,54355.75
2019-12-27 11:00:00+00:00,54704.25
2019-12-27 12:00:00+00:00,54025.75
2019-12-27 13:00:00+00:00,53150.25
2019-12-27 14:00:00+00:00,53139.5
2019-12-27 15:00:00+00:00,55116.0
2019-12-27 16:00:00+00:00,57729.75
2019-12-27 17:00:00+00:00,57600.5
2019-12-27 18:00:00+00:00,55903.0
2019-12-27 19:00:00+00:00,52323.25
2019-12-27 20:00:00+00:00,50127.25
2019-12-27 21:00:00+00:00,48738.5
2019-12-27 22:00:00+00:00,45624.25
2019-12-27 23:00:00+00:00,42619.25
2019-12-28 00:00:00+00:00,40918.75
2019-12-28 01:00:00+00:00,40398.25
2019-12-28 02:00:00+00:00,40446.75
2019-12-28 03:00:00+00:00,40922.25
2019-12-28 04:00:00+00:00,41325.5
2019-12-28 05:00:00+00:00,41685.0
2019-12-28 06:00:00+00:00,44077.5
2019-12-28 07:00:00+00:00,46852.25
2019-12-28 08:00:00+00:00,49529.25
2019-12-28 09:00:00+00:00,51155.25
2019-12-28 10:00:00+00:00,52193.0
2019-12-28 11:00:00+00:00,52375.75
2019-12-28 12:00:00+00:00,51319.5
2019-12-28 13:00:00+00:00,50468.75
2019-12-28 14:00:00+00:00,50824.0
2019-12-28 15:00:00+00:00,53053.0
2019-12-28 16:00:00+00:00,56283.25
2019-12-28 17:00:00+00:00,56410.0
2019-12-28 18:00:00+00:00,54794.25
2019-12-28 19:00:00+00:00,51865.0
2019-12-28 20:00:00+00:00,49981.0
2019-12-28 21:00:00+00:00,49167.25
2019-12-28 22:00:00+00:00,46201.75
2019-12-28 23:00:00+00:00,43394.25
2019-12-29 00:00:00+00:00,41698.0
2019-12-29 01:00:00+00:00,40923.25
2019-12-29 02:00:00+00:00,40501.0
2019-12-29 03:00:00+00:00,40476.75
2019-12-29 04:00:00+00:00,40509.75
2019-12-29 05:00:00+00:00,39881.75
2019-12-29 06:00:00+00:00,41163.0
2019-12-29 07:00:00+00:00,43440.5
2019-12-29 08:00:00+00:00,46317.75
2019-12-29 09:00:00+00:00,48323.5
2019-12-29 10:00:00+00:00,50438.5
2019-12-29 11:00:00+00:00,50852.5
2019-12-29 12:00:00+00:00,49222.5
2019-12-29 13:00:00+00:00,48062.0
2019-12-29 14:00:00+00:00,48077.5
2019-12-29 15:00:00+00:00,50607.25
2019-12-29 16:00:00+00:00,53963.5
2019-12-29 17:00:00+00:00,54694.25
2019-12-29 18:00:00+00:00,53546.5
2019-12-29 19:00:00+00:00,51485.75
2019-12-29 20:00:00+00:00,50121.25
2019-12-29 21:00:00+00:00,49717.5
2019-12-29 22:00:00+00:00,46803.25
2019-12-29 23:00:00+00:00,44727.5
2019-12-30 00:00:00+00:00,42930.5
2019-12-30 01:00:00+00:00,42332.5
2019-12-30 02:00:00+00:00,42342.0
2019-12-30 03:00:00+00:00,43367.5
2019-12-30 04:00:00+00:00,44737.5
2019-12-30 05:00:00+00:00,47116.5
2019-12-30 06:00:00+00:00,50814.25
2019-12-30 07:00:00+00:00,53785.0
2019-12-30 08:00:00+00:00,55540.25
2019-12-30 09:00:00+00:00,55793.25
2019-12-30 10:00:00+00:00,56258.75
2019-12-30 11:00:00+00:00,56298.5
2019-12-30 12:00:00+00:00,54971.5
2019-12-30 13:00:00+00:00,54327.25
2019-12-30 14:00:00+00:00,54625.75
2019-12-30 15:00:00+00:00,56860.0
2019-12-30 16:00:00+00:00,60522.5
2019-12-30 17:00:00+00:00,60918.25
2019-12-30 18:00:00+00:00,59171.25
2019-12-30 19:00:00+00:00,56007.25
2019-12-30 20:00:00+00:00,53727.5
2019-12-30 21:00:00+00:00,52206.0
2019-12-30 22:00:00+00:00,48715.25
2019-12-30 23:00:00+00:00,45458.25
2019-12-31 00:00:00+00:00,43566.75
2019-12-31 01:00:00+00:00,42540.5
2019-12-31 02:00:00+00:00,42404.5
2019-12-31 03:00:00+00:00,42948.5
2019-12-31 04:00:00+00:00,43286.5
2019-12-31 05:00:00+00:00,43684.0
2019-12-31 06:00:00+00:00,45892.25
2019-12-31 07:00:00+00:00,48526.25
2019-12-31 08:00:00+00:00,51207.5
2019-12-31 09:00:00+00:00,52809.75
2019-12-31 10:00:00+00:00,53873.5
2019-12-31 11:00:00+00:00,53841.75
2019-12-31 12:00:00+00:00,52711.75
2019-12-31 13:00:00+00:00,51456.5
2019-12-31 14:00:00+00:00,50987.0
2019-12-31 15:00:00+00:00,52843.25
2019-12-31 16:00:00+00:00,55325.0
2019-12-31 17:00:00+00:00,54635.0
2019-12-31 18:00:00+00:00,52027.75
2019-12-31 19:00:00+00:00,48993.5
2019-12-31 20:00:00+00:00,47230.0
2019-12-31 21:00:00+00:00,46790.25
2019-12-31 22:00:00+00:00,44895.75
2019-12-31 23:00:00+00:00,43500.5
2020-01-01 00:00:00+00:00,42598.75
2020-01-01 01:00:00+00:00,41463.75
2020-01-01 02:00:00+00:00,40279.5
2020-01-01 03:00:00+00:00,40264.75
2020-01-01 04:00:00+00:00,40017.75
2020-01-01 05:00:00+00:00,38959.25
2020-01-01 06:00:00+00:00,39464.25
2020-01-01 07:00:00+00:00,40177.75
2020-01-01 08:00:00+00:00,42374.0
2020-01-01 09:00:00+00:00,44553.0
2020-01-01 10:00:00+00:00,46662.25
2020-01-01 11:00:00+00:00,47989.0
2020-01-01 12:00:00+00:00,47723.25
2020-01-01 13:00:00+00:00,46133.25
2020-01-01 14:00:00+00:00,46275.25
2020-01-01 15:00:00+00:00,49069.75
2020-01-01 16:00:00+00:00,53047.75
2020-01-01 17:00:00+00:00,53873.0
2020-01-01 18:00:00+00:00,52635.75
2020-01-01 19:00:00+00:00,50517.0
2020-01-01 20:00:00+00:00,49120.5
2020-01-01 21:00:00+00:00,48205.0
2020-01-01 22:00:00+00:00,45410.75
2020-01-01 23:00:00+00:00,43971.75
2020-01-02 00:00:00+00:00,42537.0
2020-01-02 01:00:00+00:00,41919.25
2020-01-02 02:00:00+00:00,41968.5
2020-01-02 03:00:00+00:00,43068.0
2020-01-02 04:00:00+00:00,45395.5
2020-01-02 05:00:00+00:00,49812.5
2020-01-02 06:00:00+00:00,54798.25
2020-01-02 07:00:00+00:00,58182.25
2020-01-02 08:00:00+00:00,60124.25
2020-01-02 09:00:00+00:00,61127.5
2020-01-02 10:00:00+00:00,61947.5
2020-01-02 11:00:00+00:00,62184.25
2020-01-02 12:00:00+00:00,61336.0
2020-01-02 13:00:00+00:00,60372.75
2020-01-02 14:00:00+00:00,60448.25
2020-01-02 15:00:00+00:00,62291.0
2020-01-02 16:00:00+00:00,65235.0
2020-01-02 17:00:00+00:00,65359.25
2020-01-02 18:00:00+00:00,64001.0
2020-01-02 19:00:00+00:00,60276.25
2020-01-02 20:00:00+00:00,57459.75
2020-01-02 21:00:00+00:00,55617.0
2020-01-02 22:00:00+00:00,52142.0
2020-01-02 23:00:00+00:00,49155.0
2020-01-03 00:00:00+00:00,47681.5
2020-01-03 01:00:00+00:00,46908.75
2020-01-03 02:00:00+00:00,46809.25
2020-01-03 03:00:00+00:00,47711.75
2020-01-03 04:00:00+00:00,49822.0
2020-01-03 05:00:00+00:00,53695.0
2020-01-03 06:00:00+00:00,57811.75
2020-01-03 07:00:00+00:00,60857.75
2020-01-03 08:00:00+00:00,62723.0
2020-01-03 09:00:00+00:00,63798.5
2020-01-03 10:00:00+00:00,65113.25
2020-01-03 11:00:00+00:00,65167.25
2020-01-03 12:00:00+00:00,63839.25
2020-01-03 13:00:00+00:00,62814.0
2020-01-03 14:00:00+00:00,62309.0
2020-01-03 15:00:00+00:00,63170.0
2020-01-03 16:00:00+00:00,65163.25
2020-01-03 17:00:00+00:00,64905.0
2020-01-03 18:00:00+00:00,63035.25
2020-01-03 19:00:00+00:00,59327.0
2020-01-03 20:00:00+00:00,56056.75
2020-01-03 21:00:00+00:00,54497.75
2020-01-03 22:00:00+00:00,51471.25
2020-01-03 23:00:00+00:00,48789.5
2020-01-04 00:00:00+00:00,46574.75
2020-01-04 01:00:00+00:00,45663.5
2020-01-04 02:00:00+00:00,45277.25
2020-01-04 03:00:00+00:00,46088.25
2020-01-04 04:00:00+00:00,46622.5
2020-01-04 05:00:00+00:00,47058.75
2020-01-04 06:00:00+00:00,49918.25
2020-01-04 07:00:00+00:00,53055.75
2020-01-04 08:00:00+00:00,56442.5
2020-01-04 09:00:00+00:00,59194.25
2020-01-04 10:00:00+00:00,60810.25
2020-01-04 11:00:00+00:00,61593.0
2020-01-04 12:00:00+00:00,60323.5
2020-01-04 13:00:00+00:00,59182.0
2020-01-04 14:00:00+00:00,58821.75
2020-01-04 15:00:00+00:00,60053.5
2020-01-04 16:00:00+00:00,62655.25
2020-01-04 17:00:00+00:00,62563.0
2020-01-04 18:00:00+00:00,60297.75
2020-01-04 19:00:00+00:00,56566.25
2020-01-04 20:00:00+00:00,53958.25
2020-01-04 21:00:00+00:00,52399.75
2020-01-04 22:00:00+00:00,49480.25
2020-01-04 23:00:00+00:00,46485.5
2020-01-05 00:00:00+00:00,44290.75
2020-01-05 01:00:00+00:00,43683.5
2020-01-05 02:00:00+00:00,42707.0
2020-01-05 03:00:00+00:00,42686.25
2020-01-05 04:00:00+00:00,42193.0
2020-01-05 05:00:00+00:00,41307.0
2020-01-05 06:00:00+00:00,42713.5
2020-01-05 07:00:00+00:00,44934.25
2020-01-05 08:00:00+00:00,48233.0
2020-01-05 09:00:00+00:00,51039.5
2020-01-05 10:00:00+00:00,53496.5
2020-01-05 11:00:00+00:00,54076.75
2020-01-05 12:00:00+00:00,52730.25
2020-01-05 13:00:00+00:00,51589.0
2020-01-05 14:00:00+00:00,51713.75
2020-01-05 15:00:00+00:00,53442.25
2020-01-05 16:00:00+00:00,57112.0
2020-01-05 17:00:00+00:00,57984.0
2020-01-05 18:00:00+00:00,56585.5
2020-01-05 19:00:00+00:00,54177.75
2020-01-05 20:00:00+00:00,52629.5
2020-01-05 21:00:00+00:00,52001.25
2020-01-05 22:00:00+00:00,48976.5
2020-01-05 23:00:00+00:00,46661.5
2020-01-06 00:00:00+00:00,45256.0
2020-01-06 01:00:00+00:00,44272.25
2020-01-06 02:00:00+00:00,44621.0
2020-01-06 03:00:00+00:00,45883.25
2020-01-06 04:00:00+00:00,48592.75
2020-01-06 05:00:00+00:00,53420.0
2020-01-06 06:00:00+00:00,58024.75
2020-01-06 07:00:00+00:00,61004.25
2020-01-06 08:00:00+00:00,62361.75
2020-01-06 09:00:00+00:00,63451.5
2020-01-06 10:00:00+00:00,64516.25
2020-01-06 11:00:00+00:00,64469.0
2020-01-06 12:00:00+00:00,63466.0
2020-01-06 13:00:00+00:00,62407.0
2020-01-06 14:00:00+00:00,62143.0
2020-01-06 15:00:00+00:00,63548.75
2020-01-06 16:00:00+00:00,67068.0
2020-01-06 17:00:00+00:00,67473.5
2020-01-06 18:00:00+00:00,65965.0
2020-01-06 19:00:00+00:00,62301.75
2020-01-06 20:00:00+00:00,59738.5
2020-01-06 21:00:00+00:00,57347.75
2020-01-06 22:00:00+00:00,53740.75
2020-01-06 23:00:00+00:00,51349.25
2020-01-07 00:00:00+00:00,50157.0
2020-01-07 01:00:00+00:00,49380.0
2020-01-07 02:00:00+00:00,49654.0
2020-01-07 03:00:00+00:00,50977.25
2020-01-07 04:00:00+00:00,54316.75
2020-01-07 05:00:00+00:00,61669.0
2020-01-07 06:00:00+00:00,67948.0
2020-01-07 07:00:00+00:00,70352.75
2020-01-07 08:00:00+00:00,70582.75
2020-01-07 09:00:00+00:00,70755.5
2020-01-07 10:00:00+00:00,71269.0
2020-01-07 11:00:00+00:00,70871.25
2020-01-07 12:00:00+00:00,70839.0
2020-01-07 13:00:00+00:00,70410.5
2020-01-07 14:00:00+00:00,69535.75
2020-01-07 15:00:00+00:00,70192.75
2020-01-07 16:00:00+00:00,72724.0
2020-01-07 17:00:00+00:00,72438.75
2020-01-07 18:00:00+00:00,70977.5
2020-01-07 19:00:00+00:00,67162.5
2020-01-07 20:00:00+00:00,63840.0
2020-01-07 21:00:00+00:00,60756.5
2020-01-07 22:00:00+00:00,56981.5
2020-01-07 23:00:00+00:00,54547.25
2020-01-08 00:00:00+00:00,53156.5
2020-01-08 01:00:00+00:00,51997.25
2020-01-08 02:00:00+00:00,52059.75
2020-01-08 03:00:00+00:00,53364.25
2020-01-08 04:00:00+00:00,56504.5
2020-01-08 05:00:00+00:00,64152.25
2020-01-08 06:00:00+00:00,70538.75
2020-01-08 07:00:00+00:00,73452.0
2020-01-08 08:00:00+00:00,73429.75
2020-01-08 09:00:00+00:00,74463.0
2020-01-08 10:00:00+00:00,74708.0
2020-01-08 11:00:00+00:00,74302.75
2020-01-08 12:00:00+00:00,73627.25
2020-01-08 13:00:00+00:00,72406.0
2020-01-08 14:00:00+00:00,71548.75
2020-01-08 15:00:00+00:00,71377.75
2020-01-08 16:00:00+00:00,72862.0
2020-01-08 17:00:00+00:00,72094.25
2020-01-08 18:00:00+00:00,69933.25
2020-01-08 19:00:00+00:00,65906.25
2020-01-08 20:00:00+00:00,62059.5
2020-01-08 21:00:00+00:00,58703.0
2020-01-08 22:00:00+00:00,54205.5
2020-01-08 23:00:00+00:00,50216.0
2020-01-09 00:00:00+00:00,48287.0
2020-01-09 01:00:00+00:00,47858.5
2020-01-09 02:00:00+00:00,48083.0
2020-01-09 03:00:00+00:00,49734.0
2020-01-09 04:00:00+00:00,53418.0
2020-01-09 05:00:00+00:00,61802.5
2020-01-09 06:00:00+00:00,68199.0
2020-01-09 07:00:00+00:00,70819.25
2020-01-09 08:00:00+00:00,71494.75
2020-01-09 09:00:00+00:00,72617.5
2020-01-09 10:00:00+00:00,73764.25
2020-01-09 11:00:00+00:00,73326.75
2020-01-09 12:00:00+00:00,72967.5
2020-01-09 13:00:00+00:00,71586.75
2020-01-09 14:00:00+00:00,71208.25
2020-01-09 15:00:00+00:00,71581.5
2020-01-09 16:00:00+00:00,73868.75
2020-01-09 17:00:00+00:00,73439.75
2020-01-09 18:00:00+00:00,71518.0
2020-01-09 19:00:00+00:00,67669.75
2020-01-09 20:00:00+00:00,63628.25
2020-01-09 21:00:00+00:00,59774.0
2020-01-09 22:00:00+00:00,55429.25
2020-01-09 23:00:00+00:00,51908.0
2020-01-10 00:00:00+00:00,50144.5
2020-01-10 01:00:00+00:00,49558.75
2020-01-10 02:00:00+00:00,49974.75
2020-01-10 03:00:00+00:00,51504.25
2020-01-10 04:00:00+00:00,54909.75
2020-01-10 05:00:00+00:00,62269.0
2020-01-10 06:00:00+00:00,68430.75
2020-01-10 07:00:00+00:00,71158.0
2020-01-10 08:00:00+00:00,71223.0
2020-01-10 09:00:00+00:00,71666.25
2020-01-10 10:00:00+00:00,72149.0
2020-01-10 11:00:00+00:00,71878.25
2020-01-10 12:00:00+00:00,70430.75
2020-01-10 13:00:00+00:00,68960.25
2020-01-10 14:00:00+00:00,68485.5
2020-01-10 15:00:00+00:00,69568.0
2020-01-10 16:00:00+00:00,71956.5
2020-01-10 17:00:00+00:00,70941.25
2020-01-10 18:00:00+00:00,68558.25
2020-01-10 19:00:00+00:00,64438.5
2020-01-10 20:00:00+00:00,60702.5
2020-01-10 21:00:00+00:00,57729.75
2020-01-10 22:00:00+00:00,54074.75
2020-01-10 23:00:00+00:00,50366.0
2020-01-11 00:00:00+00:00,48229.0
2020-01-11 01:00:00+00:00,47576.25
2020-01-11 02:00:00+00:00,47690.0
2020-01-11 03:00:00+00:00,48059.5
2020-01-11 04:00:00+00:00,47468.0
2020-01-11 05:00:00+00:00,48144.25
2020-01-11 06:00:00+00:00,51067.75
2020-01-11 07:00:00+00:00,54411.25
2020-01-11 08:00:00+00:00,57510.5
2020-01-11 09:00:00+00:00,59470.75
2020-01-11 10:00:00+00:00,60777.75
2020-01-11 11:00:00+00:00,60677.0
2020-01-11 12:00:00+00:00,59709.5
2020-01-11 13:00:00+00:00,58033.75
2020-01-11 14:00:00+00:00,57903.25
2020-01-11 15:00:00+00:00,59464.5
2020-01-11 16:00:00+00:00,63321.75
2020-01-11 17:00:00+00:00,63819.5
2020-01-11 18:00:00+00:00,62058.0
2020-01-11 19:00:00+00:00,58855.25
2020-01-11 20:00:00+00:00,56306.5
2020-01-11 21:00:00+00:00,54965.75
2020-01-11 22:00:00+00:00,52145.0
2020-01-11 23:00:00+00:00,49758.25
2020-01-12 00:00:00+00:00,47868.25
2020-01-12 01:00:00+00:00,46822.25
2020-01-12 02:00:00+00:00,46177.5
2020-01-12 03:00:00+00:00,46318.75
2020-01-12 04:00:00+00:00,46212.75
2020-01-12 05:00:00+00:00,45964.0
2020-01-12 06:00:00+00:00,47605.25
2020-01-12 07:00:00+00:00,50793.75
2020-01-12 08:00:00+00:00,53795.0
2020-01-12 09:00:00+00:00,56483.5
2020-01-12 10:00:00+00:00,58611.0
2020-01-12 11:00:00+00:00,58593.25
2020-01-12 12:00:00+00:00,57061.25
2020-01-12 13:00:00+00:00,55879.0
2020-01-12 14:00:00+00:00,56076.0
2020-01-12 15:00:00+00:00,57535.75
2020-01-12 16:00:00+00:00,61424.5
2020-01-12 17:00:00+00:00,62350.0
2020-01-12 18:00:00+00:00,60609.75
2020-01-12 19:00:00+00:00,57934.75
2020-01-12 20:00:00+00:00,56415.0
2020-01-12 21:00:00+00:00,55870.0
2020-01-12 22:00:00+00:00,52346.25
2020-01-12 23:00:00+00:00,49728.25
2020-01-13 00:00:00+00:00,47371.5
2020-01-13 01:00:00+00:00,46591.25
2020-01-13 02:00:00+00:00,46434.0
2020-01-13 03:00:00+00:00,48063.5
2020-01-13 04:00:00+00:00,52853.25
2020-01-13 05:00:00+00:00,61797.5
2020-01-13 06:00:00+00:00,69092.5
2020-01-13 07:00:00+00:00,71994.75
2020-01-13 08:00:00+00:00,72169.5
2020-01-13 09:00:00+00:00,72512.5
2020-01-13 10:00:00+00:00,73362.0
2020-01-13 11:00:00+00:00,72864.75
2020-01-13 12:00:00+00:00,72173.75
2020-01-13 13:00:00+00:00,70927.25
2020-01-13 14:00:00+00:00,69754.75
2020-01-13 15:00:00+00:00,70382.0
2020-01-13 16:00:00+00:00,73642.0
2020-01-13 17:00:00+00:00,73908.75
2020-01-13 18:00:00+00:00,72145.75
2020-01-13 19:00:00+00:00,68041.75
2020-01-13 20:00:00+00:00,64628.25
2020-01-13 21:00:00+00:00,61346.0
2020-01-13 22:00:00+00:00,57410.0
2020-01-13 23:00:00+00:00,55171.0
2020-01-14 00:00:00+00:00,53685.75
2020-01-14 01:00:00+00:00,52890.5
2020-01-14 02:00:00+00:00,53649.25
2020-01-14 03:00:00+00:00,55265.75
2020-01-14 04:00:00+00:00,58908.25
2020-01-14 05:00:00+00:00,66790.25
2020-01-14 06:00:00+00:00,73220.25
2020-01-14 07:00:00+00:00,74996.5
2020-01-14 08:00:00+00:00,74648.0
2020-01-14 09:00:00+00:00,74875.5
2020-01-14 10:00:00+00:00,75136.75
2020-01-14 11:00:00+00:00,74454.5
2020-01-14 12:00:00+00:00,74127.75
2020-01-14 13:00:00+00:00,72631.5
2020-01-14 14:00:00+00:00,72200.25
2020-01-14 15:00:00+00:00,72435.75
2020-01-14 16:00:00+00:00,75288.0
2020-01-14 17:00:00+00:00,75417.5
2020-01-14 18:00:00+00:00,73563.25
2020-01-14 19:00:00+00:00,69676.25
2020-01-14 20:00:00+00:00,65966.25
2020-01-14 21:00:00+00:00,62313.75
2020-01-14 22:00:00+00:00,58373.0
2020-01-14 23:00:00+00:00,55373.25
2020-01-15 00:00:00+00:00,52813.25
2020-01-15 01:00:00+00:00,52233.25
2020-01-15 02:00:00+00:00,52418.25
2020-01-15 03:00:00+00:00,54278.5
2020-01-15 04:00:00+00:00,57696.75
2020-01-15 05:00:00+00:00,65361.0
2020-01-15 06:00:00+00:00,71927.25
2020-01-15 07:00:00+00:00,73864.5
2020-01-15 08:00:00+00:00,73044.75
2020-01-15 09:00:00+00:00,73641.75
2020-01-15 10:00:00+00:00,73803.75
2020-01-15 11:00:00+00:00,72253.75
2020-01-15 12:00:00+00:00,71463.5
2020-01-15 13:00:00+00:00,70151.75
2020-01-15 14:00:00+00:00,70538.75
2020-01-15 15:00:00+00:00,71166.5
2020-01-15 16:00:00+00:00,74686.0
2020-01-15 17:00:00+00:00,74265.5
2020-01-15 18:00:00+00:00,72641.25
2020-01-15 19:00:00+00:00,68181.0
2020-01-15 20:00:00+00:00,65052.5
2020-01-15 21:00:00+00:00,61614.5
2020-01-15 22:00:00+00:00,57169.0
2020-01-15 23:00:00+00:00,53609.0
2020-01-16 00:00:00+00:00,51124.0
2020-01-16 01:00:00+00:00,50438.75
2020-01-16 02:00:00+00:00,50285.25
2020-01-16 03:00:00+00:00,52236.25
2020-01-16 04:00:00+00:00,55769.25
2020-01-16 05:00:00+00:00,63128.75
2020-01-16 06:00:00+00:00,70335.75
2020-01-16 07:00:00+00:00,72177.25
2020-01-16 08:00:00+00:00,71266.5
2020-01-16 09:00:00+00:00,71239.0
2020-01-16 10:00:00+00:00,71457.0
2020-01-16 11:00:00+00:00,70426.75
2020-01-16 12:00:00+00:00,69588.75
2020-01-16 13:00:00+00:00,68132.5
2020-01-16 14:00:00+00:00,67619.75
2020-01-16 15:00:00+00:00,68447.75
2020-01-16 16:00:00+00:00,72851.75
2020-01-16 17:00:00+00:00,73670.25
2020-01-16 18:00:00+00:00,71911.5
2020-01-16 19:00:00+00:00,67833.75
2020-01-16 20:00:00+00:00,64014.0
2020-01-16 21:00:00+00:00,60652.25
2020-01-16 22:00:00+00:00,56966.5
2020-01-16 23:00:00+00:00,54446.75
2020-01-17 00:00:00+00:00,52766.25
2020-01-17 01:00:00+00:00,51531.0
2020-01-17 02:00:00+00:00,51712.5
2020-01-17 03:00:00+00:00,53280.5
2020-01-17 04:00:00+00:00,56599.5
2020-01-17 05:00:00+00:00,64021.25
2020-01-17 06:00:00+00:00,70699.0
2020-01-17 07:00:00+00:00,72963.25
2020-01-17 08:00:00+00:00,72613.5
2020-01-17 09:00:00+00:00,72388.5
2020-01-17 10:00:00+00:00,71997.0
2020-01-17 11:00:00+00:00,70893.5
2020-01-17 12:00:00+00:00,69650.75
2020-01-17 13:00:00+00:00,68563.0
2020-01-17 14:00:00+00:00,67977.5
2020-01-17 15:00:00+00:00,68808.0
2020-01-17 16:00:00+00:00,71154.5
2020-01-17 17:00:00+00:00,70832.75
2020-01-17 18:00:00+00:00,69014.25
2020-01-17 19:00:00+00:00,65099.5
2020-01-17 20:00:00+00:00,62760.25
2020-01-17 21:00:00+00:00,59549.25
2020-01-17 22:00:00+00:00,56100.75
2020-01-17 23:00:00+00:00,53007.0
2020-01-18 00:00:00+00:00,50956.75
2020-01-18 01:00:00+00:00,49736.5
2020-01-18 02:00:00+00:00,49646.0
2020-01-18 03:00:00+00:00,49056.0
2020-01-18 04:00:00+00:00,49267.0
2020-01-18 05:00:00+00:00,49870.75
2020-01-18 06:00:00+00:00,53317.0
2020-01-18 07:00:00+00:00,57013.5
2020-01-18 08:00:00+00:00,59757.75
2020-01-18 09:00:00+00:00,61206.5
2020-01-18 10:00:00+00:00,62517.25
2020-01-18 11:00:00+00:00,62066.75
2020-01-18 12:00:00+00:00,60614.0
2020-01-18 13:00:00+00:00,58996.0
2020-01-18 14:00:00+00:00,57962.5
2020-01-18 15:00:00+00:00,58455.5
2020-01-18 16:00:00+00:00,61849.25
2020-01-18 17:00:00+00:00,62240.25
2020-01-18 18:00:00+00:00,60315.5
2020-01-18 19:00:00+00:00,56878.25
2020-01-18 20:00:00+00:00,54394.75
2020-01-18 21:00:00+00:00,53480.25
2020-01-18 22:00:00+00:00,50588.0
2020-01-18 23:00:00+00:00,47770.75
2020-01-19 00:00:00+00:00,45999.5
2020-01-19 01:00:00+00:00,44901.0
2020-01-19 02:00:00+00:00,44303.75
2020-01-19 03:00:00+00:00,44550.0
2020-01-19 04:00:00+00:00,44085.25
2020-01-19 05:00:00+00:00,43862.5
2020-01-19 06:00:00+00:00,45676.75
2020-01-19 07:00:00+00:00,48613.0
2020-01-19 08:00:00+00:00,51861.75
2020-01-19 09:00:00+00:00,54241.5
2020-01-19 10:00:00+00:00,56448.25
2020-01-19 11:00:00+00:00,56618.25
2020-01-19 12:00:00+00:00,55005.25
2020-01-19 13:00:00+00:00,53147.5
2020-01-19 14:00:00+00:00,52509.5
2020-01-19 15:00:00+00:00,53402.5
2020-01-19 16:00:00+00:00,57503.75
2020-01-19 17:00:00+00:00,58927.5
2020-01-19 18:00:00+00:00,57748.0
2020-01-19 19:00:00+00:00,55148.75
2020-01-19 20:00:00+00:00,53541.25
2020-01-19 21:00:00+00:00,53171.0
2020-01-19 22:00:00+00:00,50199.5
2020-01-19 23:00:00+00:00,47758.25
2020-01-20 00:00:00+00:00,46537.25
2020-01-20 01:00:00+00:00,45828.0
2020-01-20 02:00:00+00:00,46461.0
2020-01-20 03:00:00+00:00,48420.75
2020-01-20 04:00:00+00:00,52477.5
2020-01-20 05:00:00+00:00,61333.25
2020-01-20 06:00:00+00:00,68298.5
2020-01-20 07:00:00+00:00,70975.5
2020-01-20 08:00:00+00:00,71060.75
2020-01-20 09:00:00+00:00,71699.0
2020-01-20 10:00:00+00:00,72175.0
2020-01-20 11:00:00+00:00,71797.25
2020-01-20 12:00:00+00:00,71546.25
2020-01-20 13:00:00+00:00,70271.25
2020-01-20 14:00:00+00:00,69851.25
2020-01-20 15:00:00+00:00,70024.75
2020-01-20 16:00:00+00:00,73220.0
2020-01-20 17:00:00+00:00,73765.5
2020-01-20 18:00:00+00:00,72015.75
2020-01-20 19:00:00+00:00,68151.25
2020-01-20 20:00:00+00:00,64857.5
2020-01-20 21:00:00+00:00,62007.75
2020-01-20 22:00:00+00:00,58473.25
2020-01-20 23:00:00+00:00,55554.25
2020-01-21 00:00:00+00:00,53925.5
2020-01-21 01:00:00+00:00,53327.75
2020-01-21 02:00:00+00:00,53420.0
2020-01-21 03:00:00+00:00,55060.5
2020-01-21 04:00:00+00:00,58322.5
2020-01-21 05:00:00+00:00,65617.75
2020-01-21 06:00:00+00:00,72111.5
2020-01-21 07:00:00+00:00,74123.75
2020-01-21 08:00:00+00:00,73534.25
2020-01-21 09:00:00+00:00,73313.5
2020-01-21 10:00:00+00:00,73398.25
2020-01-21 11:00:00+00:00,72410.5
2020-01-21 12:00:00+00:00,71591.0
2020-01-21 13:00:00+00:00,70530.5
2020-01-21 14:00:00+00:00,70131.75
2020-01-21 15:00:00+00:00,70310.5
2020-01-21 16:00:00+00:00,74149.5
2020-01-21 17:00:00+00:00,74830.0
2020-01-21 18:00:00+00:00,72917.0
2020-01-21 19:00:00+00:00,69078.5
2020-01-21 20:00:00+00:00,65646.5
2020-01-21 21:00:00+00:00,62810.0
2020-01-21 22:00:00+00:00,59281.25
2020-01-21 23:00:00+00:00,56719.25
2020-01-22 00:00:00+00:00,54995.75
2020-01-22 01:00:00+00:00,53755.5
2020-01-22 02:00:00+00:00,53784.75
2020-01-22 03:00:00+00:00,55022.75
2020-01-22 04:00:00+00:00,58040.5
2020-01-22 05:00:00+00:00,65695.0
2020-01-22 06:00:00+00:00,71512.0
2020-01-22 07:00:00+00:00,73829.25
2020-01-22 08:00:00+00:00,73896.5
2020-01-22 09:00:00+00:00,74103.25
2020-01-22 10:00:00+00:00,74441.25
2020-01-22 11:00:00+00:00,74220.5
2020-01-22 12:00:00+00:00,73587.75
2020-01-22 13:00:00+00:00,72578.0
2020-01-22 14:00:00+00:00,71723.75
2020-01-22 15:00:00+00:00,71228.25
2020-01-22 16:00:00+00:00,73532.25
2020-01-22 17:00:00+00:00,73282.25
2020-01-22 18:00:00+00:00,71340.75
2020-01-22 19:00:00+00:00,67574.25
2020-01-22 20:00:00+00:00,63976.5
2020-01-22 21:00:00+00:00,61167.0
2020-01-22 22:00:00+00:00,57354.25
2020-01-22 23:00:00+00:00,54532.75
2020-01-23 00:00:00+00:00,52673.25
2020-01-23 01:00:00+00:00,51575.25
2020-01-23 02:00:00+00:00,52090.25
2020-01-23 03:00:00+00:00,53393.75
2020-01-23 04:00:00+00:00,56911.5
2020-01-23 05:00:00+00:00,65181.75
2020-01-23 06:00:00+00:00,70865.75
2020-01-23 07:00:00+00:00,73005.75
2020-01-23 08:00:00+00:00,73172.25
2020-01-23 09:00:00+00:00,73949.5
2020-01-23 10:00:00+00:00,74214.25
2020-01-23 11:00:00+00:00,73919.5
2020-01-23 12:00:00+00:00,73137.0
2020-01-23 13:00:00+00:00,71867.5
2020-01-23 14:00:00+00:00,71228.75
2020-01-23 15:00:00+00:00,71321.5
2020-01-23 16:00:00+00:00,74166.75
2020-01-23 17:00:00+00:00,74376.25
2020-01-23 18:00:00+00:00,72485.75
2020-01-23 19:00:00+00:00,68496.0
2020-01-23 20:00:00+00:00,64909.75
2020-01-23 21:00:00+00:00,61843.75
2020-01-23 22:00:00+00:00,58563.25
2020-01-23 23:00:00+00:00,55613.25
2020-01-24 00:00:00+00:00,53836.75
2020-01-24 01:00:00+00:00,52918.5
2020-01-24 02:00:00+00:00,53209.25
2020-01-24 03:00:00+00:00,54432.0
2020-01-24 04:00:00+00:00,57604.5
2020-01-24 05:00:00+00:00,65246.75
2020-01-24 06:00:00+00:00,71010.0
2020-01-24 07:00:00+00:00,73355.25
2020-01-24 08:00:00+00:00,73592.25
2020-01-24 09:00:00+00:00,74017.75
2020-01-24 10:00:00+00:00,74065.75
2020-01-24 11:00:00+00:00,73073.5
2020-01-24 12:00:00+00:00,71616.0
2020-01-24 13:00:00+00:00,70177.25
2020-01-24 14:00:00+00:00,69108.75
2020-01-24 15:00:00+00:00,69096.5
2020-01-24 16:00:00+00:00,71886.0
2020-01-24 17:00:00+00:00,71961.75
2020-01-24 18:00:00+00:00,69759.5
2020-01-24 19:00:00+00:00,65486.0
2020-01-24 20:00:00+00:00,62057.75
2020-01-24 21:00:00+00:00,59829.0
2020-01-24 22:00:00+00:00,56498.0
2020-01-24 23:00:00+00:00,53477.25
2020-01-25 00:00:00+00:00,51429.75
2020-01-25 01:00:00+00:00,50503.5
2020-01-25 02:00:00+00:00,50175.5
2020-01-25 03:00:00+00:00,50036.5
2020-01-25 04:00:00+00:00,49593.25
2020-01-25 05:00:00+00:00,50540.5
2020-01-25 06:00:00+00:00,53695.0
2020-01-25 07:00:00+00:00,57400.5
2020-01-25 08:00:00+00:00,60565.5
2020-01-25 09:00:00+00:00,62120.25
2020-01-25 10:00:00+00:00,62975.5
2020-01-25 11:00:00+00:00,62406.5
2020-01-25 12:00:00+00:00,60650.5
2020-01-25 13:00:00+00:00,59173.75
2020-01-25 14:00:00+00:00,58627.25
2020-01-25 15:00:00+00:00,59322.25
2020-01-25 16:00:00+00:00,62628.75
2020-01-25 17:00:00+00:00,63180.75
2020-01-25 18:00:00+00:00,60827.5
2020-01-25 19:00:00+00:00,57534.5
2020-01-25 20:00:00+00:00,55214.5
2020-01-25 21:00:00+00:00,54149.75
2020-01-25 22:00:00+00:00,51410.0
2020-01-25 23:00:00+00:00,48311.0
2020-01-26 00:00:00+00:00,46253.75
2020-01-26 01:00:00+00:00,44968.5
2020-01-26 02:00:00+00:00,44747.75
2020-01-26 03:00:00+00:00,44631.0
2020-01-26 04:00:00+00:00,44313.75
2020-01-26 05:00:00+00:00,43774.75
2020-01-26 06:00:00+00:00,45877.5
2020-01-26 07:00:00+00:00,48705.5
2020-01-26 08:00:00+00:00,52263.75
2020-01-26 09:00:00+00:00,54711.25
2020-01-26 10:00:00+00:00,56641.0
2020-01-26 11:00:00+00:00,56254.75
2020-01-26 12:00:00+00:00,54200.25
2020-01-26 13:00:00+00:00,52534.0
2020-01-26 14:00:00+00:00,51840.0
2020-01-26 15:00:00+00:00,52756.75
2020-01-26 16:00:00+00:00,57269.75
2020-01-26 17:00:00+00:00,59033.75
2020-01-26 18:00:00+00:00,57878.0
2020-01-26 19:00:00+00:00,55872.75
2020-01-26 20:00:00+00:00,54463.0
2020-01-26 21:00:00+00:00,54565.0
2020-01-26 22:00:00+00:00,51959.0
2020-01-26 23:00:00+00:00,49743.5
2020-01-27 00:00:00+00:00,48460.25
2020-01-27 01:00:00+00:00,47944.0
2020-01-27 02:00:00+00:00,48215.0
2020-01-27 03:00:00+00:00,50130.75
2020-01-27 04:00:00+00:00,54802.0
2020-01-27 05:00:00+00:00,63320.25
2020-01-27 06:00:00+00:00,69876.25
2020-01-27 07:00:00+00:00,72427.5
2020-01-27 08:00:00+00:00,72555.25
2020-01-27 09:00:00+00:00,73300.0
2020-01-27 10:00:00+00:00,73773.5
2020-01-27 11:00:00+00:00,73439.25
2020-01-27 12:00:00+00:00,72638.5
2020-01-27 13:00:00+00:00,71387.25
2020-01-27 14:00:00+00:00,70649.5
2020-01-27 15:00:00+00:00,70467.75
2020-01-27 16:00:00+00:00,72986.5
2020-01-27 17:00:00+00:00,72847.75
2020-01-27 18:00:00+00:00,70788.5
2020-01-27 19:00:00+00:00,66826.75
2020-01-27 20:00:00+00:00,63210.5
2020-01-27 21:00:00+00:00,60770.5
2020-01-27 22:00:00+00:00,56901.25
2020-01-27 23:00:00+00:00,53257.25
2020-01-28 00:00:00+00:00,51930.0
2020-01-28 01:00:00+00:00,51351.5
2020-01-28 02:00:00+00:00,52185.0
2020-01-28 03:00:00+00:00,53918.75
2020-01-28 04:00:00+00:00,57857.0
2020-01-28 05:00:00+00:00,65043.25
2020-01-28 06:00:00+00:00,71136.0
2020-01-28 07:00:00+00:00,73412.25
2020-01-28 08:00:00+00:00,73811.5
2020-01-28 09:00:00+00:00,74502.25
2020-01-28 10:00:00+00:00,74959.75
2020-01-28 11:00:00+00:00,74349.25
2020-01-28 12:00:00+00:00,74141.75
2020-01-28 13:00:00+00:00,73946.25
2020-01-28 14:00:00+00:00,73502.75
2020-01-28 15:00:00+00:00,72719.0
2020-01-28 16:00:00+00:00,75399.0
2020-01-28 17:00:00+00:00,75324.0
2020-01-28 18:00:00+00:00,73872.5
2020-01-28 19:00:00+00:00,69872.5
2020-01-28 20:00:00+00:00,65893.5
2020-01-28 21:00:00+00:00,62991.0
2020-01-28 22:00:00+00:00,59077.0
2020-01-28 23:00:00+00:00,56728.25
2020-01-29 00:00:00+00:00,54444.75
2020-01-29 01:00:00+00:00,53617.0
2020-01-29 02:00:00+00:00,54009.5
2020-01-29 03:00:00+00:00,55655.5
2020-01-29 04:00:00+00:00,59425.25
2020-01-29 05:00:00+00:00,67145.25
2020-01-29 06:00:00+00:00,73291.75
2020-01-29 07:00:00+00:00,75510.75
2020-01-29 08:00:00+00:00,76210.75
2020-01-29 09:00:00+00:00,76873.25
2020-01-29 10:00:00+00:00,77509.75
2020-01-29 11:00:00+00:00,77365.5
2020-01-29 12:00:00+00:00,77025.75
2020-01-29 13:00:00+00:00,75884.25
2020-01-29 14:00:00+00:00,74743.75
2020-01-29 15:00:00+00:00,73665.75
2020-01-29 16:00:00+00:00,76139.5
2020-01-29 17:00:00+00:00,76303.75
2020-01-29 18:00:00+00:00,74467.75
2020-01-29 19:00:00+00:00,70113.0
2020-01-29 20:00:00+00:00,66617.0
2020-01-29 21:00:00+00:00,63654.25
2020-01-29 22:00:00+00:00,59750.75
2020-01-29 23:00:00+00:00,56459.25
2020-01-30 00:00:00+00:00,54816.75
2020-01-30 01:00:00+00:00,54041.0
2020-01-30 02:00:00+00:00,54672.0
2020-01-30 03:00:00+00:00,55821.0
2020-01-30 04:00:00+00:00,59146.75
2020-01-30 05:00:00+00:00,66696.25
2020-01-30 06:00:00+00:00,73021.5
2020-01-30 07:00:00+00:00,74706.0
2020-01-30 08:00:00+00:00,74530.5
2020-01-30 09:00:00+00:00,75019.0
2020-01-30 10:00:00+00:00,75067.75
2020-01-30 11:00:00+00:00,74693.25
2020-01-30 12:00:00+00:00,73786.5
2020-01-30 13:00:00+00:00,72156.0
2020-01-30 14:00:00+00:00,70916.75
2020-01-30 15:00:00+00:00,70775.0
2020-01-30 16:00:00+00:00,73378.5
2020-01-30 17:00:00+00:00,74207.75
2020-01-30 18:00:00+00:00,73156.75
2020-01-30 19:00:00+00:00,69659.0
2020-01-30 20:00:00+00:00,66091.75
2020-01-30 21:00:00+00:00,63207.0
2020-01-30 22:00:00+00:00,58903.5
2020-01-30 23:00:00+00:00,55910.25
2020-01-31 00:00:00+00:00,53854.25
2020-01-31 01:00:00+00:00,52817.5
2020-01-31 02:00:00+00:00,53089.0
2020-01-31 03:00:00+00:00,54523.0
2020-01-31 04:00:00+00:00,57949.75
2020-01-31 05:00:00+00:00,65680.0
2020-01-31 06:00:00+00:00,71264.0
2020-01-31 07:00:00+00:00,73106.5
2020-01-31 08:00:00+00:00,72867.0
2020-01-31 09:00:00+00:00,73783.5
2020-01-31 10:00:00+00:00,74293.25
2020-01-31 11:00:00+00:00,73218.0
2020-01-31 12:00:00+00:00,71660.0
2020-01-31 13:00:00+00:00,69831.0
2020-01-31 14:00:00+00:00,68770.75
2020-01-31 15:00:00+00:00,68254.25
2020-01-31 16:00:00+00:00,70913.5
2020-01-31 17:00:00+00:00,71699.0
2020-01-31 18:00:00+00:00,70215.5
2020-01-31 19:00:00+00:00,65743.0
2020-01-31 20:00:00+00:00,61780.0
2020-01-31 21:00:00+00:00,58877.25
2020-01-31 22:00:00+00:00,55242.0
2020-01-31 23:00:00+00:00,52857.0
2020-02-01 00:00:00+00:00,50613.25
2020-02-01 01:00:00+00:00,49236.25
2020-02-01 02:00:00+00:00,49039.0
2020-02-01 03:00:00+00:00,49358.0
2020-02-01 04:00:00+00:00,49969.5
2020-02-01 05:00:00+00:00,50859.75
2020-02-01 06:00:00+00:00,53682.0
2020-02-01 07:00:00+00:00,57241.25
2020-02-01 08:00:00+00:00,60234.75
2020-02-01 09:00:00+00:00,61884.75
2020-02-01 10:00:00+00:00,62965.75
2020-02-01 11:00:00+00:00,62391.0
2020-02-01 12:00:00+00:00,60585.5
2020-02-01 13:00:00+00:00,59338.0
2020-02-01 14:00:00+00:00,59238.75
2020-02-01 15:00:00+00:00,59525.0
2020-02-01 16:00:00+00:00,62857.5
2020-02-01 17:00:00+00:00,64318.25
2020-02-01 18:00:00+00:00,62605.5
2020-02-01 19:00:00+00:00,59184.0
2020-02-01 20:00:00+00:00,56543.25
2020-02-01 21:00:00+00:00,55274.5
2020-02-01 22:00:00+00:00,52677.5
2020-02-01 23:00:00+00:00,49331.5
2020-02-02 00:00:00+00:00,47359.75
2020-02-02 01:00:00+00:00,46048.75
2020-02-02 02:00:00+00:00,46268.25
2020-02-02 03:00:00+00:00,46950.75
2020-02-02 04:00:00+00:00,46463.75
2020-02-02 05:00:00+00:00,45356.25
2020-02-02 06:00:00+00:00,46583.75
2020-02-02 07:00:00+00:00,49373.25
2020-02-02 08:00:00+00:00,53524.75
2020-02-02 09:00:00+00:00,55981.75
2020-02-02 10:00:00+00:00,57717.75
2020-02-02 11:00:00+00:00,57421.25
2020-02-02 12:00:00+00:00,55539.25
2020-02-02 13:00:00+00:00,54014.75
2020-02-02 14:00:00+00:00,53180.75
2020-02-02 15:00:00+00:00,53575.25
2020-02-02 16:00:00+00:00,57225.25
2020-02-02 17:00:00+00:00,59089.5
2020-02-02 18:00:00+00:00,57668.25
2020-02-02 19:00:00+00:00,55308.0
2020-02-02 20:00:00+00:00,53489.75
2020-02-02 21:00:00+00:00,53526.25
2020-02-02 22:00:00+00:00,51155.5
2020-02-02 23:00:00+00:00,47905.5
2020-02-03 00:00:00+00:00,46447.25
2020-02-03 01:00:00+00:00,46115.25
2020-02-03 02:00:00+00:00,46636.5
2020-02-03 03:00:00+00:00,48440.75
2020-02-03 04:00:00+00:00,53110.25
2020-02-03 05:00:00+00:00,61786.5
2020-02-03 06:00:00+00:00,67954.25
2020-02-03 07:00:00+00:00,70570.75
2020-02-03 08:00:00+00:00,71090.75
2020-02-03 09:00:00+00:00,72301.0
2020-02-03 10:00:00+00:00,73164.25
2020-02-03 11:00:00+00:00,73104.0
2020-02-03 12:00:00+00:00,72253.25
2020-02-03 13:00:00+00:00,72216.75
2020-02-03 14:00:00+00:00,71158.5
2020-02-03 15:00:00+00:00,69730.25
2020-02-03 16:00:00+00:00,72313.0
2020-02-03 17:00:00+00:00,73564.25
2020-02-03 18:00:00+00:00,72281.0
2020-02-03 19:00:00+00:00,68609.0
2020-02-03 20:00:00+00:00,64701.5
2020-02-03 21:00:00+00:00,60360.0
2020-02-03 22:00:00+00:00,55912.0
2020-02-03 23:00:00+00:00,52808.25
2020-02-04 00:00:00+00:00,51066.5
2020-02-04 01:00:00+00:00,50827.0
2020-02-04 02:00:00+00:00,51942.75
2020-02-04 03:00:00+00:00,54068.25
2020-02-04 04:00:00+00:00,58261.5
2020-02-04 05:00:00+00:00,65864.0
2020-02-04 06:00:00+00:00,71913.25
2020-02-04 07:00:00+00:00,73769.0
2020-02-04 08:00:00+00:00,74116.75
2020-02-04 09:00:00+00:00,75245.75
2020-02-04 10:00:00+00:00,75612.0
2020-02-04 11:00:00+00:00,74987.75
2020-02-04 12:00:00+00:00,74485.75
2020-02-04 13:00:00+00:00,73661.0
2020-02-04 14:00:00+00:00,72887.0
2020-02-04 15:00:00+00:00,71559.5
2020-02-04 16:00:00+00:00,74044.75
2020-02-04 17:00:00+00:00,75605.5
2020-02-04 18:00:00+00:00,74016.0
2020-02-04 19:00:00+00:00,70159.5
2020-02-04 20:00:00+00:00,66739.0
2020-02-04 21:00:00+00:00,63765.25
2020-02-04 22:00:00+00:00,60377.0
2020-02-04 23:00:00+00:00,56863.75
2020-02-05 00:00:00+00:00,54699.75
2020-02-05 01:00:00+00:00,54030.0
2020-02-05 02:00:00+00:00,53743.5
2020-02-05 03:00:00+00:00,54747.5
2020-02-05 04:00:00+00:00,57900.75
2020-02-05 05:00:00+00:00,64903.75
2020-02-05 06:00:00+00:00,70307.5
2020-02-05 07:00:00+00:00,71814.0
2020-02-05 08:00:00+00:00,71558.5
2020-02-05 09:00:00+00:00,71825.0
2020-02-05 10:00:00+00:00,72092.5
2020-02-05 11:00:00+00:00,71427.75
2020-02-05 12:00:00+00:00,71223.5
2020-02-05 13:00:00+00:00,69786.75
2020-02-05 14:00:00+00:00,68673.5
2020-02-05 15:00:00+00:00,68253.75
2020-02-05 16:00:00+00:00,71913.75
2020-02-05 17:00:00+00:00,74321.75
2020-02-05 18:00:00+00:00,72868.0
2020-02-05 19:00:00+00:00,69256.75
2020-02-05 20:00:00+00:00,65729.75
2020-02-05 21:00:00+00:00,63038.75
2020-02-05 22:00:00+00:00,59079.5
2020-02-05 23:00:00+00:00,56212.25
2020-02-06 00:00:00+00:00,54145.25
2020-02-06 01:00:00+00:00,53050.5
2020-02-06 02:00:00+00:00,53437.0
2020-02-06 03:00:00+00:00,54727.75
2020-02-06 04:00:00+00:00,58577.25
2020-02-06 05:00:00+00:00,65195.75
2020-02-06 06:00:00+00:00,70923.5
2020-02-06 07:00:00+00:00,72750.75
2020-02-06 08:00:00+00:00,72509.0
2020-02-06 09:00:00+00:00,73221.25
2020-02-06 10:00:00+00:00,73645.5
2020-02-06 11:00:00+00:00,73063.25
2020-02-06 12:00:00+00:00,72314.0
2020-02-06 13:00:00+00:00,71480.25
2020-02-06 14:00:00+00:00,70534.25
2020-02-06 15:00:00+00:00,69461.5
2020-02-06 16:00:00+00:00,72129.5
2020-02-06 17:00:00+00:00,73940.75
2020-02-06 18:00:00+00:00,72478.0
2020-02-06 19:00:00+00:00,68471.0
2020-02-06 20:00:00+00:00,64620.75
2020-02-06 21:00:00+00:00,61461.25
2020-02-06 22:00:00+00:00,57109.75
2020-02-06 23:00:00+00:00,53858.0
2020-02-07 00:00:00+00:00,51992.5
2020-02-07 01:00:00+00:00,50986.5
2020-02-07 02:00:00+00:00,51163.0
2020-02-07 03:00:00+00:00,52261.5
2020-02-07 04:00:00+00:00,55593.75
2020-02-07 05:00:00+00:00,62891.25
2020-02-07 06:00:00+00:00,68737.5
2020-02-07 07:00:00+00:00,70638.0
2020-02-07 08:00:00+00:00,70598.25
2020-02-07 09:00:00+00:00,71003.0
2020-02-07 10:00:00+00:00,71768.0
2020-02-07 11:00:00+00:00,70885.5
2020-02-07 12:00:00+00:00,69163.5
2020-02-07 13:00:00+00:00,67377.0
2020-02-07 14:00:00+00:00,66451.5
2020-02-07 15:00:00+00:00,66723.75
2020-02-07 16:00:00+00:00,69900.5
2020-02-07 17:00:00+00:00,71486.5
2020-02-07 18:00:00+00:00,69421.5
2020-02-07 19:00:00+00:00,65219.25
2020-02-07 20:00:00+00:00,61585.0
2020-02-07 21:00:00+00:00,58836.25
2020-02-07 22:00:00+00:00,55168.0
2020-02-07 23:00:00+00:00,52244.5
2020-02-08 00:00:00+00:00,50983.25
2020-02-08 01:00:00+00:00,49820.25
2020-02-08 02:00:00+00:00,49822.25
2020-02-08 03:00:00+00:00,50054.25
2020-02-08 04:00:00+00:00,50025.75
2020-02-08 05:00:00+00:00,50001.5
2020-02-08 06:00:00+00:00,52770.75
2020-02-08 07:00:00+00:00,56397.0
2020-02-08 08:00:00+00:00,59709.25
2020-02-08 09:00:00+00:00,60896.75
2020-02-08 10:00:00+00:00,60997.5
2020-02-08 11:00:00+00:00,59998.75
2020-02-08 12:00:00+00:00,57887.25
2020-02-08 13:00:00+00:00,56695.75
2020-02-08 14:00:00+00:00,56046.0
2020-02-08 15:00:00+00:00,56195.0
2020-02-08 16:00:00+00:00,60363.5
2020-02-08 17:00:00+00:00,62942.75
2020-02-08 18:00:00+00:00,61388.25
2020-02-08 19:00:00+00:00,57636.25
2020-02-08 20:00:00+00:00,55404.5
2020-02-08 21:00:00+00:00,54262.75
2020-02-08 22:00:00+00:00,51335.0
2020-02-08 23:00:00+00:00,47245.25
2020-02-09 00:00:00+00:00,45123.5
2020-02-09 01:00:00+00:00,44073.5
2020-02-09 02:00:00+00:00,43713.25
2020-02-09 03:00:00+00:00,44559.25
2020-02-09 04:00:00+00:00,45200.5
2020-02-09 05:00:00+00:00,45399.75
2020-02-09 06:00:00+00:00,48051.75
2020-02-09 07:00:00+00:00,51606.0
2020-02-09 08:00:00+00:00,54765.75
2020-02-09 09:00:00+00:00,57293.0
2020-02-09 10:00:00+00:00,59889.0
2020-02-09 11:00:00+00:00,59636.25
2020-02-09 12:00:00+00:00,57739.25
2020-02-09 13:00:00+00:00,56750.5
2020-02-09 14:00:00+00:00,56487.75
2020-02-09 15:00:00+00:00,56968.0
2020-02-09 16:00:00+00:00,60572.5
2020-02-09 17:00:00+00:00,62374.75
2020-02-09 18:00:00+00:00,60840.75
2020-02-09 19:00:00+00:00,58235.0
2020-02-09 20:00:00+00:00,56932.0
2020-02-09 21:00:00+00:00,56381.5
2020-02-09 22:00:00+00:00,53816.75
2020-02-09 23:00:00+00:00,51075.0
2020-02-10 00:00:00+00:00,49746.25
2020-02-10 01:00:00+00:00,48899.0
2020-02-10 02:00:00+00:00,49751.0
2020-02-10 03:00:00+00:00,51262.75
2020-02-10 04:00:00+00:00,55016.25
2020-02-10 05:00:00+00:00,63178.0
2020-02-10 06:00:00+00:00,69202.25
2020-02-10 07:00:00+00:00,72503.5
2020-02-10 08:00:00+00:00,73995.75
2020-02-10 09:00:00+00:00,75034.0
2020-02-10 10:00:00+00:00,76519.25
2020-02-10 11:00:00+00:00,76450.25
2020-02-10 12:00:00+00:00,75053.75
2020-02-10 13:00:00+00:00,73834.0
2020-02-10 14:00:00+00:00,73125.0
2020-02-10 15:00:00+00:00,72376.0
2020-02-10 16:00:00+00:00,74252.25
2020-02-10 17:00:00+00:00,75583.25
2020-02-10 18:00:00+00:00,73470.5
2020-02-10 19:00:00+00:00,69275.0
2020-02-10 20:00:00+00:00,66102.75
2020-02-10 21:00:00+00:00,63078.5
2020-02-10 22:00:00+00:00,59101.75
2020-02-10 23:00:00+00:00,56650.75
2020-02-11 00:00:00+00:00,54928.0
2020-02-11 01:00:00+00:00,54551.5
2020-02-11 02:00:00+00:00,55294.0
2020-02-11 03:00:00+00:00,56605.25
2020-02-11 04:00:00+00:00,59980.5
2020-02-11 05:00:00+00:00,67504.0
2020-02-11 06:00:00+00:00,73282.25
2020-02-11 07:00:00+00:00,75209.75
2020-02-11 08:00:00+00:00,75914.25
2020-02-11 09:00:00+00:00,76246.75
2020-02-11 10:00:00+00:00,77180.5
2020-02-11 11:00:00+00:00,76633.5
2020-02-11 12:00:00+00:00,75995.25
2020-02-11 13:00:00+00:00,74623.25
2020-02-11 14:00:00+00:00,73920.5
2020-02-11 15:00:00+00:00,73133.25
2020-02-11 16:00:00+00:00,74769.5
2020-02-11 17:00:00+00:00,76520.0
2020-02-11 18:00:00+00:00,74907.0
2020-02-11 19:00:00+00:00,70914.5
2020-02-11 20:00:00+00:00,67157.25
2020-02-11 21:00:00+00:00,63729.75
2020-02-11 22:00:00+00:00,59759.75
2020-02-11 23:00:00+00:00,57189.0
2020-02-12 00:00:00+00:00,55790.0
2020-02-12 01:00:00+00:00,55032.75
2020-02-12 02:00:00+00:00,55316.0
2020-02-12 03:00:00+00:00,56394.75
2020-02-12 04:00:00+00:00,59550.5
2020-02-12 05:00:00+00:00,67125.75
2020-02-12 06:00:00+00:00,72995.75
2020-02-12 07:00:00+00:00,75040.25
2020-02-12 08:00:00+00:00,75709.75
2020-02-12 09:00:00+00:00,76034.25
2020-02-12 10:00:00+00:00,76784.25
2020-02-12 11:00:00+00:00,76510.0
2020-02-12 12:00:00+00:00,76241.75
2020-02-12 13:00:00+00:00,74778.0
2020-02-12 14:00:00+00:00,73214.25
2020-02-12 15:00:00+00:00,72354.25
2020-02-12 16:00:00+00:00,73750.0
2020-02-12 17:00:00+00:00,75395.25
2020-02-12 18:00:00+00:00,73755.5
2020-02-12 19:00:00+00:00,69775.25
2020-02-12 20:00:00+00:00,65850.75
2020-02-12 21:00:00+00:00,63016.25
2020-02-12 22:00:00+00:00,59078.75
2020-02-12 23:00:00+00:00,56983.0
2020-02-13 00:00:00+00:00,55643.5
2020-02-13 01:00:00+00:00,54154.0
2020-02-13 02:00:00+00:00,54187.5
2020-02-13 03:00:00+00:00,55507.5
2020-02-13 04:00:00+00:00,58761.25
2020-02-13 05:00:00+00:00,65975.25
2020-02-13 06:00:00+00:00,72203.25
2020-02-13 07:00:00+00:00,74016.0
2020-02-13 08:00:00+00:00,74094.75
2020-02-13 09:00:00+00:00,74659.5
2020-02-13 10:00:00+00:00,75637.0
2020-02-13 11:00:00+00:00,75343.25
2020-02-13 12:00:00+00:00,75269.0
2020-02-13 13:00:00+00:00,73988.0
2020-02-13 14:00:00+00:00,73105.75
2020-02-13 15:00:00+00:00,72426.0
2020-02-13 16:00:00+00:00,73862.75
2020-02-13 17:00:00+00:00,75441.75
2020-02-13 18:00:00+00:00,73076.5
2020-02-13 19:00:00+00:00,68623.75
2020-02-13 20:00:00+00:00,64305.0
2020-02-13 21:00:00+00:00,60748.0
2020-02-13 22:00:00+00:00,56379.75
2020-02-13 23:00:00+00:00,53674.0
2020-02-14 00:00:00+00:00,52148.0
2020-02-14 01:00:00+00:00,50873.75
2020-02-14 02:00:00+00:00,51303.75
2020-02-14 03:00:00+00:00,52801.0
2020-02-14 04:00:00+00:00,55590.25
2020-02-14 05:00:00+00:00,62613.25
2020-02-14 06:00:00+00:00,68710.0
2020-02-14 07:00:00+00:00,70959.75
2020-02-14 08:00:00+00:00,71343.5
2020-02-14 09:00:00+00:00,71992.25
2020-02-14 10:00:00+00:00,72595.5
2020-02-14 11:00:00+00:00,71597.5
2020-02-14 12:00:00+00:00,70723.0
2020-02-14 13:00:00+00:00,68989.25
2020-02-14 14:00:00+00:00,67848.75
2020-02-14 15:00:00+00:00,66855.75
2020-02-14 16:00:00+00:00,68318.25
2020-02-14 17:00:00+00:00,69926.5
2020-02-14 18:00:00+00:00,67968.0
2020-02-14 19:00:00+00:00,64168.75
2020-02-14 20:00:00+00:00,60272.0
2020-02-14 21:00:00+00:00,57631.25
2020-02-14 22:00:00+00:00,54393.0
2020-02-14 23:00:00+00:00,51306.25
2020-02-15 00:00:00+00:00,49364.25
2020-02-15 01:00:00+00:00,48283.0
2020-02-15 02:00:00+00:00,48422.5
2020-02-15 03:00:00+00:00,48945.0
2020-02-15 04:00:00+00:00,49349.0
2020-02-15 05:00:00+00:00,50073.75
2020-02-15 06:00:00+00:00,53036.0
2020-02-15 07:00:00+00:00,56845.0
2020-02-15 08:00:00+00:00,59602.25
2020-02-15 09:00:00+00:00,61031.0
2020-02-15 10:00:00+00:00,60823.5
2020-02-15 11:00:00+00:00,60659.75
2020-02-15 12:00:00+00:00,58766.25
2020-02-15 13:00:00+00:00,56869.5
2020-02-15 14:00:00+00:00,56145.5
2020-02-15 15:00:00+00:00,56011.5
2020-02-15 16:00:00+00:00,59875.5
2020-02-15 17:00:00+00:00,63570.25
2020-02-15 18:00:00+00:00,62044.5
2020-02-15 19:00:00+00:00,58665.5
2020-02-15 20:00:00+00:00,55969.0
2020-02-15 21:00:00+00:00,55045.0
2020-02-15 22:00:00+00:00,51811.5
2020-02-15 23:00:00+00:00,48465.5
2020-02-16 00:00:00+00:00,46531.5
2020-02-16 01:00:00+00:00,45518.75
2020-02-16 02:00:00+00:00,45283.25
2020-02-16 03:00:00+00:00,45349.75
2020-02-16 04:00:00+00:00,45699.25
2020-02-16 05:00:00+00:00,46169.25
2020-02-16 06:00:00+00:00,48373.25
2020-02-16 07:00:00+00:00,52486.75
2020-02-16 08:00:00+00:00,55775.5
2020-02-16 09:00:00+00:00,58026.0
2020-02-16 10:00:00+00:00,59885.75
2020-02-16 11:00:00+00:00,59698.25
2020-02-16 12:00:00+00:00,57741.75
2020-02-16 13:00:00+00:00,56180.75
2020-02-16 14:00:00+00:00,55099.25
2020-02-16 15:00:00+00:00,55325.0
2020-02-16 16:00:00+00:00,57918.5
2020-02-16 17:00:00+00:00,62100.5
2020-02-16 18:00:00+00:00,60891.25
2020-02-16 19:00:00+00:00,57906.5
2020-02-16 20:00:00+00:00,55924.0
2020-02-16 21:00:00+00:00,55324.0
2020-02-16 22:00:00+00:00,52135.25
2020-02-16 23:00:00+00:00,50381.75
2020-02-17 00:00:00+00:00,48459.25
2020-02-17 01:00:00+00:00,47943.75
2020-02-17 02:00:00+00:00,48441.0
2020-02-17 03:00:00+00:00,50227.0
2020-02-17 04:00:00+00:00,54752.5
2020-02-17 05:00:00+00:00,63818.75
2020-02-17 06:00:00+00:00,69707.5
2020-02-17 07:00:00+00:00,71523.5
2020-02-17 08:00:00+00:00,72256.25
2020-02-17 09:00:00+00:00,72649.75
2020-02-17 10:00:00+00:00,73879.25
2020-02-17 11:00:00+00:00,73151.0
2020-02-17 12:00:00+00:00,72827.75
2020-02-17 13:00:00+00:00,71865.25
2020-02-17 14:00:00+00:00,70818.5
2020-02-17 15:00:00+00:00,69960.5
2020-02-17 16:00:00+00:00,71192.75
2020-02-17 17:00:00+00:00,73422.0
2020-02-17 18:00:00+00:00,72355.0
2020-02-17 19:00:00+00:00,68107.0
2020-02-17 20:00:00+00:00,64125.25
2020-02-17 21:00:00+00:00,60977.25
2020-02-17 22:00:00+00:00,57246.75
2020-02-17 23:00:00+00:00,54724.25
2020-02-18 00:00:00+00:00,53416.5
2020-02-18 01:00:00+00:00,53111.75
2020-02-18 02:00:00+00:00,53226.5
2020-02-18 03:00:00+00:00,54536.0
2020-02-18 04:00:00+00:00,57941.25
2020-02-18 05:00:00+00:00,65281.75
2020-02-18 06:00:00+00:00,71068.0
2020-02-18 07:00:00+00:00,73600.0
2020-02-18 08:00:00+00:00,73610.25
2020-02-18 09:00:00+00:00,74626.75
2020-02-18 10:00:00+00:00,75140.75
2020-02-18 11:00:00+00:00,75040.5
2020-02-18 12:00:00+00:00,74637.0
2020-02-18 13:00:00+00:00,72834.5
2020-02-18 14:00:00+00:00,71796.75
2020-02-18 15:00:00+00:00,70310.75
2020-02-18 16:00:00+00:00,71620.75
2020-02-18 17:00:00+00:00,74322.5
2020-02-18 18:00:00+00:00,73269.75
2020-02-18 19:00:00+00:00,69427.75
2020-02-18 20:00:00+00:00,65516.25
2020-02-18 21:00:00+00:00,62399.0
2020-02-18 22:00:00+00:00,58759.5
2020-02-18 23:00:00+00:00,54559.5
2020-02-19 00:00:00+00:00,53218.0
2020-02-19 01:00:00+00:00,52674.25
2020-02-19 02:00:00+00:00,53217.5
2020-02-19 03:00:00+00:00,54575.0
2020-02-19 04:00:00+00:00,57533.75
2020-02-19 05:00:00+00:00,65385.5
2020-02-19 06:00:00+00:00,70576.75
2020-02-19 07:00:00+00:00,72958.75
2020-02-19 08:00:00+00:00,72561.25
2020-02-19 09:00:00+00:00,73637.25
2020-02-19 10:00:00+00:00,74689.75
2020-02-19 11:00:00+00:00,74110.25
2020-02-19 12:00:00+00:00,74085.0
2020-02-19 13:00:00+00:00,72163.5
2020-02-19 14:00:00+00:00,71631.0
2020-02-19 15:00:00+00:00,69621.5
2020-02-19 16:00:00+00:00,71138.0
2020-02-19 17:00:00+00:00,72994.0
2020-02-19 18:00:00+00:00,71319.0
2020-02-19 19:00:00+00:00,67538.75
2020-02-19 20:00:00+00:00,64044.0
2020-02-19 21:00:00+00:00,61259.25
2020-02-19 22:00:00+00:00,56910.75
2020-02-19 23:00:00+00:00,53604.0
2020-02-20 00:00:00+00:00,51941.25
2020-02-20 01:00:00+00:00,51863.0
2020-02-20 02:00:00+00:00,51621.0
2020-02-20 03:00:00+00:00,52379.25
2020-02-20 04:00:00+00:00,55953.25
2020-02-20 05:00:00+00:00,63615.0
2020-02-20 06:00:00+00:00,68909.5
2020-02-20 07:00:00+00:00,70673.75
2020-02-20 08:00:00+00:00,71274.0
2020-02-20 09:00:00+00:00,72054.75
2020-02-20 10:00:00+00:00,73094.25
2020-02-20 11:00:00+00:00,72232.0
2020-02-20 12:00:00+00:00,72018.0
2020-02-20 13:00:00+00:00,70609.0
2020-02-20 14:00:00+00:00,69679.0
2020-02-20 15:00:00+00:00,68701.0
2020-02-20 16:00:00+00:00,70700.0
2020-02-20 17:00:00+00:00,73308.25
2020-02-20 18:00:00+00:00,72248.25
2020-02-20 19:00:00+00:00,68820.25
2020-02-20 20:00:00+00:00,65388.0
2020-02-20 21:00:00+00:00,62393.75
2020-02-20 22:00:00+00:00,58087.5
2020-02-20 23:00:00+00:00,55029.25
2020-02-21 00:00:00+00:00,53766.5
2020-02-21 01:00:00+00:00,52959.5
2020-02-21 02:00:00+00:00,53552.0
2020-02-21 03:00:00+00:00,54700.75
2020-02-21 04:00:00+00:00,57750.25
2020-02-21 05:00:00+00:00,64310.0
2020-02-21 06:00:00+00:00,68747.75
2020-02-21 07:00:00+00:00,71063.25
2020-02-21 08:00:00+00:00,71549.25
2020-02-21 09:00:00+00:00,72865.25
2020-02-21 10:00:00+00:00,72968.75
2020-02-21 11:00:00+00:00,71979.0
2020-02-21 12:00:00+00:00,70591.5
2020-02-21 13:00:00+00:00,68790.0
2020-02-21 14:00:00+00:00,67514.25
2020-02-21 15:00:00+00:00,66691.0
2020-02-21 16:00:00+00:00,68014.5
2020-02-21 17:00:00+00:00,70564.25
2020-02-21 18:00:00+00:00,69225.0
2020-02-21 19:00:00+00:00,65616.25
2020-02-21 20:00:00+00:00,62119.5
2020-02-21 21:00:00+00:00,59452.5
2020-02-21 22:00:00+00:00,56296.25
2020-02-21 23:00:00+00:00,53087.5
2020-02-22 00:00:00+00:00,51181.0
2020-02-22 01:00:00+00:00,50166.25
2020-02-22 02:00:00+00:00,50334.0
2020-02-22 03:00:00+00:00,50160.5
2020-02-22 04:00:00+00:00,50460.75
2020-02-22 05:00:00+00:00,51567.25
2020-02-22 06:00:00+00:00,54477.75
2020-02-22 07:00:00+00:00,57970.25
2020-02-22 08:00:00+00:00,60887.75
2020-02-22 09:00:00+00:00,62366.75
2020-02-22 10:00:00+00:00,63613.0
2020-02-22 11:00:00+00:00,63327.0
2020-02-22 12:00:00+00:00,61061.25
2020-02-22 13:00:00+00:00,59701.0
2020-02-22 14:00:00+00:00,59092.5
2020-02-22 15:00:00+00:00,59294.75
2020-02-22 16:00:00+00:00,60938.5
2020-02-22 17:00:00+00:00,63586.5
2020-02-22 18:00:00+00:00,61804.25
2020-02-22 19:00:00+00:00,58440.5
2020-02-22 20:00:00+00:00,55300.25
2020-02-22 21:00:00+00:00,53657.0
2020-02-22 22:00:00+00:00,51067.75
2020-02-22 23:00:00+00:00,48110.25
2020-02-23 00:00:00+00:00,46376.75
2020-02-23 01:00:00+00:00,44936.25
2020-02-23 02:00:00+00:00,44164.75
2020-02-23 03:00:00+00:00,44442.25
2020-02-23 04:00:00+00:00,44994.25
2020-02-23 05:00:00+00:00,44666.0
2020-02-23 06:00:00+00:00,45898.25
2020-02-23 07:00:00+00:00,49451.0
2020-02-23 08:00:00+00:00,52857.5
2020-02-23 09:00:00+00:00,55230.0
2020-02-23 10:00:00+00:00,57959.0
2020-02-23 11:00:00+00:00,57026.25
2020-02-23 12:00:00+00:00,55717.5
2020-02-23 13:00:00+00:00,54641.75
2020-02-23 14:00:00+00:00,54279.5
2020-02-23 15:00:00+00:00,54971.0
2020-02-23 16:00:00+00:00,57233.75
2020-02-23 17:00:00+00:00,61043.25
2020-02-23 18:00:00+00:00,60917.5
2020-02-23 19:00:00+00:00,57422.0
2020-02-23 20:00:00+00:00,55891.75
2020-02-23 21:00:00+00:00,54977.75
2020-02-23 22:00:00+00:00,52201.0
2020-02-23 23:00:00+00:00,49958.0
2020-02-24 00:00:00+00:00,48073.0
2020-02-24 01:00:00+00:00,47469.0
2020-02-24 02:00:00+00:00,47804.5
2020-02-24 03:00:00+00:00,49190.25
2020-02-24 04:00:00+00:00,52086.5
2020-02-24 05:00:00+00:00,58349.0
2020-02-24 06:00:00+00:00,63474.0
2020-02-24 07:00:00+00:00,65717.0
2020-02-24 08:00:00+00:00,66879.25
2020-02-24 09:00:00+00:00,67649.75
2020-02-24 10:00:00+00:00,68414.5
2020-02-24 11:00:00+00:00,68746.25
2020-02-24 12:00:00+00:00,67806.75
2020-02-24 13:00:00+00:00,67090.5
2020-02-24 14:00:00+00:00,66880.25
2020-02-24 15:00:00+00:00,66061.25
2020-02-24 16:00:00+00:00,67853.5
2020-02-24 17:00:00+00:00,70591.75
2020-02-24 18:00:00+00:00,69701.25
2020-02-24 19:00:00+00:00,66069.5
2020-02-24 20:00:00+00:00,62518.5
2020-02-24 21:00:00+00:00,60497.0
2020-02-24 22:00:00+00:00,57030.0
2020-02-24 23:00:00+00:00,53832.25
2020-02-25 00:00:00+00:00,51977.25
2020-02-25 01:00:00+00:00,51410.75
2020-02-25 02:00:00+00:00,51391.25
2020-02-25 03:00:00+00:00,52853.25
2020-02-25 04:00:00+00:00,55883.5
2020-02-25 05:00:00+00:00,62828.75
2020-02-25 06:00:00+00:00,67381.0
2020-02-25 07:00:00+00:00,69587.75
2020-02-25 08:00:00+00:00,70408.0
2020-02-25 09:00:00+00:00,72223.75
2020-02-25 10:00:00+00:00,73565.0
2020-02-25 11:00:00+00:00,72352.75
2020-02-25 12:00:00+00:00,71378.5
2020-02-25 13:00:00+00:00,70104.5
2020-02-25 14:00:00+00:00,68911.75
2020-02-25 15:00:00+00:00,67997.0
2020-02-25 16:00:00+00:00,69468.5
2020-02-25 17:00:00+00:00,71604.5
2020-02-25 18:00:00+00:00,70526.0
2020-02-25 19:00:00+00:00,66372.5
2020-02-25 20:00:00+00:00,63089.0
2020-02-25 21:00:00+00:00,60326.5
2020-02-25 22:00:00+00:00,56230.25
2020-02-25 23:00:00+00:00,52669.0
2020-02-26 00:00:00+00:00,51138.75
2020-02-26 01:00:00+00:00,50589.75
2020-02-26 02:00:00+00:00,51579.0
2020-02-26 03:00:00+00:00,53240.0
2020-02-26 04:00:00+00:00,56018.25
2020-02-26 05:00:00+00:00,63097.75
2020-02-26 06:00:00+00:00,67653.5
2020-02-26 07:00:00+00:00,70061.25
2020-02-26 08:00:00+00:00,70509.75
2020-02-26 09:00:00+00:00,71764.0
2020-02-26 10:00:00+00:00,72788.0
2020-02-26 11:00:00+00:00,72167.25
2020-02-26 12:00:00+00:00,71360.75
2020-02-26 13:00:00+00:00,70500.0
2020-02-26 14:00:00+00:00,69212.75
2020-02-26 15:00:00+00:00,68224.75
2020-02-26 16:00:00+00:00,69073.25
2020-02-26 17:00:00+00:00,71791.25
2020-02-26 18:00:00+00:00,70764.25
2020-02-26 19:00:00+00:00,66844.25
2020-02-26 20:00:00+00:00,62999.0
2020-02-26 21:00:00+00:00,60093.0
2020-02-26 22:00:00+00:00,56089.75
2020-02-26 23:00:00+00:00,53533.0
2020-02-27 00:00:00+00:00,51968.75
2020-02-27 01:00:00+00:00,51196.25
2020-02-27 02:00:00+00:00,51599.5
2020-02-27 03:00:00+00:00,52989.5
2020-02-27 04:00:00+00:00,56608.75
2020-02-27 05:00:00+00:00,63488.0
2020-02-27 06:00:00+00:00,67480.5
2020-02-27 07:00:00+00:00,69641.5
2020-02-27 08:00:00+00:00,70516.25
2020-02-27 09:00:00+00:00,71687.25
2020-02-27 10:00:00+00:00,73161.5
2020-02-27 11:00:00+00:00,72379.25
2020-02-27 12:00:00+00:00,71305.0
2020-02-27 13:00:00+00:00,70306.75
2020-02-27 14:00:00+00:00,69769.25
2020-02-27 15:00:00+00:00,69436.25
2020-02-27 16:00:00+00:00,70626.0
2020-02-27 17:00:00+00:00,71914.5
2020-02-27 18:00:00+00:00,70977.5
2020-02-27 19:00:00+00:00,67844.25
2020-02-27 20:00:00+00:00,64410.0
2020-02-27 21:00:00+00:00,61135.25
2020-02-27 22:00:00+00:00,56954.0
2020-02-27 23:00:00+00:00,54037.25
2020-02-28 00:00:00+00:00,52753.75
2020-02-28 01:00:00+00:00,52254.5
2020-02-28 02:00:00+00:00,52543.0
2020-02-28 03:00:00+00:00,53783.25
2020-02-28 04:00:00+00:00,57205.5
2020-02-28 05:00:00+00:00,63869.25
2020-02-28 06:00:00+00:00,68015.0
2020-02-28 07:00:00+00:00,70367.25
2020-02-28 08:00:00+00:00,70826.25
2020-02-28 09:00:00+00:00,72051.0
2020-02-28 10:00:00+00:00,72460.0
2020-02-28 11:00:00+00:00,71825.5
2020-02-28 12:00:00+00:00,70278.75
2020-02-28 13:00:00+00:00,68705.5
2020-02-28 14:00:00+00:00,67213.0
2020-02-28 15:00:00+00:00,65687.5
2020-02-28 16:00:00+00:00,66810.25
2020-02-28 17:00:00+00:00,69627.25
2020-02-28 18:00:00+00:00,69676.75
2020-02-28 19:00:00+00:00,65994.25
2020-02-28 20:00:00+00:00,62465.0
2020-02-28 21:00:00+00:00,59977.5
2020-02-28 22:00:00+00:00,56073.0
2020-02-28 23:00:00+00:00,52750.75
2020-02-29 00:00:00+00:00,51011.0
2020-02-29 01:00:00+00:00,49757.25
2020-02-29 02:00:00+00:00,49458.25
2020-02-29 03:00:00+00:00,49162.75
2020-02-29 04:00:00+00:00,49064.25
2020-02-29 05:00:00+00:00,50214.75
2020-02-29 06:00:00+00:00,53147.5
2020-02-29 07:00:00+00:00,56358.25
2020-02-29 08:00:00+00:00,59101.5
2020-02-29 09:00:00+00:00,60774.25
2020-02-29 10:00:00+00:00,61625.75
2020-02-29 11:00:00+00:00,60945.75
2020-02-29 12:00:00+00:00,59646.25
2020-02-29 13:00:00+00:00,58358.75
2020-02-29 14:00:00+00:00,57716.75
2020-02-29 15:00:00+00:00,58123.5
2020-02-29 16:00:00+00:00,60365.75
2020-02-29 17:00:00+00:00,63270.0
2020-02-29 18:00:00+00:00,61979.25
2020-02-29 19:00:00+00:00,58367.25
2020-02-29 20:00:00+00:00,56016.25
2020-02-29 21:00:00+00:00,54299.25
2020-02-29 22:00:00+00:00,50764.0
2020-02-29 23:00:00+00:00,46716.0
2020-03-01 00:00:00+00:00,44985.25
2020-03-01 01:00:00+00:00,43936.25
2020-03-01 02:00:00+00:00,43869.5
2020-03-01 03:00:00+00:00,44190.25
2020-03-01 04:00:00+00:00,44120.75
2020-03-01 05:00:00+00:00,44074.25
2020-03-01 06:00:00+00:00,45868.25
2020-03-01 07:00:00+00:00,49749.5
2020-03-01 08:00:00+00:00,52517.5
2020-03-01 09:00:00+00:00,56171.75
2020-03-01 10:00:00+00:00,58809.0
2020-03-01 11:00:00+00:00,57963.0
2020-03-01 12:00:00+00:00,55967.5
2020-03-01 13:00:00+00:00,54262.25
2020-03-01 14:00:00+00:00,52891.0
2020-03-01 15:00:00+00:00,52341.25
2020-03-01 16:00:00+00:00,53978.0
2020-03-01 17:00:00+00:00,57810.0
2020-03-01 18:00:00+00:00,57924.0
2020-03-01 19:00:00+00:00,55085.75
2020-03-01 20:00:00+00:00,53510.25
2020-03-01 21:00:00+00:00,52841.0
2020-03-01 22:00:00+00:00,49730.5
2020-03-01 23:00:00+00:00,48065.0
2020-03-02 00:00:00+00:00,46349.0
2020-03-02 01:00:00+00:00,45748.0
2020-03-02 02:00:00+00:00,46355.75
2020-03-02 03:00:00+00:00,48421.5
2020-03-02 04:00:00+00:00,53120.0
2020-03-02 05:00:00+00:00,61539.25
2020-03-02 06:00:00+00:00,66161.5
2020-03-02 07:00:00+00:00,68239.75
2020-03-02 08:00:00+00:00,68693.75
2020-03-02 09:00:00+00:00,69205.25
2020-03-02 10:00:00+00:00,69506.25
2020-03-02 11:00:00+00:00,69001.5
2020-03-02 12:00:00+00:00,68600.25
2020-03-02 13:00:00+00:00,67386.25
2020-03-02 14:00:00+00:00,67241.25
2020-03-02 15:00:00+00:00,66162.75
2020-03-02 16:00:00+00:00,67328.5
2020-03-02 17:00:00+00:00,70422.25
2020-03-02 18:00:00+00:00,69777.25
2020-03-02 19:00:00+00:00,65638.25
2020-03-02 20:00:00+00:00,62117.5
2020-03-02 21:00:00+00:00,58866.5
2020-03-02 22:00:00+00:00,54524.5
2020-03-02 23:00:00+00:00,51137.25
2020-03-03 00:00:00+00:00,49613.25
2020-03-03 01:00:00+00:00,49202.75
2020-03-03 02:00:00+00:00,50133.5
2020-03-03 03:00:00+00:00,51634.5
2020-03-03 04:00:00+00:00,55235.0
2020-03-03 05:00:00+00:00,62749.0
2020-03-03 06:00:00+00:00,67279.75
2020-03-03 07:00:00+00:00,69469.5
2020-03-03 08:00:00+00:00,69326.5
2020-03-03 09:00:00+00:00,70134.75
2020-03-03 10:00:00+00:00,71074.75
2020-03-03 11:00:00+00:00,69750.5
2020-03-03 12:00:00+00:00,69054.75
2020-03-03 13:00:00+00:00,68125.75
2020-03-03 14:00:00+00:00,67138.75
2020-03-03 15:00:00+00:00,65753.25
2020-03-03 16:00:00+00:00,66331.25
2020-03-03 17:00:00+00:00,69321.5
2020-03-03 18:00:00+00:00,69454.0
2020-03-03 19:00:00+00:00,65668.5
2020-03-03 20:00:00+00:00,61999.5
2020-03-03 21:00:00+00:00,58942.25
2020-03-03 22:00:00+00:00,54975.75
2020-03-03 23:00:00+00:00,52792.0
2020-03-04 00:00:00+00:00,51053.75
2020-03-04 01:00:00+00:00,50318.0
2020-03-04 02:00:00+00:00,51048.75
2020-03-04 03:00:00+00:00,52340.0
2020-03-04 04:00:00+00:00,55606.0
2020-03-04 05:00:00+00:00,62695.0
2020-03-04 06:00:00+00:00,67771.75
2020-03-04 07:00:00+00:00,69895.25
2020-03-04 08:00:00+00:00,69712.75
2020-03-04 09:00:00+00:00,70168.75
2020-03-04 10:00:00+00:00,70983.25
2020-03-04 11:00:00+00:00,70384.75
2020-03-04 12:00:00+00:00,69343.75
2020-03-04 13:00:00+00:00,67853.75
2020-03-04 14:00:00+00:00,67219.0
2020-03-04 15:00:00+00:00,66266.5
2020-03-04 16:00:00+00:00,67141.75
2020-03-04 17:00:00+00:00,69676.0
2020-03-04 18:00:00+00:00,69429.0
2020-03-04 19:00:00+00:00,65118.25
2020-03-04 20:00:00+00:00,61467.75
2020-03-04 21:00:00+00:00,58310.25
2020-03-04 22:00:00+00:00,54078.0
2020-03-04 23:00:00+00:00,52188.75
2020-03-05 00:00:00+00:00,50072.25
2020-03-05 01:00:00+00:00,48926.75
2020-03-05 02:00:00+00:00,49770.5
2020-03-05 03:00:00+00:00,51069.75
2020-03-05 04:00:00+00:00,53836.25
2020-03-05 05:00:00+00:00,60949.5
2020-03-05 06:00:00+00:00,66024.0
2020-03-05 07:00:00+00:00,68410.25
2020-03-05 08:00:00+00:00,68870.5
2020-03-05 09:00:00+00:00,69509.0
2020-03-05 10:00:00+00:00,70570.0
2020-03-05 11:00:00+00:00,70469.25
2020-03-05 12:00:00+00:00,69984.25
2020-03-05 13:00:00+00:00,69105.75
2020-03-05 14:00:00+00:00,68410.25
2020-03-05 15:00:00+00:00,68010.0
2020-03-05 16:00:00+00:00,69465.25
2020-03-05 17:00:00+00:00,72335.5
2020-03-05 18:00:00+00:00,71342.25
2020-03-05 19:00:00+00:00,67202.75
2020-03-05 20:00:00+00:00,63734.25
2020-03-05 21:00:00+00:00,60635.75
2020-03-05 22:00:00+00:00,56551.25
2020-03-05 23:00:00+00:00,52987.0
2020-03-06 00:00:00+00:00,50921.0
2020-03-06 01:00:00+00:00,50474.75
2020-03-06 02:00:00+00:00,50928.75
2020-03-06 03:00:00+00:00,52670.75
2020-03-06 04:00:00+00:00,56046.25
2020-03-06 05:00:00+00:00,63590.75
2020-03-06 06:00:00+00:00,68465.0
2020-03-06 07:00:00+00:00,71086.25
2020-03-06 08:00:00+00:00,71812.25
2020-03-06 09:00:00+00:00,72866.0
2020-03-06 10:00:00+00:00,73577.5
2020-03-06 11:00:00+00:00,72655.5
2020-03-06 12:00:00+00:00,71490.25
2020-03-06 13:00:00+00:00,70041.0
2020-03-06 14:00:00+00:00,69046.75
2020-03-06 15:00:00+00:00,68068.25
2020-03-06 16:00:00+00:00,68412.5
2020-03-06 17:00:00+00:00,69619.0
2020-03-06 18:00:00+00:00,68202.75
2020-03-06 19:00:00+00:00,63653.25
2020-03-06 20:00:00+00:00,60230.0
2020-03-06 21:00:00+00:00,57313.5
2020-03-06 22:00:00+00:00,53883.25
2020-03-06 23:00:00+00:00,50830.75
2020-03-07 00:00:00+00:00,48582.0
2020-03-07 01:00:00+00:00,47613.25
2020-03-07 02:00:00+00:00,47443.5
2020-03-07 03:00:00+00:00,47701.75
2020-03-07 04:00:00+00:00,47825.75
2020-03-07 05:00:00+00:00,48896.75
2020-03-07 06:00:00+00:00,51473.5
2020-03-07 07:00:00+00:00,55009.25
2020-03-07 08:00:00+00:00,57975.75
2020-03-07 09:00:00+00:00,60209.25
2020-03-07 10:00:00+00:00,60871.75
2020-03-07 11:00:00+00:00,59826.75
2020-03-07 12:00:00+00:00,58253.75
2020-03-07 13:00:00+00:00,56281.5
2020-03-07 14:00:00+00:00,55238.75
2020-03-07 15:00:00+00:00,54917.25
2020-03-07 16:00:00+00:00,55619.25
2020-03-07 17:00:00+00:00,59153.0
2020-03-07 18:00:00+00:00,59185.75
2020-03-07 19:00:00+00:00,56259.5
2020-03-07 20:00:00+00:00,53591.5
2020-03-07 21:00:00+00:00,51902.5
2020-03-07 22:00:00+00:00,49615.75
2020-03-07 23:00:00+00:00,46721.25
2020-03-08 00:00:00+00:00,44871.75
2020-03-08 01:00:00+00:00,44167.75
2020-03-08 02:00:00+00:00,43675.0
2020-03-08 03:00:00+00:00,44471.25
2020-03-08 04:00:00+00:00,44748.5
2020-03-08 05:00:00+00:00,44689.5
2020-03-08 06:00:00+00:00,46168.75
2020-03-08 07:00:00+00:00,49276.25
2020-03-08 08:00:00+00:00,52453.0
2020-03-08 09:00:00+00:00,54894.25
2020-03-08 10:00:00+00:00,57298.25
2020-03-08 11:00:00+00:00,57029.25
2020-03-08 12:00:00+00:00,54911.5
2020-03-08 13:00:00+00:00,53628.0
2020-03-08 14:00:00+00:00,52999.0
2020-03-08 15:00:00+00:00,52822.0
2020-03-08 16:00:00+00:00,54413.75
2020-03-08 17:00:00+00:00,58288.25
2020-03-08 18:00:00+00:00,58192.25
2020-03-08 19:00:00+00:00,55326.0
2020-03-08 20:00:00+00:00,53266.0
2020-03-08 21:00:00+00:00,51982.5
2020-03-08 22:00:00+00:00,48842.0
2020-03-08 23:00:00+00:00,45933.0
2020-03-09 00:00:00+00:00,44271.75
2020-03-09 01:00:00+00:00,43708.5
2020-03-09 02:00:00+00:00,44391.25
2020-03-09 03:00:00+00:00,46117.75
2020-03-09 04:00:00+00:00,50335.25
2020-03-09 05:00:00+00:00,59703.5
2020-03-09 06:00:00+00:00,65092.5
2020-03-09 07:00:00+00:00,67821.0
2020-03-09 08:00:00+00:00,68148.5
2020-03-09 09:00:00+00:00,69029.25
2020-03-09 10:00:00+00:00,69193.0
2020-03-09 11:00:00+00:00,68531.25
2020-03-09 12:00:00+00:00,67975.0
2020-03-09 13:00:00+00:00,67072.75
2020-03-09 14:00:00+00:00,65807.0
2020-03-09 15:00:00+00:00,65289.5
2020-03-09 16:00:00+00:00,66039.25
2020-03-09 17:00:00+00:00,69001.5
2020-03-09 18:00:00+00:00,69329.75
2020-03-09 19:00:00+00:00,65284.25
2020-03-09 20:00:00+00:00,62321.5
2020-03-09 21:00:00+00:00,59343.5
2020-03-09 22:00:00+00:00,55751.25
2020-03-09 23:00:00+00:00,53057.75
2020-03-10 00:00:00+00:00,51747.0
2020-03-10 01:00:00+00:00,51094.5
2020-03-10 02:00:00+00:00,52016.0
2020-03-10 03:00:00+00:00,54304.5
2020-03-10 04:00:00+00:00,57877.25
2020-03-10 05:00:00+00:00,65409.75
2020-03-10 06:00:00+00:00,70816.5
2020-03-10 07:00:00+00:00,73625.75
2020-03-10 08:00:00+00:00,74513.0
2020-03-10 09:00:00+00:00,75940.25
2020-03-10 10:00:00+00:00,76414.25
2020-03-10 11:00:00+00:00,75500.5
2020-03-10 12:00:00+00:00,74861.25
2020-03-10 13:00:00+00:00,73436.25
2020-03-10 14:00:00+00:00,72852.0
2020-03-10 15:00:00+00:00,71967.5
2020-03-10 16:00:00+00:00,73173.5
2020-03-10 17:00:00+00:00,74659.5
2020-03-10 18:00:00+00:00,73978.75
2020-03-10 19:00:00+00:00,69640.25
2020-03-10 20:00:00+00:00,65472.5
2020-03-10 21:00:00+00:00,62280.75
2020-03-10 22:00:00+00:00,58482.5
2020-03-10 23:00:00+00:00,55222.0
2020-03-11 00:00:00+00:00,53198.25
2020-03-11 01:00:00+00:00,52169.75
2020-03-11 02:00:00+00:00,52724.0
2020-03-11 03:00:00+00:00,54270.5
2020-03-11 04:00:00+00:00,57385.5
2020-03-11 05:00:00+00:00,64143.5
2020-03-11 06:00:00+00:00,68360.75
2020-03-11 07:00:00+00:00,70812.5
2020-03-11 08:00:00+00:00,71672.25
2020-03-11 09:00:00+00:00,73016.75
2020-03-11 10:00:00+00:00,74157.75
2020-03-11 11:00:00+00:00,73245.75
2020-03-11 12:00:00+00:00,72340.75
2020-03-11 13:00:00+00:00,70957.0
2020-03-11 14:00:00+00:00,69332.0
2020-03-11 15:00:00+00:00,67384.25
2020-03-11 16:00:00+00:00,67218.0
2020-03-11 17:00:00+00:00,69847.25
2020-03-11 18:00:00+00:00,70448.0
2020-03-11 19:00:00+00:00,67223.0
2020-03-11 20:00:00+00:00,63583.0
2020-03-11 21:00:00+00:00,60307.25
2020-03-11 22:00:00+00:00,56523.75
2020-03-11 23:00:00+00:00,53913.25
2020-03-12 00:00:00+00:00,52123.5
2020-03-12 01:00:00+00:00,51475.25
2020-03-12 02:00:00+00:00,52008.5
2020-03-12 03:00:00+00:00,54008.5
2020-03-12 04:00:00+00:00,58319.0
2020-03-12 05:00:00+00:00,65259.5
2020-03-12 06:00:00+00:00,70287.75
2020-03-12 07:00:00+00:00,72597.75
2020-03-12 08:00:00+00:00,72639.25
2020-03-12 09:00:00+00:00,72844.5
2020-03-12 10:00:00+00:00,74272.25
2020-03-12 11:00:00+00:00,73474.25
2020-03-12 12:00:00+00:00,72324.5
2020-03-12 13:00:00+00:00,71039.25
2020-03-12 14:00:00+00:00,70458.25
2020-03-12 15:00:00+00:00,68789.75
2020-03-12 16:00:00+00:00,69151.0
2020-03-12 17:00:00+00:00,70874.5
2020-03-12 18:00:00+00:00,71188.0
2020-03-12 19:00:00+00:00,67504.75
2020-03-12 20:00:00+00:00,64243.0
2020-03-12 21:00:00+00:00,61242.75
2020-03-12 22:00:00+00:00,57123.0
2020-03-12 23:00:00+00:00,53945.0
2020-03-13 00:00:00+00:00,52355.25
2020-03-13 01:00:00+00:00,52051.25
2020-03-13 02:00:00+00:00,52502.75
2020-03-13 03:00:00+00:00,54118.5
2020-03-13 04:00:00+00:00,57796.75
2020-03-13 05:00:00+00:00,64340.0
2020-03-13 06:00:00+00:00,69553.75
2020-03-13 07:00:00+00:00,72042.75
2020-03-13 08:00:00+00:00,72873.75
2020-03-13 09:00:00+00:00,73633.5
2020-03-13 10:00:00+00:00,74158.75
2020-03-13 11:00:00+00:00,73241.25
2020-03-13 12:00:00+00:00,71788.25
2020-03-13 13:00:00+00:00,69787.0
2020-03-13 14:00:00+00:00,68621.5
2020-03-13 15:00:00+00:00,67048.0
2020-03-13 16:00:00+00:00,67500.25
2020-03-13 17:00:00+00:00,69217.25
2020-03-13 18:00:00+00:00,68913.5
2020-03-13 19:00:00+00:00,64101.5
2020-03-13 20:00:00+00:00,60034.25
2020-03-13 21:00:00+00:00,56951.0
2020-03-13 22:00:00+00:00,52585.0
2020-03-13 23:00:00+00:00,49612.5
2020-03-14 00:00:00+00:00,47773.5
2020-03-14 01:00:00+00:00,46354.25
2020-03-14 02:00:00+00:00,46063.0
2020-03-14 03:00:00+00:00,46037.5
2020-03-14 04:00:00+00:00,46287.75
2020-03-14 05:00:00+00:00,46387.25
2020-03-14 06:00:00+00:00,48685.25
2020-03-14 07:00:00+00:00,52438.25
2020-03-14 08:00:00+00:00,55238.5
2020-03-14 09:00:00+00:00,56292.75
2020-03-14 10:00:00+00:00,57731.25
2020-03-14 11:00:00+00:00,57158.25
2020-03-14 12:00:00+00:00,55431.0
2020-03-14 13:00:00+00:00,53962.75
2020-03-14 14:00:00+00:00,53093.75
2020-03-14 15:00:00+00:00,53431.25
2020-03-14 16:00:00+00:00,55109.75
2020-03-14 17:00:00+00:00,58107.5
2020-03-14 18:00:00+00:00,59356.75
2020-03-14 19:00:00+00:00,56038.75
2020-03-14 20:00:00+00:00,53648.25
2020-03-14 21:00:00+00:00,52635.25
2020-03-14 22:00:00+00:00,49995.0
2020-03-14 23:00:00+00:00,46955.5
2020-03-15 00:00:00+00:00,45080.0
2020-03-15 01:00:00+00:00,44417.0
2020-03-15 02:00:00+00:00,44560.75
2020-03-15 03:00:00+00:00,44933.5
2020-03-15 04:00:00+00:00,45197.5
2020-03-15 05:00:00+00:00,44572.5
2020-03-15 06:00:00+00:00,46228.0
2020-03-15 07:00:00+00:00,49608.75
2020-03-15 08:00:00+00:00,52295.75
2020-03-15 09:00:00+00:00,54289.75
2020-03-15 10:00:00+00:00,56190.5
2020-03-15 11:00:00+00:00,55585.25
2020-03-15 12:00:00+00:00,53727.0
2020-03-15 13:00:00+00:00,51598.5
2020-03-15 14:00:00+00:00,50334.75
2020-03-15 15:00:00+00:00,50453.75
2020-03-15 16:00:00+00:00,52817.75
2020-03-15 17:00:00+00:00,57279.0
2020-03-15 18:00:00+00:00,58434.25
2020-03-15 19:00:00+00:00,55650.5
2020-03-15 20:00:00+00:00,53639.0
2020-03-15 21:00:00+00:00,52992.25
2020-03-15 22:00:00+00:00,49927.0
2020-03-15 23:00:00+00:00,46973.75
2020-03-16 00:00:00+00:00,45072.5
2020-03-16 01:00:00+00:00,44624.5
2020-03-16 02:00:00+00:00,45598.0
2020-03-16 03:00:00+00:00,47506.75
2020-03-16 04:00:00+00:00,51736.0
2020-03-16 05:00:00+00:00,58940.0
2020-03-16 06:00:00+00:00,63490.0
2020-03-16 07:00:00+00:00,65663.75
2020-03-16 08:00:00+00:00,66139.0
2020-03-16 09:00:00+00:00,66896.5
2020-03-16 10:00:00+00:00,67980.75
2020-03-16 11:00:00+00:00,67429.25
2020-03-16 12:00:00+00:00,66091.0
2020-03-16 13:00:00+00:00,64709.25
2020-03-16 14:00:00+00:00,63186.0
2020-03-16 15:00:00+00:00,61760.0
2020-03-16 16:00:00+00:00,62933.25
2020-03-16 17:00:00+00:00,65773.0
2020-03-16 18:00:00+00:00,67041.5
2020-03-16 19:00:00+00:00,62856.25
2020-03-16 20:00:00+00:00,58908.75
2020-03-16 21:00:00+00:00,55486.25
2020-03-16 22:00:00+00:00,51533.5
2020-03-16 23:00:00+00:00,48009.75
2020-03-17 00:00:00+00:00,46095.75
2020-03-17 01:00:00+00:00,45366.25
2020-03-17 02:00:00+00:00,46118.0
2020-03-17 03:00:00+00:00,48441.25
2020-03-17 04:00:00+00:00,51898.5
2020-03-17 05:00:00+00:00,58130.0
2020-03-17 06:00:00+00:00,63096.5
2020-03-17 07:00:00+00:00,66020.5
2020-03-17 08:00:00+00:00,66854.75
2020-03-17 09:00:00+00:00,67644.75
2020-03-17 10:00:00+00:00,69869.5
2020-03-17 11:00:00+00:00,69158.25
2020-03-17 12:00:00+00:00,68172.75
2020-03-17 13:00:00+00:00,66938.0
2020-03-17 14:00:00+00:00,65531.75
2020-03-17 15:00:00+00:00,64023.25
2020-03-17 16:00:00+00:00,64934.75
2020-03-17 17:00:00+00:00,67358.75
2020-03-17 18:00:00+00:00,68478.25
2020-03-17 19:00:00+00:00,64570.0
2020-03-17 20:00:00+00:00,60584.25
2020-03-17 21:00:00+00:00,56866.75
2020-03-17 22:00:00+00:00,53203.75
2020-03-17 23:00:00+00:00,50249.75
2020-03-18 00:00:00+00:00,48683.25
2020-03-18 01:00:00+00:00,48191.75
2020-03-18 02:00:00+00:00,49020.75
2020-03-18 03:00:00+00:00,50599.0
2020-03-18 04:00:00+00:00,54130.0
2020-03-18 05:00:00+00:00,59730.75
2020-03-18 06:00:00+00:00,64601.75
2020-03-18 07:00:00+00:00,67149.0
2020-03-18 08:00:00+00:00,67538.25
2020-03-18 09:00:00+00:00,68189.75
2020-03-18 10:00:00+00:00,69532.0
2020-03-18 11:00:00+00:00,68910.75
2020-03-18 12:00:00+00:00,67086.25
2020-03-18 13:00:00+00:00,65323.5
2020-03-18 14:00:00+00:00,64237.75
2020-03-18 15:00:00+00:00,62412.0
2020-03-18 16:00:00+00:00,62945.0
2020-03-18 17:00:00+00:00,65238.75
2020-03-18 18:00:00+00:00,66512.0
2020-03-18 19:00:00+00:00,62499.25
2020-03-18 20:00:00+00:00,58576.25
2020-03-18 21:00:00+00:00,55151.75
2020-03-18 22:00:00+00:00,50716.75
2020-03-18 23:00:00+00:00,48233.75
2020-03-19 00:00:00+00:00,46420.0
2020-03-19 01:00:00+00:00,45475.75
2020-03-19 02:00:00+00:00,46219.5
2020-03-19 03:00:00+00:00,47583.75
2020-03-19 04:00:00+00:00,50564.25
2020-03-19 05:00:00+00:00,56085.75
2020-03-19 06:00:00+00:00,60874.0
2020-03-19 07:00:00+00:00,63628.75
2020-03-19 08:00:00+00:00,64529.25
2020-03-19 09:00:00+00:00,64712.0
2020-03-19 10:00:00+00:00,65855.5
2020-03-19 11:00:00+00:00,65696.5
2020-03-19 12:00:00+00:00,64372.25
2020-03-19 13:00:00+00:00,62913.5
2020-03-19 14:00:00+00:00,62220.25
2020-03-19 15:00:00+00:00,60978.75
2020-03-19 16:00:00+00:00,61559.25
2020-03-19 17:00:00+00:00,64171.5
2020-03-19 18:00:00+00:00,65139.75
2020-03-19 19:00:00+00:00,61376.75
2020-03-19 20:00:00+00:00,57429.75
2020-03-19 21:00:00+00:00,54356.5
2020-03-19 22:00:00+00:00,49925.25
2020-03-19 23:00:00+00:00,46728.75
2020-03-20 00:00:00+00:00,44764.75
2020-03-20 01:00:00+00:00,44218.25
2020-03-20 02:00:00+00:00,44759.75
2020-03-20 03:00:00+00:00,46493.0
2020-03-20 04:00:00+00:00,49432.0
2020-03-20 05:00:00+00:00,54819.75
2020-03-20 06:00:00+00:00,59679.5
2020-03-20 07:00:00+00:00,62660.0
2020-03-20 08:00:00+00:00,63709.75
2020-03-20 09:00:00+00:00,64871.0
2020-03-20 10:00:00+00:00,66147.0
2020-03-20 11:00:00+00:00,65561.75
2020-03-20 12:00:00+00:00,63424.25
2020-03-20 13:00:00+00:00,61599.5
2020-03-20 14:00:00+00:00,60817.0
2020-03-20 15:00:00+00:00,60611.5
2020-03-20 16:00:00+00:00,61149.5
2020-03-20 17:00:00+00:00,63009.0
2020-03-20 18:00:00+00:00,63570.25
2020-03-20 19:00:00+00:00,59922.0
2020-03-20 20:00:00+00:00,56871.75
2020-03-20 21:00:00+00:00,54105.25
2020-03-20 22:00:00+00:00,50540.5
2020-03-20 23:00:00+00:00,47350.5
2020-03-21 00:00:00+00:00,45799.0
2020-03-21 01:00:00+00:00,45236.0
2020-03-21 02:00:00+00:00,45640.75
2020-03-21 03:00:00+00:00,45838.25
2020-03-21 04:00:00+00:00,46185.5
2020-03-21 05:00:00+00:00,46057.0
2020-03-21 06:00:00+00:00,48208.75
2020-03-21 07:00:00+00:00,51946.25
2020-03-21 08:00:00+00:00,55531.75
2020-03-21 09:00:00+00:00,57962.25
2020-03-21 10:00:00+00:00,59480.0
2020-03-21 11:00:00+00:00,59152.25
2020-03-21 12:00:00+00:00,57037.0
2020-03-21 13:00:00+00:00,55250.5
2020-03-21 14:00:00+00:00,54550.75
2020-03-21 15:00:00+00:00,54040.0
2020-03-21 16:00:00+00:00,54891.0
2020-03-21 17:00:00+00:00,57340.75
2020-03-21 18:00:00+00:00,58302.0
2020-03-21 19:00:00+00:00,55236.0
2020-03-21 20:00:00+00:00,52877.0
2020-03-21 21:00:00+00:00,51812.25
2020-03-21 22:00:00+00:00,49090.0
2020-03-21 23:00:00+00:00,46230.5
2020-03-22 00:00:00+00:00,44179.75
2020-03-22 01:00:00+00:00,43418.5
2020-03-22 02:00:00+00:00,42909.75
2020-03-22 03:00:00+00:00,43051.0
2020-03-22 04:00:00+00:00,42795.5
2020-03-22 05:00:00+00:00,41746.0
2020-03-22 06:00:00+00:00,43685.75
2020-03-22 07:00:00+00:00,47214.25
2020-03-22 08:00:00+00:00,50467.5
2020-03-22 09:00:00+00:00,53176.0
2020-03-22 10:00:00+00:00,54678.5
2020-03-22 11:00:00+00:00,54280.75
2020-03-22 12:00:00+00:00,52063.5
2020-03-22 13:00:00+00:00,50139.5
2020-03-22 14:00:00+00:00,49152.25
2020-03-22 15:00:00+00:00,48825.25
2020-03-22 16:00:00+00:00,50191.75
2020-03-22 17:00:00+00:00,53690.0
2020-03-22 18:00:00+00:00,56107.0
2020-03-22 19:00:00+00:00,53675.75
2020-03-22 20:00:00+00:00,52165.75
2020-03-22 21:00:00+00:00,51997.0
2020-03-22 22:00:00+00:00,49371.75
2020-03-22 23:00:00+00:00,47479.25
2020-03-23 00:00:00+00:00,46043.25
2020-03-23 01:00:00+00:00,45389.25
2020-03-23 02:00:00+00:00,45628.5
2020-03-23 03:00:00+00:00,46787.5
2020-03-23 04:00:00+00:00,50055.0
2020-03-23 05:00:00+00:00,55316.75
2020-03-23 06:00:00+00:00,60052.0
2020-03-23 07:00:00+00:00,62700.0
2020-03-23 08:00:00+00:00,63552.5
2020-03-23 09:00:00+00:00,65141.75
2020-03-23 10:00:00+00:00,66331.25
2020-03-23 11:00:00+00:00,65116.75
2020-03-23 12:00:00+00:00,63550.25
2020-03-23 13:00:00+00:00,61954.75
2020-03-23 14:00:00+00:00,61251.75
2020-03-23 15:00:00+00:00,59871.25
2020-03-23 16:00:00+00:00,60325.5
2020-03-23 17:00:00+00:00,62404.25
2020-03-23 18:00:00+00:00,64916.25
2020-03-23 19:00:00+00:00,62018.5
2020-03-23 20:00:00+00:00,58964.75
2020-03-23 21:00:00+00:00,56517.25
2020-03-23 22:00:00+00:00,53553.75
2020-03-23 23:00:00+00:00,50742.75
2020-03-24 00:00:00+00:00,49183.25
2020-03-24 01:00:00+00:00,48645.0
2020-03-24 02:00:00+00:00,48242.5
2020-03-24 03:00:00+00:00,48620.25
2020-03-24 04:00:00+00:00,51285.0
2020-03-24 05:00:00+00:00,56013.5
2020-03-24 06:00:00+00:00,60095.75
2020-03-24 07:00:00+00:00,62504.25
2020-03-24 08:00:00+00:00,62983.5
2020-03-24 09:00:00+00:00,64627.5
2020-03-24 10:00:00+00:00,65313.25
2020-03-24 11:00:00+00:00,65142.25
2020-03-24 12:00:00+00:00,63109.0
2020-03-24 13:00:00+00:00,61212.25
2020-03-24 14:00:00+00:00,59697.25
2020-03-24 15:00:00+00:00,58789.75
2020-03-24 16:00:00+00:00,59787.0
2020-03-24 17:00:00+00:00,62037.5
2020-03-24 18:00:00+00:00,64350.5
2020-03-24 19:00:00+00:00,61419.25
2020-03-24 20:00:00+00:00,58803.5
2020-03-24 21:00:00+00:00,56261.5
2020-03-24 22:00:00+00:00,53063.0
2020-03-24 23:00:00+00:00,50971.5
2020-03-25 00:00:00+00:00,48795.0
2020-03-25 01:00:00+00:00,48058.25
2020-03-25 02:00:00+00:00,48476.75
2020-03-25 03:00:00+00:00,49109.25
2020-03-25 04:00:00+00:00,51865.5
2020-03-25 05:00:00+00:00,55941.75
2020-03-25 06:00:00+00:00,60308.0
2020-03-25 07:00:00+00:00,62663.5
2020-03-25 08:00:00+00:00,63260.0
2020-03-25 09:00:00+00:00,63734.5
2020-03-25 10:00:00+00:00,64817.25
2020-03-25 11:00:00+00:00,64615.0
2020-03-25 12:00:00+00:00,62697.5
2020-03-25 13:00:00+00:00,60836.5
2020-03-25 14:00:00+00:00,59730.5
2020-03-25 15:00:00+00:00,58630.25
2020-03-25 16:00:00+00:00,59303.25
2020-03-25 17:00:00+00:00,61493.25
2020-03-25 18:00:00+00:00,64206.5
2020-03-25 19:00:00+00:00,60953.5
2020-03-25 20:00:00+00:00,57930.5
2020-03-25 21:00:00+00:00,55386.5
2020-03-25 22:00:00+00:00,52337.25
2020-03-25 23:00:00+00:00,49223.75
2020-03-26 00:00:00+00:00,47283.75
2020-03-26 01:00:00+00:00,46446.25
2020-03-26 02:00:00+00:00,46940.75
2020-03-26 03:00:00+00:00,47977.5
2020-03-26 04:00:00+00:00,50311.0
2020-03-26 05:00:00+00:00,54814.25
2020-03-26 06:00:00+00:00,58642.5
2020-03-26 07:00:00+00:00,60930.25
2020-03-26 08:00:00+00:00,61899.5
2020-03-26 09:00:00+00:00,62656.5
2020-03-26 10:00:00+00:00,64111.0
2020-03-26 11:00:00+00:00,63676.25
2020-03-26 12:00:00+00:00,62183.25
2020-03-26 13:00:00+00:00,61316.5
2020-03-26 14:00:00+00:00,60908.25
2020-03-26 15:00:00+00:00,59736.75
2020-03-26 16:00:00+00:00,60374.75
2020-03-26 17:00:00+00:00,62159.0
2020-03-26 18:00:00+00:00,64255.5
2020-03-26 19:00:00+00:00,60939.75
2020-03-26 20:00:00+00:00,57138.25
2020-03-26 21:00:00+00:00,54288.25
2020-03-26 22:00:00+00:00,50799.75
2020-03-26 23:00:00+00:00,47970.5
2020-03-27 00:00:00+00:00,46000.75
2020-03-27 01:00:00+00:00,45648.0
2020-03-27 02:00:00+00:00,46052.25
2020-03-27 03:00:00+00:00,47684.0
2020-03-27 04:00:00+00:00,50594.75
2020-03-27 05:00:00+00:00,54462.0
2020-03-27 06:00:00+00:00,58639.75
2020-03-27 07:00:00+00:00,60860.5
2020-03-27 08:00:00+00:00,61150.25
2020-03-27 09:00:00+00:00,61916.75
2020-03-27 10:00:00+00:00,62434.25
2020-03-27 11:00:00+00:00,61572.25
2020-03-27 12:00:00+00:00,59948.75
2020-03-27 13:00:00+00:00,58407.75
2020-03-27 14:00:00+00:00,57732.0
2020-03-27 15:00:00+00:00,56703.5
2020-03-27 16:00:00+00:00,57764.25
2020-03-27 17:00:00+00:00,59465.0
2020-03-27 18:00:00+00:00,61522.0
2020-03-27 19:00:00+00:00,57987.0
2020-03-27 20:00:00+00:00,54377.5
2020-03-27 21:00:00+00:00,51679.0
2020-03-27 22:00:00+00:00,47941.5
2020-03-27 23:00:00+00:00,45178.75
2020-03-28 00:00:00+00:00,43199.5
2020-03-28 01:00:00+00:00,42040.0
2020-03-28 02:00:00+00:00,42213.25
2020-03-28 03:00:00+00:00,42932.5
2020-03-28 04:00:00+00:00,43316.5
2020-03-28 05:00:00+00:00,43488.5
2020-03-28 06:00:00+00:00,46018.25
2020-03-28 07:00:00+00:00,49056.75
2020-03-28 08:00:00+00:00,50915.0
2020-03-28 09:00:00+00:00,52459.75
2020-03-28 10:00:00+00:00,53700.0
2020-03-28 11:00:00+00:00,53334.75
2020-03-28 12:00:00+00:00,51684.5
2020-03-28 13:00:00+00:00,50119.75
2020-03-28 14:00:00+00:00,49455.25
2020-03-28 15:00:00+00:00,49064.5
2020-03-28 16:00:00+00:00,51100.0
2020-03-28 17:00:00+00:00,54491.75
2020-03-28 18:00:00+00:00,57056.5
2020-03-28 19:00:00+00:00,53363.25
2020-03-28 20:00:00+00:00,50208.25
2020-03-28 21:00:00+00:00,48702.25
2020-03-28 22:00:00+00:00,45593.5
2020-03-28 23:00:00+00:00,42994.5
2020-03-29 00:00:00+00:00,39612.5
2020-03-29 01:00:00+00:00,40920.75
2020-03-29 02:00:00+00:00,40870.25
2020-03-29 03:00:00+00:00,40991.5
2020-03-29 04:00:00+00:00,40691.75
2020-03-29 05:00:00+00:00,41630.25
2020-03-29 06:00:00+00:00,44493.5
2020-03-29 07:00:00+00:00,47890.0
2020-03-29 08:00:00+00:00,50708.5
2020-03-29 09:00:00+00:00,54626.0
2020-03-29 10:00:00+00:00,55687.25
2020-03-29 11:00:00+00:00,55384.75
2020-03-29 12:00:00+00:00,54345.75
2020-03-29 13:00:00+00:00,53924.0
2020-03-29 14:00:00+00:00,53842.5
2020-03-29 15:00:00+00:00,54186.25
2020-03-29 16:00:00+00:00,55026.5
2020-03-29 17:00:00+00:00,54856.75
2020-03-29 18:00:00+00:00,54634.75
2020-03-29 19:00:00+00:00,52724.5
2020-03-29 20:00:00+00:00,52008.25
2020-03-29 21:00:00+00:00,48833.5
2020-03-29 22:00:00+00:00,46598.5
2020-03-29 23:00:00+00:00,44964.5
2020-03-30 00:00:00+00:00,44301.75
2020-03-30 01:00:00+00:00,44166.75
2020-03-30 02:00:00+00:00,45602.25
2020-03-30 03:00:00+00:00,48657.25
2020-03-30 04:00:00+00:00,54167.0
2020-03-30 05:00:00+00:00,57936.5
2020-03-30 06:00:00+00:00,60793.5
2020-03-30 07:00:00+00:00,61585.25
2020-03-30 08:00:00+00:00,62759.75
2020-03-30 09:00:00+00:00,64488.5
2020-03-30 10:00:00+00:00,64360.25
2020-03-30 11:00:00+00:00,63227.25
2020-03-30 12:00:00+00:00,61704.0
2020-03-30 13:00:00+00:00,59968.5
2020-03-30 14:00:00+00:00,58787.25
2020-03-30 15:00:00+00:00,58578.5
2020-03-30 16:00:00+00:00,59569.5
2020-03-30 17:00:00+00:00,59783.5
2020-03-30 18:00:00+00:00,60253.75
2020-03-30 19:00:00+00:00,57764.0
2020-03-30 20:00:00+00:00,55156.0
2020-03-30 21:00:00+00:00,51436.25
2020-03-30 22:00:00+00:00,48787.25
2020-03-30 23:00:00+00:00,46715.0
2020-03-31 00:00:00+00:00,46280.5
2020-03-31 01:00:00+00:00,46178.5
2020-03-31 02:00:00+00:00,47264.75
2020-03-31 03:00:00+00:00,49878.75
2020-03-31 04:00:00+00:00,54661.75
2020-03-31 05:00:00+00:00,58385.0
2020-03-31 06:00:00+00:00,60700.25
2020-03-31 07:00:00+00:00,61063.75
2020-03-31 08:00:00+00:00,62364.75
2020-03-31 09:00:00+00:00,63809.25
2020-03-31 10:00:00+00:00,63245.5
2020-03-31 11:00:00+00:00,61387.0
2020-03-31 12:00:00+00:00,60209.75
2020-03-31 13:00:00+00:00,59153.25
2020-03-31 14:00:00+00:00,57957.0
2020-03-31 15:00:00+00:00,58087.0
2020-03-31 16:00:00+00:00,58728.75
2020-03-31 17:00:00+00:00,59791.5
2020-03-31 18:00:00+00:00,60487.25
2020-03-31 19:00:00+00:00,57984.25
2020-03-31 20:00:00+00:00,56210.0
2020-03-31 21:00:00+00:00,52798.5
2020-03-31 22:00:00+00:00,50584.0
2020-03-31 23:00:00+00:00,49150.0
2020-04-01 00:00:00+00:00,48435.25
2020-04-01 01:00:00+00:00,48676.5
2020-04-01 02:00:00+00:00,49778.0
2020-04-01 03:00:00+00:00,51964.0
2020-04-01 04:00:00+00:00,56933.25
2020-04-01 05:00:00+00:00,60849.0
2020-04-01 06:00:00+00:00,63152.25
2020-04-01 07:00:00+00:00,63492.75
2020-04-01 08:00:00+00:00,64311.75
2020-04-01 09:00:00+00:00,66359.75
2020-04-01 10:00:00+00:00,65804.0
2020-04-01 11:00:00+00:00,64028.75
2020-04-01 12:00:00+00:00,62320.5
2020-04-01 13:00:00+00:00,60658.25
2020-04-01 14:00:00+00:00,59179.25
2020-04-01 15:00:00+00:00,59078.5
2020-04-01 16:00:00+00:00,59906.0
2020-04-01 17:00:00+00:00,60555.5
2020-04-01 18:00:00+00:00,60599.75
2020-04-01 19:00:00+00:00,58142.0
2020-04-01 20:00:00+00:00,55963.0
2020-04-01 21:00:00+00:00,52408.5
2020-04-01 22:00:00+00:00,49176.0
2020-04-01 23:00:00+00:00,47160.75
2020-04-02 00:00:00+00:00,46474.0
2020-04-02 01:00:00+00:00,47168.75
2020-04-02 02:00:00+00:00,48512.5
2020-04-02 03:00:00+00:00,51230.5
2020-04-02 04:00:00+00:00,56404.0
2020-04-02 05:00:00+00:00,59889.75
2020-04-02 06:00:00+00:00,62127.25
2020-04-02 07:00:00+00:00,62754.5
2020-04-02 08:00:00+00:00,63558.25
2020-04-02 09:00:00+00:00,64719.0
2020-04-02 10:00:00+00:00,64818.5
2020-04-02 11:00:00+00:00,63373.0
2020-04-02 12:00:00+00:00,62297.5
2020-04-02 13:00:00+00:00,61266.5
2020-04-02 14:00:00+00:00,59994.5
2020-04-02 15:00:00+00:00,59979.25
2020-04-02 16:00:00+00:00,60837.5
2020-04-02 17:00:00+00:00,61786.5
2020-04-02 18:00:00+00:00,62165.75
2020-04-02 19:00:00+00:00,59556.5
2020-04-02 20:00:00+00:00,56977.75
2020-04-02 21:00:00+00:00,53500.25
2020-04-02 22:00:00+00:00,50580.75
2020-04-02 23:00:00+00:00,48945.75
2020-04-03 00:00:00+00:00,47799.75
2020-04-03 01:00:00+00:00,48138.25
2020-04-03 02:00:00+00:00,49295.0
2020-04-03 03:00:00+00:00,51461.5
2020-04-03 04:00:00+00:00,56255.25
2020-04-03 05:00:00+00:00,59799.75
2020-04-03 06:00:00+00:00,62924.75
2020-04-03 07:00:00+00:00,64041.25
2020-04-03 08:00:00+00:00,64383.75
2020-04-03 09:00:00+00:00,65720.25
2020-04-03 10:00:00+00:00,65508.5
2020-04-03 11:00:00+00:00,64314.5
2020-04-03 12:00:00+00:00,62338.0
2020-04-03 13:00:00+00:00,61019.0
2020-04-03 14:00:00+00:00,59561.5
2020-04-03 15:00:00+00:00,58923.5
2020-04-03 16:00:00+00:00,59059.5
2020-04-03 17:00:00+00:00,58374.75
2020-04-03 18:00:00+00:00,57511.75
2020-04-03 19:00:00+00:00,54577.75
2020-04-03 20:00:00+00:00,52465.75
2020-04-03 21:00:00+00:00,48881.0
2020-04-03 22:00:00+00:00,45880.25
2020-04-03 23:00:00+00:00,43782.25
2020-04-04 00:00:00+00:00,42843.75
2020-04-04 01:00:00+00:00,42461.5
2020-04-04 02:00:00+00:00,42739.75
2020-04-04 03:00:00+00:00,43277.25
2020-04-04 04:00:00+00:00,43525.0
2020-04-04 05:00:00+00:00,44927.0
2020-04-04 06:00:00+00:00,47670.5
2020-04-04 07:00:00+00:00,50468.25
2020-04-04 08:00:00+00:00,51958.25
2020-04-04 09:00:00+00:00,53545.75
2020-04-04 10:00:00+00:00,53519.25
2020-04-04 11:00:00+00:00,51397.75
2020-04-04 12:00:00+00:00,49616.75
2020-04-04 13:00:00+00:00,48572.0
2020-04-04 14:00:00+00:00,47446.0
2020-04-04 15:00:00+00:00,47965.0
2020-04-04 16:00:00+00:00,49515.75
2020-04-04 17:00:00+00:00,50447.0
2020-04-04 18:00:00+00:00,50805.5
2020-04-04 19:00:00+00:00,48664.75
2020-04-04 20:00:00+00:00,47422.0
2020-04-04 21:00:00+00:00,44022.25
2020-04-04 22:00:00+00:00,41745.75
2020-04-04 23:00:00+00:00,39760.25
2020-04-05 00:00:00+00:00,39138.0
2020-04-05 01:00:00+00:00,39301.25
2020-04-05 02:00:00+00:00,39940.75
2020-04-05 03:00:00+00:00,40094.5
2020-04-05 04:00:00+00:00,39771.5
2020-04-05 05:00:00+00:00,40568.0
2020-04-05 06:00:00+00:00,43776.0
2020-04-05 07:00:00+00:00,46594.0
2020-04-05 08:00:00+00:00,48626.25
2020-04-05 09:00:00+00:00,51155.25
2020-04-05 10:00:00+00:00,51004.25
2020-04-05 11:00:00+00:00,49224.5
2020-04-05 12:00:00+00:00,47396.5
2020-04-05 13:00:00+00:00,46434.25
2020-04-05 14:00:00+00:00,46093.0
2020-04-05 15:00:00+00:00,47410.25
2020-04-05 16:00:00+00:00,49178.75
2020-04-05 17:00:00+00:00,50220.0
2020-04-05 18:00:00+00:00,51645.75
2020-04-05 19:00:00+00:00,50480.0
2020-04-05 20:00:00+00:00,49710.25
2020-04-05 21:00:00+00:00,46636.0
2020-04-05 22:00:00+00:00,44346.25
2020-04-05 23:00:00+00:00,43024.75
2020-04-06 00:00:00+00:00,42133.75
2020-04-06 01:00:00+00:00,42161.25
2020-04-06 02:00:00+00:00,43346.75
2020-04-06 03:00:00+00:00,46820.5
2020-04-06 04:00:00+00:00,52472.0
2020-04-06 05:00:00+00:00,57254.75
2020-04-06 06:00:00+00:00,59592.75
2020-04-06 07:00:00+00:00,60345.5
2020-04-06 08:00:00+00:00,60757.75
2020-04-06 09:00:00+00:00,62392.25
2020-04-06 10:00:00+00:00,61285.5
2020-04-06 11:00:00+00:00,60529.75
2020-04-06 12:00:00+00:00,59420.5
2020-04-06 13:00:00+00:00,57703.0
2020-04-06 14:00:00+00:00,55940.5
2020-04-06 15:00:00+00:00,56068.0
2020-04-06 16:00:00+00:00,56533.25
2020-04-06 17:00:00+00:00,56739.5
2020-04-06 18:00:00+00:00,56991.5
2020-04-06 19:00:00+00:00,54735.25
2020-04-06 20:00:00+00:00,51768.25
2020-04-06 21:00:00+00:00,47387.75
2020-04-06 22:00:00+00:00,44654.25
2020-04-06 23:00:00+00:00,43019.5
2020-04-07 00:00:00+00:00,42184.5
2020-04-07 01:00:00+00:00,42523.5
2020-04-07 02:00:00+00:00,43772.5
2020-04-07 03:00:00+00:00,46414.75
2020-04-07 04:00:00+00:00,51893.75
2020-04-07 05:00:00+00:00,56672.25
2020-04-07 06:00:00+00:00,59972.25
2020-04-07 07:00:00+00:00,60254.25
2020-04-07 08:00:00+00:00,61425.75
2020-04-07 09:00:00+00:00,62590.25
2020-04-07 10:00:00+00:00,62016.5
2020-04-07 11:00:00+00:00,60452.0
2020-04-07 12:00:00+00:00,58488.5
2020-04-07 13:00:00+00:00,57307.75
2020-04-07 14:00:00+00:00,55615.0
2020-04-07 15:00:00+00:00,55365.5
2020-04-07 16:00:00+00:00,56397.5
2020-04-07 17:00:00+00:00,56959.25
2020-04-07 18:00:00+00:00,57125.0
2020-04-07 19:00:00+00:00,54258.5
2020-04-07 20:00:00+00:00,51132.5
2020-04-07 21:00:00+00:00,46953.5
2020-04-07 22:00:00+00:00,44252.0
2020-04-07 23:00:00+00:00,42730.75
2020-04-08 00:00:00+00:00,42063.25
2020-04-08 01:00:00+00:00,42335.5
2020-04-08 02:00:00+00:00,43551.0
2020-04-08 03:00:00+00:00,46276.25
2020-04-08 04:00:00+00:00,51846.0
2020-04-08 05:00:00+00:00,55782.25
2020-04-08 06:00:00+00:00,58583.25
2020-04-08 07:00:00+00:00,59271.25
2020-04-08 08:00:00+00:00,59638.75
2020-04-08 09:00:00+00:00,60712.75
2020-04-08 10:00:00+00:00,60133.75
2020-04-08 11:00:00+00:00,58898.5
2020-04-08 12:00:00+00:00,57210.5
2020-04-08 13:00:00+00:00,55913.0
2020-04-08 14:00:00+00:00,54732.5
2020-04-08 15:00:00+00:00,54911.75
2020-04-08 16:00:00+00:00,55379.25
2020-04-08 17:00:00+00:00,56034.25
2020-04-08 18:00:00+00:00,56330.5
2020-04-08 19:00:00+00:00,53969.0
2020-04-08 20:00:00+00:00,50806.5
2020-04-08 21:00:00+00:00,46948.75
2020-04-08 22:00:00+00:00,43864.25
2020-04-08 23:00:00+00:00,42124.5
2020-04-09 00:00:00+00:00,41287.75
2020-04-09 01:00:00+00:00,41337.0
2020-04-09 02:00:00+00:00,42718.0
2020-04-09 03:00:00+00:00,45784.5
2020-04-09 04:00:00+00:00,51132.25
2020-04-09 05:00:00+00:00,55291.75
2020-04-09 06:00:00+00:00,58311.75
2020-04-09 07:00:00+00:00,59127.5
2020-04-09 08:00:00+00:00,60327.0
2020-04-09 09:00:00+00:00,61670.75
2020-04-09 10:00:00+00:00,61240.0
2020-04-09 11:00:00+00:00,60005.0
2020-04-09 12:00:00+00:00,58459.75
2020-04-09 13:00:00+00:00,56643.0
2020-04-09 14:00:00+00:00,54699.5
2020-04-09 15:00:00+00:00,54542.5
2020-04-09 16:00:00+00:00,54605.25
2020-04-09 17:00:00+00:00,54765.25
2020-04-09 18:00:00+00:00,54585.5
2020-04-09 19:00:00+00:00,51624.5
2020-04-09 20:00:00+00:00,48478.0
2020-04-09 21:00:00+00:00,44242.0
2020-04-09 22:00:00+00:00,41208.75
2020-04-09 23:00:00+00:00,38580.0
2020-04-10 00:00:00+00:00,37404.5
2020-04-10 01:00:00+00:00,36884.25
2020-04-10 02:00:00+00:00,37128.0
2020-04-10 03:00:00+00:00,37343.25
2020-04-10 04:00:00+00:00,36992.75
2020-04-10 05:00:00+00:00,38057.75
2020-04-10 06:00:00+00:00,41477.25
2020-04-10 07:00:00+00:00,44745.5
2020-04-10 08:00:00+00:00,47037.75
2020-04-10 09:00:00+00:00,49376.25
2020-04-10 10:00:00+00:00,49766.0
2020-04-10 11:00:00+00:00,47680.0
2020-04-10 12:00:00+00:00,46003.25
2020-04-10 13:00:00+00:00,44808.5
2020-04-10 14:00:00+00:00,43823.0
2020-04-10 15:00:00+00:00,45046.0
2020-04-10 16:00:00+00:00,46565.75
2020-04-10 17:00:00+00:00,47059.5
2020-04-10 18:00:00+00:00,47571.25
2020-04-10 19:00:00+00:00,45841.75
2020-04-10 20:00:00+00:00,43859.0
2020-04-10 21:00:00+00:00,40894.25
2020-04-10 22:00:00+00:00,38733.0
2020-04-10 23:00:00+00:00,37045.25
2020-04-11 00:00:00+00:00,35803.5
2020-04-11 01:00:00+00:00,35695.5
2020-04-11 02:00:00+00:00,36004.5
2020-04-11 03:00:00+00:00,37125.25
2020-04-11 04:00:00+00:00,38469.25
2020-04-11 05:00:00+00:00,40659.25
2020-04-11 06:00:00+00:00,44114.25
2020-04-11 07:00:00+00:00,47066.25
2020-04-11 08:00:00+00:00,48386.25
2020-04-11 09:00:00+00:00,49804.0
2020-04-11 10:00:00+00:00,49548.75
2020-04-11 11:00:00+00:00,47860.5
2020-04-11 12:00:00+00:00,46526.0
2020-04-11 13:00:00+00:00,45554.5
2020-04-11 14:00:00+00:00,44712.5
2020-04-11 15:00:00+00:00,45279.75
2020-04-11 16:00:00+00:00,46584.0
2020-04-11 17:00:00+00:00,46894.25
2020-04-11 18:00:00+00:00,47454.25
2020-04-11 19:00:00+00:00,45994.0
2020-04-11 20:00:00+00:00,44140.0
2020-04-11 21:00:00+00:00,41063.0
2020-04-11 22:00:00+00:00,38255.0
2020-04-11 23:00:00+00:00,36665.75
2020-04-12 00:00:00+00:00,35865.0
2020-04-12 01:00:00+00:00,35380.5
2020-04-12 02:00:00+00:00,35417.75
2020-04-12 03:00:00+00:00,35662.25
2020-04-12 04:00:00+00:00,35453.0
2020-04-12 05:00:00+00:00,37085.75
2020-04-12 06:00:00+00:00,40624.0
2020-04-12 07:00:00+00:00,43445.25
2020-04-12 08:00:00+00:00,45480.25
2020-04-12 09:00:00+00:00,47139.0
2020-04-12 10:00:00+00:00,46670.75
2020-04-12 11:00:00+00:00,44593.75
2020-04-12 12:00:00+00:00,42504.0
2020-04-12 13:00:00+00:00,42036.75
2020-04-12 14:00:00+00:00,41677.25
2020-04-12 15:00:00+00:00,42293.0
2020-04-12 16:00:00+00:00,44239.25
2020-04-12 17:00:00+00:00,44893.75
2020-04-12 18:00:00+00:00,45269.5
2020-04-12 19:00:00+00:00,45099.0
2020-04-12 20:00:00+00:00,43508.0
2020-04-12 21:00:00+00:00,40359.75
2020-04-12 22:00:00+00:00,37567.75
2020-04-12 23:00:00+00:00,35937.25
2020-04-13 00:00:00+00:00,35359.0
2020-04-13 01:00:00+00:00,35355.75
2020-04-13 02:00:00+00:00,36046.75
2020-04-13 03:00:00+00:00,36856.5
2020-04-13 04:00:00+00:00,36942.25
2020-04-13 05:00:00+00:00,38425.25
2020-04-13 06:00:00+00:00,41482.5
2020-04-13 07:00:00+00:00,44716.75
2020-04-13 08:00:00+00:00,47882.25
2020-04-13 09:00:00+00:00,51060.5
2020-04-13 10:00:00+00:00,50966.75
2020-04-13 11:00:00+00:00,48924.75
2020-04-13 12:00:00+00:00,47203.5
2020-04-13 13:00:00+00:00,46010.25
2020-04-13 14:00:00+00:00,46033.75
2020-04-13 15:00:00+00:00,47327.75
2020-04-13 16:00:00+00:00,48603.5
2020-04-13 17:00:00+00:00,48304.0
2020-04-13 18:00:00+00:00,47811.75
2020-04-13 19:00:00+00:00,46975.25
2020-04-13 20:00:00+00:00,45819.0
2020-04-13 21:00:00+00:00,42571.5
2020-04-13 22:00:00+00:00,40093.75
2020-04-13 23:00:00+00:00,38100.75
2020-04-14 00:00:00+00:00,38443.0
2020-04-14 01:00:00+00:00,38741.0
2020-04-14 02:00:00+00:00,40226.5
2020-04-14 03:00:00+00:00,43482.5
2020-04-14 04:00:00+00:00,49299.5
2020-04-14 05:00:00+00:00,53707.75
2020-04-14 06:00:00+00:00,56887.75
2020-04-14 07:00:00+00:00,58611.75
2020-04-14 08:00:00+00:00,60711.75
2020-04-14 09:00:00+00:00,61296.25
2020-04-14 10:00:00+00:00,60795.75
2020-04-14 11:00:00+00:00,60138.5
2020-04-14 12:00:00+00:00,59207.25
2020-04-14 13:00:00+00:00,57874.0
2020-04-14 14:00:00+00:00,56513.75
2020-04-14 15:00:00+00:00,56398.5
2020-04-14 16:00:00+00:00,56028.25
2020-04-14 17:00:00+00:00,55819.0
2020-04-14 18:00:00+00:00,55319.25
2020-04-14 19:00:00+00:00,53876.5
2020-04-14 20:00:00+00:00,51133.5
2020-04-14 21:00:00+00:00,47851.25
2020-04-14 22:00:00+00:00,45077.25
2020-04-14 23:00:00+00:00,43057.75
2020-04-15 00:00:00+00:00,42601.0
2020-04-15 01:00:00+00:00,42978.25
2020-04-15 02:00:00+00:00,43925.5
2020-04-15 03:00:00+00:00,47323.0
2020-04-15 04:00:00+00:00,52471.5
2020-04-15 05:00:00+00:00,56267.75
2020-04-15 06:00:00+00:00,59030.75
2020-04-15 07:00:00+00:00,60288.75
2020-04-15 08:00:00+00:00,61616.0
2020-04-15 09:00:00+00:00,62865.25
2020-04-15 10:00:00+00:00,62241.5
2020-04-15 11:00:00+00:00,60469.25
2020-04-15 12:00:00+00:00,58513.0
2020-04-15 13:00:00+00:00,57031.25
2020-04-15 14:00:00+00:00,55903.0
2020-04-15 15:00:00+00:00,55472.25
2020-04-15 16:00:00+00:00,55509.75
2020-04-15 17:00:00+00:00,55635.25
2020-04-15 18:00:00+00:00,55593.5
2020-04-15 19:00:00+00:00,54283.5
2020-04-15 20:00:00+00:00,51327.75
2020-04-15 21:00:00+00:00,47202.75
2020-04-15 22:00:00+00:00,44529.25
2020-04-15 23:00:00+00:00,43050.0
2020-04-16 00:00:00+00:00,42601.5
2020-04-16 01:00:00+00:00,42614.5
2020-04-16 02:00:00+00:00,44057.5
2020-04-16 03:00:00+00:00,46958.25
2020-04-16 04:00:00+00:00,52172.5
2020-04-16 05:00:00+00:00,56219.0
2020-04-16 06:00:00+00:00,58745.25
2020-04-16 07:00:00+00:00,60031.25
2020-04-16 08:00:00+00:00,61102.5
2020-04-16 09:00:00+00:00,62615.0
2020-04-16 10:00:00+00:00,62141.0
2020-04-16 11:00:00+00:00,59887.75
2020-04-16 12:00:00+00:00,58326.75
2020-04-16 13:00:00+00:00,57253.0
2020-04-16 14:00:00+00:00,55574.5
2020-04-16 15:00:00+00:00,56228.0
2020-04-16 16:00:00+00:00,56185.75
2020-04-16 17:00:00+00:00,55837.0
2020-04-16 18:00:00+00:00,55417.0
2020-04-16 19:00:00+00:00,53689.75
2020-04-16 20:00:00+00:00,50629.0
2020-04-16 21:00:00+00:00,46910.75
2020-04-16 22:00:00+00:00,43848.0
2020-04-16 23:00:00+00:00,42281.25
2020-04-17 00:00:00+00:00,41211.5
2020-04-17 01:00:00+00:00,41070.0
2020-04-17 02:00:00+00:00,42100.25
2020-04-17 03:00:00+00:00,45083.25
2020-04-17 04:00:00+00:00,50264.25
2020-04-17 05:00:00+00:00,54279.5
2020-04-17 06:00:00+00:00,57306.25
2020-04-17 07:00:00+00:00,58460.0
2020-04-17 08:00:00+00:00,59532.25
2020-04-17 09:00:00+00:00,60435.75
2020-04-17 10:00:00+00:00,60020.0
2020-04-17 11:00:00+00:00,58276.25
2020-04-17 12:00:00+00:00,56108.5
2020-04-17 13:00:00+00:00,54424.75
2020-04-17 14:00:00+00:00,53017.5
2020-04-17 15:00:00+00:00,53408.0
2020-04-17 16:00:00+00:00,53951.5
2020-04-17 17:00:00+00:00,54065.0
2020-04-17 18:00:00+00:00,53816.75
2020-04-17 19:00:00+00:00,52194.75
2020-04-17 20:00:00+00:00,49327.5
2020-04-17 21:00:00+00:00,45242.25
2020-04-17 22:00:00+00:00,41559.5
2020-04-17 23:00:00+00:00,39588.0
2020-04-18 00:00:00+00:00,38574.25
2020-04-18 01:00:00+00:00,38666.5
2020-04-18 02:00:00+00:00,39230.25
2020-04-18 03:00:00+00:00,40080.5
2020-04-18 04:00:00+00:00,40525.75
2020-04-18 05:00:00+00:00,42729.25
2020-04-18 06:00:00+00:00,45902.25
2020-04-18 07:00:00+00:00,48150.5
2020-04-18 08:00:00+00:00,49808.25
2020-04-18 09:00:00+00:00,51141.5
2020-04-18 10:00:00+00:00,50696.75
2020-04-18 11:00:00+00:00,49740.25
2020-04-18 12:00:00+00:00,48570.5
2020-04-18 13:00:00+00:00,47341.25
2020-04-18 14:00:00+00:00,46754.0
2020-04-18 15:00:00+00:00,48443.5
2020-04-18 16:00:00+00:00,49407.25
2020-04-18 17:00:00+00:00,49261.25
2020-04-18 18:00:00+00:00,49141.25
2020-04-18 19:00:00+00:00,47781.75
2020-04-18 20:00:00+00:00,45602.75
2020-04-18 21:00:00+00:00,42594.75
2020-04-18 22:00:00+00:00,40071.25
2020-04-18 23:00:00+00:00,37898.75
2020-04-19 00:00:00+00:00,36693.75
2020-04-19 01:00:00+00:00,36046.25
2020-04-19 02:00:00+00:00,36328.5
2020-04-19 03:00:00+00:00,37004.5
2020-04-19 04:00:00+00:00,36796.75
2020-04-19 05:00:00+00:00,38412.0
2020-04-19 06:00:00+00:00,41926.5
2020-04-19 07:00:00+00:00,45676.75
2020-04-19 08:00:00+00:00,47950.75
2020-04-19 09:00:00+00:00,50646.5
2020-04-19 10:00:00+00:00,51021.25
2020-04-19 11:00:00+00:00,48696.0
2020-04-19 12:00:00+00:00,46777.25
2020-04-19 13:00:00+00:00,45770.5
2020-04-19 14:00:00+00:00,45415.0
2020-04-19 15:00:00+00:00,46368.0
2020-04-19 16:00:00+00:00,47734.25
2020-04-19 17:00:00+00:00,47932.5
2020-04-19 18:00:00+00:00,47842.0
2020-04-19 19:00:00+00:00,47649.0
2020-04-19 20:00:00+00:00,46520.5
2020-04-19 21:00:00+00:00,43629.75
2020-04-19 22:00:00+00:00,41529.75
2020-04-19 23:00:00+00:00,40046.0
2020-04-20 00:00:00+00:00,39332.5
2020-04-20 01:00:00+00:00,39776.0
2020-04-20 02:00:00+00:00,41348.5
2020-04-20 03:00:00+00:00,44657.5
2020-04-20 04:00:00+00:00,50673.75
2020-04-20 05:00:00+00:00,55857.25
2020-04-20 06:00:00+00:00,58663.0
2020-04-20 07:00:00+00:00,59230.75
2020-04-20 08:00:00+00:00,61186.25
2020-04-20 09:00:00+00:00,63392.5
2020-04-20 10:00:00+00:00,63769.75
2020-04-20 11:00:00+00:00,62437.5
2020-04-20 12:00:00+00:00,60620.0
2020-04-20 13:00:00+00:00,59371.75
2020-04-20 14:00:00+00:00,57931.5
2020-04-20 15:00:00+00:00,58449.25
2020-04-20 16:00:00+00:00,58646.75
2020-04-20 17:00:00+00:00,58852.5
2020-04-20 18:00:00+00:00,57586.75
2020-04-20 19:00:00+00:00,55769.5
2020-04-20 20:00:00+00:00,52383.0
2020-04-20 21:00:00+00:00,48526.0
2020-04-20 22:00:00+00:00,45453.25
2020-04-20 23:00:00+00:00,43478.75
2020-04-21 00:00:00+00:00,42795.25
2020-04-21 01:00:00+00:00,42985.0
2020-04-21 02:00:00+00:00,44174.75
2020-04-21 03:00:00+00:00,47342.5
2020-04-21 04:00:00+00:00,53461.5
2020-04-21 05:00:00+00:00,58298.5
2020-04-21 06:00:00+00:00,61023.25
2020-04-21 07:00:00+00:00,61913.75
2020-04-21 08:00:00+00:00,63505.0
2020-04-21 09:00:00+00:00,65572.5
2020-04-21 10:00:00+00:00,64989.0
2020-04-21 11:00:00+00:00,63137.25
2020-04-21 12:00:00+00:00,61599.5
2020-04-21 13:00:00+00:00,60343.0
2020-04-21 14:00:00+00:00,59557.75
2020-04-21 15:00:00+00:00,59401.0
2020-04-21 16:00:00+00:00,59956.0
2020-04-21 17:00:00+00:00,59579.5
2020-04-21 18:00:00+00:00,58142.0
2020-04-21 19:00:00+00:00,56571.5
2020-04-21 20:00:00+00:00,53285.75
2020-04-21 21:00:00+00:00,49035.5
2020-04-21 22:00:00+00:00,45613.75
2020-04-21 23:00:00+00:00,43523.0
2020-04-22 00:00:00+00:00,42541.25
2020-04-22 01:00:00+00:00,42531.75
2020-04-22 02:00:00+00:00,43894.5
2020-04-22 03:00:00+00:00,47065.0
2020-04-22 04:00:00+00:00,52983.75
2020-04-22 05:00:00+00:00,57995.25
2020-04-22 06:00:00+00:00,60737.0
2020-04-22 07:00:00+00:00,61364.75
2020-04-22 08:00:00+00:00,62239.0
2020-04-22 09:00:00+00:00,63967.25
2020-04-22 10:00:00+00:00,63640.5
2020-04-22 11:00:00+00:00,61818.25
2020-04-22 12:00:00+00:00,60165.5
2020-04-22 13:00:00+00:00,59334.5
2020-04-22 14:00:00+00:00,58439.0
2020-04-22 15:00:00+00:00,57892.5
2020-04-22 16:00:00+00:00,58200.25
2020-04-22 17:00:00+00:00,58361.5
2020-04-22 18:00:00+00:00,57222.75
2020-04-22 19:00:00+00:00,55108.0
2020-04-22 20:00:00+00:00,51549.0
2020-04-22 21:00:00+00:00,47641.75
2020-04-22 22:00:00+00:00,44942.5
2020-04-22 23:00:00+00:00,43338.0
2020-04-23 00:00:00+00:00,42100.75
2020-04-23 01:00:00+00:00,42088.5
2020-04-23 02:00:00+00:00,43295.5
2020-04-23 03:00:00+00:00,46287.75
2020-04-23 04:00:00+00:00,51331.75
2020-04-23 05:00:00+00:00,56287.5
2020-04-23 06:00:00+00:00,59108.5
2020-04-23 07:00:00+00:00,60155.0
2020-04-23 08:00:00+00:00,61327.75
2020-04-23 09:00:00+00:00,62602.0
2020-04-23 10:00:00+00:00,61843.75
2020-04-23 11:00:00+00:00,59860.75
2020-04-23 12:00:00+00:00,58557.0
2020-04-23 13:00:00+00:00,57451.25
2020-04-23 14:00:00+00:00,56109.0
2020-04-23 15:00:00+00:00,56000.5
2020-04-23 16:00:00+00:00,56405.25
2020-04-23 17:00:00+00:00,56155.5
2020-04-23 18:00:00+00:00,55394.5
2020-04-23 19:00:00+00:00,53737.0
2020-04-23 20:00:00+00:00,50542.0
2020-04-23 21:00:00+00:00,45894.5
2020-04-23 22:00:00+00:00,42927.25
2020-04-23 23:00:00+00:00,41298.5
2020-04-24 00:00:00+00:00,40400.25
2020-04-24 01:00:00+00:00,40782.75
2020-04-24 02:00:00+00:00,41764.75
2020-04-24 03:00:00+00:00,44640.75
2020-04-24 04:00:00+00:00,49929.0
2020-04-24 05:00:00+00:00,54783.25
2020-04-24 06:00:00+00:00,57922.5
2020-04-24 07:00:00+00:00,58839.0
2020-04-24 08:00:00+00:00,60058.75
2020-04-24 09:00:00+00:00,60990.25
2020-04-24 10:00:00+00:00,60985.0
2020-04-24 11:00:00+00:00,59877.75
2020-04-24 12:00:00+00:00,58125.25
2020-04-24 13:00:00+00:00,57053.0
2020-04-24 14:00:00+00:00,56128.0
2020-04-24 15:00:00+00:00,56064.25
2020-04-24 16:00:00+00:00,56120.5
2020-04-24 17:00:00+00:00,56514.0
2020-04-24 18:00:00+00:00,55006.5
2020-04-24 19:00:00+00:00,53055.25
2020-04-24 20:00:00+00:00,49772.75
2020-04-24 21:00:00+00:00,46208.0
2020-04-24 22:00:00+00:00,43275.0
2020-04-24 23:00:00+00:00,41221.25
2020-04-25 00:00:00+00:00,39386.75
2020-04-25 01:00:00+00:00,38789.0
2020-04-25 02:00:00+00:00,39318.5
2020-04-25 03:00:00+00:00,40096.5
2020-04-25 04:00:00+00:00,40930.0
2020-04-25 05:00:00+00:00,43727.0
2020-04-25 06:00:00+00:00,47484.25
2020-04-25 07:00:00+00:00,50419.0
2020-04-25 08:00:00+00:00,51425.0
2020-04-25 09:00:00+00:00,52491.0
2020-04-25 10:00:00+00:00,52248.5
2020-04-25 11:00:00+00:00,50474.5
2020-04-25 12:00:00+00:00,49027.75
2020-04-25 13:00:00+00:00,47551.5
2020-04-25 14:00:00+00:00,47132.5
2020-04-25 15:00:00+00:00,47993.25
2020-04-25 16:00:00+00:00,49766.5
2020-04-25 17:00:00+00:00,50217.0
2020-04-25 18:00:00+00:00,49606.75
2020-04-25 19:00:00+00:00,47775.5
2020-04-25 20:00:00+00:00,45265.25
2020-04-25 21:00:00+00:00,41857.75
2020-04-25 22:00:00+00:00,39605.75
2020-04-25 23:00:00+00:00,37569.25
2020-04-26 00:00:00+00:00,36574.0
2020-04-26 01:00:00+00:00,36663.5
2020-04-26 02:00:00+00:00,36767.25
2020-04-26 03:00:00+00:00,37009.0
2020-04-26 04:00:00+00:00,36741.0
2020-04-26 05:00:00+00:00,38396.0
2020-04-26 06:00:00+00:00,41975.5
2020-04-26 07:00:00+00:00,45021.25
2020-04-26 08:00:00+00:00,46826.25
2020-04-26 09:00:00+00:00,49121.25
2020-04-26 10:00:00+00:00,48411.25
2020-04-26 11:00:00+00:00,46579.0
2020-04-26 12:00:00+00:00,44945.75
2020-04-26 13:00:00+00:00,43406.75
2020-04-26 14:00:00+00:00,42741.5
2020-04-26 15:00:00+00:00,43859.75
2020-04-26 16:00:00+00:00,45936.0
2020-04-26 17:00:00+00:00,46866.5
2020-04-26 18:00:00+00:00,47112.75
2020-04-26 19:00:00+00:00,46462.0
2020-04-26 20:00:00+00:00,44980.25
2020-04-26 21:00:00+00:00,41732.0
2020-04-26 22:00:00+00:00,39269.75
2020-04-26 23:00:00+00:00,37953.0
2020-04-27 00:00:00+00:00,37619.5
2020-04-27 01:00:00+00:00,38377.75
2020-04-27 02:00:00+00:00,39491.5
2020-04-27 03:00:00+00:00,42959.0
2020-04-27 04:00:00+00:00,48735.5
2020-04-27 05:00:00+00:00,54512.5
2020-04-27 06:00:00+00:00,58103.75
2020-04-27 07:00:00+00:00,59119.75
2020-04-27 08:00:00+00:00,60131.0
2020-04-27 09:00:00+00:00,61192.0
2020-04-27 10:00:00+00:00,61012.0
2020-04-27 11:00:00+00:00,59641.25
2020-04-27 12:00:00+00:00,57886.5
2020-04-27 13:00:00+00:00,57044.25
2020-04-27 14:00:00+00:00,55679.5
2020-04-27 15:00:00+00:00,55579.0
2020-04-27 16:00:00+00:00,56340.5
2020-04-27 17:00:00+00:00,56453.25
2020-04-27 18:00:00+00:00,55514.25
2020-04-27 19:00:00+00:00,53624.0
2020-04-27 20:00:00+00:00,50091.25
2020-04-27 21:00:00+00:00,45921.0
2020-04-27 22:00:00+00:00,42895.25
2020-04-27 23:00:00+00:00,41454.0
2020-04-28 00:00:00+00:00,40438.75
2020-04-28 01:00:00+00:00,40359.5
2020-04-28 02:00:00+00:00,41445.25
2020-04-28 03:00:00+00:00,44778.0
2020-04-28 04:00:00+00:00,50754.0
2020-04-28 05:00:00+00:00,56432.25
2020-04-28 06:00:00+00:00,59516.5
2020-04-28 07:00:00+00:00,60393.75
2020-04-28 08:00:00+00:00,61298.25
2020-04-28 09:00:00+00:00,62852.5
2020-04-28 10:00:00+00:00,62053.5
2020-04-28 11:00:00+00:00,60148.5
2020-04-28 12:00:00+00:00,59201.75
2020-04-28 13:00:00+00:00,58329.25
2020-04-28 14:00:00+00:00,57274.0
2020-04-28 15:00:00+00:00,57902.5
2020-04-28 16:00:00+00:00,58109.25
2020-04-28 17:00:00+00:00,57816.0
2020-04-28 18:00:00+00:00,56579.25
2020-04-28 19:00:00+00:00,53826.75
2020-04-28 20:00:00+00:00,50217.5
2020-04-28 21:00:00+00:00,46112.5
2020-04-28 22:00:00+00:00,43067.5
2020-04-28 23:00:00+00:00,41238.25
2020-04-29 00:00:00+00:00,40598.0
2020-04-29 01:00:00+00:00,40936.25
2020-04-29 02:00:00+00:00,42318.5
2020-04-29 03:00:00+00:00,45334.0
2020-04-29 04:00:00+00:00,51225.5
2020-04-29 05:00:00+00:00,56553.5
2020-04-29 06:00:00+00:00,60019.25
2020-04-29 07:00:00+00:00,61355.0
2020-04-29 08:00:00+00:00,62619.75
2020-04-29 09:00:00+00:00,64194.75
2020-04-29 10:00:00+00:00,64149.0
2020-04-29 11:00:00+00:00,62202.0
2020-04-29 12:00:00+00:00,60825.0
2020-04-29 13:00:00+00:00,59632.75
2020-04-29 14:00:00+00:00,58224.25
2020-04-29 15:00:00+00:00,58221.25
2020-04-29 16:00:00+00:00,58461.0
2020-04-29 17:00:00+00:00,58021.25
2020-04-29 18:00:00+00:00,56552.75
2020-04-29 19:00:00+00:00,54175.25
2020-04-29 20:00:00+00:00,50553.25
2020-04-29 21:00:00+00:00,46738.25
2020-04-29 22:00:00+00:00,43951.75
2020-04-29 23:00:00+00:00,43003.5
2020-04-30 00:00:00+00:00,42458.0
2020-04-30 01:00:00+00:00,42803.75
2020-04-30 02:00:00+00:00,43822.25
2020-04-30 03:00:00+00:00,46586.25
2020-04-30 04:00:00+00:00,51996.75
2020-04-30 05:00:00+00:00,56779.5
2020-04-30 06:00:00+00:00,59688.0
2020-04-30 07:00:00+00:00,60433.25
2020-04-30 08:00:00+00:00,62226.25
2020-04-30 09:00:00+00:00,63136.5
2020-04-30 10:00:00+00:00,63510.5
2020-04-30 11:00:00+00:00,62038.5
2020-04-30 12:00:00+00:00,59910.75
2020-04-30 13:00:00+00:00,59353.5
2020-04-30 14:00:00+00:00,57579.25
2020-04-30 15:00:00+00:00,57390.0
2020-04-30 16:00:00+00:00,55797.25
2020-04-30 17:00:00+00:00,55476.0
2020-04-30 18:00:00+00:00,54182.75
2020-04-30 19:00:00+00:00,51295.5
2020-04-30 20:00:00+00:00,48777.5
2020-04-30 21:00:00+00:00,45102.0
2020-04-30 22:00:00+00:00,42226.25
2020-04-30 23:00:00+00:00,40106.25
2020-05-01 00:00:00+00:00,39004.75
2020-05-01 01:00:00+00:00,38538.75
2020-05-01 02:00:00+00:00,38482.25
2020-05-01 03:00:00+00:00,37761.75
2020-05-01 04:00:00+00:00,37313.5
2020-05-01 05:00:00+00:00,39113.0
2020-05-01 06:00:00+00:00,41813.75
2020-05-01 07:00:00+00:00,46045.0
2020-05-01 08:00:00+00:00,48431.75
2020-05-01 09:00:00+00:00,50194.5
2020-05-01 10:00:00+00:00,49850.75
2020-05-01 11:00:00+00:00,48332.75
2020-05-01 12:00:00+00:00,46118.25
2020-05-01 13:00:00+00:00,45541.5
2020-05-01 14:00:00+00:00,44766.0
2020-05-01 15:00:00+00:00,46004.75
2020-05-01 16:00:00+00:00,47229.75
2020-05-01 17:00:00+00:00,47754.5
2020-05-01 18:00:00+00:00,46606.75
2020-05-01 19:00:00+00:00,45490.25
2020-05-01 20:00:00+00:00,44314.0
2020-05-01 21:00:00+00:00,40800.5
2020-05-01 22:00:00+00:00,37748.5
2020-05-01 23:00:00+00:00,36196.25
2020-05-02 00:00:00+00:00,35537.0
2020-05-02 01:00:00+00:00,35549.25
2020-05-02 02:00:00+00:00,36245.75
2020-05-02 03:00:00+00:00,37346.5
2020-05-02 04:00:00+00:00,38488.5
2020-05-02 05:00:00+00:00,41202.0
2020-05-02 06:00:00+00:00,44476.0
2020-05-02 07:00:00+00:00,47696.25
2020-05-02 08:00:00+00:00,49381.75
2020-05-02 09:00:00+00:00,51342.5
2020-05-02 10:00:00+00:00,51933.75
2020-05-02 11:00:00+00:00,50155.0
2020-05-02 12:00:00+00:00,49213.25
2020-05-02 13:00:00+00:00,48591.75
2020-05-02 14:00:00+00:00,48665.5
2020-05-02 15:00:00+00:00,48858.0
2020-05-02 16:00:00+00:00,50120.0
2020-05-02 17:00:00+00:00,49598.75
2020-05-02 18:00:00+00:00,48283.25
2020-05-02 19:00:00+00:00,47073.0
2020-05-02 20:00:00+00:00,45553.0
2020-05-02 21:00:00+00:00,42672.5
2020-05-02 22:00:00+00:00,39586.0
2020-05-02 23:00:00+00:00,37195.5
2020-05-03 00:00:00+00:00,36040.0
2020-05-03 01:00:00+00:00,36072.75
2020-05-03 02:00:00+00:00,36335.75
2020-05-03 03:00:00+00:00,36233.0
2020-05-03 04:00:00+00:00,35810.0
2020-05-03 05:00:00+00:00,37472.5
2020-05-03 06:00:00+00:00,40443.0
2020-05-03 07:00:00+00:00,44083.5
2020-05-03 08:00:00+00:00,46231.25
2020-05-03 09:00:00+00:00,47771.0
2020-05-03 10:00:00+00:00,47615.25
2020-05-03 11:00:00+00:00,46223.75
2020-05-03 12:00:00+00:00,44900.75
2020-05-03 13:00:00+00:00,44244.25
2020-05-03 14:00:00+00:00,43912.25
2020-05-03 15:00:00+00:00,44777.0
2020-05-03 16:00:00+00:00,46887.25
2020-05-03 17:00:00+00:00,47047.0
2020-05-03 18:00:00+00:00,46709.5
2020-05-03 19:00:00+00:00,46002.5
2020-05-03 20:00:00+00:00,45034.75
2020-05-03 21:00:00+00:00,42081.25
2020-05-03 22:00:00+00:00,39034.0
2020-05-03 23:00:00+00:00,37759.25
2020-05-04 00:00:00+00:00,37032.0
2020-05-04 01:00:00+00:00,37190.5
2020-05-04 02:00:00+00:00,38494.25
2020-05-04 03:00:00+00:00,42436.25
2020-05-04 04:00:00+00:00,49520.0
2020-05-04 05:00:00+00:00,55182.25
2020-05-04 06:00:00+00:00,59051.75
2020-05-04 07:00:00+00:00,60228.75
2020-05-04 08:00:00+00:00,61490.75
2020-05-04 09:00:00+00:00,62917.75
2020-05-04 10:00:00+00:00,62264.25
2020-05-04 11:00:00+00:00,61112.0
2020-05-04 12:00:00+00:00,60077.75
2020-05-04 13:00:00+00:00,59828.75
2020-05-04 14:00:00+00:00,58508.5
2020-05-04 15:00:00+00:00,58596.0
2020-05-04 16:00:00+00:00,58300.75
2020-05-04 17:00:00+00:00,58466.25
2020-05-04 18:00:00+00:00,56806.5
2020-05-04 19:00:00+00:00,54464.25
2020-05-04 20:00:00+00:00,51950.25
2020-05-04 21:00:00+00:00,47675.5
2020-05-04 22:00:00+00:00,45307.5
2020-05-04 23:00:00+00:00,43248.0
2020-05-05 00:00:00+00:00,42581.5
2020-05-05 01:00:00+00:00,42817.5
2020-05-05 02:00:00+00:00,43683.75
2020-05-05 03:00:00+00:00,46474.0
2020-05-05 04:00:00+00:00,52465.5
2020-05-05 05:00:00+00:00,57256.25
2020-05-05 06:00:00+00:00,60641.0
2020-05-05 07:00:00+00:00,61779.5
2020-05-05 08:00:00+00:00,63010.25
2020-05-05 09:00:00+00:00,63791.5
2020-05-05 10:00:00+00:00,63214.0
2020-05-05 11:00:00+00:00,61353.25
2020-05-05 12:00:00+00:00,60429.5
2020-05-05 13:00:00+00:00,59898.75
2020-05-05 14:00:00+00:00,58630.5
2020-05-05 15:00:00+00:00,58248.0
2020-05-05 16:00:00+00:00,57852.5
2020-05-05 17:00:00+00:00,57737.25
2020-05-05 18:00:00+00:00,56554.5
2020-05-05 19:00:00+00:00,54953.5
2020-05-05 20:00:00+00:00,51544.5
2020-05-05 21:00:00+00:00,47278.25
2020-05-05 22:00:00+00:00,44128.0
2020-05-05 23:00:00+00:00,42304.0
2020-05-06 00:00:00+00:00,41530.5
2020-05-06 01:00:00+00:00,42163.5
2020-05-06 02:00:00+00:00,43906.25
2020-05-06 03:00:00+00:00,46758.5
2020-05-06 04:00:00+00:00,52818.25
2020-05-06 05:00:00+00:00,57728.25
2020-05-06 06:00:00+00:00,60534.5
2020-05-06 07:00:00+00:00,60945.0
2020-05-06 08:00:00+00:00,62197.5
2020-05-06 09:00:00+00:00,63182.5
2020-05-06 10:00:00+00:00,62677.25
2020-05-06 11:00:00+00:00,61711.75
2020-05-06 12:00:00+00:00,59837.75
2020-05-06 13:00:00+00:00,59027.0
2020-05-06 14:00:00+00:00,58042.0
2020-05-06 15:00:00+00:00,57602.5
2020-05-06 16:00:00+00:00,58527.75
2020-05-06 17:00:00+00:00,58523.25
2020-05-06 18:00:00+00:00,57053.75
2020-05-06 19:00:00+00:00,55570.75
2020-05-06 20:00:00+00:00,52395.75
2020-05-06 21:00:00+00:00,48184.0
2020-05-06 22:00:00+00:00,45242.25
2020-05-06 23:00:00+00:00,43197.5
2020-05-07 00:00:00+00:00,42178.25
2020-05-07 01:00:00+00:00,42336.75
2020-05-07 02:00:00+00:00,43490.75
2020-05-07 03:00:00+00:00,46190.75
2020-05-07 04:00:00+00:00,51757.75
2020-05-07 05:00:00+00:00,56760.5
2020-05-07 06:00:00+00:00,60012.0
2020-05-07 07:00:00+00:00,60642.75
2020-05-07 08:00:00+00:00,61362.0
2020-05-07 09:00:00+00:00,62704.5
2020-05-07 10:00:00+00:00,61960.25
2020-05-07 11:00:00+00:00,60469.0
2020-05-07 12:00:00+00:00,59425.25
2020-05-07 13:00:00+00:00,58429.75
2020-05-07 14:00:00+00:00,56646.0
2020-05-07 15:00:00+00:00,56479.75
2020-05-07 16:00:00+00:00,56743.25
2020-05-07 17:00:00+00:00,56945.25
2020-05-07 18:00:00+00:00,55798.0
2020-05-07 19:00:00+00:00,54218.75
2020-05-07 20:00:00+00:00,50934.25
2020-05-07 21:00:00+00:00,46566.75
2020-05-07 22:00:00+00:00,43469.0
2020-05-07 23:00:00+00:00,41492.5
2020-05-08 00:00:00+00:00,40603.25
2020-05-08 01:00:00+00:00,41001.0
2020-05-08 02:00:00+00:00,42042.5
2020-05-08 03:00:00+00:00,44420.75
2020-05-08 04:00:00+00:00,49865.0
2020-05-08 05:00:00+00:00,55173.25
2020-05-08 06:00:00+00:00,58216.5
2020-05-08 07:00:00+00:00,58855.0
2020-05-08 08:00:00+00:00,59886.25
2020-05-08 09:00:00+00:00,60982.0
2020-05-08 10:00:00+00:00,60814.75
2020-05-08 11:00:00+00:00,59045.0
2020-05-08 12:00:00+00:00,57150.5
2020-05-08 13:00:00+00:00,55833.5
2020-05-08 14:00:00+00:00,54804.5
2020-05-08 15:00:00+00:00,54426.75
2020-05-08 16:00:00+00:00,54547.75
2020-05-08 17:00:00+00:00,54470.25
2020-05-08 18:00:00+00:00,53135.0
2020-05-08 19:00:00+00:00,51375.0
2020-05-08 20:00:00+00:00,48556.0
2020-05-08 21:00:00+00:00,44420.5
2020-05-08 22:00:00+00:00,41194.5
2020-05-08 23:00:00+00:00,38917.75
2020-05-09 00:00:00+00:00,37757.5
2020-05-09 01:00:00+00:00,37247.5
2020-05-09 02:00:00+00:00,37390.0
2020-05-09 03:00:00+00:00,37902.25
2020-05-09 04:00:00+00:00,39086.25
2020-05-09 05:00:00+00:00,42148.0
2020-05-09 06:00:00+00:00,45797.25
2020-05-09 07:00:00+00:00,48766.75
2020-05-09 08:00:00+00:00,50830.0
2020-05-09 09:00:00+00:00,51909.25
2020-05-09 10:00:00+00:00,51564.0
2020-05-09 11:00:00+00:00,50058.0
2020-05-09 12:00:00+00:00,47899.75
2020-05-09 13:00:00+00:00,47048.0
2020-05-09 14:00:00+00:00,46523.75
2020-05-09 15:00:00+00:00,47093.0
2020-05-09 16:00:00+00:00,47678.25
2020-05-09 17:00:00+00:00,47465.75
2020-05-09 18:00:00+00:00,46806.5
2020-05-09 19:00:00+00:00,46177.5
2020-05-09 20:00:00+00:00,44675.0
2020-05-09 21:00:00+00:00,41550.25
2020-05-09 22:00:00+00:00,38389.25
2020-05-09 23:00:00+00:00,36854.5
2020-05-10 00:00:00+00:00,35349.5
2020-05-10 01:00:00+00:00,35061.75
2020-05-10 02:00:00+00:00,35350.0
2020-05-10 03:00:00+00:00,35076.0
2020-05-10 04:00:00+00:00,35538.5
2020-05-10 05:00:00+00:00,37546.25
2020-05-10 06:00:00+00:00,40969.0
2020-05-10 07:00:00+00:00,43535.25
2020-05-10 08:00:00+00:00,45757.5
2020-05-10 09:00:00+00:00,48242.5
2020-05-10 10:00:00+00:00,48077.25
2020-05-10 11:00:00+00:00,46352.25
2020-05-10 12:00:00+00:00,44934.5
2020-05-10 13:00:00+00:00,43543.0
2020-05-10 14:00:00+00:00,42965.0
2020-05-10 15:00:00+00:00,44472.25
2020-05-10 16:00:00+00:00,46443.5
2020-05-10 17:00:00+00:00,47481.75
2020-05-10 18:00:00+00:00,47413.25
2020-05-10 19:00:00+00:00,47248.75
2020-05-10 20:00:00+00:00,46833.25
2020-05-10 21:00:00+00:00,43842.75
2020-05-10 22:00:00+00:00,41996.75
2020-05-10 23:00:00+00:00,40687.5
2020-05-11 00:00:00+00:00,39557.0
2020-05-11 01:00:00+00:00,39647.75
2020-05-11 02:00:00+00:00,41420.75
2020-05-11 03:00:00+00:00,45255.75
2020-05-11 04:00:00+00:00,52392.25
2020-05-11 05:00:00+00:00,58128.0
2020-05-11 06:00:00+00:00,61757.0
2020-05-11 07:00:00+00:00,62974.75
2020-05-11 08:00:00+00:00,65440.5
2020-05-11 09:00:00+00:00,66743.25
2020-05-11 10:00:00+00:00,66447.0
2020-05-11 11:00:00+00:00,65516.0
2020-05-11 12:00:00+00:00,64601.0
2020-05-11 13:00:00+00:00,63200.0
2020-05-11 14:00:00+00:00,62311.75
2020-05-11 15:00:00+00:00,61981.75
2020-05-11 16:00:00+00:00,61478.25
2020-05-11 17:00:00+00:00,60431.5
2020-05-11 18:00:00+00:00,57961.5
2020-05-11 19:00:00+00:00,56447.25
2020-05-11 20:00:00+00:00,53712.25
2020-05-11 21:00:00+00:00,49768.25
2020-05-11 22:00:00+00:00,47139.75
2020-05-11 23:00:00+00:00,45105.25
2020-05-12 00:00:00+00:00,44254.75
2020-05-12 01:00:00+00:00,44138.25
2020-05-12 02:00:00+00:00,44985.75
2020-05-12 03:00:00+00:00,47596.75
2020-05-12 04:00:00+00:00,53460.25
2020-05-12 05:00:00+00:00,57905.25
2020-05-12 06:00:00+00:00,61069.5
2020-05-12 07:00:00+00:00,62602.25
2020-05-12 08:00:00+00:00,63521.75
2020-05-12 09:00:00+00:00,64535.75
2020-05-12 10:00:00+00:00,64466.25
2020-05-12 11:00:00+00:00,63582.0
2020-05-12 12:00:00+00:00,61891.5
2020-05-12 13:00:00+00:00,60823.5
2020-05-12 14:00:00+00:00,60151.0
2020-05-12 15:00:00+00:00,59520.25
2020-05-12 16:00:00+00:00,59568.25
2020-05-12 17:00:00+00:00,58530.75
2020-05-12 18:00:00+00:00,56412.0
2020-05-12 19:00:00+00:00,54512.75
2020-05-12 20:00:00+00:00,51820.25
2020-05-12 21:00:00+00:00,47993.25
2020-05-12 22:00:00+00:00,45401.25
2020-05-12 23:00:00+00:00,43423.25
2020-05-13 00:00:00+00:00,42597.75
2020-05-13 01:00:00+00:00,42560.5
2020-05-13 02:00:00+00:00,43953.0
2020-05-13 03:00:00+00:00,47124.75
2020-05-13 04:00:00+00:00,52342.0
2020-05-13 05:00:00+00:00,57090.5
2020-05-13 06:00:00+00:00,60101.25
2020-05-13 07:00:00+00:00,61453.25
2020-05-13 08:00:00+00:00,61881.5
2020-05-13 09:00:00+00:00,63719.5
2020-05-13 10:00:00+00:00,63228.25
2020-05-13 11:00:00+00:00,61552.25
2020-05-13 12:00:00+00:00,60618.25
2020-05-13 13:00:00+00:00,59490.0
2020-05-13 14:00:00+00:00,58450.75
2020-05-13 15:00:00+00:00,58918.5
2020-05-13 16:00:00+00:00,59326.5
2020-05-13 17:00:00+00:00,58670.75
2020-05-13 18:00:00+00:00,56754.75
2020-05-13 19:00:00+00:00,54592.75
2020-05-13 20:00:00+00:00,51390.5
2020-05-13 21:00:00+00:00,47567.25
2020-05-13 22:00:00+00:00,44727.0
2020-05-13 23:00:00+00:00,43337.0
2020-05-14 00:00:00+00:00,42666.5
2020-05-14 01:00:00+00:00,42682.0
2020-05-14 02:00:00+00:00,44014.75
2020-05-14 03:00:00+00:00,46611.75
2020-05-14 04:00:00+00:00,52302.0
2020-05-14 05:00:00+00:00,57322.75
2020-05-14 06:00:00+00:00,60480.75
2020-05-14 07:00:00+00:00,61495.5
2020-05-14 08:00:00+00:00,62540.5
2020-05-14 09:00:00+00:00,63816.0
2020-05-14 10:00:00+00:00,63671.5
2020-05-14 11:00:00+00:00,62517.25
2020-05-14 12:00:00+00:00,61232.5
2020-05-14 13:00:00+00:00,59774.75
2020-05-14 14:00:00+00:00,58410.75
2020-05-14 15:00:00+00:00,58691.5
2020-05-14 16:00:00+00:00,58998.25
2020-05-14 17:00:00+00:00,58156.25
2020-05-14 18:00:00+00:00,56281.5
2020-05-14 19:00:00+00:00,54363.0
2020-05-14 20:00:00+00:00,51696.5
2020-05-14 21:00:00+00:00,47242.75
2020-05-14 22:00:00+00:00,44613.25
2020-05-14 23:00:00+00:00,42762.25
2020-05-15 00:00:00+00:00,43076.5
2020-05-15 01:00:00+00:00,43590.5
2020-05-15 02:00:00+00:00,45095.0
2020-05-15 03:00:00+00:00,47159.25
2020-05-15 04:00:00+00:00,52011.75
2020-05-15 05:00:00+00:00,56498.25
2020-05-15 06:00:00+00:00,60006.0
2020-05-15 07:00:00+00:00,61228.0
2020-05-15 08:00:00+00:00,62506.5
2020-05-15 09:00:00+00:00,63630.0
2020-05-15 10:00:00+00:00,63596.5
2020-05-15 11:00:00+00:00,61965.25
2020-05-15 12:00:00+00:00,60075.5
2020-05-15 13:00:00+00:00,59088.5
2020-05-15 14:00:00+00:00,58136.75
2020-05-15 15:00:00+00:00,57852.25
2020-05-15 16:00:00+00:00,58042.5
2020-05-15 17:00:00+00:00,57390.75
2020-05-15 18:00:00+00:00,54995.0
2020-05-15 19:00:00+00:00,53025.5
2020-05-15 20:00:00+00:00,50787.25
2020-05-15 21:00:00+00:00,46993.0
2020-05-15 22:00:00+00:00,43380.25
2020-05-15 23:00:00+00:00,41489.25
2020-05-16 00:00:00+00:00,40719.5
2020-05-16 01:00:00+00:00,40554.25
2020-05-16 02:00:00+00:00,40794.25
2020-05-16 03:00:00+00:00,41041.25
2020-05-16 04:00:00+00:00,41824.5
2020-05-16 05:00:00+00:00,44414.0
2020-05-16 06:00:00+00:00,48453.25
2020-05-16 07:00:00+00:00,51577.25
2020-05-16 08:00:00+00:00,52993.75
2020-05-16 09:00:00+00:00,54154.0
2020-05-16 10:00:00+00:00,53668.25
2020-05-16 11:00:00+00:00,51999.25
2020-05-16 12:00:00+00:00,50574.25
2020-05-16 13:00:00+00:00,49334.0
2020-05-16 14:00:00+00:00,48346.75
2020-05-16 15:00:00+00:00,48904.25
2020-05-16 16:00:00+00:00,49449.25
2020-05-16 17:00:00+00:00,49259.75
2020-05-16 18:00:00+00:00,48196.25
2020-05-16 19:00:00+00:00,47429.25
2020-05-16 20:00:00+00:00,46072.25
2020-05-16 21:00:00+00:00,42856.0
2020-05-16 22:00:00+00:00,39727.25
2020-05-16 23:00:00+00:00,38139.0
2020-05-17 00:00:00+00:00,37287.0
2020-05-17 01:00:00+00:00,36840.25
2020-05-17 02:00:00+00:00,36870.25
2020-05-17 03:00:00+00:00,36648.25
2020-05-17 04:00:00+00:00,36873.5
2020-05-17 05:00:00+00:00,38843.25
2020-05-17 06:00:00+00:00,42303.5
2020-05-17 07:00:00+00:00,45743.25
2020-05-17 08:00:00+00:00,48170.0
2020-05-17 09:00:00+00:00,50462.0
2020-05-17 10:00:00+00:00,50165.0
2020-05-17 11:00:00+00:00,48118.5
2020-05-17 12:00:00+00:00,46065.0
2020-05-17 13:00:00+00:00,45178.5
2020-05-17 14:00:00+00:00,45034.25
2020-05-17 15:00:00+00:00,45906.0
2020-05-17 16:00:00+00:00,47638.0
2020-05-17 17:00:00+00:00,48289.75
2020-05-17 18:00:00+00:00,47732.25
2020-05-17 19:00:00+00:00,47526.75
2020-05-17 20:00:00+00:00,46972.75
2020-05-17 21:00:00+00:00,43793.5
2020-05-17 22:00:00+00:00,41418.0
2020-05-17 23:00:00+00:00,40130.5
2020-05-18 00:00:00+00:00,39288.75
2020-05-18 01:00:00+00:00,39640.75
2020-05-18 02:00:00+00:00,41039.25
2020-05-18 03:00:00+00:00,43873.75
2020-05-18 04:00:00+00:00,50612.5
2020-05-18 05:00:00+00:00,55739.25
2020-05-18 06:00:00+00:00,59172.25
2020-05-18 07:00:00+00:00,60336.75
2020-05-18 08:00:00+00:00,61563.5
2020-05-18 09:00:00+00:00,63210.0
2020-05-18 10:00:00+00:00,62723.5
2020-05-18 11:00:00+00:00,61327.0
2020-05-18 12:00:00+00:00,60513.25
2020-05-18 13:00:00+00:00,59657.5
2020-05-18 14:00:00+00:00,58541.5
2020-05-18 15:00:00+00:00,58402.75
2020-05-18 16:00:00+00:00,58177.25
2020-05-18 17:00:00+00:00,57824.0
2020-05-18 18:00:00+00:00,56534.75
2020-05-18 19:00:00+00:00,54839.75
2020-05-18 20:00:00+00:00,51629.0
2020-05-18 21:00:00+00:00,47002.25
2020-05-18 22:00:00+00:00,44061.0
2020-05-18 23:00:00+00:00,42463.25
2020-05-19 00:00:00+00:00,41859.25
2020-05-19 01:00:00+00:00,42127.0
2020-05-19 02:00:00+00:00,43233.75
2020-05-19 03:00:00+00:00,46040.5
2020-05-19 04:00:00+00:00,52110.0
2020-05-19 05:00:00+00:00,57387.75
2020-05-19 06:00:00+00:00,60950.75
2020-05-19 07:00:00+00:00,61916.25
2020-05-19 08:00:00+00:00,63190.0
2020-05-19 09:00:00+00:00,64421.75
2020-05-19 10:00:00+00:00,63759.25
2020-05-19 11:00:00+00:00,63216.5
2020-05-19 12:00:00+00:00,61463.5
2020-05-19 13:00:00+00:00,60388.25
2020-05-19 14:00:00+00:00,58718.5
2020-05-19 15:00:00+00:00,58516.75
2020-05-19 16:00:00+00:00,58517.25
2020-05-19 17:00:00+00:00,58105.25
2020-05-19 18:00:00+00:00,55959.5
2020-05-19 19:00:00+00:00,53806.25
2020-05-19 20:00:00+00:00,50745.5
2020-05-19 21:00:00+00:00,45936.5
2020-05-19 22:00:00+00:00,42861.75
2020-05-19 23:00:00+00:00,41359.75
2020-05-20 00:00:00+00:00,40574.75
2020-05-20 01:00:00+00:00,40705.5
2020-05-20 02:00:00+00:00,41609.25
2020-05-20 03:00:00+00:00,43765.75
2020-05-20 04:00:00+00:00,49820.25
2020-05-20 05:00:00+00:00,55132.25
2020-05-20 06:00:00+00:00,58491.0
2020-05-20 07:00:00+00:00,59555.75
2020-05-20 08:00:00+00:00,60783.75
2020-05-20 09:00:00+00:00,61723.0
2020-05-20 10:00:00+00:00,61487.5
2020-05-20 11:00:00+00:00,60143.25
2020-05-20 12:00:00+00:00,58437.0
2020-05-20 13:00:00+00:00,57310.75
2020-05-20 14:00:00+00:00,55946.0
2020-05-20 15:00:00+00:00,55574.75
2020-05-20 16:00:00+00:00,55339.75
2020-05-20 17:00:00+00:00,54558.0
2020-05-20 18:00:00+00:00,52648.0
2020-05-20 19:00:00+00:00,50541.5
2020-05-20 20:00:00+00:00,47763.5
2020-05-20 21:00:00+00:00,43556.25
2020-05-20 22:00:00+00:00,40619.75
2020-05-20 23:00:00+00:00,38716.5
2020-05-21 00:00:00+00:00,37515.75
2020-05-21 01:00:00+00:00,37390.5
2020-05-21 02:00:00+00:00,37186.5
2020-05-21 03:00:00+00:00,36229.75
2020-05-21 04:00:00+00:00,36294.0
2020-05-21 05:00:00+00:00,38622.25
2020-05-21 06:00:00+00:00,42437.75
2020-05-21 07:00:00+00:00,45429.25
2020-05-21 08:00:00+00:00,46967.0
2020-05-21 09:00:00+00:00,48362.75
2020-05-21 10:00:00+00:00,47706.75
2020-05-21 11:00:00+00:00,45750.0
2020-05-21 12:00:00+00:00,44198.0
2020-05-21 13:00:00+00:00,43424.5
2020-05-21 14:00:00+00:00,42940.75
2020-05-21 15:00:00+00:00,43303.25
2020-05-21 16:00:00+00:00,44685.0
2020-05-21 17:00:00+00:00,45146.75
2020-05-21 18:00:00+00:00,45040.75
2020-05-21 19:00:00+00:00,45260.0
2020-05-21 20:00:00+00:00,44667.75
2020-05-21 21:00:00+00:00,41739.5
2020-05-21 22:00:00+00:00,38955.75
2020-05-21 23:00:00+00:00,37515.5
2020-05-22 00:00:00+00:00,36872.0
2020-05-22 01:00:00+00:00,36880.25
2020-05-22 02:00:00+00:00,37415.75
2020-05-22 03:00:00+00:00,38843.75
2020-05-22 04:00:00+00:00,42719.25
2020-05-22 05:00:00+00:00,47004.75
2020-05-22 06:00:00+00:00,50462.5
2020-05-22 07:00:00+00:00,52580.75
2020-05-22 08:00:00+00:00,54577.75
2020-05-22 09:00:00+00:00,56410.25
2020-05-22 10:00:00+00:00,56665.0
2020-05-22 11:00:00+00:00,56197.25
2020-05-22 12:00:00+00:00,54493.25
2020-05-22 13:00:00+00:00,53658.0
2020-05-22 14:00:00+00:00,52906.0
2020-05-22 15:00:00+00:00,53368.25
2020-05-22 16:00:00+00:00,53718.75
2020-05-22 17:00:00+00:00,53451.5
2020-05-22 18:00:00+00:00,51395.25
2020-05-22 19:00:00+00:00,49840.5
2020-05-22 20:00:00+00:00,47831.75
2020-05-22 21:00:00+00:00,44204.25
2020-05-22 22:00:00+00:00,41013.75
2020-05-22 23:00:00+00:00,39223.5
2020-05-23 00:00:00+00:00,38257.25
2020-05-23 01:00:00+00:00,37543.5
2020-05-23 02:00:00+00:00,37639.75
2020-05-23 03:00:00+00:00,38018.25
2020-05-23 04:00:00+00:00,39277.25
2020-05-23 05:00:00+00:00,42251.0
2020-05-23 06:00:00+00:00,45715.25
2020-05-23 07:00:00+00:00,48380.5
2020-05-23 08:00:00+00:00,50832.0
2020-05-23 09:00:00+00:00,52990.25
2020-05-23 10:00:00+00:00,53415.25
2020-05-23 11:00:00+00:00,53009.25
2020-05-23 12:00:00+00:00,51488.75
2020-05-23 13:00:00+00:00,50801.25
2020-05-23 14:00:00+00:00,50805.5
2020-05-23 15:00:00+00:00,51882.75
2020-05-23 16:00:00+00:00,52089.25
2020-05-23 17:00:00+00:00,51069.0
2020-05-23 18:00:00+00:00,48896.75
2020-05-23 19:00:00+00:00,47020.75
2020-05-23 20:00:00+00:00,45595.75
2020-05-23 21:00:00+00:00,42591.5
2020-05-23 22:00:00+00:00,39403.75
2020-05-23 23:00:00+00:00,37706.0
2020-05-24 00:00:00+00:00,36915.25
2020-05-24 01:00:00+00:00,36367.75
2020-05-24 02:00:00+00:00,36274.75
2020-05-24 03:00:00+00:00,35886.75
2020-05-24 04:00:00+00:00,36247.25
2020-05-24 05:00:00+00:00,38355.0
2020-05-24 06:00:00+00:00,42276.5
2020-05-24 07:00:00+00:00,46022.0
2020-05-24 08:00:00+00:00,48866.25
2020-05-24 09:00:00+00:00,51529.25
2020-05-24 10:00:00+00:00,51470.0
2020-05-24 11:00:00+00:00,49079.75
2020-05-24 12:00:00+00:00,47640.25
2020-05-24 13:00:00+00:00,46642.0
2020-05-24 14:00:00+00:00,46680.0
2020-05-24 15:00:00+00:00,47605.75
2020-05-24 16:00:00+00:00,49106.25
2020-05-24 17:00:00+00:00,48619.5
2020-05-24 18:00:00+00:00,47108.0
2020-05-24 19:00:00+00:00,46395.5
2020-05-24 20:00:00+00:00,46191.25
2020-05-24 21:00:00+00:00,43079.0
2020-05-24 22:00:00+00:00,40687.0
2020-05-24 23:00:00+00:00,39270.5
2020-05-25 00:00:00+00:00,38760.0
2020-05-25 01:00:00+00:00,38853.5
2020-05-25 02:00:00+00:00,40147.25
2020-05-25 03:00:00+00:00,43339.5
2020-05-25 04:00:00+00:00,50897.5
2020-05-25 05:00:00+00:00,57233.75
2020-05-25 06:00:00+00:00,61024.25
2020-05-25 07:00:00+00:00,62684.75
2020-05-25 08:00:00+00:00,64113.0
2020-05-25 09:00:00+00:00,65752.0
2020-05-25 10:00:00+00:00,65591.25
2020-05-25 11:00:00+00:00,63757.25
2020-05-25 12:00:00+00:00,62431.75
2020-05-25 13:00:00+00:00,60865.25
2020-05-25 14:00:00+00:00,59545.75
2020-05-25 15:00:00+00:00,59105.25
2020-05-25 16:00:00+00:00,58313.25
2020-05-25 17:00:00+00:00,57289.5
2020-05-25 18:00:00+00:00,54873.25
2020-05-25 19:00:00+00:00,52760.0
2020-05-25 20:00:00+00:00,50435.75
2020-05-25 21:00:00+00:00,46041.75
2020-05-25 22:00:00+00:00,43256.5
2020-05-25 23:00:00+00:00,41983.25
2020-05-26 00:00:00+00:00,40820.0
2020-05-26 01:00:00+00:00,41074.75
2020-05-26 02:00:00+00:00,42170.5
2020-05-26 03:00:00+00:00,44260.0
2020-05-26 04:00:00+00:00,50749.75
2020-05-26 05:00:00+00:00,56258.5
2020-05-26 06:00:00+00:00,59893.5
2020-05-26 07:00:00+00:00,60707.25
2020-05-26 08:00:00+00:00,61607.75
2020-05-26 09:00:00+00:00,63182.5
2020-05-26 10:00:00+00:00,62638.25
2020-05-26 11:00:00+00:00,61548.0
2020-05-26 12:00:00+00:00,60194.75
2020-05-26 13:00:00+00:00,58868.75
2020-05-26 14:00:00+00:00,57613.0
2020-05-26 15:00:00+00:00,57260.5
2020-05-26 16:00:00+00:00,57058.5
2020-05-26 17:00:00+00:00,56087.5
2020-05-26 18:00:00+00:00,54056.5
2020-05-26 19:00:00+00:00,52383.75
2020-05-26 20:00:00+00:00,50246.75
2020-05-26 21:00:00+00:00,45997.75
2020-05-26 22:00:00+00:00,42896.5
2020-05-26 23:00:00+00:00,41065.25
2020-05-27 00:00:00+00:00,40354.0
2020-05-27 01:00:00+00:00,40785.5
2020-05-27 02:00:00+00:00,41955.25
2020-05-27 03:00:00+00:00,44251.5
2020-05-27 04:00:00+00:00,50990.25
2020-05-27 05:00:00+00:00,57091.0
2020-05-27 06:00:00+00:00,60167.25
2020-05-27 07:00:00+00:00,61402.75
2020-05-27 08:00:00+00:00,62512.75
2020-05-27 09:00:00+00:00,63714.25
2020-05-27 10:00:00+00:00,63739.0
2020-05-27 11:00:00+00:00,62163.75
2020-05-27 12:00:00+00:00,60705.0
2020-05-27 13:00:00+00:00,59504.25
2020-05-27 14:00:00+00:00,58451.25
2020-05-27 15:00:00+00:00,58383.0
2020-05-27 16:00:00+00:00,58915.75
2020-05-27 17:00:00+00:00,58248.0
2020-05-27 18:00:00+00:00,56316.75
2020-05-27 19:00:00+00:00,54276.25
2020-05-27 20:00:00+00:00,51696.0
2020-05-27 21:00:00+00:00,47504.0
2020-05-27 22:00:00+00:00,43720.0
2020-05-27 23:00:00+00:00,42602.0
2020-05-28 00:00:00+00:00,42165.75
2020-05-28 01:00:00+00:00,42183.0
2020-05-28 02:00:00+00:00,42839.0
2020-05-28 03:00:00+00:00,44842.75
2020-05-28 04:00:00+00:00,50910.0
2020-05-28 05:00:00+00:00,56553.75
2020-05-28 06:00:00+00:00,59821.75
2020-05-28 07:00:00+00:00,60763.25
2020-05-28 08:00:00+00:00,62049.75
2020-05-28 09:00:00+00:00,63196.5
2020-05-28 10:00:00+00:00,63401.75
2020-05-28 11:00:00+00:00,62663.0
2020-05-28 12:00:00+00:00,60985.5
2020-05-28 13:00:00+00:00,60003.25
2020-05-28 14:00:00+00:00,59295.0
2020-05-28 15:00:00+00:00,58617.5
2020-05-28 16:00:00+00:00,58109.0
2020-05-28 17:00:00+00:00,57332.75
2020-05-28 18:00:00+00:00,54801.75
2020-05-28 19:00:00+00:00,52562.5
2020-05-28 20:00:00+00:00,50291.25
2020-05-28 21:00:00+00:00,45784.25
2020-05-28 22:00:00+00:00,42771.5
2020-05-28 23:00:00+00:00,40977.75
2020-05-29 00:00:00+00:00,40086.0
2020-05-29 01:00:00+00:00,40142.0
2020-05-29 02:00:00+00:00,41248.0
2020-05-29 03:00:00+00:00,43426.0
2020-05-29 04:00:00+00:00,49419.5
2020-05-29 05:00:00+00:00,54909.0
2020-05-29 06:00:00+00:00,58198.0
2020-05-29 07:00:00+00:00,59181.25
2020-05-29 08:00:00+00:00,59948.25
2020-05-29 09:00:00+00:00,60969.0
2020-05-29 10:00:00+00:00,60381.25
2020-05-29 11:00:00+00:00,58577.5
2020-05-29 12:00:00+00:00,57065.25
2020-05-29 13:00:00+00:00,55711.25
2020-05-29 14:00:00+00:00,55113.75
2020-05-29 15:00:00+00:00,54604.0
2020-05-29 16:00:00+00:00,54486.75
2020-05-29 17:00:00+00:00,53794.0
2020-05-29 18:00:00+00:00,51712.5
2020-05-29 19:00:00+00:00,49916.25
2020-05-29 20:00:00+00:00,48300.75
2020-05-29 21:00:00+00:00,44271.5
2020-05-29 22:00:00+00:00,41035.75
2020-05-29 23:00:00+00:00,38923.0
2020-05-30 00:00:00+00:00,37838.75
2020-05-30 01:00:00+00:00,37382.5
2020-05-30 02:00:00+00:00,37216.25
2020-05-30 03:00:00+00:00,37515.75
2020-05-30 04:00:00+00:00,38915.25
2020-05-30 05:00:00+00:00,41811.5
2020-05-30 06:00:00+00:00,46143.0
2020-05-30 07:00:00+00:00,49303.5
2020-05-30 08:00:00+00:00,50981.75
2020-05-30 09:00:00+00:00,52144.75
2020-05-30 10:00:00+00:00,51594.0
2020-05-30 11:00:00+00:00,50009.0
2020-05-30 12:00:00+00:00,48633.5
2020-05-30 13:00:00+00:00,47972.0
2020-05-30 14:00:00+00:00,47660.0
2020-05-30 15:00:00+00:00,47965.0
2020-05-30 16:00:00+00:00,48556.0
2020-05-30 17:00:00+00:00,48283.0
2020-05-30 18:00:00+00:00,46590.0
2020-05-30 19:00:00+00:00,45148.5
2020-05-30 20:00:00+00:00,44084.75
2020-05-30 21:00:00+00:00,40866.0
2020-05-30 22:00:00+00:00,38035.5
2020-05-30 23:00:00+00:00,36199.5
2020-05-31 00:00:00+00:00,35116.5
2020-05-31 01:00:00+00:00,34606.75
2020-05-31 02:00:00+00:00,34389.75
2020-05-31 03:00:00+00:00,34036.0
2020-05-31 04:00:00+00:00,34555.25
2020-05-31 05:00:00+00:00,36730.0
2020-05-31 06:00:00+00:00,40528.0
2020-05-31 07:00:00+00:00,44010.25
2020-05-31 08:00:00+00:00,46411.5
2020-05-31 09:00:00+00:00,48668.75
2020-05-31 10:00:00+00:00,48825.25
2020-05-31 11:00:00+00:00,46238.25
2020-05-31 12:00:00+00:00,44449.75
2020-05-31 13:00:00+00:00,43602.0
2020-05-31 14:00:00+00:00,43850.25
2020-05-31 15:00:00+00:00,44659.25
2020-05-31 16:00:00+00:00,45864.5
2020-05-31 17:00:00+00:00,45604.0
2020-05-31 18:00:00+00:00,44737.25
2020-05-31 19:00:00+00:00,43728.25
2020-05-31 20:00:00+00:00,43059.0
2020-05-31 21:00:00+00:00,39844.25
2020-05-31 22:00:00+00:00,37124.0
2020-05-31 23:00:00+00:00,35016.75
2020-06-01 00:00:00+00:00,33767.75
2020-06-01 01:00:00+00:00,33042.5
2020-06-01 02:00:00+00:00,33591.5
2020-06-01 03:00:00+00:00,33331.0
2020-06-01 04:00:00+00:00,34122.0
2020-06-01 05:00:00+00:00,36557.0
2020-06-01 06:00:00+00:00,40093.25
2020-06-01 07:00:00+00:00,43188.25
2020-06-01 08:00:00+00:00,45045.25
2020-06-01 09:00:00+00:00,47813.25
2020-06-01 10:00:00+00:00,47461.25
2020-06-01 11:00:00+00:00,45391.75
2020-06-01 12:00:00+00:00,43881.0
2020-06-01 13:00:00+00:00,43234.25
2020-06-01 14:00:00+00:00,42977.25
2020-06-01 15:00:00+00:00,43756.0
2020-06-01 16:00:00+00:00,45218.75
2020-06-01 17:00:00+00:00,45304.75
2020-06-01 18:00:00+00:00,44748.0
2020-06-01 19:00:00+00:00,44262.0
2020-06-01 20:00:00+00:00,44198.25
2020-06-01 21:00:00+00:00,40788.75
2020-06-01 22:00:00+00:00,38157.0
2020-06-01 23:00:00+00:00,36711.25
2020-06-02 00:00:00+00:00,35983.75
2020-06-02 01:00:00+00:00,36154.0
2020-06-02 02:00:00+00:00,37325.0
2020-06-02 03:00:00+00:00,40890.75
2020-06-02 04:00:00+00:00,48847.5
2020-06-02 05:00:00+00:00,55138.5
2020-06-02 06:00:00+00:00,59072.0
2020-06-02 07:00:00+00:00,60684.75
2020-06-02 08:00:00+00:00,62127.25
2020-06-02 09:00:00+00:00,63496.75
2020-06-02 10:00:00+00:00,63370.75
2020-06-02 11:00:00+00:00,62547.25
2020-06-02 12:00:00+00:00,60878.5
2020-06-02 13:00:00+00:00,59586.5
2020-06-02 14:00:00+00:00,58091.5
2020-06-02 15:00:00+00:00,57742.0
2020-06-02 16:00:00+00:00,57795.75
2020-06-02 17:00:00+00:00,56641.5
2020-06-02 18:00:00+00:00,54366.5
2020-06-02 19:00:00+00:00,52346.5
2020-06-02 20:00:00+00:00,50209.0
2020-06-02 21:00:00+00:00,46267.75
2020-06-02 22:00:00+00:00,42797.5
2020-06-02 23:00:00+00:00,41121.5
2020-06-03 00:00:00+00:00,40303.25
2020-06-03 01:00:00+00:00,40390.5
2020-06-03 02:00:00+00:00,40993.75
2020-06-03 03:00:00+00:00,43453.25
2020-06-03 04:00:00+00:00,50311.5
2020-06-03 05:00:00+00:00,56079.75
2020-06-03 06:00:00+00:00,60013.75
2020-06-03 07:00:00+00:00,61022.0
2020-06-03 08:00:00+00:00,62422.0
2020-06-03 09:00:00+00:00,63690.5
2020-06-03 10:00:00+00:00,63861.5
2020-06-03 11:00:00+00:00,63037.5
2020-06-03 12:00:00+00:00,61328.5
2020-06-03 13:00:00+00:00,60675.5
2020-06-03 14:00:00+00:00,59741.25
2020-06-03 15:00:00+00:00,59744.75
2020-06-03 16:00:00+00:00,59226.5
2020-06-03 17:00:00+00:00,58173.0
2020-06-03 18:00:00+00:00,55520.5
2020-06-03 19:00:00+00:00,53094.75
2020-06-03 20:00:00+00:00,50983.25
2020-06-03 21:00:00+00:00,46853.75
2020-06-03 22:00:00+00:00,43569.0
2020-06-03 23:00:00+00:00,42067.0
2020-06-04 00:00:00+00:00,41388.5
2020-06-04 01:00:00+00:00,41284.75
2020-06-04 02:00:00+00:00,42337.0
2020-06-04 03:00:00+00:00,44937.0
2020-06-04 04:00:00+00:00,51623.0
2020-06-04 05:00:00+00:00,57233.25
2020-06-04 06:00:00+00:00,60484.5
2020-06-04 07:00:00+00:00,62359.0
2020-06-04 08:00:00+00:00,64101.75
2020-06-04 09:00:00+00:00,65950.0
2020-06-04 10:00:00+00:00,65705.75
2020-06-04 11:00:00+00:00,64549.5
2020-06-04 12:00:00+00:00,63734.5
2020-06-04 13:00:00+00:00,62961.0
2020-06-04 14:00:00+00:00,61863.75
2020-06-04 15:00:00+00:00,61601.75
2020-06-04 16:00:00+00:00,61535.0
2020-06-04 17:00:00+00:00,60538.75
2020-06-04 18:00:00+00:00,57642.75
2020-06-04 19:00:00+00:00,54758.0
2020-06-04 20:00:00+00:00,52059.75
2020-06-04 21:00:00+00:00,48067.0
2020-06-04 22:00:00+00:00,45089.25
2020-06-04 23:00:00+00:00,42510.25
2020-06-05 00:00:00+00:00,42210.25
2020-06-05 01:00:00+00:00,42225.5
2020-06-05 02:00:00+00:00,42549.5
2020-06-05 03:00:00+00:00,45412.25
2020-06-05 04:00:00+00:00,51499.75
2020-06-05 05:00:00+00:00,56486.5
2020-06-05 06:00:00+00:00,60079.0
2020-06-05 07:00:00+00:00,61817.5
2020-06-05 08:00:00+00:00,63118.75
2020-06-05 09:00:00+00:00,64971.0
2020-06-05 10:00:00+00:00,65017.0
2020-06-05 11:00:00+00:00,62931.25
2020-06-05 12:00:00+00:00,61359.25
2020-06-05 13:00:00+00:00,60267.0
2020-06-05 14:00:00+00:00,58531.75
2020-06-05 15:00:00+00:00,59115.75
2020-06-05 16:00:00+00:00,58825.0
2020-06-05 17:00:00+00:00,57896.75
2020-06-05 18:00:00+00:00,55002.25
2020-06-05 19:00:00+00:00,53264.25
2020-06-05 20:00:00+00:00,51431.0
2020-06-05 21:00:00+00:00,47933.0
2020-06-05 22:00:00+00:00,45178.0
2020-06-05 23:00:00+00:00,43102.0
2020-06-06 00:00:00+00:00,41946.75
2020-06-06 01:00:00+00:00,41002.75
2020-06-06 02:00:00+00:00,41056.5
2020-06-06 03:00:00+00:00,40788.25
2020-06-06 04:00:00+00:00,41912.0
2020-06-06 05:00:00+00:00,44635.0
2020-06-06 06:00:00+00:00,49136.75
2020-06-06 07:00:00+00:00,52175.5
2020-06-06 08:00:00+00:00,54422.5
2020-06-06 09:00:00+00:00,56216.25
2020-06-06 10:00:00+00:00,55206.75
2020-06-06 11:00:00+00:00,54027.25
2020-06-06 12:00:00+00:00,52275.5
2020-06-06 13:00:00+00:00,50616.0
2020-06-06 14:00:00+00:00,49315.75
2020-06-06 15:00:00+00:00,50102.25
2020-06-06 16:00:00+00:00,50884.25
2020-06-06 17:00:00+00:00,49932.25
2020-06-06 18:00:00+00:00,47577.25
2020-06-06 19:00:00+00:00,46074.0
2020-06-06 20:00:00+00:00,45335.0
2020-06-06 21:00:00+00:00,42481.75
2020-06-06 22:00:00+00:00,39924.75
2020-06-06 23:00:00+00:00,37653.25
2020-06-07 00:00:00+00:00,36160.25
2020-06-07 01:00:00+00:00,35930.75
2020-06-07 02:00:00+00:00,35911.0
2020-06-07 03:00:00+00:00,35574.25
2020-06-07 04:00:00+00:00,36316.25
2020-06-07 05:00:00+00:00,38294.0
2020-06-07 06:00:00+00:00,41564.75
2020-06-07 07:00:00+00:00,45199.0
2020-06-07 08:00:00+00:00,47896.0
2020-06-07 09:00:00+00:00,50733.0
2020-06-07 10:00:00+00:00,50485.75
2020-06-07 11:00:00+00:00,48265.0
2020-06-07 12:00:00+00:00,46462.75
2020-06-07 13:00:00+00:00,46122.0
2020-06-07 14:00:00+00:00,45882.25
2020-06-07 15:00:00+00:00,46506.25
2020-06-07 16:00:00+00:00,47672.0
2020-06-07 17:00:00+00:00,47254.25
2020-06-07 18:00:00+00:00,45685.0
2020-06-07 19:00:00+00:00,44806.75
2020-06-07 20:00:00+00:00,44934.75
2020-06-07 21:00:00+00:00,42007.25
2020-06-07 22:00:00+00:00,39683.25
2020-06-07 23:00:00+00:00,38139.5
2020-06-08 00:00:00+00:00,37512.75
2020-06-08 01:00:00+00:00,37672.75
2020-06-08 02:00:00+00:00,38951.75
2020-06-08 03:00:00+00:00,42038.5
2020-06-08 04:00:00+00:00,49429.5
2020-06-08 05:00:00+00:00,55335.0
2020-06-08 06:00:00+00:00,58787.5
2020-06-08 07:00:00+00:00,59786.25
2020-06-08 08:00:00+00:00,60951.0
2020-06-08 09:00:00+00:00,62831.25
2020-06-08 10:00:00+00:00,62614.75
2020-06-08 11:00:00+00:00,61400.5
2020-06-08 12:00:00+00:00,60035.75
2020-06-08 13:00:00+00:00,58980.75
2020-06-08 14:00:00+00:00,57721.75
2020-06-08 15:00:00+00:00,57731.75
2020-06-08 16:00:00+00:00,57487.25
2020-06-08 17:00:00+00:00,56952.0
2020-06-08 18:00:00+00:00,54628.5
2020-06-08 19:00:00+00:00,52240.0
2020-06-08 20:00:00+00:00,50354.5
2020-06-08 21:00:00+00:00,46518.75
2020-06-08 22:00:00+00:00,43448.5
2020-06-08 23:00:00+00:00,41627.5
2020-06-09 00:00:00+00:00,40698.5
2020-06-09 01:00:00+00:00,40513.0
2020-06-09 02:00:00+00:00,41304.0
2020-06-09 03:00:00+00:00,44015.5
2020-06-09 04:00:00+00:00,50721.75
2020-06-09 05:00:00+00:00,56489.5
2020-06-09 06:00:00+00:00,59890.25
2020-06-09 07:00:00+00:00,60907.25
2020-06-09 08:00:00+00:00,62147.5
2020-06-09 09:00:00+00:00,63895.5
2020-06-09 10:00:00+00:00,63817.75
2020-06-09 11:00:00+00:00,62171.0
2020-06-09 12:00:00+00:00,60886.0
2020-06-09 13:00:00+00:00,60208.25
2020-06-09 14:00:00+00:00,58784.75
2020-06-09 15:00:00+00:00,58763.75
2020-06-09 16:00:00+00:00,58624.5
2020-06-09 17:00:00+00:00,57999.25
2020-06-09 18:00:00+00:00,55591.0
2020-06-09 19:00:00+00:00,53425.75
2020-06-09 20:00:00+00:00,51359.75
2020-06-09 21:00:00+00:00,47026.5
2020-06-09 22:00:00+00:00,43516.5
2020-06-09 23:00:00+00:00,41552.0
2020-06-10 00:00:00+00:00,40635.0
2020-06-10 01:00:00+00:00,40667.75
2020-06-10 02:00:00+00:00,41475.25
2020-06-10 03:00:00+00:00,44295.5
2020-06-10 04:00:00+00:00,51107.5
2020-06-10 05:00:00+00:00,56796.75
2020-06-10 06:00:00+00:00,60028.25
2020-06-10 07:00:00+00:00,61118.25
2020-06-10 08:00:00+00:00,62682.75
2020-06-10 09:00:00+00:00,64013.0
2020-06-10 10:00:00+00:00,63741.5
2020-06-10 11:00:00+00:00,62271.5
2020-06-10 12:00:00+00:00,60636.0
2020-06-10 13:00:00+00:00,59663.25
2020-06-10 14:00:00+00:00,58740.75
2020-06-10 15:00:00+00:00,58518.0
2020-06-10 16:00:00+00:00,58522.0
2020-06-10 17:00:00+00:00,57492.5
2020-06-10 18:00:00+00:00,55056.75
2020-06-10 19:00:00+00:00,52494.5
2020-06-10 20:00:00+00:00,49841.25
2020-06-10 21:00:00+00:00,45698.0
2020-06-10 22:00:00+00:00,42504.5
2020-06-10 23:00:00+00:00,40765.0
2020-06-11 00:00:00+00:00,39659.5
2020-06-11 01:00:00+00:00,39519.5
2020-06-11 02:00:00+00:00,39867.25
2020-06-11 03:00:00+00:00,40801.5
2020-06-11 04:00:00+00:00,42745.25
2020-06-11 05:00:00+00:00,45447.5
2020-06-11 06:00:00+00:00,48384.5
2020-06-11 07:00:00+00:00,50639.0
2020-06-11 08:00:00+00:00,52577.5
2020-06-11 09:00:00+00:00,54623.5
2020-06-11 10:00:00+00:00,54819.75
2020-06-11 11:00:00+00:00,53431.0
2020-06-11 12:00:00+00:00,52035.5
2020-06-11 13:00:00+00:00,50663.75
2020-06-11 14:00:00+00:00,50046.0
2020-06-11 15:00:00+00:00,50881.0
2020-06-11 16:00:00+00:00,51271.0
2020-06-11 17:00:00+00:00,50427.0
2020-06-11 18:00:00+00:00,48882.25
2020-06-11 19:00:00+00:00,47913.75
2020-06-11 20:00:00+00:00,47088.5
2020-06-11 21:00:00+00:00,43355.75
2020-06-11 22:00:00+00:00,40201.0
2020-06-11 23:00:00+00:00,38298.0
2020-06-12 00:00:00+00:00,37543.5
2020-06-12 01:00:00+00:00,37638.5
2020-06-12 02:00:00+00:00,38509.0
2020-06-12 03:00:00+00:00,40825.5
2020-06-12 04:00:00+00:00,45904.25
2020-06-12 05:00:00+00:00,50727.0
2020-06-12 06:00:00+00:00,54313.0
2020-06-12 07:00:00+00:00,55798.25
2020-06-12 08:00:00+00:00,56810.5
2020-06-12 09:00:00+00:00,58116.75
2020-06-12 10:00:00+00:00,58225.25
2020-06-12 11:00:00+00:00,56906.0
2020-06-12 12:00:00+00:00,55934.0
2020-06-12 13:00:00+00:00,55184.75
2020-06-12 14:00:00+00:00,54290.25
2020-06-12 15:00:00+00:00,54491.75
2020-06-12 16:00:00+00:00,54512.25
2020-06-12 17:00:00+00:00,53240.5
2020-06-12 18:00:00+00:00,50952.25
2020-06-12 19:00:00+00:00,49096.25
2020-06-12 20:00:00+00:00,48672.25
2020-06-12 21:00:00+00:00,45205.75
2020-06-12 22:00:00+00:00,41298.75
2020-06-12 23:00:00+00:00,39495.5
2020-06-13 00:00:00+00:00,38705.25
2020-06-13 01:00:00+00:00,37825.25
2020-06-13 02:00:00+00:00,37575.0
2020-06-13 03:00:00+00:00,37621.75
2020-06-13 04:00:00+00:00,39208.0
2020-06-13 05:00:00+00:00,42427.25
2020-06-13 06:00:00+00:00,46349.0
2020-06-13 07:00:00+00:00,49420.0
2020-06-13 08:00:00+00:00,51783.5
2020-06-13 09:00:00+00:00,52973.5
2020-06-13 10:00:00+00:00,52987.0
2020-06-13 11:00:00+00:00,51908.75
2020-06-13 12:00:00+00:00,50337.25
2020-06-13 13:00:00+00:00,49560.5
2020-06-13 14:00:00+00:00,49172.75
2020-06-13 15:00:00+00:00,50522.75
2020-06-13 16:00:00+00:00,51101.25
2020-06-13 17:00:00+00:00,50087.5
2020-06-13 18:00:00+00:00,47591.5
2020-06-13 19:00:00+00:00,46154.5
2020-06-13 20:00:00+00:00,44932.5
2020-06-13 21:00:00+00:00,42099.0
2020-06-13 22:00:00+00:00,39522.0
2020-06-13 23:00:00+00:00,37835.75
2020-06-14 00:00:00+00:00,36642.25
2020-06-14 01:00:00+00:00,35910.5
2020-06-14 02:00:00+00:00,35375.75
2020-06-14 03:00:00+00:00,35126.0
2020-06-14 04:00:00+00:00,36037.5
2020-06-14 05:00:00+00:00,38695.5
2020-06-14 06:00:00+00:00,42065.0
2020-06-14 07:00:00+00:00,45018.25
2020-06-14 08:00:00+00:00,47766.0
2020-06-14 09:00:00+00:00,50557.5
2020-06-14 10:00:00+00:00,50481.25
2020-06-14 11:00:00+00:00,48597.0
2020-06-14 12:00:00+00:00,47145.5
2020-06-14 13:00:00+00:00,46328.0
2020-06-14 14:00:00+00:00,46385.0
2020-06-14 15:00:00+00:00,48050.0
2020-06-14 16:00:00+00:00,49242.5
2020-06-14 17:00:00+00:00,48500.75
2020-06-14 18:00:00+00:00,46863.25
2020-06-14 19:00:00+00:00,45862.5
2020-06-14 20:00:00+00:00,45388.5
2020-06-14 21:00:00+00:00,42315.75
2020-06-14 22:00:00+00:00,40047.25
2020-06-14 23:00:00+00:00,38151.25
2020-06-15 00:00:00+00:00,37156.0
2020-06-15 01:00:00+00:00,37142.5
2020-06-15 02:00:00+00:00,38206.0
2020-06-15 03:00:00+00:00,41646.25
2020-06-15 04:00:00+00:00,49564.75
2020-06-15 05:00:00+00:00,55522.25
2020-06-15 06:00:00+00:00,59255.75
2020-06-15 07:00:00+00:00,60718.75
2020-06-15 08:00:00+00:00,62292.25
2020-06-15 09:00:00+00:00,63699.25
2020-06-15 10:00:00+00:00,63463.5
2020-06-15 11:00:00+00:00,61936.25
2020-06-15 12:00:00+00:00,60639.75
2020-06-15 13:00:00+00:00,59787.75
2020-06-15 14:00:00+00:00,58596.25
2020-06-15 15:00:00+00:00,58677.0
2020-06-15 16:00:00+00:00,58529.5
2020-06-15 17:00:00+00:00,57598.5
2020-06-15 18:00:00+00:00,54609.0
2020-06-15 19:00:00+00:00,52003.5
2020-06-15 20:00:00+00:00,49810.0
2020-06-15 21:00:00+00:00,45663.25
2020-06-15 22:00:00+00:00,42745.5
2020-06-15 23:00:00+00:00,41396.0
2020-06-16 00:00:00+00:00,40521.25
2020-06-16 01:00:00+00:00,40463.75
2020-06-16 02:00:00+00:00,41161.75
2020-06-16 03:00:00+00:00,44110.5
2020-06-16 04:00:00+00:00,51762.75
2020-06-16 05:00:00+00:00,57852.5
2020-06-16 06:00:00+00:00,61121.0
2020-06-16 07:00:00+00:00,62162.75
2020-06-16 08:00:00+00:00,63520.0
2020-06-16 09:00:00+00:00,64885.25
2020-06-16 10:00:00+00:00,64670.25
2020-06-16 11:00:00+00:00,63197.0
2020-06-16 12:00:00+00:00,61326.75
2020-06-16 13:00:00+00:00,60179.25
2020-06-16 14:00:00+00:00,59130.0
2020-06-16 15:00:00+00:00,59048.25
2020-06-16 16:00:00+00:00,58626.75
2020-06-16 17:00:00+00:00,57610.5
2020-06-16 18:00:00+00:00,55046.5
2020-06-16 19:00:00+00:00,52473.75
2020-06-16 20:00:00+00:00,50408.25
2020-06-16 21:00:00+00:00,46324.5
2020-06-16 22:00:00+00:00,43139.25
2020-06-16 23:00:00+00:00,41355.5
2020-06-17 00:00:00+00:00,40334.75
2020-06-17 01:00:00+00:00,40529.0
2020-06-17 02:00:00+00:00,41364.75
2020-06-17 03:00:00+00:00,43923.75
2020-06-17 04:00:00+00:00,51072.75
2020-06-17 05:00:00+00:00,57207.0
2020-06-17 06:00:00+00:00,60518.0
2020-06-17 07:00:00+00:00,61547.25
2020-06-17 08:00:00+00:00,62817.25
2020-06-17 09:00:00+00:00,64089.75
2020-06-17 10:00:00+00:00,63776.0
2020-06-17 11:00:00+00:00,62693.25
2020-06-17 12:00:00+00:00,61567.5
2020-06-17 13:00:00+00:00,60544.25
2020-06-17 14:00:00+00:00,60229.5
2020-06-17 15:00:00+00:00,60153.75
2020-06-17 16:00:00+00:00,59710.5
2020-06-17 17:00:00+00:00,58426.25
2020-06-17 18:00:00+00:00,56023.5
2020-06-17 19:00:00+00:00,53119.0
2020-06-17 20:00:00+00:00,50817.75
2020-06-17 21:00:00+00:00,47113.0
2020-06-17 22:00:00+00:00,44100.0
2020-06-17 23:00:00+00:00,42167.25
2020-06-18 00:00:00+00:00,41241.0
2020-06-18 01:00:00+00:00,41207.25
2020-06-18 02:00:00+00:00,42361.75
2020-06-18 03:00:00+00:00,44808.0
2020-06-18 04:00:00+00:00,51925.75
2020-06-18 05:00:00+00:00,57755.75
2020-06-18 06:00:00+00:00,61053.25
2020-06-18 07:00:00+00:00,62226.75
2020-06-18 08:00:00+00:00,63554.0
2020-06-18 09:00:00+00:00,64763.0
2020-06-18 10:00:00+00:00,64268.5
2020-06-18 11:00:00+00:00,63292.75
2020-06-18 12:00:00+00:00,62078.75
2020-06-18 13:00:00+00:00,61039.5
2020-06-18 14:00:00+00:00,59590.0
2020-06-18 15:00:00+00:00,59299.25
2020-06-18 16:00:00+00:00,58888.0
2020-06-18 17:00:00+00:00,57929.25
2020-06-18 18:00:00+00:00,55233.25
2020-06-18 19:00:00+00:00,52545.75
2020-06-18 20:00:00+00:00,50678.75
2020-06-18 21:00:00+00:00,46761.25
2020-06-18 22:00:00+00:00,43865.25
2020-06-18 23:00:00+00:00,41858.75
2020-06-19 00:00:00+00:00,40610.25
2020-06-19 01:00:00+00:00,40504.75
2020-06-19 02:00:00+00:00,41404.0
2020-06-19 03:00:00+00:00,43627.25
2020-06-19 04:00:00+00:00,50350.0
2020-06-19 05:00:00+00:00,56116.75
2020-06-19 06:00:00+00:00,59281.5
2020-06-19 07:00:00+00:00,60306.0
2020-06-19 08:00:00+00:00,61397.5
2020-06-19 09:00:00+00:00,62319.25
2020-06-19 10:00:00+00:00,61571.0
2020-06-19 11:00:00+00:00,59617.5
2020-06-19 12:00:00+00:00,58277.25
2020-06-19 13:00:00+00:00,57531.0
2020-06-19 14:00:00+00:00,56917.75
2020-06-19 15:00:00+00:00,56601.5
2020-06-19 16:00:00+00:00,56457.75
2020-06-19 17:00:00+00:00,55566.5
2020-06-19 18:00:00+00:00,52877.0
2020-06-19 19:00:00+00:00,50284.25
2020-06-19 20:00:00+00:00,48402.5
2020-06-19 21:00:00+00:00,44655.75
2020-06-19 22:00:00+00:00,41518.0
2020-06-19 23:00:00+00:00,39485.5
2020-06-20 00:00:00+00:00,38248.25
2020-06-20 01:00:00+00:00,38048.75
2020-06-20 02:00:00+00:00,38030.5
2020-06-20 03:00:00+00:00,37772.0
2020-06-20 04:00:00+00:00,39885.5
2020-06-20 05:00:00+00:00,43177.25
2020-06-20 06:00:00+00:00,46969.0
2020-06-20 07:00:00+00:00,50290.75
2020-06-20 08:00:00+00:00,52396.0
2020-06-20 09:00:00+00:00,53685.25
2020-06-20 10:00:00+00:00,53048.75
2020-06-20 11:00:00+00:00,51105.5
2020-06-20 12:00:00+00:00,49480.5
2020-06-20 13:00:00+00:00,48584.25
2020-06-20 14:00:00+00:00,48447.25
2020-06-20 15:00:00+00:00,48922.75
2020-06-20 16:00:00+00:00,49734.0
2020-06-20 17:00:00+00:00,49287.25
2020-06-20 18:00:00+00:00,47279.0
2020-06-20 19:00:00+00:00,45501.75
2020-06-20 20:00:00+00:00,44654.75
2020-06-20 21:00:00+00:00,41572.25
2020-06-20 22:00:00+00:00,38751.0
2020-06-20 23:00:00+00:00,36755.0
2020-06-21 00:00:00+00:00,35606.25
2020-06-21 01:00:00+00:00,34963.75
2020-06-21 02:00:00+00:00,34901.25
2020-06-21 03:00:00+00:00,34376.25
2020-06-21 04:00:00+00:00,35171.5
2020-06-21 05:00:00+00:00,37337.25
2020-06-21 06:00:00+00:00,41016.0
2020-06-21 07:00:00+00:00,44109.25
2020-06-21 08:00:00+00:00,46455.75
2020-06-21 09:00:00+00:00,48390.75
2020-06-21 10:00:00+00:00,47871.5
2020-06-21 11:00:00+00:00,46142.0
2020-06-21 12:00:00+00:00,44876.5
2020-06-21 13:00:00+00:00,43902.25
2020-06-21 14:00:00+00:00,44072.75
2020-06-21 15:00:00+00:00,45135.25
2020-06-21 16:00:00+00:00,46405.75
2020-06-21 17:00:00+00:00,46226.75
2020-06-21 18:00:00+00:00,45391.0
2020-06-21 19:00:00+00:00,44659.75
2020-06-21 20:00:00+00:00,45145.25
2020-06-21 21:00:00+00:00,42048.75
2020-06-21 22:00:00+00:00,39513.25
2020-06-21 23:00:00+00:00,37751.0
2020-06-22 00:00:00+00:00,36860.75
2020-06-22 01:00:00+00:00,36987.5
2020-06-22 02:00:00+00:00,38054.0
2020-06-22 03:00:00+00:00,41599.0
2020-06-22 04:00:00+00:00,49884.75
2020-06-22 05:00:00+00:00,57022.25
2020-06-22 06:00:00+00:00,61550.25
2020-06-22 07:00:00+00:00,62221.0
2020-06-22 08:00:00+00:00,62868.5
2020-06-22 09:00:00+00:00,63942.75
2020-06-22 10:00:00+00:00,63365.75
2020-06-22 11:00:00+00:00,62341.5
2020-06-22 12:00:00+00:00,60943.0
2020-06-22 13:00:00+00:00,60135.0
2020-06-22 14:00:00+00:00,59339.0
2020-06-22 15:00:00+00:00,59204.0
2020-06-22 16:00:00+00:00,58928.5
2020-06-22 17:00:00+00:00,57828.25
2020-06-22 18:00:00+00:00,55519.0
2020-06-22 19:00:00+00:00,52801.75
2020-06-22 20:00:00+00:00,51181.75
2020-06-22 21:00:00+00:00,47227.5
2020-06-22 22:00:00+00:00,44043.25
2020-06-22 23:00:00+00:00,41931.25
2020-06-23 00:00:00+00:00,40644.75
2020-06-23 01:00:00+00:00,40937.0
2020-06-23 02:00:00+00:00,41839.25
2020-06-23 03:00:00+00:00,44434.25
2020-06-23 04:00:00+00:00,51463.0
2020-06-23 05:00:00+00:00,57362.5
2020-06-23 06:00:00+00:00,60724.0
2020-06-23 07:00:00+00:00,61998.5
2020-06-23 08:00:00+00:00,63132.5
2020-06-23 09:00:00+00:00,64671.0
2020-06-23 10:00:00+00:00,64229.5
2020-06-23 11:00:00+00:00,63340.0
2020-06-23 12:00:00+00:00,61799.0
2020-06-23 13:00:00+00:00,60444.0
2020-06-23 14:00:00+00:00,59475.25
2020-06-23 15:00:00+00:00,58941.75
2020-06-23 16:00:00+00:00,58703.0
2020-06-23 17:00:00+00:00,58071.0
2020-06-23 18:00:00+00:00,55968.5
2020-06-23 19:00:00+00:00,52997.5
2020-06-23 20:00:00+00:00,51038.0
2020-06-23 21:00:00+00:00,46700.75
2020-06-23 22:00:00+00:00,43643.0
2020-06-23 23:00:00+00:00,41870.25
2020-06-24 00:00:00+00:00,40591.75
2020-06-24 01:00:00+00:00,40574.75
2020-06-24 02:00:00+00:00,41377.75
2020-06-24 03:00:00+00:00,43866.0
2020-06-24 04:00:00+00:00,50848.5
2020-06-24 05:00:00+00:00,57032.75
2020-06-24 06:00:00+00:00,60590.25
2020-06-24 07:00:00+00:00,61744.75
2020-06-24 08:00:00+00:00,63039.5
2020-06-24 09:00:00+00:00,63985.75
2020-06-24 10:00:00+00:00,63649.5
2020-06-24 11:00:00+00:00,62773.5
2020-06-24 12:00:00+00:00,61235.5
2020-06-24 13:00:00+00:00,60314.25
2020-06-24 14:00:00+00:00,59158.5
2020-06-24 15:00:00+00:00,58796.0
2020-06-24 16:00:00+00:00,58587.0
2020-06-24 17:00:00+00:00,57580.25
2020-06-24 18:00:00+00:00,55412.25
2020-06-24 19:00:00+00:00,52888.25
2020-06-24 20:00:00+00:00,50721.0
2020-06-24 21:00:00+00:00,47031.25
2020-06-24 22:00:00+00:00,44407.25
2020-06-24 23:00:00+00:00,42743.25
2020-06-25 00:00:00+00:00,41600.5
2020-06-25 01:00:00+00:00,41483.25
2020-06-25 02:00:00+00:00,42172.75
2020-06-25 03:00:00+00:00,44638.75
2020-06-25 04:00:00+00:00,51459.0
2020-06-25 05:00:00+00:00,57244.5
2020-06-25 06:00:00+00:00,60662.75
2020-06-25 07:00:00+00:00,61990.25
2020-06-25 08:00:00+00:00,63487.0
2020-06-25 09:00:00+00:00,64945.75
2020-06-25 10:00:00+00:00,64912.5
2020-06-25 11:00:00+00:00,64195.5
2020-06-25 12:00:00+00:00,63294.0
2020-06-25 13:00:00+00:00,61672.5
2020-06-25 14:00:00+00:00,60245.25
2020-06-25 15:00:00+00:00,60211.5
2020-06-25 16:00:00+00:00,59593.0
2020-06-25 17:00:00+00:00,58430.0
2020-06-25 18:00:00+00:00,56326.25
2020-06-25 19:00:00+00:00,53949.0
2020-06-25 20:00:00+00:00,51612.5
2020-06-25 21:00:00+00:00,48107.5
2020-06-25 22:00:00+00:00,44672.0
2020-06-25 23:00:00+00:00,42693.5
2020-06-26 00:00:00+00:00,41839.5
2020-06-26 01:00:00+00:00,41512.0
2020-06-26 02:00:00+00:00,42041.25
2020-06-26 03:00:00+00:00,44113.5
2020-06-26 04:00:00+00:00,50315.25
2020-06-26 05:00:00+00:00,56123.0
2020-06-26 06:00:00+00:00,59573.5
2020-06-26 07:00:00+00:00,60766.5
2020-06-26 08:00:00+00:00,62015.25
2020-06-26 09:00:00+00:00,63009.75
2020-06-26 10:00:00+00:00,62845.0
2020-06-26 11:00:00+00:00,61266.5
2020-06-26 12:00:00+00:00,59796.5
2020-06-26 13:00:00+00:00,58909.75
2020-06-26 14:00:00+00:00,58113.25
2020-06-26 15:00:00+00:00,57530.25
2020-06-26 16:00:00+00:00,56482.25
2020-06-26 17:00:00+00:00,55774.75
2020-06-26 18:00:00+00:00,53480.25
2020-06-26 19:00:00+00:00,50948.0
2020-06-26 20:00:00+00:00,48657.0
2020-06-26 21:00:00+00:00,44960.75
2020-06-26 22:00:00+00:00,42558.75
2020-06-26 23:00:00+00:00,40519.5
2020-06-27 00:00:00+00:00,38868.25
2020-06-27 01:00:00+00:00,38302.25
2020-06-27 02:00:00+00:00,37742.75
2020-06-27 03:00:00+00:00,37605.0
2020-06-27 04:00:00+00:00,39162.75
2020-06-27 05:00:00+00:00,42609.75
2020-06-27 06:00:00+00:00,47297.25
2020-06-27 07:00:00+00:00,50518.5
2020-06-27 08:00:00+00:00,52260.5
2020-06-27 09:00:00+00:00,53311.5
2020-06-27 10:00:00+00:00,53171.75
2020-06-27 11:00:00+00:00,51569.75
2020-06-27 12:00:00+00:00,49879.0
2020-06-27 13:00:00+00:00,49279.25
2020-06-27 14:00:00+00:00,49278.75
2020-06-27 15:00:00+00:00,49516.0
2020-06-27 16:00:00+00:00,49452.5
2020-06-27 17:00:00+00:00,48927.0
2020-06-27 18:00:00+00:00,46867.5
2020-06-27 19:00:00+00:00,44948.5
2020-06-27 20:00:00+00:00,44116.75
2020-06-27 21:00:00+00:00,41542.0
2020-06-27 22:00:00+00:00,39451.25
2020-06-27 23:00:00+00:00,37621.5
2020-06-28 00:00:00+00:00,36154.5
2020-06-28 01:00:00+00:00,35639.5
2020-06-28 02:00:00+00:00,35408.25
2020-06-28 03:00:00+00:00,34847.25
2020-06-28 04:00:00+00:00,35979.25
2020-06-28 05:00:00+00:00,38137.75
2020-06-28 06:00:00+00:00,41348.0
2020-06-28 07:00:00+00:00,44357.0
2020-06-28 08:00:00+00:00,46830.75
2020-06-28 09:00:00+00:00,49185.75
2020-06-28 10:00:00+00:00,49355.25
2020-06-28 11:00:00+00:00,47860.25
2020-06-28 12:00:00+00:00,46751.25
2020-06-28 13:00:00+00:00,45836.75
2020-06-28 14:00:00+00:00,45372.5
2020-06-28 15:00:00+00:00,46132.5
2020-06-28 16:00:00+00:00,46720.25
2020-06-28 17:00:00+00:00,46371.0
2020-06-28 18:00:00+00:00,45302.75
2020-06-28 19:00:00+00:00,44259.0
2020-06-28 20:00:00+00:00,44036.25
2020-06-28 21:00:00+00:00,41298.5
2020-06-28 22:00:00+00:00,38845.0
2020-06-28 23:00:00+00:00,37756.75
2020-06-29 00:00:00+00:00,37207.25
2020-06-29 01:00:00+00:00,37359.5
2020-06-29 02:00:00+00:00,38498.25
2020-06-29 03:00:00+00:00,41699.25
2020-06-29 04:00:00+00:00,49516.0
2020-06-29 05:00:00+00:00,55877.5
2020-06-29 06:00:00+00:00,59904.25
2020-06-29 07:00:00+00:00,61323.5
2020-06-29 08:00:00+00:00,62942.25
2020-06-29 09:00:00+00:00,64361.75
2020-06-29 10:00:00+00:00,64368.5
2020-06-29 11:00:00+00:00,63154.25
2020-06-29 12:00:00+00:00,61778.75
2020-06-29 13:00:00+00:00,60785.75
2020-06-29 14:00:00+00:00,60251.0
2020-06-29 15:00:00+00:00,60253.25
2020-06-29 16:00:00+00:00,59157.5
2020-06-29 17:00:00+00:00,57923.25
2020-06-29 18:00:00+00:00,55378.25
2020-06-29 19:00:00+00:00,52602.75
2020-06-29 20:00:00+00:00,50819.25
2020-06-29 21:00:00+00:00,47096.25
2020-06-29 22:00:00+00:00,44293.5
2020-06-29 23:00:00+00:00,42390.5
2020-06-30 00:00:00+00:00,41622.25
2020-06-30 01:00:00+00:00,41860.5
2020-06-30 02:00:00+00:00,43155.25
2020-06-30 03:00:00+00:00,45964.5
2020-06-30 04:00:00+00:00,53357.5
2020-06-30 05:00:00+00:00,59068.5
2020-06-30 06:00:00+00:00,63622.75
2020-06-30 07:00:00+00:00,64579.75
2020-06-30 08:00:00+00:00,65310.25
2020-06-30 09:00:00+00:00,67190.5
2020-06-30 10:00:00+00:00,66706.25
2020-06-30 11:00:00+00:00,65671.5
2020-06-30 12:00:00+00:00,64424.75
2020-06-30 13:00:00+00:00,62776.5
2020-06-30 14:00:00+00:00,61454.0
2020-06-30 15:00:00+00:00,61236.75
2020-06-30 16:00:00+00:00,60732.75
2020-06-30 17:00:00+00:00,59455.5
2020-06-30 18:00:00+00:00,56851.75
2020-06-30 19:00:00+00:00,53893.0
2020-06-30 20:00:00+00:00,51636.75
2020-06-30 21:00:00+00:00,47966.25
2020-06-30 22:00:00+00:00,46190.5
2020-06-30 23:00:00+00:00,44223.25
2020-07-01 00:00:00+00:00,42932.75
2020-07-01 01:00:00+00:00,43213.0
2020-07-01 02:00:00+00:00,43770.25
2020-07-01 03:00:00+00:00,45688.5
2020-07-01 04:00:00+00:00,51509.0
2020-07-01 05:00:00+00:00,56704.0
2020-07-01 06:00:00+00:00,61211.5
2020-07-01 07:00:00+00:00,63580.75
2020-07-01 08:00:00+00:00,65442.0
2020-07-01 09:00:00+00:00,66312.0
2020-07-01 10:00:00+00:00,66238.25
2020-07-01 11:00:00+00:00,65340.25
2020-07-01 12:00:00+00:00,63987.0
2020-07-01 13:00:00+00:00,62839.75
2020-07-01 14:00:00+00:00,61660.75
2020-07-01 15:00:00+00:00,61227.75
2020-07-01 16:00:00+00:00,60190.5
2020-07-01 17:00:00+00:00,59203.25
2020-07-01 18:00:00+00:00,57066.75
2020-07-01 19:00:00+00:00,54541.0
2020-07-01 20:00:00+00:00,52264.5
2020-07-01 21:00:00+00:00,48334.25
2020-07-01 22:00:00+00:00,45751.5
2020-07-01 23:00:00+00:00,44229.25
2020-07-02 00:00:00+00:00,43460.5
2020-07-02 01:00:00+00:00,42840.25
2020-07-02 02:00:00+00:00,43257.0
2020-07-02 03:00:00+00:00,45560.0
2020-07-02 04:00:00+00:00,51012.25
2020-07-02 05:00:00+00:00,55968.75
2020-07-02 06:00:00+00:00,59844.75
2020-07-02 07:00:00+00:00,61950.0
2020-07-02 08:00:00+00:00,63822.75
2020-07-02 09:00:00+00:00,65194.0
2020-07-02 10:00:00+00:00,65087.5
2020-07-02 11:00:00+00:00,64648.25
2020-07-02 12:00:00+00:00,63301.75
2020-07-02 13:00:00+00:00,62564.75
2020-07-02 14:00:00+00:00,60618.0
2020-07-02 15:00:00+00:00,60402.5
2020-07-02 16:00:00+00:00,59427.25
2020-07-02 17:00:00+00:00,58369.25
2020-07-02 18:00:00+00:00,56085.75
2020-07-02 19:00:00+00:00,53837.25
2020-07-02 20:00:00+00:00,51482.25
2020-07-02 21:00:00+00:00,47578.0
2020-07-02 22:00:00+00:00,44600.0
2020-07-02 23:00:00+00:00,42460.75
2020-07-03 00:00:00+00:00,41407.0
2020-07-03 01:00:00+00:00,41158.5
2020-07-03 02:00:00+00:00,41706.0
2020-07-03 03:00:00+00:00,43672.25
2020-07-03 04:00:00+00:00,48865.0
2020-07-03 05:00:00+00:00,54088.75
2020-07-03 06:00:00+00:00,57896.25
2020-07-03 07:00:00+00:00,59944.5
2020-07-03 08:00:00+00:00,61581.0
2020-07-03 09:00:00+00:00,62432.0
2020-07-03 10:00:00+00:00,62084.25
2020-07-03 11:00:00+00:00,61302.25
2020-07-03 12:00:00+00:00,60953.25
2020-07-03 13:00:00+00:00,59654.75
2020-07-03 14:00:00+00:00,58428.75
2020-07-03 15:00:00+00:00,58123.75
2020-07-03 16:00:00+00:00,56881.0
2020-07-03 17:00:00+00:00,55760.5
2020-07-03 18:00:00+00:00,53736.25
2020-07-03 19:00:00+00:00,51073.75
2020-07-03 20:00:00+00:00,49365.5
2020-07-03 21:00:00+00:00,46311.25
2020-07-03 22:00:00+00:00,43417.25
2020-07-03 23:00:00+00:00,41483.25
2020-07-04 00:00:00+00:00,40555.75
2020-07-04 01:00:00+00:00,39931.25
2020-07-04 02:00:00+00:00,39727.0
2020-07-04 03:00:00+00:00,39466.75
2020-07-04 04:00:00+00:00,40811.25
2020-07-04 05:00:00+00:00,43822.5
2020-07-04 06:00:00+00:00,47384.5
2020-07-04 07:00:00+00:00,50708.5
2020-07-04 08:00:00+00:00,53293.5
2020-07-04 09:00:00+00:00,54726.75
2020-07-04 10:00:00+00:00,55514.5
2020-07-04 11:00:00+00:00,55236.0
2020-07-04 12:00:00+00:00,53839.5
2020-07-04 13:00:00+00:00,52538.0
2020-07-04 14:00:00+00:00,51761.0
2020-07-04 15:00:00+00:00,51756.75
2020-07-04 16:00:00+00:00,51162.25
2020-07-04 17:00:00+00:00,50663.75
2020-07-04 18:00:00+00:00,49896.75
2020-07-04 19:00:00+00:00,48202.75
2020-07-04 20:00:00+00:00,46762.75
2020-07-04 21:00:00+00:00,44045.25
2020-07-04 22:00:00+00:00,41443.5
2020-07-04 23:00:00+00:00,39546.0
2020-07-05 00:00:00+00:00,38046.75
2020-07-05 01:00:00+00:00,37521.5
2020-07-05 02:00:00+00:00,37337.5
2020-07-05 03:00:00+00:00,36900.0
2020-07-05 04:00:00+00:00,37875.75
2020-07-05 05:00:00+00:00,39521.25
2020-07-05 06:00:00+00:00,42696.25
2020-07-05 07:00:00+00:00,46530.25
2020-07-05 08:00:00+00:00,49110.75
2020-07-05 09:00:00+00:00,52048.75
2020-07-05 10:00:00+00:00,52527.0
2020-07-05 11:00:00+00:00,52054.25
2020-07-05 12:00:00+00:00,51120.75
2020-07-05 13:00:00+00:00,50088.25
2020-07-05 14:00:00+00:00,49068.25
2020-07-05 15:00:00+00:00,49855.0
2020-07-05 16:00:00+00:00,49814.75
2020-07-05 17:00:00+00:00,49317.5
2020-07-05 18:00:00+00:00,48524.5
2020-07-05 19:00:00+00:00,47814.5
2020-07-05 20:00:00+00:00,47613.0
2020-07-05 21:00:00+00:00,45115.5
2020-07-05 22:00:00+00:00,43034.5
2020-07-05 23:00:00+00:00,41807.25
2020-07-06 00:00:00+00:00,40921.25
2020-07-06 01:00:00+00:00,40710.5
2020-07-06 02:00:00+00:00,41295.5
2020-07-06 03:00:00+00:00,43858.0
2020-07-06 04:00:00+00:00,50525.5
2020-07-06 05:00:00+00:00,56441.5
2020-07-06 06:00:00+00:00,61804.5
2020-07-06 07:00:00+00:00,64684.25
2020-07-06 08:00:00+00:00,66006.25
2020-07-06 09:00:00+00:00,67197.75
2020-07-06 10:00:00+00:00,67053.25
2020-07-06 11:00:00+00:00,66544.5
2020-07-06 12:00:00+00:00,65505.75
2020-07-06 13:00:00+00:00,64462.5
2020-07-06 14:00:00+00:00,63091.75
2020-07-06 15:00:00+00:00,62652.5
2020-07-06 16:00:00+00:00,62010.5
2020-07-06 17:00:00+00:00,61044.0
2020-07-06 18:00:00+00:00,58915.25
2020-07-06 19:00:00+00:00,56132.0
2020-07-06 20:00:00+00:00,53781.75
2020-07-06 21:00:00+00:00,50156.75
2020-07-06 22:00:00+00:00,47248.5
2020-07-06 23:00:00+00:00,45453.25
2020-07-07 00:00:00+00:00,43930.0
2020-07-07 01:00:00+00:00,43365.5
2020-07-07 02:00:00+00:00,43808.0
2020-07-07 03:00:00+00:00,45883.75
2020-07-07 04:00:00+00:00,51475.25
2020-07-07 05:00:00+00:00,56285.5
2020-07-07 06:00:00+00:00,60649.5
2020-07-07 07:00:00+00:00,62873.0
2020-07-07 08:00:00+00:00,64355.5
2020-07-07 09:00:00+00:00,65425.5
2020-07-07 10:00:00+00:00,66132.5
2020-07-07 11:00:00+00:00,66062.0
2020-07-07 12:00:00+00:00,64281.75
2020-07-07 13:00:00+00:00,63319.75
2020-07-07 14:00:00+00:00,62036.0
2020-07-07 15:00:00+00:00,61327.0
2020-07-07 16:00:00+00:00,60544.75
2020-07-07 17:00:00+00:00,59431.75
2020-07-07 18:00:00+00:00,57439.25
2020-07-07 19:00:00+00:00,55362.0
2020-07-07 20:00:00+00:00,53070.5
2020-07-07 21:00:00+00:00,49289.0
2020-07-07 22:00:00+00:00,46104.5
2020-07-07 23:00:00+00:00,43736.5
2020-07-08 00:00:00+00:00,42555.5
2020-07-08 01:00:00+00:00,42246.0
2020-07-08 02:00:00+00:00,43171.25
2020-07-08 03:00:00+00:00,45487.5
2020-07-08 04:00:00+00:00,51273.0
2020-07-08 05:00:00+00:00,56586.75
2020-07-08 06:00:00+00:00,60975.25
2020-07-08 07:00:00+00:00,63021.0
2020-07-08 08:00:00+00:00,64769.5
2020-07-08 09:00:00+00:00,66207.5
2020-07-08 10:00:00+00:00,66070.75
2020-07-08 11:00:00+00:00,65576.5
2020-07-08 12:00:00+00:00,64079.25
2020-07-08 13:00:00+00:00,62867.0
2020-07-08 14:00:00+00:00,61491.25
2020-07-08 15:00:00+00:00,61426.75
2020-07-08 16:00:00+00:00,60999.0
2020-07-08 17:00:00+00:00,59730.5
2020-07-08 18:00:00+00:00,57421.75
2020-07-08 19:00:00+00:00,55070.75
2020-07-08 20:00:00+00:00,52515.5
2020-07-08 21:00:00+00:00,48712.25
2020-07-08 22:00:00+00:00,46263.75
2020-07-08 23:00:00+00:00,44265.75
2020-07-09 00:00:00+00:00,42678.75
2020-07-09 01:00:00+00:00,42288.25
2020-07-09 02:00:00+00:00,42610.0
2020-07-09 03:00:00+00:00,44653.75
2020-07-09 04:00:00+00:00,50583.75
2020-07-09 05:00:00+00:00,55998.0
2020-07-09 06:00:00+00:00,60397.0
2020-07-09 07:00:00+00:00,63000.75
2020-07-09 08:00:00+00:00,64853.25
2020-07-09 09:00:00+00:00,65364.25
2020-07-09 10:00:00+00:00,65570.5
2020-07-09 11:00:00+00:00,64911.75
2020-07-09 12:00:00+00:00,64246.25
2020-07-09 13:00:00+00:00,63252.75
2020-07-09 14:00:00+00:00,61575.0
2020-07-09 15:00:00+00:00,60900.0
2020-07-09 16:00:00+00:00,60839.0
2020-07-09 17:00:00+00:00,59702.5
2020-07-09 18:00:00+00:00,58158.5
2020-07-09 19:00:00+00:00,56166.25
2020-07-09 20:00:00+00:00,53978.25
2020-07-09 21:00:00+00:00,49927.0
2020-07-09 22:00:00+00:00,46397.25
2020-07-09 23:00:00+00:00,43027.5
2020-07-10 00:00:00+00:00,41103.25
2020-07-10 01:00:00+00:00,41237.25
2020-07-10 02:00:00+00:00,41880.0
2020-07-10 03:00:00+00:00,43990.25
2020-07-10 04:00:00+00:00,49464.25
2020-07-10 05:00:00+00:00,54619.25
2020-07-10 06:00:00+00:00,58901.25
2020-07-10 07:00:00+00:00,61065.0
2020-07-10 08:00:00+00:00,63020.0
2020-07-10 09:00:00+00:00,64223.0
2020-07-10 10:00:00+00:00,63373.0
2020-07-10 11:00:00+00:00,62926.0
2020-07-10 12:00:00+00:00,62615.5
2020-07-10 13:00:00+00:00,60809.0
2020-07-10 14:00:00+00:00,60471.5
2020-07-10 15:00:00+00:00,60426.25
2020-07-10 16:00:00+00:00,60097.0
2020-07-10 17:00:00+00:00,58628.25
2020-07-10 18:00:00+00:00,55830.0
2020-07-10 19:00:00+00:00,53183.25
2020-07-10 20:00:00+00:00,50905.75
2020-07-10 21:00:00+00:00,47291.25
2020-07-10 22:00:00+00:00,44384.75
2020-07-10 23:00:00+00:00,42430.5
2020-07-11 00:00:00+00:00,40589.25
2020-07-11 01:00:00+00:00,39821.0
2020-07-11 02:00:00+00:00,39550.0
2020-07-11 03:00:00+00:00,39458.0
2020-07-11 04:00:00+00:00,40908.75
2020-07-11 05:00:00+00:00,43050.75
2020-07-11 06:00:00+00:00,46385.75
2020-07-11 07:00:00+00:00,49665.0
2020-07-11 08:00:00+00:00,51513.75
2020-07-11 09:00:00+00:00,52817.5
2020-07-11 10:00:00+00:00,53234.0
2020-07-11 11:00:00+00:00,52204.5
2020-07-11 12:00:00+00:00,50806.0
2020-07-11 13:00:00+00:00,49757.5
2020-07-11 14:00:00+00:00,48478.0
2020-07-11 15:00:00+00:00,48620.5
2020-07-11 16:00:00+00:00,48934.5
2020-07-11 17:00:00+00:00,48033.25
2020-07-11 18:00:00+00:00,46387.5
2020-07-11 19:00:00+00:00,44872.75
2020-07-11 20:00:00+00:00,43856.25
2020-07-11 21:00:00+00:00,41352.5
2020-07-11 22:00:00+00:00,39278.25
2020-07-11 23:00:00+00:00,37364.5
2020-07-12 00:00:00+00:00,36170.75
2020-07-12 01:00:00+00:00,35362.75
2020-07-12 02:00:00+00:00,35245.25
2020-07-12 03:00:00+00:00,34857.75
2020-07-12 04:00:00+00:00,35441.0
2020-07-12 05:00:00+00:00,36804.75
2020-07-12 06:00:00+00:00,39344.75
2020-07-12 07:00:00+00:00,43099.25
2020-07-12 08:00:00+00:00,45687.0
2020-07-12 09:00:00+00:00,47483.5
2020-07-12 10:00:00+00:00,47698.0
2020-07-12 11:00:00+00:00,47043.5
2020-07-12 12:00:00+00:00,45893.0
2020-07-12 13:00:00+00:00,44988.0
2020-07-12 14:00:00+00:00,44426.0
2020-07-12 15:00:00+00:00,44738.25
2020-07-12 16:00:00+00:00,45297.75
2020-07-12 17:00:00+00:00,45395.0
2020-07-12 18:00:00+00:00,45495.0
2020-07-12 19:00:00+00:00,44620.25
2020-07-12 20:00:00+00:00,44258.75
2020-07-12 21:00:00+00:00,41353.75
2020-07-12 22:00:00+00:00,38306.25
2020-07-12 23:00:00+00:00,36916.75
2020-07-13 00:00:00+00:00,36646.25
2020-07-13 01:00:00+00:00,37085.75
2020-07-13 02:00:00+00:00,37987.5
2020-07-13 03:00:00+00:00,41066.0
2020-07-13 04:00:00+00:00,48658.5
2020-07-13 05:00:00+00:00,55147.5
2020-07-13 06:00:00+00:00,59050.25
2020-07-13 07:00:00+00:00,60484.5
2020-07-13 08:00:00+00:00,62059.0
2020-07-13 09:00:00+00:00,62909.25
2020-07-13 10:00:00+00:00,62889.25
2020-07-13 11:00:00+00:00,61934.0
2020-07-13 12:00:00+00:00,60354.5
2020-07-13 13:00:00+00:00,59169.0
2020-07-13 14:00:00+00:00,57756.25
2020-07-13 15:00:00+00:00,57895.25
2020-07-13 16:00:00+00:00,57590.25
2020-07-13 17:00:00+00:00,56933.75
2020-07-13 18:00:00+00:00,54818.25
2020-07-13 19:00:00+00:00,52408.5
2020-07-13 20:00:00+00:00,50140.0
2020-07-13 21:00:00+00:00,46135.75
2020-07-13 22:00:00+00:00,43437.75
2020-07-13 23:00:00+00:00,42238.75
2020-07-14 00:00:00+00:00,41372.75
2020-07-14 01:00:00+00:00,41496.0
2020-07-14 02:00:00+00:00,42453.75
2020-07-14 03:00:00+00:00,44768.75
2020-07-14 04:00:00+00:00,51262.25
2020-07-14 05:00:00+00:00,56820.0
2020-07-14 06:00:00+00:00,60066.25
2020-07-14 07:00:00+00:00,61176.75
2020-07-14 08:00:00+00:00,62508.75
2020-07-14 09:00:00+00:00,64340.0
2020-07-14 10:00:00+00:00,63990.0
2020-07-14 11:00:00+00:00,62963.25
2020-07-14 12:00:00+00:00,61670.25
2020-07-14 13:00:00+00:00,60898.25
2020-07-14 14:00:00+00:00,59746.5
2020-07-14 15:00:00+00:00,59830.0
2020-07-14 16:00:00+00:00,59746.25
2020-07-14 17:00:00+00:00,58855.75
2020-07-14 18:00:00+00:00,55703.0
2020-07-14 19:00:00+00:00,53546.5
2020-07-14 20:00:00+00:00,51001.75
2020-07-14 21:00:00+00:00,46909.75
2020-07-14 22:00:00+00:00,44247.75
2020-07-14 23:00:00+00:00,42603.5
2020-07-15 00:00:00+00:00,41430.0
2020-07-15 01:00:00+00:00,41469.5
2020-07-15 02:00:00+00:00,42406.75
2020-07-15 03:00:00+00:00,45537.5
2020-07-15 04:00:00+00:00,52072.75
2020-07-15 05:00:00+00:00,58093.0
2020-07-15 06:00:00+00:00,61485.0
2020-07-15 07:00:00+00:00,62705.25
2020-07-15 08:00:00+00:00,64329.75
2020-07-15 09:00:00+00:00,65857.0
2020-07-15 10:00:00+00:00,65115.25
2020-07-15 11:00:00+00:00,63577.25
2020-07-15 12:00:00+00:00,62498.5
2020-07-15 13:00:00+00:00,60992.75
2020-07-15 14:00:00+00:00,60063.5
2020-07-15 15:00:00+00:00,59992.0
2020-07-15 16:00:00+00:00,59994.5
2020-07-15 17:00:00+00:00,58584.0
2020-07-15 18:00:00+00:00,56032.75
2020-07-15 19:00:00+00:00,53707.75
2020-07-15 20:00:00+00:00,51311.0
2020-07-15 21:00:00+00:00,47149.25
2020-07-15 22:00:00+00:00,44698.25
2020-07-15 23:00:00+00:00,43041.25
2020-07-16 00:00:00+00:00,41942.75
2020-07-16 01:00:00+00:00,41803.25
2020-07-16 02:00:00+00:00,42716.5
2020-07-16 03:00:00+00:00,45530.25
2020-07-16 04:00:00+00:00,52042.0
2020-07-16 05:00:00+00:00,58162.75
2020-07-16 06:00:00+00:00,61866.75
2020-07-16 07:00:00+00:00,63226.25
2020-07-16 08:00:00+00:00,64240.0
2020-07-16 09:00:00+00:00,65800.5
2020-07-16 10:00:00+00:00,65068.25
2020-07-16 11:00:00+00:00,64217.25
2020-07-16 12:00:00+00:00,62753.75
2020-07-16 13:00:00+00:00,61693.25
2020-07-16 14:00:00+00:00,60581.5
2020-07-16 15:00:00+00:00,60632.25
2020-07-16 16:00:00+00:00,59929.0
2020-07-16 17:00:00+00:00,58604.5
2020-07-16 18:00:00+00:00,55808.25
2020-07-16 19:00:00+00:00,53283.0
2020-07-16 20:00:00+00:00,50705.75
2020-07-16 21:00:00+00:00,46781.5
2020-07-16 22:00:00+00:00,43943.5
2020-07-16 23:00:00+00:00,42100.0
2020-07-17 00:00:00+00:00,40972.75
2020-07-17 01:00:00+00:00,41062.75
2020-07-17 02:00:00+00:00,42007.25
2020-07-17 03:00:00+00:00,44974.25
2020-07-17 04:00:00+00:00,50749.75
2020-07-17 05:00:00+00:00,56522.75
2020-07-17 06:00:00+00:00,59971.25
2020-07-17 07:00:00+00:00,60947.0
2020-07-17 08:00:00+00:00,62075.5
2020-07-17 09:00:00+00:00,63543.5
2020-07-17 10:00:00+00:00,62859.5
2020-07-17 11:00:00+00:00,60594.0
2020-07-17 12:00:00+00:00,58780.75
2020-07-17 13:00:00+00:00,57675.25
2020-07-17 14:00:00+00:00,56523.0
2020-07-17 15:00:00+00:00,56608.5
2020-07-17 16:00:00+00:00,56323.5
2020-07-17 17:00:00+00:00,54928.25
2020-07-17 18:00:00+00:00,52438.5
2020-07-17 19:00:00+00:00,50203.0
2020-07-17 20:00:00+00:00,48008.25
2020-07-17 21:00:00+00:00,44253.75
2020-07-17 22:00:00+00:00,41099.75
2020-07-17 23:00:00+00:00,38982.5
2020-07-18 00:00:00+00:00,37714.0
2020-07-18 01:00:00+00:00,37218.0
2020-07-18 02:00:00+00:00,37060.75
2020-07-18 03:00:00+00:00,37135.75
2020-07-18 04:00:00+00:00,38824.5
2020-07-18 05:00:00+00:00,42106.0
2020-07-18 06:00:00+00:00,46265.5
2020-07-18 07:00:00+00:00,49299.0
2020-07-18 08:00:00+00:00,50968.25
2020-07-18 09:00:00+00:00,52073.25
2020-07-18 10:00:00+00:00,51981.5
2020-07-18 11:00:00+00:00,50244.75
2020-07-18 12:00:00+00:00,48484.5
2020-07-18 13:00:00+00:00,47673.0
2020-07-18 14:00:00+00:00,47040.75
2020-07-18 15:00:00+00:00,47164.5
2020-07-18 16:00:00+00:00,47248.75
2020-07-18 17:00:00+00:00,46343.5
2020-07-18 18:00:00+00:00,44479.25
2020-07-18 19:00:00+00:00,43255.5
2020-07-18 20:00:00+00:00,42448.25
2020-07-18 21:00:00+00:00,39576.5
2020-07-18 22:00:00+00:00,36959.25
2020-07-18 23:00:00+00:00,35252.25
2020-07-19 00:00:00+00:00,34085.75
2020-07-19 01:00:00+00:00,33564.25
2020-07-19 02:00:00+00:00,33378.25
2020-07-19 03:00:00+00:00,33399.25
2020-07-19 04:00:00+00:00,34360.25
2020-07-19 05:00:00+00:00,36761.0
2020-07-19 06:00:00+00:00,40214.5
2020-07-19 07:00:00+00:00,43164.5
2020-07-19 08:00:00+00:00,45449.5
2020-07-19 09:00:00+00:00,47306.75
2020-07-19 10:00:00+00:00,47021.0
2020-07-19 11:00:00+00:00,45704.25
2020-07-19 12:00:00+00:00,44619.5
2020-07-19 13:00:00+00:00,43565.0
2020-07-19 14:00:00+00:00,43116.75
2020-07-19 15:00:00+00:00,43942.0
2020-07-19 16:00:00+00:00,45112.75
2020-07-19 17:00:00+00:00,45488.75
2020-07-19 18:00:00+00:00,44824.75
2020-07-19 19:00:00+00:00,43983.25
2020-07-19 20:00:00+00:00,43629.75
2020-07-19 21:00:00+00:00,40913.5
2020-07-19 22:00:00+00:00,38635.75
2020-07-19 23:00:00+00:00,37217.0
2020-07-20 00:00:00+00:00,36547.0
2020-07-20 01:00:00+00:00,37162.25
2020-07-20 02:00:00+00:00,38497.75
2020-07-20 03:00:00+00:00,41534.0
2020-07-20 04:00:00+00:00,48773.75
2020-07-20 05:00:00+00:00,54888.0
2020-07-20 06:00:00+00:00,58789.0
2020-07-20 07:00:00+00:00,60502.0
2020-07-20 08:00:00+00:00,62507.25
2020-07-20 09:00:00+00:00,63917.25
2020-07-20 10:00:00+00:00,63671.25
2020-07-20 11:00:00+00:00,62517.5
2020-07-20 12:00:00+00:00,61416.5
2020-07-20 13:00:00+00:00,60669.5
2020-07-20 14:00:00+00:00,58960.5
2020-07-20 15:00:00+00:00,58090.5
2020-07-20 16:00:00+00:00,57202.0
2020-07-20 17:00:00+00:00,56273.0
2020-07-20 18:00:00+00:00,53772.25
2020-07-20 19:00:00+00:00,51885.0
2020-07-20 20:00:00+00:00,49751.5
2020-07-20 21:00:00+00:00,45647.25
2020-07-20 22:00:00+00:00,42877.5
2020-07-20 23:00:00+00:00,41157.5
2020-07-21 00:00:00+00:00,40440.75
2020-07-21 01:00:00+00:00,40670.0
2020-07-21 02:00:00+00:00,41729.5
2020-07-21 03:00:00+00:00,44262.75
2020-07-21 04:00:00+00:00,50465.75
2020-07-21 05:00:00+00:00,55725.75
2020-07-21 06:00:00+00:00,59509.75
2020-07-21 07:00:00+00:00,60341.25
2020-07-21 08:00:00+00:00,62013.5
2020-07-21 09:00:00+00:00,63528.75
2020-07-21 10:00:00+00:00,62980.75
2020-07-21 11:00:00+00:00,62764.0
2020-07-21 12:00:00+00:00,61395.0
2020-07-21 13:00:00+00:00,60050.25
2020-07-21 14:00:00+00:00,59279.5
2020-07-21 15:00:00+00:00,59092.25
2020-07-21 16:00:00+00:00,58925.25
2020-07-21 17:00:00+00:00,58018.5
2020-07-21 18:00:00+00:00,55371.0
2020-07-21 19:00:00+00:00,53292.0
2020-07-21 20:00:00+00:00,50765.5
2020-07-21 21:00:00+00:00,46895.0
2020-07-21 22:00:00+00:00,44043.75
2020-07-21 23:00:00+00:00,42452.0
2020-07-22 00:00:00+00:00,41364.0
2020-07-22 01:00:00+00:00,41328.0
2020-07-22 02:00:00+00:00,42483.25
2020-07-22 03:00:00+00:00,45110.25
2020-07-22 04:00:00+00:00,51396.5
2020-07-22 05:00:00+00:00,56752.25
2020-07-22 06:00:00+00:00,60139.5
2020-07-22 07:00:00+00:00,61502.25
2020-07-22 08:00:00+00:00,62861.5
2020-07-22 09:00:00+00:00,63949.25
2020-07-22 10:00:00+00:00,63543.0
2020-07-22 11:00:00+00:00,62390.75
2020-07-22 12:00:00+00:00,61147.5
2020-07-22 13:00:00+00:00,60230.5
2020-07-22 14:00:00+00:00,58780.75
2020-07-22 15:00:00+00:00,58623.75
2020-07-22 16:00:00+00:00,58270.25
2020-07-22 17:00:00+00:00,57605.5
2020-07-22 18:00:00+00:00,55398.75
2020-07-22 19:00:00+00:00,53313.0
2020-07-22 20:00:00+00:00,50628.0
2020-07-22 21:00:00+00:00,46476.75
2020-07-22 22:00:00+00:00,43363.25
2020-07-22 23:00:00+00:00,41547.25
2020-07-23 00:00:00+00:00,40713.5
2020-07-23 01:00:00+00:00,40345.75
2020-07-23 02:00:00+00:00,41387.0
2020-07-23 03:00:00+00:00,44212.25
2020-07-23 04:00:00+00:00,50228.25
2020-07-23 05:00:00+00:00,55857.5
2020-07-23 06:00:00+00:00,59436.5
2020-07-23 07:00:00+00:00,60721.5
2020-07-23 08:00:00+00:00,61968.0
2020-07-23 09:00:00+00:00,63114.0
2020-07-23 10:00:00+00:00,62694.0
2020-07-23 11:00:00+00:00,61848.5
2020-07-23 12:00:00+00:00,60573.75
2020-07-23 13:00:00+00:00,59406.5
2020-07-23 14:00:00+00:00,58280.5
2020-07-23 15:00:00+00:00,58334.25
2020-07-23 16:00:00+00:00,58045.25
2020-07-23 17:00:00+00:00,57344.25
2020-07-23 18:00:00+00:00,54979.5
2020-07-23 19:00:00+00:00,53099.5
2020-07-23 20:00:00+00:00,50331.5
2020-07-23 21:00:00+00:00,46027.25
2020-07-23 22:00:00+00:00,42277.25
2020-07-23 23:00:00+00:00,41437.25
2020-07-24 00:00:00+00:00,41059.5
2020-07-24 01:00:00+00:00,41179.5
2020-07-24 02:00:00+00:00,42265.75
2020-07-24 03:00:00+00:00,44542.75
2020-07-24 04:00:00+00:00,50330.0
2020-07-24 05:00:00+00:00,55520.0
2020-07-24 06:00:00+00:00,58762.5
2020-07-24 07:00:00+00:00,60057.25
2020-07-24 08:00:00+00:00,61783.25
2020-07-24 09:00:00+00:00,63662.25
2020-07-24 10:00:00+00:00,63208.75
2020-07-24 11:00:00+00:00,62146.5
2020-07-24 12:00:00+00:00,60687.75
2020-07-24 13:00:00+00:00,59821.0
2020-07-24 14:00:00+00:00,59273.25
2020-07-24 15:00:00+00:00,58550.75
2020-07-24 16:00:00+00:00,57320.25
2020-07-24 17:00:00+00:00,55808.5
2020-07-24 18:00:00+00:00,52604.75
2020-07-24 19:00:00+00:00,50192.5
2020-07-24 20:00:00+00:00,47903.5
2020-07-24 21:00:00+00:00,44450.25
2020-07-24 22:00:00+00:00,41478.75
2020-07-24 23:00:00+00:00,39391.25
2020-07-25 00:00:00+00:00,38188.75
2020-07-25 01:00:00+00:00,37376.0
2020-07-25 02:00:00+00:00,37163.25
2020-07-25 03:00:00+00:00,37359.25
2020-07-25 04:00:00+00:00,38690.0
2020-07-25 05:00:00+00:00,41664.0
2020-07-25 06:00:00+00:00,45299.0
2020-07-25 07:00:00+00:00,48473.0
2020-07-25 08:00:00+00:00,50332.0
2020-07-25 09:00:00+00:00,51664.0
2020-07-25 10:00:00+00:00,51732.25
2020-07-25 11:00:00+00:00,50456.25
2020-07-25 12:00:00+00:00,49204.25
2020-07-25 13:00:00+00:00,48268.0
2020-07-25 14:00:00+00:00,47843.0
2020-07-25 15:00:00+00:00,48012.25
2020-07-25 16:00:00+00:00,47929.25
2020-07-25 17:00:00+00:00,47164.0
2020-07-25 18:00:00+00:00,45166.75
2020-07-25 19:00:00+00:00,44149.5
2020-07-25 20:00:00+00:00,42872.75
2020-07-25 21:00:00+00:00,40073.0
2020-07-25 22:00:00+00:00,37919.75
2020-07-25 23:00:00+00:00,36124.5
2020-07-26 00:00:00+00:00,34825.75
2020-07-26 01:00:00+00:00,34571.5
2020-07-26 02:00:00+00:00,34866.25
2020-07-26 03:00:00+00:00,35368.25
2020-07-26 04:00:00+00:00,36588.0
2020-07-26 05:00:00+00:00,38464.0
2020-07-26 06:00:00+00:00,41361.5
2020-07-26 07:00:00+00:00,44068.75
2020-07-26 08:00:00+00:00,46703.25
2020-07-26 09:00:00+00:00,48977.0
2020-07-26 10:00:00+00:00,49285.5
2020-07-26 11:00:00+00:00,47545.5
2020-07-26 12:00:00+00:00,46004.25
2020-07-26 13:00:00+00:00,44517.25
2020-07-26 14:00:00+00:00,44448.5
2020-07-26 15:00:00+00:00,45049.5
2020-07-26 16:00:00+00:00,46085.5
2020-07-26 17:00:00+00:00,45872.5
2020-07-26 18:00:00+00:00,44882.5
2020-07-26 19:00:00+00:00,44123.25
2020-07-26 20:00:00+00:00,43435.75
2020-07-26 21:00:00+00:00,40615.75
2020-07-26 22:00:00+00:00,38017.75
2020-07-26 23:00:00+00:00,36699.25
2020-07-27 00:00:00+00:00,35924.5
2020-07-27 01:00:00+00:00,36227.5
2020-07-27 02:00:00+00:00,37448.75
2020-07-27 03:00:00+00:00,40767.25
2020-07-27 04:00:00+00:00,47514.25
2020-07-27 05:00:00+00:00,53472.5
2020-07-27 06:00:00+00:00,57334.25
2020-07-27 07:00:00+00:00,58900.0
2020-07-27 08:00:00+00:00,60634.0
2020-07-27 09:00:00+00:00,62203.25
2020-07-27 10:00:00+00:00,61693.5
2020-07-27 11:00:00+00:00,60847.5
2020-07-27 12:00:00+00:00,59927.75
2020-07-27 13:00:00+00:00,58975.5
2020-07-27 14:00:00+00:00,57673.0
2020-07-27 15:00:00+00:00,57984.0
2020-07-27 16:00:00+00:00,58017.5
2020-07-27 17:00:00+00:00,57283.75
2020-07-27 18:00:00+00:00,55523.5
2020-07-27 19:00:00+00:00,54105.0
2020-07-27 20:00:00+00:00,51565.5
2020-07-27 21:00:00+00:00,47353.25
2020-07-27 22:00:00+00:00,44132.25
2020-07-27 23:00:00+00:00,42536.25
2020-07-28 00:00:00+00:00,42072.0
2020-07-28 01:00:00+00:00,42919.5
2020-07-28 02:00:00+00:00,43884.5
2020-07-28 03:00:00+00:00,46934.0
2020-07-28 04:00:00+00:00,52825.5
2020-07-28 05:00:00+00:00,57802.25
2020-07-28 06:00:00+00:00,61169.5
2020-07-28 07:00:00+00:00,63086.75
2020-07-28 08:00:00+00:00,64984.25
2020-07-28 09:00:00+00:00,66491.25
2020-07-28 10:00:00+00:00,66240.75
2020-07-28 11:00:00+00:00,65012.75
2020-07-28 12:00:00+00:00,63582.0
2020-07-28 13:00:00+00:00,62663.25
2020-07-28 14:00:00+00:00,61846.5
2020-07-28 15:00:00+00:00,60779.75
2020-07-28 16:00:00+00:00,59950.75
2020-07-28 17:00:00+00:00,58547.5
2020-07-28 18:00:00+00:00,55748.5
2020-07-28 19:00:00+00:00,53793.0
2020-07-28 20:00:00+00:00,51232.5
2020-07-28 21:00:00+00:00,47565.75
2020-07-28 22:00:00+00:00,44525.75
2020-07-28 23:00:00+00:00,42597.0
2020-07-29 00:00:00+00:00,41738.75
2020-07-29 01:00:00+00:00,41731.25
2020-07-29 02:00:00+00:00,42851.5
2020-07-29 03:00:00+00:00,45507.75
2020-07-29 04:00:00+00:00,51616.0
2020-07-29 05:00:00+00:00,57019.75
2020-07-29 06:00:00+00:00,60634.0
2020-07-29 07:00:00+00:00,62557.25
2020-07-29 08:00:00+00:00,64303.25
2020-07-29 09:00:00+00:00,65334.75
2020-07-29 10:00:00+00:00,64334.5
2020-07-29 11:00:00+00:00,63717.75
2020-07-29 12:00:00+00:00,62252.75
2020-07-29 13:00:00+00:00,60523.5
2020-07-29 14:00:00+00:00,59303.5
2020-07-29 15:00:00+00:00,59657.0
2020-07-29 16:00:00+00:00,59264.25
2020-07-29 17:00:00+00:00,58267.0
2020-07-29 18:00:00+00:00,55548.25
2020-07-29 19:00:00+00:00,53631.0
2020-07-29 20:00:00+00:00,50758.25
2020-07-29 21:00:00+00:00,46751.5
2020-07-29 22:00:00+00:00,43733.75
2020-07-29 23:00:00+00:00,42137.25
2020-07-30 00:00:00+00:00,41334.75
2020-07-30 01:00:00+00:00,41237.25
2020-07-30 02:00:00+00:00,42225.25
2020-07-30 03:00:00+00:00,44893.25
2020-07-30 04:00:00+00:00,50629.25
2020-07-30 05:00:00+00:00,55455.5
2020-07-30 06:00:00+00:00,59305.75
2020-07-30 07:00:00+00:00,60830.75
2020-07-30 08:00:00+00:00,62193.0
2020-07-30 09:00:00+00:00,63941.5
2020-07-30 10:00:00+00:00,63213.75
2020-07-30 11:00:00+00:00,62167.75
2020-07-30 12:00:00+00:00,60919.5
2020-07-30 13:00:00+00:00,59824.5
2020-07-30 14:00:00+00:00,58819.75
2020-07-30 15:00:00+00:00,58662.0
2020-07-30 16:00:00+00:00,57950.75
2020-07-30 17:00:00+00:00,56938.25
2020-07-30 18:00:00+00:00,54899.5
2020-07-30 19:00:00+00:00,53073.75
2020-07-30 20:00:00+00:00,50376.25
2020-07-30 21:00:00+00:00,46425.25
2020-07-30 22:00:00+00:00,43239.25
2020-07-30 23:00:00+00:00,41704.0
2020-07-31 00:00:00+00:00,41188.75
2020-07-31 01:00:00+00:00,41290.75
2020-07-31 02:00:00+00:00,42089.25
2020-07-31 03:00:00+00:00,44164.0
2020-07-31 04:00:00+00:00,49216.75
2020-07-31 05:00:00+00:00,54616.0
2020-07-31 06:00:00+00:00,58384.75
2020-07-31 07:00:00+00:00,60051.75
2020-07-31 08:00:00+00:00,61360.75
2020-07-31 09:00:00+00:00,62572.75
2020-07-31 10:00:00+00:00,61667.75
2020-07-31 11:00:00+00:00,60106.5
2020-07-31 12:00:00+00:00,58890.75
2020-07-31 13:00:00+00:00,57711.25
2020-07-31 14:00:00+00:00,56537.5
2020-07-31 15:00:00+00:00,56006.25
2020-07-31 16:00:00+00:00,55398.5
2020-07-31 17:00:00+00:00,54421.5
2020-07-31 18:00:00+00:00,51945.5
2020-07-31 19:00:00+00:00,50355.0
2020-07-31 20:00:00+00:00,48290.0
2020-07-31 21:00:00+00:00,45405.5
2020-07-31 22:00:00+00:00,43055.75
2020-07-31 23:00:00+00:00,41124.25
2020-08-01 00:00:00+00:00,39807.25
2020-08-01 01:00:00+00:00,39023.0
2020-08-01 02:00:00+00:00,38840.5
2020-08-01 03:00:00+00:00,39306.25
2020-08-01 04:00:00+00:00,40297.5
2020-08-01 05:00:00+00:00,42894.0
2020-08-01 06:00:00+00:00,46587.25
2020-08-01 07:00:00+00:00,50054.75
2020-08-01 08:00:00+00:00,52266.75
2020-08-01 09:00:00+00:00,53687.0
2020-08-01 10:00:00+00:00,53258.0
2020-08-01 11:00:00+00:00,51874.25
2020-08-01 12:00:00+00:00,50425.75
2020-08-01 13:00:00+00:00,48979.25
2020-08-01 14:00:00+00:00,48108.25
2020-08-01 15:00:00+00:00,48636.5
2020-08-01 16:00:00+00:00,48684.0
2020-08-01 17:00:00+00:00,47343.0
2020-08-01 18:00:00+00:00,45690.25
2020-08-01 19:00:00+00:00,45682.0
2020-08-01 20:00:00+00:00,44743.0
2020-08-01 21:00:00+00:00,42107.0
2020-08-01 22:00:00+00:00,39737.25
2020-08-01 23:00:00+00:00,37865.75
2020-08-02 00:00:00+00:00,36581.0
2020-08-02 01:00:00+00:00,35682.75
2020-08-02 02:00:00+00:00,35738.5
2020-08-02 03:00:00+00:00,35668.5
2020-08-02 04:00:00+00:00,35579.25
2020-08-02 05:00:00+00:00,37473.5
2020-08-02 06:00:00+00:00,40263.75
2020-08-02 07:00:00+00:00,43175.75
2020-08-02 08:00:00+00:00,45343.0
2020-08-02 09:00:00+00:00,47126.5
2020-08-02 10:00:00+00:00,47288.0
2020-08-02 11:00:00+00:00,45895.0
2020-08-02 12:00:00+00:00,45276.75
2020-08-02 13:00:00+00:00,45146.5
2020-08-02 14:00:00+00:00,45246.75
2020-08-02 15:00:00+00:00,46068.5
2020-08-02 16:00:00+00:00,46519.75
2020-08-02 17:00:00+00:00,45896.0
2020-08-02 18:00:00+00:00,44772.5
2020-08-02 19:00:00+00:00,44332.75
2020-08-02 20:00:00+00:00,43483.5
2020-08-02 21:00:00+00:00,40937.25
2020-08-02 22:00:00+00:00,38850.75
2020-08-02 23:00:00+00:00,37835.75
2020-08-03 00:00:00+00:00,37135.75
2020-08-03 01:00:00+00:00,37249.75
2020-08-03 02:00:00+00:00,38166.0
2020-08-03 03:00:00+00:00,41209.0
2020-08-03 04:00:00+00:00,47809.75
2020-08-03 05:00:00+00:00,53156.75
2020-08-03 06:00:00+00:00,56691.0
2020-08-03 07:00:00+00:00,58825.25
2020-08-03 08:00:00+00:00,60653.5
2020-08-03 09:00:00+00:00,62275.5
2020-08-03 10:00:00+00:00,61952.0
2020-08-03 11:00:00+00:00,60457.5
2020-08-03 12:00:00+00:00,59371.25
2020-08-03 13:00:00+00:00,58329.25
2020-08-03 14:00:00+00:00,56934.5
2020-08-03 15:00:00+00:00,57083.0
2020-08-03 16:00:00+00:00,56868.25
2020-08-03 17:00:00+00:00,56072.25
2020-08-03 18:00:00+00:00,54211.75
2020-08-03 19:00:00+00:00,52428.5
2020-08-03 20:00:00+00:00,49199.0
2020-08-03 21:00:00+00:00,44882.5
2020-08-03 22:00:00+00:00,42123.25
2020-08-03 23:00:00+00:00,40749.5
2020-08-04 00:00:00+00:00,39878.75
2020-08-04 01:00:00+00:00,39932.25
2020-08-04 02:00:00+00:00,40936.0
2020-08-04 03:00:00+00:00,43924.0
2020-08-04 04:00:00+00:00,49482.25
2020-08-04 05:00:00+00:00,54609.0
2020-08-04 06:00:00+00:00,58144.75
2020-08-04 07:00:00+00:00,59522.25
2020-08-04 08:00:00+00:00,61011.25
2020-08-04 09:00:00+00:00,62131.25
2020-08-04 10:00:00+00:00,61782.0
2020-08-04 11:00:00+00:00,60893.75
2020-08-04 12:00:00+00:00,59402.75
2020-08-04 13:00:00+00:00,58513.0
2020-08-04 14:00:00+00:00,57361.0
2020-08-04 15:00:00+00:00,57074.5
2020-08-04 16:00:00+00:00,56863.5
2020-08-04 17:00:00+00:00,55949.5
2020-08-04 18:00:00+00:00,53715.25
2020-08-04 19:00:00+00:00,52080.5
2020-08-04 20:00:00+00:00,48815.5
2020-08-04 21:00:00+00:00,44873.75
2020-08-04 22:00:00+00:00,42335.0
2020-08-04 23:00:00+00:00,41298.75
2020-08-05 00:00:00+00:00,40368.25
2020-08-05 01:00:00+00:00,40386.75
2020-08-05 02:00:00+00:00,41831.5
2020-08-05 03:00:00+00:00,44777.25
2020-08-05 04:00:00+00:00,50341.25
2020-08-05 05:00:00+00:00,55656.25
2020-08-05 06:00:00+00:00,59134.5
2020-08-05 07:00:00+00:00,60531.0
2020-08-05 08:00:00+00:00,62092.0
2020-08-05 09:00:00+00:00,63670.75
2020-08-05 10:00:00+00:00,63455.5
2020-08-05 11:00:00+00:00,61879.5
2020-08-05 12:00:00+00:00,60559.5
2020-08-05 13:00:00+00:00,59191.5
2020-08-05 14:00:00+00:00,58076.25
2020-08-05 15:00:00+00:00,57817.25
2020-08-05 16:00:00+00:00,57318.25
2020-08-05 17:00:00+00:00,56429.0
2020-08-05 18:00:00+00:00,54544.75
2020-08-05 19:00:00+00:00,52890.25
2020-08-05 20:00:00+00:00,49930.5
2020-08-05 21:00:00+00:00,45896.5
2020-08-05 22:00:00+00:00,43185.5
2020-08-05 23:00:00+00:00,41890.75
2020-08-06 00:00:00+00:00,40517.25
2020-08-06 01:00:00+00:00,40698.5
2020-08-06 02:00:00+00:00,41308.0
2020-08-06 03:00:00+00:00,43753.0
2020-08-06 04:00:00+00:00,49328.25
2020-08-06 05:00:00+00:00,54730.25
2020-08-06 06:00:00+00:00,58335.5
2020-08-06 07:00:00+00:00,59946.5
2020-08-06 08:00:00+00:00,61342.25
2020-08-06 09:00:00+00:00,62630.25
2020-08-06 10:00:00+00:00,62720.25
2020-08-06 11:00:00+00:00,61898.75
2020-08-06 12:00:00+00:00,60482.0
2020-08-06 13:00:00+00:00,59358.25
2020-08-06 14:00:00+00:00,58164.75
2020-08-06 15:00:00+00:00,58138.75
2020-08-06 16:00:00+00:00,57894.5
2020-08-06 17:00:00+00:00,57174.75
2020-08-06 18:00:00+00:00,55276.5
2020-08-06 19:00:00+00:00,54152.0
2020-08-06 20:00:00+00:00,51100.25
2020-08-06 21:00:00+00:00,47035.0
2020-08-06 22:00:00+00:00,43641.25
2020-08-06 23:00:00+00:00,41660.0
2020-08-07 00:00:00+00:00,40936.25
2020-08-07 01:00:00+00:00,40613.5
2020-08-07 02:00:00+00:00,41200.5
2020-08-07 03:00:00+00:00,43852.75
2020-08-07 04:00:00+00:00,49005.25
2020-08-07 05:00:00+00:00,54249.5
2020-08-07 06:00:00+00:00,58390.0
2020-08-07 07:00:00+00:00,60338.75
2020-08-07 08:00:00+00:00,61849.0
2020-08-07 09:00:00+00:00,62837.25
2020-08-07 10:00:00+00:00,62662.0
2020-08-07 11:00:00+00:00,61112.0
2020-08-07 12:00:00+00:00,59591.25
2020-08-07 13:00:00+00:00,58496.0
2020-08-07 14:00:00+00:00,57665.75
2020-08-07 15:00:00+00:00,57727.5
2020-08-07 16:00:00+00:00,57291.5
2020-08-07 17:00:00+00:00,56179.75
2020-08-07 18:00:00+00:00,53568.75
2020-08-07 19:00:00+00:00,52063.5
2020-08-07 20:00:00+00:00,49113.25
2020-08-07 21:00:00+00:00,45382.0
2020-08-07 22:00:00+00:00,42442.25
2020-08-07 23:00:00+00:00,40405.75
2020-08-08 00:00:00+00:00,38936.0
2020-08-08 01:00:00+00:00,38253.5
2020-08-08 02:00:00+00:00,38006.0
2020-08-08 03:00:00+00:00,38588.75
2020-08-08 04:00:00+00:00,39935.75
2020-08-08 05:00:00+00:00,43141.75
2020-08-08 06:00:00+00:00,46975.5
2020-08-08 07:00:00+00:00,50069.25
2020-08-08 08:00:00+00:00,51912.25
2020-08-08 09:00:00+00:00,53207.0
2020-08-08 10:00:00+00:00,53151.0
2020-08-08 11:00:00+00:00,51854.75
2020-08-08 12:00:00+00:00,50685.75
2020-08-08 13:00:00+00:00,50059.25
2020-08-08 14:00:00+00:00,49459.0
2020-08-08 15:00:00+00:00,49759.75
2020-08-08 16:00:00+00:00,49646.25
2020-08-08 17:00:00+00:00,49301.5
2020-08-08 18:00:00+00:00,47402.5
2020-08-08 19:00:00+00:00,46671.5
2020-08-08 20:00:00+00:00,44696.5
2020-08-08 21:00:00+00:00,41923.25
2020-08-08 22:00:00+00:00,39161.75
2020-08-08 23:00:00+00:00,37465.5
2020-08-09 00:00:00+00:00,36313.75
2020-08-09 01:00:00+00:00,35634.5
2020-08-09 02:00:00+00:00,35544.5
2020-08-09 03:00:00+00:00,35795.25
2020-08-09 04:00:00+00:00,36020.0
2020-08-09 05:00:00+00:00,38216.75
2020-08-09 06:00:00+00:00,41793.75
2020-08-09 07:00:00+00:00,44576.25
2020-08-09 08:00:00+00:00,46603.5
2020-08-09 09:00:00+00:00,48316.5
2020-08-09 10:00:00+00:00,48834.25
2020-08-09 11:00:00+00:00,47790.75
2020-08-09 12:00:00+00:00,46446.0
2020-08-09 13:00:00+00:00,46367.0
2020-08-09 14:00:00+00:00,46424.5
2020-08-09 15:00:00+00:00,47221.0
2020-08-09 16:00:00+00:00,47580.0
2020-08-09 17:00:00+00:00,47221.75
2020-08-09 18:00:00+00:00,46916.25
2020-08-09 19:00:00+00:00,47244.5
2020-08-09 20:00:00+00:00,45623.0
2020-08-09 21:00:00+00:00,42541.0
2020-08-09 22:00:00+00:00,40251.0
2020-08-09 23:00:00+00:00,38822.0
2020-08-10 00:00:00+00:00,38708.25
2020-08-10 01:00:00+00:00,39213.0
2020-08-10 02:00:00+00:00,40277.75
2020-08-10 03:00:00+00:00,43588.75
2020-08-10 04:00:00+00:00,50427.5
2020-08-10 05:00:00+00:00,56190.75
2020-08-10 06:00:00+00:00,60403.0
2020-08-10 07:00:00+00:00,62498.75
2020-08-10 08:00:00+00:00,64293.75
2020-08-10 09:00:00+00:00,65477.0
2020-08-10 10:00:00+00:00,65399.5
2020-08-10 11:00:00+00:00,64458.75
2020-08-10 12:00:00+00:00,63439.25
2020-08-10 13:00:00+00:00,62590.25
2020-08-10 14:00:00+00:00,61858.0
2020-08-10 15:00:00+00:00,62011.5
2020-08-10 16:00:00+00:00,61471.25
2020-08-10 17:00:00+00:00,60206.5
2020-08-10 18:00:00+00:00,58205.0
2020-08-10 19:00:00+00:00,57093.75
2020-08-10 20:00:00+00:00,53457.25
2020-08-10 21:00:00+00:00,49184.25
2020-08-10 22:00:00+00:00,46343.5
2020-08-10 23:00:00+00:00,45134.0
2020-08-11 00:00:00+00:00,44576.75
2020-08-11 01:00:00+00:00,44412.0
2020-08-11 02:00:00+00:00,45158.5
2020-08-11 03:00:00+00:00,47930.0
2020-08-11 04:00:00+00:00,53715.25
2020-08-11 05:00:00+00:00,58856.25
2020-08-11 06:00:00+00:00,62465.0
2020-08-11 07:00:00+00:00,64217.0
2020-08-11 08:00:00+00:00,66208.5
2020-08-11 09:00:00+00:00,67750.25
2020-08-11 10:00:00+00:00,67619.75
2020-08-11 11:00:00+00:00,66671.5
2020-08-11 12:00:00+00:00,65580.25
2020-08-11 13:00:00+00:00,64398.0
2020-08-11 14:00:00+00:00,63229.5
2020-08-11 15:00:00+00:00,62987.75
2020-08-11 16:00:00+00:00,62478.0
2020-08-11 17:00:00+00:00,61205.5
2020-08-11 18:00:00+00:00,59164.0
2020-08-11 19:00:00+00:00,57786.75
2020-08-11 20:00:00+00:00,54660.0
2020-08-11 21:00:00+00:00,50731.75
2020-08-11 22:00:00+00:00,47882.75
2020-08-11 23:00:00+00:00,45857.0
2020-08-12 00:00:00+00:00,44503.75
2020-08-12 01:00:00+00:00,44418.25
2020-08-12 02:00:00+00:00,45024.0
2020-08-12 03:00:00+00:00,48173.25
2020-08-12 04:00:00+00:00,53675.75
2020-08-12 05:00:00+00:00,58746.0
2020-08-12 06:00:00+00:00,61884.75
2020-08-12 07:00:00+00:00,63694.75
2020-08-12 08:00:00+00:00,65427.75
2020-08-12 09:00:00+00:00,66704.0
2020-08-12 10:00:00+00:00,66902.0
2020-08-12 11:00:00+00:00,66102.75
2020-08-12 12:00:00+00:00,64707.25
2020-08-12 13:00:00+00:00,63111.75
2020-08-12 14:00:00+00:00,62233.75
2020-08-12 15:00:00+00:00,61774.5
2020-08-12 16:00:00+00:00,60999.5
2020-08-12 17:00:00+00:00,60169.25
2020-08-12 18:00:00+00:00,58261.5
2020-08-12 19:00:00+00:00,56811.25
2020-08-12 20:00:00+00:00,53109.0
2020-08-12 21:00:00+00:00,49347.75
2020-08-12 22:00:00+00:00,47052.25
2020-08-12 23:00:00+00:00,45018.75
2020-08-13 00:00:00+00:00,43971.0
2020-08-13 01:00:00+00:00,43474.25
2020-08-13 02:00:00+00:00,44199.0
2020-08-13 03:00:00+00:00,47210.75
2020-08-13 04:00:00+00:00,52965.5
2020-08-13 05:00:00+00:00,58614.75
2020-08-13 06:00:00+00:00,62521.0
2020-08-13 07:00:00+00:00,63965.5
2020-08-13 08:00:00+00:00,65328.75
2020-08-13 09:00:00+00:00,66774.25
2020-08-13 10:00:00+00:00,66820.75
2020-08-13 11:00:00+00:00,65487.5
2020-08-13 12:00:00+00:00,64091.25
2020-08-13 13:00:00+00:00,62954.0
2020-08-13 14:00:00+00:00,62228.25
2020-08-13 15:00:00+00:00,61931.5
2020-08-13 16:00:00+00:00,61640.0
2020-08-13 17:00:00+00:00,60056.0
2020-08-13 18:00:00+00:00,57971.5
2020-08-13 19:00:00+00:00,56799.25
2020-08-13 20:00:00+00:00,52844.5
2020-08-13 21:00:00+00:00,48468.75
2020-08-13 22:00:00+00:00,45956.25
2020-08-13 23:00:00+00:00,44027.75
2020-08-14 00:00:00+00:00,43238.5
2020-08-14 01:00:00+00:00,43035.75
2020-08-14 02:00:00+00:00,43804.0
2020-08-14 03:00:00+00:00,46929.5
2020-08-14 04:00:00+00:00,52676.5
2020-08-14 05:00:00+00:00,57836.5
2020-08-14 06:00:00+00:00,60686.25
2020-08-14 07:00:00+00:00,62288.75
2020-08-14 08:00:00+00:00,64017.75
2020-08-14 09:00:00+00:00,65143.25
2020-08-14 10:00:00+00:00,64176.5
2020-08-14 11:00:00+00:00,62362.25
2020-08-14 12:00:00+00:00,60602.5
2020-08-14 13:00:00+00:00,59698.75
2020-08-14 14:00:00+00:00,58975.25
2020-08-14 15:00:00+00:00,58481.5
2020-08-14 16:00:00+00:00,58246.0
2020-08-14 17:00:00+00:00,56911.75
2020-08-14 18:00:00+00:00,54891.75
2020-08-14 19:00:00+00:00,52935.5
2020-08-14 20:00:00+00:00,49263.5
2020-08-14 21:00:00+00:00,45628.25
2020-08-14 22:00:00+00:00,42416.0
2020-08-14 23:00:00+00:00,40320.75
2020-08-15 00:00:00+00:00,38880.5
2020-08-15 01:00:00+00:00,38386.25
2020-08-15 02:00:00+00:00,38228.75
2020-08-15 03:00:00+00:00,38892.0
2020-08-15 04:00:00+00:00,40033.0
2020-08-15 05:00:00+00:00,42934.0
2020-08-15 06:00:00+00:00,46500.5
2020-08-15 07:00:00+00:00,49481.75
2020-08-15 08:00:00+00:00,51281.25
2020-08-15 09:00:00+00:00,52809.75
2020-08-15 10:00:00+00:00,52644.25
2020-08-15 11:00:00+00:00,51566.75
2020-08-15 12:00:00+00:00,50285.25
2020-08-15 13:00:00+00:00,49355.0
2020-08-15 14:00:00+00:00,48415.25
2020-08-15 15:00:00+00:00,48752.25
2020-08-15 16:00:00+00:00,48840.0
2020-08-15 17:00:00+00:00,48081.5
2020-08-15 18:00:00+00:00,46475.75
2020-08-15 19:00:00+00:00,45922.5
2020-08-15 20:00:00+00:00,43990.0
2020-08-15 21:00:00+00:00,41185.0
2020-08-15 22:00:00+00:00,38919.5
2020-08-15 23:00:00+00:00,37412.0
2020-08-16 00:00:00+00:00,36078.5
2020-08-16 01:00:00+00:00,35449.0
2020-08-16 02:00:00+00:00,35264.5
2020-08-16 03:00:00+00:00,35812.5
2020-08-16 04:00:00+00:00,35996.25
2020-08-16 05:00:00+00:00,37898.75
2020-08-16 06:00:00+00:00,41187.75
2020-08-16 07:00:00+00:00,44380.75
2020-08-16 08:00:00+00:00,47003.5
2020-08-16 09:00:00+00:00,49467.0
2020-08-16 10:00:00+00:00,49718.25
2020-08-16 11:00:00+00:00,48133.25
2020-08-16 12:00:00+00:00,46829.25
2020-08-16 13:00:00+00:00,46251.0
2020-08-16 14:00:00+00:00,45656.5
2020-08-16 15:00:00+00:00,46791.75
2020-08-16 16:00:00+00:00,47443.75
2020-08-16 17:00:00+00:00,47396.75
2020-08-16 18:00:00+00:00,47138.5
2020-08-16 19:00:00+00:00,47626.75
2020-08-16 20:00:00+00:00,45976.75
2020-08-16 21:00:00+00:00,43091.5
2020-08-16 22:00:00+00:00,41117.5
2020-08-16 23:00:00+00:00,39234.75
2020-08-17 00:00:00+00:00,37985.25
2020-08-17 01:00:00+00:00,38228.75
2020-08-17 02:00:00+00:00,40133.25
2020-08-17 03:00:00+00:00,43601.25
2020-08-17 04:00:00+00:00,50575.25
2020-08-17 05:00:00+00:00,56891.5
2020-08-17 06:00:00+00:00,60512.5
2020-08-17 07:00:00+00:00,62159.25
2020-08-17 08:00:00+00:00,63417.25
2020-08-17 09:00:00+00:00,65205.75
2020-08-17 10:00:00+00:00,65047.0
2020-08-17 11:00:00+00:00,63998.5
2020-08-17 12:00:00+00:00,62541.5
2020-08-17 13:00:00+00:00,61573.75
2020-08-17 14:00:00+00:00,60923.5
2020-08-17 15:00:00+00:00,60889.25
2020-08-17 16:00:00+00:00,61116.0
2020-08-17 17:00:00+00:00,60282.5
2020-08-17 18:00:00+00:00,58105.0
2020-08-17 19:00:00+00:00,56371.25
2020-08-17 20:00:00+00:00,51756.5
2020-08-17 21:00:00+00:00,47305.5
2020-08-17 22:00:00+00:00,44934.5
2020-08-17 23:00:00+00:00,43593.25
2020-08-18 00:00:00+00:00,42209.25
2020-08-18 01:00:00+00:00,42143.0
2020-08-18 02:00:00+00:00,43299.75
2020-08-18 03:00:00+00:00,46453.5
2020-08-18 04:00:00+00:00,52890.5
2020-08-18 05:00:00+00:00,58123.75
2020-08-18 06:00:00+00:00,61661.25
2020-08-18 07:00:00+00:00,63046.5
2020-08-18 08:00:00+00:00,64115.25
2020-08-18 09:00:00+00:00,65251.75
2020-08-18 10:00:00+00:00,64703.0
2020-08-18 11:00:00+00:00,63694.75
2020-08-18 12:00:00+00:00,62004.0
2020-08-18 13:00:00+00:00,60978.0
2020-08-18 14:00:00+00:00,60015.5
2020-08-18 15:00:00+00:00,59988.0
2020-08-18 16:00:00+00:00,59961.5
2020-08-18 17:00:00+00:00,58657.75
2020-08-18 18:00:00+00:00,56831.5
2020-08-18 19:00:00+00:00,55243.75
2020-08-18 20:00:00+00:00,50871.0
2020-08-18 21:00:00+00:00,46884.0
2020-08-18 22:00:00+00:00,44188.0
2020-08-18 23:00:00+00:00,42938.25
2020-08-19 00:00:00+00:00,42111.25
2020-08-19 01:00:00+00:00,42032.25
2020-08-19 02:00:00+00:00,42969.0
2020-08-19 03:00:00+00:00,46489.25
2020-08-19 04:00:00+00:00,52688.0
2020-08-19 05:00:00+00:00,57817.5
2020-08-19 06:00:00+00:00,61241.25
2020-08-19 07:00:00+00:00,62307.75
2020-08-19 08:00:00+00:00,63168.0
2020-08-19 09:00:00+00:00,63961.0
2020-08-19 10:00:00+00:00,63714.0
2020-08-19 11:00:00+00:00,63550.0
2020-08-19 12:00:00+00:00,62129.75
2020-08-19 13:00:00+00:00,60390.25
2020-08-19 14:00:00+00:00,59594.5
2020-08-19 15:00:00+00:00,60102.5
2020-08-19 16:00:00+00:00,59807.75
2020-08-19 17:00:00+00:00,58869.5
2020-08-19 18:00:00+00:00,57177.5
2020-08-19 19:00:00+00:00,55366.25
2020-08-19 20:00:00+00:00,51109.75
2020-08-19 21:00:00+00:00,47350.25
2020-08-19 22:00:00+00:00,44875.75
2020-08-19 23:00:00+00:00,43947.5
2020-08-20 00:00:00+00:00,43184.25
2020-08-20 01:00:00+00:00,43067.5
2020-08-20 02:00:00+00:00,44126.5
2020-08-20 03:00:00+00:00,46957.0
2020-08-20 04:00:00+00:00,53130.5
2020-08-20 05:00:00+00:00,58070.5
2020-08-20 06:00:00+00:00,61356.5
2020-08-20 07:00:00+00:00,62536.75
2020-08-20 08:00:00+00:00,64440.5
2020-08-20 09:00:00+00:00,65765.25
2020-08-20 10:00:00+00:00,65907.25
2020-08-20 11:00:00+00:00,64726.25
2020-08-20 12:00:00+00:00,63594.25
2020-08-20 13:00:00+00:00,62613.0
2020-08-20 14:00:00+00:00,61336.75
2020-08-20 15:00:00+00:00,61305.75
2020-08-20 16:00:00+00:00,61024.0
2020-08-20 17:00:00+00:00,60222.0
2020-08-20 18:00:00+00:00,58270.25
2020-08-20 19:00:00+00:00,56273.5
2020-08-20 20:00:00+00:00,52210.0
2020-08-20 21:00:00+00:00,48797.75
2020-08-20 22:00:00+00:00,46153.25
2020-08-20 23:00:00+00:00,45172.25
2020-08-21 00:00:00+00:00,44235.75
2020-08-21 01:00:00+00:00,43572.25
2020-08-21 02:00:00+00:00,44721.75
2020-08-21 03:00:00+00:00,48099.0
2020-08-21 04:00:00+00:00,53575.25
2020-08-21 05:00:00+00:00,58909.0
2020-08-21 06:00:00+00:00,62613.0
2020-08-21 07:00:00+00:00,64855.5
2020-08-21 08:00:00+00:00,66121.5
2020-08-21 09:00:00+00:00,67206.5
2020-08-21 10:00:00+00:00,65755.5
2020-08-21 11:00:00+00:00,65321.75
2020-08-21 12:00:00+00:00,64280.0
2020-08-21 13:00:00+00:00,62502.0
2020-08-21 14:00:00+00:00,61319.75
2020-08-21 15:00:00+00:00,60739.5
2020-08-21 16:00:00+00:00,59960.5
2020-08-21 17:00:00+00:00,58654.0
2020-08-21 18:00:00+00:00,56547.5
2020-08-21 19:00:00+00:00,53812.75
2020-08-21 20:00:00+00:00,49955.25
2020-08-21 21:00:00+00:00,46395.75
2020-08-21 22:00:00+00:00,43572.75
2020-08-21 23:00:00+00:00,41920.0
2020-08-22 00:00:00+00:00,40886.75
2020-08-22 01:00:00+00:00,40378.75
2020-08-22 02:00:00+00:00,40352.0
2020-08-22 03:00:00+00:00,41086.0
2020-08-22 04:00:00+00:00,42764.0
2020-08-22 05:00:00+00:00,45319.0
2020-08-22 06:00:00+00:00,48544.0
2020-08-22 07:00:00+00:00,51808.5
2020-08-22 08:00:00+00:00,54141.0
2020-08-22 09:00:00+00:00,55687.5
2020-08-22 10:00:00+00:00,55220.25
2020-08-22 11:00:00+00:00,53646.25
2020-08-22 12:00:00+00:00,52348.0
2020-08-22 13:00:00+00:00,51410.0
2020-08-22 14:00:00+00:00,50761.25
2020-08-22 15:00:00+00:00,51596.5
2020-08-22 16:00:00+00:00,51848.25
2020-08-22 17:00:00+00:00,50032.75
2020-08-22 18:00:00+00:00,48487.5
2020-08-22 19:00:00+00:00,47297.25
2020-08-22 20:00:00+00:00,44728.0
2020-08-22 21:00:00+00:00,42435.5
2020-08-22 22:00:00+00:00,39902.5
2020-08-22 23:00:00+00:00,38765.0
2020-08-23 00:00:00+00:00,37092.75
2020-08-23 01:00:00+00:00,36534.75
2020-08-23 02:00:00+00:00,36449.0
2020-08-23 03:00:00+00:00,36727.75
2020-08-23 04:00:00+00:00,37383.5
2020-08-23 05:00:00+00:00,39184.25
2020-08-23 06:00:00+00:00,42742.0
2020-08-23 07:00:00+00:00,46388.25
2020-08-23 08:00:00+00:00,49479.5
2020-08-23 09:00:00+00:00,51818.75
2020-08-23 10:00:00+00:00,50969.25
2020-08-23 11:00:00+00:00,49166.0
2020-08-23 12:00:00+00:00,48216.25
2020-08-23 13:00:00+00:00,47596.0
2020-08-23 14:00:00+00:00,47168.75
2020-08-23 15:00:00+00:00,47951.5
2020-08-23 16:00:00+00:00,48670.25
2020-08-23 17:00:00+00:00,48007.0
2020-08-23 18:00:00+00:00,47442.75
2020-08-23 19:00:00+00:00,46890.25
2020-08-23 20:00:00+00:00,45101.0
2020-08-23 21:00:00+00:00,42708.0
2020-08-23 22:00:00+00:00,40885.5
2020-08-23 23:00:00+00:00,39804.75
2020-08-24 00:00:00+00:00,39167.5
2020-08-24 01:00:00+00:00,38867.25
2020-08-24 02:00:00+00:00,39985.0
2020-08-24 03:00:00+00:00,43610.5
2020-08-24 04:00:00+00:00,50618.75
2020-08-24 05:00:00+00:00,56327.75
2020-08-24 06:00:00+00:00,60061.25
2020-08-24 07:00:00+00:00,61369.75
2020-08-24 08:00:00+00:00,63493.25
2020-08-24 09:00:00+00:00,64652.75
2020-08-24 10:00:00+00:00,64370.75
2020-08-24 11:00:00+00:00,63769.0
2020-08-24 12:00:00+00:00,62317.5
2020-08-24 13:00:00+00:00,61376.5
2020-08-24 14:00:00+00:00,59926.0
2020-08-24 15:00:00+00:00,59498.75
2020-08-24 16:00:00+00:00,59573.25
2020-08-24 17:00:00+00:00,58756.75
2020-08-24 18:00:00+00:00,56953.0
2020-08-24 19:00:00+00:00,54734.75
2020-08-24 20:00:00+00:00,50467.0
2020-08-24 21:00:00+00:00,46599.0
2020-08-24 22:00:00+00:00,44214.75
2020-08-24 23:00:00+00:00,42837.25
2020-08-25 00:00:00+00:00,42177.25
2020-08-25 01:00:00+00:00,42181.75
2020-08-25 02:00:00+00:00,43261.5
2020-08-25 03:00:00+00:00,46850.0
2020-08-25 04:00:00+00:00,53347.75
2020-08-25 05:00:00+00:00,58013.0
2020-08-25 06:00:00+00:00,61456.0
2020-08-25 07:00:00+00:00,62691.25
2020-08-25 08:00:00+00:00,63575.75
2020-08-25 09:00:00+00:00,65278.25
2020-08-25 10:00:00+00:00,65529.25
2020-08-25 11:00:00+00:00,64261.25
2020-08-25 12:00:00+00:00,62916.0
2020-08-25 13:00:00+00:00,61775.75
2020-08-25 14:00:00+00:00,60944.0
2020-08-25 15:00:00+00:00,61049.5
2020-08-25 16:00:00+00:00,61144.25
2020-08-25 17:00:00+00:00,60911.5
2020-08-25 18:00:00+00:00,59196.75
2020-08-25 19:00:00+00:00,56434.0
2020-08-25 20:00:00+00:00,52912.25
2020-08-25 21:00:00+00:00,49118.25
2020-08-25 22:00:00+00:00,46286.75
2020-08-25 23:00:00+00:00,45425.0
2020-08-26 00:00:00+00:00,44833.75
2020-08-26 01:00:00+00:00,45072.25
2020-08-26 02:00:00+00:00,46312.5
2020-08-26 03:00:00+00:00,49888.75
2020-08-26 04:00:00+00:00,56158.0
2020-08-26 05:00:00+00:00,61702.75
2020-08-26 06:00:00+00:00,65285.5
2020-08-26 07:00:00+00:00,67293.25
2020-08-26 08:00:00+00:00,68437.0
2020-08-26 09:00:00+00:00,69263.0
2020-08-26 10:00:00+00:00,69672.75
2020-08-26 11:00:00+00:00,68319.5
2020-08-26 12:00:00+00:00,66695.25
2020-08-26 13:00:00+00:00,65518.5
2020-08-26 14:00:00+00:00,65226.0
2020-08-26 15:00:00+00:00,64538.0
2020-08-26 16:00:00+00:00,64295.5
2020-08-26 17:00:00+00:00,63588.0
2020-08-26 18:00:00+00:00,62183.25
2020-08-26 19:00:00+00:00,59000.75
2020-08-26 20:00:00+00:00,53963.5
2020-08-26 21:00:00+00:00,50113.75
2020-08-26 22:00:00+00:00,47697.75
2020-08-26 23:00:00+00:00,45888.75
2020-08-27 00:00:00+00:00,44603.0
2020-08-27 01:00:00+00:00,44668.75
2020-08-27 02:00:00+00:00,46021.5
2020-08-27 03:00:00+00:00,49298.25
2020-08-27 04:00:00+00:00,55419.5
2020-08-27 05:00:00+00:00,60324.75
2020-08-27 06:00:00+00:00,63402.0
2020-08-27 07:00:00+00:00,64630.25
2020-08-27 08:00:00+00:00,66018.0
2020-08-27 09:00:00+00:00,66806.25
2020-08-27 10:00:00+00:00,65755.25
2020-08-27 11:00:00+00:00,64481.0
2020-08-27 12:00:00+00:00,62985.25
2020-08-27 13:00:00+00:00,61584.25
2020-08-27 14:00:00+00:00,60201.5
2020-08-27 15:00:00+00:00,60045.0
2020-08-27 16:00:00+00:00,59636.25
2020-08-27 17:00:00+00:00,58857.25
2020-08-27 18:00:00+00:00,57624.5
2020-08-27 19:00:00+00:00,54385.75
2020-08-27 20:00:00+00:00,50354.0
2020-08-27 21:00:00+00:00,46320.0
2020-08-27 22:00:00+00:00,43974.5
2020-08-27 23:00:00+00:00,42676.75
2020-08-28 00:00:00+00:00,41868.0
2020-08-28 01:00:00+00:00,42234.0
2020-08-28 02:00:00+00:00,43117.75
2020-08-28 03:00:00+00:00,47140.75
2020-08-28 04:00:00+00:00,53616.0
2020-08-28 05:00:00+00:00,58472.0
2020-08-28 06:00:00+00:00,61322.25
2020-08-28 07:00:00+00:00,63082.75
2020-08-28 08:00:00+00:00,64796.0
2020-08-28 09:00:00+00:00,65735.75
2020-08-28 10:00:00+00:00,65191.25
2020-08-28 11:00:00+00:00,63479.0
2020-08-28 12:00:00+00:00,61033.25
2020-08-28 13:00:00+00:00,59899.5
2020-08-28 14:00:00+00:00,58967.75
2020-08-28 15:00:00+00:00,58707.5
2020-08-28 16:00:00+00:00,58201.75
2020-08-28 17:00:00+00:00,57143.5
2020-08-28 18:00:00+00:00,55535.75
2020-08-28 19:00:00+00:00,52548.75
2020-08-28 20:00:00+00:00,48660.0
2020-08-28 21:00:00+00:00,45162.5
2020-08-28 22:00:00+00:00,42402.5
2020-08-28 23:00:00+00:00,40667.0
2020-08-29 00:00:00+00:00,39607.5
2020-08-29 01:00:00+00:00,39335.0
2020-08-29 02:00:00+00:00,38825.25
2020-08-29 03:00:00+00:00,39182.75
2020-08-29 04:00:00+00:00,40970.0
2020-08-29 05:00:00+00:00,43588.0
2020-08-29 06:00:00+00:00,47257.75
2020-08-29 07:00:00+00:00,50404.5
2020-08-29 08:00:00+00:00,52886.25
2020-08-29 09:00:00+00:00,54278.5
2020-08-29 10:00:00+00:00,54313.25
2020-08-29 11:00:00+00:00,52199.5
2020-08-29 12:00:00+00:00,51200.75
2020-08-29 13:00:00+00:00,49750.0
2020-08-29 14:00:00+00:00,48967.0
2020-08-29 15:00:00+00:00,49450.5
2020-08-29 16:00:00+00:00,49759.0
2020-08-29 17:00:00+00:00,48837.5
2020-08-29 18:00:00+00:00,47779.25
2020-08-29 19:00:00+00:00,45717.5
2020-08-29 20:00:00+00:00,43022.5
2020-08-29 21:00:00+00:00,40087.75
2020-08-29 22:00:00+00:00,37783.25
2020-08-29 23:00:00+00:00,36350.0
2020-08-30 00:00:00+00:00,35282.5
2020-08-30 01:00:00+00:00,34913.75
2020-08-30 02:00:00+00:00,35056.0
2020-08-30 03:00:00+00:00,35737.5
2020-08-30 04:00:00+00:00,36295.5
2020-08-30 05:00:00+00:00,37468.25
2020-08-30 06:00:00+00:00,40423.0
2020-08-30 07:00:00+00:00,43676.5
2020-08-30 08:00:00+00:00,46575.75
2020-08-30 09:00:00+00:00,48785.0
2020-08-30 10:00:00+00:00,48731.5
2020-08-30 11:00:00+00:00,47390.0
2020-08-30 12:00:00+00:00,46230.25
2020-08-30 13:00:00+00:00,45732.75
2020-08-30 14:00:00+00:00,45753.75
2020-08-30 15:00:00+00:00,46800.0
2020-08-30 16:00:00+00:00,47681.5
2020-08-30 17:00:00+00:00,47619.5
2020-08-30 18:00:00+00:00,47588.25
2020-08-30 19:00:00+00:00,46065.75
2020-08-30 20:00:00+00:00,44152.5
2020-08-30 21:00:00+00:00,41734.0
2020-08-30 22:00:00+00:00,39889.5
2020-08-30 23:00:00+00:00,38680.75
2020-08-31 00:00:00+00:00,38165.0
2020-08-31 01:00:00+00:00,38421.25
2020-08-31 02:00:00+00:00,40374.5
2020-08-31 03:00:00+00:00,44885.75
2020-08-31 04:00:00+00:00,53357.5
2020-08-31 05:00:00+00:00,58457.5
2020-08-31 06:00:00+00:00,61678.25
2020-08-31 07:00:00+00:00,62435.25
2020-08-31 08:00:00+00:00,63690.25
2020-08-31 09:00:00+00:00,65056.5
2020-08-31 10:00:00+00:00,64851.75
2020-08-31 11:00:00+00:00,63921.5
2020-08-31 12:00:00+00:00,62499.0
2020-08-31 13:00:00+00:00,60926.0
2020-08-31 14:00:00+00:00,59686.0
2020-08-31 15:00:00+00:00,60061.5
2020-08-31 16:00:00+00:00,59867.5
2020-08-31 17:00:00+00:00,59647.5
2020-08-31 18:00:00+00:00,58773.5
2020-08-31 19:00:00+00:00,55377.25
2020-08-31 20:00:00+00:00,50820.0
2020-08-31 21:00:00+00:00,46785.25
2020-08-31 22:00:00+00:00,43956.5
2020-08-31 23:00:00+00:00,42644.75
2020-09-01 00:00:00+00:00,42057.5
2020-09-01 01:00:00+00:00,42292.0
2020-09-01 02:00:00+00:00,43264.25
2020-09-01 03:00:00+00:00,46973.75
2020-09-01 04:00:00+00:00,54891.25
2020-09-01 05:00:00+00:00,59653.75
2020-09-01 06:00:00+00:00,62395.75
2020-09-01 07:00:00+00:00,63043.25
2020-09-01 08:00:00+00:00,64207.75
2020-09-01 09:00:00+00:00,65686.0
2020-09-01 10:00:00+00:00,65523.0
2020-09-01 11:00:00+00:00,64357.75
2020-09-01 12:00:00+00:00,62526.5
2020-09-01 13:00:00+00:00,61177.5
2020-09-01 14:00:00+00:00,59846.75
2020-09-01 15:00:00+00:00,60046.0
2020-09-01 16:00:00+00:00,60482.75
2020-09-01 17:00:00+00:00,60559.5
2020-09-01 18:00:00+00:00,60316.25
2020-09-01 19:00:00+00:00,56796.25
2020-09-01 20:00:00+00:00,51998.0
2020-09-01 21:00:00+00:00,47860.0
2020-09-01 22:00:00+00:00,45603.0
2020-09-01 23:00:00+00:00,43735.0
2020-09-02 00:00:00+00:00,42715.25
2020-09-02 01:00:00+00:00,42779.5
2020-09-02 02:00:00+00:00,43959.5
2020-09-02 03:00:00+00:00,47680.75
2020-09-02 04:00:00+00:00,55352.75
2020-09-02 05:00:00+00:00,60081.25
2020-09-02 06:00:00+00:00,62748.25
2020-09-02 07:00:00+00:00,63540.25
2020-09-02 08:00:00+00:00,64863.25
2020-09-02 09:00:00+00:00,65925.25
2020-09-02 10:00:00+00:00,65346.75
2020-09-02 11:00:00+00:00,64509.75
2020-09-02 12:00:00+00:00,62741.0
2020-09-02 13:00:00+00:00,61215.75
2020-09-02 14:00:00+00:00,60218.25
2020-09-02 15:00:00+00:00,60085.25
2020-09-02 16:00:00+00:00,59993.25
2020-09-02 17:00:00+00:00,59997.75
2020-09-02 18:00:00+00:00,59458.75
2020-09-02 19:00:00+00:00,56361.5
2020-09-02 20:00:00+00:00,51878.25
2020-09-02 21:00:00+00:00,47710.75
2020-09-02 22:00:00+00:00,44654.75
2020-09-02 23:00:00+00:00,43258.25
2020-09-03 00:00:00+00:00,42564.5
2020-09-03 01:00:00+00:00,42678.0
2020-09-03 02:00:00+00:00,44175.0
2020-09-03 03:00:00+00:00,47143.75
2020-09-03 04:00:00+00:00,54361.75
2020-09-03 05:00:00+00:00,58765.25
2020-09-03 06:00:00+00:00,62121.0
2020-09-03 07:00:00+00:00,62978.5
2020-09-03 08:00:00+00:00,64434.0
2020-09-03 09:00:00+00:00,66080.0
2020-09-03 10:00:00+00:00,65394.5
2020-09-03 11:00:00+00:00,64271.75
2020-09-03 12:00:00+00:00,63838.5
2020-09-03 13:00:00+00:00,62343.5
2020-09-03 14:00:00+00:00,61867.0
2020-09-03 15:00:00+00:00,61863.5
2020-09-03 16:00:00+00:00,61624.0
2020-09-03 17:00:00+00:00,61857.25
2020-09-03 18:00:00+00:00,61779.25
2020-09-03 19:00:00+00:00,58667.5
2020-09-03 20:00:00+00:00,54392.5
2020-09-03 21:00:00+00:00,49794.25
2020-09-03 22:00:00+00:00,46927.0
2020-09-03 23:00:00+00:00,45576.5
2020-09-04 00:00:00+00:00,44581.5
2020-09-04 01:00:00+00:00,44440.5
2020-09-04 02:00:00+00:00,45825.0
2020-09-04 03:00:00+00:00,48517.5
2020-09-04 04:00:00+00:00,54696.0
2020-09-04 05:00:00+00:00,59260.25
2020-09-04 06:00:00+00:00,61999.75
2020-09-04 07:00:00+00:00,63281.25
2020-09-04 08:00:00+00:00,64609.25
2020-09-04 09:00:00+00:00,65151.5
2020-09-04 10:00:00+00:00,65113.0
2020-09-04 11:00:00+00:00,63754.5
2020-09-04 12:00:00+00:00,61671.25
2020-09-04 13:00:00+00:00,60964.0
2020-09-04 14:00:00+00:00,59159.5
2020-09-04 15:00:00+00:00,58543.5
2020-09-04 16:00:00+00:00,57641.75
2020-09-04 17:00:00+00:00,56971.5
2020-09-04 18:00:00+00:00,56192.5
2020-09-04 19:00:00+00:00,52532.25
2020-09-04 20:00:00+00:00,48567.75
2020-09-04 21:00:00+00:00,45570.0
2020-09-04 22:00:00+00:00,42140.25
2020-09-04 23:00:00+00:00,40513.5
2020-09-05 00:00:00+00:00,39047.75
2020-09-05 01:00:00+00:00,38554.5
2020-09-05 02:00:00+00:00,38520.25
2020-09-05 03:00:00+00:00,40220.0
2020-09-05 04:00:00+00:00,42055.25
2020-09-05 05:00:00+00:00,44545.5
2020-09-05 06:00:00+00:00,48393.75
2020-09-05 07:00:00+00:00,51794.0
2020-09-05 08:00:00+00:00,53772.5
2020-09-05 09:00:00+00:00,55279.75
2020-09-05 10:00:00+00:00,54591.0
2020-09-05 11:00:00+00:00,52897.25
2020-09-05 12:00:00+00:00,51773.75
2020-09-05 13:00:00+00:00,50832.5
2020-09-05 14:00:00+00:00,50046.0
2020-09-05 15:00:00+00:00,50613.0
2020-09-05 16:00:00+00:00,50850.5
2020-09-05 17:00:00+00:00,50414.25
2020-09-05 18:00:00+00:00,49593.25
2020-09-05 19:00:00+00:00,47097.5
2020-09-05 20:00:00+00:00,44316.5
2020-09-05 21:00:00+00:00,41708.0
2020-09-05 22:00:00+00:00,39548.5
2020-09-05 23:00:00+00:00,38352.25
2020-09-06 00:00:00+00:00,37134.0
2020-09-06 01:00:00+00:00,36564.25
2020-09-06 02:00:00+00:00,36219.5
2020-09-06 03:00:00+00:00,37080.5
2020-09-06 04:00:00+00:00,37974.0
2020-09-06 05:00:00+00:00,39281.25
2020-09-06 06:00:00+00:00,42489.5
2020-09-06 07:00:00+00:00,45495.5
2020-09-06 08:00:00+00:00,47469.25
2020-09-06 09:00:00+00:00,49983.75
2020-09-06 10:00:00+00:00,50063.75
2020-09-06 11:00:00+00:00,48417.75
2020-09-06 12:00:00+00:00,46865.75
2020-09-06 13:00:00+00:00,46231.75
2020-09-06 14:00:00+00:00,45654.5
2020-09-06 15:00:00+00:00,46802.0
2020-09-06 16:00:00+00:00,47520.5
2020-09-06 17:00:00+00:00,47347.0
2020-09-06 18:00:00+00:00,47445.5
2020-09-06 19:00:00+00:00,45755.0
2020-09-06 20:00:00+00:00,44298.25
2020-09-06 21:00:00+00:00,41546.0
2020-09-06 22:00:00+00:00,39645.0
2020-09-06 23:00:00+00:00,38719.5
2020-09-07 00:00:00+00:00,38362.0
2020-09-07 01:00:00+00:00,38568.75
2020-09-07 02:00:00+00:00,39875.25
2020-09-07 03:00:00+00:00,44121.75
2020-09-07 04:00:00+00:00,52796.5
2020-09-07 05:00:00+00:00,57844.25
2020-09-07 06:00:00+00:00,60880.0
2020-09-07 07:00:00+00:00,62148.0
2020-09-07 08:00:00+00:00,63498.0
2020-09-07 09:00:00+00:00,64630.75
2020-09-07 10:00:00+00:00,64666.75
2020-09-07 11:00:00+00:00,63500.5
2020-09-07 12:00:00+00:00,62104.75
2020-09-07 13:00:00+00:00,61623.0
2020-09-07 14:00:00+00:00,59940.5
2020-09-07 15:00:00+00:00,59730.5
2020-09-07 16:00:00+00:00,59879.25
2020-09-07 17:00:00+00:00,60533.75
2020-09-07 18:00:00+00:00,60317.5
2020-09-07 19:00:00+00:00,56548.25
2020-09-07 20:00:00+00:00,51973.5
2020-09-07 21:00:00+00:00,47846.0
2020-09-07 22:00:00+00:00,45901.25
2020-09-07 23:00:00+00:00,44305.75
2020-09-08 00:00:00+00:00,43870.75
2020-09-08 01:00:00+00:00,44570.75
2020-09-08 02:00:00+00:00,45315.75
2020-09-08 03:00:00+00:00,49384.0
2020-09-08 04:00:00+00:00,57435.75
2020-09-08 05:00:00+00:00,62109.25
2020-09-08 06:00:00+00:00,64788.75
2020-09-08 07:00:00+00:00,65486.25
2020-09-08 08:00:00+00:00,66746.75
2020-09-08 09:00:00+00:00,68061.75
2020-09-08 10:00:00+00:00,67564.0
2020-09-08 11:00:00+00:00,66610.75
2020-09-08 12:00:00+00:00,64966.5
2020-09-08 13:00:00+00:00,63860.5
2020-09-08 14:00:00+00:00,61808.25
2020-09-08 15:00:00+00:00,61867.25
2020-09-08 16:00:00+00:00,61593.25
2020-09-08 17:00:00+00:00,61356.0
2020-09-08 18:00:00+00:00,60924.5
2020-09-08 19:00:00+00:00,56962.25
2020-09-08 20:00:00+00:00,52688.0
2020-09-08 21:00:00+00:00,48965.25
2020-09-08 22:00:00+00:00,46702.5
2020-09-08 23:00:00+00:00,45110.25
2020-09-09 00:00:00+00:00,44036.75
2020-09-09 01:00:00+00:00,44122.25
2020-09-09 02:00:00+00:00,44937.75
2020-09-09 03:00:00+00:00,48066.5
2020-09-09 04:00:00+00:00,55947.25
2020-09-09 05:00:00+00:00,60718.75
2020-09-09 06:00:00+00:00,63644.25
2020-09-09 07:00:00+00:00,64857.5
2020-09-09 08:00:00+00:00,66634.75
2020-09-09 09:00:00+00:00,68248.75
2020-09-09 10:00:00+00:00,67693.5
2020-09-09 11:00:00+00:00,67052.75
2020-09-09 12:00:00+00:00,65615.25
2020-09-09 13:00:00+00:00,65107.0
2020-09-09 14:00:00+00:00,63406.0
2020-09-09 15:00:00+00:00,62755.75
2020-09-09 16:00:00+00:00,62585.75
2020-09-09 17:00:00+00:00,62526.75
2020-09-09 18:00:00+00:00,62361.75
2020-09-09 19:00:00+00:00,58342.25
2020-09-09 20:00:00+00:00,54643.75
2020-09-09 21:00:00+00:00,51043.75
2020-09-09 22:00:00+00:00,47438.5
2020-09-09 23:00:00+00:00,46000.25
2020-09-10 00:00:00+00:00,44812.5
2020-09-10 01:00:00+00:00,44812.0
2020-09-10 02:00:00+00:00,45507.25
2020-09-10 03:00:00+00:00,49412.0
2020-09-10 04:00:00+00:00,57691.75
2020-09-10 05:00:00+00:00,61837.0
2020-09-10 06:00:00+00:00,64189.25
2020-09-10 07:00:00+00:00,64683.5
2020-09-10 08:00:00+00:00,66017.75
2020-09-10 09:00:00+00:00,66836.5
2020-09-10 10:00:00+00:00,66363.5
2020-09-10 11:00:00+00:00,65773.5
2020-09-10 12:00:00+00:00,64079.0
2020-09-10 13:00:00+00:00,62441.5
2020-09-10 14:00:00+00:00,60480.75
2020-09-10 15:00:00+00:00,60072.5
2020-09-10 16:00:00+00:00,59990.25
2020-09-10 17:00:00+00:00,60340.5
2020-09-10 18:00:00+00:00,60110.5
2020-09-10 19:00:00+00:00,55747.75
2020-09-10 20:00:00+00:00,51183.0
2020-09-10 21:00:00+00:00,47443.25
2020-09-10 22:00:00+00:00,44915.25
2020-09-10 23:00:00+00:00,43354.0
2020-09-11 00:00:00+00:00,42696.25
2020-09-11 01:00:00+00:00,42864.0
2020-09-11 02:00:00+00:00,44035.75
2020-09-11 03:00:00+00:00,47164.5
2020-09-11 04:00:00+00:00,54372.0
2020-09-11 05:00:00+00:00,58707.25
2020-09-11 06:00:00+00:00,61516.75
2020-09-11 07:00:00+00:00,62431.5
2020-09-11 08:00:00+00:00,63398.5
2020-09-11 09:00:00+00:00,64324.5
2020-09-11 10:00:00+00:00,64360.0
2020-09-11 11:00:00+00:00,63132.5
2020-09-11 12:00:00+00:00,61269.5
2020-09-11 13:00:00+00:00,59906.25
2020-09-11 14:00:00+00:00,58179.25
2020-09-11 15:00:00+00:00,58168.75
2020-09-11 16:00:00+00:00,58113.25
2020-09-11 17:00:00+00:00,58203.5
2020-09-11 18:00:00+00:00,57466.0
2020-09-11 19:00:00+00:00,52869.25
2020-09-11 20:00:00+00:00,48641.5
2020-09-11 21:00:00+00:00,44884.5
2020-09-11 22:00:00+00:00,42436.75
2020-09-11 23:00:00+00:00,40799.5
2020-09-12 00:00:00+00:00,39761.0
2020-09-12 01:00:00+00:00,39389.25
2020-09-12 02:00:00+00:00,39594.0
2020-09-12 03:00:00+00:00,40391.75
2020-09-12 04:00:00+00:00,42640.25
2020-09-12 05:00:00+00:00,45642.0
2020-09-12 06:00:00+00:00,49785.0
2020-09-12 07:00:00+00:00,52530.75
2020-09-12 08:00:00+00:00,54185.75
2020-09-12 09:00:00+00:00,55897.0
2020-09-12 10:00:00+00:00,56124.0
2020-09-12 11:00:00+00:00,54490.0
2020-09-12 12:00:00+00:00,53160.0
2020-09-12 13:00:00+00:00,52509.25
2020-09-12 14:00:00+00:00,51410.25
2020-09-12 15:00:00+00:00,51716.5
2020-09-12 16:00:00+00:00,52115.25
2020-09-12 17:00:00+00:00,52210.5
2020-09-12 18:00:00+00:00,51568.5
2020-09-12 19:00:00+00:00,48430.25
2020-09-12 20:00:00+00:00,45891.0
2020-09-12 21:00:00+00:00,42671.5
2020-09-12 22:00:00+00:00,39390.5
2020-09-12 23:00:00+00:00,37780.0
2020-09-13 00:00:00+00:00,37084.5
2020-09-13 01:00:00+00:00,36306.0
2020-09-13 02:00:00+00:00,36352.25
2020-09-13 03:00:00+00:00,37115.75
2020-09-13 04:00:00+00:00,37944.5
2020-09-13 05:00:00+00:00,39562.5
2020-09-13 06:00:00+00:00,43053.25
2020-09-13 07:00:00+00:00,46030.75
2020-09-13 08:00:00+00:00,48761.75
2020-09-13 09:00:00+00:00,51194.5
2020-09-13 10:00:00+00:00,50908.25
2020-09-13 11:00:00+00:00,48974.0
2020-09-13 12:00:00+00:00,47473.0
2020-09-13 13:00:00+00:00,46489.75
2020-09-13 14:00:00+00:00,46027.5
2020-09-13 15:00:00+00:00,46575.75
2020-09-13 16:00:00+00:00,47740.75
2020-09-13 17:00:00+00:00,48389.0
2020-09-13 18:00:00+00:00,49594.25
2020-09-13 19:00:00+00:00,47259.0
2020-09-13 20:00:00+00:00,45172.75
2020-09-13 21:00:00+00:00,42707.5
2020-09-13 22:00:00+00:00,40304.75
2020-09-13 23:00:00+00:00,39084.25
2020-09-14 00:00:00+00:00,38785.25
2020-09-14 01:00:00+00:00,38966.75
2020-09-14 02:00:00+00:00,40529.0
2020-09-14 03:00:00+00:00,44437.0
2020-09-14 04:00:00+00:00,53026.25
2020-09-14 05:00:00+00:00,58377.25
2020-09-14 06:00:00+00:00,61254.25
2020-09-14 07:00:00+00:00,62308.25
2020-09-14 08:00:00+00:00,63973.5
2020-09-14 09:00:00+00:00,65188.25
2020-09-14 10:00:00+00:00,65064.0
2020-09-14 11:00:00+00:00,64465.0
2020-09-14 12:00:00+00:00,63116.25
2020-09-14 13:00:00+00:00,62509.25
2020-09-14 14:00:00+00:00,61051.5
2020-09-14 15:00:00+00:00,60623.5
2020-09-14 16:00:00+00:00,60600.75
2020-09-14 17:00:00+00:00,61203.0
2020-09-14 18:00:00+00:00,60399.5
2020-09-14 19:00:00+00:00,55990.5
2020-09-14 20:00:00+00:00,51774.0
2020-09-14 21:00:00+00:00,47780.75
2020-09-14 22:00:00+00:00,45182.0
2020-09-14 23:00:00+00:00,44198.5
2020-09-15 00:00:00+00:00,43346.5
2020-09-15 01:00:00+00:00,43385.75
2020-09-15 02:00:00+00:00,44465.0
2020-09-15 03:00:00+00:00,47700.75
2020-09-15 04:00:00+00:00,55902.5
2020-09-15 05:00:00+00:00,60482.0
2020-09-15 06:00:00+00:00,63363.25
2020-09-15 07:00:00+00:00,64437.5
2020-09-15 08:00:00+00:00,65579.25
2020-09-15 09:00:00+00:00,66865.0
2020-09-15 10:00:00+00:00,66468.75
2020-09-15 11:00:00+00:00,65870.75
2020-09-15 12:00:00+00:00,64574.0
2020-09-15 13:00:00+00:00,63508.5
2020-09-15 14:00:00+00:00,61876.75
2020-09-15 15:00:00+00:00,61734.0
2020-09-15 16:00:00+00:00,61575.5
2020-09-15 17:00:00+00:00,61998.5
2020-09-15 18:00:00+00:00,61066.75
2020-09-15 19:00:00+00:00,56633.5
2020-09-15 20:00:00+00:00,52139.75
2020-09-15 21:00:00+00:00,48176.0
2020-09-15 22:00:00+00:00,45410.75
2020-09-15 23:00:00+00:00,43984.25
2020-09-16 00:00:00+00:00,43434.0
2020-09-16 01:00:00+00:00,43331.25
2020-09-16 02:00:00+00:00,44387.5
2020-09-16 03:00:00+00:00,48027.0
2020-09-16 04:00:00+00:00,55965.5
2020-09-16 05:00:00+00:00,60681.0
2020-09-16 06:00:00+00:00,63664.5
2020-09-16 07:00:00+00:00,64529.75
2020-09-16 08:00:00+00:00,65908.25
2020-09-16 09:00:00+00:00,67605.25
2020-09-16 10:00:00+00:00,67178.25
2020-09-16 11:00:00+00:00,66438.75
2020-09-16 12:00:00+00:00,65398.0
2020-09-16 13:00:00+00:00,64587.75
2020-09-16 14:00:00+00:00,63206.25
2020-09-16 15:00:00+00:00,63546.0
2020-09-16 16:00:00+00:00,64205.5
2020-09-16 17:00:00+00:00,64906.25
2020-09-16 18:00:00+00:00,63960.5
2020-09-16 19:00:00+00:00,59386.25
2020-09-16 20:00:00+00:00,55000.75
2020-09-16 21:00:00+00:00,51108.75
2020-09-16 22:00:00+00:00,49169.75
2020-09-16 23:00:00+00:00,48109.25
2020-09-17 00:00:00+00:00,46713.75
2020-09-17 01:00:00+00:00,46328.5
2020-09-17 02:00:00+00:00,46931.75
2020-09-17 03:00:00+00:00,50016.0
2020-09-17 04:00:00+00:00,57668.0
2020-09-17 05:00:00+00:00,61841.5
2020-09-17 06:00:00+00:00,64022.25
2020-09-17 07:00:00+00:00,64173.0
2020-09-17 08:00:00+00:00,64984.5
2020-09-17 09:00:00+00:00,65809.25
2020-09-17 10:00:00+00:00,64991.0
2020-09-17 11:00:00+00:00,64057.5
2020-09-17 12:00:00+00:00,63125.75
2020-09-17 13:00:00+00:00,61897.75
2020-09-17 14:00:00+00:00,60042.25
2020-09-17 15:00:00+00:00,60756.0
2020-09-17 16:00:00+00:00,61117.0
2020-09-17 17:00:00+00:00,61756.0
2020-09-17 18:00:00+00:00,61285.25
2020-09-17 19:00:00+00:00,56509.75
2020-09-17 20:00:00+00:00,51505.25
2020-09-17 21:00:00+00:00,47526.25
2020-09-17 22:00:00+00:00,45542.5
2020-09-17 23:00:00+00:00,44234.25
2020-09-18 00:00:00+00:00,43354.0
2020-09-18 01:00:00+00:00,43337.0
2020-09-18 02:00:00+00:00,44411.25
2020-09-18 03:00:00+00:00,47977.75
2020-09-18 04:00:00+00:00,54984.25
2020-09-18 05:00:00+00:00,59328.0
2020-09-18 06:00:00+00:00,61982.75
2020-09-18 07:00:00+00:00,62701.5
2020-09-18 08:00:00+00:00,63149.5
2020-09-18 09:00:00+00:00,63745.25
2020-09-18 10:00:00+00:00,64142.5
2020-09-18 11:00:00+00:00,62598.75
2020-09-18 12:00:00+00:00,61096.0
2020-09-18 13:00:00+00:00,59899.5
2020-09-18 14:00:00+00:00,58080.25
2020-09-18 15:00:00+00:00,58183.75
2020-09-18 16:00:00+00:00,58328.5
2020-09-18 17:00:00+00:00,58983.25
2020-09-18 18:00:00+00:00,57947.75
2020-09-18 19:00:00+00:00,54013.25
2020-09-18 20:00:00+00:00,49843.5
2020-09-18 21:00:00+00:00,46068.75
2020-09-18 22:00:00+00:00,43760.5
2020-09-18 23:00:00+00:00,41514.75
2020-09-19 00:00:00+00:00,40243.75
2020-09-19 01:00:00+00:00,39702.25
2020-09-19 02:00:00+00:00,39630.5
2020-09-19 03:00:00+00:00,40585.75
2020-09-19 04:00:00+00:00,42684.5
2020-09-19 05:00:00+00:00,45104.75
2020-09-19 06:00:00+00:00,48663.5
2020-09-19 07:00:00+00:00,51254.5
2020-09-19 08:00:00+00:00,52530.75
2020-09-19 09:00:00+00:00,53166.75
2020-09-19 10:00:00+00:00,52599.25
2020-09-19 11:00:00+00:00,51304.25
2020-09-19 12:00:00+00:00,50119.75
2020-09-19 13:00:00+00:00,48799.5
2020-09-19 14:00:00+00:00,48348.0
2020-09-19 15:00:00+00:00,48987.5
2020-09-19 16:00:00+00:00,50125.5
2020-09-19 17:00:00+00:00,51196.75
2020-09-19 18:00:00+00:00,50509.25
2020-09-19 19:00:00+00:00,47561.25
2020-09-19 20:00:00+00:00,44927.0
2020-09-19 21:00:00+00:00,42126.0
2020-09-19 22:00:00+00:00,39479.75
2020-09-19 23:00:00+00:00,37235.0
2020-09-20 00:00:00+00:00,36606.5
2020-09-20 01:00:00+00:00,36091.0
2020-09-20 02:00:00+00:00,36349.75
2020-09-20 03:00:00+00:00,36948.0
2020-09-20 04:00:00+00:00,37509.5
2020-09-20 05:00:00+00:00,38724.25
2020-09-20 06:00:00+00:00,42100.75
2020-09-20 07:00:00+00:00,44879.0
2020-09-20 08:00:00+00:00,46824.25
2020-09-20 09:00:00+00:00,48568.0
2020-09-20 10:00:00+00:00,48223.25
2020-09-20 11:00:00+00:00,46854.5
2020-09-20 12:00:00+00:00,45174.25
2020-09-20 13:00:00+00:00,44204.5
2020-09-20 14:00:00+00:00,43809.0
2020-09-20 15:00:00+00:00,45390.25
2020-09-20 16:00:00+00:00,47441.0
2020-09-20 17:00:00+00:00,49174.0
2020-09-20 18:00:00+00:00,49205.75
2020-09-20 19:00:00+00:00,46736.0
2020-09-20 20:00:00+00:00,44924.75
2020-09-20 21:00:00+00:00,41839.25
2020-09-20 22:00:00+00:00,39694.75
2020-09-20 23:00:00+00:00,39061.0
2020-09-21 00:00:00+00:00,38528.25
2020-09-21 01:00:00+00:00,38673.25
2020-09-21 02:00:00+00:00,39827.0
2020-09-21 03:00:00+00:00,43805.25
2020-09-21 04:00:00+00:00,53434.0
2020-09-21 05:00:00+00:00,59136.75
2020-09-21 06:00:00+00:00,61700.5
2020-09-21 07:00:00+00:00,62315.75
2020-09-21 08:00:00+00:00,63254.25
2020-09-21 09:00:00+00:00,64336.5
2020-09-21 10:00:00+00:00,64678.5
2020-09-21 11:00:00+00:00,63886.0
2020-09-21 12:00:00+00:00,62267.0
2020-09-21 13:00:00+00:00,61052.75
2020-09-21 14:00:00+00:00,59574.5
2020-09-21 15:00:00+00:00,59735.5
2020-09-21 16:00:00+00:00,60244.25
2020-09-21 17:00:00+00:00,61516.75
2020-09-21 18:00:00+00:00,60197.5
2020-09-21 19:00:00+00:00,55563.25
2020-09-21 20:00:00+00:00,51088.5
2020-09-21 21:00:00+00:00,47257.25
2020-09-21 22:00:00+00:00,44444.75
2020-09-21 23:00:00+00:00,42940.25
2020-09-22 00:00:00+00:00,42208.5
2020-09-22 01:00:00+00:00,42540.0
2020-09-22 02:00:00+00:00,43645.25
2020-09-22 03:00:00+00:00,47588.0
2020-09-22 04:00:00+00:00,56000.0
2020-09-22 05:00:00+00:00,60971.75
2020-09-22 06:00:00+00:00,63487.5
2020-09-22 07:00:00+00:00,63775.25
2020-09-22 08:00:00+00:00,64610.25
2020-09-22 09:00:00+00:00,65778.75
2020-09-22 10:00:00+00:00,66210.25
2020-09-22 11:00:00+00:00,65168.75
2020-09-22 12:00:00+00:00,63682.75
2020-09-22 13:00:00+00:00,62088.75
2020-09-22 14:00:00+00:00,60994.25
2020-09-22 15:00:00+00:00,61068.0
2020-09-22 16:00:00+00:00,61321.0
2020-09-22 17:00:00+00:00,62685.0
2020-09-22 18:00:00+00:00,60785.25
2020-09-22 19:00:00+00:00,56195.75
2020-09-22 20:00:00+00:00,51541.25
2020-09-22 21:00:00+00:00,47018.75
2020-09-22 22:00:00+00:00,44380.25
2020-09-22 23:00:00+00:00,42823.0
2020-09-23 00:00:00+00:00,42281.75
2020-09-23 01:00:00+00:00,42507.75
2020-09-23 02:00:00+00:00,43541.5
2020-09-23 03:00:00+00:00,47440.5
2020-09-23 04:00:00+00:00,56694.25
2020-09-23 05:00:00+00:00,61824.5
2020-09-23 06:00:00+00:00,64552.25
2020-09-23 07:00:00+00:00,65000.75
2020-09-23 08:00:00+00:00,65887.5
2020-09-23 09:00:00+00:00,67013.25
2020-09-23 10:00:00+00:00,66352.75
2020-09-23 11:00:00+00:00,64856.25
2020-09-23 12:00:00+00:00,64562.75
2020-09-23 13:00:00+00:00,63192.75
2020-09-23 14:00:00+00:00,61907.5
2020-09-23 15:00:00+00:00,62220.75
2020-09-23 16:00:00+00:00,62375.5
2020-09-23 17:00:00+00:00,63600.0
2020-09-23 18:00:00+00:00,61084.75
2020-09-23 19:00:00+00:00,56382.25
2020-09-23 20:00:00+00:00,51921.75
2020-09-23 21:00:00+00:00,47328.25
2020-09-23 22:00:00+00:00,45369.75
2020-09-23 23:00:00+00:00,45402.5
2020-09-24 00:00:00+00:00,45093.5
2020-09-24 01:00:00+00:00,45010.75
2020-09-24 02:00:00+00:00,46224.25
2020-09-24 03:00:00+00:00,49992.75
2020-09-24 04:00:00+00:00,57551.5
2020-09-24 05:00:00+00:00,62624.0
2020-09-24 06:00:00+00:00,64995.25
2020-09-24 07:00:00+00:00,65398.5
2020-09-24 08:00:00+00:00,67346.75
2020-09-24 09:00:00+00:00,68718.5
2020-09-24 10:00:00+00:00,67383.0
2020-09-24 11:00:00+00:00,66447.5
2020-09-24 12:00:00+00:00,65438.25
2020-09-24 13:00:00+00:00,63869.75
2020-09-24 14:00:00+00:00,61680.5
2020-09-24 15:00:00+00:00,61156.5
2020-09-24 16:00:00+00:00,60998.75
2020-09-24 17:00:00+00:00,62203.0
2020-09-24 18:00:00+00:00,59639.5
2020-09-24 19:00:00+00:00,54925.5
2020-09-24 20:00:00+00:00,50874.5
2020-09-24 21:00:00+00:00,47112.75
2020-09-24 22:00:00+00:00,45474.0
2020-09-24 23:00:00+00:00,44301.25
2020-09-25 00:00:00+00:00,43555.25
2020-09-25 01:00:00+00:00,43891.75
2020-09-25 02:00:00+00:00,44829.75
2020-09-25 03:00:00+00:00,48383.0
2020-09-25 04:00:00+00:00,55328.0
2020-09-25 05:00:00+00:00,61135.75
2020-09-25 06:00:00+00:00,64194.25
2020-09-25 07:00:00+00:00,65080.0
2020-09-25 08:00:00+00:00,66012.25
2020-09-25 09:00:00+00:00,67058.0
2020-09-25 10:00:00+00:00,65544.75
2020-09-25 11:00:00+00:00,63861.5
2020-09-25 12:00:00+00:00,61933.75
2020-09-25 13:00:00+00:00,61134.25
2020-09-25 14:00:00+00:00,59599.0
2020-09-25 15:00:00+00:00,59346.0
2020-09-25 16:00:00+00:00,59521.25
2020-09-25 17:00:00+00:00,60338.75
2020-09-25 18:00:00+00:00,58308.0
2020-09-25 19:00:00+00:00,54098.0
2020-09-25 20:00:00+00:00,50495.75
2020-09-25 21:00:00+00:00,46488.25
2020-09-25 22:00:00+00:00,43587.0
2020-09-25 23:00:00+00:00,41292.5
2020-09-26 00:00:00+00:00,40247.75
2020-09-26 01:00:00+00:00,40198.5
2020-09-26 02:00:00+00:00,40255.25
2020-09-26 03:00:00+00:00,40787.75
2020-09-26 04:00:00+00:00,42606.75
2020-09-26 05:00:00+00:00,45250.5
2020-09-26 06:00:00+00:00,49206.0
2020-09-26 07:00:00+00:00,52324.75
2020-09-26 08:00:00+00:00,54367.0
2020-09-26 09:00:00+00:00,55895.5
2020-09-26 10:00:00+00:00,56201.0
2020-09-26 11:00:00+00:00,55052.25
2020-09-26 12:00:00+00:00,54068.0
2020-09-26 13:00:00+00:00,54115.25
2020-09-26 14:00:00+00:00,54337.0
2020-09-26 15:00:00+00:00,55554.0
2020-09-26 16:00:00+00:00,56883.5
2020-09-26 17:00:00+00:00,57316.5
2020-09-26 18:00:00+00:00,54460.5
2020-09-26 19:00:00+00:00,51040.5
2020-09-26 20:00:00+00:00,48541.75
2020-09-26 21:00:00+00:00,44318.75
2020-09-26 22:00:00+00:00,41292.25
2020-09-26 23:00:00+00:00,39707.25
2020-09-27 00:00:00+00:00,38560.25
2020-09-27 01:00:00+00:00,37858.75
2020-09-27 02:00:00+00:00,37531.75
2020-09-27 03:00:00+00:00,37909.5
2020-09-27 04:00:00+00:00,38446.25
2020-09-27 05:00:00+00:00,39718.25
2020-09-27 06:00:00+00:00,42973.5
2020-09-27 07:00:00+00:00,46689.0
2020-09-27 08:00:00+00:00,50032.25
2020-09-27 09:00:00+00:00,52372.25
2020-09-27 10:00:00+00:00,52254.75
2020-09-27 11:00:00+00:00,50495.0
2020-09-27 12:00:00+00:00,49308.5
2020-09-27 13:00:00+00:00,47858.5
2020-09-27 14:00:00+00:00,47237.75
2020-09-27 15:00:00+00:00,48634.0
2020-09-27 16:00:00+00:00,50676.5
2020-09-27 17:00:00+00:00,52347.5
2020-09-27 18:00:00+00:00,50333.0
2020-09-27 19:00:00+00:00,47827.5
2020-09-27 20:00:00+00:00,46377.25
2020-09-27 21:00:00+00:00,43467.75
2020-09-27 22:00:00+00:00,41232.0
2020-09-27 23:00:00+00:00,40490.75
2020-09-28 00:00:00+00:00,40130.0
2020-09-28 01:00:00+00:00,40314.0
2020-09-28 02:00:00+00:00,41961.75
2020-09-28 03:00:00+00:00,46113.0
2020-09-28 04:00:00+00:00,54943.0
2020-09-28 05:00:00+00:00,60948.75
2020-09-28 06:00:00+00:00,63396.75
2020-09-28 07:00:00+00:00,64251.25
2020-09-28 08:00:00+00:00,65320.5
2020-09-28 09:00:00+00:00,65823.75
2020-09-28 10:00:00+00:00,65606.25
2020-09-28 11:00:00+00:00,64878.75
2020-09-28 12:00:00+00:00,63614.5
2020-09-28 13:00:00+00:00,62152.0
2020-09-28 14:00:00+00:00,61078.5
2020-09-28 15:00:00+00:00,61509.25
2020-09-28 16:00:00+00:00,62438.25
2020-09-28 17:00:00+00:00,64293.0
2020-09-28 18:00:00+00:00,61459.25
2020-09-28 19:00:00+00:00,56924.0
2020-09-28 20:00:00+00:00,53171.75
2020-09-28 21:00:00+00:00,48818.5
2020-09-28 22:00:00+00:00,45687.0
2020-09-28 23:00:00+00:00,44013.0
2020-09-29 00:00:00+00:00,43241.0
2020-09-29 01:00:00+00:00,43665.0
2020-09-29 02:00:00+00:00,45001.5
2020-09-29 03:00:00+00:00,48712.5
2020-09-29 04:00:00+00:00,56798.5
2020-09-29 05:00:00+00:00,62111.5
2020-09-29 06:00:00+00:00,64563.75
2020-09-29 07:00:00+00:00,65327.75
2020-09-29 08:00:00+00:00,66321.0
2020-09-29 09:00:00+00:00,67586.5
2020-09-29 10:00:00+00:00,67371.25
2020-09-29 11:00:00+00:00,66455.75
2020-09-29 12:00:00+00:00,64875.5
2020-09-29 13:00:00+00:00,63507.25
2020-09-29 14:00:00+00:00,61820.25
2020-09-29 15:00:00+00:00,62017.75
2020-09-29 16:00:00+00:00,63013.0
2020-09-29 17:00:00+00:00,64738.25
2020-09-29 18:00:00+00:00,61449.0
2020-09-29 19:00:00+00:00,56858.0
2020-09-29 20:00:00+00:00,53086.5
2020-09-29 21:00:00+00:00,49113.5
2020-09-29 22:00:00+00:00,46224.75
2020-09-29 23:00:00+00:00,44413.0
2020-09-30 00:00:00+00:00,43698.0
2020-09-30 01:00:00+00:00,44013.75
2020-09-30 02:00:00+00:00,45500.5
2020-09-30 03:00:00+00:00,49318.5
2020-09-30 04:00:00+00:00,57367.75
2020-09-30 05:00:00+00:00,62684.75
2020-09-30 06:00:00+00:00,64473.5
2020-09-30 07:00:00+00:00,65096.25
2020-09-30 08:00:00+00:00,65706.0
2020-09-30 09:00:00+00:00,66578.5
2020-09-30 10:00:00+00:00,65975.5
2020-09-30 11:00:00+00:00,64620.75
2020-09-30 12:00:00+00:00,62964.25
2020-09-30 13:00:00+00:00,61535.5
2020-09-30 14:00:00+00:00,60644.75
2020-09-30 15:00:00+00:00,61226.75
2020-09-30 16:00:00+00:00,62032.75
2020-09-30 17:00:00+00:00,64875.0
2020-09-30 18:00:00+00:00,62164.0
2020-09-30 19:00:00+00:00,57878.5
2020-09-30 20:00:00+00:00,53886.25
2020-09-30 21:00:00+00:00,49480.75
2020-09-30 22:00:00+00:00,46929.0
2020-09-30 23:00:00+00:00,45557.0
2020-10-01 00:00:00+00:00,44723.0
2020-10-01 01:00:00+00:00,44755.0
2020-10-01 02:00:00+00:00,46465.5
2020-10-01 03:00:00+00:00,50304.75
2020-10-01 04:00:00+00:00,58692.5
2020-10-01 05:00:00+00:00,63789.75
2020-10-01 06:00:00+00:00,65567.0
2020-10-01 07:00:00+00:00,65898.75
2020-10-01 08:00:00+00:00,66449.25
2020-10-01 09:00:00+00:00,67328.75
2020-10-01 10:00:00+00:00,67143.75
2020-10-01 11:00:00+00:00,66373.5
2020-10-01 12:00:00+00:00,65278.5
2020-10-01 13:00:00+00:00,63933.0
2020-10-01 14:00:00+00:00,63191.25
2020-10-01 15:00:00+00:00,63429.5
2020-10-01 16:00:00+00:00,64769.0
2020-10-01 17:00:00+00:00,66214.5
2020-10-01 18:00:00+00:00,62991.5
2020-10-01 19:00:00+00:00,58274.75
2020-10-01 20:00:00+00:00,53441.25
2020-10-01 21:00:00+00:00,48952.25
2020-10-01 22:00:00+00:00,46411.75
2020-10-01 23:00:00+00:00,44951.75
2020-10-02 00:00:00+00:00,44209.25
2020-10-02 01:00:00+00:00,44576.25
2020-10-02 02:00:00+00:00,45829.0
2020-10-02 03:00:00+00:00,49256.5
2020-10-02 04:00:00+00:00,56887.25
2020-10-02 05:00:00+00:00,62305.75
2020-10-02 06:00:00+00:00,64704.5
2020-10-02 07:00:00+00:00,65318.5
2020-10-02 08:00:00+00:00,66640.5
2020-10-02 09:00:00+00:00,66951.25
2020-10-02 10:00:00+00:00,67172.25
2020-10-02 11:00:00+00:00,66062.0
2020-10-02 12:00:00+00:00,64174.0
2020-10-02 13:00:00+00:00,63727.25
2020-10-02 14:00:00+00:00,63006.0
2020-10-02 15:00:00+00:00,63148.25
2020-10-02 16:00:00+00:00,64023.0
2020-10-02 17:00:00+00:00,65481.5
2020-10-02 18:00:00+00:00,62072.0
2020-10-02 19:00:00+00:00,57488.75
2020-10-02 20:00:00+00:00,53719.0
2020-10-02 21:00:00+00:00,50039.5
2020-10-02 22:00:00+00:00,46944.5
2020-10-02 23:00:00+00:00,44764.0
2020-10-03 00:00:00+00:00,43317.5
2020-10-03 01:00:00+00:00,43263.0
2020-10-03 02:00:00+00:00,43227.25
2020-10-03 03:00:00+00:00,43038.0
2020-10-03 04:00:00+00:00,42904.0
2020-10-03 05:00:00+00:00,45270.0
2020-10-03 06:00:00+00:00,48298.5
2020-10-03 07:00:00+00:00,50931.75
2020-10-03 08:00:00+00:00,53169.5
2020-10-03 09:00:00+00:00,54716.25
2020-10-03 10:00:00+00:00,54981.0
2020-10-03 11:00:00+00:00,53066.25
2020-10-03 12:00:00+00:00,51773.0
2020-10-03 13:00:00+00:00,50375.5
2020-10-03 14:00:00+00:00,49506.25
2020-10-03 15:00:00+00:00,51121.0
2020-10-03 16:00:00+00:00,52586.25
2020-10-03 17:00:00+00:00,53965.25
2020-10-03 18:00:00+00:00,52118.5
2020-10-03 19:00:00+00:00,49666.75
2020-10-03 20:00:00+00:00,47229.75
2020-10-03 21:00:00+00:00,44418.5
2020-10-03 22:00:00+00:00,41717.25
2020-10-03 23:00:00+00:00,40013.0
2020-10-04 00:00:00+00:00,38557.5
2020-10-04 01:00:00+00:00,38219.5
2020-10-04 02:00:00+00:00,38265.5
2020-10-04 03:00:00+00:00,38891.75
2020-10-04 04:00:00+00:00,39487.0
2020-10-04 05:00:00+00:00,42074.75
2020-10-04 06:00:00+00:00,45319.75
2020-10-04 07:00:00+00:00,48518.5
2020-10-04 08:00:00+00:00,51214.25
2020-10-04 09:00:00+00:00,54157.0
2020-10-04 10:00:00+00:00,53942.25
2020-10-04 11:00:00+00:00,51729.25
2020-10-04 12:00:00+00:00,49604.0
2020-10-04 13:00:00+00:00,48724.0
2020-10-04 14:00:00+00:00,48809.0
2020-10-04 15:00:00+00:00,50640.25
2020-10-04 16:00:00+00:00,51819.0
2020-10-04 17:00:00+00:00,54004.0
2020-10-04 18:00:00+00:00,52098.25
2020-10-04 19:00:00+00:00,50057.25
2020-10-04 20:00:00+00:00,48892.75
2020-10-04 21:00:00+00:00,46000.0
2020-10-04 22:00:00+00:00,43433.75
2020-10-04 23:00:00+00:00,42394.5
2020-10-05 00:00:00+00:00,41821.5
2020-10-05 01:00:00+00:00,42342.0
2020-10-05 02:00:00+00:00,43981.0
2020-10-05 03:00:00+00:00,48441.5
2020-10-05 04:00:00+00:00,57699.25
2020-10-05 05:00:00+00:00,63753.0
2020-10-05 06:00:00+00:00,66325.25
2020-10-05 07:00:00+00:00,67027.0
2020-10-05 08:00:00+00:00,67942.5
2020-10-05 09:00:00+00:00,69269.75
2020-10-05 10:00:00+00:00,68818.25
2020-10-05 11:00:00+00:00,67708.75
2020-10-05 12:00:00+00:00,66085.0
2020-10-05 13:00:00+00:00,65672.0
2020-10-05 14:00:00+00:00,64027.25
2020-10-05 15:00:00+00:00,64169.0
2020-10-05 16:00:00+00:00,65299.0
2020-10-05 17:00:00+00:00,66731.25
2020-10-05 18:00:00+00:00,63418.0
2020-10-05 19:00:00+00:00,59107.25
2020-10-05 20:00:00+00:00,55347.25
2020-10-05 21:00:00+00:00,52095.75
2020-10-05 22:00:00+00:00,49831.75
2020-10-05 23:00:00+00:00,47667.5
2020-10-06 00:00:00+00:00,47128.25
2020-10-06 01:00:00+00:00,47061.25
2020-10-06 02:00:00+00:00,48236.25
2020-10-06 03:00:00+00:00,52289.25
2020-10-06 04:00:00+00:00,60871.0
2020-10-06 05:00:00+00:00,66693.75
2020-10-06 06:00:00+00:00,69053.75
2020-10-06 07:00:00+00:00,69411.75
2020-10-06 08:00:00+00:00,70763.0
2020-10-06 09:00:00+00:00,72101.75
2020-10-06 10:00:00+00:00,71452.75
2020-10-06 11:00:00+00:00,70808.5
2020-10-06 12:00:00+00:00,69299.25
2020-10-06 13:00:00+00:00,67754.0
2020-10-06 14:00:00+00:00,66362.5
2020-10-06 15:00:00+00:00,66050.0
2020-10-06 16:00:00+00:00,66800.0
2020-10-06 17:00:00+00:00,68416.0
2020-10-06 18:00:00+00:00,64832.25
2020-10-06 19:00:00+00:00,60097.5
2020-10-06 20:00:00+00:00,56087.25
2020-10-06 21:00:00+00:00,51941.5
2020-10-06 22:00:00+00:00,48542.5
2020-10-06 23:00:00+00:00,46355.25
2020-10-07 00:00:00+00:00,46142.5
2020-10-07 01:00:00+00:00,46315.0
2020-10-07 02:00:00+00:00,47520.75
2020-10-07 03:00:00+00:00,51294.5
2020-10-07 04:00:00+00:00,59753.5
2020-10-07 05:00:00+00:00,65230.75
2020-10-07 06:00:00+00:00,67639.75
2020-10-07 07:00:00+00:00,68229.5
2020-10-07 08:00:00+00:00,69132.25
2020-10-07 09:00:00+00:00,70073.0
2020-10-07 10:00:00+00:00,69753.25
2020-10-07 11:00:00+00:00,69361.5
2020-10-07 12:00:00+00:00,68385.75
2020-10-07 13:00:00+00:00,67530.75
2020-10-07 14:00:00+00:00,65601.5
2020-10-07 15:00:00+00:00,65100.5
2020-10-07 16:00:00+00:00,66130.25
2020-10-07 17:00:00+00:00,67906.0
2020-10-07 18:00:00+00:00,64368.0
2020-10-07 19:00:00+00:00,60266.0
2020-10-07 20:00:00+00:00,56785.75
2020-10-07 21:00:00+00:00,52450.25
2020-10-07 22:00:00+00:00,49047.5
2020-10-07 23:00:00+00:00,47696.0
2020-10-08 00:00:00+00:00,46035.75
2020-10-08 01:00:00+00:00,47009.25
2020-10-08 02:00:00+00:00,48475.0
2020-10-08 03:00:00+00:00,52044.25
2020-10-08 04:00:00+00:00,60156.0
2020-10-08 05:00:00+00:00,65944.5
2020-10-08 06:00:00+00:00,68066.5
2020-10-08 07:00:00+00:00,68857.25
2020-10-08 08:00:00+00:00,70568.75
2020-10-08 09:00:00+00:00,72297.0
2020-10-08 10:00:00+00:00,71741.25
2020-10-08 11:00:00+00:00,71073.75
2020-10-08 12:00:00+00:00,69664.75
2020-10-08 13:00:00+00:00,68954.75
2020-10-08 14:00:00+00:00,68245.0
2020-10-08 15:00:00+00:00,68589.75
2020-10-08 16:00:00+00:00,69645.25
2020-10-08 17:00:00+00:00,70622.5
2020-10-08 18:00:00+00:00,66770.5
2020-10-08 19:00:00+00:00,61943.0
2020-10-08 20:00:00+00:00,58232.75
2020-10-08 21:00:00+00:00,54062.5
2020-10-08 22:00:00+00:00,50675.75
2020-10-08 23:00:00+00:00,48555.25
2020-10-09 00:00:00+00:00,47484.5
2020-10-09 01:00:00+00:00,46825.25
2020-10-09 02:00:00+00:00,47896.5
2020-10-09 03:00:00+00:00,51091.5
2020-10-09 04:00:00+00:00,58474.25
2020-10-09 05:00:00+00:00,64168.0
2020-10-09 06:00:00+00:00,66181.25
2020-10-09 07:00:00+00:00,66371.0
2020-10-09 08:00:00+00:00,67072.0
2020-10-09 09:00:00+00:00,68037.75
2020-10-09 10:00:00+00:00,67007.25
2020-10-09 11:00:00+00:00,64918.5
2020-10-09 12:00:00+00:00,63190.0
2020-10-09 13:00:00+00:00,61788.75
2020-10-09 14:00:00+00:00,61162.0
2020-10-09 15:00:00+00:00,61815.25
2020-10-09 16:00:00+00:00,63127.25
2020-10-09 17:00:00+00:00,64524.75
2020-10-09 18:00:00+00:00,60464.75
2020-10-09 19:00:00+00:00,56583.25
2020-10-09 20:00:00+00:00,52725.0
2020-10-09 21:00:00+00:00,48703.0
2020-10-09 22:00:00+00:00,45762.0
2020-10-09 23:00:00+00:00,43935.5
2020-10-10 00:00:00+00:00,42306.25
2020-10-10 01:00:00+00:00,42182.25
2020-10-10 02:00:00+00:00,42794.25
2020-10-10 03:00:00+00:00,43398.5
2020-10-10 04:00:00+00:00,45036.5
2020-10-10 05:00:00+00:00,48312.75
2020-10-10 06:00:00+00:00,52247.25
2020-10-10 07:00:00+00:00,55248.0
2020-10-10 08:00:00+00:00,56597.5
2020-10-10 09:00:00+00:00,57880.25
2020-10-10 10:00:00+00:00,57653.25
2020-10-10 11:00:00+00:00,56979.75
2020-10-10 12:00:00+00:00,55398.25
2020-10-10 13:00:00+00:00,54793.75
2020-10-10 14:00:00+00:00,53489.25
2020-10-10 15:00:00+00:00,54577.25
2020-10-10 16:00:00+00:00,56157.75
2020-10-10 17:00:00+00:00,57465.25
2020-10-10 18:00:00+00:00,54063.5
2020-10-10 19:00:00+00:00,51032.0
2020-10-10 20:00:00+00:00,49588.5
2020-10-10 21:00:00+00:00,46091.25
2020-10-10 22:00:00+00:00,43225.25
2020-10-10 23:00:00+00:00,41277.0
2020-10-11 00:00:00+00:00,40629.75
2020-10-11 01:00:00+00:00,40587.0
2020-10-11 02:00:00+00:00,40710.75
2020-10-11 03:00:00+00:00,40913.75
2020-10-11 04:00:00+00:00,41610.5
2020-10-11 05:00:00+00:00,43421.75
2020-10-11 06:00:00+00:00,46024.5
2020-10-11 07:00:00+00:00,49146.25
2020-10-11 08:00:00+00:00,51174.0
2020-10-11 09:00:00+00:00,53562.75
2020-10-11 10:00:00+00:00,52859.25
2020-10-11 11:00:00+00:00,51081.0
2020-10-11 12:00:00+00:00,50009.75
2020-10-11 13:00:00+00:00,48917.75
2020-10-11 14:00:00+00:00,48746.0
2020-10-11 15:00:00+00:00,50295.25
2020-10-11 16:00:00+00:00,53229.25
2020-10-11 17:00:00+00:00,54768.5
2020-10-11 18:00:00+00:00,52620.5
2020-10-11 19:00:00+00:00,50362.0
2020-10-11 20:00:00+00:00,48959.75
2020-10-11 21:00:00+00:00,46062.5
2020-10-11 22:00:00+00:00,43488.25
2020-10-11 23:00:00+00:00,42295.0
2020-10-12 00:00:00+00:00,42082.75
2020-10-12 01:00:00+00:00,42507.5
2020-10-12 02:00:00+00:00,43867.25
2020-10-12 03:00:00+00:00,47385.75
2020-10-12 04:00:00+00:00,55883.75
2020-10-12 05:00:00+00:00,62236.75
2020-10-12 06:00:00+00:00,65074.5
2020-10-12 07:00:00+00:00,65986.5
2020-10-12 08:00:00+00:00,67172.25
2020-10-12 09:00:00+00:00,68396.25
2020-10-12 10:00:00+00:00,68117.5
2020-10-12 11:00:00+00:00,66627.75
2020-10-12 12:00:00+00:00,65618.75
2020-10-12 13:00:00+00:00,64519.0
2020-10-12 14:00:00+00:00,62965.0
2020-10-12 15:00:00+00:00,63536.25
2020-10-12 16:00:00+00:00,65248.5
2020-10-12 17:00:00+00:00,66602.75
2020-10-12 18:00:00+00:00,62667.5
2020-10-12 19:00:00+00:00,58128.75
2020-10-12 20:00:00+00:00,54485.0
2020-10-12 21:00:00+00:00,50635.25
2020-10-12 22:00:00+00:00,47313.0
2020-10-12 23:00:00+00:00,45809.25
2020-10-13 00:00:00+00:00,45318.0
2020-10-13 01:00:00+00:00,45656.25
2020-10-13 02:00:00+00:00,47214.25
2020-10-13 03:00:00+00:00,50647.25
2020-10-13 04:00:00+00:00,58223.75
2020-10-13 05:00:00+00:00,63746.25
2020-10-13 06:00:00+00:00,66231.0
2020-10-13 07:00:00+00:00,66782.0
2020-10-13 08:00:00+00:00,67329.75
2020-10-13 09:00:00+00:00,67964.25
2020-10-13 10:00:00+00:00,67665.25
2020-10-13 11:00:00+00:00,65892.0
2020-10-13 12:00:00+00:00,64511.25
2020-10-13 13:00:00+00:00,63555.5
2020-10-13 14:00:00+00:00,62376.75
2020-10-13 15:00:00+00:00,62857.5
2020-10-13 16:00:00+00:00,65719.0
2020-10-13 17:00:00+00:00,67620.0
2020-10-13 18:00:00+00:00,63975.25
2020-10-13 19:00:00+00:00,60153.0
2020-10-13 20:00:00+00:00,56286.25
2020-10-13 21:00:00+00:00,52440.75
2020-10-13 22:00:00+00:00,49849.25
2020-10-13 23:00:00+00:00,48365.75
2020-10-14 00:00:00+00:00,47884.5
2020-10-14 01:00:00+00:00,48646.75
2020-10-14 02:00:00+00:00,50184.75
2020-10-14 03:00:00+00:00,53560.75
2020-10-14 04:00:00+00:00,60722.75
2020-10-14 05:00:00+00:00,66849.25
2020-10-14 06:00:00+00:00,69406.25
2020-10-14 07:00:00+00:00,70167.5
2020-10-14 08:00:00+00:00,71199.0
2020-10-14 09:00:00+00:00,72452.75
2020-10-14 10:00:00+00:00,72060.0
2020-10-14 11:00:00+00:00,70731.0
2020-10-14 12:00:00+00:00,69442.75
2020-10-14 13:00:00+00:00,68725.0
2020-10-14 14:00:00+00:00,67705.0
2020-10-14 15:00:00+00:00,67996.0
2020-10-14 16:00:00+00:00,69532.0
2020-10-14 17:00:00+00:00,69722.0
2020-10-14 18:00:00+00:00,65859.25
2020-10-14 19:00:00+00:00,62127.0
2020-10-14 20:00:00+00:00,58310.75
2020-10-14 21:00:00+00:00,54284.75
2020-10-14 22:00:00+00:00,51755.25
2020-10-14 23:00:00+00:00,50083.75
2020-10-15 00:00:00+00:00,49092.75
2020-10-15 01:00:00+00:00,49384.0
2020-10-15 02:00:00+00:00,50474.25
2020-10-15 03:00:00+00:00,54086.75
2020-10-15 04:00:00+00:00,61425.25
2020-10-15 05:00:00+00:00,67377.5
2020-10-15 06:00:00+00:00,69632.75
2020-10-15 07:00:00+00:00,70391.0
2020-10-15 08:00:00+00:00,71175.75
2020-10-15 09:00:00+00:00,72119.75
2020-10-15 10:00:00+00:00,71746.0
2020-10-15 11:00:00+00:00,70641.75
2020-10-15 12:00:00+00:00,68851.0
2020-10-15 13:00:00+00:00,67632.75
2020-10-15 14:00:00+00:00,66611.5
2020-10-15 15:00:00+00:00,67185.75
2020-10-15 16:00:00+00:00,68367.5
2020-10-15 17:00:00+00:00,68529.0
2020-10-15 18:00:00+00:00,64233.75
2020-10-15 19:00:00+00:00,60230.25
2020-10-15 20:00:00+00:00,56268.5
2020-10-15 21:00:00+00:00,52284.0
2020-10-15 22:00:00+00:00,49279.5
2020-10-15 23:00:00+00:00,47548.75
2020-10-16 00:00:00+00:00,46424.75
2020-10-16 01:00:00+00:00,46937.25
2020-10-16 02:00:00+00:00,48537.25
2020-10-16 03:00:00+00:00,51488.75
2020-10-16 04:00:00+00:00,58463.25
2020-10-16 05:00:00+00:00,63826.5
2020-10-16 06:00:00+00:00,66109.25
2020-10-16 07:00:00+00:00,66946.5
2020-10-16 08:00:00+00:00,67722.25
2020-10-16 09:00:00+00:00,68623.75
2020-10-16 10:00:00+00:00,67963.25
2020-10-16 11:00:00+00:00,66344.0
2020-10-16 12:00:00+00:00,64623.75
2020-10-16 13:00:00+00:00,63776.5
2020-10-16 14:00:00+00:00,62782.75
2020-10-16 15:00:00+00:00,63082.25
2020-10-16 16:00:00+00:00,64661.5
2020-10-16 17:00:00+00:00,64652.75
2020-10-16 18:00:00+00:00,60850.75
2020-10-16 19:00:00+00:00,56741.75
2020-10-16 20:00:00+00:00,53203.5
2020-10-16 21:00:00+00:00,49296.75
2020-10-16 22:00:00+00:00,46189.75
2020-10-16 23:00:00+00:00,44028.0
2020-10-17 00:00:00+00:00,43215.25
2020-10-17 01:00:00+00:00,42961.75
2020-10-17 02:00:00+00:00,42551.75
2020-10-17 03:00:00+00:00,43230.5
2020-10-17 04:00:00+00:00,44865.5
2020-10-17 05:00:00+00:00,47580.5
2020-10-17 06:00:00+00:00,50989.75
2020-10-17 07:00:00+00:00,53869.5
2020-10-17 08:00:00+00:00,55441.5
2020-10-17 09:00:00+00:00,56569.0
2020-10-17 10:00:00+00:00,56046.5
2020-10-17 11:00:00+00:00,54384.5
2020-10-17 12:00:00+00:00,53030.75
2020-10-17 13:00:00+00:00,52017.5
2020-10-17 14:00:00+00:00,51988.5
2020-10-17 15:00:00+00:00,53537.5
2020-10-17 16:00:00+00:00,56097.5
2020-10-17 17:00:00+00:00,56307.0
2020-10-17 18:00:00+00:00,52722.75
2020-10-17 19:00:00+00:00,49952.75
2020-10-17 20:00:00+00:00,48067.5
2020-10-17 21:00:00+00:00,45408.75
2020-10-17 22:00:00+00:00,43291.75
2020-10-17 23:00:00+00:00,41989.0
2020-10-18 00:00:00+00:00,41365.5
2020-10-18 01:00:00+00:00,41469.75
2020-10-18 02:00:00+00:00,41864.5
2020-10-18 03:00:00+00:00,42075.25
2020-10-18 04:00:00+00:00,42890.5
2020-10-18 05:00:00+00:00,44921.75
2020-10-18 06:00:00+00:00,47586.75
2020-10-18 07:00:00+00:00,50983.75
2020-10-18 08:00:00+00:00,53577.0
2020-10-18 09:00:00+00:00,55389.0
2020-10-18 10:00:00+00:00,55230.75
2020-10-18 11:00:00+00:00,53021.75
2020-10-18 12:00:00+00:00,51187.0
2020-10-18 13:00:00+00:00,49731.5
2020-10-18 14:00:00+00:00,49602.75
2020-10-18 15:00:00+00:00,51170.75
2020-10-18 16:00:00+00:00,54378.25
2020-10-18 17:00:00+00:00,54514.25
2020-10-18 18:00:00+00:00,51878.75
2020-10-18 19:00:00+00:00,50334.0
2020-10-18 20:00:00+00:00,49470.75
2020-10-18 21:00:00+00:00,46360.25
2020-10-18 22:00:00+00:00,44365.75
2020-10-18 23:00:00+00:00,42635.25
2020-10-19 00:00:00+00:00,42386.0
2020-10-19 01:00:00+00:00,42888.75
2020-10-19 02:00:00+00:00,44452.0
2020-10-19 03:00:00+00:00,48527.25
2020-10-19 04:00:00+00:00,56907.25
2020-10-19 05:00:00+00:00,63894.25
2020-10-19 06:00:00+00:00,66838.0
2020-10-19 07:00:00+00:00,67237.0
2020-10-19 08:00:00+00:00,67675.0
2020-10-19 09:00:00+00:00,68627.75
2020-10-19 10:00:00+00:00,68587.25
2020-10-19 11:00:00+00:00,67335.75
2020-10-19 12:00:00+00:00,65326.0
2020-10-19 13:00:00+00:00,63888.0
2020-10-19 14:00:00+00:00,62784.25
2020-10-19 15:00:00+00:00,63797.0
2020-10-19 16:00:00+00:00,66221.0
2020-10-19 17:00:00+00:00,66998.75
2020-10-19 18:00:00+00:00,63416.0
2020-10-19 19:00:00+00:00,58961.25
2020-10-19 20:00:00+00:00,55423.0
2020-10-19 21:00:00+00:00,52032.25
2020-10-19 22:00:00+00:00,48956.25
2020-10-19 23:00:00+00:00,47218.25
2020-10-20 00:00:00+00:00,46332.0
2020-10-20 01:00:00+00:00,47346.25
2020-10-20 02:00:00+00:00,49099.5
2020-10-20 03:00:00+00:00,52998.0
2020-10-20 04:00:00+00:00,60108.5
2020-10-20 05:00:00+00:00,66432.75
2020-10-20 06:00:00+00:00,68840.75
2020-10-20 07:00:00+00:00,69326.0
2020-10-20 08:00:00+00:00,68857.25
2020-10-20 09:00:00+00:00,70617.5
2020-10-20 10:00:00+00:00,70548.5
2020-10-20 11:00:00+00:00,68905.5
2020-10-20 12:00:00+00:00,67538.0
2020-10-20 13:00:00+00:00,66460.5
2020-10-20 14:00:00+00:00,65892.5
2020-10-20 15:00:00+00:00,66376.75
2020-10-20 16:00:00+00:00,68584.25
2020-10-20 17:00:00+00:00,68334.0
2020-10-20 18:00:00+00:00,64246.25
2020-10-20 19:00:00+00:00,60403.25
2020-10-20 20:00:00+00:00,56983.5
2020-10-20 21:00:00+00:00,52618.0
2020-10-20 22:00:00+00:00,49403.25
2020-10-20 23:00:00+00:00,47645.75
2020-10-21 00:00:00+00:00,46770.0
2020-10-21 01:00:00+00:00,47038.25
2020-10-21 02:00:00+00:00,48239.25
2020-10-21 03:00:00+00:00,51482.75
2020-10-21 04:00:00+00:00,57888.25
2020-10-21 05:00:00+00:00,64484.25
2020-10-21 06:00:00+00:00,67924.25
2020-10-21 07:00:00+00:00,68755.5
2020-10-21 08:00:00+00:00,70083.25
2020-10-21 09:00:00+00:00,70942.25
2020-10-21 10:00:00+00:00,70610.25
2020-10-21 11:00:00+00:00,69376.25
2020-10-21 12:00:00+00:00,67417.5
2020-10-21 13:00:00+00:00,66801.75
2020-10-21 14:00:00+00:00,65983.75
2020-10-21 15:00:00+00:00,67279.0
2020-10-21 16:00:00+00:00,69874.75
2020-10-21 17:00:00+00:00,70733.75
2020-10-21 18:00:00+00:00,67554.75
2020-10-21 19:00:00+00:00,63238.0
2020-10-21 20:00:00+00:00,60129.5
2020-10-21 21:00:00+00:00,56009.25
2020-10-21 22:00:00+00:00,52605.75
2020-10-21 23:00:00+00:00,50752.0
2020-10-22 00:00:00+00:00,49663.25
2020-10-22 01:00:00+00:00,49298.5
2020-10-22 02:00:00+00:00,50370.0
2020-10-22 03:00:00+00:00,53243.5
2020-10-22 04:00:00+00:00,60681.5
2020-10-22 05:00:00+00:00,67105.25
2020-10-22 06:00:00+00:00,68524.75
2020-10-22 07:00:00+00:00,69068.0
2020-10-22 08:00:00+00:00,69255.0
2020-10-22 09:00:00+00:00,70573.0
2020-10-22 10:00:00+00:00,69887.0
2020-10-22 11:00:00+00:00,67828.0
2020-10-22 12:00:00+00:00,66713.0
2020-10-22 13:00:00+00:00,65940.0
2020-10-22 14:00:00+00:00,64695.5
2020-10-22 15:00:00+00:00,65029.5
2020-10-22 16:00:00+00:00,67871.5
2020-10-22 17:00:00+00:00,68632.75
2020-10-22 18:00:00+00:00,65515.0
2020-10-22 19:00:00+00:00,61851.0
2020-10-22 20:00:00+00:00,58603.0
2020-10-22 21:00:00+00:00,53491.5
2020-10-22 22:00:00+00:00,49760.5
2020-10-22 23:00:00+00:00,48284.25
2020-10-23 00:00:00+00:00,47215.5
2020-10-23 01:00:00+00:00,47351.25
2020-10-23 02:00:00+00:00,48666.5
2020-10-23 03:00:00+00:00,52396.5
2020-10-23 04:00:00+00:00,59132.5
2020-10-23 05:00:00+00:00,64721.5
2020-10-23 06:00:00+00:00,67272.75
2020-10-23 07:00:00+00:00,67737.25
2020-10-23 08:00:00+00:00,68143.5
2020-10-23 09:00:00+00:00,68883.25
2020-10-23 10:00:00+00:00,68744.25
2020-10-23 11:00:00+00:00,66932.25
2020-10-23 12:00:00+00:00,65055.25
2020-10-23 13:00:00+00:00,63843.5
2020-10-23 14:00:00+00:00,63230.25
2020-10-23 15:00:00+00:00,63540.75
2020-10-23 16:00:00+00:00,65764.0
2020-10-23 17:00:00+00:00,64650.25
2020-10-23 18:00:00+00:00,60638.5
2020-10-23 19:00:00+00:00,56673.0
2020-10-23 20:00:00+00:00,53772.5
2020-10-23 21:00:00+00:00,49680.5
2020-10-23 22:00:00+00:00,46460.5
2020-10-23 23:00:00+00:00,44229.5
2020-10-24 00:00:00+00:00,43235.75
2020-10-24 01:00:00+00:00,43286.5
2020-10-24 02:00:00+00:00,44299.75
2020-10-24 03:00:00+00:00,45311.0
2020-10-24 04:00:00+00:00,47072.25
2020-10-24 05:00:00+00:00,50115.75
2020-10-24 06:00:00+00:00,53426.25
2020-10-24 07:00:00+00:00,56094.75
2020-10-24 08:00:00+00:00,58481.5
2020-10-24 09:00:00+00:00,59435.0
2020-10-24 10:00:00+00:00,59127.5
2020-10-24 11:00:00+00:00,57686.75
2020-10-24 12:00:00+00:00,55586.75
2020-10-24 13:00:00+00:00,54485.5
2020-10-24 14:00:00+00:00,53738.75
2020-10-24 15:00:00+00:00,55336.75
2020-10-24 16:00:00+00:00,58513.25
2020-10-24 17:00:00+00:00,58342.75
2020-10-24 18:00:00+00:00,54999.75
2020-10-24 19:00:00+00:00,51972.75
2020-10-24 20:00:00+00:00,50281.5
2020-10-24 21:00:00+00:00,47526.25
2020-10-24 22:00:00+00:00,44123.0
2020-10-24 23:00:00+00:00,42431.75
2020-10-25 00:00:00+00:00,41656.75
2020-10-25 01:00:00+00:00,41052.25
2020-10-25 02:00:00+00:00,41801.25
2020-10-25 03:00:00+00:00,42567.0
2020-10-25 04:00:00+00:00,43301.5
2020-10-25 05:00:00+00:00,44916.0
2020-10-25 06:00:00+00:00,47360.0
2020-10-25 07:00:00+00:00,50484.75
2020-10-25 08:00:00+00:00,52703.25
2020-10-25 09:00:00+00:00,53493.75
2020-10-25 10:00:00+00:00,54404.25
2020-10-25 11:00:00+00:00,53711.0
2020-10-25 12:00:00+00:00,51997.25
2020-10-25 13:00:00+00:00,50882.75
2020-10-25 14:00:00+00:00,50120.25
2020-10-25 15:00:00+00:00,51349.5
2020-10-25 16:00:00+00:00,55907.75
2020-10-25 17:00:00+00:00,57346.25
2020-10-25 18:00:00+00:00,55354.25
2020-10-25 19:00:00+00:00,52326.0
2020-10-25 20:00:00+00:00,50600.75
2020-10-25 21:00:00+00:00,49653.25
2020-10-25 22:00:00+00:00,46032.5
2020-10-25 23:00:00+00:00,43781.0
2020-10-26 00:00:00+00:00,42639.75
2020-10-26 01:00:00+00:00,41736.5
2020-10-26 02:00:00+00:00,42235.5
2020-10-26 03:00:00+00:00,44404.5
2020-10-26 04:00:00+00:00,48539.75
2020-10-26 05:00:00+00:00,57176.0
2020-10-26 06:00:00+00:00,63116.0
2020-10-26 07:00:00+00:00,66213.0
2020-10-26 08:00:00+00:00,67194.25
2020-10-26 09:00:00+00:00,68280.5
2020-10-26 10:00:00+00:00,69788.0
2020-10-26 11:00:00+00:00,70035.25
2020-10-26 12:00:00+00:00,68985.75
2020-10-26 13:00:00+00:00,67554.75
2020-10-26 14:00:00+00:00,66884.75
2020-10-26 15:00:00+00:00,66551.75
2020-10-26 16:00:00+00:00,68596.25
2020-10-26 17:00:00+00:00,68913.75
2020-10-26 18:00:00+00:00,67602.5
2020-10-26 19:00:00+00:00,63704.0
2020-10-26 20:00:00+00:00,60012.5
2020-10-26 21:00:00+00:00,56456.0
2020-10-26 22:00:00+00:00,53416.5
2020-10-26 23:00:00+00:00,50044.75
2020-10-27 00:00:00+00:00,48614.25
2020-10-27 01:00:00+00:00,48022.5
2020-10-27 02:00:00+00:00,48057.0
2020-10-27 03:00:00+00:00,49386.0
2020-10-27 04:00:00+00:00,53683.75
2020-10-27 05:00:00+00:00,60758.25
2020-10-27 06:00:00+00:00,65760.75
2020-10-27 07:00:00+00:00,67995.5
2020-10-27 08:00:00+00:00,68680.0
2020-10-27 09:00:00+00:00,69602.75
2020-10-27 10:00:00+00:00,70546.0
2020-10-27 11:00:00+00:00,70160.0
2020-10-27 12:00:00+00:00,68978.25
2020-10-27 13:00:00+00:00,67687.75
2020-10-27 14:00:00+00:00,67100.0
2020-10-27 15:00:00+00:00,66587.25
2020-10-27 16:00:00+00:00,70359.5
2020-10-27 17:00:00+00:00,71604.0
2020-10-27 18:00:00+00:00,70224.5
2020-10-27 19:00:00+00:00,66141.75
2020-10-27 20:00:00+00:00,62706.5
2020-10-27 21:00:00+00:00,59240.5
2020-10-27 22:00:00+00:00,55692.25
2020-10-27 23:00:00+00:00,52425.5
2020-10-28 00:00:00+00:00,50657.0
2020-10-28 01:00:00+00:00,49774.25
2020-10-28 02:00:00+00:00,50187.25
2020-10-28 03:00:00+00:00,51445.75
2020-10-28 04:00:00+00:00,54297.75
2020-10-28 05:00:00+00:00,62146.25
2020-10-28 06:00:00+00:00,67209.75
2020-10-28 07:00:00+00:00,69675.75
2020-10-28 08:00:00+00:00,69839.0
2020-10-28 09:00:00+00:00,70008.5
2020-10-28 10:00:00+00:00,70964.0
2020-10-28 11:00:00+00:00,70929.0
2020-10-28 12:00:00+00:00,69439.5
2020-10-28 13:00:00+00:00,68131.0
2020-10-28 14:00:00+00:00,67039.0
2020-10-28 15:00:00+00:00,66330.25
2020-10-28 16:00:00+00:00,70148.75
2020-10-28 17:00:00+00:00,71173.5
2020-10-28 18:00:00+00:00,69555.0
2020-10-28 19:00:00+00:00,65725.0
2020-10-28 20:00:00+00:00,61808.25
2020-10-28 21:00:00+00:00,58022.75
2020-10-28 22:00:00+00:00,53996.75
2020-10-28 23:00:00+00:00,51212.25
2020-10-29 00:00:00+00:00,49576.0
2020-10-29 01:00:00+00:00,48786.25
2020-10-29 02:00:00+00:00,49280.25
2020-10-29 03:00:00+00:00,51201.25
2020-10-29 04:00:00+00:00,54750.75
2020-10-29 05:00:00+00:00,62245.0
2020-10-29 06:00:00+00:00,66721.5
2020-10-29 07:00:00+00:00,68875.0
2020-10-29 08:00:00+00:00,70110.5
2020-10-29 09:00:00+00:00,71819.0
2020-10-29 10:00:00+00:00,73224.75
2020-10-29 11:00:00+00:00,72429.0
2020-10-29 12:00:00+00:00,71284.75
2020-10-29 13:00:00+00:00,69274.25
2020-10-29 14:00:00+00:00,68067.25
2020-10-29 15:00:00+00:00,68109.0
2020-10-29 16:00:00+00:00,71143.25
2020-10-29 17:00:00+00:00,70936.75
2020-10-29 18:00:00+00:00,69160.0
2020-10-29 19:00:00+00:00,65312.25
2020-10-29 20:00:00+00:00,61340.75
2020-10-29 21:00:00+00:00,58083.75
2020-10-29 22:00:00+00:00,53481.5
2020-10-29 23:00:00+00:00,50147.25
2020-10-30 00:00:00+00:00,48506.75
2020-10-30 01:00:00+00:00,47516.25
2020-10-30 02:00:00+00:00,47929.75
2020-10-30 03:00:00+00:00,49389.0
2020-10-30 04:00:00+00:00,52857.5
2020-10-30 05:00:00+00:00,59924.75
2020-10-30 06:00:00+00:00,65691.75
2020-10-30 07:00:00+00:00,68416.75
2020-10-30 08:00:00+00:00,69165.0
2020-10-30 09:00:00+00:00,70305.5
2020-10-30 10:00:00+00:00,70983.0
2020-10-30 11:00:00+00:00,70218.25
2020-10-30 12:00:00+00:00,68522.25
2020-10-30 13:00:00+00:00,67000.25
2020-10-30 14:00:00+00:00,65676.0
2020-10-30 15:00:00+00:00,65463.25
2020-10-30 16:00:00+00:00,67850.75
2020-10-30 17:00:00+00:00,67655.0
2020-10-30 18:00:00+00:00,65223.75
2020-10-30 19:00:00+00:00,60837.75
2020-10-30 20:00:00+00:00,56821.5
2020-10-30 21:00:00+00:00,53085.25
2020-10-30 22:00:00+00:00,49136.0
2020-10-30 23:00:00+00:00,45739.0
2020-10-31 00:00:00+00:00,43428.5
2020-10-31 01:00:00+00:00,41746.5
2020-10-31 02:00:00+00:00,41075.25
2020-10-31 03:00:00+00:00,41515.75
2020-10-31 04:00:00+00:00,41894.75
2020-10-31 05:00:00+00:00,43033.25
2020-10-31 06:00:00+00:00,45838.75
2020-10-31 07:00:00+00:00,49723.25
2020-10-31 08:00:00+00:00,52178.5
2020-10-31 09:00:00+00:00,54003.5
2020-10-31 10:00:00+00:00,55450.75
2020-10-31 11:00:00+00:00,54913.0
2020-10-31 12:00:00+00:00,53035.0
2020-10-31 13:00:00+00:00,51430.5
2020-10-31 14:00:00+00:00,51434.25
2020-10-31 15:00:00+00:00,51727.75
2020-10-31 16:00:00+00:00,56308.75
2020-10-31 17:00:00+00:00,57931.0
2020-10-31 18:00:00+00:00,56213.25
2020-10-31 19:00:00+00:00,53563.5
2020-10-31 20:00:00+00:00,50974.75
2020-10-31 21:00:00+00:00,49254.5
2020-10-31 22:00:00+00:00,46092.0
2020-10-31 23:00:00+00:00,43042.75
2020-11-01 00:00:00+00:00,41100.25
2020-11-01 01:00:00+00:00,40426.0
2020-11-01 02:00:00+00:00,40287.25
2020-11-01 03:00:00+00:00,40787.0
2020-11-01 04:00:00+00:00,40442.75
2020-11-01 05:00:00+00:00,40637.5
2020-11-01 06:00:00+00:00,42965.25
2020-11-01 07:00:00+00:00,46146.25
2020-11-01 08:00:00+00:00,48917.25
2020-11-01 09:00:00+00:00,51938.25
2020-11-01 10:00:00+00:00,55108.0
2020-11-01 11:00:00+00:00,55055.25
2020-11-01 12:00:00+00:00,53525.75
2020-11-01 13:00:00+00:00,51960.5
2020-11-01 14:00:00+00:00,52257.25
2020-11-01 15:00:00+00:00,53413.0
2020-11-01 16:00:00+00:00,58249.5
2020-11-01 17:00:00+00:00,59019.75
2020-11-01 18:00:00+00:00,56997.5
2020-11-01 19:00:00+00:00,54008.25
2020-11-01 20:00:00+00:00,51903.25
2020-11-01 21:00:00+00:00,51132.75
2020-11-01 22:00:00+00:00,47783.75
2020-11-01 23:00:00+00:00,45904.0
2020-11-02 00:00:00+00:00,45176.75
2020-11-02 01:00:00+00:00,44731.25
2020-11-02 02:00:00+00:00,45249.75
2020-11-02 03:00:00+00:00,47159.25
2020-11-02 04:00:00+00:00,51461.5
2020-11-02 05:00:00+00:00,59914.0
2020-11-02 06:00:00+00:00,66006.25
2020-11-02 07:00:00+00:00,68686.5
2020-11-02 08:00:00+00:00,69387.25
2020-11-02 09:00:00+00:00,70572.5
2020-11-02 10:00:00+00:00,71755.0
2020-11-02 11:00:00+00:00,71583.0
2020-11-02 12:00:00+00:00,70349.75
2020-11-02 13:00:00+00:00,69151.5
2020-11-02 14:00:00+00:00,67616.0
2020-11-02 15:00:00+00:00,67236.75
2020-11-02 16:00:00+00:00,71101.75
2020-11-02 17:00:00+00:00,71118.0
2020-11-02 18:00:00+00:00,69221.0
2020-11-02 19:00:00+00:00,64570.5
2020-11-02 20:00:00+00:00,60705.0
2020-11-02 21:00:00+00:00,56525.25
2020-11-02 22:00:00+00:00,52458.25
2020-11-02 23:00:00+00:00,49799.0
2020-11-03 00:00:00+00:00,48137.5
2020-11-03 01:00:00+00:00,47169.25
2020-11-03 02:00:00+00:00,47246.5
2020-11-03 03:00:00+00:00,49105.0
2020-11-03 04:00:00+00:00,53337.0
2020-11-03 05:00:00+00:00,60766.5
2020-11-03 06:00:00+00:00,65895.75
2020-11-03 07:00:00+00:00,68193.25
2020-11-03 08:00:00+00:00,68351.0
2020-11-03 09:00:00+00:00,69132.25
2020-11-03 10:00:00+00:00,70167.5
2020-11-03 11:00:00+00:00,69682.25
2020-11-03 12:00:00+00:00,68270.25
2020-11-03 13:00:00+00:00,67245.0
2020-11-03 14:00:00+00:00,66909.75
2020-11-03 15:00:00+00:00,66863.5
2020-11-03 16:00:00+00:00,70174.25
2020-11-03 17:00:00+00:00,70096.5
2020-11-03 18:00:00+00:00,68033.5
2020-11-03 19:00:00+00:00,64088.25
2020-11-03 20:00:00+00:00,59980.5
2020-11-03 21:00:00+00:00,56998.5
2020-11-03 22:00:00+00:00,53465.25
2020-11-03 23:00:00+00:00,50302.75
2020-11-04 00:00:00+00:00,49151.25
2020-11-04 01:00:00+00:00,48952.5
2020-11-04 02:00:00+00:00,49073.5
2020-11-04 03:00:00+00:00,50728.75
2020-11-04 04:00:00+00:00,54638.75
2020-11-04 05:00:00+00:00,62457.0
2020-11-04 06:00:00+00:00,67116.0
2020-11-04 07:00:00+00:00,69250.0
2020-11-04 08:00:00+00:00,69282.75
2020-11-04 09:00:00+00:00,69783.75
2020-11-04 10:00:00+00:00,70680.0
2020-11-04 11:00:00+00:00,70154.5
2020-11-04 12:00:00+00:00,69087.0
2020-11-04 13:00:00+00:00,67844.25
2020-11-04 14:00:00+00:00,67050.5
2020-11-04 15:00:00+00:00,66408.5
2020-11-04 16:00:00+00:00,70131.75
2020-11-04 17:00:00+00:00,70571.75
2020-11-04 18:00:00+00:00,69165.0
2020-11-04 19:00:00+00:00,64985.75
2020-11-04 20:00:00+00:00,61035.75
2020-11-04 21:00:00+00:00,57984.5
2020-11-04 22:00:00+00:00,53822.0
2020-11-04 23:00:00+00:00,51305.75
2020-11-05 00:00:00+00:00,50452.75
2020-11-05 01:00:00+00:00,49373.75
2020-11-05 02:00:00+00:00,50209.75
2020-11-05 03:00:00+00:00,51336.75
2020-11-05 04:00:00+00:00,55012.0
2020-11-05 05:00:00+00:00,61623.75
2020-11-05 06:00:00+00:00,66962.5
2020-11-05 07:00:00+00:00,69120.25
2020-11-05 08:00:00+00:00,69056.0
2020-11-05 09:00:00+00:00,69429.0
2020-11-05 10:00:00+00:00,70496.0
2020-11-05 11:00:00+00:00,69791.0
2020-11-05 12:00:00+00:00,68990.0
2020-11-05 13:00:00+00:00,68259.75
2020-11-05 14:00:00+00:00,67000.75
2020-11-05 15:00:00+00:00,66660.5
2020-11-05 16:00:00+00:00,70585.25
2020-11-05 17:00:00+00:00,70722.5
2020-11-05 18:00:00+00:00,68983.0
2020-11-05 19:00:00+00:00,65221.25
2020-11-05 20:00:00+00:00,61274.25
2020-11-05 21:00:00+00:00,58228.5
2020-11-05 22:00:00+00:00,54583.0
2020-11-05 23:00:00+00:00,51433.0
2020-11-06 00:00:00+00:00,49795.5
2020-11-06 01:00:00+00:00,48911.25
2020-11-06 02:00:00+00:00,49428.5
2020-11-06 03:00:00+00:00,50752.25
2020-11-06 04:00:00+00:00,53981.25
2020-11-06 05:00:00+00:00,60707.75
2020-11-06 06:00:00+00:00,65775.0
2020-11-06 07:00:00+00:00,67827.25
2020-11-06 08:00:00+00:00,68091.75
2020-11-06 09:00:00+00:00,68118.5
2020-11-06 10:00:00+00:00,67838.75
2020-11-06 11:00:00+00:00,67078.75
2020-11-06 12:00:00+00:00,65433.0
2020-11-06 13:00:00+00:00,63974.25
2020-11-06 14:00:00+00:00,63103.25
2020-11-06 15:00:00+00:00,63837.25
2020-11-06 16:00:00+00:00,67920.75
2020-11-06 17:00:00+00:00,67530.5
2020-11-06 18:00:00+00:00,65332.0
2020-11-06 19:00:00+00:00,61092.5
2020-11-06 20:00:00+00:00,56894.5
2020-11-06 21:00:00+00:00,53541.5
2020-11-06 22:00:00+00:00,49972.25
2020-11-06 23:00:00+00:00,46964.75
2020-11-07 00:00:00+00:00,45354.0
2020-11-07 01:00:00+00:00,44663.5
2020-11-07 02:00:00+00:00,44762.0
2020-11-07 03:00:00+00:00,44777.75
2020-11-07 04:00:00+00:00,45144.5
2020-11-07 05:00:00+00:00,46274.75
2020-11-07 06:00:00+00:00,48973.25
2020-11-07 07:00:00+00:00,52714.5
2020-11-07 08:00:00+00:00,55078.75
2020-11-07 09:00:00+00:00,56239.0
2020-11-07 10:00:00+00:00,57079.5
2020-11-07 11:00:00+00:00,56145.75
2020-11-07 12:00:00+00:00,54317.0
2020-11-07 13:00:00+00:00,52737.75
2020-11-07 14:00:00+00:00,51769.0
2020-11-07 15:00:00+00:00,53520.0
2020-11-07 16:00:00+00:00,58737.75
2020-11-07 17:00:00+00:00,59823.25
2020-11-07 18:00:00+00:00,57429.0
2020-11-07 19:00:00+00:00,53308.5
2020-11-07 20:00:00+00:00,50315.0
2020-11-07 21:00:00+00:00,48636.5
2020-11-07 22:00:00+00:00,45596.75
2020-11-07 23:00:00+00:00,42450.5
2020-11-08 00:00:00+00:00,40737.75
2020-11-08 01:00:00+00:00,39966.75
2020-11-08 02:00:00+00:00,39738.75
2020-11-08 03:00:00+00:00,40113.5
2020-11-08 04:00:00+00:00,40721.75
2020-11-08 05:00:00+00:00,41066.5
2020-11-08 06:00:00+00:00,42689.25
2020-11-08 07:00:00+00:00,45845.5
2020-11-08 08:00:00+00:00,48850.75
2020-11-08 09:00:00+00:00,50748.0
2020-11-08 10:00:00+00:00,52731.5
2020-11-08 11:00:00+00:00,52299.25
2020-11-08 12:00:00+00:00,50384.25
2020-11-08 13:00:00+00:00,49165.0
2020-11-08 14:00:00+00:00,48964.5
2020-11-08 15:00:00+00:00,50726.0
2020-11-08 16:00:00+00:00,56128.25
2020-11-08 17:00:00+00:00,57041.75
2020-11-08 18:00:00+00:00,54771.5
2020-11-08 19:00:00+00:00,51945.75
2020-11-08 20:00:00+00:00,49729.5
2020-11-08 21:00:00+00:00,49109.25
2020-11-08 22:00:00+00:00,46449.5
2020-11-08 23:00:00+00:00,44264.75
2020-11-09 00:00:00+00:00,42545.25
2020-11-09 01:00:00+00:00,42229.25
2020-11-09 02:00:00+00:00,42571.5
2020-11-09 03:00:00+00:00,44786.5
2020-11-09 04:00:00+00:00,49113.75
2020-11-09 05:00:00+00:00,58349.0
2020-11-09 06:00:00+00:00,64286.75
2020-11-09 07:00:00+00:00,66544.25
2020-11-09 08:00:00+00:00,66948.75
2020-11-09 09:00:00+00:00,67459.5
2020-11-09 10:00:00+00:00,68492.0
2020-11-09 11:00:00+00:00,67905.25
2020-11-09 12:00:00+00:00,67047.25
2020-11-09 13:00:00+00:00,65978.75
2020-11-09 14:00:00+00:00,65239.75
2020-11-09 15:00:00+00:00,65821.75
2020-11-09 16:00:00+00:00,69682.75
2020-11-09 17:00:00+00:00,69467.25
2020-11-09 18:00:00+00:00,66873.75
2020-11-09 19:00:00+00:00,63282.0
2020-11-09 20:00:00+00:00,59423.5
2020-11-09 21:00:00+00:00,56337.0
2020-11-09 22:00:00+00:00,52382.0
2020-11-09 23:00:00+00:00,49244.5
2020-11-10 00:00:00+00:00,47756.75
2020-11-10 01:00:00+00:00,46915.0
2020-11-10 02:00:00+00:00,47249.25
2020-11-10 03:00:00+00:00,48665.5
2020-11-10 04:00:00+00:00,52198.0
2020-11-10 05:00:00+00:00,60358.0
2020-11-10 06:00:00+00:00,65943.25
2020-11-10 07:00:00+00:00,68098.5
2020-11-10 08:00:00+00:00,68711.5
2020-11-10 09:00:00+00:00,69562.5
2020-11-10 10:00:00+00:00,70356.75
2020-11-10 11:00:00+00:00,69954.25
2020-11-10 12:00:00+00:00,69042.75
2020-11-10 13:00:00+00:00,67707.75
2020-11-10 14:00:00+00:00,67234.75
2020-11-10 15:00:00+00:00,67798.0
2020-11-10 16:00:00+00:00,70168.75
2020-11-10 17:00:00+00:00,69594.75
2020-11-10 18:00:00+00:00,67793.75
2020-11-10 19:00:00+00:00,63610.0
2020-11-10 20:00:00+00:00,59201.25
2020-11-10 21:00:00+00:00,55999.25
2020-11-10 22:00:00+00:00,52051.75
2020-11-10 23:00:00+00:00,48961.0
2020-11-11 00:00:00+00:00,47554.0
2020-11-11 01:00:00+00:00,46744.0
2020-11-11 02:00:00+00:00,46939.75
2020-11-11 03:00:00+00:00,48522.75
2020-11-11 04:00:00+00:00,51972.75
2020-11-11 05:00:00+00:00,59676.0
2020-11-11 06:00:00+00:00,65809.25
2020-11-11 07:00:00+00:00,68409.5
2020-11-11 08:00:00+00:00,69120.25
2020-11-11 09:00:00+00:00,69772.25
2020-11-11 10:00:00+00:00,70814.0
2020-11-11 11:00:00+00:00,70505.0
2020-11-11 12:00:00+00:00,69428.5
2020-11-11 13:00:00+00:00,68027.5
2020-11-11 14:00:00+00:00,67556.25
2020-11-11 15:00:00+00:00,68121.25
2020-11-11 16:00:00+00:00,70762.75
2020-11-11 17:00:00+00:00,70411.75
2020-11-11 18:00:00+00:00,68346.25
2020-11-11 19:00:00+00:00,64201.0
2020-11-11 20:00:00+00:00,60311.0
2020-11-11 21:00:00+00:00,56810.75
2020-11-11 22:00:00+00:00,53110.5
2020-11-11 23:00:00+00:00,50140.0
2020-11-12 00:00:00+00:00,48251.75
2020-11-12 01:00:00+00:00,47410.5
2020-11-12 02:00:00+00:00,47871.75
2020-11-12 03:00:00+00:00,49436.0
2020-11-12 04:00:00+00:00,53111.25
2020-11-12 05:00:00+00:00,60914.75
2020-11-12 06:00:00+00:00,66566.75
2020-11-12 07:00:00+00:00,69557.5
2020-11-12 08:00:00+00:00,70245.5
2020-11-12 09:00:00+00:00,70615.75
2020-11-12 10:00:00+00:00,71268.25
2020-11-12 11:00:00+00:00,70704.25
2020-11-12 12:00:00+00:00,69675.75
2020-11-12 13:00:00+00:00,68297.0
2020-11-12 14:00:00+00:00,67573.5
2020-11-12 15:00:00+00:00,67884.25
2020-11-12 16:00:00+00:00,71239.0
2020-11-12 17:00:00+00:00,70427.0
2020-11-12 18:00:00+00:00,68697.5
2020-11-12 19:00:00+00:00,64860.25
2020-11-12 20:00:00+00:00,60958.25
2020-11-12 21:00:00+00:00,57463.75
2020-11-12 22:00:00+00:00,53264.25
2020-11-12 23:00:00+00:00,49739.0
2020-11-13 00:00:00+00:00,48015.5
2020-11-13 01:00:00+00:00,47226.5
2020-11-13 02:00:00+00:00,47493.25
2020-11-13 03:00:00+00:00,49192.25
2020-11-13 04:00:00+00:00,52004.75
2020-11-13 05:00:00+00:00,59932.25
2020-11-13 06:00:00+00:00,65540.0
2020-11-13 07:00:00+00:00,67693.25
2020-11-13 08:00:00+00:00,68010.5
2020-11-13 09:00:00+00:00,68193.75
2020-11-13 10:00:00+00:00,68680.25
2020-11-13 11:00:00+00:00,68184.25
2020-11-13 12:00:00+00:00,67109.5
2020-11-13 13:00:00+00:00,65221.75
2020-11-13 14:00:00+00:00,64837.75
2020-11-13 15:00:00+00:00,66051.75
2020-11-13 16:00:00+00:00,69086.0
2020-11-13 17:00:00+00:00,68935.5
2020-11-13 18:00:00+00:00,66504.5
2020-11-13 19:00:00+00:00,62238.5
2020-11-13 20:00:00+00:00,58170.0
2020-11-13 21:00:00+00:00,54965.75
2020-11-13 22:00:00+00:00,51022.75
2020-11-13 23:00:00+00:00,47151.25
2020-11-14 00:00:00+00:00,45208.25
2020-11-14 01:00:00+00:00,43623.75
2020-11-14 02:00:00+00:00,43080.0
2020-11-14 03:00:00+00:00,43372.0
2020-11-14 04:00:00+00:00,44032.5
2020-11-14 05:00:00+00:00,45881.25
2020-11-14 06:00:00+00:00,48848.75
2020-11-14 07:00:00+00:00,52324.5
2020-11-14 08:00:00+00:00,55257.5
2020-11-14 09:00:00+00:00,56445.25
2020-11-14 10:00:00+00:00,57211.25
2020-11-14 11:00:00+00:00,56390.5
2020-11-14 12:00:00+00:00,54331.75
2020-11-14 13:00:00+00:00,52638.0
2020-11-14 14:00:00+00:00,52233.0
2020-11-14 15:00:00+00:00,54410.0
2020-11-14 16:00:00+00:00,59742.75
2020-11-14 17:00:00+00:00,60604.75
2020-11-14 18:00:00+00:00,58857.0
2020-11-14 19:00:00+00:00,54909.5
2020-11-14 20:00:00+00:00,51764.0
2020-11-14 21:00:00+00:00,49876.75
2020-11-14 22:00:00+00:00,47007.5
2020-11-14 23:00:00+00:00,43943.5
2020-11-15 00:00:00+00:00,42343.75
2020-11-15 01:00:00+00:00,41589.5
2020-11-15 02:00:00+00:00,41792.25
2020-11-15 03:00:00+00:00,41989.25
2020-11-15 04:00:00+00:00,42373.5
2020-11-15 05:00:00+00:00,42823.75
2020-11-15 06:00:00+00:00,44716.25
2020-11-15 07:00:00+00:00,47804.0
2020-11-15 08:00:00+00:00,50644.75
2020-11-15 09:00:00+00:00,52535.5
2020-11-15 10:00:00+00:00,54672.5
2020-11-15 11:00:00+00:00,54044.0
2020-11-15 12:00:00+00:00,51620.75
2020-11-15 13:00:00+00:00,50792.75
2020-11-15 14:00:00+00:00,51597.75
2020-11-15 15:00:00+00:00,54749.0
2020-11-15 16:00:00+00:00,59765.0
2020-11-15 17:00:00+00:00,60441.5
2020-11-15 18:00:00+00:00,58329.75
2020-11-15 19:00:00+00:00,55818.25
2020-11-15 20:00:00+00:00,53755.0
2020-11-15 21:00:00+00:00,52688.75
2020-11-15 22:00:00+00:00,49466.25
2020-11-15 23:00:00+00:00,46546.0
2020-11-16 00:00:00+00:00,44879.0
2020-11-16 01:00:00+00:00,44786.25
2020-11-16 02:00:00+00:00,45395.25
2020-11-16 03:00:00+00:00,47298.25
2020-11-16 04:00:00+00:00,51635.75
2020-11-16 05:00:00+00:00,60755.25
2020-11-16 06:00:00+00:00,67208.0
2020-11-16 07:00:00+00:00,69213.5
2020-11-16 08:00:00+00:00,69753.5
2020-11-16 09:00:00+00:00,70261.75
2020-11-16 10:00:00+00:00,72068.25
2020-11-16 11:00:00+00:00,71945.0
2020-11-16 12:00:00+00:00,70309.75
2020-11-16 13:00:00+00:00,69058.5
2020-11-16 14:00:00+00:00,68305.5
2020-11-16 15:00:00+00:00,68928.0
2020-11-16 16:00:00+00:00,71761.25
2020-11-16 17:00:00+00:00,70832.0
2020-11-16 18:00:00+00:00,68882.75
2020-11-16 19:00:00+00:00,64718.0
2020-11-16 20:00:00+00:00,61122.5
2020-11-16 21:00:00+00:00,58069.25
2020-11-16 22:00:00+00:00,53747.0
2020-11-16 23:00:00+00:00,50780.5
2020-11-17 00:00:00+00:00,49067.75
2020-11-17 01:00:00+00:00,48189.0
2020-11-17 02:00:00+00:00,48066.0
2020-11-17 03:00:00+00:00,49982.25
2020-11-17 04:00:00+00:00,54148.0
2020-11-17 05:00:00+00:00,61939.5
2020-11-17 06:00:00+00:00,67687.5
2020-11-17 07:00:00+00:00,70086.0
2020-11-17 08:00:00+00:00,70506.25
2020-11-17 09:00:00+00:00,71551.25
2020-11-17 10:00:00+00:00,72975.5
2020-11-17 11:00:00+00:00,72281.75
2020-11-17 12:00:00+00:00,71968.25
2020-11-17 13:00:00+00:00,71163.75
2020-11-17 14:00:00+00:00,70725.25
2020-11-17 15:00:00+00:00,71177.0
2020-11-17 16:00:00+00:00,73464.75
2020-11-17 17:00:00+00:00,72208.75
2020-11-17 18:00:00+00:00,70057.75
2020-11-17 19:00:00+00:00,66247.75
2020-11-17 20:00:00+00:00,62454.0
2020-11-17 21:00:00+00:00,58671.0
2020-11-17 22:00:00+00:00,54710.75
2020-11-17 23:00:00+00:00,50978.75
2020-11-18 00:00:00+00:00,48628.25
2020-11-18 01:00:00+00:00,47990.5
2020-11-18 02:00:00+00:00,48235.0
2020-11-18 03:00:00+00:00,49724.75
2020-11-18 04:00:00+00:00,53474.25
2020-11-18 05:00:00+00:00,60816.5
2020-11-18 06:00:00+00:00,66479.75
2020-11-18 07:00:00+00:00,68640.5
2020-11-18 08:00:00+00:00,68829.5
2020-11-18 09:00:00+00:00,69079.75
2020-11-18 10:00:00+00:00,70413.25
2020-11-18 11:00:00+00:00,69550.25
2020-11-18 12:00:00+00:00,68115.5
2020-11-18 13:00:00+00:00,67080.75
2020-11-18 14:00:00+00:00,66889.75
2020-11-18 15:00:00+00:00,67762.5
2020-11-18 16:00:00+00:00,72239.0
2020-11-18 17:00:00+00:00,72437.5
2020-11-18 18:00:00+00:00,70782.0
2020-11-18 19:00:00+00:00,66724.75
2020-11-18 20:00:00+00:00,62739.75
2020-11-18 21:00:00+00:00,59502.25
2020-11-18 22:00:00+00:00,55873.5
2020-11-18 23:00:00+00:00,52897.25
2020-11-19 00:00:00+00:00,50749.5
2020-11-19 01:00:00+00:00,49772.75
2020-11-19 02:00:00+00:00,50054.75
2020-11-19 03:00:00+00:00,51547.5
2020-11-19 04:00:00+00:00,55410.25
2020-11-19 05:00:00+00:00,63203.0
2020-11-19 06:00:00+00:00,69555.5
2020-11-19 07:00:00+00:00,71247.25
2020-11-19 08:00:00+00:00,72274.75
2020-11-19 09:00:00+00:00,73240.5
2020-11-19 10:00:00+00:00,74636.0
2020-11-19 11:00:00+00:00,74513.5
2020-11-19 12:00:00+00:00,73225.25
2020-11-19 13:00:00+00:00,71974.75
2020-11-19 14:00:00+00:00,71003.5
2020-11-19 15:00:00+00:00,71718.5
2020-11-19 16:00:00+00:00,74453.75
2020-11-19 17:00:00+00:00,72908.25
2020-11-19 18:00:00+00:00,70569.75
2020-11-19 19:00:00+00:00,66407.0
2020-11-19 20:00:00+00:00,62449.25
2020-11-19 21:00:00+00:00,59307.5
2020-11-19 22:00:00+00:00,55586.75
2020-11-19 23:00:00+00:00,52715.25
2020-11-20 00:00:00+00:00,50492.0
2020-11-20 01:00:00+00:00,49659.5
2020-11-20 02:00:00+00:00,50107.75
2020-11-20 03:00:00+00:00,51560.0
2020-11-20 04:00:00+00:00,54889.75
2020-11-20 05:00:00+00:00,61953.75
2020-11-20 06:00:00+00:00,67717.25
2020-11-20 07:00:00+00:00,69960.5
2020-11-20 08:00:00+00:00,70104.75
2020-11-20 09:00:00+00:00,70304.25
2020-11-20 10:00:00+00:00,70642.0
2020-11-20 11:00:00+00:00,69640.25
2020-11-20 12:00:00+00:00,68039.5
2020-11-20 13:00:00+00:00,66685.25
2020-11-20 14:00:00+00:00,65852.75
2020-11-20 15:00:00+00:00,67201.25
2020-11-20 16:00:00+00:00,70295.75
2020-11-20 17:00:00+00:00,69188.0
2020-11-20 18:00:00+00:00,67536.5
2020-11-20 19:00:00+00:00,63292.0
2020-11-20 20:00:00+00:00,59553.75
2020-11-20 21:00:00+00:00,56559.25
2020-11-20 22:00:00+00:00,52724.0
2020-11-20 23:00:00+00:00,50233.25
2020-11-21 00:00:00+00:00,48616.0
2020-11-21 01:00:00+00:00,47852.75
2020-11-21 02:00:00+00:00,47707.5
2020-11-21 03:00:00+00:00,48077.0
2020-11-21 04:00:00+00:00,48682.75
2020-11-21 05:00:00+00:00,49913.75
2020-11-21 06:00:00+00:00,53102.25
2020-11-21 07:00:00+00:00,56748.5
2020-11-21 08:00:00+00:00,59860.75
2020-11-21 09:00:00+00:00,61195.75
2020-11-21 10:00:00+00:00,62005.5
2020-11-21 11:00:00+00:00,61182.25
2020-11-21 12:00:00+00:00,59840.25
2020-11-21 13:00:00+00:00,58375.5
2020-11-21 14:00:00+00:00,58540.5
2020-11-21 15:00:00+00:00,60215.25
2020-11-21 16:00:00+00:00,63783.25
2020-11-21 17:00:00+00:00,63829.5
2020-11-21 18:00:00+00:00,61502.0
2020-11-21 19:00:00+00:00,57655.0
2020-11-21 20:00:00+00:00,55065.0
2020-11-21 21:00:00+00:00,53328.5
2020-11-21 22:00:00+00:00,51226.0
2020-11-21 23:00:00+00:00,47945.75
2020-11-22 00:00:00+00:00,46064.5
2020-11-22 01:00:00+00:00,44784.25
2020-11-22 02:00:00+00:00,44783.25
2020-11-22 03:00:00+00:00,44817.5
2020-11-22 04:00:00+00:00,45097.25
2020-11-22 05:00:00+00:00,45581.0
2020-11-22 06:00:00+00:00,47220.25
2020-11-22 07:00:00+00:00,50085.25
2020-11-22 08:00:00+00:00,53381.25
2020-11-22 09:00:00+00:00,56012.25
2020-11-22 10:00:00+00:00,58905.25
2020-11-22 11:00:00+00:00,58542.5
2020-11-22 12:00:00+00:00,56205.25
2020-11-22 13:00:00+00:00,54630.25
2020-11-22 14:00:00+00:00,54002.75
2020-11-22 15:00:00+00:00,56359.25
2020-11-22 16:00:00+00:00,59972.0
2020-11-22 17:00:00+00:00,60265.25
2020-11-22 18:00:00+00:00,58523.0
2020-11-22 19:00:00+00:00,56253.25
2020-11-22 20:00:00+00:00,54103.25
2020-11-22 21:00:00+00:00,53622.5
2020-11-22 22:00:00+00:00,50869.25
2020-11-22 23:00:00+00:00,47712.5
2020-11-23 00:00:00+00:00,46326.0
2020-11-23 01:00:00+00:00,46106.75
2020-11-23 02:00:00+00:00,46929.25
2020-11-23 03:00:00+00:00,48587.0
2020-11-23 04:00:00+00:00,52669.5
2020-11-23 05:00:00+00:00,61468.5
2020-11-23 06:00:00+00:00,68472.25
2020-11-23 07:00:00+00:00,71010.25
2020-11-23 08:00:00+00:00,71494.25
2020-11-23 09:00:00+00:00,71683.5
2020-11-23 10:00:00+00:00,72754.25
2020-11-23 11:00:00+00:00,72398.75
2020-11-23 12:00:00+00:00,71690.0
2020-11-23 13:00:00+00:00,70285.75
2020-11-23 14:00:00+00:00,69638.0
2020-11-23 15:00:00+00:00,69922.5
2020-11-23 16:00:00+00:00,72755.0
2020-11-23 17:00:00+00:00,72447.25
2020-11-23 18:00:00+00:00,71160.75
2020-11-23 19:00:00+00:00,67757.5
2020-11-23 20:00:00+00:00,63933.75
2020-11-23 21:00:00+00:00,60972.25
2020-11-23 22:00:00+00:00,56425.0
2020-11-23 23:00:00+00:00,53284.5
2020-11-24 00:00:00+00:00,51596.75
2020-11-24 01:00:00+00:00,51505.5
2020-11-24 02:00:00+00:00,52638.0
2020-11-24 03:00:00+00:00,53855.75
2020-11-24 04:00:00+00:00,56968.25
2020-11-24 05:00:00+00:00,64748.0
2020-11-24 06:00:00+00:00,70596.75
2020-11-24 07:00:00+00:00,72407.0
2020-11-24 08:00:00+00:00,72768.0
2020-11-24 09:00:00+00:00,73053.0
2020-11-24 10:00:00+00:00,73376.5
2020-11-24 11:00:00+00:00,72898.5
2020-11-24 12:00:00+00:00,71681.75
2020-11-24 13:00:00+00:00,70334.5
2020-11-24 14:00:00+00:00,69971.75
2020-11-24 15:00:00+00:00,70760.75
2020-11-24 16:00:00+00:00,73272.5
2020-11-24 17:00:00+00:00,72539.25
2020-11-24 18:00:00+00:00,70519.0
2020-11-24 19:00:00+00:00,67378.5
2020-11-24 20:00:00+00:00,63453.25
2020-11-24 21:00:00+00:00,60394.0
2020-11-24 22:00:00+00:00,56698.5
2020-11-24 23:00:00+00:00,53453.25
2020-11-25 00:00:00+00:00,51223.5
2020-11-25 01:00:00+00:00,50305.5
2020-11-25 02:00:00+00:00,51010.75
2020-11-25 03:00:00+00:00,52006.75
2020-11-25 04:00:00+00:00,55645.5
2020-11-25 05:00:00+00:00,63421.5
2020-11-25 06:00:00+00:00,69629.75
2020-11-25 07:00:00+00:00,71589.75
2020-11-25 08:00:00+00:00,71971.75
2020-11-25 09:00:00+00:00,71879.75
2020-11-25 10:00:00+00:00,72411.5
2020-11-25 11:00:00+00:00,71898.25
2020-11-25 12:00:00+00:00,70651.25
2020-11-25 13:00:00+00:00,69751.75
2020-11-25 14:00:00+00:00,69703.25
2020-11-25 15:00:00+00:00,71183.0
2020-11-25 16:00:00+00:00,74039.75
2020-11-25 17:00:00+00:00,73858.5
2020-11-25 18:00:00+00:00,71752.0
2020-11-25 19:00:00+00:00,67295.75
2020-11-25 20:00:00+00:00,63653.5
2020-11-25 21:00:00+00:00,60225.75
2020-11-25 22:00:00+00:00,56350.0
2020-11-25 23:00:00+00:00,53545.25
2020-11-26 00:00:00+00:00,51862.25
2020-11-26 01:00:00+00:00,51203.0
2020-11-26 02:00:00+00:00,51454.5
2020-11-26 03:00:00+00:00,52956.75
2020-11-26 04:00:00+00:00,56664.5
2020-11-26 05:00:00+00:00,64346.75
2020-11-26 06:00:00+00:00,69231.25
2020-11-26 07:00:00+00:00,71069.5
2020-11-26 08:00:00+00:00,71500.25
2020-11-26 09:00:00+00:00,72151.25
2020-11-26 10:00:00+00:00,72501.0
2020-11-26 11:00:00+00:00,72350.5
2020-11-26 12:00:00+00:00,71625.0
2020-11-26 13:00:00+00:00,70294.0
2020-11-26 14:00:00+00:00,69712.75
2020-11-26 15:00:00+00:00,70551.25
2020-11-26 16:00:00+00:00,72639.75
2020-11-26 17:00:00+00:00,71730.75
2020-11-26 18:00:00+00:00,69825.5
2020-11-26 19:00:00+00:00,65915.25
2020-11-26 20:00:00+00:00,62745.25
2020-11-26 21:00:00+00:00,59747.0
2020-11-26 22:00:00+00:00,55982.5
2020-11-26 23:00:00+00:00,52787.0
2020-11-27 00:00:00+00:00,50664.75
2020-11-27 01:00:00+00:00,49731.0
2020-11-27 02:00:00+00:00,49966.0
2020-11-27 03:00:00+00:00,51296.0
2020-11-27 04:00:00+00:00,54624.5
2020-11-27 05:00:00+00:00,61625.25
2020-11-27 06:00:00+00:00,67384.75
2020-11-27 07:00:00+00:00,69412.75
2020-11-27 08:00:00+00:00,69646.0
2020-11-27 09:00:00+00:00,70378.25
2020-11-27 10:00:00+00:00,70713.5
2020-11-27 11:00:00+00:00,69966.0
2020-11-27 12:00:00+00:00,68167.75
2020-11-27 13:00:00+00:00,66653.25
2020-11-27 14:00:00+00:00,66278.0
2020-11-27 15:00:00+00:00,67929.5
2020-11-27 16:00:00+00:00,69955.5
2020-11-27 17:00:00+00:00,69266.75
2020-11-27 18:00:00+00:00,67911.5
2020-11-27 19:00:00+00:00,63910.75
2020-11-27 20:00:00+00:00,60201.25
2020-11-27 21:00:00+00:00,57363.25
2020-11-27 22:00:00+00:00,53770.25
2020-11-27 23:00:00+00:00,50536.75
2020-11-28 00:00:00+00:00,48484.5
2020-11-28 01:00:00+00:00,47548.75
2020-11-28 02:00:00+00:00,47364.25
2020-11-28 03:00:00+00:00,47517.25
2020-11-28 04:00:00+00:00,47768.5
2020-11-28 05:00:00+00:00,49161.75
2020-11-28 06:00:00+00:00,52129.25
2020-11-28 07:00:00+00:00,55339.0
2020-11-28 08:00:00+00:00,58370.5
2020-11-28 09:00:00+00:00,59692.0
2020-11-28 10:00:00+00:00,60669.75
2020-11-28 11:00:00+00:00,60191.0
2020-11-28 12:00:00+00:00,58553.0
2020-11-28 13:00:00+00:00,57312.5
2020-11-28 14:00:00+00:00,57443.25
2020-11-28 15:00:00+00:00,60093.25
2020-11-28 16:00:00+00:00,63014.25
2020-11-28 17:00:00+00:00,63201.5
2020-11-28 18:00:00+00:00,60916.0
2020-11-28 19:00:00+00:00,57051.25
2020-11-28 20:00:00+00:00,54495.75
2020-11-28 21:00:00+00:00,53577.75
2020-11-28 22:00:00+00:00,50457.0
2020-11-28 23:00:00+00:00,47465.0
2020-11-29 00:00:00+00:00,45582.25
2020-11-29 01:00:00+00:00,44351.5
2020-11-29 02:00:00+00:00,43805.75
2020-11-29 03:00:00+00:00,43854.25
2020-11-29 04:00:00+00:00,44165.0
2020-11-29 05:00:00+00:00,44422.25
2020-11-29 06:00:00+00:00,46299.75
2020-11-29 07:00:00+00:00,49087.25
2020-11-29 08:00:00+00:00,52412.75
2020-11-29 09:00:00+00:00,54828.75
2020-11-29 10:00:00+00:00,56959.25
2020-11-29 11:00:00+00:00,57023.5
2020-11-29 12:00:00+00:00,55034.75
2020-11-29 13:00:00+00:00,53348.5
2020-11-29 14:00:00+00:00,53426.75
2020-11-29 15:00:00+00:00,56230.0
2020-11-29 16:00:00+00:00,60119.25
2020-11-29 17:00:00+00:00,60217.25
2020-11-29 18:00:00+00:00,58747.25
2020-11-29 19:00:00+00:00,56267.0
2020-11-29 20:00:00+00:00,54508.0
2020-11-29 21:00:00+00:00,54155.0
2020-11-29 22:00:00+00:00,51205.5
2020-11-29 23:00:00+00:00,49220.25
2020-11-30 00:00:00+00:00,47808.5
2020-11-30 01:00:00+00:00,47283.75
2020-11-30 02:00:00+00:00,47803.0
2020-11-30 03:00:00+00:00,49603.25
2020-11-30 04:00:00+00:00,53529.0
2020-11-30 05:00:00+00:00,62128.5
2020-11-30 06:00:00+00:00,68300.25
2020-11-30 07:00:00+00:00,70335.5
2020-11-30 08:00:00+00:00,70727.0
2020-11-30 09:00:00+00:00,72112.0
2020-11-30 10:00:00+00:00,72801.75
2020-11-30 11:00:00+00:00,72802.5
2020-11-30 12:00:00+00:00,72512.5
2020-11-30 13:00:00+00:00,71424.5
2020-11-30 14:00:00+00:00,71517.5
2020-11-30 15:00:00+00:00,73050.25
2020-11-30 16:00:00+00:00,75683.25
2020-11-30 17:00:00+00:00,74814.75
2020-11-30 18:00:00+00:00,73101.0
2020-11-30 19:00:00+00:00,69003.75
2020-11-30 20:00:00+00:00,65453.25
2020-11-30 21:00:00+00:00,63238.25
2020-11-30 22:00:00+00:00,59156.25
2020-11-30 23:00:00+00:00,55253.0
2020-12-01 00:00:00+00:00,52973.5
2020-12-01 01:00:00+00:00,51521.75
2020-12-01 02:00:00+00:00,51713.0
2020-12-01 03:00:00+00:00,53349.0
2020-12-01 04:00:00+00:00,56280.5
2020-12-01 05:00:00+00:00,63870.0
2020-12-01 06:00:00+00:00,69715.25
2020-12-01 07:00:00+00:00,71802.25
2020-12-01 08:00:00+00:00,72686.25
2020-12-01 09:00:00+00:00,73156.75
2020-12-01 10:00:00+00:00,73468.5
2020-12-01 11:00:00+00:00,73271.5
2020-12-01 12:00:00+00:00,72563.5
2020-12-01 13:00:00+00:00,71649.25
2020-12-01 14:00:00+00:00,71238.0
2020-12-01 15:00:00+00:00,72072.75
2020-12-01 16:00:00+00:00,73393.25
2020-12-01 17:00:00+00:00,72413.25
2020-12-01 18:00:00+00:00,70164.0
2020-12-01 19:00:00+00:00,66405.75
2020-12-01 20:00:00+00:00,63029.0
2020-12-01 21:00:00+00:00,60179.25
2020-12-01 22:00:00+00:00,56461.0
2020-12-01 23:00:00+00:00,53522.75
2020-12-02 00:00:00+00:00,51541.0
2020-12-02 01:00:00+00:00,50742.75
2020-12-02 02:00:00+00:00,51205.25
2020-12-02 03:00:00+00:00,52432.75
2020-12-02 04:00:00+00:00,55593.5
2020-12-02 05:00:00+00:00,62967.5
2020-12-02 06:00:00+00:00,68652.5
2020-12-02 07:00:00+00:00,71150.0
2020-12-02 08:00:00+00:00,71783.75
2020-12-02 09:00:00+00:00,72755.0
2020-12-02 10:00:00+00:00,73551.0
2020-12-02 11:00:00+00:00,72916.75
2020-12-02 12:00:00+00:00,72769.75
2020-12-02 13:00:00+00:00,72181.5
2020-12-02 14:00:00+00:00,72096.5
2020-12-02 15:00:00+00:00,73140.75
2020-12-02 16:00:00+00:00,73992.5
2020-12-02 17:00:00+00:00,72716.0
2020-12-02 18:00:00+00:00,71048.25
2020-12-02 19:00:00+00:00,67507.25
2020-12-02 20:00:00+00:00,64408.25
2020-12-02 21:00:00+00:00,61752.5
2020-12-02 22:00:00+00:00,58131.75
2020-12-02 23:00:00+00:00,55546.5
2020-12-03 00:00:00+00:00,53416.75
2020-12-03 01:00:00+00:00,52736.0
2020-12-03 02:00:00+00:00,52913.0
2020-12-03 03:00:00+00:00,54428.0
2020-12-03 04:00:00+00:00,57909.75
2020-12-03 05:00:00+00:00,64806.75
2020-12-03 06:00:00+00:00,71004.5
2020-12-03 07:00:00+00:00,73829.75
2020-12-03 08:00:00+00:00,74830.5
2020-12-03 09:00:00+00:00,75646.5
2020-12-03 10:00:00+00:00,76494.5
2020-12-03 11:00:00+00:00,76584.25
2020-12-03 12:00:00+00:00,75898.75
2020-12-03 13:00:00+00:00,74958.25
2020-12-03 14:00:00+00:00,75161.75
2020-12-03 15:00:00+00:00,76572.25
2020-12-03 16:00:00+00:00,78599.25
2020-12-03 17:00:00+00:00,77977.5
2020-12-03 18:00:00+00:00,75662.75
2020-12-03 19:00:00+00:00,70438.5
2020-12-03 20:00:00+00:00,66468.75
2020-12-03 21:00:00+00:00,63798.75
2020-12-03 22:00:00+00:00,60083.25
2020-12-03 23:00:00+00:00,56970.0
2020-12-04 00:00:00+00:00,54994.25
2020-12-04 01:00:00+00:00,54586.25
2020-12-04 02:00:00+00:00,55021.5
2020-12-04 03:00:00+00:00,55967.75
2020-12-04 04:00:00+00:00,58656.75
2020-12-04 05:00:00+00:00,65691.75
2020-12-04 06:00:00+00:00,72246.25
2020-12-04 07:00:00+00:00,74806.5
2020-12-04 08:00:00+00:00,74781.75
2020-12-04 09:00:00+00:00,74358.75
2020-12-04 10:00:00+00:00,74598.0
2020-12-04 11:00:00+00:00,73937.0
2020-12-04 12:00:00+00:00,71978.75
2020-12-04 13:00:00+00:00,70710.5
2020-12-04 14:00:00+00:00,70537.5
2020-12-04 15:00:00+00:00,72284.0
2020-12-04 16:00:00+00:00,73854.75
2020-12-04 17:00:00+00:00,72598.75
2020-12-04 18:00:00+00:00,69545.25
2020-12-04 19:00:00+00:00,65201.25
2020-12-04 20:00:00+00:00,61189.75
2020-12-04 21:00:00+00:00,58857.5
2020-12-04 22:00:00+00:00,55172.75
2020-12-04 23:00:00+00:00,50919.25
2020-12-05 00:00:00+00:00,49657.0
2020-12-05 01:00:00+00:00,48577.5
2020-12-05 02:00:00+00:00,48170.75
2020-12-05 03:00:00+00:00,48282.25
2020-12-05 04:00:00+00:00,48471.75
2020-12-05 05:00:00+00:00,49334.25
2020-12-05 06:00:00+00:00,52963.0
2020-12-05 07:00:00+00:00,56923.0
2020-12-05 08:00:00+00:00,59322.5
2020-12-05 09:00:00+00:00,60311.5
2020-12-05 10:00:00+00:00,61736.5
2020-12-05 11:00:00+00:00,60954.25
2020-12-05 12:00:00+00:00,59425.5
2020-12-05 13:00:00+00:00,58210.0
2020-12-05 14:00:00+00:00,58530.5
2020-12-05 15:00:00+00:00,60689.5
2020-12-05 16:00:00+00:00,63113.25
2020-12-05 17:00:00+00:00,62676.5
2020-12-05 18:00:00+00:00,60424.75
2020-12-05 19:00:00+00:00,56391.25
2020-12-05 20:00:00+00:00,53577.5
2020-12-05 21:00:00+00:00,52009.25
2020-12-05 22:00:00+00:00,49386.25
2020-12-05 23:00:00+00:00,46494.0
2020-12-06 00:00:00+00:00,44779.5
2020-12-06 01:00:00+00:00,43827.75
2020-12-06 02:00:00+00:00,43503.25
2020-12-06 03:00:00+00:00,43824.5
2020-12-06 04:00:00+00:00,43812.0
2020-12-06 05:00:00+00:00,43535.25
2020-12-06 06:00:00+00:00,45831.75
2020-12-06 07:00:00+00:00,49653.75
2020-12-06 08:00:00+00:00,52976.25
2020-12-06 09:00:00+00:00,55255.25
2020-12-06 10:00:00+00:00,58114.5
2020-12-06 11:00:00+00:00,58138.75
2020-12-06 12:00:00+00:00,56075.75
2020-12-06 13:00:00+00:00,55082.25
2020-12-06 14:00:00+00:00,55318.0
2020-12-06 15:00:00+00:00,58074.0
2020-12-06 16:00:00+00:00,61070.0
2020-12-06 17:00:00+00:00,61257.25
2020-12-06 18:00:00+00:00,59600.5
2020-12-06 19:00:00+00:00,56925.5
2020-12-06 20:00:00+00:00,55177.0
2020-12-06 21:00:00+00:00,54806.0
2020-12-06 22:00:00+00:00,52282.0
2020-12-06 23:00:00+00:00,49655.5
2020-12-07 00:00:00+00:00,47975.25
2020-12-07 01:00:00+00:00,47697.0
2020-12-07 02:00:00+00:00,48267.0
2020-12-07 03:00:00+00:00,50393.0
2020-12-07 04:00:00+00:00,54642.5
2020-12-07 05:00:00+00:00,63404.25
2020-12-07 06:00:00+00:00,70754.5
2020-12-07 07:00:00+00:00,73036.0
2020-12-07 08:00:00+00:00,73414.25
2020-12-07 09:00:00+00:00,74225.5
2020-12-07 10:00:00+00:00,75246.0
2020-12-07 11:00:00+00:00,75174.5
2020-12-07 12:00:00+00:00,74321.75
2020-12-07 13:00:00+00:00,73035.0
2020-12-07 14:00:00+00:00,72683.75
2020-12-07 15:00:00+00:00,73703.5
2020-12-07 16:00:00+00:00,75242.25
2020-12-07 17:00:00+00:00,74402.0
2020-12-07 18:00:00+00:00,72256.25
2020-12-07 19:00:00+00:00,67764.75
2020-12-07 20:00:00+00:00,63825.25
2020-12-07 21:00:00+00:00,60583.5
2020-12-07 22:00:00+00:00,55934.0
2020-12-07 23:00:00+00:00,52418.5
2020-12-08 00:00:00+00:00,50676.25
2020-12-08 01:00:00+00:00,49579.25
2020-12-08 02:00:00+00:00,50143.75
2020-12-08 03:00:00+00:00,51526.0
2020-12-08 04:00:00+00:00,54901.25
2020-12-08 05:00:00+00:00,62361.25
2020-12-08 06:00:00+00:00,68763.75
2020-12-08 07:00:00+00:00,71451.0
2020-12-08 08:00:00+00:00,71628.5
2020-12-08 09:00:00+00:00,71919.75
2020-12-08 10:00:00+00:00,72540.75
2020-12-08 11:00:00+00:00,71995.75
2020-12-08 12:00:00+00:00,70775.5
2020-12-08 13:00:00+00:00,70032.25
2020-12-08 14:00:00+00:00,70334.5
2020-12-08 15:00:00+00:00,72359.5
2020-12-08 16:00:00+00:00,74017.0
2020-12-08 17:00:00+00:00,73738.25
2020-12-08 18:00:00+00:00,71450.25
2020-12-08 19:00:00+00:00,67009.25
2020-12-08 20:00:00+00:00,63132.25
2020-12-08 21:00:00+00:00,59888.0
2020-12-08 22:00:00+00:00,56118.0
2020-12-08 23:00:00+00:00,53278.25
2020-12-09 00:00:00+00:00,51467.5
2020-12-09 01:00:00+00:00,50518.75
2020-12-09 02:00:00+00:00,50808.5
2020-12-09 03:00:00+00:00,52206.0
2020-12-09 04:00:00+00:00,55926.75
2020-12-09 05:00:00+00:00,63205.25
2020-12-09 06:00:00+00:00,70079.25
2020-12-09 07:00:00+00:00,72188.75
2020-12-09 08:00:00+00:00,72705.25
2020-12-09 09:00:00+00:00,73756.0
2020-12-09 10:00:00+00:00,74751.0
2020-12-09 11:00:00+00:00,74565.25
2020-12-09 12:00:00+00:00,73600.0
2020-12-09 13:00:00+00:00,72665.75
2020-12-09 14:00:00+00:00,72271.25
2020-12-09 15:00:00+00:00,73069.5
2020-12-09 16:00:00+00:00,74408.5
2020-12-09 17:00:00+00:00,73491.0
2020-12-09 18:00:00+00:00,71438.5
2020-12-09 19:00:00+00:00,67342.0
2020-12-09 20:00:00+00:00,63657.0
2020-12-09 21:00:00+00:00,60618.25
2020-12-09 22:00:00+00:00,57164.25
2020-12-09 23:00:00+00:00,53897.25
2020-12-10 00:00:00+00:00,51435.0
2020-12-10 01:00:00+00:00,50518.25
2020-12-10 02:00:00+00:00,50771.0
2020-12-10 03:00:00+00:00,52343.0
2020-12-10 04:00:00+00:00,56134.25
2020-12-10 05:00:00+00:00,63380.0
2020-12-10 06:00:00+00:00,70049.5
2020-12-10 07:00:00+00:00,72342.75
2020-12-10 08:00:00+00:00,72608.25
2020-12-10 09:00:00+00:00,72694.25
2020-12-10 10:00:00+00:00,73591.75
2020-12-10 11:00:00+00:00,74132.0
2020-12-10 12:00:00+00:00,73542.0
2020-12-10 13:00:00+00:00,72075.0
2020-12-10 14:00:00+00:00,72132.25
2020-12-10 15:00:00+00:00,72898.25
2020-12-10 16:00:00+00:00,74360.75
2020-12-10 17:00:00+00:00,73652.75
2020-12-10 18:00:00+00:00,71541.5
2020-12-10 19:00:00+00:00,67664.5
2020-12-10 20:00:00+00:00,64286.5
2020-12-10 21:00:00+00:00,61055.0
2020-12-10 22:00:00+00:00,57114.75
2020-12-10 23:00:00+00:00,54340.5
2020-12-11 00:00:00+00:00,53051.5
2020-12-11 01:00:00+00:00,52234.25
2020-12-11 02:00:00+00:00,52464.25
2020-12-11 03:00:00+00:00,53704.5
2020-12-11 04:00:00+00:00,56807.0
2020-12-11 05:00:00+00:00,63653.75
2020-12-11 06:00:00+00:00,70505.5
2020-12-11 07:00:00+00:00,72947.0
2020-12-11 08:00:00+00:00,73485.25
2020-12-11 09:00:00+00:00,74175.75
2020-12-11 10:00:00+00:00,74158.75
2020-12-11 11:00:00+00:00,73655.0
2020-12-11 12:00:00+00:00,72280.0
2020-12-11 13:00:00+00:00,71186.0
2020-12-11 14:00:00+00:00,71259.25
2020-12-11 15:00:00+00:00,72956.75
2020-12-11 16:00:00+00:00,74729.0
2020-12-11 17:00:00+00:00,74000.5
2020-12-11 18:00:00+00:00,71133.25
2020-12-11 19:00:00+00:00,66560.25
2020-12-11 20:00:00+00:00,62893.0
2020-12-11 21:00:00+00:00,60134.0
2020-12-11 22:00:00+00:00,56233.5
2020-12-11 23:00:00+00:00,53098.25
2020-12-12 00:00:00+00:00,50338.75
2020-12-12 01:00:00+00:00,48718.0
2020-12-12 02:00:00+00:00,48197.75
2020-12-12 03:00:00+00:00,48845.0
2020-12-12 04:00:00+00:00,49513.0
2020-12-12 05:00:00+00:00,50831.0
2020-12-12 06:00:00+00:00,53567.0
2020-12-12 07:00:00+00:00,56463.0
2020-12-12 08:00:00+00:00,59419.25
2020-12-12 09:00:00+00:00,60929.0
2020-12-12 10:00:00+00:00,62001.5
2020-12-12 11:00:00+00:00,61504.0
2020-12-12 12:00:00+00:00,59976.0
2020-12-12 13:00:00+00:00,59061.75
2020-12-12 14:00:00+00:00,59047.75
2020-12-12 15:00:00+00:00,61174.75
2020-12-12 16:00:00+00:00,63196.75
2020-12-12 17:00:00+00:00,62950.0
2020-12-12 18:00:00+00:00,60845.0
2020-12-12 19:00:00+00:00,57097.5
2020-12-12 20:00:00+00:00,54200.25
2020-12-12 21:00:00+00:00,52528.0
2020-12-12 22:00:00+00:00,48813.0
2020-12-12 23:00:00+00:00,45500.5
2020-12-13 00:00:00+00:00,43472.75
2020-12-13 01:00:00+00:00,42712.75
2020-12-13 02:00:00+00:00,42417.0
2020-12-13 03:00:00+00:00,42395.0
2020-12-13 04:00:00+00:00,42596.0
2020-12-13 05:00:00+00:00,42774.25
2020-12-13 06:00:00+00:00,45134.5
2020-12-13 07:00:00+00:00,47864.5
2020-12-13 08:00:00+00:00,51128.25
2020-12-13 09:00:00+00:00,53772.5
2020-12-13 10:00:00+00:00,56406.5
2020-12-13 11:00:00+00:00,56599.75
2020-12-13 12:00:00+00:00,54971.0
2020-12-13 13:00:00+00:00,53753.75
2020-12-13 14:00:00+00:00,53754.0
2020-12-13 15:00:00+00:00,55772.5
2020-12-13 16:00:00+00:00,59041.5
2020-12-13 17:00:00+00:00,59632.0
2020-12-13 18:00:00+00:00,58295.75
2020-12-13 19:00:00+00:00,56025.25
2020-12-13 20:00:00+00:00,54731.25
2020-12-13 21:00:00+00:00,54425.75
2020-12-13 22:00:00+00:00,51041.0
2020-12-13 23:00:00+00:00,47784.0
2020-12-14 00:00:00+00:00,46439.75
2020-12-14 01:00:00+00:00,46358.25
2020-12-14 02:00:00+00:00,47068.0
2020-12-14 03:00:00+00:00,49205.75
2020-12-14 04:00:00+00:00,52705.0
2020-12-14 05:00:00+00:00,61517.0
2020-12-14 06:00:00+00:00,68511.25
2020-12-14 07:00:00+00:00,71232.0
2020-12-14 08:00:00+00:00,71335.25
2020-12-14 09:00:00+00:00,72184.25
2020-12-14 10:00:00+00:00,72749.25
2020-12-14 11:00:00+00:00,72545.5
2020-12-14 12:00:00+00:00,71629.25
2020-12-14 13:00:00+00:00,70255.75
2020-12-14 14:00:00+00:00,69776.0
2020-12-14 15:00:00+00:00,70913.0
2020-12-14 16:00:00+00:00,73160.75
2020-12-14 17:00:00+00:00,72535.0
2020-12-14 18:00:00+00:00,69922.0
2020-12-14 19:00:00+00:00,65532.25
2020-12-14 20:00:00+00:00,61373.25
2020-12-14 21:00:00+00:00,58637.5
2020-12-14 22:00:00+00:00,54293.5
2020-12-14 23:00:00+00:00,50828.0
2020-12-15 00:00:00+00:00,49580.75
2020-12-15 01:00:00+00:00,48746.25
2020-12-15 02:00:00+00:00,48969.25
2020-12-15 03:00:00+00:00,50715.0
2020-12-15 04:00:00+00:00,54696.25
2020-12-15 05:00:00+00:00,62626.0
2020-12-15 06:00:00+00:00,69537.75
2020-12-15 07:00:00+00:00,71911.0
2020-12-15 08:00:00+00:00,71696.75
2020-12-15 09:00:00+00:00,72701.25
2020-12-15 10:00:00+00:00,73565.5
2020-12-15 11:00:00+00:00,73372.25
2020-12-15 12:00:00+00:00,72384.0
2020-12-15 13:00:00+00:00,71093.0
2020-12-15 14:00:00+00:00,71158.25
2020-12-15 15:00:00+00:00,71932.5
2020-12-15 16:00:00+00:00,72669.0
2020-12-15 17:00:00+00:00,72136.0
2020-12-15 18:00:00+00:00,70222.75
2020-12-15 19:00:00+00:00,66021.75
2020-12-15 20:00:00+00:00,62080.25
2020-12-15 21:00:00+00:00,58629.75
2020-12-15 22:00:00+00:00,54208.75
2020-12-15 23:00:00+00:00,50755.75
2020-12-16 00:00:00+00:00,48714.5
2020-12-16 01:00:00+00:00,47527.25
2020-12-16 02:00:00+00:00,47998.5
2020-12-16 03:00:00+00:00,49020.25
2020-12-16 04:00:00+00:00,52259.25
2020-12-16 05:00:00+00:00,59900.5
2020-12-16 06:00:00+00:00,66415.75
2020-12-16 07:00:00+00:00,69080.75
2020-12-16 08:00:00+00:00,69744.0
2020-12-16 09:00:00+00:00,70363.0
2020-12-16 10:00:00+00:00,71051.0
2020-12-16 11:00:00+00:00,70412.0
2020-12-16 12:00:00+00:00,69555.5
2020-12-16 13:00:00+00:00,68389.0
2020-12-16 14:00:00+00:00,68074.75
2020-12-16 15:00:00+00:00,69520.5
2020-12-16 16:00:00+00:00,72000.5
2020-12-16 17:00:00+00:00,71861.5
2020-12-16 18:00:00+00:00,70113.75
2020-12-16 19:00:00+00:00,66203.75
2020-12-16 20:00:00+00:00,62605.5
2020-12-16 21:00:00+00:00,59668.75
2020-12-16 22:00:00+00:00,54896.5
2020-12-16 23:00:00+00:00,51593.5
2020-12-17 00:00:00+00:00,49965.75
2020-12-17 01:00:00+00:00,49219.25
2020-12-17 02:00:00+00:00,49823.75
2020-12-17 03:00:00+00:00,51340.75
2020-12-17 04:00:00+00:00,54188.75
2020-12-17 05:00:00+00:00,60003.75
2020-12-17 06:00:00+00:00,66486.5
2020-12-17 07:00:00+00:00,69647.25
2020-12-17 08:00:00+00:00,70000.25
2020-12-17 09:00:00+00:00,70589.75
2020-12-17 10:00:00+00:00,71422.5
2020-12-17 11:00:00+00:00,71275.25
2020-12-17 12:00:00+00:00,69747.25
2020-12-17 13:00:00+00:00,68967.75
2020-12-17 14:00:00+00:00,68826.0
2020-12-17 15:00:00+00:00,69937.5
2020-12-17 16:00:00+00:00,71702.0
2020-12-17 17:00:00+00:00,71339.0
2020-12-17 18:00:00+00:00,69409.75
2020-12-17 19:00:00+00:00,65800.25
2020-12-17 20:00:00+00:00,61849.25
2020-12-17 21:00:00+00:00,59325.5
2020-12-17 22:00:00+00:00,55052.25
2020-12-17 23:00:00+00:00,51983.25
2020-12-18 00:00:00+00:00,50160.5
2020-12-18 01:00:00+00:00,49396.0
2020-12-18 02:00:00+00:00,49608.25
2020-12-18 03:00:00+00:00,50791.0
2020-12-18 04:00:00+00:00,53466.75
2020-12-18 05:00:00+00:00,59694.5
2020-12-18 06:00:00+00:00,65149.75
2020-12-18 07:00:00+00:00,67186.75
2020-12-18 08:00:00+00:00,67292.0
2020-12-18 09:00:00+00:00,67665.5
2020-12-18 10:00:00+00:00,67577.75
2020-12-18 11:00:00+00:00,66824.25
2020-12-18 12:00:00+00:00,64976.5
2020-12-18 13:00:00+00:00,63119.0
2020-12-18 14:00:00+00:00,63167.0
2020-12-18 15:00:00+00:00,65881.25
2020-12-18 16:00:00+00:00,69528.75
2020-12-18 17:00:00+00:00,68990.0
2020-12-18 18:00:00+00:00,66647.0
2020-12-18 19:00:00+00:00,62182.0
2020-12-18 20:00:00+00:00,58688.25
2020-12-18 21:00:00+00:00,55812.0
2020-12-18 22:00:00+00:00,52046.75
2020-12-18 23:00:00+00:00,48862.0
2020-12-19 00:00:00+00:00,46927.25
2020-12-19 01:00:00+00:00,46244.5
2020-12-19 02:00:00+00:00,46139.25
2020-12-19 03:00:00+00:00,46619.5
2020-12-19 04:00:00+00:00,46721.25
2020-12-19 05:00:00+00:00,47745.25
2020-12-19 06:00:00+00:00,50529.5
2020-12-19 07:00:00+00:00,53578.75
2020-12-19 08:00:00+00:00,56260.75
2020-12-19 09:00:00+00:00,57499.0
2020-12-19 10:00:00+00:00,58494.75
2020-12-19 11:00:00+00:00,57914.0
2020-12-19 12:00:00+00:00,56416.5
2020-12-19 13:00:00+00:00,55525.25
2020-12-19 14:00:00+00:00,56198.5
2020-12-19 15:00:00+00:00,59504.25
2020-12-19 16:00:00+00:00,62632.0
2020-12-19 17:00:00+00:00,62671.5
2020-12-19 18:00:00+00:00,60318.0
2020-12-19 19:00:00+00:00,56057.0
2020-12-19 20:00:00+00:00,53315.25
2020-12-19 21:00:00+00:00,51929.5
2020-12-19 22:00:00+00:00,48864.5
2020-12-19 23:00:00+00:00,45340.0
2020-12-20 00:00:00+00:00,43421.25
2020-12-20 01:00:00+00:00,42567.0
2020-12-20 02:00:00+00:00,41911.75
2020-12-20 03:00:00+00:00,41967.0
2020-12-20 04:00:00+00:00,42131.5
2020-12-20 05:00:00+00:00,42041.0
2020-12-20 06:00:00+00:00,44143.75
2020-12-20 07:00:00+00:00,46922.75
2020-12-20 08:00:00+00:00,50314.0
2020-12-20 09:00:00+00:00,52720.25
2020-12-20 10:00:00+00:00,55131.25
2020-12-20 11:00:00+00:00,55149.75
2020-12-20 12:00:00+00:00,53491.5
2020-12-20 13:00:00+00:00,52041.75
2020-12-20 14:00:00+00:00,52349.5
2020-12-20 15:00:00+00:00,54656.5
2020-12-20 16:00:00+00:00,57649.5
2020-12-20 17:00:00+00:00,57683.75
2020-12-20 18:00:00+00:00,56326.0
2020-12-20 19:00:00+00:00,53781.75
2020-12-20 20:00:00+00:00,51976.0
2020-12-20 21:00:00+00:00,51336.75
2020-12-20 22:00:00+00:00,48598.0
2020-12-20 23:00:00+00:00,45379.0
2020-12-21 00:00:00+00:00,43501.0
2020-12-21 01:00:00+00:00,43144.5
2020-12-21 02:00:00+00:00,43263.0
2020-12-21 03:00:00+00:00,44658.0
2020-12-21 04:00:00+00:00,47272.5
2020-12-21 05:00:00+00:00,52684.0
2020-12-21 06:00:00+00:00,58111.5
2020-12-21 07:00:00+00:00,61364.75
2020-12-21 08:00:00+00:00,62246.5
2020-12-21 09:00:00+00:00,62975.25
2020-12-21 10:00:00+00:00,63846.0
2020-12-21 11:00:00+00:00,63692.25
2020-12-21 12:00:00+00:00,62620.0
2020-12-21 13:00:00+00:00,61983.0
2020-12-21 14:00:00+00:00,62762.5
2020-12-21 15:00:00+00:00,64802.25
2020-12-21 16:00:00+00:00,66591.25
2020-12-21 17:00:00+00:00,66169.0
2020-12-21 18:00:00+00:00,64263.0
2020-12-21 19:00:00+00:00,61545.25
2020-12-21 20:00:00+00:00,58425.75
2020-12-21 21:00:00+00:00,55838.5
2020-12-21 22:00:00+00:00,52438.5
2020-12-21 23:00:00+00:00,49640.0
2020-12-22 00:00:00+00:00,47717.0
2020-12-22 01:00:00+00:00,46849.0
2020-12-22 02:00:00+00:00,46986.25
2020-12-22 03:00:00+00:00,48215.25
2020-12-22 04:00:00+00:00,50898.75
2020-12-22 05:00:00+00:00,55465.5
2020-12-22 06:00:00+00:00,60391.25
2020-12-22 07:00:00+00:00,63981.5
2020-12-22 08:00:00+00:00,64748.75
2020-12-22 09:00:00+00:00,65171.75
2020-12-22 10:00:00+00:00,66117.25
2020-12-22 11:00:00+00:00,65929.75
2020-12-22 12:00:00+00:00,64433.25
2020-12-22 13:00:00+00:00,62942.75
2020-12-22 14:00:00+00:00,62659.75
2020-12-22 15:00:00+00:00,63713.5
2020-12-22 16:00:00+00:00,64583.25
2020-12-22 17:00:00+00:00,63742.5
2020-12-22 18:00:00+00:00,61315.0
2020-12-22 19:00:00+00:00,57402.5
2020-12-22 20:00:00+00:00,53635.0
2020-12-22 21:00:00+00:00,51306.75
2020-12-22 22:00:00+00:00,47380.25
2020-12-22 23:00:00+00:00,43826.5
2020-12-23 00:00:00+00:00,41909.75
2020-12-23 01:00:00+00:00,40934.0
2020-12-23 02:00:00+00:00,40932.25
2020-12-23 03:00:00+00:00,41879.25
2020-12-23 04:00:00+00:00,44238.0
2020-12-23 05:00:00+00:00,48271.25
2020-12-23 06:00:00+00:00,53231.25
2020-12-23 07:00:00+00:00,56459.25
2020-12-23 08:00:00+00:00,57878.25
2020-12-23 09:00:00+00:00,59337.5
2020-12-23 10:00:00+00:00,60427.0
2020-12-23 11:00:00+00:00,60167.75
2020-12-23 12:00:00+00:00,58861.0
2020-12-23 13:00:00+00:00,57734.75
2020-12-23 14:00:00+00:00,58079.5
2020-12-23 15:00:00+00:00,59769.0
2020-12-23 16:00:00+00:00,61157.0
2020-12-23 17:00:00+00:00,61643.25
2020-12-23 18:00:00+00:00,60102.0
2020-12-23 19:00:00+00:00,56542.25
2020-12-23 20:00:00+00:00,53224.75
2020-12-23 21:00:00+00:00,50605.5
2020-12-23 22:00:00+00:00,47340.75
2020-12-23 23:00:00+00:00,43768.75
2020-12-24 00:00:00+00:00,41588.75
2020-12-24 01:00:00+00:00,40331.5
2020-12-24 02:00:00+00:00,40498.5
2020-12-24 03:00:00+00:00,41607.75
2020-12-24 04:00:00+00:00,42386.25
2020-12-24 05:00:00+00:00,42971.75
2020-12-24 06:00:00+00:00,45875.5
2020-12-24 07:00:00+00:00,48980.0
2020-12-24 08:00:00+00:00,52092.75
2020-12-24 09:00:00+00:00,53675.0
2020-12-24 10:00:00+00:00,54853.5
2020-12-24 11:00:00+00:00,55018.5
2020-12-24 12:00:00+00:00,54131.0
2020-12-24 13:00:00+00:00,52936.25
2020-12-24 14:00:00+00:00,52195.5
2020-12-24 15:00:00+00:00,53897.75
2020-12-24 16:00:00+00:00,55216.25
2020-12-24 17:00:00+00:00,53512.0
2020-12-24 18:00:00+00:00,50245.0
2020-12-24 19:00:00+00:00,48075.25
2020-12-24 20:00:00+00:00,46968.25
2020-12-24 21:00:00+00:00,46329.0
2020-12-24 22:00:00+00:00,44053.5
2020-12-24 23:00:00+00:00,41472.0
2020-12-25 00:00:00+00:00,39916.5
2020-12-25 01:00:00+00:00,38756.75
2020-12-25 02:00:00+00:00,38739.75
2020-12-25 03:00:00+00:00,38839.0
2020-12-25 04:00:00+00:00,38947.25
2020-12-25 05:00:00+00:00,38990.5
2020-12-25 06:00:00+00:00,40649.5
2020-12-25 07:00:00+00:00,43121.5
2020-12-25 08:00:00+00:00,46991.25
2020-12-25 09:00:00+00:00,49637.5
2020-12-25 10:00:00+00:00,52153.5
2020-12-25 11:00:00+00:00,51709.75
2020-12-25 12:00:00+00:00,48669.75
2020-12-25 13:00:00+00:00,47333.75
2020-12-25 14:00:00+00:00,47459.5
2020-12-25 15:00:00+00:00,49307.75
2020-12-25 16:00:00+00:00,51423.75
2020-12-25 17:00:00+00:00,51766.75
2020-12-25 18:00:00+00:00,50858.75
2020-12-25 19:00:00+00:00,49155.0
2020-12-25 20:00:00+00:00,47575.5
2020-12-25 21:00:00+00:00,47144.5
2020-12-25 22:00:00+00:00,44370.75
2020-12-25 23:00:00+00:00,41798.25
2020-12-26 00:00:00+00:00,39906.0
2020-12-26 01:00:00+00:00,38741.5
2020-12-26 02:00:00+00:00,38567.0
2020-12-26 03:00:00+00:00,39095.75
2020-12-26 04:00:00+00:00,39318.25
2020-12-26 05:00:00+00:00,39032.25
2020-12-26 06:00:00+00:00,40270.5
2020-12-26 07:00:00+00:00,43089.5
2020-12-26 08:00:00+00:00,46992.25
2020-12-26 09:00:00+00:00,50045.75
2020-12-26 10:00:00+00:00,52768.25
2020-12-26 11:00:00+00:00,52521.5
2020-12-26 12:00:00+00:00,50389.5
2020-12-26 13:00:00+00:00,49337.0
2020-12-26 14:00:00+00:00,49773.5
2020-12-26 15:00:00+00:00,52241.25
2020-12-26 16:00:00+00:00,55036.0
2020-12-26 17:00:00+00:00,55812.0
2020-12-26 18:00:00+00:00,54795.75
2020-12-26 19:00:00+00:00,53022.25
2020-12-26 20:00:00+00:00,52358.75
2020-12-26 21:00:00+00:00,51988.0
2020-12-26 22:00:00+00:00,49603.5
2020-12-26 23:00:00+00:00,46587.0
2020-12-27 00:00:00+00:00,44581.25
2020-12-27 01:00:00+00:00,43407.25
2020-12-27 02:00:00+00:00,43220.75
2020-12-27 03:00:00+00:00,43218.5
2020-12-27 04:00:00+00:00,43390.75
2020-12-27 05:00:00+00:00,43241.75
2020-12-27 06:00:00+00:00,45101.5
2020-12-27 07:00:00+00:00,47617.75
2020-12-27 08:00:00+00:00,51409.75
2020-12-27 09:00:00+00:00,53994.0
2020-12-27 10:00:00+00:00,56574.0
2020-12-27 11:00:00+00:00,57476.5
2020-12-27 12:00:00+00:00,56190.25
2020-12-27 13:00:00+00:00,55065.5
2020-12-27 14:00:00+00:00,55158.5
2020-12-27 15:00:00+00:00,57349.0
2020-12-27 16:00:00+00:00,60117.75
2020-12-27 17:00:00+00:00,59963.5
2020-12-27 18:00:00+00:00,58037.25
2020-12-27 19:00:00+00:00,55499.75
2020-12-27 20:00:00+00:00,53424.25
2020-12-27 21:00:00+00:00,52168.5
2020-12-27 22:00:00+00:00,48806.25
2020-12-27 23:00:00+00:00,46041.25
2020-12-28 00:00:00+00:00,43593.0
2020-12-28 01:00:00+00:00,42351.75
2020-12-28 02:00:00+00:00,41776.5
2020-12-28 03:00:00+00:00,42680.5
2020-12-28 04:00:00+00:00,44358.25
2020-12-28 05:00:00+00:00,46932.5
2020-12-28 06:00:00+00:00,50224.5
2020-12-28 07:00:00+00:00,53233.25
2020-12-28 08:00:00+00:00,55220.5
2020-12-28 09:00:00+00:00,56699.5
2020-12-28 10:00:00+00:00,57974.75
2020-12-28 11:00:00+00:00,58184.25
2020-12-28 12:00:00+00:00,56868.25
2020-12-28 13:00:00+00:00,55447.5
2020-12-28 14:00:00+00:00,55628.25
2020-12-28 15:00:00+00:00,57504.25
2020-12-28 16:00:00+00:00,59366.0
2020-12-28 17:00:00+00:00,59229.25
2020-12-28 18:00:00+00:00,57481.0
2020-12-28 19:00:00+00:00,54550.5
2020-12-28 20:00:00+00:00,51581.5
2020-12-28 21:00:00+00:00,49320.75
2020-12-28 22:00:00+00:00,46145.5
2020-12-28 23:00:00+00:00,43785.25
2020-12-29 00:00:00+00:00,41973.0
2020-12-29 01:00:00+00:00,41339.5
2020-12-29 02:00:00+00:00,40978.75
2020-12-29 03:00:00+00:00,41826.25
2020-12-29 04:00:00+00:00,43501.25
2020-12-29 05:00:00+00:00,45857.0
2020-12-29 06:00:00+00:00,49206.5
2020-12-29 07:00:00+00:00,52149.75
2020-12-29 08:00:00+00:00,54130.5
2020-12-29 09:00:00+00:00,55798.0
2020-12-29 10:00:00+00:00,57116.5
2020-12-29 11:00:00+00:00,57749.75
2020-12-29 12:00:00+00:00,56983.75
2020-12-29 13:00:00+00:00,55868.25
2020-12-29 14:00:00+00:00,55519.75
2020-12-29 15:00:00+00:00,57865.0
2020-12-29 16:00:00+00:00,60340.5
2020-12-29 17:00:00+00:00,60911.5
2020-12-29 18:00:00+00:00,59234.75
2020-12-29 19:00:00+00:00,56559.5
2020-12-29 20:00:00+00:00,53720.0
2020-12-29 21:00:00+00:00,51610.75
2020-12-29 22:00:00+00:00,49156.25
2020-12-29 23:00:00+00:00,46091.0
2020-12-30 00:00:00+00:00,44083.5
2020-12-30 01:00:00+00:00,43577.75
2020-12-30 02:00:00+00:00,43387.25
2020-12-30 03:00:00+00:00,44112.5
2020-12-30 04:00:00+00:00,45536.25
2020-12-30 05:00:00+00:00,47941.75
2020-12-30 06:00:00+00:00,51240.75
2020-12-30 07:00:00+00:00,54013.25
2020-12-30 08:00:00+00:00,55719.75
2020-12-30 09:00:00+00:00,56549.0
2020-12-30 10:00:00+00:00,57653.25
2020-12-30 11:00:00+00:00,57586.25
2020-12-30 12:00:00+00:00,56693.75
2020-12-30 13:00:00+00:00,56357.5
2020-12-30 14:00:00+00:00,56504.25
2020-12-30 15:00:00+00:00,58147.5
2020-12-30 16:00:00+00:00,61056.5
2020-12-30 17:00:00+00:00,61033.25
2020-12-30 18:00:00+00:00,59227.25
2020-12-30 19:00:00+00:00,55495.75
2020-12-30 20:00:00+00:00,52412.25
2020-12-30 21:00:00+00:00,50762.0
2020-12-30 22:00:00+00:00,47878.75
2020-12-30 23:00:00+00:00,44842.25
2020-12-31 00:00:00+00:00,42526.0
2020-12-31 01:00:00+00:00,41656.5
2020-12-31 02:00:00+00:00,41100.25
2020-12-31 03:00:00+00:00,41644.25
2020-12-31 04:00:00+00:00,42322.25
2020-12-31 05:00:00+00:00,42673.0
2020-12-31 06:00:00+00:00,44647.25
2020-12-31 07:00:00+00:00,47754.5
2020-12-31 08:00:00+00:00,50848.25
2020-12-31 09:00:00+00:00,52802.75
2020-12-31 10:00:00+00:00,54103.75
2020-12-31 11:00:00+00:00,54508.75
2020-12-31 12:00:00+00:00,53242.25
2020-12-31 13:00:00+00:00,52067.5
2020-12-31 14:00:00+00:00,51958.25
2020-12-31 15:00:00+00:00,54484.0
2020-12-31 16:00:00+00:00,57561.0
2020-12-31 17:00:00+00:00,58040.0
2020-12-31 18:00:00+00:00,55177.5
2020-12-31 19:00:00+00:00,51094.75
2020-12-31 20:00:00+00:00,48684.0
2020-12-31 21:00:00+00:00,47464.25
2020-12-31 22:00:00+00:00,45230.75
2020-12-31 23:00:00+00:00,44569.25
2021-01-01 00:00:00+00:00,42806.0
2021-01-01 01:00:00+00:00,41049.75
2021-01-01 02:00:00+00:00,40233.75
2021-01-01 03:00:00+00:00,40210.5
2021-01-01 04:00:00+00:00,39580.25
2021-01-01 05:00:00+00:00,38959.25
2021-01-01 06:00:00+00:00,39475.75
2021-01-01 07:00:00+00:00,40596.25
2021-01-01 08:00:00+00:00,42974.0
2021-01-01 09:00:00+00:00,45558.75
2021-01-01 10:00:00+00:00,48030.5
2021-01-01 11:00:00+00:00,49219.0
2021-01-01 12:00:00+00:00,48364.0
2021-01-01 13:00:00+00:00,47410.5
2021-01-01 14:00:00+00:00,47699.0
2021-01-01 15:00:00+00:00,49532.25
2021-01-01 16:00:00+00:00,53116.75
2021-01-01 17:00:00+00:00,53819.25
2021-01-01 18:00:00+00:00,52784.75
2021-01-01 19:00:00+00:00,50494.5
2021-01-01 20:00:00+00:00,48730.25
2021-01-01 21:00:00+00:00,48094.75
2021-01-01 22:00:00+00:00,45632.5
2021-01-01 23:00:00+00:00,42834.25
2021-01-02 00:00:00+00:00,41010.0
2021-01-02 01:00:00+00:00,40016.25
2021-01-02 02:00:00+00:00,39869.25
2021-01-02 03:00:00+00:00,40546.75
2021-01-02 04:00:00+00:00,40974.5
2021-01-02 05:00:00+00:00,42243.25
2021-01-02 06:00:00+00:00,44091.0
2021-01-02 07:00:00+00:00,46218.5
2021-01-02 08:00:00+00:00,49193.75
2021-01-02 09:00:00+00:00,51534.5
2021-01-02 10:00:00+00:00,53585.0
2021-01-02 11:00:00+00:00,54506.0
2021-01-02 12:00:00+00:00,53621.5
2021-01-02 13:00:00+00:00,52669.5
2021-01-02 14:00:00+00:00,52721.0
2021-01-02 15:00:00+00:00,54501.0
2021-01-02 16:00:00+00:00,57632.5
2021-01-02 17:00:00+00:00,58019.0
2021-01-02 18:00:00+00:00,56094.0
2021-01-02 19:00:00+00:00,52660.75
2021-01-02 20:00:00+00:00,50284.0
2021-01-02 21:00:00+00:00,49460.0
2021-01-02 22:00:00+00:00,47476.0
2021-01-02 23:00:00+00:00,44472.5
2021-01-03 00:00:00+00:00,42439.25
2021-01-03 01:00:00+00:00,41293.5
2021-01-03 02:00:00+00:00,41350.0
2021-01-03 03:00:00+00:00,41852.25
2021-01-03 04:00:00+00:00,42443.25
2021-01-03 05:00:00+00:00,42406.5
2021-01-03 06:00:00+00:00,43735.75
2021-01-03 07:00:00+00:00,46670.25
2021-01-03 08:00:00+00:00,50067.25
2021-01-03 09:00:00+00:00,52859.75
2021-01-03 10:00:00+00:00,56155.5
2021-01-03 11:00:00+00:00,56799.25
2021-01-03 12:00:00+00:00,55864.5
2021-01-03 13:00:00+00:00,54737.5
2021-01-03 14:00:00+00:00,55037.25
2021-01-03 15:00:00+00:00,56355.75
2021-01-03 16:00:00+00:00,59484.75
2021-01-03 17:00:00+00:00,59418.5
2021-01-03 18:00:00+00:00,57491.25
2021-01-03 19:00:00+00:00,55125.5
2021-01-03 20:00:00+00:00,53522.0
2021-01-03 21:00:00+00:00,52582.5
2021-01-03 22:00:00+00:00,50161.75
2021-01-03 23:00:00+00:00,47665.0
2021-01-04 00:00:00+00:00,46006.0
2021-01-04 01:00:00+00:00,45800.25
2021-01-04 02:00:00+00:00,45794.75
2021-01-04 03:00:00+00:00,47027.0
2021-01-04 04:00:00+00:00,49611.25
2021-01-04 05:00:00+00:00,55236.25
2021-01-04 06:00:00+00:00,61481.0
2021-01-04 07:00:00+00:00,65082.0
2021-01-04 08:00:00+00:00,67169.25
2021-01-04 09:00:00+00:00,68520.75
2021-01-04 10:00:00+00:00,70311.25
2021-01-04 11:00:00+00:00,70973.75
2021-01-04 12:00:00+00:00,70251.0
2021-01-04 13:00:00+00:00,69244.25
2021-01-04 14:00:00+00:00,69013.0
2021-01-04 15:00:00+00:00,69889.75
2021-01-04 16:00:00+00:00,71774.25
2021-01-04 17:00:00+00:00,71300.25
2021-01-04 18:00:00+00:00,69329.0
2021-01-04 19:00:00+00:00,65846.0
2021-01-04 20:00:00+00:00,62577.0
2021-01-04 21:00:00+00:00,59978.5
2021-01-04 22:00:00+00:00,56478.25
2021-01-04 23:00:00+00:00,52489.0
2021-01-05 00:00:00+00:00,51016.5
2021-01-05 01:00:00+00:00,49971.25
2021-01-05 02:00:00+00:00,50299.5
2021-01-05 03:00:00+00:00,50979.25
2021-01-05 04:00:00+00:00,53508.0
2021-01-05 05:00:00+00:00,58907.5
2021-01-05 06:00:00+00:00,63943.75
2021-01-05 07:00:00+00:00,67088.25
2021-01-05 08:00:00+00:00,68746.75
2021-01-05 09:00:00+00:00,69790.5
2021-01-05 10:00:00+00:00,71344.5
2021-01-05 11:00:00+00:00,71665.75
2021-01-05 12:00:00+00:00,70739.0
2021-01-05 13:00:00+00:00,69790.75
2021-01-05 14:00:00+00:00,69341.75
2021-01-05 15:00:00+00:00,70068.5
2021-01-05 16:00:00+00:00,71768.25
2021-01-05 17:00:00+00:00,71259.75
2021-01-05 18:00:00+00:00,69230.0
2021-01-05 19:00:00+00:00,65948.75
2021-01-05 20:00:00+00:00,62883.0
2021-01-05 21:00:00+00:00,60580.25
2021-01-05 22:00:00+00:00,56779.75
2021-01-05 23:00:00+00:00,53309.75
2021-01-06 00:00:00+00:00,50959.0
2021-01-06 01:00:00+00:00,49974.0
2021-01-06 02:00:00+00:00,50013.75
2021-01-06 03:00:00+00:00,50776.25
2021-01-06 04:00:00+00:00,51908.75
2021-01-06 05:00:00+00:00,55726.75
2021-01-06 06:00:00+00:00,59763.25
2021-01-06 07:00:00+00:00,63076.25
2021-01-06 08:00:00+00:00,64528.25
2021-01-06 09:00:00+00:00,65847.0
2021-01-06 10:00:00+00:00,67817.5
2021-01-06 11:00:00+00:00,67517.25
2021-01-06 12:00:00+00:00,66231.75
2021-01-06 13:00:00+00:00,65865.0
2021-01-06 14:00:00+00:00,64927.0
2021-01-06 15:00:00+00:00,65447.5
2021-01-06 16:00:00+00:00,67835.0
2021-01-06 17:00:00+00:00,67924.0
2021-01-06 18:00:00+00:00,66017.5
2021-01-06 19:00:00+00:00,62859.0
2021-01-06 20:00:00+00:00,60308.25
2021-01-06 21:00:00+00:00,58882.0
2021-01-06 22:00:00+00:00,55617.5
2021-01-06 23:00:00+00:00,52749.75
2021-01-07 00:00:00+00:00,50957.25
2021-01-07 01:00:00+00:00,50545.75
2021-01-07 02:00:00+00:00,50470.0
2021-01-07 03:00:00+00:00,51464.0
2021-01-07 04:00:00+00:00,54368.75
2021-01-07 05:00:00+00:00,59677.75
2021-01-07 06:00:00+00:00,64568.0
2021-01-07 07:00:00+00:00,67727.5
2021-01-07 08:00:00+00:00,68877.75
2021-01-07 09:00:00+00:00,70015.75
2021-01-07 10:00:00+00:00,71635.0
2021-01-07 11:00:00+00:00,72173.75
2021-01-07 12:00:00+00:00,70951.75
2021-01-07 13:00:00+00:00,69612.5
2021-01-07 14:00:00+00:00,69048.5
2021-01-07 15:00:00+00:00,69355.75
2021-01-07 16:00:00+00:00,71669.5
2021-01-07 17:00:00+00:00,71255.0
2021-01-07 18:00:00+00:00,69161.5
2021-01-07 19:00:00+00:00,65823.25
2021-01-07 20:00:00+00:00,63099.75
2021-01-07 21:00:00+00:00,61066.25
2021-01-07 22:00:00+00:00,57113.0
2021-01-07 23:00:00+00:00,54104.0
2021-01-08 00:00:00+00:00,52220.0
2021-01-08 01:00:00+00:00,50893.75
2021-01-08 02:00:00+00:00,50902.5
2021-01-08 03:00:00+00:00,52039.25
2021-01-08 04:00:00+00:00,54374.75
2021-01-08 05:00:00+00:00,59661.75
2021-01-08 06:00:00+00:00,64698.0
2021-01-08 07:00:00+00:00,67423.25
2021-01-08 08:00:00+00:00,68802.5
2021-01-08 09:00:00+00:00,70060.0
2021-01-08 10:00:00+00:00,70878.5
2021-01-08 11:00:00+00:00,70716.5
2021-01-08 12:00:00+00:00,68963.75
2021-01-08 13:00:00+00:00,67465.0
2021-01-08 14:00:00+00:00,66977.25
2021-01-08 15:00:00+00:00,67767.75
2021-01-08 16:00:00+00:00,70081.75
2021-01-08 17:00:00+00:00,69623.5
2021-01-08 18:00:00+00:00,67557.0
2021-01-08 19:00:00+00:00,63780.75
2021-01-08 20:00:00+00:00,60699.25
2021-01-08 21:00:00+00:00,58541.0
2021-01-08 22:00:00+00:00,55384.5
2021-01-08 23:00:00+00:00,52108.75
2021-01-09 00:00:00+00:00,50334.0
2021-01-09 01:00:00+00:00,49123.25
2021-01-09 02:00:00+00:00,48659.25
2021-01-09 03:00:00+00:00,48686.25
2021-01-09 04:00:00+00:00,48685.5
2021-01-09 05:00:00+00:00,49066.75
2021-01-09 06:00:00+00:00,51240.5
2021-01-09 07:00:00+00:00,54296.5
2021-01-09 08:00:00+00:00,57331.75
2021-01-09 09:00:00+00:00,59181.75
2021-01-09 10:00:00+00:00,60728.75
2021-01-09 11:00:00+00:00,60909.75
2021-01-09 12:00:00+00:00,59607.5
2021-01-09 13:00:00+00:00,58553.0
2021-01-09 14:00:00+00:00,58154.0
2021-01-09 15:00:00+00:00,59483.75
2021-01-09 16:00:00+00:00,62756.5
2021-01-09 17:00:00+00:00,63010.75
2021-01-09 18:00:00+00:00,60830.75
2021-01-09 19:00:00+00:00,57520.5
2021-01-09 20:00:00+00:00,55034.25
2021-01-09 21:00:00+00:00,54017.5
2021-01-09 22:00:00+00:00,51650.5
2021-01-09 23:00:00+00:00,48876.0
2021-01-10 00:00:00+00:00,46785.0
2021-01-10 01:00:00+00:00,45644.0
2021-01-10 02:00:00+00:00,45054.5
2021-01-10 03:00:00+00:00,45497.25
2021-01-10 04:00:00+00:00,45505.75
2021-01-10 05:00:00+00:00,45043.5
2021-01-10 06:00:00+00:00,46513.5
2021-01-10 07:00:00+00:00,49430.75
2021-01-10 08:00:00+00:00,53296.75
2021-01-10 09:00:00+00:00,55994.5
2021-01-10 10:00:00+00:00,58725.5
2021-01-10 11:00:00+00:00,58873.75
2021-01-10 12:00:00+00:00,57291.75
2021-01-10 13:00:00+00:00,55977.75
2021-01-10 14:00:00+00:00,55990.75
2021-01-10 15:00:00+00:00,57931.25
2021-01-10 16:00:00+00:00,62572.75
2021-01-10 17:00:00+00:00,63646.25
2021-01-10 18:00:00+00:00,62345.25
2021-01-10 19:00:00+00:00,59726.25
2021-01-10 20:00:00+00:00,58347.75
2021-01-10 21:00:00+00:00,58357.0
2021-01-10 22:00:00+00:00,55299.75
2021-01-10 23:00:00+00:00,53268.0
2021-01-11 00:00:00+00:00,52065.25
2021-01-11 01:00:00+00:00,51669.5
2021-01-11 02:00:00+00:00,51378.5
2021-01-11 03:00:00+00:00,52819.75
2021-01-11 04:00:00+00:00,56466.75
2021-01-11 05:00:00+00:00,63861.5
2021-01-11 06:00:00+00:00,70681.0
2021-01-11 07:00:00+00:00,74040.0
2021-01-11 08:00:00+00:00,74801.25
2021-01-11 09:00:00+00:00,75633.25
2021-01-11 10:00:00+00:00,76917.5
2021-01-11 11:00:00+00:00,76965.5
2021-01-11 12:00:00+00:00,76008.5
2021-01-11 13:00:00+00:00,74863.5
2021-01-11 14:00:00+00:00,74659.25
2021-01-11 15:00:00+00:00,75326.0
2021-01-11 16:00:00+00:00,77649.5
2021-01-11 17:00:00+00:00,77172.5
2021-01-11 18:00:00+00:00,75534.0
2021-01-11 19:00:00+00:00,71749.25
2021-01-11 20:00:00+00:00,68409.0
2021-01-11 21:00:00+00:00,65873.0
2021-01-11 22:00:00+00:00,62405.0
2021-01-11 23:00:00+00:00,59534.25
2021-01-12 00:00:00+00:00,57941.75
2021-01-12 01:00:00+00:00,56757.75
2021-01-12 02:00:00+00:00,56731.25
2021-01-12 03:00:00+00:00,57986.5
2021-01-12 04:00:00+00:00,60801.75
2021-01-12 05:00:00+00:00,66671.75
2021-01-12 06:00:00+00:00,72427.75
2021-01-12 07:00:00+00:00,74940.0
2021-01-12 08:00:00+00:00,74957.75
2021-01-12 09:00:00+00:00,75326.25
2021-01-12 10:00:00+00:00,76466.25
2021-01-12 11:00:00+00:00,76358.25
2021-01-12 12:00:00+00:00,75074.0
2021-01-12 13:00:00+00:00,73437.5
2021-01-12 14:00:00+00:00,72176.5
2021-01-12 15:00:00+00:00,72105.75
2021-01-12 16:00:00+00:00,75063.75
2021-01-12 17:00:00+00:00,74728.0
2021-01-12 18:00:00+00:00,73391.25
2021-01-12 19:00:00+00:00,69895.0
2021-01-12 20:00:00+00:00,66829.75
2021-01-12 21:00:00+00:00,64139.5
2021-01-12 22:00:00+00:00,60805.5
2021-01-12 23:00:00+00:00,58573.0
2021-01-13 00:00:00+00:00,56985.5
2021-01-13 01:00:00+00:00,56115.75
2021-01-13 02:00:00+00:00,56323.0
2021-01-13 03:00:00+00:00,57180.75
2021-01-13 04:00:00+00:00,59990.75
2021-01-13 05:00:00+00:00,65706.0
2021-01-13 06:00:00+00:00,71847.75
2021-01-13 07:00:00+00:00,74592.75
2021-01-13 08:00:00+00:00,75210.5
2021-01-13 09:00:00+00:00,75738.75
2021-01-13 10:00:00+00:00,77520.25
2021-01-13 11:00:00+00:00,77440.25
2021-01-13 12:00:00+00:00,76035.5
2021-01-13 13:00:00+00:00,74763.25
2021-01-13 14:00:00+00:00,74005.25
2021-01-13 15:00:00+00:00,73973.0
2021-01-13 16:00:00+00:00,76626.75
2021-01-13 17:00:00+00:00,75451.5
2021-01-13 18:00:00+00:00,73769.5
2021-01-13 19:00:00+00:00,69776.75
2021-01-13 20:00:00+00:00,66364.5
2021-01-13 21:00:00+00:00,64322.5
2021-01-13 22:00:00+00:00,61248.75
2021-01-13 23:00:00+00:00,58644.75
2021-01-14 00:00:00+00:00,56531.25
2021-01-14 01:00:00+00:00,55727.25
2021-01-14 02:00:00+00:00,55975.25
2021-01-14 03:00:00+00:00,56646.25
2021-01-14 04:00:00+00:00,58983.0
2021-01-14 05:00:00+00:00,65087.25
2021-01-14 06:00:00+00:00,70866.5
2021-01-14 07:00:00+00:00,73202.25
2021-01-14 08:00:00+00:00,73622.25
2021-01-14 09:00:00+00:00,74222.0
2021-01-14 10:00:00+00:00,75347.5
2021-01-14 11:00:00+00:00,75389.0
2021-01-14 12:00:00+00:00,74066.5
2021-01-14 13:00:00+00:00,72573.5
2021-01-14 14:00:00+00:00,71772.75
2021-01-14 15:00:00+00:00,71735.0
2021-01-14 16:00:00+00:00,74127.75
2021-01-14 17:00:00+00:00,73572.75
2021-01-14 18:00:00+00:00,71668.25
2021-01-14 19:00:00+00:00,67822.75
2021-01-14 20:00:00+00:00,64869.5
2021-01-14 21:00:00+00:00,62300.75
2021-01-14 22:00:00+00:00,59296.75
2021-01-14 23:00:00+00:00,56614.25
2021-01-15 00:00:00+00:00,54757.25
2021-01-15 01:00:00+00:00,53626.0
2021-01-15 02:00:00+00:00,53823.5
2021-01-15 03:00:00+00:00,54809.5
2021-01-15 04:00:00+00:00,57725.25
2021-01-15 05:00:00+00:00,63522.0
2021-01-15 06:00:00+00:00,69446.75
2021-01-15 07:00:00+00:00,72521.75
2021-01-15 08:00:00+00:00,73346.75
2021-01-15 09:00:00+00:00,73567.25
2021-01-15 10:00:00+00:00,74268.0
2021-01-15 11:00:00+00:00,73968.75
2021-01-15 12:00:00+00:00,72213.75
2021-01-15 13:00:00+00:00,70866.0
2021-01-15 14:00:00+00:00,69988.25
2021-01-15 15:00:00+00:00,70248.75
2021-01-15 16:00:00+00:00,73007.75
2021-01-15 17:00:00+00:00,72830.25
2021-01-15 18:00:00+00:00,70302.25
2021-01-15 19:00:00+00:00,66101.25
2021-01-15 20:00:00+00:00,62626.0
2021-01-15 21:00:00+00:00,60602.75
2021-01-15 22:00:00+00:00,57797.5
2021-01-15 23:00:00+00:00,54836.5
2021-01-16 00:00:00+00:00,52616.25
2021-01-16 01:00:00+00:00,51163.5
2021-01-16 02:00:00+00:00,50554.0
2021-01-16 03:00:00+00:00,50374.5
2021-01-16 04:00:00+00:00,50354.25
2021-01-16 05:00:00+00:00,50956.25
2021-01-16 06:00:00+00:00,53691.75
2021-01-16 07:00:00+00:00,56995.25
2021-01-16 08:00:00+00:00,60326.75
2021-01-16 09:00:00+00:00,62453.25
2021-01-16 10:00:00+00:00,63977.0
2021-01-16 11:00:00+00:00,64021.0
2021-01-16 12:00:00+00:00,62463.25
2021-01-16 13:00:00+00:00,61203.0
2021-01-16 14:00:00+00:00,60862.5
2021-01-16 15:00:00+00:00,62016.75
2021-01-16 16:00:00+00:00,65609.25
2021-01-16 17:00:00+00:00,66131.0
2021-01-16 18:00:00+00:00,63645.75
2021-01-16 19:00:00+00:00,60134.75
2021-01-16 20:00:00+00:00,57088.75
2021-01-16 21:00:00+00:00,56420.25
2021-01-16 22:00:00+00:00,53881.5
2021-01-16 23:00:00+00:00,51237.5
2021-01-17 00:00:00+00:00,49164.75
2021-01-17 01:00:00+00:00,47823.0
2021-01-17 02:00:00+00:00,47280.75
2021-01-17 03:00:00+00:00,47321.75
2021-01-17 04:00:00+00:00,46819.75
2021-01-17 05:00:00+00:00,46270.0
2021-01-17 06:00:00+00:00,47814.25
2021-01-17 07:00:00+00:00,50842.25
2021-01-17 08:00:00+00:00,55033.75
2021-01-17 09:00:00+00:00,57835.0
2021-01-17 10:00:00+00:00,60244.75
2021-01-17 11:00:00+00:00,60366.5
2021-01-17 12:00:00+00:00,58392.5
2021-01-17 13:00:00+00:00,56578.75
2021-01-17 14:00:00+00:00,56475.25
2021-01-17 15:00:00+00:00,57655.5
2021-01-17 16:00:00+00:00,61629.5
2021-01-17 17:00:00+00:00,62443.25
2021-01-17 18:00:00+00:00,60922.0
2021-01-17 19:00:00+00:00,58582.75
2021-01-17 20:00:00+00:00,57040.0
2021-01-17 21:00:00+00:00,57207.0
2021-01-17 22:00:00+00:00,54526.25
2021-01-17 23:00:00+00:00,52060.0
2021-01-18 00:00:00+00:00,50756.5
2021-01-18 01:00:00+00:00,49691.25
2021-01-18 02:00:00+00:00,49562.5
2021-01-18 03:00:00+00:00,51054.25
2021-01-18 04:00:00+00:00,54766.0
2021-01-18 05:00:00+00:00,62082.75
2021-01-18 06:00:00+00:00,69012.25
2021-01-18 07:00:00+00:00,72354.25
2021-01-18 08:00:00+00:00,73313.25
2021-01-18 09:00:00+00:00,74155.0
2021-01-18 10:00:00+00:00,75450.0
2021-01-18 11:00:00+00:00,75988.75
2021-01-18 12:00:00+00:00,74806.0
2021-01-18 13:00:00+00:00,73711.5
2021-01-18 14:00:00+00:00,73088.75
2021-01-18 15:00:00+00:00,73622.75
2021-01-18 16:00:00+00:00,75769.75
2021-01-18 17:00:00+00:00,75497.0
2021-01-18 18:00:00+00:00,73245.0
2021-01-18 19:00:00+00:00,69458.5
2021-01-18 20:00:00+00:00,65888.25
2021-01-18 21:00:00+00:00,63143.5
2021-01-18 22:00:00+00:00,59439.0
2021-01-18 23:00:00+00:00,56528.25
2021-01-19 00:00:00+00:00,54723.0
2021-01-19 01:00:00+00:00,53834.75
2021-01-19 02:00:00+00:00,54095.25
2021-01-19 03:00:00+00:00,55732.0
2021-01-19 04:00:00+00:00,58880.25
2021-01-19 05:00:00+00:00,64840.5
2021-01-19 06:00:00+00:00,71392.0
2021-01-19 07:00:00+00:00,74684.75
2021-01-19 08:00:00+00:00,75217.75
2021-01-19 09:00:00+00:00,76437.25
2021-01-19 10:00:00+00:00,77731.5
2021-01-19 11:00:00+00:00,77800.75
2021-01-19 12:00:00+00:00,76328.75
2021-01-19 13:00:00+00:00,75066.25
2021-01-19 14:00:00+00:00,74054.5
2021-01-19 15:00:00+00:00,73318.5
2021-01-19 16:00:00+00:00,75092.5
2021-01-19 17:00:00+00:00,74672.5
2021-01-19 18:00:00+00:00,72533.75
2021-01-19 19:00:00+00:00,68962.25
2021-01-19 20:00:00+00:00,66288.0
2021-01-19 21:00:00+00:00,63907.5
2021-01-19 22:00:00+00:00,60062.5
2021-01-19 23:00:00+00:00,56955.5
2021-01-20 00:00:00+00:00,54996.0
2021-01-20 01:00:00+00:00,54294.0
2021-01-20 02:00:00+00:00,54528.75
2021-01-20 03:00:00+00:00,55982.0
2021-01-20 04:00:00+00:00,59141.25
2021-01-20 05:00:00+00:00,65346.25
2021-01-20 06:00:00+00:00,71796.0
2021-01-20 07:00:00+00:00,74295.75
2021-01-20 08:00:00+00:00,74499.5
2021-01-20 09:00:00+00:00,74968.0
2021-01-20 10:00:00+00:00,75526.5
2021-01-20 11:00:00+00:00,75925.5
2021-01-20 12:00:00+00:00,74298.5
2021-01-20 13:00:00+00:00,72693.75
2021-01-20 14:00:00+00:00,71763.75
2021-01-20 15:00:00+00:00,71340.0
2021-01-20 16:00:00+00:00,74892.75
2021-01-20 17:00:00+00:00,75114.75
2021-01-20 18:00:00+00:00,73997.5
2021-01-20 19:00:00+00:00,70044.5
2021-01-20 20:00:00+00:00,66818.5
2021-01-20 21:00:00+00:00,64137.25
2021-01-20 22:00:00+00:00,60667.75
2021-01-20 23:00:00+00:00,57569.5
2021-01-21 00:00:00+00:00,55640.75
2021-01-21 01:00:00+00:00,54762.0
2021-01-21 02:00:00+00:00,54989.75
2021-01-21 03:00:00+00:00,56453.25
2021-01-21 04:00:00+00:00,59650.5
2021-01-21 05:00:00+00:00,66219.25
2021-01-21 06:00:00+00:00,72444.5
2021-01-21 07:00:00+00:00,74991.5
2021-01-21 08:00:00+00:00,75059.5
2021-01-21 09:00:00+00:00,74717.75
2021-01-21 10:00:00+00:00,75892.75
2021-01-21 11:00:00+00:00,75595.5
2021-01-21 12:00:00+00:00,73650.25
2021-01-21 13:00:00+00:00,72150.0
2021-01-21 14:00:00+00:00,71648.25
2021-01-21 15:00:00+00:00,71591.75
2021-01-21 16:00:00+00:00,75040.5
2021-01-21 17:00:00+00:00,74801.0
2021-01-21 18:00:00+00:00,72581.25
2021-01-21 19:00:00+00:00,68952.5
2021-01-21 20:00:00+00:00,65524.5
2021-01-21 21:00:00+00:00,62781.0
2021-01-21 22:00:00+00:00,59322.75
2021-01-21 23:00:00+00:00,57090.25
2021-01-22 00:00:00+00:00,55064.25
2021-01-22 01:00:00+00:00,54222.75
2021-01-22 02:00:00+00:00,54669.75
2021-01-22 03:00:00+00:00,56483.75
2021-01-22 04:00:00+00:00,59255.5
2021-01-22 05:00:00+00:00,64813.0
2021-01-22 06:00:00+00:00,70846.25
2021-01-22 07:00:00+00:00,73283.5
2021-01-22 08:00:00+00:00,72641.0
2021-01-22 09:00:00+00:00,72562.0
2021-01-22 10:00:00+00:00,73465.75
2021-01-22 11:00:00+00:00,72670.25
2021-01-22 12:00:00+00:00,70889.5
2021-01-22 13:00:00+00:00,69086.5
2021-01-22 14:00:00+00:00,68454.0
2021-01-22 15:00:00+00:00,68425.25
2021-01-22 16:00:00+00:00,71587.75
2021-01-22 17:00:00+00:00,71878.75
2021-01-22 18:00:00+00:00,69761.25
2021-01-22 19:00:00+00:00,66020.25
2021-01-22 20:00:00+00:00,62426.5
2021-01-22 21:00:00+00:00,59901.75
2021-01-22 22:00:00+00:00,56316.5
2021-01-22 23:00:00+00:00,53171.5
2021-01-23 00:00:00+00:00,51447.5
2021-01-23 01:00:00+00:00,49960.5
2021-01-23 02:00:00+00:00,49124.5
2021-01-23 03:00:00+00:00,48840.25
2021-01-23 04:00:00+00:00,48996.5
2021-01-23 05:00:00+00:00,49637.25
2021-01-23 06:00:00+00:00,52403.5
2021-01-23 07:00:00+00:00,56039.5
2021-01-23 08:00:00+00:00,59307.75
2021-01-23 09:00:00+00:00,61172.5
2021-01-23 10:00:00+00:00,62639.5
2021-01-23 11:00:00+00:00,62415.25
2021-01-23 12:00:00+00:00,60511.5
2021-01-23 13:00:00+00:00,58745.5
2021-01-23 14:00:00+00:00,57927.75
2021-01-23 15:00:00+00:00,57998.5
2021-01-23 16:00:00+00:00,61906.5
2021-01-23 17:00:00+00:00,63039.0
2021-01-23 18:00:00+00:00,60890.0
2021-01-23 19:00:00+00:00,57160.75
2021-01-23 20:00:00+00:00,54629.25
2021-01-23 21:00:00+00:00,53410.75
2021-01-23 22:00:00+00:00,50397.75
2021-01-23 23:00:00+00:00,47550.25
2021-01-24 00:00:00+00:00,45451.75
2021-01-24 01:00:00+00:00,45063.0
2021-01-24 02:00:00+00:00,44977.0
2021-01-24 03:00:00+00:00,45003.5
2021-01-24 04:00:00+00:00,45180.25
2021-01-24 05:00:00+00:00,44812.75
2021-01-24 06:00:00+00:00,46175.5
2021-01-24 07:00:00+00:00,49014.5
2021-01-24 08:00:00+00:00,52892.5
2021-01-24 09:00:00+00:00,55697.5
2021-01-24 10:00:00+00:00,58393.5
2021-01-24 11:00:00+00:00,58661.25
2021-01-24 12:00:00+00:00,56693.25
2021-01-24 13:00:00+00:00,55111.25
2021-01-24 14:00:00+00:00,54798.0
2021-01-24 15:00:00+00:00,55354.0
2021-01-24 16:00:00+00:00,59679.25
2021-01-24 17:00:00+00:00,61234.25
2021-01-24 18:00:00+00:00,59088.0
2021-01-24 19:00:00+00:00,56289.5
2021-01-24 20:00:00+00:00,54871.25
2021-01-24 21:00:00+00:00,55059.25
2021-01-24 22:00:00+00:00,53069.5
2021-01-24 23:00:00+00:00,51009.0
2021-01-25 00:00:00+00:00,49494.0
2021-01-25 01:00:00+00:00,48919.25
2021-01-25 02:00:00+00:00,48845.0
2021-01-25 03:00:00+00:00,50378.25
2021-01-25 04:00:00+00:00,53767.75
2021-01-25 05:00:00+00:00,61047.75
2021-01-25 06:00:00+00:00,68261.75
2021-01-25 07:00:00+00:00,70981.75
2021-01-25 08:00:00+00:00,71463.0
2021-01-25 09:00:00+00:00,72215.75
2021-01-25 10:00:00+00:00,73284.75
2021-01-25 11:00:00+00:00,73339.25
2021-01-25 12:00:00+00:00,72000.0
2021-01-25 13:00:00+00:00,70785.0
2021-01-25 14:00:00+00:00,70226.0
2021-01-25 15:00:00+00:00,69573.75
2021-01-25 16:00:00+00:00,72587.5
2021-01-25 17:00:00+00:00,73303.0
2021-01-25 18:00:00+00:00,71619.75
2021-01-25 19:00:00+00:00,68218.25
2021-01-25 20:00:00+00:00,65213.75
2021-01-25 21:00:00+00:00,63104.0
2021-01-25 22:00:00+00:00,59768.25
2021-01-25 23:00:00+00:00,57762.0
2021-01-26 00:00:00+00:00,55762.5
2021-01-26 01:00:00+00:00,54312.0
2021-01-26 02:00:00+00:00,54355.5
2021-01-26 03:00:00+00:00,55801.0
2021-01-26 04:00:00+00:00,58593.0
2021-01-26 05:00:00+00:00,64191.75
2021-01-26 06:00:00+00:00,70346.5
2021-01-26 07:00:00+00:00,73097.25
2021-01-26 08:00:00+00:00,73429.5
2021-01-26 09:00:00+00:00,74150.0
2021-01-26 10:00:00+00:00,75340.5
2021-01-26 11:00:00+00:00,75179.5
2021-01-26 12:00:00+00:00,73833.0
2021-01-26 13:00:00+00:00,72295.5
2021-01-26 14:00:00+00:00,71339.25
2021-01-26 15:00:00+00:00,71147.75
2021-01-26 16:00:00+00:00,74094.25
2021-01-26 17:00:00+00:00,75055.5
2021-01-26 18:00:00+00:00,72832.75
2021-01-26 19:00:00+00:00,69533.25
2021-01-26 20:00:00+00:00,66358.0
2021-01-26 21:00:00+00:00,63904.25
2021-01-26 22:00:00+00:00,59863.25
2021-01-26 23:00:00+00:00,57320.5
2021-01-27 00:00:00+00:00,55235.0
2021-01-27 01:00:00+00:00,54271.25
2021-01-27 02:00:00+00:00,54776.0
2021-01-27 03:00:00+00:00,56033.75
2021-01-27 04:00:00+00:00,58721.0
2021-01-27 05:00:00+00:00,64696.5
2021-01-27 06:00:00+00:00,71137.75
2021-01-27 07:00:00+00:00,73812.0
2021-01-27 08:00:00+00:00,74996.0
2021-01-27 09:00:00+00:00,75277.5
2021-01-27 10:00:00+00:00,76392.75
2021-01-27 11:00:00+00:00,76223.25
2021-01-27 12:00:00+00:00,74609.5
2021-01-27 13:00:00+00:00,73069.5
2021-01-27 14:00:00+00:00,71855.75
2021-01-27 15:00:00+00:00,71167.5
2021-01-27 16:00:00+00:00,73893.75
2021-01-27 17:00:00+00:00,73951.0
2021-01-27 18:00:00+00:00,72217.25
2021-01-27 19:00:00+00:00,68482.0
2021-01-27 20:00:00+00:00,64905.0
2021-01-27 21:00:00+00:00,62931.25
2021-01-27 22:00:00+00:00,59691.75
2021-01-27 23:00:00+00:00,56661.25
2021-01-28 00:00:00+00:00,53995.5
2021-01-28 01:00:00+00:00,52982.5
2021-01-28 02:00:00+00:00,53483.25
2021-01-28 03:00:00+00:00,54798.25
2021-01-28 04:00:00+00:00,57489.0
2021-01-28 05:00:00+00:00,64513.25
2021-01-28 06:00:00+00:00,70078.75
2021-01-28 07:00:00+00:00,72738.0
2021-01-28 08:00:00+00:00,73754.25
2021-01-28 09:00:00+00:00,74794.25
2021-01-28 10:00:00+00:00,75983.5
2021-01-28 11:00:00+00:00,75955.75
2021-01-28 12:00:00+00:00,74334.0
2021-01-28 13:00:00+00:00,72642.0
2021-01-28 14:00:00+00:00,71861.25
2021-01-28 15:00:00+00:00,71259.0
2021-01-28 16:00:00+00:00,73850.5
2021-01-28 17:00:00+00:00,74290.0
2021-01-28 18:00:00+00:00,72077.25
2021-01-28 19:00:00+00:00,68140.5
2021-01-28 20:00:00+00:00,64271.0
2021-01-28 21:00:00+00:00,62058.75
2021-01-28 22:00:00+00:00,58413.25
2021-01-28 23:00:00+00:00,55487.5
2021-01-29 00:00:00+00:00,53360.5
2021-01-29 01:00:00+00:00,52187.75
2021-01-29 02:00:00+00:00,52173.5
2021-01-29 03:00:00+00:00,53732.0
2021-01-29 04:00:00+00:00,56831.75
2021-01-29 05:00:00+00:00,63018.25
2021-01-29 06:00:00+00:00,69003.25
2021-01-29 07:00:00+00:00,72313.5
2021-01-29 08:00:00+00:00,72557.5
2021-01-29 09:00:00+00:00,73302.75
2021-01-29 10:00:00+00:00,74529.75
2021-01-29 11:00:00+00:00,73958.25
2021-01-29 12:00:00+00:00,72151.75
2021-01-29 13:00:00+00:00,70338.25
2021-01-29 14:00:00+00:00,69759.75
2021-01-29 15:00:00+00:00,68910.75
2021-01-29 16:00:00+00:00,71155.25
2021-01-29 17:00:00+00:00,71440.75
2021-01-29 18:00:00+00:00,69458.25
2021-01-29 19:00:00+00:00,66022.5
2021-01-29 20:00:00+00:00,62642.25
2021-01-29 21:00:00+00:00,60472.0
2021-01-29 22:00:00+00:00,56943.0
2021-01-29 23:00:00+00:00,53931.25
2021-01-30 00:00:00+00:00,52030.75
2021-01-30 01:00:00+00:00,50728.25
2021-01-30 02:00:00+00:00,49765.75
2021-01-30 03:00:00+00:00,49807.5
2021-01-30 04:00:00+00:00,49711.5
2021-01-30 05:00:00+00:00,50069.5
2021-01-30 06:00:00+00:00,52159.0
2021-01-30 07:00:00+00:00,55381.5
2021-01-30 08:00:00+00:00,58210.25
2021-01-30 09:00:00+00:00,60088.0
2021-01-30 10:00:00+00:00,61536.25
2021-01-30 11:00:00+00:00,61457.75
2021-01-30 12:00:00+00:00,60066.0
2021-01-30 13:00:00+00:00,58452.25
2021-01-30 14:00:00+00:00,58065.5
2021-01-30 15:00:00+00:00,58470.0
2021-01-30 16:00:00+00:00,62431.75
2021-01-30 17:00:00+00:00,64304.25
2021-01-30 18:00:00+00:00,62381.0
2021-01-30 19:00:00+00:00,58533.25
2021-01-30 20:00:00+00:00,56408.75
2021-01-30 21:00:00+00:00,55528.25
2021-01-30 22:00:00+00:00,53400.5
2021-01-30 23:00:00+00:00,50838.5
2021-01-31 00:00:00+00:00,49038.5
2021-01-31 01:00:00+00:00,47886.75
2021-01-31 02:00:00+00:00,47343.75
2021-01-31 03:00:00+00:00,47126.75
2021-01-31 04:00:00+00:00,46671.0
2021-01-31 05:00:00+00:00,46637.75
2021-01-31 06:00:00+00:00,48711.5
2021-01-31 07:00:00+00:00,52070.0
2021-01-31 08:00:00+00:00,55440.0
2021-01-31 09:00:00+00:00,57755.25
2021-01-31 10:00:00+00:00,59848.25
2021-01-31 11:00:00+00:00,58973.75
2021-01-31 12:00:00+00:00,56526.0
2021-01-31 13:00:00+00:00,55011.0
2021-01-31 14:00:00+00:00,54659.25
2021-01-31 15:00:00+00:00,55746.25
2021-01-31 16:00:00+00:00,60076.0
2021-01-31 17:00:00+00:00,62353.5
2021-01-31 18:00:00+00:00,60755.0
2021-01-31 19:00:00+00:00,58201.25
2021-01-31 20:00:00+00:00,56318.5
2021-01-31 21:00:00+00:00,57045.0
2021-01-31 22:00:00+00:00,54189.75
2021-01-31 23:00:00+00:00,52061.75
2021-02-01 00:00:00+00:00,50195.5
2021-02-01 01:00:00+00:00,49345.0
2021-02-01 02:00:00+00:00,49715.5
2021-02-01 03:00:00+00:00,51563.0
2021-02-01 04:00:00+00:00,55048.5
2021-02-01 05:00:00+00:00,62848.5
2021-02-01 06:00:00+00:00,69347.0
2021-02-01 07:00:00+00:00,72476.0
2021-02-01 08:00:00+00:00,72701.5
2021-02-01 09:00:00+00:00,73293.75
2021-02-01 10:00:00+00:00,74021.5
2021-02-01 11:00:00+00:00,74143.0
2021-02-01 12:00:00+00:00,72949.0
2021-02-01 13:00:00+00:00,71568.75
2021-02-01 14:00:00+00:00,70834.75
2021-02-01 15:00:00+00:00,70376.5
2021-02-01 16:00:00+00:00,72507.75
2021-02-01 17:00:00+00:00,73241.0
2021-02-01 18:00:00+00:00,71466.5
2021-02-01 19:00:00+00:00,67853.25
2021-02-01 20:00:00+00:00,64429.75
2021-02-01 21:00:00+00:00,61839.0
2021-02-01 22:00:00+00:00,58159.5
2021-02-01 23:00:00+00:00,54374.0
2021-02-02 00:00:00+00:00,52177.5
2021-02-02 01:00:00+00:00,51697.0
2021-02-02 02:00:00+00:00,51463.75
2021-02-02 03:00:00+00:00,52816.75
2021-02-02 04:00:00+00:00,56204.75
2021-02-02 05:00:00+00:00,62581.0
2021-02-02 06:00:00+00:00,69049.75
2021-02-02 07:00:00+00:00,71879.25
2021-02-02 08:00:00+00:00,72492.5
2021-02-02 09:00:00+00:00,73345.25
2021-02-02 10:00:00+00:00,74755.0
2021-02-02 11:00:00+00:00,74985.75
2021-02-02 12:00:00+00:00,73755.0
2021-02-02 13:00:00+00:00,72249.25
2021-02-02 14:00:00+00:00,71564.25
2021-02-02 15:00:00+00:00,70753.25
2021-02-02 16:00:00+00:00,72933.25
2021-02-02 17:00:00+00:00,73766.0
2021-02-02 18:00:00+00:00,71826.0
2021-02-02 19:00:00+00:00,68347.75
2021-02-02 20:00:00+00:00,64473.25
2021-02-02 21:00:00+00:00,61250.0
2021-02-02 22:00:00+00:00,57467.0
2021-02-02 23:00:00+00:00,53756.25
2021-02-03 00:00:00+00:00,52083.75
2021-02-03 01:00:00+00:00,51237.5
2021-02-03 02:00:00+00:00,51440.0
2021-02-03 03:00:00+00:00,52865.25
2021-02-03 04:00:00+00:00,56419.0
2021-02-03 05:00:00+00:00,63469.75
2021-02-03 06:00:00+00:00,69643.75
2021-02-03 07:00:00+00:00,72951.5
2021-02-03 08:00:00+00:00,73655.5
2021-02-03 09:00:00+00:00,74230.75
2021-02-03 10:00:00+00:00,75795.0
2021-02-03 11:00:00+00:00,75591.75
2021-02-03 12:00:00+00:00,74878.5
2021-02-03 13:00:00+00:00,73325.75
2021-02-03 14:00:00+00:00,72271.75
2021-02-03 15:00:00+00:00,71773.75
2021-02-03 16:00:00+00:00,74592.25
2021-02-03 17:00:00+00:00,75392.5
2021-02-03 18:00:00+00:00,73804.0
2021-02-03 19:00:00+00:00,70119.25
2021-02-03 20:00:00+00:00,66208.0
2021-02-03 21:00:00+00:00,63257.5
2021-02-03 22:00:00+00:00,58933.5
2021-02-03 23:00:00+00:00,55504.0
2021-02-04 00:00:00+00:00,53282.75
2021-02-04 01:00:00+00:00,52276.0
2021-02-04 02:00:00+00:00,52676.25
2021-02-04 03:00:00+00:00,53783.5
2021-02-04 04:00:00+00:00,56695.75
2021-02-04 05:00:00+00:00,63666.75
2021-02-04 06:00:00+00:00,69720.75
2021-02-04 07:00:00+00:00,72114.75
2021-02-04 08:00:00+00:00,72142.5
2021-02-04 09:00:00+00:00,71944.75
2021-02-04 10:00:00+00:00,72985.25
2021-02-04 11:00:00+00:00,72162.5
2021-02-04 12:00:00+00:00,70267.0
2021-02-04 13:00:00+00:00,68195.0
2021-02-04 14:00:00+00:00,67504.0
2021-02-04 15:00:00+00:00,67091.0
2021-02-04 16:00:00+00:00,69851.5
2021-02-04 17:00:00+00:00,71541.25
2021-02-04 18:00:00+00:00,70079.5
2021-02-04 19:00:00+00:00,66464.25
2021-02-04 20:00:00+00:00,62838.5
2021-02-04 21:00:00+00:00,59864.5
2021-02-04 22:00:00+00:00,56483.25
2021-02-04 23:00:00+00:00,53185.75
2021-02-05 00:00:00+00:00,51519.75
2021-02-05 01:00:00+00:00,51003.0
2021-02-05 02:00:00+00:00,51405.75
2021-02-05 03:00:00+00:00,52879.5
2021-02-05 04:00:00+00:00,55761.5
2021-02-05 05:00:00+00:00,61611.25
2021-02-05 06:00:00+00:00,67916.5
2021-02-05 07:00:00+00:00,70389.25
2021-02-05 08:00:00+00:00,71125.75
2021-02-05 09:00:00+00:00,71964.75
2021-02-05 10:00:00+00:00,72945.25
2021-02-05 11:00:00+00:00,71960.25
2021-02-05 12:00:00+00:00,70483.5
2021-02-05 13:00:00+00:00,69049.5
2021-02-05 14:00:00+00:00,67930.25
2021-02-05 15:00:00+00:00,67767.75
2021-02-05 16:00:00+00:00,70109.25
2021-02-05 17:00:00+00:00,71220.25
2021-02-05 18:00:00+00:00,69169.0
2021-02-05 19:00:00+00:00,65677.25
2021-02-05 20:00:00+00:00,62115.75
2021-02-05 21:00:00+00:00,59640.75
2021-02-05 22:00:00+00:00,56527.75
2021-02-05 23:00:00+00:00,52612.0
2021-02-06 00:00:00+00:00,50493.75
2021-02-06 01:00:00+00:00,49464.0
2021-02-06 02:00:00+00:00,49510.5
2021-02-06 03:00:00+00:00,50004.25
2021-02-06 04:00:00+00:00,50267.5
2021-02-06 05:00:00+00:00,51015.5
2021-02-06 06:00:00+00:00,53573.5
2021-02-06 07:00:00+00:00,57331.75
2021-02-06 08:00:00+00:00,60455.75
2021-02-06 09:00:00+00:00,62367.5
2021-02-06 10:00:00+00:00,64062.75
2021-02-06 11:00:00+00:00,63923.25
2021-02-06 12:00:00+00:00,62128.75
2021-02-06 13:00:00+00:00,60858.25
2021-02-06 14:00:00+00:00,60815.25
2021-02-06 15:00:00+00:00,61094.5
2021-02-06 16:00:00+00:00,64199.5
2021-02-06 17:00:00+00:00,66014.75
2021-02-06 18:00:00+00:00,64150.25
2021-02-06 19:00:00+00:00,60399.0
2021-02-06 20:00:00+00:00,57951.5
2021-02-06 21:00:00+00:00,56839.0
2021-02-06 22:00:00+00:00,54296.75
2021-02-06 23:00:00+00:00,51755.5
2021-02-07 00:00:00+00:00,49829.5
2021-02-07 01:00:00+00:00,48811.25
2021-02-07 02:00:00+00:00,48242.75
2021-02-07 03:00:00+00:00,48386.75
2021-02-07 04:00:00+00:00,48262.5
2021-02-07 05:00:00+00:00,47604.75
2021-02-07 06:00:00+00:00,49689.0
2021-02-07 07:00:00+00:00,53051.0
2021-02-07 08:00:00+00:00,56806.0
2021-02-07 09:00:00+00:00,59494.25
2021-02-07 10:00:00+00:00,62859.75
2021-02-07 11:00:00+00:00,63085.25
2021-02-07 12:00:00+00:00,61208.5
2021-02-07 13:00:00+00:00,59837.75
2021-02-07 14:00:00+00:00,59344.75
2021-02-07 15:00:00+00:00,59382.75
2021-02-07 16:00:00+00:00,62596.0
2021-02-07 17:00:00+00:00,65024.5
2021-02-07 18:00:00+00:00,63175.5
2021-02-07 19:00:00+00:00,60579.25
2021-02-07 20:00:00+00:00,58954.25
2021-02-07 21:00:00+00:00,59149.75
2021-02-07 22:00:00+00:00,56594.25
2021-02-07 23:00:00+00:00,54978.75
2021-02-08 00:00:00+00:00,53418.25
2021-02-08 01:00:00+00:00,53056.5
2021-02-08 02:00:00+00:00,53195.0
2021-02-08 03:00:00+00:00,54529.5
2021-02-08 04:00:00+00:00,57231.75
2021-02-08 05:00:00+00:00,63280.75
2021-02-08 06:00:00+00:00,69255.25
2021-02-08 07:00:00+00:00,72281.0
2021-02-08 08:00:00+00:00,73465.0
2021-02-08 09:00:00+00:00,74086.5
2021-02-08 10:00:00+00:00,75250.5
2021-02-08 11:00:00+00:00,75540.75
2021-02-08 12:00:00+00:00,74030.75
2021-02-08 13:00:00+00:00,72866.5
2021-02-08 14:00:00+00:00,71949.75
2021-02-08 15:00:00+00:00,70983.5
2021-02-08 16:00:00+00:00,72547.0
2021-02-08 17:00:00+00:00,74403.25
2021-02-08 18:00:00+00:00,72691.75
2021-02-08 19:00:00+00:00,68987.5
2021-02-08 20:00:00+00:00,65840.25
2021-02-08 21:00:00+00:00,63863.5
2021-02-08 22:00:00+00:00,60936.25
2021-02-08 23:00:00+00:00,58668.75
2021-02-09 00:00:00+00:00,57313.25
2021-02-09 01:00:00+00:00,56296.5
2021-02-09 02:00:00+00:00,56231.0
2021-02-09 03:00:00+00:00,57038.25
2021-02-09 04:00:00+00:00,59238.0
2021-02-09 05:00:00+00:00,64378.75
2021-02-09 06:00:00+00:00,70183.25
2021-02-09 07:00:00+00:00,73206.75
2021-02-09 08:00:00+00:00,74443.0
2021-02-09 09:00:00+00:00,75186.5
2021-02-09 10:00:00+00:00,76209.0
2021-02-09 11:00:00+00:00,76364.0
2021-02-09 12:00:00+00:00,75307.5
2021-02-09 13:00:00+00:00,74256.0
2021-02-09 14:00:00+00:00,73049.75
2021-02-09 15:00:00+00:00,71842.25
2021-02-09 16:00:00+00:00,73277.25
2021-02-09 17:00:00+00:00,75616.75
2021-02-09 18:00:00+00:00,74210.75
2021-02-09 19:00:00+00:00,70738.75
2021-02-09 20:00:00+00:00,67639.75
2021-02-09 21:00:00+00:00,65589.25
2021-02-09 22:00:00+00:00,62555.0
2021-02-09 23:00:00+00:00,59905.5
2021-02-10 00:00:00+00:00,58173.5
2021-02-10 01:00:00+00:00,56979.5
2021-02-10 02:00:00+00:00,56913.0
2021-02-10 03:00:00+00:00,57618.75
2021-02-10 04:00:00+00:00,60175.0
2021-02-10 05:00:00+00:00,65929.0
2021-02-10 06:00:00+00:00,72040.25
2021-02-10 07:00:00+00:00,74366.0
2021-02-10 08:00:00+00:00,75265.75
2021-02-10 09:00:00+00:00,75734.5
2021-02-10 10:00:00+00:00,76413.75
2021-02-10 11:00:00+00:00,76343.25
2021-02-10 12:00:00+00:00,75283.5
2021-02-10 13:00:00+00:00,74171.5
2021-02-10 14:00:00+00:00,72627.25
2021-02-10 15:00:00+00:00,71568.5
2021-02-10 16:00:00+00:00,73526.25
2021-02-10 17:00:00+00:00,75873.25
2021-02-10 18:00:00+00:00,74769.25
2021-02-10 19:00:00+00:00,70970.0
2021-02-10 20:00:00+00:00,67910.5
2021-02-10 21:00:00+00:00,66119.75
2021-02-10 22:00:00+00:00,63301.25
2021-02-10 23:00:00+00:00,60979.0
2021-02-11 00:00:00+00:00,59214.0
2021-02-11 01:00:00+00:00,57838.75
2021-02-11 02:00:00+00:00,58010.75
2021-02-11 03:00:00+00:00,59009.5
2021-02-11 04:00:00+00:00,60866.0
2021-02-11 05:00:00+00:00,66056.75
2021-02-11 06:00:00+00:00,71720.75
2021-02-11 07:00:00+00:00,74141.25
2021-02-11 08:00:00+00:00,74567.75
2021-02-11 09:00:00+00:00,74824.75
2021-02-11 10:00:00+00:00,75341.0
2021-02-11 11:00:00+00:00,74684.75
2021-02-11 12:00:00+00:00,73031.5
2021-02-11 13:00:00+00:00,71496.5
2021-02-11 14:00:00+00:00,71103.25
2021-02-11 15:00:00+00:00,70201.0
2021-02-11 16:00:00+00:00,72414.0
2021-02-11 17:00:00+00:00,75394.75
2021-02-11 18:00:00+00:00,74549.0
2021-02-11 19:00:00+00:00,71054.5
2021-02-11 20:00:00+00:00,67945.5
2021-02-11 21:00:00+00:00,65982.25
2021-02-11 22:00:00+00:00,63268.5
2021-02-11 23:00:00+00:00,60612.5
2021-02-12 00:00:00+00:00,58880.75
2021-02-12 01:00:00+00:00,57687.0
2021-02-12 02:00:00+00:00,57686.5
2021-02-12 03:00:00+00:00,58555.5
2021-02-12 04:00:00+00:00,60977.5
2021-02-12 05:00:00+00:00,66078.0
2021-02-12 06:00:00+00:00,71290.25
2021-02-12 07:00:00+00:00,73906.5
2021-02-12 08:00:00+00:00,74165.75
2021-02-12 09:00:00+00:00,73513.5
2021-02-12 10:00:00+00:00,73465.75
2021-02-12 11:00:00+00:00,73291.5
2021-02-12 12:00:00+00:00,71454.25
2021-02-12 13:00:00+00:00,69889.25
2021-02-12 14:00:00+00:00,69441.75
2021-02-12 15:00:00+00:00,69064.25
2021-02-12 16:00:00+00:00,71373.0
2021-02-12 17:00:00+00:00,74394.75
2021-02-12 18:00:00+00:00,73081.75
2021-02-12 19:00:00+00:00,69559.75
2021-02-12 20:00:00+00:00,66373.5
2021-02-12 21:00:00+00:00,64367.25
2021-02-12 22:00:00+00:00,61602.25
2021-02-12 23:00:00+00:00,59262.75
2021-02-13 00:00:00+00:00,57417.25
2021-02-13 01:00:00+00:00,55647.5
2021-02-13 02:00:00+00:00,54967.25
2021-02-13 03:00:00+00:00,54478.0
2021-02-13 04:00:00+00:00,54167.25
2021-02-13 05:00:00+00:00,54445.0
2021-02-13 06:00:00+00:00,56683.5
2021-02-13 07:00:00+00:00,59912.5
2021-02-13 08:00:00+00:00,62078.5
2021-02-13 09:00:00+00:00,63002.0
2021-02-13 10:00:00+00:00,63587.5
2021-02-13 11:00:00+00:00,62591.0
2021-02-13 12:00:00+00:00,60596.0
2021-02-13 13:00:00+00:00,58730.25
2021-02-13 14:00:00+00:00,58216.25
2021-02-13 15:00:00+00:00,58802.0
2021-02-13 16:00:00+00:00,62771.25
2021-02-13 17:00:00+00:00,67052.25
2021-02-13 18:00:00+00:00,65671.5
2021-02-13 19:00:00+00:00,62354.25
2021-02-13 20:00:00+00:00,59931.25
2021-02-13 21:00:00+00:00,59583.5
2021-02-13 22:00:00+00:00,57561.75
2021-02-13 23:00:00+00:00,55521.5
2021-02-14 00:00:00+00:00,54031.0
2021-02-14 01:00:00+00:00,52759.25
2021-02-14 02:00:00+00:00,51844.0
2021-02-14 03:00:00+00:00,51124.25
2021-02-14 04:00:00+00:00,50826.0
2021-02-14 05:00:00+00:00,50174.0
2021-02-14 06:00:00+00:00,51774.0
2021-02-14 07:00:00+00:00,55096.5
2021-02-14 08:00:00+00:00,57913.25
2021-02-14 09:00:00+00:00,59334.5
2021-02-14 10:00:00+00:00,60679.75
2021-02-14 11:00:00+00:00,59470.0
2021-02-14 12:00:00+00:00,57111.25
2021-02-14 13:00:00+00:00,55875.75
2021-02-14 14:00:00+00:00,55391.0
2021-02-14 15:00:00+00:00,56675.25
2021-02-14 16:00:00+00:00,60511.25
2021-02-14 17:00:00+00:00,65119.75
2021-02-14 18:00:00+00:00,64076.25
2021-02-14 19:00:00+00:00,61860.75
2021-02-14 20:00:00+00:00,60484.5
2021-02-14 21:00:00+00:00,60418.75
2021-02-14 22:00:00+00:00,58626.0
2021-02-14 23:00:00+00:00,56084.75
2021-02-15 00:00:00+00:00,54940.25
2021-02-15 01:00:00+00:00,54327.0
2021-02-15 02:00:00+00:00,54341.25
2021-02-15 03:00:00+00:00,55675.5
2021-02-15 04:00:00+00:00,59021.0
2021-02-15 05:00:00+00:00,65282.5
2021-02-15 06:00:00+00:00,70547.75
2021-02-15 07:00:00+00:00,73948.75
2021-02-15 08:00:00+00:00,74767.0
2021-02-15 09:00:00+00:00,75459.75
2021-02-15 10:00:00+00:00,76937.5
2021-02-15 11:00:00+00:00,77132.0
2021-02-15 12:00:00+00:00,76335.75
2021-02-15 13:00:00+00:00,75331.0
2021-02-15 14:00:00+00:00,74148.5
2021-02-15 15:00:00+00:00,73285.25
2021-02-15 16:00:00+00:00,75446.0
2021-02-15 17:00:00+00:00,77310.0
2021-02-15 18:00:00+00:00,75155.0
2021-02-15 19:00:00+00:00,71216.5
2021-02-15 20:00:00+00:00,67405.75
2021-02-15 21:00:00+00:00,64952.5
2021-02-15 22:00:00+00:00,61094.25
2021-02-15 23:00:00+00:00,58052.25
2021-02-16 00:00:00+00:00,55789.25
2021-02-16 01:00:00+00:00,54812.75
2021-02-16 02:00:00+00:00,54511.25
2021-02-16 03:00:00+00:00,54693.0
2021-02-16 04:00:00+00:00,57605.5
2021-02-16 05:00:00+00:00,63060.75
2021-02-16 06:00:00+00:00,68797.75
2021-02-16 07:00:00+00:00,71552.0
2021-02-16 08:00:00+00:00,71761.25
2021-02-16 09:00:00+00:00,72693.5
2021-02-16 10:00:00+00:00,73909.75
2021-02-16 11:00:00+00:00,73329.5
2021-02-16 12:00:00+00:00,71632.75
2021-02-16 13:00:00+00:00,70509.25
2021-02-16 14:00:00+00:00,69916.75
2021-02-16 15:00:00+00:00,68908.5
2021-02-16 16:00:00+00:00,70172.0
2021-02-16 17:00:00+00:00,72986.75
2021-02-16 18:00:00+00:00,71801.75
2021-02-16 19:00:00+00:00,68413.75
2021-02-16 20:00:00+00:00,65664.75
2021-02-16 21:00:00+00:00,62928.75
2021-02-16 22:00:00+00:00,59303.0
2021-02-16 23:00:00+00:00,56660.75
2021-02-17 00:00:00+00:00,55332.75
2021-02-17 01:00:00+00:00,54430.75
2021-02-17 02:00:00+00:00,54199.5
2021-02-17 03:00:00+00:00,55745.0
2021-02-17 04:00:00+00:00,58724.75
2021-02-17 05:00:00+00:00,64689.0
2021-02-17 06:00:00+00:00,69595.25
2021-02-17 07:00:00+00:00,72215.5
2021-02-17 08:00:00+00:00,72628.0
2021-02-17 09:00:00+00:00,73498.75
2021-02-17 10:00:00+00:00,74814.25
2021-02-17 11:00:00+00:00,74968.5
2021-02-17 12:00:00+00:00,73157.0
2021-02-17 13:00:00+00:00,71311.75
2021-02-17 14:00:00+00:00,69983.75
2021-02-17 15:00:00+00:00,68662.0
2021-02-17 16:00:00+00:00,70332.25
2021-02-17 17:00:00+00:00,72756.25
2021-02-17 18:00:00+00:00,71219.5
2021-02-17 19:00:00+00:00,67323.0
2021-02-17 20:00:00+00:00,63788.0
2021-02-17 21:00:00+00:00,61032.0
2021-02-17 22:00:00+00:00,57302.75
2021-02-17 23:00:00+00:00,54574.0
2021-02-18 00:00:00+00:00,52388.5
2021-02-18 01:00:00+00:00,51766.5
2021-02-18 02:00:00+00:00,52496.25
2021-02-18 03:00:00+00:00,53265.75
2021-02-18 04:00:00+00:00,56641.25
2021-02-18 05:00:00+00:00,63029.5
2021-02-18 06:00:00+00:00,68053.75
2021-02-18 07:00:00+00:00,70298.75
2021-02-18 08:00:00+00:00,70719.5
2021-02-18 09:00:00+00:00,71620.0
2021-02-18 10:00:00+00:00,72224.25
2021-02-18 11:00:00+00:00,71996.5
2021-02-18 12:00:00+00:00,71038.0
2021-02-18 13:00:00+00:00,69594.25
2021-02-18 14:00:00+00:00,68814.0
2021-02-18 15:00:00+00:00,68882.25
2021-02-18 16:00:00+00:00,71258.25
2021-02-18 17:00:00+00:00,74152.5
2021-02-18 18:00:00+00:00,72611.0
2021-02-18 19:00:00+00:00,68635.75
2021-02-18 20:00:00+00:00,64990.25
2021-02-18 21:00:00+00:00,62313.5
2021-02-18 22:00:00+00:00,58574.75
2021-02-18 23:00:00+00:00,55591.0
2021-02-19 00:00:00+00:00,53291.25
2021-02-19 01:00:00+00:00,52739.25
2021-02-19 02:00:00+00:00,53260.0
2021-02-19 03:00:00+00:00,54604.5
2021-02-19 04:00:00+00:00,57310.75
2021-02-19 05:00:00+00:00,63713.25
2021-02-19 06:00:00+00:00,68579.25
2021-02-19 07:00:00+00:00,70982.75
2021-02-19 08:00:00+00:00,71505.5
2021-02-19 09:00:00+00:00,71150.0
2021-02-19 10:00:00+00:00,71251.5
2021-02-19 11:00:00+00:00,70566.5
2021-02-19 12:00:00+00:00,68655.75
2021-02-19 13:00:00+00:00,66562.75
2021-02-19 14:00:00+00:00,65084.0
2021-02-19 15:00:00+00:00,63885.75
2021-02-19 16:00:00+00:00,65676.5
2021-02-19 17:00:00+00:00,68903.25
2021-02-19 18:00:00+00:00,67883.5
2021-02-19 19:00:00+00:00,64136.75
2021-02-19 20:00:00+00:00,60788.5
2021-02-19 21:00:00+00:00,58250.5
2021-02-19 22:00:00+00:00,54602.0
2021-02-19 23:00:00+00:00,51200.25
2021-02-20 00:00:00+00:00,48670.5
2021-02-20 01:00:00+00:00,47565.5
2021-02-20 02:00:00+00:00,47633.5
2021-02-20 03:00:00+00:00,48135.5
2021-02-20 04:00:00+00:00,48527.5
2021-02-20 05:00:00+00:00,49655.5
2021-02-20 06:00:00+00:00,52219.75
2021-02-20 07:00:00+00:00,55726.25
2021-02-20 08:00:00+00:00,57994.75
2021-02-20 09:00:00+00:00,59049.0
2021-02-20 10:00:00+00:00,59191.5
2021-02-20 11:00:00+00:00,58273.75
2021-02-20 12:00:00+00:00,56207.75
2021-02-20 13:00:00+00:00,53873.5
2021-02-20 14:00:00+00:00,52587.75
2021-02-20 15:00:00+00:00,53104.25
2021-02-20 16:00:00+00:00,56469.5
2021-02-20 17:00:00+00:00,61970.5
2021-02-20 18:00:00+00:00,61126.5
2021-02-20 19:00:00+00:00,57800.75
2021-02-20 20:00:00+00:00,54913.25
2021-02-20 21:00:00+00:00,53527.75
2021-02-20 22:00:00+00:00,50707.5
2021-02-20 23:00:00+00:00,47930.5
2021-02-21 00:00:00+00:00,45658.5
2021-02-21 01:00:00+00:00,44795.75
2021-02-21 02:00:00+00:00,44723.5
2021-02-21 03:00:00+00:00,44809.0
2021-02-21 04:00:00+00:00,44939.0
2021-02-21 05:00:00+00:00,44896.75
2021-02-21 06:00:00+00:00,46433.25
2021-02-21 07:00:00+00:00,49501.75
2021-02-21 08:00:00+00:00,51776.25
2021-02-21 09:00:00+00:00,52834.25
2021-02-21 10:00:00+00:00,53649.5
2021-02-21 11:00:00+00:00,52523.5
2021-02-21 12:00:00+00:00,49540.5
2021-02-21 13:00:00+00:00,46976.75
2021-02-21 14:00:00+00:00,46598.5
2021-02-21 15:00:00+00:00,47632.0
2021-02-21 16:00:00+00:00,51357.0
2021-02-21 17:00:00+00:00,57069.75
2021-02-21 18:00:00+00:00,56414.25
2021-02-21 19:00:00+00:00,54107.25
2021-02-21 20:00:00+00:00,52098.75
2021-02-21 21:00:00+00:00,51350.5
2021-02-21 22:00:00+00:00,48698.25
2021-02-21 23:00:00+00:00,46363.0
2021-02-22 00:00:00+00:00,45233.25
2021-02-22 01:00:00+00:00,44796.25
2021-02-22 02:00:00+00:00,45743.75
2021-02-22 03:00:00+00:00,47757.5
2021-02-22 04:00:00+00:00,51752.25
2021-02-22 05:00:00+00:00,59829.25
2021-02-22 06:00:00+00:00,65571.75
2021-02-22 07:00:00+00:00,68421.5
2021-02-22 08:00:00+00:00,68587.25
2021-02-22 09:00:00+00:00,68539.75
2021-02-22 10:00:00+00:00,69447.0
2021-02-22 11:00:00+00:00,68993.5
2021-02-22 12:00:00+00:00,67402.25
2021-02-22 13:00:00+00:00,65684.5
2021-02-22 14:00:00+00:00,64399.5
2021-02-22 15:00:00+00:00,63613.75
2021-02-22 16:00:00+00:00,65362.5
2021-02-22 17:00:00+00:00,69379.25
2021-02-22 18:00:00+00:00,69357.5
2021-02-22 19:00:00+00:00,65507.25
2021-02-22 20:00:00+00:00,61836.75
2021-02-22 21:00:00+00:00,58966.75
2021-02-22 22:00:00+00:00,55367.0
2021-02-22 23:00:00+00:00,51968.75
2021-02-23 00:00:00+00:00,50088.25
2021-02-23 01:00:00+00:00,49483.25
2021-02-23 02:00:00+00:00,49639.0
2021-02-23 03:00:00+00:00,51449.0
2021-02-23 04:00:00+00:00,54751.5
2021-02-23 05:00:00+00:00,62115.5
2021-02-23 06:00:00+00:00,67248.5
2021-02-23 07:00:00+00:00,69952.75
2021-02-23 08:00:00+00:00,70226.75
2021-02-23 09:00:00+00:00,69718.0
2021-02-23 10:00:00+00:00,69984.75
2021-02-23 11:00:00+00:00,69067.0
2021-02-23 12:00:00+00:00,67253.0
2021-02-23 13:00:00+00:00,65473.25
2021-02-23 14:00:00+00:00,64460.5
2021-02-23 15:00:00+00:00,63335.25
2021-02-23 16:00:00+00:00,65179.5
2021-02-23 17:00:00+00:00,69226.0
2021-02-23 18:00:00+00:00,69351.5
2021-02-23 19:00:00+00:00,66223.0
2021-02-23 20:00:00+00:00,62328.0
2021-02-23 21:00:00+00:00,58662.75
2021-02-23 22:00:00+00:00,54454.0
2021-02-23 23:00:00+00:00,51512.0
2021-02-24 00:00:00+00:00,50443.0
2021-02-24 01:00:00+00:00,49974.25
2021-02-24 02:00:00+00:00,50637.75
2021-02-24 03:00:00+00:00,52378.5
2021-02-24 04:00:00+00:00,55590.5
2021-02-24 05:00:00+00:00,63093.5
2021-02-24 06:00:00+00:00,68016.0
2021-02-24 07:00:00+00:00,70612.25
2021-02-24 08:00:00+00:00,70241.5
2021-02-24 09:00:00+00:00,69789.0
2021-02-24 10:00:00+00:00,70039.5
2021-02-24 11:00:00+00:00,69573.0
2021-02-24 12:00:00+00:00,67851.25
2021-02-24 13:00:00+00:00,65841.0
2021-02-24 14:00:00+00:00,64402.5
2021-02-24 15:00:00+00:00,63648.75
2021-02-24 16:00:00+00:00,65385.5
2021-02-24 17:00:00+00:00,69583.75
2021-02-24 18:00:00+00:00,69204.75
2021-02-24 19:00:00+00:00,65492.0
2021-02-24 20:00:00+00:00,62317.75
2021-02-24 21:00:00+00:00,59008.25
2021-02-24 22:00:00+00:00,54695.75
2021-02-24 23:00:00+00:00,51511.0
2021-02-25 00:00:00+00:00,50391.25
2021-02-25 01:00:00+00:00,49583.25
2021-02-25 02:00:00+00:00,49929.25
2021-02-25 03:00:00+00:00,51699.25
2021-02-25 04:00:00+00:00,55337.25
2021-02-25 05:00:00+00:00,62204.25
2021-02-25 06:00:00+00:00,66855.25
2021-02-25 07:00:00+00:00,69122.25
2021-02-25 08:00:00+00:00,68869.0
2021-02-25 09:00:00+00:00,69032.25
2021-02-25 10:00:00+00:00,69401.0
2021-02-25 11:00:00+00:00,68554.75
2021-02-25 12:00:00+00:00,66813.25
2021-02-25 13:00:00+00:00,65384.25
2021-02-25 14:00:00+00:00,64250.5
2021-02-25 15:00:00+00:00,63463.5
2021-02-25 16:00:00+00:00,65086.5
2021-02-25 17:00:00+00:00,68847.25
2021-02-25 18:00:00+00:00,68393.25
2021-02-25 19:00:00+00:00,64874.0
2021-02-25 20:00:00+00:00,61160.25
2021-02-25 21:00:00+00:00,58011.25
2021-02-25 22:00:00+00:00,53936.75
2021-02-25 23:00:00+00:00,50750.75
2021-02-26 00:00:00+00:00,49056.0
2021-02-26 01:00:00+00:00,48604.75
2021-02-26 02:00:00+00:00,49226.0
2021-02-26 03:00:00+00:00,50967.75
2021-02-26 04:00:00+00:00,54109.0
2021-02-26 05:00:00+00:00,60606.5
2021-02-26 06:00:00+00:00,65691.75
2021-02-26 07:00:00+00:00,68371.75
2021-02-26 08:00:00+00:00,69161.5
2021-02-26 09:00:00+00:00,69643.5
2021-02-26 10:00:00+00:00,70542.5
2021-02-26 11:00:00+00:00,70637.0
2021-02-26 12:00:00+00:00,68728.0
2021-02-26 13:00:00+00:00,67052.0
2021-02-26 14:00:00+00:00,65667.25
2021-02-26 15:00:00+00:00,64801.5
2021-02-26 16:00:00+00:00,66034.0
2021-02-26 17:00:00+00:00,68680.5
2021-02-26 18:00:00+00:00,67731.75
2021-02-26 19:00:00+00:00,64172.75
2021-02-26 20:00:00+00:00,60693.75
2021-02-26 21:00:00+00:00,58077.5
2021-02-26 22:00:00+00:00,54294.0
2021-02-26 23:00:00+00:00,51274.5
2021-02-27 00:00:00+00:00,49504.75
2021-02-27 01:00:00+00:00,48499.75
2021-02-27 02:00:00+00:00,47499.25
2021-02-27 03:00:00+00:00,47059.5
2021-02-27 04:00:00+00:00,47160.75
2021-02-27 05:00:00+00:00,48449.75
2021-02-27 06:00:00+00:00,50598.0
2021-02-27 07:00:00+00:00,53879.25
2021-02-27 08:00:00+00:00,56394.75
2021-02-27 09:00:00+00:00,57677.5
2021-02-27 10:00:00+00:00,58639.0
2021-02-27 11:00:00+00:00,57623.0
2021-02-27 12:00:00+00:00,55891.5
2021-02-27 13:00:00+00:00,54031.5
2021-02-27 14:00:00+00:00,53271.5
2021-02-27 15:00:00+00:00,53164.25
2021-02-27 16:00:00+00:00,55405.0
2021-02-27 17:00:00+00:00,59421.75
2021-02-27 18:00:00+00:00,58763.75
2021-02-27 19:00:00+00:00,55370.25
2021-02-27 20:00:00+00:00,52910.75
2021-02-27 21:00:00+00:00,51738.0
2021-02-27 22:00:00+00:00,48815.0
2021-02-27 23:00:00+00:00,46079.5
2021-02-28 00:00:00+00:00,44320.75
2021-02-28 01:00:00+00:00,43201.5
2021-02-28 02:00:00+00:00,43452.75
2021-02-28 03:00:00+00:00,43607.75
2021-02-28 04:00:00+00:00,43690.75
2021-02-28 05:00:00+00:00,43836.75
2021-02-28 06:00:00+00:00,45470.25
2021-02-28 07:00:00+00:00,48991.75
2021-02-28 08:00:00+00:00,51872.0
2021-02-28 09:00:00+00:00,53819.0
2021-02-28 10:00:00+00:00,55805.25
2021-02-28 11:00:00+00:00,54675.5
2021-02-28 12:00:00+00:00,51963.0
2021-02-28 13:00:00+00:00,49985.5
2021-02-28 14:00:00+00:00,48857.5
2021-02-28 15:00:00+00:00,49612.75
2021-02-28 16:00:00+00:00,52936.75
2021-02-28 17:00:00+00:00,57352.25
2021-02-28 18:00:00+00:00,57568.0
2021-02-28 19:00:00+00:00,54613.5
2021-02-28 20:00:00+00:00,52578.75
2021-02-28 21:00:00+00:00,52205.75
2021-02-28 22:00:00+00:00,49708.25
2021-02-28 23:00:00+00:00,47361.25
2021-03-01 00:00:00+00:00,46142.25
2021-03-01 01:00:00+00:00,45924.75
2021-03-01 02:00:00+00:00,46413.0
2021-03-01 03:00:00+00:00,48248.25
2021-03-01 04:00:00+00:00,52168.0
2021-03-01 05:00:00+00:00,60177.5
2021-03-01 06:00:00+00:00,65827.5
2021-03-01 07:00:00+00:00,68541.5
2021-03-01 08:00:00+00:00,69110.25
2021-03-01 09:00:00+00:00,69722.75
2021-03-01 10:00:00+00:00,70072.5
2021-03-01 11:00:00+00:00,69960.25
2021-03-01 12:00:00+00:00,68277.25
2021-03-01 13:00:00+00:00,66494.0
2021-03-01 14:00:00+00:00,65220.0
2021-03-01 15:00:00+00:00,64420.5
2021-03-01 16:00:00+00:00,66137.25
2021-03-01 17:00:00+00:00,69757.5
2021-03-01 18:00:00+00:00,69765.5
2021-03-01 19:00:00+00:00,65947.0
2021-03-01 20:00:00+00:00,62390.0
2021-03-01 21:00:00+00:00,59219.0
2021-03-01 22:00:00+00:00,55462.75
2021-03-01 23:00:00+00:00,52351.25
2021-03-02 00:00:00+00:00,50854.25
2021-03-02 01:00:00+00:00,49884.5
2021-03-02 02:00:00+00:00,50415.75
2021-03-02 03:00:00+00:00,52007.75
2021-03-02 04:00:00+00:00,55364.0
2021-03-02 05:00:00+00:00,62118.5
2021-03-02 06:00:00+00:00,66742.75
2021-03-02 07:00:00+00:00,69019.75
2021-03-02 08:00:00+00:00,69378.25
2021-03-02 09:00:00+00:00,69663.0
2021-03-02 10:00:00+00:00,69748.75
2021-03-02 11:00:00+00:00,68898.25
2021-03-02 12:00:00+00:00,67297.25
2021-03-02 13:00:00+00:00,65430.5
2021-03-02 14:00:00+00:00,64268.75
2021-03-02 15:00:00+00:00,62981.0
2021-03-02 16:00:00+00:00,64661.25
2021-03-02 17:00:00+00:00,68478.75
2021-03-02 18:00:00+00:00,68683.25
2021-03-02 19:00:00+00:00,65056.5
2021-03-02 20:00:00+00:00,61259.0
2021-03-02 21:00:00+00:00,58186.75
2021-03-02 22:00:00+00:00,54641.5
2021-03-02 23:00:00+00:00,51522.5
2021-03-03 00:00:00+00:00,49990.5
2021-03-03 01:00:00+00:00,49316.5
2021-03-03 02:00:00+00:00,49870.75
2021-03-03 03:00:00+00:00,51748.75
2021-03-03 04:00:00+00:00,55380.0
2021-03-03 05:00:00+00:00,62318.5
2021-03-03 06:00:00+00:00,67512.25
2021-03-03 07:00:00+00:00,70176.25
2021-03-03 08:00:00+00:00,70010.75
2021-03-03 09:00:00+00:00,69875.0
2021-03-03 10:00:00+00:00,70118.25
2021-03-03 11:00:00+00:00,69455.5
2021-03-03 12:00:00+00:00,68203.5
2021-03-03 13:00:00+00:00,66841.25
2021-03-03 14:00:00+00:00,65737.0
2021-03-03 15:00:00+00:00,64796.5
2021-03-03 16:00:00+00:00,66223.0
2021-03-03 17:00:00+00:00,69746.25
2021-03-03 18:00:00+00:00,69869.0
2021-03-03 19:00:00+00:00,66307.5
2021-03-03 20:00:00+00:00,62855.5
2021-03-03 21:00:00+00:00,59775.5
2021-03-03 22:00:00+00:00,55864.25
2021-03-03 23:00:00+00:00,52688.25
2021-03-04 00:00:00+00:00,51218.75
2021-03-04 01:00:00+00:00,50309.5
2021-03-04 02:00:00+00:00,50684.75
2021-03-04 03:00:00+00:00,51730.5
2021-03-04 04:00:00+00:00,54953.5
2021-03-04 05:00:00+00:00,61158.75
2021-03-04 06:00:00+00:00,66454.5
2021-03-04 07:00:00+00:00,69088.25
2021-03-04 08:00:00+00:00,69336.0
2021-03-04 09:00:00+00:00,69918.75
2021-03-04 10:00:00+00:00,70952.5
2021-03-04 11:00:00+00:00,70764.5
2021-03-04 12:00:00+00:00,69420.0
2021-03-04 13:00:00+00:00,68793.5
2021-03-04 14:00:00+00:00,68200.25
2021-03-04 15:00:00+00:00,67391.5
2021-03-04 16:00:00+00:00,67801.5
2021-03-04 17:00:00+00:00,70052.0
2021-03-04 18:00:00+00:00,69390.25
2021-03-04 19:00:00+00:00,65862.75
2021-03-04 20:00:00+00:00,62323.25
2021-03-04 21:00:00+00:00,59350.25
2021-03-04 22:00:00+00:00,55492.25
2021-03-04 23:00:00+00:00,52716.5
2021-03-05 00:00:00+00:00,51185.25
2021-03-05 01:00:00+00:00,50177.0
2021-03-05 02:00:00+00:00,50321.25
2021-03-05 03:00:00+00:00,51501.0
2021-03-05 04:00:00+00:00,55134.5
2021-03-05 05:00:00+00:00,61549.25
2021-03-05 06:00:00+00:00,66597.25
2021-03-05 07:00:00+00:00,69368.0
2021-03-05 08:00:00+00:00,70347.5
2021-03-05 09:00:00+00:00,70845.75
2021-03-05 10:00:00+00:00,71608.75
2021-03-05 11:00:00+00:00,70784.25
2021-03-05 12:00:00+00:00,69063.5
2021-03-05 13:00:00+00:00,67572.0
2021-03-05 14:00:00+00:00,66319.0
2021-03-05 15:00:00+00:00,65698.0
2021-03-05 16:00:00+00:00,66200.75
2021-03-05 17:00:00+00:00,68979.5
2021-03-05 18:00:00+00:00,68980.75
2021-03-05 19:00:00+00:00,64728.5
2021-03-05 20:00:00+00:00,60650.25
2021-03-05 21:00:00+00:00,58086.75
2021-03-05 22:00:00+00:00,54632.25
2021-03-05 23:00:00+00:00,51828.5
2021-03-06 00:00:00+00:00,49845.25
2021-03-06 01:00:00+00:00,48939.0
2021-03-06 02:00:00+00:00,48702.25
2021-03-06 03:00:00+00:00,48940.5
2021-03-06 04:00:00+00:00,49045.0
2021-03-06 05:00:00+00:00,49837.0
2021-03-06 06:00:00+00:00,52371.0
2021-03-06 07:00:00+00:00,55772.25
2021-03-06 08:00:00+00:00,58207.25
2021-03-06 09:00:00+00:00,59492.0
2021-03-06 10:00:00+00:00,60402.0
2021-03-06 11:00:00+00:00,59698.0
2021-03-06 12:00:00+00:00,57617.25
2021-03-06 13:00:00+00:00,56104.5
2021-03-06 14:00:00+00:00,54734.5
2021-03-06 15:00:00+00:00,54507.75
2021-03-06 16:00:00+00:00,56941.5
2021-03-06 17:00:00+00:00,60812.25
2021-03-06 18:00:00+00:00,60889.5
2021-03-06 19:00:00+00:00,57640.0
2021-03-06 20:00:00+00:00,55337.5
2021-03-06 21:00:00+00:00,54253.0
2021-03-06 22:00:00+00:00,51871.0
2021-03-06 23:00:00+00:00,49142.25
2021-03-07 00:00:00+00:00,47555.5
2021-03-07 01:00:00+00:00,46272.5
2021-03-07 02:00:00+00:00,45925.0
2021-03-07 03:00:00+00:00,46285.75
2021-03-07 04:00:00+00:00,46559.25
2021-03-07 05:00:00+00:00,46222.25
2021-03-07 06:00:00+00:00,47478.0
2021-03-07 07:00:00+00:00,51007.5
2021-03-07 08:00:00+00:00,54624.0
2021-03-07 09:00:00+00:00,56647.75
2021-03-07 10:00:00+00:00,58735.5
2021-03-07 11:00:00+00:00,58318.0
2021-03-07 12:00:00+00:00,55633.0
2021-03-07 13:00:00+00:00,53551.5
2021-03-07 14:00:00+00:00,51528.5
2021-03-07 15:00:00+00:00,52087.25
2021-03-07 16:00:00+00:00,55283.0
2021-03-07 17:00:00+00:00,59031.25
2021-03-07 18:00:00+00:00,58895.5
2021-03-07 19:00:00+00:00,55647.75
2021-03-07 20:00:00+00:00,54205.25
2021-03-07 21:00:00+00:00,53833.0
2021-03-07 22:00:00+00:00,51153.0
2021-03-07 23:00:00+00:00,49002.0
2021-03-08 00:00:00+00:00,47580.5
2021-03-08 01:00:00+00:00,46891.0
2021-03-08 02:00:00+00:00,47604.75
2021-03-08 03:00:00+00:00,49305.0
2021-03-08 04:00:00+00:00,52612.25
2021-03-08 05:00:00+00:00,60034.5
2021-03-08 06:00:00+00:00,65410.5
2021-03-08 07:00:00+00:00,68533.75
2021-03-08 08:00:00+00:00,69753.5
2021-03-08 09:00:00+00:00,70138.25
2021-03-08 10:00:00+00:00,70723.0
2021-03-08 11:00:00+00:00,70418.5
2021-03-08 12:00:00+00:00,69010.25
2021-03-08 13:00:00+00:00,67504.75
2021-03-08 14:00:00+00:00,66545.75
2021-03-08 15:00:00+00:00,65359.75
2021-03-08 16:00:00+00:00,66346.75
2021-03-08 17:00:00+00:00,69792.0
2021-03-08 18:00:00+00:00,70012.25
2021-03-08 19:00:00+00:00,65879.25
2021-03-08 20:00:00+00:00,62296.75
2021-03-08 21:00:00+00:00,59977.75
2021-03-08 22:00:00+00:00,57418.75
2021-03-08 23:00:00+00:00,52992.5
2021-03-09 00:00:00+00:00,51644.75
2021-03-09 01:00:00+00:00,50813.5
2021-03-09 02:00:00+00:00,51353.75
2021-03-09 03:00:00+00:00,52671.5
2021-03-09 04:00:00+00:00,55941.75
2021-03-09 05:00:00+00:00,62910.75
2021-03-09 06:00:00+00:00,67896.75
2021-03-09 07:00:00+00:00,70795.5
2021-03-09 08:00:00+00:00,71737.25
2021-03-09 09:00:00+00:00,72282.5
2021-03-09 10:00:00+00:00,73300.5
2021-03-09 11:00:00+00:00,73408.0
2021-03-09 12:00:00+00:00,71672.75
2021-03-09 13:00:00+00:00,70155.25
2021-03-09 14:00:00+00:00,69225.5
2021-03-09 15:00:00+00:00,67905.5
2021-03-09 16:00:00+00:00,69003.0
2021-03-09 17:00:00+00:00,71328.0
2021-03-09 18:00:00+00:00,70987.5
2021-03-09 19:00:00+00:00,66950.75
2021-03-09 20:00:00+00:00,62722.5
2021-03-09 21:00:00+00:00,59489.5
2021-03-09 22:00:00+00:00,55713.25
2021-03-09 23:00:00+00:00,52746.25
2021-03-10 00:00:00+00:00,50668.0
2021-03-10 01:00:00+00:00,50062.25
2021-03-10 02:00:00+00:00,50559.5
2021-03-10 03:00:00+00:00,52220.0
2021-03-10 04:00:00+00:00,55849.0
2021-03-10 05:00:00+00:00,62486.75
2021-03-10 06:00:00+00:00,67394.0
2021-03-10 07:00:00+00:00,70367.75
2021-03-10 08:00:00+00:00,70798.75
2021-03-10 09:00:00+00:00,71271.25
2021-03-10 10:00:00+00:00,71917.5
2021-03-10 11:00:00+00:00,71427.5
2021-03-10 12:00:00+00:00,69987.75
2021-03-10 13:00:00+00:00,69158.5
2021-03-10 14:00:00+00:00,68220.75
2021-03-10 15:00:00+00:00,67086.5
2021-03-10 16:00:00+00:00,68325.0
2021-03-10 17:00:00+00:00,71618.75
2021-03-10 18:00:00+00:00,72319.25
2021-03-10 19:00:00+00:00,68926.5
2021-03-10 20:00:00+00:00,65654.0
2021-03-10 21:00:00+00:00,62863.0
2021-03-10 22:00:00+00:00,59319.75
2021-03-10 23:00:00+00:00,56216.25
2021-03-11 00:00:00+00:00,54427.5
2021-03-11 01:00:00+00:00,53332.75
2021-03-11 02:00:00+00:00,53695.5
2021-03-11 03:00:00+00:00,55273.75
2021-03-11 04:00:00+00:00,59023.75
2021-03-11 05:00:00+00:00,65471.0
2021-03-11 06:00:00+00:00,70998.75
2021-03-11 07:00:00+00:00,73969.0
2021-03-11 08:00:00+00:00,74386.0
2021-03-11 09:00:00+00:00,75175.75
2021-03-11 10:00:00+00:00,76241.0
2021-03-11 11:00:00+00:00,76323.5
2021-03-11 12:00:00+00:00,74454.75
2021-03-11 13:00:00+00:00,72940.75
2021-03-11 14:00:00+00:00,71773.25
2021-03-11 15:00:00+00:00,70958.0
2021-03-11 16:00:00+00:00,71863.25
2021-03-11 17:00:00+00:00,74131.25
2021-03-11 18:00:00+00:00,73677.25
2021-03-11 19:00:00+00:00,69343.5
2021-03-11 20:00:00+00:00,65077.75
2021-03-11 21:00:00+00:00,62130.25
2021-03-11 22:00:00+00:00,58716.75
2021-03-11 23:00:00+00:00,56247.0
2021-03-12 00:00:00+00:00,54037.5
2021-03-12 01:00:00+00:00,52921.25
2021-03-12 02:00:00+00:00,53734.75
2021-03-12 03:00:00+00:00,55300.25
2021-03-12 04:00:00+00:00,58525.25
2021-03-12 05:00:00+00:00,64573.0
2021-03-12 06:00:00+00:00,69391.0
2021-03-12 07:00:00+00:00,71946.0
2021-03-12 08:00:00+00:00,72421.5
2021-03-12 09:00:00+00:00,73418.5
2021-03-12 10:00:00+00:00,74221.0
2021-03-12 11:00:00+00:00,73338.25
2021-03-12 12:00:00+00:00,71318.0
2021-03-12 13:00:00+00:00,69506.25
2021-03-12 14:00:00+00:00,68681.25
2021-03-12 15:00:00+00:00,67857.25
2021-03-12 16:00:00+00:00,68603.25
2021-03-12 17:00:00+00:00,70652.5
2021-03-12 18:00:00+00:00,70644.25
2021-03-12 19:00:00+00:00,66295.5
2021-03-12 20:00:00+00:00,62805.0
2021-03-12 21:00:00+00:00,59816.0
2021-03-12 22:00:00+00:00,56007.25
2021-03-12 23:00:00+00:00,52914.75
2021-03-13 00:00:00+00:00,50945.25
2021-03-13 01:00:00+00:00,50200.75
2021-03-13 02:00:00+00:00,50012.25
2021-03-13 03:00:00+00:00,50128.75
2021-03-13 04:00:00+00:00,50375.0
2021-03-13 05:00:00+00:00,51274.5
2021-03-13 06:00:00+00:00,53611.5
2021-03-13 07:00:00+00:00,57826.25
2021-03-13 08:00:00+00:00,61784.25
2021-03-13 09:00:00+00:00,64213.75
2021-03-13 10:00:00+00:00,65554.5
2021-03-13 11:00:00+00:00,64995.25
2021-03-13 12:00:00+00:00,63181.25
2021-03-13 13:00:00+00:00,61458.25
2021-03-13 14:00:00+00:00,60692.25
2021-03-13 15:00:00+00:00,60240.0
2021-03-13 16:00:00+00:00,60948.5
2021-03-13 17:00:00+00:00,63378.0
2021-03-13 18:00:00+00:00,63725.0
2021-03-13 19:00:00+00:00,60340.25
2021-03-13 20:00:00+00:00,57641.25
2021-03-13 21:00:00+00:00,56367.0
2021-03-13 22:00:00+00:00,53760.75
2021-03-13 23:00:00+00:00,50773.25
2021-03-14 00:00:00+00:00,48737.25
2021-03-14 01:00:00+00:00,47830.0
2021-03-14 02:00:00+00:00,47321.0
2021-03-14 03:00:00+00:00,47704.25
2021-03-14 04:00:00+00:00,47385.25
2021-03-14 05:00:00+00:00,46690.0
2021-03-14 06:00:00+00:00,48535.5
2021-03-14 07:00:00+00:00,52076.75
2021-03-14 08:00:00+00:00,55007.5
2021-03-14 09:00:00+00:00,57577.25
2021-03-14 10:00:00+00:00,60388.5
2021-03-14 11:00:00+00:00,59967.0
2021-03-14 12:00:00+00:00,57128.75
2021-03-14 13:00:00+00:00,55405.25
2021-03-14 14:00:00+00:00,54268.25
2021-03-14 15:00:00+00:00,53799.25
2021-03-14 16:00:00+00:00,55539.5
2021-03-14 17:00:00+00:00,58618.25
2021-03-14 18:00:00+00:00,59444.25
2021-03-14 19:00:00+00:00,57581.75
2021-03-14 20:00:00+00:00,55730.25
2021-03-14 21:00:00+00:00,55399.75
2021-03-14 22:00:00+00:00,52111.75
2021-03-14 23:00:00+00:00,50010.75
2021-03-15 00:00:00+00:00,48793.5
2021-03-15 01:00:00+00:00,48190.5
2021-03-15 02:00:00+00:00,48619.25
2021-03-15 03:00:00+00:00,50375.75
2021-03-15 04:00:00+00:00,53915.0
2021-03-15 05:00:00+00:00,61430.75
2021-03-15 06:00:00+00:00,66721.5
2021-03-15 07:00:00+00:00,70155.75
2021-03-15 08:00:00+00:00,71250.25
2021-03-15 09:00:00+00:00,72478.25
2021-03-15 10:00:00+00:00,73528.5
2021-03-15 11:00:00+00:00,73406.5
2021-03-15 12:00:00+00:00,72374.0
2021-03-15 13:00:00+00:00,70454.75
2021-03-15 14:00:00+00:00,69165.25
2021-03-15 15:00:00+00:00,68047.25
2021-03-15 16:00:00+00:00,68665.75
2021-03-15 17:00:00+00:00,70343.5
2021-03-15 18:00:00+00:00,70685.0
2021-03-15 19:00:00+00:00,66936.5
2021-03-15 20:00:00+00:00,63296.25
2021-03-15 21:00:00+00:00,60520.25
2021-03-15 22:00:00+00:00,56798.0
2021-03-15 23:00:00+00:00,54185.25
2021-03-16 00:00:00+00:00,52344.0
2021-03-16 01:00:00+00:00,51649.5
2021-03-16 02:00:00+00:00,52254.0
2021-03-16 03:00:00+00:00,54057.25
2021-03-16 04:00:00+00:00,57227.0
2021-03-16 05:00:00+00:00,63409.0
2021-03-16 06:00:00+00:00,68437.0
2021-03-16 07:00:00+00:00,71345.75
2021-03-16 08:00:00+00:00,71805.0
2021-03-16 09:00:00+00:00,72410.75
2021-03-16 10:00:00+00:00,73799.75
2021-03-16 11:00:00+00:00,72855.5
2021-03-16 12:00:00+00:00,71694.75
2021-03-16 13:00:00+00:00,70256.75
2021-03-16 14:00:00+00:00,68858.5
2021-03-16 15:00:00+00:00,67421.0
2021-03-16 16:00:00+00:00,67644.5
2021-03-16 17:00:00+00:00,69562.5
2021-03-16 18:00:00+00:00,70250.25
2021-03-16 19:00:00+00:00,66311.0
2021-03-16 20:00:00+00:00,62775.0
2021-03-16 21:00:00+00:00,59861.75
2021-03-16 22:00:00+00:00,55868.25
2021-03-16 23:00:00+00:00,52987.75
2021-03-17 00:00:00+00:00,51178.25
2021-03-17 01:00:00+00:00,50826.25
2021-03-17 02:00:00+00:00,51160.25
2021-03-17 03:00:00+00:00,52792.5
2021-03-17 04:00:00+00:00,56316.75
2021-03-17 05:00:00+00:00,62504.25
2021-03-17 06:00:00+00:00,67053.75
2021-03-17 07:00:00+00:00,69808.5
2021-03-17 08:00:00+00:00,70365.0
2021-03-17 09:00:00+00:00,71266.0
2021-03-17 10:00:00+00:00,71787.25
2021-03-17 11:00:00+00:00,71666.5
2021-03-17 12:00:00+00:00,70442.25
2021-03-17 13:00:00+00:00,69073.75
2021-03-17 14:00:00+00:00,68433.5
2021-03-17 15:00:00+00:00,67139.75
2021-03-17 16:00:00+00:00,67275.75
2021-03-17 17:00:00+00:00,69040.75
2021-03-17 18:00:00+00:00,70110.5
2021-03-17 19:00:00+00:00,65961.0
2021-03-17 20:00:00+00:00,62290.25
2021-03-17 21:00:00+00:00,59622.25
2021-03-17 22:00:00+00:00,56094.5
2021-03-17 23:00:00+00:00,53577.5
2021-03-18 00:00:00+00:00,51592.0
2021-03-18 01:00:00+00:00,50677.75
2021-03-18 02:00:00+00:00,51090.5
2021-03-18 03:00:00+00:00,52291.75
2021-03-18 04:00:00+00:00,55595.75
2021-03-18 05:00:00+00:00,61627.75
2021-03-18 06:00:00+00:00,66647.25
2021-03-18 07:00:00+00:00,69264.5
2021-03-18 08:00:00+00:00,69615.5
2021-03-18 09:00:00+00:00,70179.0
2021-03-18 10:00:00+00:00,70975.5
2021-03-18 11:00:00+00:00,70837.0
2021-03-18 12:00:00+00:00,69613.75
2021-03-18 13:00:00+00:00,68564.0
2021-03-18 14:00:00+00:00,68123.0
2021-03-18 15:00:00+00:00,67230.25
2021-03-18 16:00:00+00:00,67546.25
2021-03-18 17:00:00+00:00,69841.5
2021-03-18 18:00:00+00:00,70656.75
2021-03-18 19:00:00+00:00,66772.0
2021-03-18 20:00:00+00:00,63024.25
2021-03-18 21:00:00+00:00,60391.75
2021-03-18 22:00:00+00:00,56779.25
2021-03-18 23:00:00+00:00,53816.75
2021-03-19 00:00:00+00:00,51743.0
2021-03-19 01:00:00+00:00,51164.25
2021-03-19 02:00:00+00:00,51649.25
2021-03-19 03:00:00+00:00,53609.25
2021-03-19 04:00:00+00:00,56996.0
2021-03-19 05:00:00+00:00,62782.75
2021-03-19 06:00:00+00:00,68009.5
2021-03-19 07:00:00+00:00,70841.0
2021-03-19 08:00:00+00:00,71402.75
2021-03-19 09:00:00+00:00,72111.5
2021-03-19 10:00:00+00:00,72550.0
2021-03-19 11:00:00+00:00,71926.25
2021-03-19 12:00:00+00:00,70994.75
2021-03-19 13:00:00+00:00,69399.75
2021-03-19 14:00:00+00:00,68156.25
2021-03-19 15:00:00+00:00,66942.25
2021-03-19 16:00:00+00:00,67325.75
2021-03-19 17:00:00+00:00,68891.25
2021-03-19 18:00:00+00:00,69431.5
2021-03-19 19:00:00+00:00,65338.0
2021-03-19 20:00:00+00:00,61095.5
2021-03-19 21:00:00+00:00,58048.0
2021-03-19 22:00:00+00:00,54837.25
2021-03-19 23:00:00+00:00,51687.75
2021-03-20 00:00:00+00:00,49726.25
2021-03-20 01:00:00+00:00,48713.5
2021-03-20 02:00:00+00:00,48977.25
2021-03-20 03:00:00+00:00,48735.25
2021-03-20 04:00:00+00:00,49066.75
2021-03-20 05:00:00+00:00,49419.5
2021-03-20 06:00:00+00:00,52133.0
2021-03-20 07:00:00+00:00,55733.75
2021-03-20 08:00:00+00:00,58646.75
2021-03-20 09:00:00+00:00,59750.5
2021-03-20 10:00:00+00:00,60762.5
2021-03-20 11:00:00+00:00,60691.0
2021-03-20 12:00:00+00:00,58819.75
2021-03-20 13:00:00+00:00,57332.25
2021-03-20 14:00:00+00:00,56769.75
2021-03-20 15:00:00+00:00,57077.0
2021-03-20 16:00:00+00:00,58547.25
2021-03-20 17:00:00+00:00,61165.25
2021-03-20 18:00:00+00:00,61776.75
2021-03-20 19:00:00+00:00,58384.0
2021-03-20 20:00:00+00:00,55537.5
2021-03-20 21:00:00+00:00,54498.5
2021-03-20 22:00:00+00:00,52159.25
2021-03-20 23:00:00+00:00,49329.75
2021-03-21 00:00:00+00:00,47141.75
2021-03-21 01:00:00+00:00,46109.5
2021-03-21 02:00:00+00:00,45723.25
2021-03-21 03:00:00+00:00,45734.5
2021-03-21 04:00:00+00:00,46027.75
2021-03-21 05:00:00+00:00,46297.75
2021-03-21 06:00:00+00:00,47976.75
2021-03-21 07:00:00+00:00,51372.75
2021-03-21 08:00:00+00:00,54170.25
2021-03-21 09:00:00+00:00,56865.0
2021-03-21 10:00:00+00:00,59129.0
2021-03-21 11:00:00+00:00,58700.25
2021-03-21 12:00:00+00:00,56903.0
2021-03-21 13:00:00+00:00,55347.75
2021-03-21 14:00:00+00:00,54875.0
2021-03-21 15:00:00+00:00,54427.25
2021-03-21 16:00:00+00:00,55757.0
2021-03-21 17:00:00+00:00,58586.0
2021-03-21 18:00:00+00:00,59823.25
2021-03-21 19:00:00+00:00,56850.0
2021-03-21 20:00:00+00:00,54938.0
2021-03-21 21:00:00+00:00,54530.0
2021-03-21 22:00:00+00:00,51581.0
2021-03-21 23:00:00+00:00,49096.0
2021-03-22 00:00:00+00:00,47873.25
2021-03-22 01:00:00+00:00,47264.75
2021-03-22 02:00:00+00:00,47536.0
2021-03-22 03:00:00+00:00,49248.0
2021-03-22 04:00:00+00:00,52952.75
2021-03-22 05:00:00+00:00,60063.0
2021-03-22 06:00:00+00:00,65474.75
2021-03-22 07:00:00+00:00,68443.25
2021-03-22 08:00:00+00:00,69252.0
2021-03-22 09:00:00+00:00,70553.5
2021-03-22 10:00:00+00:00,71980.5
2021-03-22 11:00:00+00:00,71800.75
2021-03-22 12:00:00+00:00,70951.25
2021-03-22 13:00:00+00:00,69606.25
2021-03-22 14:00:00+00:00,68897.25
2021-03-22 15:00:00+00:00,67439.0
2021-03-22 16:00:00+00:00,67741.75
2021-03-22 17:00:00+00:00,69266.5
2021-03-22 18:00:00+00:00,70590.0
2021-03-22 19:00:00+00:00,66488.0
2021-03-22 20:00:00+00:00,63138.5
2021-03-22 21:00:00+00:00,60630.0
2021-03-22 22:00:00+00:00,56863.25
2021-03-22 23:00:00+00:00,53720.75
2021-03-23 00:00:00+00:00,51613.5
2021-03-23 01:00:00+00:00,50745.75
2021-03-23 02:00:00+00:00,51057.0
2021-03-23 03:00:00+00:00,52698.0
2021-03-23 04:00:00+00:00,55598.75
2021-03-23 05:00:00+00:00,62042.25
2021-03-23 06:00:00+00:00,67189.75
2021-03-23 07:00:00+00:00,69626.25
2021-03-23 08:00:00+00:00,69640.75
2021-03-23 09:00:00+00:00,70057.5
2021-03-23 10:00:00+00:00,71025.5
2021-03-23 11:00:00+00:00,71305.25
2021-03-23 12:00:00+00:00,70269.0
2021-03-23 13:00:00+00:00,68345.75
2021-03-23 14:00:00+00:00,67431.75
2021-03-23 15:00:00+00:00,66437.0
2021-03-23 16:00:00+00:00,66624.5
2021-03-23 17:00:00+00:00,68363.75
2021-03-23 18:00:00+00:00,70040.25
2021-03-23 19:00:00+00:00,66100.0
2021-03-23 20:00:00+00:00,62856.75
2021-03-23 21:00:00+00:00,60109.0
2021-03-23 22:00:00+00:00,56214.0
2021-03-23 23:00:00+00:00,53118.25
2021-03-24 00:00:00+00:00,51142.25
2021-03-24 01:00:00+00:00,50448.0
2021-03-24 02:00:00+00:00,51218.0
2021-03-24 03:00:00+00:00,52958.0
2021-03-24 04:00:00+00:00,56162.0
2021-03-24 05:00:00+00:00,62339.5
2021-03-24 06:00:00+00:00,66830.25
2021-03-24 07:00:00+00:00,69019.75
2021-03-24 08:00:00+00:00,69098.25
2021-03-24 09:00:00+00:00,68996.25
2021-03-24 10:00:00+00:00,70128.0
2021-03-24 11:00:00+00:00,69461.25
2021-03-24 12:00:00+00:00,68174.5
2021-03-24 13:00:00+00:00,66861.0
2021-03-24 14:00:00+00:00,65233.5
2021-03-24 15:00:00+00:00,63418.25
2021-03-24 16:00:00+00:00,64288.5
2021-03-24 17:00:00+00:00,67012.0
2021-03-24 18:00:00+00:00,69237.75
2021-03-24 19:00:00+00:00,65231.5
2021-03-24 20:00:00+00:00,61732.75
2021-03-24 21:00:00+00:00,59173.5
2021-03-24 22:00:00+00:00,55380.5
2021-03-24 23:00:00+00:00,52161.0
2021-03-25 00:00:00+00:00,50056.0
2021-03-25 01:00:00+00:00,49302.0
2021-03-25 02:00:00+00:00,50081.5
2021-03-25 03:00:00+00:00,51355.25
2021-03-25 04:00:00+00:00,55053.75
2021-03-25 05:00:00+00:00,60456.0
2021-03-25 06:00:00+00:00,64964.75
2021-03-25 07:00:00+00:00,67503.75
2021-03-25 08:00:00+00:00,68022.0
2021-03-25 09:00:00+00:00,68294.25
2021-03-25 10:00:00+00:00,68229.75
2021-03-25 11:00:00+00:00,67800.5
2021-03-25 12:00:00+00:00,66784.0
2021-03-25 13:00:00+00:00,65686.25
2021-03-25 14:00:00+00:00,64746.25
2021-03-25 15:00:00+00:00,63707.0
2021-03-25 16:00:00+00:00,64568.5
2021-03-25 17:00:00+00:00,66176.5
2021-03-25 18:00:00+00:00,67865.0
2021-03-25 19:00:00+00:00,64209.25
2021-03-25 20:00:00+00:00,60540.75
2021-03-25 21:00:00+00:00,57660.0
2021-03-25 22:00:00+00:00,53847.75
2021-03-25 23:00:00+00:00,50620.75
2021-03-26 00:00:00+00:00,48697.5
2021-03-26 01:00:00+00:00,48382.75
2021-03-26 02:00:00+00:00,48969.0
2021-03-26 03:00:00+00:00,50851.75
2021-03-26 04:00:00+00:00,54562.5
2021-03-26 05:00:00+00:00,60246.0
2021-03-26 06:00:00+00:00,64694.25
2021-03-26 07:00:00+00:00,67078.0
2021-03-26 08:00:00+00:00,67232.0
2021-03-26 09:00:00+00:00,67335.25
2021-03-26 10:00:00+00:00,68558.0
2021-03-26 11:00:00+00:00,67275.25
2021-03-26 12:00:00+00:00,65064.75
2021-03-26 13:00:00+00:00,63256.5
2021-03-26 14:00:00+00:00,62547.5
2021-03-26 15:00:00+00:00,61650.75
2021-03-26 16:00:00+00:00,61864.5
2021-03-26 17:00:00+00:00,63913.5
2021-03-26 18:00:00+00:00,65714.5
2021-03-26 19:00:00+00:00,62647.0
2021-03-26 20:00:00+00:00,59214.5
2021-03-26 21:00:00+00:00,56084.25
2021-03-26 22:00:00+00:00,52499.5
2021-03-26 23:00:00+00:00,49291.0
2021-03-27 00:00:00+00:00,47512.25
2021-03-27 01:00:00+00:00,46692.75
2021-03-27 02:00:00+00:00,46575.75
2021-03-27 03:00:00+00:00,47913.75
2021-03-27 04:00:00+00:00,48928.25
2021-03-27 05:00:00+00:00,49750.0
2021-03-27 06:00:00+00:00,53083.0
2021-03-27 07:00:00+00:00,56421.0
2021-03-27 08:00:00+00:00,59814.5
2021-03-27 09:00:00+00:00,62223.5
2021-03-27 10:00:00+00:00,63465.75
2021-03-27 11:00:00+00:00,62229.75
2021-03-27 12:00:00+00:00,59923.0
2021-03-27 13:00:00+00:00,58309.25
2021-03-27 14:00:00+00:00,57818.25
2021-03-27 15:00:00+00:00,56366.5
2021-03-27 16:00:00+00:00,57686.0
2021-03-27 17:00:00+00:00,59229.25
2021-03-27 18:00:00+00:00,59870.25
2021-03-27 19:00:00+00:00,56935.5
2021-03-27 20:00:00+00:00,54149.5
2021-03-27 21:00:00+00:00,52612.5
2021-03-27 22:00:00+00:00,49767.5
2021-03-27 23:00:00+00:00,46517.0
2021-03-28 00:00:00+00:00,44817.0
2021-03-28 01:00:00+00:00,44435.5
2021-03-28 02:00:00+00:00,44177.25
2021-03-28 03:00:00+00:00,44405.75
2021-03-28 04:00:00+00:00,43922.75
2021-03-28 05:00:00+00:00,44873.0
2021-03-28 06:00:00+00:00,48023.25
2021-03-28 07:00:00+00:00,51050.25
2021-03-28 08:00:00+00:00,53319.5
2021-03-28 09:00:00+00:00,55607.25
2021-03-28 10:00:00+00:00,55602.25
2021-03-28 11:00:00+00:00,54288.25
2021-03-28 12:00:00+00:00,52218.25
2021-03-28 13:00:00+00:00,51180.5
2021-03-28 14:00:00+00:00,51034.0
2021-03-28 15:00:00+00:00,52719.5
2021-03-28 16:00:00+00:00,54386.0
2021-03-28 17:00:00+00:00,55902.0
2021-03-28 18:00:00+00:00,55626.5
2021-03-28 19:00:00+00:00,54034.75
2021-03-28 20:00:00+00:00,53553.25
2021-03-28 21:00:00+00:00,50738.75
2021-03-28 22:00:00+00:00,48054.5
2021-03-28 23:00:00+00:00,45864.5
2021-03-29 00:00:00+00:00,45310.5
2021-03-29 01:00:00+00:00,45843.0
2021-03-29 02:00:00+00:00,47505.75
2021-03-29 03:00:00+00:00,51560.25
2021-03-29 04:00:00+00:00,58922.75
2021-03-29 05:00:00+00:00,64050.25
2021-03-29 06:00:00+00:00,67053.75
2021-03-29 07:00:00+00:00,68026.75
2021-03-29 08:00:00+00:00,68373.5
2021-03-29 09:00:00+00:00,69680.5
2021-03-29 10:00:00+00:00,69663.75
2021-03-29 11:00:00+00:00,68143.75
2021-03-29 12:00:00+00:00,66067.75
2021-03-29 13:00:00+00:00,64540.25
2021-03-29 14:00:00+00:00,63398.0
2021-03-29 15:00:00+00:00,62606.75
2021-03-29 16:00:00+00:00,62739.0
2021-03-29 17:00:00+00:00,64142.75
2021-03-29 18:00:00+00:00,64211.5
2021-03-29 19:00:00+00:00,60796.0
2021-03-29 20:00:00+00:00,57655.0
2021-03-29 21:00:00+00:00,53481.0
2021-03-29 22:00:00+00:00,50295.5
2021-03-29 23:00:00+00:00,48080.25
2021-03-30 00:00:00+00:00,47325.0
2021-03-30 01:00:00+00:00,48312.0
2021-03-30 02:00:00+00:00,49708.5
2021-03-30 03:00:00+00:00,53156.0
2021-03-30 04:00:00+00:00,59778.25
2021-03-30 05:00:00+00:00,64380.75
2021-03-30 06:00:00+00:00,67225.75
2021-03-30 07:00:00+00:00,67695.75
2021-03-30 08:00:00+00:00,67478.75
2021-03-30 09:00:00+00:00,68059.75
2021-03-30 10:00:00+00:00,67744.5
2021-03-30 11:00:00+00:00,66047.0
2021-03-30 12:00:00+00:00,64150.0
2021-03-30 13:00:00+00:00,63142.25
2021-03-30 14:00:00+00:00,61898.0
2021-03-30 15:00:00+00:00,61688.25
2021-03-30 16:00:00+00:00,62296.5
2021-03-30 17:00:00+00:00,63130.5
2021-03-30 18:00:00+00:00,62988.25
2021-03-30 19:00:00+00:00,59638.5
2021-03-30 20:00:00+00:00,56106.75
2021-03-30 21:00:00+00:00,52238.25
2021-03-30 22:00:00+00:00,49292.0
2021-03-30 23:00:00+00:00,47036.0
2021-03-31 00:00:00+00:00,45578.0
2021-03-31 01:00:00+00:00,45984.25
2021-03-31 02:00:00+00:00,47486.0
2021-03-31 03:00:00+00:00,51358.25
2021-03-31 04:00:00+00:00,57869.75
2021-03-31 05:00:00+00:00,62304.5
2021-03-31 06:00:00+00:00,65152.25
2021-03-31 07:00:00+00:00,66031.0
2021-03-31 08:00:00+00:00,66558.75
2021-03-31 09:00:00+00:00,67030.75
2021-03-31 10:00:00+00:00,66285.25
2021-03-31 11:00:00+00:00,64825.5
2021-03-31 12:00:00+00:00,63016.75
2021-03-31 13:00:00+00:00,61614.75
2021-03-31 14:00:00+00:00,60123.25
2021-03-31 15:00:00+00:00,60014.5
2021-03-31 16:00:00+00:00,60436.25
2021-03-31 17:00:00+00:00,61625.75
2021-03-31 18:00:00+00:00,62075.5
2021-03-31 19:00:00+00:00,58862.5
2021-03-31 20:00:00+00:00,55263.0
2021-03-31 21:00:00+00:00,51080.25
2021-03-31 22:00:00+00:00,47762.0
2021-03-31 23:00:00+00:00,45459.75
2021-04-01 00:00:00+00:00,44648.75
2021-04-01 01:00:00+00:00,44779.75
2021-04-01 02:00:00+00:00,46472.0
2021-04-01 03:00:00+00:00,49816.0
2021-04-01 04:00:00+00:00,56168.25
2021-04-01 05:00:00+00:00,60764.25
2021-04-01 06:00:00+00:00,63842.5
2021-04-01 07:00:00+00:00,64789.5
2021-04-01 08:00:00+00:00,66029.25
2021-04-01 09:00:00+00:00,67036.75
2021-04-01 10:00:00+00:00,66505.25
2021-04-01 11:00:00+00:00,65092.25
2021-04-01 12:00:00+00:00,63733.25
2021-04-01 13:00:00+00:00,62300.0
2021-04-01 14:00:00+00:00,61316.0
2021-04-01 15:00:00+00:00,61268.75
2021-04-01 16:00:00+00:00,61194.5
2021-04-01 17:00:00+00:00,61169.5
2021-04-01 18:00:00+00:00,60427.5
2021-04-01 19:00:00+00:00,56962.25
2021-04-01 20:00:00+00:00,53271.0
2021-04-01 21:00:00+00:00,49213.75
2021-04-01 22:00:00+00:00,45691.5
2021-04-01 23:00:00+00:00,43678.0
2021-04-02 00:00:00+00:00,42406.5
2021-04-02 01:00:00+00:00,42112.0
2021-04-02 02:00:00+00:00,42359.5
2021-04-02 03:00:00+00:00,41810.5
2021-04-02 04:00:00+00:00,41996.0
2021-04-02 05:00:00+00:00,43333.25
2021-04-02 06:00:00+00:00,46943.0
2021-04-02 07:00:00+00:00,50661.5
2021-04-02 08:00:00+00:00,53631.5
2021-04-02 09:00:00+00:00,55495.5
2021-04-02 10:00:00+00:00,55699.75
2021-04-02 11:00:00+00:00,53776.75
2021-04-02 12:00:00+00:00,51824.5
2021-04-02 13:00:00+00:00,50975.75
2021-04-02 14:00:00+00:00,50377.5
2021-04-02 15:00:00+00:00,51007.25
2021-04-02 16:00:00+00:00,52526.0
2021-04-02 17:00:00+00:00,53269.25
2021-04-02 18:00:00+00:00,52880.25
2021-04-02 19:00:00+00:00,50729.5
2021-04-02 20:00:00+00:00,49238.25
2021-04-02 21:00:00+00:00,46268.5
2021-04-02 22:00:00+00:00,44131.0
2021-04-02 23:00:00+00:00,42103.75
2021-04-03 00:00:00+00:00,41087.0
2021-04-03 01:00:00+00:00,41217.0
2021-04-03 02:00:00+00:00,41671.25
2021-04-03 03:00:00+00:00,42747.0
2021-04-03 04:00:00+00:00,44072.5
2021-04-03 05:00:00+00:00,46005.75
2021-04-03 06:00:00+00:00,49301.25
2021-04-03 07:00:00+00:00,52047.75
2021-04-03 08:00:00+00:00,54144.5
2021-04-03 09:00:00+00:00,55345.25
2021-04-03 10:00:00+00:00,55013.75
2021-04-03 11:00:00+00:00,53690.75
2021-04-03 12:00:00+00:00,52020.75
2021-04-03 13:00:00+00:00,51416.5
2021-04-03 14:00:00+00:00,50759.0
2021-04-03 15:00:00+00:00,51559.25
2021-04-03 16:00:00+00:00,52567.75
2021-04-03 17:00:00+00:00,52666.0
2021-04-03 18:00:00+00:00,52390.25
2021-04-03 19:00:00+00:00,50213.5
2021-04-03 20:00:00+00:00,48527.75
2021-04-03 21:00:00+00:00,45356.0
2021-04-03 22:00:00+00:00,42523.25
2021-04-03 23:00:00+00:00,40283.75
2021-04-04 00:00:00+00:00,39315.0
2021-04-04 01:00:00+00:00,39338.75
2021-04-04 02:00:00+00:00,39402.25
2021-04-04 03:00:00+00:00,39773.5
2021-04-04 04:00:00+00:00,39917.25
2021-04-04 05:00:00+00:00,41303.25
2021-04-04 06:00:00+00:00,44920.25
2021-04-04 07:00:00+00:00,48294.0
2021-04-04 08:00:00+00:00,50553.0
2021-04-04 09:00:00+00:00,52306.0
2021-04-04 10:00:00+00:00,51297.0
2021-04-04 11:00:00+00:00,49385.25
2021-04-04 12:00:00+00:00,47583.75
2021-04-04 13:00:00+00:00,46700.5
2021-04-04 14:00:00+00:00,45993.0
2021-04-04 15:00:00+00:00,47131.5
2021-04-04 16:00:00+00:00,48761.75
2021-04-04 17:00:00+00:00,49303.25
2021-04-04 18:00:00+00:00,50670.25
2021-04-04 19:00:00+00:00,49468.0
2021-04-04 20:00:00+00:00,48234.25
2021-04-04 21:00:00+00:00,45761.75
2021-04-04 22:00:00+00:00,43973.25
2021-04-04 23:00:00+00:00,42346.5
2021-04-05 00:00:00+00:00,41986.75
2021-04-05 01:00:00+00:00,42209.5
2021-04-05 02:00:00+00:00,42465.0
2021-04-05 03:00:00+00:00,43215.5
2021-04-05 04:00:00+00:00,43675.5
2021-04-05 05:00:00+00:00,44881.25
2021-04-05 06:00:00+00:00,47770.75
2021-04-05 07:00:00+00:00,51382.0
2021-04-05 08:00:00+00:00,53924.5
2021-04-05 09:00:00+00:00,56328.75
2021-04-05 10:00:00+00:00,56512.5
2021-04-05 11:00:00+00:00,54696.75
2021-04-05 12:00:00+00:00,53637.5
2021-04-05 13:00:00+00:00,53040.5
2021-04-05 14:00:00+00:00,52672.75
2021-04-05 15:00:00+00:00,54273.25
2021-04-05 16:00:00+00:00,56165.75
2021-04-05 17:00:00+00:00,55839.0
2021-04-05 18:00:00+00:00,55567.0
2021-04-05 19:00:00+00:00,54615.75
2021-04-05 20:00:00+00:00,54064.5
2021-04-05 21:00:00+00:00,52025.0
2021-04-05 22:00:00+00:00,49293.25
2021-04-05 23:00:00+00:00,47914.75
2021-04-06 00:00:00+00:00,47318.5
2021-04-06 01:00:00+00:00,47582.25
2021-04-06 02:00:00+00:00,48732.75
2021-04-06 03:00:00+00:00,52785.25
2021-04-06 04:00:00+00:00,59214.5
2021-04-06 05:00:00+00:00,64074.5
2021-04-06 06:00:00+00:00,68113.75
2021-04-06 07:00:00+00:00,70109.5
2021-04-06 08:00:00+00:00,72346.25
2021-04-06 09:00:00+00:00,73994.75
2021-04-06 10:00:00+00:00,73987.75
2021-04-06 11:00:00+00:00,72105.5
2021-04-06 12:00:00+00:00,70877.5
2021-04-06 13:00:00+00:00,70037.5
2021-04-06 14:00:00+00:00,67807.0
2021-04-06 15:00:00+00:00,67731.25
2021-04-06 16:00:00+00:00,67750.75
2021-04-06 17:00:00+00:00,66983.0
2021-04-06 18:00:00+00:00,66149.25
2021-04-06 19:00:00+00:00,63123.75
2021-04-06 20:00:00+00:00,60564.25
2021-04-06 21:00:00+00:00,57038.0
2021-04-06 22:00:00+00:00,54624.75
2021-04-06 23:00:00+00:00,52483.0
2021-04-07 00:00:00+00:00,51298.25
2021-04-07 01:00:00+00:00,51665.25
2021-04-07 02:00:00+00:00,53396.5
2021-04-07 03:00:00+00:00,56639.75
2021-04-07 04:00:00+00:00,62543.75
2021-04-07 05:00:00+00:00,67212.0
2021-04-07 06:00:00+00:00,70679.0
2021-04-07 07:00:00+00:00,72777.25
2021-04-07 08:00:00+00:00,74619.75
2021-04-07 09:00:00+00:00,76851.0
2021-04-07 10:00:00+00:00,76515.5
2021-04-07 11:00:00+00:00,75167.75
2021-04-07 12:00:00+00:00,73621.0
2021-04-07 13:00:00+00:00,72062.5
2021-04-07 14:00:00+00:00,70203.25
2021-04-07 15:00:00+00:00,69456.0
2021-04-07 16:00:00+00:00,69437.25
2021-04-07 17:00:00+00:00,68974.0
2021-04-07 18:00:00+00:00,67701.25
2021-04-07 19:00:00+00:00,64858.25
2021-04-07 20:00:00+00:00,62164.5
2021-04-07 21:00:00+00:00,58843.5
2021-04-07 22:00:00+00:00,55809.5
2021-04-07 23:00:00+00:00,53694.75
2021-04-08 00:00:00+00:00,52711.25
2021-04-08 01:00:00+00:00,52539.0
2021-04-08 02:00:00+00:00,53836.25
2021-04-08 03:00:00+00:00,56938.5
2021-04-08 04:00:00+00:00,62372.5
2021-04-08 05:00:00+00:00,66440.5
2021-04-08 06:00:00+00:00,69461.25
2021-04-08 07:00:00+00:00,70498.5
2021-04-08 08:00:00+00:00,71356.75
2021-04-08 09:00:00+00:00,72972.5
2021-04-08 10:00:00+00:00,72156.5
2021-04-08 11:00:00+00:00,70150.0
2021-04-08 12:00:00+00:00,68588.0
2021-04-08 13:00:00+00:00,67297.5
2021-04-08 14:00:00+00:00,65670.5
2021-04-08 15:00:00+00:00,65798.0
2021-04-08 16:00:00+00:00,65721.25
2021-04-08 17:00:00+00:00,65503.25
2021-04-08 18:00:00+00:00,65249.0
2021-04-08 19:00:00+00:00,62912.0
2021-04-08 20:00:00+00:00,60599.25
2021-04-08 21:00:00+00:00,57422.0
2021-04-08 22:00:00+00:00,54666.5
2021-04-08 23:00:00+00:00,53053.75
2021-04-09 00:00:00+00:00,52197.0
2021-04-09 01:00:00+00:00,52767.5
2021-04-09 02:00:00+00:00,54554.5
2021-04-09 03:00:00+00:00,57388.75
2021-04-09 04:00:00+00:00,62734.0
2021-04-09 05:00:00+00:00,66758.5
2021-04-09 06:00:00+00:00,69484.5
2021-04-09 07:00:00+00:00,69999.75
2021-04-09 08:00:00+00:00,70352.75
2021-04-09 09:00:00+00:00,71776.0
2021-04-09 10:00:00+00:00,70996.5
2021-04-09 11:00:00+00:00,69197.5
2021-04-09 12:00:00+00:00,66950.5
2021-04-09 13:00:00+00:00,64970.25
2021-04-09 14:00:00+00:00,63938.75
2021-04-09 15:00:00+00:00,63375.5
2021-04-09 16:00:00+00:00,63002.75
2021-04-09 17:00:00+00:00,62713.5
2021-04-09 18:00:00+00:00,61965.0
2021-04-09 19:00:00+00:00,58904.0
2021-04-09 20:00:00+00:00,55874.5
2021-04-09 21:00:00+00:00,52368.75
2021-04-09 22:00:00+00:00,48675.0
2021-04-09 23:00:00+00:00,46314.75
2021-04-10 00:00:00+00:00,45313.5
2021-04-10 01:00:00+00:00,45040.25
2021-04-10 02:00:00+00:00,45023.0
2021-04-10 03:00:00+00:00,45516.75
2021-04-10 04:00:00+00:00,46492.75
2021-04-10 05:00:00+00:00,48619.0
2021-04-10 06:00:00+00:00,52123.5
2021-04-10 07:00:00+00:00,55106.25
2021-04-10 08:00:00+00:00,57435.75
2021-04-10 09:00:00+00:00,58720.0
2021-04-10 10:00:00+00:00,58379.0
2021-04-10 11:00:00+00:00,56251.5
2021-04-10 12:00:00+00:00,54476.75
2021-04-10 13:00:00+00:00,53806.75
2021-04-10 14:00:00+00:00,53151.5
2021-04-10 15:00:00+00:00,53751.5
2021-04-10 16:00:00+00:00,54830.5
2021-04-10 17:00:00+00:00,54771.5
2021-04-10 18:00:00+00:00,54429.75
2021-04-10 19:00:00+00:00,52593.5
2021-04-10 20:00:00+00:00,51282.75
2021-04-10 21:00:00+00:00,49041.5
2021-04-10 22:00:00+00:00,46148.0
2021-04-10 23:00:00+00:00,43960.0
2021-04-11 00:00:00+00:00,42803.5
2021-04-11 01:00:00+00:00,43315.25
2021-04-11 02:00:00+00:00,43494.25
2021-04-11 03:00:00+00:00,43915.75
2021-04-11 04:00:00+00:00,43758.0
2021-04-11 05:00:00+00:00,44887.5
2021-04-11 06:00:00+00:00,48275.5
2021-04-11 07:00:00+00:00,51982.5
2021-04-11 08:00:00+00:00,54085.5
2021-04-11 09:00:00+00:00,56260.75
2021-04-11 10:00:00+00:00,56015.5
2021-04-11 11:00:00+00:00,53519.25
2021-04-11 12:00:00+00:00,51585.75
2021-04-11 13:00:00+00:00,50726.25
2021-04-11 14:00:00+00:00,50768.5
2021-04-11 15:00:00+00:00,52081.5
2021-04-11 16:00:00+00:00,53843.25
2021-04-11 17:00:00+00:00,54680.5
2021-04-11 18:00:00+00:00,54553.0
2021-04-11 19:00:00+00:00,53677.0
2021-04-11 20:00:00+00:00,53448.5
2021-04-11 21:00:00+00:00,50252.25
2021-04-11 22:00:00+00:00,47198.25
2021-04-11 23:00:00+00:00,45829.25
2021-04-12 00:00:00+00:00,45740.25
2021-04-12 01:00:00+00:00,46156.75
2021-04-12 02:00:00+00:00,47839.0
2021-04-12 03:00:00+00:00,52277.25
2021-04-12 04:00:00+00:00,59205.0
2021-04-12 05:00:00+00:00,64733.5
2021-04-12 06:00:00+00:00,67918.5
2021-04-12 07:00:00+00:00,69165.75
2021-04-12 08:00:00+00:00,70342.75
2021-04-12 09:00:00+00:00,70944.5
2021-04-12 10:00:00+00:00,71145.25
2021-04-12 11:00:00+00:00,69950.25
2021-04-12 12:00:00+00:00,68824.25
2021-04-12 13:00:00+00:00,67751.0
2021-04-12 14:00:00+00:00,65987.0
2021-04-12 15:00:00+00:00,66485.75
2021-04-12 16:00:00+00:00,66027.0
2021-04-12 17:00:00+00:00,65624.0
2021-04-12 18:00:00+00:00,64921.0
2021-04-12 19:00:00+00:00,62629.75
2021-04-12 20:00:00+00:00,60246.75
2021-04-12 21:00:00+00:00,56508.5
2021-04-12 22:00:00+00:00,53982.25
2021-04-12 23:00:00+00:00,52360.5
2021-04-13 00:00:00+00:00,51642.0
2021-04-13 01:00:00+00:00,52104.5
2021-04-13 02:00:00+00:00,53466.0
2021-04-13 03:00:00+00:00,56984.25
2021-04-13 04:00:00+00:00,63018.0
2021-04-13 05:00:00+00:00,67787.75
2021-04-13 06:00:00+00:00,69928.25
2021-04-13 07:00:00+00:00,70223.5
2021-04-13 08:00:00+00:00,71335.0
2021-04-13 09:00:00+00:00,72102.0
2021-04-13 10:00:00+00:00,71704.25
2021-04-13 11:00:00+00:00,69975.0
2021-04-13 12:00:00+00:00,68512.75
2021-04-13 13:00:00+00:00,66868.5
2021-04-13 14:00:00+00:00,66074.25
2021-04-13 15:00:00+00:00,65667.75
2021-04-13 16:00:00+00:00,66281.75
2021-04-13 17:00:00+00:00,66526.0
2021-04-13 18:00:00+00:00,65420.5
2021-04-13 19:00:00+00:00,62727.25
2021-04-13 20:00:00+00:00,59654.75
2021-04-13 21:00:00+00:00,55998.0
2021-04-13 22:00:00+00:00,53326.0
2021-04-13 23:00:00+00:00,51726.5
2021-04-14 00:00:00+00:00,50918.5
2021-04-14 01:00:00+00:00,51470.75
2021-04-14 02:00:00+00:00,52936.75
2021-04-14 03:00:00+00:00,56481.25
2021-04-14 04:00:00+00:00,62468.25
2021-04-14 05:00:00+00:00,66435.5
2021-04-14 06:00:00+00:00,68755.5
2021-04-14 07:00:00+00:00,69036.0
2021-04-14 08:00:00+00:00,69463.5
2021-04-14 09:00:00+00:00,70891.25
2021-04-14 10:00:00+00:00,70152.0
2021-04-14 11:00:00+00:00,69083.25
2021-04-14 12:00:00+00:00,67548.5
2021-04-14 13:00:00+00:00,66419.5
2021-04-14 14:00:00+00:00,65077.75
2021-04-14 15:00:00+00:00,65105.75
2021-04-14 16:00:00+00:00,65136.0
2021-04-14 17:00:00+00:00,65573.75
2021-04-14 18:00:00+00:00,64930.5
2021-04-14 19:00:00+00:00,62785.25
2021-04-14 20:00:00+00:00,60086.5
2021-04-14 21:00:00+00:00,56146.5
2021-04-14 22:00:00+00:00,53079.25
2021-04-14 23:00:00+00:00,50981.5
2021-04-15 00:00:00+00:00,50578.5
2021-04-15 01:00:00+00:00,51209.25
2021-04-15 02:00:00+00:00,52613.5
2021-04-15 03:00:00+00:00,55784.75
2021-04-15 04:00:00+00:00,61680.5
2021-04-15 05:00:00+00:00,65997.75
2021-04-15 06:00:00+00:00,68429.75
2021-04-15 07:00:00+00:00,69119.5
2021-04-15 08:00:00+00:00,70178.0
2021-04-15 09:00:00+00:00,71769.25
2021-04-15 10:00:00+00:00,70898.5
2021-04-15 11:00:00+00:00,69378.0
2021-04-15 12:00:00+00:00,68325.0
2021-04-15 13:00:00+00:00,67352.0
2021-04-15 14:00:00+00:00,65378.75
2021-04-15 15:00:00+00:00,65958.75
2021-04-15 16:00:00+00:00,66164.25
2021-04-15 17:00:00+00:00,66573.5
2021-04-15 18:00:00+00:00,65722.5
2021-04-15 19:00:00+00:00,63140.5
2021-04-15 20:00:00+00:00,60241.25
2021-04-15 21:00:00+00:00,56628.25
2021-04-15 22:00:00+00:00,53489.5
2021-04-15 23:00:00+00:00,51600.0
2021-04-16 00:00:00+00:00,51223.25
2021-04-16 01:00:00+00:00,51292.25
2021-04-16 02:00:00+00:00,52743.0
2021-04-16 03:00:00+00:00,56235.5
2021-04-16 04:00:00+00:00,62026.5
2021-04-16 05:00:00+00:00,66542.0
2021-04-16 06:00:00+00:00,69141.5
2021-04-16 07:00:00+00:00,70075.25
2021-04-16 08:00:00+00:00,71278.5
2021-04-16 09:00:00+00:00,72055.75
2021-04-16 10:00:00+00:00,71029.25
2021-04-16 11:00:00+00:00,69345.5
2021-04-16 12:00:00+00:00,66665.0
2021-04-16 13:00:00+00:00,64893.25
2021-04-16 14:00:00+00:00,63879.25
2021-04-16 15:00:00+00:00,64030.0
2021-04-16 16:00:00+00:00,64368.25
2021-04-16 17:00:00+00:00,63711.75
2021-04-16 18:00:00+00:00,62568.25
2021-04-16 19:00:00+00:00,59916.75
2021-04-16 20:00:00+00:00,57457.75
2021-04-16 21:00:00+00:00,54282.75
2021-04-16 22:00:00+00:00,51004.5
2021-04-16 23:00:00+00:00,48939.5
2021-04-17 00:00:00+00:00,47759.5
2021-04-17 01:00:00+00:00,47170.5
2021-04-17 02:00:00+00:00,47535.5
2021-04-17 03:00:00+00:00,47792.25
2021-04-17 04:00:00+00:00,48330.25
2021-04-17 05:00:00+00:00,50741.75
2021-04-17 06:00:00+00:00,53791.0
2021-04-17 07:00:00+00:00,56293.75
2021-04-17 08:00:00+00:00,57765.25
2021-04-17 09:00:00+00:00,58971.25
2021-04-17 10:00:00+00:00,58856.75
2021-04-17 11:00:00+00:00,56948.25
2021-04-17 12:00:00+00:00,54949.5
2021-04-17 13:00:00+00:00,53858.75
2021-04-17 14:00:00+00:00,53179.75
2021-04-17 15:00:00+00:00,54346.5
2021-04-17 16:00:00+00:00,55596.0
2021-04-17 17:00:00+00:00,55740.5
2021-04-17 18:00:00+00:00,54489.5
2021-04-17 19:00:00+00:00,52436.0
2021-04-17 20:00:00+00:00,50617.25
2021-04-17 21:00:00+00:00,47558.0
2021-04-17 22:00:00+00:00,44726.75
2021-04-17 23:00:00+00:00,42742.0
2021-04-18 00:00:00+00:00,41681.25
2021-04-18 01:00:00+00:00,41660.0
2021-04-18 02:00:00+00:00,41860.25
2021-04-18 03:00:00+00:00,41930.25
2021-04-18 04:00:00+00:00,41217.5
2021-04-18 05:00:00+00:00,42889.0
2021-04-18 06:00:00+00:00,46036.0
2021-04-18 07:00:00+00:00,49308.5
2021-04-18 08:00:00+00:00,51733.5
2021-04-18 09:00:00+00:00,54218.25
2021-04-18 10:00:00+00:00,53863.0
2021-04-18 11:00:00+00:00,52041.25
2021-04-18 12:00:00+00:00,50717.75
2021-04-18 13:00:00+00:00,49499.75
2021-04-18 14:00:00+00:00,49321.75
2021-04-18 15:00:00+00:00,50826.75
2021-04-18 16:00:00+00:00,52814.0
2021-04-18 17:00:00+00:00,53047.5
2021-04-18 18:00:00+00:00,52564.5
2021-04-18 19:00:00+00:00,51520.25
2021-04-18 20:00:00+00:00,50953.5
2021-04-18 21:00:00+00:00,48202.0
2021-04-18 22:00:00+00:00,45692.0
2021-04-18 23:00:00+00:00,44305.5
2021-04-19 00:00:00+00:00,43548.75
2021-04-19 01:00:00+00:00,44496.5
2021-04-19 02:00:00+00:00,46637.75
2021-04-19 03:00:00+00:00,50827.25
2021-04-19 04:00:00+00:00,58064.5
2021-04-19 05:00:00+00:00,63786.75
2021-04-19 06:00:00+00:00,66430.0
2021-04-19 07:00:00+00:00,67425.25
2021-04-19 08:00:00+00:00,69093.25
2021-04-19 09:00:00+00:00,70346.25
2021-04-19 10:00:00+00:00,69686.75
2021-04-19 11:00:00+00:00,68577.0
2021-04-19 12:00:00+00:00,67168.5
2021-04-19 13:00:00+00:00,66134.5
2021-04-19 14:00:00+00:00,64311.25
2021-04-19 15:00:00+00:00,64204.75
2021-04-19 16:00:00+00:00,64468.5
2021-04-19 17:00:00+00:00,64768.0
2021-04-19 18:00:00+00:00,63841.5
2021-04-19 19:00:00+00:00,61764.0
2021-04-19 20:00:00+00:00,58534.0
2021-04-19 21:00:00+00:00,54426.25
2021-04-19 22:00:00+00:00,51593.0
2021-04-19 23:00:00+00:00,49842.75
2021-04-20 00:00:00+00:00,49058.25
2021-04-20 01:00:00+00:00,49145.5
2021-04-20 02:00:00+00:00,50689.75
2021-04-20 03:00:00+00:00,54249.25
2021-04-20 04:00:00+00:00,59899.0
2021-04-20 05:00:00+00:00,64568.5
2021-04-20 06:00:00+00:00,66871.75
2021-04-20 07:00:00+00:00,67502.25
2021-04-20 08:00:00+00:00,68066.25
2021-04-20 09:00:00+00:00,69298.0
2021-04-20 10:00:00+00:00,68726.25
2021-04-20 11:00:00+00:00,67397.5
2021-04-20 12:00:00+00:00,65558.5
2021-04-20 13:00:00+00:00,64010.75
2021-04-20 14:00:00+00:00,62817.75
2021-04-20 15:00:00+00:00,62706.5
2021-04-20 16:00:00+00:00,62822.0
2021-04-20 17:00:00+00:00,62961.0
2021-04-20 18:00:00+00:00,62294.5
2021-04-20 19:00:00+00:00,60535.0
2021-04-20 20:00:00+00:00,57212.75
2021-04-20 21:00:00+00:00,53246.25
2021-04-20 22:00:00+00:00,49789.0
2021-04-20 23:00:00+00:00,47910.5
2021-04-21 00:00:00+00:00,47555.5
2021-04-21 01:00:00+00:00,48205.0
2021-04-21 02:00:00+00:00,49886.5
2021-04-21 03:00:00+00:00,53132.25
2021-04-21 04:00:00+00:00,59693.0
2021-04-21 05:00:00+00:00,64584.75
2021-04-21 06:00:00+00:00,66826.25
2021-04-21 07:00:00+00:00,67477.25
2021-04-21 08:00:00+00:00,67784.5
2021-04-21 09:00:00+00:00,68592.75
2021-04-21 10:00:00+00:00,68096.5
2021-04-21 11:00:00+00:00,66875.25
2021-04-21 12:00:00+00:00,65332.5
2021-04-21 13:00:00+00:00,64489.75
2021-04-21 14:00:00+00:00,63504.75
2021-04-21 15:00:00+00:00,63659.0
2021-04-21 16:00:00+00:00,64289.75
2021-04-21 17:00:00+00:00,64731.25
2021-04-21 18:00:00+00:00,63959.5
2021-04-21 19:00:00+00:00,62067.5
2021-04-21 20:00:00+00:00,58990.5
2021-04-21 21:00:00+00:00,54775.25
2021-04-21 22:00:00+00:00,51189.5
2021-04-21 23:00:00+00:00,49033.0
2021-04-22 00:00:00+00:00,48332.75
2021-04-22 01:00:00+00:00,49271.5
2021-04-22 02:00:00+00:00,50962.5
2021-04-22 03:00:00+00:00,54256.75
2021-04-22 04:00:00+00:00,59914.75
2021-04-22 05:00:00+00:00,64713.25
2021-04-22 06:00:00+00:00,67693.75
2021-04-22 07:00:00+00:00,68493.75
2021-04-22 08:00:00+00:00,68443.75
2021-04-22 09:00:00+00:00,69208.0
2021-04-22 10:00:00+00:00,69150.75
2021-04-22 11:00:00+00:00,67441.75
2021-04-22 12:00:00+00:00,66349.25
2021-04-22 13:00:00+00:00,65811.25
2021-04-22 14:00:00+00:00,64950.25
2021-04-22 15:00:00+00:00,64574.0
2021-04-22 16:00:00+00:00,64829.75
2021-04-22 17:00:00+00:00,64637.25
2021-04-22 18:00:00+00:00,63595.25
2021-04-22 19:00:00+00:00,61622.25
2021-04-22 20:00:00+00:00,58369.75
2021-04-22 21:00:00+00:00,54585.25
2021-04-22 22:00:00+00:00,51171.25
2021-04-22 23:00:00+00:00,49643.75
2021-04-23 00:00:00+00:00,49113.0
2021-04-23 01:00:00+00:00,49361.0
2021-04-23 02:00:00+00:00,51007.0
2021-04-23 03:00:00+00:00,54029.75
2021-04-23 04:00:00+00:00,59180.0
2021-04-23 05:00:00+00:00,63539.5
2021-04-23 06:00:00+00:00,66341.25
2021-04-23 07:00:00+00:00,67016.0
2021-04-23 08:00:00+00:00,67142.5
2021-04-23 09:00:00+00:00,67827.5
2021-04-23 10:00:00+00:00,66666.25
2021-04-23 11:00:00+00:00,65055.0
2021-04-23 12:00:00+00:00,63120.25
2021-04-23 13:00:00+00:00,61792.25
2021-04-23 14:00:00+00:00,60788.75
2021-04-23 15:00:00+00:00,60349.5
2021-04-23 16:00:00+00:00,60241.25
2021-04-23 17:00:00+00:00,60000.5
2021-04-23 18:00:00+00:00,58863.5
2021-04-23 19:00:00+00:00,56712.75
2021-04-23 20:00:00+00:00,53875.25
2021-04-23 21:00:00+00:00,50415.0
2021-04-23 22:00:00+00:00,47737.0
2021-04-23 23:00:00+00:00,46129.25
2021-04-24 00:00:00+00:00,45122.75
2021-04-24 01:00:00+00:00,44746.5
2021-04-24 02:00:00+00:00,45002.0
2021-04-24 03:00:00+00:00,45513.5
2021-04-24 04:00:00+00:00,45796.75
2021-04-24 05:00:00+00:00,48155.25
2021-04-24 06:00:00+00:00,51442.75
2021-04-24 07:00:00+00:00,54149.75
2021-04-24 08:00:00+00:00,55181.25
2021-04-24 09:00:00+00:00,55929.75
2021-04-24 10:00:00+00:00,55004.25
2021-04-24 11:00:00+00:00,52977.25
2021-04-24 12:00:00+00:00,51530.75
2021-04-24 13:00:00+00:00,50756.0
2021-04-24 14:00:00+00:00,50284.75
2021-04-24 15:00:00+00:00,51381.75
2021-04-24 16:00:00+00:00,52756.25
2021-04-24 17:00:00+00:00,53354.25
2021-04-24 18:00:00+00:00,52250.5
2021-04-24 19:00:00+00:00,51220.25
2021-04-24 20:00:00+00:00,49069.25
2021-04-24 21:00:00+00:00,46055.5
2021-04-24 22:00:00+00:00,43007.0
2021-04-24 23:00:00+00:00,41210.25
2021-04-25 00:00:00+00:00,40274.25
2021-04-25 01:00:00+00:00,40072.75
2021-04-25 02:00:00+00:00,40272.75
2021-04-25 03:00:00+00:00,39927.75
2021-04-25 04:00:00+00:00,39737.25
2021-04-25 05:00:00+00:00,41387.25
2021-04-25 06:00:00+00:00,45045.0
2021-04-25 07:00:00+00:00,48686.0
2021-04-25 08:00:00+00:00,50659.5
2021-04-25 09:00:00+00:00,52401.25
2021-04-25 10:00:00+00:00,51499.25
2021-04-25 11:00:00+00:00,49541.25
2021-04-25 12:00:00+00:00,47902.0
2021-04-25 13:00:00+00:00,47196.25
2021-04-25 14:00:00+00:00,46952.75
2021-04-25 15:00:00+00:00,48639.25
2021-04-25 16:00:00+00:00,51036.5
2021-04-25 17:00:00+00:00,51038.75
2021-04-25 18:00:00+00:00,50782.25
2021-04-25 19:00:00+00:00,50735.0
2021-04-25 20:00:00+00:00,50661.75
2021-04-25 21:00:00+00:00,47549.25
2021-04-25 22:00:00+00:00,44668.25
2021-04-25 23:00:00+00:00,43179.5
2021-04-26 00:00:00+00:00,42685.0
2021-04-26 01:00:00+00:00,43229.0
2021-04-26 02:00:00+00:00,45434.5
2021-04-26 03:00:00+00:00,49328.5
2021-04-26 04:00:00+00:00,55884.0
2021-04-26 05:00:00+00:00,61529.75
2021-04-26 06:00:00+00:00,64592.5
2021-04-26 07:00:00+00:00,65414.5
2021-04-26 08:00:00+00:00,65550.0
2021-04-26 09:00:00+00:00,66312.25
2021-04-26 10:00:00+00:00,66099.0
2021-04-26 11:00:00+00:00,64812.75
2021-04-26 12:00:00+00:00,63041.25
2021-04-26 13:00:00+00:00,62000.0
2021-04-26 14:00:00+00:00,60567.75
2021-04-26 15:00:00+00:00,60667.75
2021-04-26 16:00:00+00:00,61295.5
2021-04-26 17:00:00+00:00,61876.0
2021-04-26 18:00:00+00:00,61274.5
2021-04-26 19:00:00+00:00,59846.5
2021-04-26 20:00:00+00:00,57136.25
2021-04-26 21:00:00+00:00,53071.75
2021-04-26 22:00:00+00:00,49594.75
2021-04-26 23:00:00+00:00,47979.0
2021-04-27 00:00:00+00:00,47246.0
2021-04-27 01:00:00+00:00,48022.75
2021-04-27 02:00:00+00:00,49262.75
2021-04-27 03:00:00+00:00,52233.75
2021-04-27 04:00:00+00:00,58088.5
2021-04-27 05:00:00+00:00,62766.75
2021-04-27 06:00:00+00:00,65318.25
2021-04-27 07:00:00+00:00,65909.75
2021-04-27 08:00:00+00:00,66368.0
2021-04-27 09:00:00+00:00,66897.0
2021-04-27 10:00:00+00:00,66399.25
2021-04-27 11:00:00+00:00,64738.5
2021-04-27 12:00:00+00:00,63099.25
2021-04-27 13:00:00+00:00,61940.5
2021-04-27 14:00:00+00:00,60195.5
2021-04-27 15:00:00+00:00,60319.5
2021-04-27 16:00:00+00:00,60731.25
2021-04-27 17:00:00+00:00,61029.5
2021-04-27 18:00:00+00:00,60588.25
2021-04-27 19:00:00+00:00,59389.0
2021-04-27 20:00:00+00:00,57069.5
2021-04-27 21:00:00+00:00,52826.5
2021-04-27 22:00:00+00:00,49265.25
2021-04-27 23:00:00+00:00,47059.0
2021-04-28 00:00:00+00:00,46226.5
2021-04-28 01:00:00+00:00,47045.75
2021-04-28 02:00:00+00:00,48756.5
2021-04-28 03:00:00+00:00,52017.75
2021-04-28 04:00:00+00:00,57614.75
2021-04-28 05:00:00+00:00,62291.5
2021-04-28 06:00:00+00:00,64484.5
2021-04-28 07:00:00+00:00,64933.75
2021-04-28 08:00:00+00:00,65436.5
2021-04-28 09:00:00+00:00,66356.75
2021-04-28 10:00:00+00:00,66421.25
2021-04-28 11:00:00+00:00,65044.0
2021-04-28 12:00:00+00:00,63313.0
2021-04-28 13:00:00+00:00,62281.5
2021-04-28 14:00:00+00:00,61456.5
2021-04-28 15:00:00+00:00,62067.25
2021-04-28 16:00:00+00:00,62252.75
2021-04-28 17:00:00+00:00,62673.5
2021-04-28 18:00:00+00:00,62086.0
2021-04-28 19:00:00+00:00,60409.75
2021-04-28 20:00:00+00:00,57271.0
2021-04-28 21:00:00+00:00,53011.25
2021-04-28 22:00:00+00:00,49360.75
2021-04-28 23:00:00+00:00,47184.25
2021-04-29 00:00:00+00:00,46399.0
2021-04-29 01:00:00+00:00,46061.25
2021-04-29 02:00:00+00:00,47497.5
2021-04-29 03:00:00+00:00,51103.0
2021-04-29 04:00:00+00:00,57279.75
2021-04-29 05:00:00+00:00,62764.0
2021-04-29 06:00:00+00:00,65759.75
2021-04-29 07:00:00+00:00,66275.75
2021-04-29 08:00:00+00:00,67007.25
2021-04-29 09:00:00+00:00,68816.75
2021-04-29 10:00:00+00:00,68272.5
2021-04-29 11:00:00+00:00,67319.25
2021-04-29 12:00:00+00:00,66766.5
2021-04-29 13:00:00+00:00,65670.25
2021-04-29 14:00:00+00:00,65088.0
2021-04-29 15:00:00+00:00,65193.0
2021-04-29 16:00:00+00:00,65250.0
2021-04-29 17:00:00+00:00,63819.75
2021-04-29 18:00:00+00:00,62798.75
2021-04-29 19:00:00+00:00,61425.5
2021-04-29 20:00:00+00:00,58032.0
2021-04-29 21:00:00+00:00,53760.5
2021-04-29 22:00:00+00:00,50497.0
2021-04-29 23:00:00+00:00,49054.0
2021-04-30 00:00:00+00:00,48496.25
2021-04-30 01:00:00+00:00,49073.0
2021-04-30 02:00:00+00:00,50358.75
2021-04-30 03:00:00+00:00,52935.25
2021-04-30 04:00:00+00:00,58805.0
2021-04-30 05:00:00+00:00,63973.5
2021-04-30 06:00:00+00:00,66554.25
2021-04-30 07:00:00+00:00,67040.75
2021-04-30 08:00:00+00:00,67574.75
2021-04-30 09:00:00+00:00,68061.0
2021-04-30 10:00:00+00:00,66810.75
2021-04-30 11:00:00+00:00,64912.25
2021-04-30 12:00:00+00:00,63154.25
2021-04-30 13:00:00+00:00,62385.5
2021-04-30 14:00:00+00:00,60997.25
2021-04-30 15:00:00+00:00,60690.75
2021-04-30 16:00:00+00:00,60624.5
2021-04-30 17:00:00+00:00,60170.75
2021-04-30 18:00:00+00:00,58581.25
2021-04-30 19:00:00+00:00,55893.5
2021-04-30 20:00:00+00:00,52529.5
2021-04-30 21:00:00+00:00,48601.0
2021-04-30 22:00:00+00:00,45006.0
2021-04-30 23:00:00+00:00,42847.75
2021-05-01 00:00:00+00:00,41628.25
2021-05-01 01:00:00+00:00,41267.25
2021-05-01 02:00:00+00:00,41292.25
2021-05-01 03:00:00+00:00,40734.0
2021-05-01 04:00:00+00:00,40012.25
2021-05-01 05:00:00+00:00,41713.5
2021-05-01 06:00:00+00:00,45152.25
2021-05-01 07:00:00+00:00,48649.0
2021-05-01 08:00:00+00:00,50998.75
2021-05-01 09:00:00+00:00,52641.75
2021-05-01 10:00:00+00:00,51970.0
2021-05-01 11:00:00+00:00,49684.75
2021-05-01 12:00:00+00:00,48224.0
2021-05-01 13:00:00+00:00,47489.5
2021-05-01 14:00:00+00:00,46950.5
2021-05-01 15:00:00+00:00,48263.75
2021-05-01 16:00:00+00:00,50107.25
2021-05-01 17:00:00+00:00,50113.75
2021-05-01 18:00:00+00:00,49489.75
2021-05-01 19:00:00+00:00,48753.75
2021-05-01 20:00:00+00:00,47338.5
2021-05-01 21:00:00+00:00,44052.0
2021-05-01 22:00:00+00:00,41295.5
2021-05-01 23:00:00+00:00,39726.75
2021-05-02 00:00:00+00:00,38669.25
2021-05-02 01:00:00+00:00,38553.25
2021-05-02 02:00:00+00:00,39180.5
2021-05-02 03:00:00+00:00,39681.25
2021-05-02 04:00:00+00:00,39636.0
2021-05-02 05:00:00+00:00,41389.75
2021-05-02 06:00:00+00:00,44953.5
2021-05-02 07:00:00+00:00,48316.5
2021-05-02 08:00:00+00:00,51055.5
2021-05-02 09:00:00+00:00,53349.5
2021-05-02 10:00:00+00:00,53468.25
2021-05-02 11:00:00+00:00,51874.25
2021-05-02 12:00:00+00:00,50084.75
2021-05-02 13:00:00+00:00,49390.5
2021-05-02 14:00:00+00:00,49059.0
2021-05-02 15:00:00+00:00,50161.25
2021-05-02 16:00:00+00:00,51775.75
2021-05-02 17:00:00+00:00,51857.25
2021-05-02 18:00:00+00:00,51421.75
2021-05-02 19:00:00+00:00,51549.0
2021-05-02 20:00:00+00:00,50652.0
2021-05-02 21:00:00+00:00,47932.25
2021-05-02 22:00:00+00:00,45686.75
2021-05-02 23:00:00+00:00,44747.25
2021-05-03 00:00:00+00:00,44532.25
2021-05-03 01:00:00+00:00,45160.0
2021-05-03 02:00:00+00:00,46803.75
2021-05-03 03:00:00+00:00,50496.0
2021-05-03 04:00:00+00:00,56999.75
2021-05-03 05:00:00+00:00,62104.75
2021-05-03 06:00:00+00:00,65698.5
2021-05-03 07:00:00+00:00,66954.25
2021-05-03 08:00:00+00:00,67202.5
2021-05-03 09:00:00+00:00,67800.75
2021-05-03 10:00:00+00:00,68526.5
2021-05-03 11:00:00+00:00,68183.5
2021-05-03 12:00:00+00:00,66583.0
2021-05-03 13:00:00+00:00,65297.5
2021-05-03 14:00:00+00:00,63098.5
2021-05-03 15:00:00+00:00,62923.0
2021-05-03 16:00:00+00:00,63059.75
2021-05-03 17:00:00+00:00,62701.75
2021-05-03 18:00:00+00:00,61462.0
2021-05-03 19:00:00+00:00,59864.5
2021-05-03 20:00:00+00:00,57560.75
2021-05-03 21:00:00+00:00,53515.75
2021-05-03 22:00:00+00:00,50548.5
2021-05-03 23:00:00+00:00,49135.75
2021-05-04 00:00:00+00:00,49016.75
2021-05-04 01:00:00+00:00,49614.0
2021-05-04 02:00:00+00:00,51438.5
2021-05-04 03:00:00+00:00,55191.5
2021-05-04 04:00:00+00:00,61319.5
2021-05-04 05:00:00+00:00,66579.0
2021-05-04 06:00:00+00:00,69390.25
2021-05-04 07:00:00+00:00,70438.25
2021-05-04 08:00:00+00:00,71290.5
2021-05-04 09:00:00+00:00,72548.5
2021-05-04 10:00:00+00:00,72662.75
2021-05-04 11:00:00+00:00,71675.5
2021-05-04 12:00:00+00:00,70347.25
2021-05-04 13:00:00+00:00,69510.25
2021-05-04 14:00:00+00:00,67992.0
2021-05-04 15:00:00+00:00,67694.25
2021-05-04 16:00:00+00:00,67393.0
2021-05-04 17:00:00+00:00,66589.75
2021-05-04 18:00:00+00:00,64785.5
2021-05-04 19:00:00+00:00,62587.75
2021-05-04 20:00:00+00:00,59934.75
2021-05-04 21:00:00+00:00,55678.75
2021-05-04 22:00:00+00:00,52472.25
2021-05-04 23:00:00+00:00,51211.5
2021-05-05 00:00:00+00:00,50117.25
2021-05-05 01:00:00+00:00,50639.0
2021-05-05 02:00:00+00:00,51863.5
2021-05-05 03:00:00+00:00,55005.75
2021-05-05 04:00:00+00:00,61098.0
2021-05-05 05:00:00+00:00,66446.0
2021-05-05 06:00:00+00:00,69551.25
2021-05-05 07:00:00+00:00,70804.75
2021-05-05 08:00:00+00:00,71202.25
2021-05-05 09:00:00+00:00,72929.5
2021-05-05 10:00:00+00:00,72121.5
2021-05-05 11:00:00+00:00,70489.0
2021-05-05 12:00:00+00:00,69467.0
2021-05-05 13:00:00+00:00,68205.25
2021-05-05 14:00:00+00:00,67024.0
2021-05-05 15:00:00+00:00,66783.75
2021-05-05 16:00:00+00:00,67055.5
2021-05-05 17:00:00+00:00,66467.25
2021-05-05 18:00:00+00:00,64825.25
2021-05-05 19:00:00+00:00,62810.0
2021-05-05 20:00:00+00:00,59643.25
2021-05-05 21:00:00+00:00,55763.5
2021-05-05 22:00:00+00:00,53061.5
2021-05-05 23:00:00+00:00,51209.5
2021-05-06 00:00:00+00:00,50490.25
2021-05-06 01:00:00+00:00,51118.5
2021-05-06 02:00:00+00:00,52030.5
2021-05-06 03:00:00+00:00,55278.5
2021-05-06 04:00:00+00:00,61331.75
2021-05-06 05:00:00+00:00,66858.5
2021-05-06 06:00:00+00:00,69042.25
2021-05-06 07:00:00+00:00,69410.75
2021-05-06 08:00:00+00:00,70360.75
2021-05-06 09:00:00+00:00,71346.0
2021-05-06 10:00:00+00:00,71557.0
2021-05-06 11:00:00+00:00,70568.0
2021-05-06 12:00:00+00:00,68550.25
2021-05-06 13:00:00+00:00,67208.0
2021-05-06 14:00:00+00:00,65925.0
2021-05-06 15:00:00+00:00,65254.25
2021-05-06 16:00:00+00:00,64718.75
2021-05-06 17:00:00+00:00,63796.0
2021-05-06 18:00:00+00:00,62208.0
2021-05-06 19:00:00+00:00,59914.25
2021-05-06 20:00:00+00:00,56764.5
2021-05-06 21:00:00+00:00,52848.25
2021-05-06 22:00:00+00:00,49214.75
2021-05-06 23:00:00+00:00,47104.25
2021-05-07 00:00:00+00:00,46736.5
2021-05-07 01:00:00+00:00,47591.5
2021-05-07 02:00:00+00:00,49107.5
2021-05-07 03:00:00+00:00,52236.25
2021-05-07 04:00:00+00:00,57958.0
2021-05-07 05:00:00+00:00,63322.25
2021-05-07 06:00:00+00:00,66435.5
2021-05-07 07:00:00+00:00,67023.75
2021-05-07 08:00:00+00:00,68180.5
2021-05-07 09:00:00+00:00,69471.75
2021-05-07 10:00:00+00:00,69152.5
2021-05-07 11:00:00+00:00,67047.5
2021-05-07 12:00:00+00:00,64942.5
2021-05-07 13:00:00+00:00,63883.75
2021-05-07 14:00:00+00:00,63130.0
2021-05-07 15:00:00+00:00,62845.25
2021-05-07 16:00:00+00:00,62676.25
2021-05-07 17:00:00+00:00,61974.25
2021-05-07 18:00:00+00:00,60066.5
2021-05-07 19:00:00+00:00,58215.25
2021-05-07 20:00:00+00:00,55761.25
2021-05-07 21:00:00+00:00,52042.25
2021-05-07 22:00:00+00:00,48809.25
2021-05-07 23:00:00+00:00,47287.0
2021-05-08 00:00:00+00:00,46028.75
2021-05-08 01:00:00+00:00,46007.5
2021-05-08 02:00:00+00:00,46182.0
2021-05-08 03:00:00+00:00,46198.5
2021-05-08 04:00:00+00:00,46607.0
2021-05-08 05:00:00+00:00,48526.25
2021-05-08 06:00:00+00:00,52295.75
2021-05-08 07:00:00+00:00,54862.25
2021-05-08 08:00:00+00:00,56056.0
2021-05-08 09:00:00+00:00,55562.75
2021-05-08 10:00:00+00:00,55352.75
2021-05-08 11:00:00+00:00,54230.75
2021-05-08 12:00:00+00:00,52607.5
2021-05-08 13:00:00+00:00,51588.25
2021-05-08 14:00:00+00:00,50758.25
2021-05-08 15:00:00+00:00,51185.5
2021-05-08 16:00:00+00:00,53118.5
2021-05-08 17:00:00+00:00,52974.0
2021-05-08 18:00:00+00:00,52047.5
2021-05-08 19:00:00+00:00,51247.75
2021-05-08 20:00:00+00:00,50217.0
2021-05-08 21:00:00+00:00,47040.25
2021-05-08 22:00:00+00:00,43952.0
2021-05-08 23:00:00+00:00,42119.25
2021-05-09 00:00:00+00:00,41241.75
2021-05-09 01:00:00+00:00,41066.75
2021-05-09 02:00:00+00:00,41462.5
2021-05-09 03:00:00+00:00,41617.5
2021-05-09 04:00:00+00:00,41384.5
2021-05-09 05:00:00+00:00,43772.5
2021-05-09 06:00:00+00:00,47454.25
2021-05-09 07:00:00+00:00,50006.0
2021-05-09 08:00:00+00:00,51085.5
2021-05-09 09:00:00+00:00,51958.5
2021-05-09 10:00:00+00:00,51643.25
2021-05-09 11:00:00+00:00,49300.75
2021-05-09 12:00:00+00:00,47121.5
2021-05-09 13:00:00+00:00,46218.25
2021-05-09 14:00:00+00:00,46076.75
2021-05-09 15:00:00+00:00,47685.25
2021-05-09 16:00:00+00:00,48778.75
2021-05-09 17:00:00+00:00,49685.0
2021-05-09 18:00:00+00:00,50386.25
2021-05-09 19:00:00+00:00,51421.0
2021-05-09 20:00:00+00:00,51508.0
2021-05-09 21:00:00+00:00,48331.25
2021-05-09 22:00:00+00:00,45987.0
2021-05-09 23:00:00+00:00,44135.5
2021-05-10 00:00:00+00:00,43242.25
2021-05-10 01:00:00+00:00,43040.0
2021-05-10 02:00:00+00:00,44441.75
2021-05-10 03:00:00+00:00,47913.75
2021-05-10 04:00:00+00:00,55924.5
2021-05-10 05:00:00+00:00,62456.5
2021-05-10 06:00:00+00:00,64997.75
2021-05-10 07:00:00+00:00,65678.0
2021-05-10 08:00:00+00:00,66487.25
2021-05-10 09:00:00+00:00,68216.75
2021-05-10 10:00:00+00:00,67734.25
2021-05-10 11:00:00+00:00,66292.5
2021-05-10 12:00:00+00:00,64977.0
2021-05-10 13:00:00+00:00,64308.75
2021-05-10 14:00:00+00:00,62780.0
2021-05-10 15:00:00+00:00,62075.75
2021-05-10 16:00:00+00:00,61718.25
2021-05-10 17:00:00+00:00,61244.0
2021-05-10 18:00:00+00:00,59701.75
2021-05-10 19:00:00+00:00,58012.25
2021-05-10 20:00:00+00:00,55033.25
2021-05-10 21:00:00+00:00,50435.75
2021-05-10 22:00:00+00:00,47186.0
2021-05-10 23:00:00+00:00,45381.75
2021-05-11 00:00:00+00:00,44805.75
2021-05-11 01:00:00+00:00,45164.5
2021-05-11 02:00:00+00:00,46498.25
2021-05-11 03:00:00+00:00,49561.5
2021-05-11 04:00:00+00:00,56307.5
2021-05-11 05:00:00+00:00,61799.0
2021-05-11 06:00:00+00:00,65073.25
2021-05-11 07:00:00+00:00,65575.5
2021-05-11 08:00:00+00:00,66101.25
2021-05-11 09:00:00+00:00,67727.25
2021-05-11 10:00:00+00:00,67759.5
2021-05-11 11:00:00+00:00,65971.0
2021-05-11 12:00:00+00:00,64324.25
2021-05-11 13:00:00+00:00,63423.0
2021-05-11 14:00:00+00:00,62758.5
2021-05-11 15:00:00+00:00,62759.5
2021-05-11 16:00:00+00:00,62958.75
2021-05-11 17:00:00+00:00,62568.0
2021-05-11 18:00:00+00:00,61103.25
2021-05-11 19:00:00+00:00,58781.0
2021-05-11 20:00:00+00:00,54911.5
2021-05-11 21:00:00+00:00,50486.5
2021-05-11 22:00:00+00:00,48965.75
2021-05-11 23:00:00+00:00,46867.0
2021-05-12 00:00:00+00:00,45425.25
2021-05-12 01:00:00+00:00,45213.25
2021-05-12 02:00:00+00:00,46764.75
2021-05-12 03:00:00+00:00,49836.0
2021-05-12 04:00:00+00:00,56335.75
2021-05-12 05:00:00+00:00,61921.75
2021-05-12 06:00:00+00:00,65200.75
2021-05-12 07:00:00+00:00,65965.25
2021-05-12 08:00:00+00:00,66517.5
2021-05-12 09:00:00+00:00,67672.5
2021-05-12 10:00:00+00:00,67361.5
2021-05-12 11:00:00+00:00,65988.0
2021-05-12 12:00:00+00:00,64191.25
2021-05-12 13:00:00+00:00,62951.5
2021-05-12 14:00:00+00:00,61332.75
2021-05-12 15:00:00+00:00,61270.75
2021-05-12 16:00:00+00:00,61206.25
2021-05-12 17:00:00+00:00,60790.5
2021-05-12 18:00:00+00:00,59296.75
2021-05-12 19:00:00+00:00,57160.25
2021-05-12 20:00:00+00:00,54122.5
2021-05-12 21:00:00+00:00,49991.75
2021-05-12 22:00:00+00:00,46304.75
2021-05-12 23:00:00+00:00,44091.75
2021-05-13 00:00:00+00:00,42708.0
2021-05-13 01:00:00+00:00,42155.25
2021-05-13 02:00:00+00:00,42076.0
2021-05-13 03:00:00+00:00,41696.5
2021-05-13 04:00:00+00:00,41294.0
2021-05-13 05:00:00+00:00,43441.0
2021-05-13 06:00:00+00:00,46796.5
2021-05-13 07:00:00+00:00,49383.0
2021-05-13 08:00:00+00:00,51047.25
2021-05-13 09:00:00+00:00,53345.5
2021-05-13 10:00:00+00:00,52777.25
2021-05-13 11:00:00+00:00,50350.25
2021-05-13 12:00:00+00:00,48706.5
2021-05-13 13:00:00+00:00,47885.75
2021-05-13 14:00:00+00:00,47750.0
2021-05-13 15:00:00+00:00,49020.25
2021-05-13 16:00:00+00:00,49905.25
2021-05-13 17:00:00+00:00,49427.25
2021-05-13 18:00:00+00:00,48358.0
2021-05-13 19:00:00+00:00,48661.5
2021-05-13 20:00:00+00:00,47374.75
2021-05-13 21:00:00+00:00,44285.25
2021-05-13 22:00:00+00:00,42278.75
2021-05-13 23:00:00+00:00,40607.75
2021-05-14 00:00:00+00:00,39770.25
2021-05-14 01:00:00+00:00,39761.25
2021-05-14 02:00:00+00:00,41418.75
2021-05-14 03:00:00+00:00,43566.75
2021-05-14 04:00:00+00:00,47877.5
2021-05-14 05:00:00+00:00,51663.75
2021-05-14 06:00:00+00:00,55258.75
2021-05-14 07:00:00+00:00,56664.5
2021-05-14 08:00:00+00:00,57406.0
2021-05-14 09:00:00+00:00,58935.0
2021-05-14 10:00:00+00:00,58813.75
2021-05-14 11:00:00+00:00,57167.75
2021-05-14 12:00:00+00:00,56092.25
2021-05-14 13:00:00+00:00,55064.25
2021-05-14 14:00:00+00:00,54230.0
2021-05-14 15:00:00+00:00,53957.5
2021-05-14 16:00:00+00:00,54410.75
2021-05-14 17:00:00+00:00,54079.0
2021-05-14 18:00:00+00:00,52283.75
2021-05-14 19:00:00+00:00,51360.5
2021-05-14 20:00:00+00:00,49671.0
2021-05-14 21:00:00+00:00,46356.75
2021-05-14 22:00:00+00:00,43566.75
2021-05-14 23:00:00+00:00,41757.5
2021-05-15 00:00:00+00:00,40671.0
2021-05-15 01:00:00+00:00,40415.5
2021-05-15 02:00:00+00:00,41083.75
2021-05-15 03:00:00+00:00,41480.75
2021-05-15 04:00:00+00:00,43262.75
2021-05-15 05:00:00+00:00,46425.0
2021-05-15 06:00:00+00:00,49730.5
2021-05-15 07:00:00+00:00,52401.0
2021-05-15 08:00:00+00:00,53824.75
2021-05-15 09:00:00+00:00,54911.25
2021-05-15 10:00:00+00:00,54902.5
2021-05-15 11:00:00+00:00,52976.5
2021-05-15 12:00:00+00:00,51640.25
2021-05-15 13:00:00+00:00,50893.25
2021-05-15 14:00:00+00:00,50371.0
2021-05-15 15:00:00+00:00,50929.25
2021-05-15 16:00:00+00:00,51813.25
2021-05-15 17:00:00+00:00,51235.25
2021-05-15 18:00:00+00:00,49327.5
2021-05-15 19:00:00+00:00,48478.5
2021-05-15 20:00:00+00:00,47255.75
2021-05-15 21:00:00+00:00,44465.75
2021-05-15 22:00:00+00:00,41819.25
2021-05-15 23:00:00+00:00,39899.0
2021-05-16 00:00:00+00:00,39129.75
2021-05-16 01:00:00+00:00,39063.75
2021-05-16 02:00:00+00:00,38981.0
2021-05-16 03:00:00+00:00,38843.5
2021-05-16 04:00:00+00:00,38921.0
2021-05-16 05:00:00+00:00,40671.25
2021-05-16 06:00:00+00:00,43854.5
2021-05-16 07:00:00+00:00,47458.0
2021-05-16 08:00:00+00:00,49778.25
2021-05-16 09:00:00+00:00,51817.25
2021-05-16 10:00:00+00:00,51375.75
2021-05-16 11:00:00+00:00,49656.5
2021-05-16 12:00:00+00:00,48154.5
2021-05-16 13:00:00+00:00,47211.0
2021-05-16 14:00:00+00:00,46911.25
2021-05-16 15:00:00+00:00,48137.5
2021-05-16 16:00:00+00:00,49428.75
2021-05-16 17:00:00+00:00,50040.75
2021-05-16 18:00:00+00:00,48931.5
2021-05-16 19:00:00+00:00,48682.75
2021-05-16 20:00:00+00:00,48424.0
2021-05-16 21:00:00+00:00,45735.25
2021-05-16 22:00:00+00:00,43032.5
2021-05-16 23:00:00+00:00,41731.25
2021-05-17 00:00:00+00:00,41048.5
2021-05-17 01:00:00+00:00,41792.0
2021-05-17 02:00:00+00:00,43821.0
2021-05-17 03:00:00+00:00,47362.0
2021-05-17 04:00:00+00:00,54547.75
2021-05-17 05:00:00+00:00,60239.5
2021-05-17 06:00:00+00:00,63629.0
2021-05-17 07:00:00+00:00,65207.25
2021-05-17 08:00:00+00:00,66046.75
2021-05-17 09:00:00+00:00,66908.0
2021-05-17 10:00:00+00:00,66217.25
2021-05-17 11:00:00+00:00,65289.5
2021-05-17 12:00:00+00:00,63905.25
2021-05-17 13:00:00+00:00,62985.0
2021-05-17 14:00:00+00:00,62119.0
2021-05-17 15:00:00+00:00,61769.0
2021-05-17 16:00:00+00:00,61679.0
2021-05-17 17:00:00+00:00,61173.0
2021-05-17 18:00:00+00:00,58670.0
2021-05-17 19:00:00+00:00,57310.75
2021-05-17 20:00:00+00:00,54709.5
2021-05-17 21:00:00+00:00,50557.5
2021-05-17 22:00:00+00:00,47367.0
2021-05-17 23:00:00+00:00,45786.25
2021-05-18 00:00:00+00:00,44966.5
2021-05-18 01:00:00+00:00,45403.75
2021-05-18 02:00:00+00:00,47248.75
2021-05-18 03:00:00+00:00,50220.0
2021-05-18 04:00:00+00:00,56685.0
2021-05-18 05:00:00+00:00,62265.75
2021-05-18 06:00:00+00:00,65229.25
2021-05-18 07:00:00+00:00,66059.5
2021-05-18 08:00:00+00:00,67174.0
2021-05-18 09:00:00+00:00,68368.5
2021-05-18 10:00:00+00:00,68124.75
2021-05-18 11:00:00+00:00,66782.0
2021-05-18 12:00:00+00:00,65223.75
2021-05-18 13:00:00+00:00,64244.25
2021-05-18 14:00:00+00:00,62937.25
2021-05-18 15:00:00+00:00,62437.75
2021-05-18 16:00:00+00:00,62074.75
2021-05-18 17:00:00+00:00,61284.0
2021-05-18 18:00:00+00:00,59140.25
2021-05-18 19:00:00+00:00,57537.75
2021-05-18 20:00:00+00:00,55393.75
2021-05-18 21:00:00+00:00,50883.5
2021-05-18 22:00:00+00:00,47279.0
2021-05-18 23:00:00+00:00,46167.5
2021-05-19 00:00:00+00:00,45637.0
2021-05-19 01:00:00+00:00,46066.5
2021-05-19 02:00:00+00:00,47185.5
2021-05-19 03:00:00+00:00,50244.5
2021-05-19 04:00:00+00:00,56474.0
2021-05-19 05:00:00+00:00,61511.25
2021-05-19 06:00:00+00:00,64495.0
2021-05-19 07:00:00+00:00,64989.75
2021-05-19 08:00:00+00:00,65489.75
2021-05-19 09:00:00+00:00,66796.5
2021-05-19 10:00:00+00:00,67017.75
2021-05-19 11:00:00+00:00,65419.25
2021-05-19 12:00:00+00:00,64175.0
2021-05-19 13:00:00+00:00,63509.0
2021-05-19 14:00:00+00:00,62412.25
2021-05-19 15:00:00+00:00,62140.5
2021-05-19 16:00:00+00:00,62216.0
2021-05-19 17:00:00+00:00,61663.5
2021-05-19 18:00:00+00:00,59340.25
2021-05-19 19:00:00+00:00,57775.75
2021-05-19 20:00:00+00:00,55289.25
2021-05-19 21:00:00+00:00,51227.75
2021-05-19 22:00:00+00:00,48054.25
2021-05-19 23:00:00+00:00,46315.75
2021-05-20 00:00:00+00:00,45322.75
2021-05-20 01:00:00+00:00,46091.25
2021-05-20 02:00:00+00:00,47334.5
2021-05-20 03:00:00+00:00,50106.25
2021-05-20 04:00:00+00:00,56423.0
2021-05-20 05:00:00+00:00,61857.5
2021-05-20 06:00:00+00:00,64735.25
2021-05-20 07:00:00+00:00,65798.25
2021-05-20 08:00:00+00:00,66456.75
2021-05-20 09:00:00+00:00,67301.0
2021-05-20 10:00:00+00:00,66761.75
2021-05-20 11:00:00+00:00,65646.5
2021-05-20 12:00:00+00:00,64639.0
2021-05-20 13:00:00+00:00,63806.5
2021-05-20 14:00:00+00:00,62005.75
2021-05-20 15:00:00+00:00,61715.5
2021-05-20 16:00:00+00:00,61475.5
2021-05-20 17:00:00+00:00,61250.75
2021-05-20 18:00:00+00:00,59134.5
2021-05-20 19:00:00+00:00,57636.5
2021-05-20 20:00:00+00:00,55136.75
2021-05-20 21:00:00+00:00,51589.75
2021-05-20 22:00:00+00:00,48212.25
2021-05-20 23:00:00+00:00,46722.5
2021-05-21 00:00:00+00:00,46005.25
2021-05-21 01:00:00+00:00,46333.25
2021-05-21 02:00:00+00:00,48297.25
2021-05-21 03:00:00+00:00,50878.0
2021-05-21 04:00:00+00:00,57492.5
2021-05-21 05:00:00+00:00,62517.75
2021-05-21 06:00:00+00:00,65390.0
2021-05-21 07:00:00+00:00,66904.25
2021-05-21 08:00:00+00:00,68157.5
2021-05-21 09:00:00+00:00,69238.75
2021-05-21 10:00:00+00:00,68586.0
2021-05-21 11:00:00+00:00,67196.25
2021-05-21 12:00:00+00:00,66119.0
2021-05-21 13:00:00+00:00,64613.25
2021-05-21 14:00:00+00:00,63285.75
2021-05-21 15:00:00+00:00,62782.25
2021-05-21 16:00:00+00:00,62379.25
2021-05-21 17:00:00+00:00,61431.5
2021-05-21 18:00:00+00:00,58458.75
2021-05-21 19:00:00+00:00,56418.0
2021-05-21 20:00:00+00:00,54038.0
2021-05-21 21:00:00+00:00,50204.75
2021-05-21 22:00:00+00:00,47353.5
2021-05-21 23:00:00+00:00,45986.5
2021-05-22 00:00:00+00:00,44587.25
2021-05-22 01:00:00+00:00,44661.5
2021-05-22 02:00:00+00:00,45128.0
2021-05-22 03:00:00+00:00,44920.0
2021-05-22 04:00:00+00:00,46137.75
2021-05-22 05:00:00+00:00,49192.25
2021-05-22 06:00:00+00:00,53345.75
2021-05-22 07:00:00+00:00,56631.0
2021-05-22 08:00:00+00:00,58461.25
2021-05-22 09:00:00+00:00,59164.75
2021-05-22 10:00:00+00:00,58492.75
2021-05-22 11:00:00+00:00,55993.5
2021-05-22 12:00:00+00:00,54764.25
2021-05-22 13:00:00+00:00,53735.75
2021-05-22 14:00:00+00:00,53108.0
2021-05-22 15:00:00+00:00,53465.75
2021-05-22 16:00:00+00:00,53518.5
2021-05-22 17:00:00+00:00,52863.5
2021-05-22 18:00:00+00:00,51274.0
2021-05-22 19:00:00+00:00,50158.0
2021-05-22 20:00:00+00:00,49185.5
2021-05-22 21:00:00+00:00,45978.75
2021-05-22 22:00:00+00:00,43037.5
2021-05-22 23:00:00+00:00,40456.0
2021-05-23 00:00:00+00:00,39492.25
2021-05-23 01:00:00+00:00,39321.75
2021-05-23 02:00:00+00:00,39568.0
2021-05-23 03:00:00+00:00,39221.25
2021-05-23 04:00:00+00:00,38975.5
2021-05-23 05:00:00+00:00,41029.0
2021-05-23 06:00:00+00:00,44776.25
2021-05-23 07:00:00+00:00,48000.25
2021-05-23 08:00:00+00:00,50312.0
2021-05-23 09:00:00+00:00,52846.75
2021-05-23 10:00:00+00:00,52253.5
2021-05-23 11:00:00+00:00,49838.5
2021-05-23 12:00:00+00:00,48200.75
2021-05-23 13:00:00+00:00,46823.25
2021-05-23 14:00:00+00:00,46651.5
2021-05-23 15:00:00+00:00,46692.25
2021-05-23 16:00:00+00:00,47232.75
2021-05-23 17:00:00+00:00,46962.75
2021-05-23 18:00:00+00:00,45964.0
2021-05-23 19:00:00+00:00,45778.75
2021-05-23 20:00:00+00:00,45517.75
2021-05-23 21:00:00+00:00,42903.5
2021-05-23 22:00:00+00:00,40182.5
2021-05-23 23:00:00+00:00,38585.25
2021-05-24 00:00:00+00:00,37986.5
2021-05-24 01:00:00+00:00,37824.5
2021-05-24 02:00:00+00:00,38659.5
2021-05-24 03:00:00+00:00,38558.5
2021-05-24 04:00:00+00:00,38745.75
2021-05-24 05:00:00+00:00,40791.5
2021-05-24 06:00:00+00:00,43722.5
2021-05-24 07:00:00+00:00,46758.75
2021-05-24 08:00:00+00:00,50770.5
2021-05-24 09:00:00+00:00,52610.75
2021-05-24 10:00:00+00:00,52463.5
2021-05-24 11:00:00+00:00,49913.75
2021-05-24 12:00:00+00:00,48807.25
2021-05-24 13:00:00+00:00,48165.5
2021-05-24 14:00:00+00:00,47912.75
2021-05-24 15:00:00+00:00,49053.25
2021-05-24 16:00:00+00:00,50265.25
2021-05-24 17:00:00+00:00,50410.25
2021-05-24 18:00:00+00:00,49416.25
2021-05-24 19:00:00+00:00,49304.5
2021-05-24 20:00:00+00:00,49040.0
2021-05-24 21:00:00+00:00,45567.25
2021-05-24 22:00:00+00:00,43155.0
2021-05-24 23:00:00+00:00,42148.25
2021-05-25 00:00:00+00:00,41623.25
2021-05-25 01:00:00+00:00,41737.75
2021-05-25 02:00:00+00:00,43407.75
2021-05-25 03:00:00+00:00,46645.5
2021-05-25 04:00:00+00:00,54133.25
2021-05-25 05:00:00+00:00,59906.0
2021-05-25 06:00:00+00:00,63610.0
2021-05-25 07:00:00+00:00,65162.5
2021-05-25 08:00:00+00:00,66189.75
2021-05-25 09:00:00+00:00,67446.25
2021-05-25 10:00:00+00:00,67585.25
2021-05-25 11:00:00+00:00,67056.0
2021-05-25 12:00:00+00:00,66471.75
2021-05-25 13:00:00+00:00,64562.25
2021-05-25 14:00:00+00:00,63271.75
2021-05-25 15:00:00+00:00,63549.75
2021-05-25 16:00:00+00:00,63164.5
2021-05-25 17:00:00+00:00,62353.0
2021-05-25 18:00:00+00:00,60306.75
2021-05-25 19:00:00+00:00,58113.5
2021-05-25 20:00:00+00:00,56001.75
2021-05-25 21:00:00+00:00,52617.5
2021-05-25 22:00:00+00:00,49276.75
2021-05-25 23:00:00+00:00,47673.75
2021-05-26 00:00:00+00:00,47287.75
2021-05-26 01:00:00+00:00,47505.75
2021-05-26 02:00:00+00:00,48699.25
2021-05-26 03:00:00+00:00,51508.5
2021-05-26 04:00:00+00:00,57883.0
2021-05-26 05:00:00+00:00,62985.25
2021-05-26 06:00:00+00:00,66416.25
2021-05-26 07:00:00+00:00,67608.75
2021-05-26 08:00:00+00:00,68342.75
2021-05-26 09:00:00+00:00,69605.25
2021-05-26 10:00:00+00:00,69508.0
2021-05-26 11:00:00+00:00,68836.75
2021-05-26 12:00:00+00:00,67166.5
2021-05-26 13:00:00+00:00,65123.75
2021-05-26 14:00:00+00:00,64285.0
2021-05-26 15:00:00+00:00,63589.5
2021-05-26 16:00:00+00:00,63289.0
2021-05-26 17:00:00+00:00,63014.25
2021-05-26 18:00:00+00:00,60603.0
2021-05-26 19:00:00+00:00,58906.25
2021-05-26 20:00:00+00:00,56695.5
2021-05-26 21:00:00+00:00,52864.75
2021-05-26 22:00:00+00:00,50394.75
2021-05-26 23:00:00+00:00,48370.5
2021-05-27 00:00:00+00:00,47440.25
2021-05-27 01:00:00+00:00,47488.5
2021-05-27 02:00:00+00:00,48735.0
2021-05-27 03:00:00+00:00,51915.5
2021-05-27 04:00:00+00:00,57784.5
2021-05-27 05:00:00+00:00,62319.75
2021-05-27 06:00:00+00:00,65576.0
2021-05-27 07:00:00+00:00,66933.75
2021-05-27 08:00:00+00:00,67880.25
2021-05-27 09:00:00+00:00,68812.75
2021-05-27 10:00:00+00:00,68508.25
2021-05-27 11:00:00+00:00,67206.0
2021-05-27 12:00:00+00:00,66332.25
2021-05-27 13:00:00+00:00,65085.75
2021-05-27 14:00:00+00:00,63592.25
2021-05-27 15:00:00+00:00,63508.5
2021-05-27 16:00:00+00:00,62881.5
2021-05-27 17:00:00+00:00,61702.5
2021-05-27 18:00:00+00:00,59154.25
2021-05-27 19:00:00+00:00,57032.75
2021-05-27 20:00:00+00:00,55015.25
2021-05-27 21:00:00+00:00,50967.0
2021-05-27 22:00:00+00:00,47623.5
2021-05-27 23:00:00+00:00,45831.75
2021-05-28 00:00:00+00:00,45033.5
2021-05-28 01:00:00+00:00,45272.75
2021-05-28 02:00:00+00:00,46896.0
2021-05-28 03:00:00+00:00,49653.5
2021-05-28 04:00:00+00:00,55518.0
2021-05-28 05:00:00+00:00,60669.5
2021-05-28 06:00:00+00:00,63382.5
2021-05-28 07:00:00+00:00,64528.75
2021-05-28 08:00:00+00:00,64863.5
2021-05-28 09:00:00+00:00,65764.75
2021-05-28 10:00:00+00:00,65531.0
2021-05-28 11:00:00+00:00,63602.75
2021-05-28 12:00:00+00:00,61798.25
2021-05-28 13:00:00+00:00,60522.75
2021-05-28 14:00:00+00:00,59546.0
2021-05-28 15:00:00+00:00,59233.5
2021-05-28 16:00:00+00:00,59072.5
2021-05-28 17:00:00+00:00,58586.75
2021-05-28 18:00:00+00:00,56616.5
2021-05-28 19:00:00+00:00,54734.25
2021-05-28 20:00:00+00:00,52878.75
2021-05-28 21:00:00+00:00,49108.0
2021-05-28 22:00:00+00:00,46199.5
2021-05-28 23:00:00+00:00,44269.5
2021-05-29 00:00:00+00:00,43278.25
2021-05-29 01:00:00+00:00,43201.25
2021-05-29 02:00:00+00:00,43247.5
2021-05-29 03:00:00+00:00,43245.25
2021-05-29 04:00:00+00:00,44662.0
2021-05-29 05:00:00+00:00,47741.25
2021-05-29 06:00:00+00:00,51629.0
2021-05-29 07:00:00+00:00,54015.0
2021-05-29 08:00:00+00:00,55066.5
2021-05-29 09:00:00+00:00,55397.0
2021-05-29 10:00:00+00:00,54800.5
2021-05-29 11:00:00+00:00,52272.25
2021-05-29 12:00:00+00:00,50389.75
2021-05-29 13:00:00+00:00,49464.5
2021-05-29 14:00:00+00:00,49318.25
2021-05-29 15:00:00+00:00,49711.75
2021-05-29 16:00:00+00:00,50246.5
2021-05-29 17:00:00+00:00,50051.5
2021-05-29 18:00:00+00:00,48760.5
2021-05-29 19:00:00+00:00,47669.5
2021-05-29 20:00:00+00:00,46938.25
2021-05-29 21:00:00+00:00,43941.0
2021-05-29 22:00:00+00:00,41132.75
2021-05-29 23:00:00+00:00,39231.0
2021-05-30 00:00:00+00:00,38247.75
2021-05-30 01:00:00+00:00,38215.5
2021-05-30 02:00:00+00:00,38310.25
2021-05-30 03:00:00+00:00,38087.0
2021-05-30 04:00:00+00:00,38670.25
2021-05-30 05:00:00+00:00,40938.5
2021-05-30 06:00:00+00:00,44392.0
2021-05-30 07:00:00+00:00,47297.75
2021-05-30 08:00:00+00:00,49125.75
2021-05-30 09:00:00+00:00,50441.75
2021-05-30 10:00:00+00:00,49890.5
2021-05-30 11:00:00+00:00,47800.75
2021-05-30 12:00:00+00:00,45962.25
2021-05-30 13:00:00+00:00,44947.5
2021-05-30 14:00:00+00:00,44922.5
2021-05-30 15:00:00+00:00,46099.25
2021-05-30 16:00:00+00:00,47517.75
2021-05-30 17:00:00+00:00,47789.75
2021-05-30 18:00:00+00:00,47711.5
2021-05-30 19:00:00+00:00,47663.25
2021-05-30 20:00:00+00:00,47944.0
2021-05-30 21:00:00+00:00,45009.0
2021-05-30 22:00:00+00:00,42525.25
2021-05-30 23:00:00+00:00,40899.75
2021-05-31 00:00:00+00:00,40002.25
2021-05-31 01:00:00+00:00,40316.5
2021-05-31 02:00:00+00:00,41808.75
2021-05-31 03:00:00+00:00,45259.5
2021-05-31 04:00:00+00:00,52618.75
2021-05-31 05:00:00+00:00,58066.75
2021-05-31 06:00:00+00:00,62005.25
2021-05-31 07:00:00+00:00,62602.5
2021-05-31 08:00:00+00:00,63285.5
2021-05-31 09:00:00+00:00,64405.25
2021-05-31 10:00:00+00:00,63925.5
2021-05-31 11:00:00+00:00,62822.25
2021-05-31 12:00:00+00:00,61428.5
2021-05-31 13:00:00+00:00,60331.75
2021-05-31 14:00:00+00:00,59005.75
2021-05-31 15:00:00+00:00,58845.5
2021-05-31 16:00:00+00:00,59092.25
2021-05-31 17:00:00+00:00,59100.0
2021-05-31 18:00:00+00:00,57586.0
2021-05-31 19:00:00+00:00,55703.0
2021-05-31 20:00:00+00:00,53245.0
2021-05-31 21:00:00+00:00,49729.25
2021-05-31 22:00:00+00:00,47220.5
2021-05-31 23:00:00+00:00,45179.75
2021-06-01 00:00:00+00:00,43958.25
2021-06-01 01:00:00+00:00,43879.0
2021-06-01 02:00:00+00:00,45229.0
2021-06-01 03:00:00+00:00,48135.75
2021-06-01 04:00:00+00:00,54537.75
2021-06-01 05:00:00+00:00,59863.75
2021-06-01 06:00:00+00:00,62843.25
2021-06-01 07:00:00+00:00,63457.5
2021-06-01 08:00:00+00:00,64246.5
2021-06-01 09:00:00+00:00,65022.5
2021-06-01 10:00:00+00:00,64815.25
2021-06-01 11:00:00+00:00,63258.75
2021-06-01 12:00:00+00:00,61912.5
2021-06-01 13:00:00+00:00,61343.5
2021-06-01 14:00:00+00:00,60152.75
2021-06-01 15:00:00+00:00,60055.25
2021-06-01 16:00:00+00:00,59857.25
2021-06-01 17:00:00+00:00,59300.5
2021-06-01 18:00:00+00:00,57888.75
2021-06-01 19:00:00+00:00,56032.5
2021-06-01 20:00:00+00:00,53662.25
2021-06-01 21:00:00+00:00,49797.5
2021-06-01 22:00:00+00:00,46698.0
2021-06-01 23:00:00+00:00,44811.75
2021-06-02 00:00:00+00:00,44317.75
2021-06-02 01:00:00+00:00,44428.0
2021-06-02 02:00:00+00:00,45279.75
2021-06-02 03:00:00+00:00,47968.75
2021-06-02 04:00:00+00:00,54644.25
2021-06-02 05:00:00+00:00,60127.0
2021-06-02 06:00:00+00:00,62922.0
2021-06-02 07:00:00+00:00,64106.25
2021-06-02 08:00:00+00:00,64876.75
2021-06-02 09:00:00+00:00,65646.25
2021-06-02 10:00:00+00:00,65465.25
2021-06-02 11:00:00+00:00,64369.25
2021-06-02 12:00:00+00:00,63394.75
2021-06-02 13:00:00+00:00,62543.25
2021-06-02 14:00:00+00:00,61634.75
2021-06-02 15:00:00+00:00,61981.0
2021-06-02 16:00:00+00:00,61753.5
2021-06-02 17:00:00+00:00,60665.5
2021-06-02 18:00:00+00:00,58425.0
2021-06-02 19:00:00+00:00,56399.25
2021-06-02 20:00:00+00:00,54934.0
2021-06-02 21:00:00+00:00,51496.75
2021-06-02 22:00:00+00:00,48434.5
2021-06-02 23:00:00+00:00,46388.75
2021-06-03 00:00:00+00:00,45133.0
2021-06-03 01:00:00+00:00,44606.0
2021-06-03 02:00:00+00:00,44289.0
2021-06-03 03:00:00+00:00,44461.75
2021-06-03 04:00:00+00:00,46071.25
2021-06-03 05:00:00+00:00,49148.75
2021-06-03 06:00:00+00:00,52140.75
2021-06-03 07:00:00+00:00,54333.5
2021-06-03 08:00:00+00:00,56591.75
2021-06-03 09:00:00+00:00,58230.75
2021-06-03 10:00:00+00:00,57577.75
2021-06-03 11:00:00+00:00,55889.25
2021-06-03 12:00:00+00:00,55011.5
2021-06-03 13:00:00+00:00,54097.25
2021-06-03 14:00:00+00:00,53692.75
2021-06-03 15:00:00+00:00,54669.25
2021-06-03 16:00:00+00:00,55675.25
2021-06-03 17:00:00+00:00,54967.25
2021-06-03 18:00:00+00:00,53244.75
2021-06-03 19:00:00+00:00,52024.5
2021-06-03 20:00:00+00:00,51007.25
2021-06-03 21:00:00+00:00,47684.0
2021-06-03 22:00:00+00:00,44982.25
2021-06-03 23:00:00+00:00,43178.75
2021-06-04 00:00:00+00:00,42321.25
2021-06-04 01:00:00+00:00,41755.0
2021-06-04 02:00:00+00:00,42755.5
2021-06-04 03:00:00+00:00,44823.0
2021-06-04 04:00:00+00:00,50233.0
2021-06-04 05:00:00+00:00,55051.5
2021-06-04 06:00:00+00:00,57824.0
2021-06-04 07:00:00+00:00,59286.0
2021-06-04 08:00:00+00:00,60661.25
2021-06-04 09:00:00+00:00,62089.75
2021-06-04 10:00:00+00:00,61886.0
2021-06-04 11:00:00+00:00,60769.25
2021-06-04 12:00:00+00:00,59680.25
2021-06-04 13:00:00+00:00,57988.25
2021-06-04 14:00:00+00:00,57537.25
2021-06-04 15:00:00+00:00,57761.0
2021-06-04 16:00:00+00:00,57673.75
2021-06-04 17:00:00+00:00,56500.75
2021-06-04 18:00:00+00:00,54054.5
2021-06-04 19:00:00+00:00,51916.5
2021-06-04 20:00:00+00:00,50321.75
2021-06-04 21:00:00+00:00,46709.0
2021-06-04 22:00:00+00:00,43736.25
2021-06-04 23:00:00+00:00,42009.75
2021-06-05 00:00:00+00:00,40513.25
2021-06-05 01:00:00+00:00,39816.25
2021-06-05 02:00:00+00:00,39737.25
2021-06-05 03:00:00+00:00,40097.25
2021-06-05 04:00:00+00:00,42230.0
2021-06-05 05:00:00+00:00,45653.0
2021-06-05 06:00:00+00:00,49552.5
2021-06-05 07:00:00+00:00,52502.75
2021-06-05 08:00:00+00:00,54427.5
2021-06-05 09:00:00+00:00,55476.25
2021-06-05 10:00:00+00:00,54727.5
2021-06-05 11:00:00+00:00,53361.25
2021-06-05 12:00:00+00:00,52041.75
2021-06-05 13:00:00+00:00,50977.5
2021-06-05 14:00:00+00:00,50630.0
2021-06-05 15:00:00+00:00,51256.0
2021-06-05 16:00:00+00:00,51615.25
2021-06-05 17:00:00+00:00,50637.75
2021-06-05 18:00:00+00:00,48708.75
2021-06-05 19:00:00+00:00,47466.75
2021-06-05 20:00:00+00:00,46285.75
2021-06-05 21:00:00+00:00,43065.75
2021-06-05 22:00:00+00:00,40410.5
2021-06-05 23:00:00+00:00,38130.75
2021-06-06 00:00:00+00:00,37422.0
2021-06-06 01:00:00+00:00,36921.5
2021-06-06 02:00:00+00:00,36650.5
2021-06-06 03:00:00+00:00,36580.75
2021-06-06 04:00:00+00:00,37635.25
2021-06-06 05:00:00+00:00,39846.75
2021-06-06 06:00:00+00:00,43113.25
2021-06-06 07:00:00+00:00,46562.5
2021-06-06 08:00:00+00:00,49152.25
2021-06-06 09:00:00+00:00,51420.5
2021-06-06 10:00:00+00:00,51571.0
2021-06-06 11:00:00+00:00,49657.0
2021-06-06 12:00:00+00:00,48419.25
2021-06-06 13:00:00+00:00,47479.5
2021-06-06 14:00:00+00:00,47314.0
2021-06-06 15:00:00+00:00,48714.5
2021-06-06 16:00:00+00:00,49787.25
2021-06-06 17:00:00+00:00,49353.75
2021-06-06 18:00:00+00:00,48351.0
2021-06-06 19:00:00+00:00,47512.25
2021-06-06 20:00:00+00:00,47603.0
2021-06-06 21:00:00+00:00,44726.5
2021-06-06 22:00:00+00:00,42114.0
2021-06-06 23:00:00+00:00,40645.0
2021-06-07 00:00:00+00:00,40005.25
2021-06-07 01:00:00+00:00,40173.0
2021-06-07 02:00:00+00:00,41875.0
2021-06-07 03:00:00+00:00,45417.0
2021-06-07 04:00:00+00:00,53479.5
2021-06-07 05:00:00+00:00,59399.25
2021-06-07 06:00:00+00:00,62848.5
2021-06-07 07:00:00+00:00,64240.25
2021-06-07 08:00:00+00:00,65789.0
2021-06-07 09:00:00+00:00,67161.75
2021-06-07 10:00:00+00:00,66983.5
2021-06-07 11:00:00+00:00,65900.5
2021-06-07 12:00:00+00:00,64320.25
2021-06-07 13:00:00+00:00,62997.25
2021-06-07 14:00:00+00:00,61433.5
2021-06-07 15:00:00+00:00,61563.5
2021-06-07 16:00:00+00:00,61504.25
2021-06-07 17:00:00+00:00,60711.75
2021-06-07 18:00:00+00:00,58247.5
2021-06-07 19:00:00+00:00,55728.0
2021-06-07 20:00:00+00:00,53431.75
2021-06-07 21:00:00+00:00,49422.0
2021-06-07 22:00:00+00:00,46668.5
2021-06-07 23:00:00+00:00,44659.0
2021-06-08 00:00:00+00:00,43758.75
2021-06-08 01:00:00+00:00,44144.0
2021-06-08 02:00:00+00:00,45202.0
2021-06-08 03:00:00+00:00,47835.0
2021-06-08 04:00:00+00:00,55014.25
2021-06-08 05:00:00+00:00,60512.25
2021-06-08 06:00:00+00:00,63876.25
2021-06-08 07:00:00+00:00,64781.25
2021-06-08 08:00:00+00:00,65974.5
2021-06-08 09:00:00+00:00,67295.5
2021-06-08 10:00:00+00:00,66847.75
2021-06-08 11:00:00+00:00,66009.75
2021-06-08 12:00:00+00:00,64661.75
2021-06-08 13:00:00+00:00,63694.25
2021-06-08 14:00:00+00:00,62871.0
2021-06-08 15:00:00+00:00,62535.25
2021-06-08 16:00:00+00:00,62159.25
2021-06-08 17:00:00+00:00,61186.5
2021-06-08 18:00:00+00:00,59011.75
2021-06-08 19:00:00+00:00,56746.25
2021-06-08 20:00:00+00:00,54429.25
2021-06-08 21:00:00+00:00,50381.5
2021-06-08 22:00:00+00:00,47237.0
2021-06-08 23:00:00+00:00,45415.75
2021-06-09 00:00:00+00:00,44551.75
2021-06-09 01:00:00+00:00,44479.5
2021-06-09 02:00:00+00:00,45521.75
2021-06-09 03:00:00+00:00,48089.25
2021-06-09 04:00:00+00:00,54925.25
2021-06-09 05:00:00+00:00,60733.25
2021-06-09 06:00:00+00:00,63945.75
2021-06-09 07:00:00+00:00,65044.25
2021-06-09 08:00:00+00:00,66491.25
2021-06-09 09:00:00+00:00,67741.5
2021-06-09 10:00:00+00:00,67547.0
2021-06-09 11:00:00+00:00,66641.75
2021-06-09 12:00:00+00:00,65422.75
2021-06-09 13:00:00+00:00,64042.0
2021-06-09 14:00:00+00:00,62601.5
2021-06-09 15:00:00+00:00,62645.5
2021-06-09 16:00:00+00:00,62273.25
2021-06-09 17:00:00+00:00,61336.75
2021-06-09 18:00:00+00:00,59117.25
2021-06-09 19:00:00+00:00,56629.75
2021-06-09 20:00:00+00:00,54367.5
2021-06-09 21:00:00+00:00,50431.25
2021-06-09 22:00:00+00:00,47460.75
2021-06-09 23:00:00+00:00,45518.5
2021-06-10 00:00:00+00:00,44646.5
2021-06-10 01:00:00+00:00,44833.75
2021-06-10 02:00:00+00:00,45478.75
2021-06-10 03:00:00+00:00,48052.5
2021-06-10 04:00:00+00:00,55074.0
2021-06-10 05:00:00+00:00,60594.0
2021-06-10 06:00:00+00:00,63842.25
2021-06-10 07:00:00+00:00,64777.25
2021-06-10 08:00:00+00:00,66375.5
2021-06-10 09:00:00+00:00,67561.25
2021-06-10 10:00:00+00:00,67221.5
2021-06-10 11:00:00+00:00,66318.0
2021-06-10 12:00:00+00:00,64987.25
2021-06-10 13:00:00+00:00,64094.75
2021-06-10 14:00:00+00:00,63136.75
2021-06-10 15:00:00+00:00,62968.0
2021-06-10 16:00:00+00:00,62305.25
2021-06-10 17:00:00+00:00,61531.5
2021-06-10 18:00:00+00:00,59127.25
2021-06-10 19:00:00+00:00,56654.5
2021-06-10 20:00:00+00:00,54243.75
2021-06-10 21:00:00+00:00,50307.0
2021-06-10 22:00:00+00:00,47699.25
2021-06-10 23:00:00+00:00,45889.25
2021-06-11 00:00:00+00:00,44999.0
2021-06-11 01:00:00+00:00,44843.5
2021-06-11 02:00:00+00:00,45652.75
2021-06-11 03:00:00+00:00,48279.0
2021-06-11 04:00:00+00:00,55151.75
2021-06-11 05:00:00+00:00,60781.5
2021-06-11 06:00:00+00:00,63970.25
2021-06-11 07:00:00+00:00,65369.75
2021-06-11 08:00:00+00:00,66229.5
2021-06-11 09:00:00+00:00,67193.0
2021-06-11 10:00:00+00:00,66463.25
2021-06-11 11:00:00+00:00,65166.0
2021-06-11 12:00:00+00:00,63721.25
2021-06-11 13:00:00+00:00,62576.0
2021-06-11 14:00:00+00:00,61850.0
2021-06-11 15:00:00+00:00,61864.25
2021-06-11 16:00:00+00:00,61297.5
2021-06-11 17:00:00+00:00,60206.5
2021-06-11 18:00:00+00:00,57576.25
2021-06-11 19:00:00+00:00,55024.0
2021-06-11 20:00:00+00:00,53192.0
2021-06-11 21:00:00+00:00,49831.0
2021-06-11 22:00:00+00:00,46191.25
2021-06-11 23:00:00+00:00,44116.0
2021-06-12 00:00:00+00:00,42818.75
2021-06-12 01:00:00+00:00,42094.5
2021-06-12 02:00:00+00:00,41714.5
2021-06-12 03:00:00+00:00,41863.0
2021-06-12 04:00:00+00:00,44376.75
2021-06-12 05:00:00+00:00,47168.25
2021-06-12 06:00:00+00:00,51248.25
2021-06-12 07:00:00+00:00,54332.5
2021-06-12 08:00:00+00:00,56098.75
2021-06-12 09:00:00+00:00,57288.5
2021-06-12 10:00:00+00:00,56619.75
2021-06-12 11:00:00+00:00,55650.5
2021-06-12 12:00:00+00:00,54311.25
2021-06-12 13:00:00+00:00,53912.25
2021-06-12 14:00:00+00:00,53571.75
2021-06-12 15:00:00+00:00,54394.75
2021-06-12 16:00:00+00:00,54532.5
2021-06-12 17:00:00+00:00,53319.0
2021-06-12 18:00:00+00:00,51501.0
2021-06-12 19:00:00+00:00,49574.5
2021-06-12 20:00:00+00:00,48937.75
2021-06-12 21:00:00+00:00,45702.0
2021-06-12 22:00:00+00:00,42740.25
2021-06-12 23:00:00+00:00,40719.25
2021-06-13 00:00:00+00:00,39474.25
2021-06-13 01:00:00+00:00,39123.75
2021-06-13 02:00:00+00:00,38731.0
2021-06-13 03:00:00+00:00,38538.5
2021-06-13 04:00:00+00:00,39400.0
2021-06-13 05:00:00+00:00,41782.5
2021-06-13 06:00:00+00:00,45336.25
2021-06-13 07:00:00+00:00,48001.75
2021-06-13 08:00:00+00:00,50346.75
2021-06-13 09:00:00+00:00,51909.25
2021-06-13 10:00:00+00:00,51330.0
2021-06-13 11:00:00+00:00,49102.0
2021-06-13 12:00:00+00:00,47529.75
2021-06-13 13:00:00+00:00,46981.5
2021-06-13 14:00:00+00:00,46556.0
2021-06-13 15:00:00+00:00,47680.0
2021-06-13 16:00:00+00:00,49109.0
2021-06-13 17:00:00+00:00,49427.25
2021-06-13 18:00:00+00:00,49053.75
2021-06-13 19:00:00+00:00,48225.0
2021-06-13 20:00:00+00:00,48467.5
2021-06-13 21:00:00+00:00,45313.5
2021-06-13 22:00:00+00:00,42691.0
2021-06-13 23:00:00+00:00,40925.25
2021-06-14 00:00:00+00:00,40131.25
2021-06-14 01:00:00+00:00,40099.0
2021-06-14 02:00:00+00:00,41370.0
2021-06-14 03:00:00+00:00,44727.25
2021-06-14 04:00:00+00:00,52652.75
2021-06-14 05:00:00+00:00,58516.75
2021-06-14 06:00:00+00:00,62778.5
2021-06-14 07:00:00+00:00,63762.75
2021-06-14 08:00:00+00:00,65072.5
2021-06-14 09:00:00+00:00,66083.5
2021-06-14 10:00:00+00:00,65861.0
2021-06-14 11:00:00+00:00,65334.75
2021-06-14 12:00:00+00:00,63888.75
2021-06-14 13:00:00+00:00,62933.5
2021-06-14 14:00:00+00:00,62071.0
2021-06-14 15:00:00+00:00,62021.5
2021-06-14 16:00:00+00:00,62154.5
2021-06-14 17:00:00+00:00,61412.5
2021-06-14 18:00:00+00:00,59309.5
2021-06-14 19:00:00+00:00,57271.75
2021-06-14 20:00:00+00:00,54994.75
2021-06-14 21:00:00+00:00,51021.75
2021-06-14 22:00:00+00:00,47689.75
2021-06-14 23:00:00+00:00,46021.0
2021-06-15 00:00:00+00:00,45092.5
2021-06-15 01:00:00+00:00,45260.75
2021-06-15 02:00:00+00:00,46094.0
2021-06-15 03:00:00+00:00,48747.0
2021-06-15 04:00:00+00:00,55702.25
2021-06-15 05:00:00+00:00,61442.75
2021-06-15 06:00:00+00:00,64722.75
2021-06-15 07:00:00+00:00,65661.25
2021-06-15 08:00:00+00:00,66274.25
2021-06-15 09:00:00+00:00,67475.0
2021-06-15 10:00:00+00:00,67538.75
2021-06-15 11:00:00+00:00,66360.0
2021-06-15 12:00:00+00:00,65209.0
2021-06-15 13:00:00+00:00,64376.25
2021-06-15 14:00:00+00:00,63257.75
2021-06-15 15:00:00+00:00,63302.75
2021-06-15 16:00:00+00:00,62991.5
2021-06-15 17:00:00+00:00,61990.25
2021-06-15 18:00:00+00:00,59981.0
2021-06-15 19:00:00+00:00,57116.0
2021-06-15 20:00:00+00:00,55119.5
2021-06-15 21:00:00+00:00,51637.75
2021-06-15 22:00:00+00:00,48443.75
2021-06-15 23:00:00+00:00,46207.0
2021-06-16 00:00:00+00:00,45482.75
2021-06-16 01:00:00+00:00,45550.0
2021-06-16 02:00:00+00:00,46067.75
2021-06-16 03:00:00+00:00,48732.5
2021-06-16 04:00:00+00:00,56036.75
2021-06-16 05:00:00+00:00,61107.75
2021-06-16 06:00:00+00:00,64321.75
2021-06-16 07:00:00+00:00,65400.0
2021-06-16 08:00:00+00:00,66528.0
2021-06-16 09:00:00+00:00,67966.5
2021-06-16 10:00:00+00:00,67702.75
2021-06-16 11:00:00+00:00,66847.75
2021-06-16 12:00:00+00:00,65692.25
2021-06-16 13:00:00+00:00,65040.25
2021-06-16 14:00:00+00:00,63994.0
2021-06-16 15:00:00+00:00,63807.5
2021-06-16 16:00:00+00:00,63627.0
2021-06-16 17:00:00+00:00,63047.0
2021-06-16 18:00:00+00:00,61099.5
2021-06-16 19:00:00+00:00,58824.75
2021-06-16 20:00:00+00:00,57028.0
2021-06-16 21:00:00+00:00,53257.25
2021-06-16 22:00:00+00:00,50255.0
2021-06-16 23:00:00+00:00,48725.5
2021-06-17 00:00:00+00:00,47377.5
2021-06-17 01:00:00+00:00,47086.25
2021-06-17 02:00:00+00:00,47882.75
2021-06-17 03:00:00+00:00,50487.25
2021-06-17 04:00:00+00:00,57487.75
2021-06-17 05:00:00+00:00,63032.25
2021-06-17 06:00:00+00:00,66388.5
2021-06-17 07:00:00+00:00,67426.0
2021-06-17 08:00:00+00:00,69268.0
2021-06-17 09:00:00+00:00,70632.75
2021-06-17 10:00:00+00:00,70508.0
2021-06-17 11:00:00+00:00,70063.0
2021-06-17 12:00:00+00:00,69295.5
2021-06-17 13:00:00+00:00,68186.25
2021-06-17 14:00:00+00:00,67260.0
2021-06-17 15:00:00+00:00,67126.75
2021-06-17 16:00:00+00:00,65789.75
2021-06-17 17:00:00+00:00,64519.0
2021-06-17 18:00:00+00:00,62395.75
2021-06-17 19:00:00+00:00,60205.25
2021-06-17 20:00:00+00:00,58175.25
2021-06-17 21:00:00+00:00,54318.75
2021-06-17 22:00:00+00:00,51020.5
2021-06-17 23:00:00+00:00,48914.5
2021-06-18 00:00:00+00:00,47501.0
2021-06-18 01:00:00+00:00,47671.5
2021-06-18 02:00:00+00:00,48107.25
2021-06-18 03:00:00+00:00,50368.5
2021-06-18 04:00:00+00:00,57236.0
2021-06-18 05:00:00+00:00,63141.0
2021-06-18 06:00:00+00:00,67012.75
2021-06-18 07:00:00+00:00,68350.25
2021-06-18 08:00:00+00:00,69920.0
2021-06-18 09:00:00+00:00,70489.75
2021-06-18 10:00:00+00:00,69778.75
2021-06-18 11:00:00+00:00,68509.25
2021-06-18 12:00:00+00:00,66865.5
2021-06-18 13:00:00+00:00,65847.5
2021-06-18 14:00:00+00:00,64848.25
2021-06-18 15:00:00+00:00,64192.25
2021-06-18 16:00:00+00:00,63604.5
2021-06-18 17:00:00+00:00,62641.75
2021-06-18 18:00:00+00:00,60450.0
2021-06-18 19:00:00+00:00,57727.75
2021-06-18 20:00:00+00:00,56313.5
2021-06-18 21:00:00+00:00,53483.25
2021-06-18 22:00:00+00:00,50533.0
2021-06-18 23:00:00+00:00,47262.75
2021-06-19 00:00:00+00:00,45409.25
2021-06-19 01:00:00+00:00,44908.25
2021-06-19 02:00:00+00:00,44893.5
2021-06-19 03:00:00+00:00,44431.5
2021-06-19 04:00:00+00:00,46771.0
2021-06-19 05:00:00+00:00,50133.5
2021-06-19 06:00:00+00:00,54171.0
2021-06-19 07:00:00+00:00,57036.75
2021-06-19 08:00:00+00:00,58646.0
2021-06-19 09:00:00+00:00,59412.5
2021-06-19 10:00:00+00:00,58292.75
2021-06-19 11:00:00+00:00,56704.25
2021-06-19 12:00:00+00:00,55029.5
2021-06-19 13:00:00+00:00,54311.0
2021-06-19 14:00:00+00:00,53924.25
2021-06-19 15:00:00+00:00,54506.5
2021-06-19 16:00:00+00:00,53967.25
2021-06-19 17:00:00+00:00,52585.0
2021-06-19 18:00:00+00:00,51306.5
2021-06-19 19:00:00+00:00,49664.0
2021-06-19 20:00:00+00:00,48743.75
2021-06-19 21:00:00+00:00,46006.5
2021-06-19 22:00:00+00:00,44328.0
2021-06-19 23:00:00+00:00,42201.25
2021-06-20 00:00:00+00:00,41290.75
2021-06-20 01:00:00+00:00,40808.0
2021-06-20 02:00:00+00:00,39851.25
2021-06-20 03:00:00+00:00,40025.0
2021-06-20 04:00:00+00:00,41973.25
2021-06-20 05:00:00+00:00,44384.5
2021-06-20 06:00:00+00:00,46740.75
2021-06-20 07:00:00+00:00,49055.0
2021-06-20 08:00:00+00:00,51613.25
2021-06-20 09:00:00+00:00,54106.0
2021-06-20 10:00:00+00:00,53814.25
2021-06-20 11:00:00+00:00,52073.25
2021-06-20 12:00:00+00:00,49980.75
2021-06-20 13:00:00+00:00,49036.25
2021-06-20 14:00:00+00:00,49190.75
2021-06-20 15:00:00+00:00,50481.25
2021-06-20 16:00:00+00:00,51098.25
2021-06-20 17:00:00+00:00,50968.0
2021-06-20 18:00:00+00:00,50271.25
2021-06-20 19:00:00+00:00,49246.5
2021-06-20 20:00:00+00:00,48885.5
2021-06-20 21:00:00+00:00,47231.75
2021-06-20 22:00:00+00:00,45291.75
2021-06-20 23:00:00+00:00,42809.0
2021-06-21 00:00:00+00:00,42186.75
2021-06-21 01:00:00+00:00,43171.5
2021-06-21 02:00:00+00:00,44721.0
2021-06-21 03:00:00+00:00,47233.0
2021-06-21 04:00:00+00:00,55412.0
2021-06-21 05:00:00+00:00,61268.75
2021-06-21 06:00:00+00:00,65717.5
2021-06-21 07:00:00+00:00,67856.0
2021-06-21 08:00:00+00:00,69179.25
2021-06-21 09:00:00+00:00,70323.0
2021-06-21 10:00:00+00:00,69645.25
2021-06-21 11:00:00+00:00,68638.75
2021-06-21 12:00:00+00:00,67527.5
2021-06-21 13:00:00+00:00,66165.5
2021-06-21 14:00:00+00:00,65069.0
2021-06-21 15:00:00+00:00,64868.0
2021-06-21 16:00:00+00:00,64631.75
2021-06-21 17:00:00+00:00,63493.0
2021-06-21 18:00:00+00:00,61765.5
2021-06-21 19:00:00+00:00,59337.5
2021-06-21 20:00:00+00:00,56557.75
2021-06-21 21:00:00+00:00,52721.0
2021-06-21 22:00:00+00:00,49651.5
2021-06-21 23:00:00+00:00,47743.5
2021-06-22 00:00:00+00:00,47191.75
2021-06-22 01:00:00+00:00,46970.5
2021-06-22 02:00:00+00:00,47718.25
2021-06-22 03:00:00+00:00,50050.75
2021-06-22 04:00:00+00:00,56837.5
2021-06-22 05:00:00+00:00,62308.0
2021-06-22 06:00:00+00:00,65538.5
2021-06-22 07:00:00+00:00,67031.0
2021-06-22 08:00:00+00:00,67942.25
2021-06-22 09:00:00+00:00,69079.75
2021-06-22 10:00:00+00:00,68687.5
2021-06-22 11:00:00+00:00,67806.0
2021-06-22 12:00:00+00:00,66298.75
2021-06-22 13:00:00+00:00,64927.0
2021-06-22 14:00:00+00:00,63951.25
2021-06-22 15:00:00+00:00,63852.0
2021-06-22 16:00:00+00:00,63189.5
2021-06-22 17:00:00+00:00,62287.75
2021-06-22 18:00:00+00:00,60081.5
2021-06-22 19:00:00+00:00,57679.75
2021-06-22 20:00:00+00:00,55095.25
2021-06-22 21:00:00+00:00,51397.0
2021-06-22 22:00:00+00:00,48423.25
2021-06-22 23:00:00+00:00,46409.25
2021-06-23 00:00:00+00:00,45517.0
2021-06-23 01:00:00+00:00,45520.25
2021-06-23 02:00:00+00:00,46455.5
2021-06-23 03:00:00+00:00,49118.75
2021-06-23 04:00:00+00:00,55742.25
2021-06-23 05:00:00+00:00,60693.0
2021-06-23 06:00:00+00:00,64038.5
2021-06-23 07:00:00+00:00,65165.75
2021-06-23 08:00:00+00:00,66526.75
2021-06-23 09:00:00+00:00,67525.0
2021-06-23 10:00:00+00:00,66630.25
2021-06-23 11:00:00+00:00,65646.5
2021-06-23 12:00:00+00:00,64314.5
2021-06-23 13:00:00+00:00,62949.0
2021-06-23 14:00:00+00:00,61528.5
2021-06-23 15:00:00+00:00,61291.25
2021-06-23 16:00:00+00:00,61119.5
2021-06-23 17:00:00+00:00,59997.75
2021-06-23 18:00:00+00:00,57650.25
2021-06-23 19:00:00+00:00,55001.5
2021-06-23 20:00:00+00:00,53345.25
2021-06-23 21:00:00+00:00,50560.75
2021-06-23 22:00:00+00:00,47355.75
2021-06-23 23:00:00+00:00,45982.75
2021-06-24 00:00:00+00:00,44605.75
2021-06-24 01:00:00+00:00,44430.0
2021-06-24 02:00:00+00:00,45519.0
2021-06-24 03:00:00+00:00,48042.0
2021-06-24 04:00:00+00:00,54651.25
2021-06-24 05:00:00+00:00,59969.5
2021-06-24 06:00:00+00:00,62948.25
2021-06-24 07:00:00+00:00,64221.75
2021-06-24 08:00:00+00:00,65497.75
2021-06-24 09:00:00+00:00,66855.5
2021-06-24 10:00:00+00:00,66295.5
2021-06-24 11:00:00+00:00,65188.5
2021-06-24 12:00:00+00:00,64339.5
2021-06-24 13:00:00+00:00,63353.25
2021-06-24 14:00:00+00:00,62220.75
2021-06-24 15:00:00+00:00,62145.0
2021-06-24 16:00:00+00:00,61735.25
2021-06-24 17:00:00+00:00,60774.75
2021-06-24 18:00:00+00:00,58307.25
2021-06-24 19:00:00+00:00,55636.5
2021-06-24 20:00:00+00:00,53420.5
2021-06-24 21:00:00+00:00,49943.5
2021-06-24 22:00:00+00:00,47097.25
2021-06-24 23:00:00+00:00,45577.25
2021-06-25 00:00:00+00:00,44573.25
2021-06-25 01:00:00+00:00,44885.5
2021-06-25 02:00:00+00:00,46065.25
2021-06-25 03:00:00+00:00,48260.25
2021-06-25 04:00:00+00:00,54891.0
2021-06-25 05:00:00+00:00,60607.25
2021-06-25 06:00:00+00:00,63444.5
2021-06-25 07:00:00+00:00,64519.25
2021-06-25 08:00:00+00:00,65563.0
2021-06-25 09:00:00+00:00,66565.5
2021-06-25 10:00:00+00:00,65881.5
2021-06-25 11:00:00+00:00,64350.75
2021-06-25 12:00:00+00:00,62514.5
2021-06-25 13:00:00+00:00,61053.5
2021-06-25 14:00:00+00:00,60077.5
2021-06-25 15:00:00+00:00,60026.5
2021-06-25 16:00:00+00:00,59556.25
2021-06-25 17:00:00+00:00,58206.75
2021-06-25 18:00:00+00:00,55674.25
2021-06-25 19:00:00+00:00,53182.25
2021-06-25 20:00:00+00:00,51472.0
2021-06-25 21:00:00+00:00,47892.25
2021-06-25 22:00:00+00:00,45201.25
2021-06-25 23:00:00+00:00,43173.5
2021-06-26 00:00:00+00:00,41702.0
2021-06-26 01:00:00+00:00,41175.25
2021-06-26 02:00:00+00:00,40816.75
2021-06-26 03:00:00+00:00,40812.75
2021-06-26 04:00:00+00:00,43033.0
2021-06-26 05:00:00+00:00,46351.0
2021-06-26 06:00:00+00:00,50231.75
2021-06-26 07:00:00+00:00,52869.0
2021-06-26 08:00:00+00:00,54234.25
2021-06-26 09:00:00+00:00,55214.75
2021-06-26 10:00:00+00:00,54988.25
2021-06-26 11:00:00+00:00,53491.75
2021-06-26 12:00:00+00:00,52188.25
2021-06-26 13:00:00+00:00,51155.25
2021-06-26 14:00:00+00:00,50579.75
2021-06-26 15:00:00+00:00,50946.25
2021-06-26 16:00:00+00:00,51101.75
2021-06-26 17:00:00+00:00,50189.75
2021-06-26 18:00:00+00:00,48533.5
2021-06-26 19:00:00+00:00,46924.75
2021-06-26 20:00:00+00:00,46378.25
2021-06-26 21:00:00+00:00,43646.5
2021-06-26 22:00:00+00:00,41040.5
2021-06-26 23:00:00+00:00,39121.0
2021-06-27 00:00:00+00:00,38164.5
2021-06-27 01:00:00+00:00,37921.5
2021-06-27 02:00:00+00:00,37662.5
2021-06-27 03:00:00+00:00,37112.0
2021-06-27 04:00:00+00:00,37964.25
2021-06-27 05:00:00+00:00,40703.5
2021-06-27 06:00:00+00:00,44019.5
2021-06-27 07:00:00+00:00,46736.75
2021-06-27 08:00:00+00:00,48634.5
2021-06-27 09:00:00+00:00,50243.0
2021-06-27 10:00:00+00:00,49909.5
2021-06-27 11:00:00+00:00,48451.25
2021-06-27 12:00:00+00:00,47158.25
2021-06-27 13:00:00+00:00,46722.25
2021-06-27 14:00:00+00:00,47055.0
2021-06-27 15:00:00+00:00,47828.25
2021-06-27 16:00:00+00:00,49545.25
2021-06-27 17:00:00+00:00,49484.0
2021-06-27 18:00:00+00:00,48526.25
2021-06-27 19:00:00+00:00,47845.5
2021-06-27 20:00:00+00:00,48463.5
2021-06-27 21:00:00+00:00,45916.25
2021-06-27 22:00:00+00:00,43258.0
2021-06-27 23:00:00+00:00,41609.75
2021-06-28 00:00:00+00:00,41328.0
2021-06-28 01:00:00+00:00,41910.0
2021-06-28 02:00:00+00:00,43563.5
2021-06-28 03:00:00+00:00,46862.25
2021-06-28 04:00:00+00:00,54821.5
2021-06-28 05:00:00+00:00,60779.75
2021-06-28 06:00:00+00:00,64624.25
2021-06-28 07:00:00+00:00,66437.5
2021-06-28 08:00:00+00:00,68263.75
2021-06-28 09:00:00+00:00,69395.25
2021-06-28 10:00:00+00:00,69121.0
2021-06-28 11:00:00+00:00,68188.75
2021-06-28 12:00:00+00:00,67683.25
2021-06-28 13:00:00+00:00,66618.0
2021-06-28 14:00:00+00:00,65576.75
2021-06-28 15:00:00+00:00,65225.0
2021-06-28 16:00:00+00:00,64955.0
2021-06-28 17:00:00+00:00,64139.75
2021-06-28 18:00:00+00:00,61657.0
2021-06-28 19:00:00+00:00,59494.25
2021-06-28 20:00:00+00:00,57315.25
2021-06-28 21:00:00+00:00,53670.75
2021-06-28 22:00:00+00:00,49776.75
2021-06-28 23:00:00+00:00,48089.25
2021-06-29 00:00:00+00:00,47402.5
2021-06-29 01:00:00+00:00,47307.5
2021-06-29 02:00:00+00:00,48386.25
2021-06-29 03:00:00+00:00,50532.5
2021-06-29 04:00:00+00:00,57077.75
2021-06-29 05:00:00+00:00,62426.0
2021-06-29 06:00:00+00:00,65345.0
2021-06-29 07:00:00+00:00,66402.0
2021-06-29 08:00:00+00:00,67850.75
2021-06-29 09:00:00+00:00,69212.75
2021-06-29 10:00:00+00:00,68841.75
2021-06-29 11:00:00+00:00,67920.5
2021-06-29 12:00:00+00:00,67132.0
2021-06-29 13:00:00+00:00,65941.5
2021-06-29 14:00:00+00:00,65130.75
2021-06-29 15:00:00+00:00,65045.75
2021-06-29 16:00:00+00:00,63065.5
2021-06-29 17:00:00+00:00,60505.75
2021-06-29 18:00:00+00:00,58197.5
2021-06-29 19:00:00+00:00,55779.5
2021-06-29 20:00:00+00:00,54115.25
2021-06-29 21:00:00+00:00,50796.5
2021-06-29 22:00:00+00:00,48204.5
2021-06-29 23:00:00+00:00,46636.75
2021-06-30 00:00:00+00:00,45374.0
2021-06-30 01:00:00+00:00,45549.0
2021-06-30 02:00:00+00:00,46741.5
2021-06-30 03:00:00+00:00,49396.25
2021-06-30 04:00:00+00:00,55825.25
2021-06-30 05:00:00+00:00,60873.75
2021-06-30 06:00:00+00:00,64465.5
2021-06-30 07:00:00+00:00,65486.25
2021-06-30 08:00:00+00:00,66958.0
2021-06-30 09:00:00+00:00,68447.0
2021-06-30 10:00:00+00:00,68257.75
2021-06-30 11:00:00+00:00,66999.0
2021-06-30 12:00:00+00:00,66815.75
2021-06-30 13:00:00+00:00,66208.75
2021-06-30 14:00:00+00:00,64744.5
2021-06-30 15:00:00+00:00,64190.75
2021-06-30 16:00:00+00:00,63828.75
2021-06-30 17:00:00+00:00,62727.75
2021-06-30 18:00:00+00:00,60175.5
2021-06-30 19:00:00+00:00,57613.25
2021-06-30 20:00:00+00:00,54955.5
2021-06-30 21:00:00+00:00,51447.75
2021-06-30 22:00:00+00:00,49110.75
2021-06-30 23:00:00+00:00,47601.75
2021-07-01 00:00:00+00:00,46746.75
2021-07-01 01:00:00+00:00,46975.5
2021-07-01 02:00:00+00:00,48059.5
2021-07-01 03:00:00+00:00,50911.25
2021-07-01 04:00:00+00:00,58275.5
2021-07-01 05:00:00+00:00,63639.75
2021-07-01 06:00:00+00:00,67054.0
2021-07-01 07:00:00+00:00,67897.75
2021-07-01 08:00:00+00:00,69537.5
2021-07-01 09:00:00+00:00,71047.75
2021-07-01 10:00:00+00:00,70935.5
2021-07-01 11:00:00+00:00,69618.0
2021-07-01 12:00:00+00:00,67906.0
2021-07-01 13:00:00+00:00,66778.5
2021-07-01 14:00:00+00:00,65419.25
2021-07-01 15:00:00+00:00,65159.5
2021-07-01 16:00:00+00:00,64267.0
2021-07-01 17:00:00+00:00,62725.0
2021-07-01 18:00:00+00:00,59672.75
2021-07-01 19:00:00+00:00,56947.25
2021-07-01 20:00:00+00:00,54517.25
2021-07-01 21:00:00+00:00,50779.25
2021-07-01 22:00:00+00:00,48118.5
2021-07-01 23:00:00+00:00,46499.5
2021-07-02 00:00:00+00:00,45806.25
2021-07-02 01:00:00+00:00,46023.25
2021-07-02 02:00:00+00:00,47163.25
2021-07-02 03:00:00+00:00,48958.5
2021-07-02 04:00:00+00:00,55375.0
2021-07-02 05:00:00+00:00,60792.0
2021-07-02 06:00:00+00:00,64024.75
2021-07-02 07:00:00+00:00,65090.5
2021-07-02 08:00:00+00:00,66362.5
2021-07-02 09:00:00+00:00,67312.75
2021-07-02 10:00:00+00:00,66650.75
2021-07-02 11:00:00+00:00,64939.5
2021-07-02 12:00:00+00:00,63554.25
2021-07-02 13:00:00+00:00,62377.75
2021-07-02 14:00:00+00:00,61531.25
2021-07-02 15:00:00+00:00,61508.0
2021-07-02 16:00:00+00:00,60526.25
2021-07-02 17:00:00+00:00,58649.25
2021-07-02 18:00:00+00:00,55924.25
2021-07-02 19:00:00+00:00,53614.5
2021-07-02 20:00:00+00:00,52072.25
2021-07-02 21:00:00+00:00,48451.5
2021-07-02 22:00:00+00:00,45729.0
2021-07-02 23:00:00+00:00,43605.5
2021-07-03 00:00:00+00:00,42156.25
2021-07-03 01:00:00+00:00,41518.0
2021-07-03 02:00:00+00:00,41292.25
2021-07-03 03:00:00+00:00,41284.5
2021-07-03 04:00:00+00:00,43118.75
2021-07-03 05:00:00+00:00,46354.5
2021-07-03 06:00:00+00:00,50152.25
2021-07-03 07:00:00+00:00,53096.0
2021-07-03 08:00:00+00:00,54666.25
2021-07-03 09:00:00+00:00,55515.25
2021-07-03 10:00:00+00:00,54942.25
2021-07-03 11:00:00+00:00,53430.5
2021-07-03 12:00:00+00:00,52039.0
2021-07-03 13:00:00+00:00,50933.75
2021-07-03 14:00:00+00:00,50642.5
2021-07-03 15:00:00+00:00,51366.0
2021-07-03 16:00:00+00:00,51539.0
2021-07-03 17:00:00+00:00,50497.75
2021-07-03 18:00:00+00:00,48581.0
2021-07-03 19:00:00+00:00,47035.0
2021-07-03 20:00:00+00:00,46092.75
2021-07-03 21:00:00+00:00,43498.5
2021-07-03 22:00:00+00:00,40819.5
2021-07-03 23:00:00+00:00,38795.5
2021-07-04 00:00:00+00:00,37537.25
2021-07-04 01:00:00+00:00,36997.5
2021-07-04 02:00:00+00:00,37106.75
2021-07-04 03:00:00+00:00,36907.75
2021-07-04 04:00:00+00:00,37802.75
2021-07-04 05:00:00+00:00,40287.75
2021-07-04 06:00:00+00:00,43741.0
2021-07-04 07:00:00+00:00,46998.75
2021-07-04 08:00:00+00:00,49437.75
2021-07-04 09:00:00+00:00,51260.5
2021-07-04 10:00:00+00:00,50612.5
2021-07-04 11:00:00+00:00,49322.0
2021-07-04 12:00:00+00:00,48219.5
2021-07-04 13:00:00+00:00,47568.75
2021-07-04 14:00:00+00:00,47569.0
2021-07-04 15:00:00+00:00,48844.25
2021-07-04 16:00:00+00:00,50399.0
2021-07-04 17:00:00+00:00,49997.5
2021-07-04 18:00:00+00:00,48820.5
2021-07-04 19:00:00+00:00,47821.75
2021-07-04 20:00:00+00:00,48336.5
2021-07-04 21:00:00+00:00,45293.0
2021-07-04 22:00:00+00:00,43208.75
2021-07-04 23:00:00+00:00,41787.75
2021-07-05 00:00:00+00:00,40883.0
2021-07-05 01:00:00+00:00,41015.0
2021-07-05 02:00:00+00:00,42334.25
2021-07-05 03:00:00+00:00,45469.75
2021-07-05 04:00:00+00:00,53695.75
2021-07-05 05:00:00+00:00,59786.5
2021-07-05 06:00:00+00:00,63088.75
2021-07-05 07:00:00+00:00,64799.75
2021-07-05 08:00:00+00:00,66069.75
2021-07-05 09:00:00+00:00,66866.5
2021-07-05 10:00:00+00:00,67531.75
2021-07-05 11:00:00+00:00,67224.75
2021-07-05 12:00:00+00:00,66500.25
2021-07-05 13:00:00+00:00,64279.0
2021-07-05 14:00:00+00:00,63191.25
2021-07-05 15:00:00+00:00,62480.5
2021-07-05 16:00:00+00:00,62252.75
2021-07-05 17:00:00+00:00,61395.0
2021-07-05 18:00:00+00:00,58941.25
2021-07-05 19:00:00+00:00,56578.25
2021-07-05 20:00:00+00:00,54782.25
2021-07-05 21:00:00+00:00,51270.75
2021-07-05 22:00:00+00:00,47863.0
2021-07-05 23:00:00+00:00,46066.5
2021-07-06 00:00:00+00:00,45192.25
2021-07-06 01:00:00+00:00,45510.75
2021-07-06 02:00:00+00:00,46688.0
2021-07-06 03:00:00+00:00,49757.5
2021-07-06 04:00:00+00:00,56975.0
2021-07-06 05:00:00+00:00,62670.75
2021-07-06 06:00:00+00:00,66315.75
2021-07-06 07:00:00+00:00,68077.25
2021-07-06 08:00:00+00:00,69058.75
2021-07-06 09:00:00+00:00,69753.75
2021-07-06 10:00:00+00:00,69257.0
2021-07-06 11:00:00+00:00,68137.5
2021-07-06 12:00:00+00:00,67379.75
2021-07-06 13:00:00+00:00,66653.5
2021-07-06 14:00:00+00:00,65794.25
2021-07-06 15:00:00+00:00,65014.25
2021-07-06 16:00:00+00:00,64682.5
2021-07-06 17:00:00+00:00,63383.5
2021-07-06 18:00:00+00:00,60646.0
2021-07-06 19:00:00+00:00,58211.0
2021-07-06 20:00:00+00:00,55944.75
2021-07-06 21:00:00+00:00,52535.75
2021-07-06 22:00:00+00:00,49176.5
2021-07-06 23:00:00+00:00,47542.25
2021-07-07 00:00:00+00:00,46616.25
2021-07-07 01:00:00+00:00,46572.5
2021-07-07 02:00:00+00:00,47219.75
2021-07-07 03:00:00+00:00,49440.25
2021-07-07 04:00:00+00:00,56206.75
2021-07-07 05:00:00+00:00,61994.25
2021-07-07 06:00:00+00:00,65033.75
2021-07-07 07:00:00+00:00,65533.0
2021-07-07 08:00:00+00:00,67186.0
2021-07-07 09:00:00+00:00,68538.5
2021-07-07 10:00:00+00:00,68686.25
2021-07-07 11:00:00+00:00,67638.5
2021-07-07 12:00:00+00:00,66089.25
2021-07-07 13:00:00+00:00,64898.0
2021-07-07 14:00:00+00:00,63144.75
2021-07-07 15:00:00+00:00,62658.75
2021-07-07 16:00:00+00:00,61984.75
2021-07-07 17:00:00+00:00,60998.25
2021-07-07 18:00:00+00:00,58678.0
2021-07-07 19:00:00+00:00,56580.25
2021-07-07 20:00:00+00:00,54553.5
2021-07-07 21:00:00+00:00,51216.5
2021-07-07 22:00:00+00:00,48207.5
2021-07-07 23:00:00+00:00,46419.5
2021-07-08 00:00:00+00:00,45737.25
2021-07-08 01:00:00+00:00,45807.5
2021-07-08 02:00:00+00:00,46746.25
2021-07-08 03:00:00+00:00,49022.5
2021-07-08 04:00:00+00:00,55329.5
2021-07-08 05:00:00+00:00,60639.75
2021-07-08 06:00:00+00:00,63716.25
2021-07-08 07:00:00+00:00,64836.5
2021-07-08 08:00:00+00:00,66338.5
2021-07-08 09:00:00+00:00,67381.5
2021-07-08 10:00:00+00:00,67609.75
2021-07-08 11:00:00+00:00,66563.25
2021-07-08 12:00:00+00:00,65581.5
2021-07-08 13:00:00+00:00,64261.25
2021-07-08 14:00:00+00:00,63093.5
2021-07-08 15:00:00+00:00,63370.25
2021-07-08 16:00:00+00:00,62561.25
2021-07-08 17:00:00+00:00,61063.75
2021-07-08 18:00:00+00:00,58636.25
2021-07-08 19:00:00+00:00,56250.25
2021-07-08 20:00:00+00:00,53532.0
2021-07-08 21:00:00+00:00,49791.0
2021-07-08 22:00:00+00:00,47223.75
2021-07-08 23:00:00+00:00,45775.0
2021-07-09 00:00:00+00:00,45313.0
2021-07-09 01:00:00+00:00,45022.5
2021-07-09 02:00:00+00:00,45836.25
2021-07-09 03:00:00+00:00,48761.75
2021-07-09 04:00:00+00:00,55472.0
2021-07-09 05:00:00+00:00,60555.25
2021-07-09 06:00:00+00:00,64049.0
2021-07-09 07:00:00+00:00,65414.25
2021-07-09 08:00:00+00:00,66685.5
2021-07-09 09:00:00+00:00,67921.0
2021-07-09 10:00:00+00:00,67321.75
2021-07-09 11:00:00+00:00,65732.75
2021-07-09 12:00:00+00:00,64015.5
2021-07-09 13:00:00+00:00,63673.0
2021-07-09 14:00:00+00:00,62638.25
2021-07-09 15:00:00+00:00,62775.25
2021-07-09 16:00:00+00:00,61883.75
2021-07-09 17:00:00+00:00,60010.5
2021-07-09 18:00:00+00:00,57262.75
2021-07-09 19:00:00+00:00,54974.5
2021-07-09 20:00:00+00:00,53037.0
2021-07-09 21:00:00+00:00,49999.0
2021-07-09 22:00:00+00:00,46734.75
2021-07-09 23:00:00+00:00,44246.0
2021-07-10 00:00:00+00:00,42614.0
2021-07-10 01:00:00+00:00,42050.0
2021-07-10 02:00:00+00:00,42160.5
2021-07-10 03:00:00+00:00,42512.0
2021-07-10 04:00:00+00:00,44187.25
2021-07-10 05:00:00+00:00,47172.75
2021-07-10 06:00:00+00:00,51021.75
2021-07-10 07:00:00+00:00,53917.0
2021-07-10 08:00:00+00:00,55866.75
2021-07-10 09:00:00+00:00,57268.25
2021-07-10 10:00:00+00:00,57091.25
2021-07-10 11:00:00+00:00,54584.5
2021-07-10 12:00:00+00:00,52892.75
2021-07-10 13:00:00+00:00,51969.0
2021-07-10 14:00:00+00:00,51177.25
2021-07-10 15:00:00+00:00,51421.25
2021-07-10 16:00:00+00:00,51135.5
2021-07-10 17:00:00+00:00,49805.5
2021-07-10 18:00:00+00:00,47750.75
2021-07-10 19:00:00+00:00,46592.75
2021-07-10 20:00:00+00:00,45752.25
2021-07-10 21:00:00+00:00,43273.5
2021-07-10 22:00:00+00:00,40809.75
2021-07-10 23:00:00+00:00,38866.5
2021-07-11 00:00:00+00:00,38004.5
2021-07-11 01:00:00+00:00,37319.75
2021-07-11 02:00:00+00:00,37134.75
2021-07-11 03:00:00+00:00,37279.75
2021-07-11 04:00:00+00:00,38260.0
2021-07-11 05:00:00+00:00,40206.5
2021-07-11 06:00:00+00:00,43188.25
2021-07-11 07:00:00+00:00,46492.75
2021-07-11 08:00:00+00:00,49052.5
2021-07-11 09:00:00+00:00,51207.25
2021-07-11 10:00:00+00:00,50957.25
2021-07-11 11:00:00+00:00,49328.5
2021-07-11 12:00:00+00:00,47981.0
2021-07-11 13:00:00+00:00,47247.25
2021-07-11 14:00:00+00:00,47421.5
2021-07-11 15:00:00+00:00,48372.0
2021-07-11 16:00:00+00:00,49584.25
2021-07-11 17:00:00+00:00,49470.0
2021-07-11 18:00:00+00:00,49002.25
2021-07-11 19:00:00+00:00,48683.75
2021-07-11 20:00:00+00:00,48981.25
2021-07-11 21:00:00+00:00,46876.25
2021-07-11 22:00:00+00:00,44844.75
2021-07-11 23:00:00+00:00,42279.75
2021-07-12 00:00:00+00:00,41520.25
2021-07-12 01:00:00+00:00,41732.5
2021-07-12 02:00:00+00:00,42983.25
2021-07-12 03:00:00+00:00,45850.25
2021-07-12 04:00:00+00:00,53391.25
2021-07-12 05:00:00+00:00,59591.25
2021-07-12 06:00:00+00:00,63305.5
2021-07-12 07:00:00+00:00,64665.5
2021-07-12 08:00:00+00:00,66613.25
2021-07-12 09:00:00+00:00,68386.25
2021-07-12 10:00:00+00:00,68075.5
2021-07-12 11:00:00+00:00,67574.75
2021-07-12 12:00:00+00:00,66652.25
2021-07-12 13:00:00+00:00,65578.5
2021-07-12 14:00:00+00:00,64183.5
2021-07-12 15:00:00+00:00,64193.5
2021-07-12 16:00:00+00:00,64007.0
2021-07-12 17:00:00+00:00,62978.0
2021-07-12 18:00:00+00:00,60706.0
2021-07-12 19:00:00+00:00,58564.25
2021-07-12 20:00:00+00:00,56072.25
2021-07-12 21:00:00+00:00,52346.0
2021-07-12 22:00:00+00:00,48566.0
2021-07-12 23:00:00+00:00,46845.5
2021-07-13 00:00:00+00:00,45941.5
2021-07-13 01:00:00+00:00,46025.5
2021-07-13 02:00:00+00:00,46736.75
2021-07-13 03:00:00+00:00,49474.0
2021-07-13 04:00:00+00:00,56331.0
2021-07-13 05:00:00+00:00,61762.0
2021-07-13 06:00:00+00:00,65356.25
2021-07-13 07:00:00+00:00,66809.25
2021-07-13 08:00:00+00:00,68387.5
2021-07-13 09:00:00+00:00,69646.0
2021-07-13 10:00:00+00:00,69347.75
2021-07-13 11:00:00+00:00,68226.0
2021-07-13 12:00:00+00:00,66882.75
2021-07-13 13:00:00+00:00,66130.5
2021-07-13 14:00:00+00:00,65499.5
2021-07-13 15:00:00+00:00,64629.0
2021-07-13 16:00:00+00:00,63716.5
2021-07-13 17:00:00+00:00,62739.5
2021-07-13 18:00:00+00:00,60045.75
2021-07-13 19:00:00+00:00,57855.0
2021-07-13 20:00:00+00:00,55146.0
2021-07-13 21:00:00+00:00,51491.75
2021-07-13 22:00:00+00:00,48864.25
2021-07-13 23:00:00+00:00,47141.5
2021-07-14 00:00:00+00:00,46344.75
2021-07-14 01:00:00+00:00,46202.0
2021-07-14 02:00:00+00:00,46837.5
2021-07-14 03:00:00+00:00,49573.0
2021-07-14 04:00:00+00:00,56149.75
2021-07-14 05:00:00+00:00,61454.25
2021-07-14 06:00:00+00:00,64941.75
2021-07-14 07:00:00+00:00,66406.25
2021-07-14 08:00:00+00:00,67484.25
2021-07-14 09:00:00+00:00,69040.25
2021-07-14 10:00:00+00:00,68933.75
2021-07-14 11:00:00+00:00,69112.75
2021-07-14 12:00:00+00:00,67343.5
2021-07-14 13:00:00+00:00,66039.75
2021-07-14 14:00:00+00:00,64407.75
2021-07-14 15:00:00+00:00,64655.25
2021-07-14 16:00:00+00:00,64314.0
2021-07-14 17:00:00+00:00,62532.0
2021-07-14 18:00:00+00:00,59661.5
2021-07-14 19:00:00+00:00,57202.0
2021-07-14 20:00:00+00:00,54446.0
2021-07-14 21:00:00+00:00,50593.75
2021-07-14 22:00:00+00:00,47438.75
2021-07-14 23:00:00+00:00,45509.25
2021-07-15 00:00:00+00:00,44596.5
2021-07-15 01:00:00+00:00,44518.25
2021-07-15 02:00:00+00:00,45391.0
2021-07-15 03:00:00+00:00,48576.5
2021-07-15 04:00:00+00:00,54982.0
2021-07-15 05:00:00+00:00,60216.25
2021-07-15 06:00:00+00:00,63477.25
2021-07-15 07:00:00+00:00,64899.75
2021-07-15 08:00:00+00:00,65909.75
2021-07-15 09:00:00+00:00,67785.75
2021-07-15 10:00:00+00:00,67291.25
2021-07-15 11:00:00+00:00,65863.25
2021-07-15 12:00:00+00:00,64360.0
2021-07-15 13:00:00+00:00,63700.25
2021-07-15 14:00:00+00:00,62612.0
2021-07-15 15:00:00+00:00,62852.0
2021-07-15 16:00:00+00:00,63388.75
2021-07-15 17:00:00+00:00,61859.25
2021-07-15 18:00:00+00:00,59441.25
2021-07-15 19:00:00+00:00,57095.25
2021-07-15 20:00:00+00:00,54653.5
2021-07-15 21:00:00+00:00,50880.0
2021-07-15 22:00:00+00:00,48076.75
2021-07-15 23:00:00+00:00,46066.75
2021-07-16 00:00:00+00:00,44818.25
2021-07-16 01:00:00+00:00,44875.5
2021-07-16 02:00:00+00:00,45896.5
2021-07-16 03:00:00+00:00,48845.25
2021-07-16 04:00:00+00:00,54664.5
2021-07-16 05:00:00+00:00,59948.75
2021-07-16 06:00:00+00:00,63274.5
2021-07-16 07:00:00+00:00,64793.0
2021-07-16 08:00:00+00:00,66090.0
2021-07-16 09:00:00+00:00,67244.5
2021-07-16 10:00:00+00:00,66790.75
2021-07-16 11:00:00+00:00,65451.0
2021-07-16 12:00:00+00:00,63742.25
2021-07-16 13:00:00+00:00,62534.5
2021-07-16 14:00:00+00:00,61641.0
2021-07-16 15:00:00+00:00,62257.0
2021-07-16 16:00:00+00:00,61817.25
2021-07-16 17:00:00+00:00,60120.0
2021-07-16 18:00:00+00:00,57262.75
2021-07-16 19:00:00+00:00,54657.5
2021-07-16 20:00:00+00:00,52669.25
2021-07-16 21:00:00+00:00,49297.75
2021-07-16 22:00:00+00:00,45638.0
2021-07-16 23:00:00+00:00,43239.75
2021-07-17 00:00:00+00:00,41879.5
2021-07-17 01:00:00+00:00,41455.5
2021-07-17 02:00:00+00:00,41442.25
2021-07-17 03:00:00+00:00,41727.25
2021-07-17 04:00:00+00:00,43217.0
2021-07-17 05:00:00+00:00,46445.75
2021-07-17 06:00:00+00:00,50607.0
2021-07-17 07:00:00+00:00,53588.75
2021-07-17 08:00:00+00:00,55403.25
2021-07-17 09:00:00+00:00,56380.0
2021-07-17 10:00:00+00:00,55716.5
2021-07-17 11:00:00+00:00,54451.5
2021-07-17 12:00:00+00:00,53128.0
2021-07-17 13:00:00+00:00,52794.0
2021-07-17 14:00:00+00:00,52564.0
2021-07-17 15:00:00+00:00,52931.5
2021-07-17 16:00:00+00:00,53118.75
2021-07-17 17:00:00+00:00,52045.5
2021-07-17 18:00:00+00:00,50085.75
2021-07-17 19:00:00+00:00,48540.75
2021-07-17 20:00:00+00:00,47448.25
2021-07-17 21:00:00+00:00,44919.75
2021-07-17 22:00:00+00:00,42473.5
2021-07-17 23:00:00+00:00,40332.0
2021-07-18 00:00:00+00:00,39310.25
2021-07-18 01:00:00+00:00,38999.5
2021-07-18 02:00:00+00:00,39002.0
2021-07-18 03:00:00+00:00,38408.0
2021-07-18 04:00:00+00:00,38724.75
2021-07-18 05:00:00+00:00,41137.5
2021-07-18 06:00:00+00:00,44711.0
2021-07-18 07:00:00+00:00,47329.25
2021-07-18 08:00:00+00:00,49511.25
2021-07-18 09:00:00+00:00,51384.0
2021-07-18 10:00:00+00:00,50966.75
2021-07-18 11:00:00+00:00,49370.25
2021-07-18 12:00:00+00:00,48035.75
2021-07-18 13:00:00+00:00,47514.75
2021-07-18 14:00:00+00:00,47829.5
2021-07-18 15:00:00+00:00,49307.25
2021-07-18 16:00:00+00:00,49917.5
2021-07-18 17:00:00+00:00,49883.25
2021-07-18 18:00:00+00:00,49439.0
2021-07-18 19:00:00+00:00,48904.75
2021-07-18 20:00:00+00:00,48792.5
2021-07-18 21:00:00+00:00,46154.25
2021-07-18 22:00:00+00:00,44029.25
2021-07-18 23:00:00+00:00,42169.5
2021-07-19 00:00:00+00:00,41608.5
2021-07-19 01:00:00+00:00,41704.25
2021-07-19 02:00:00+00:00,42872.0
2021-07-19 03:00:00+00:00,45827.5
2021-07-19 04:00:00+00:00,53256.75
2021-07-19 05:00:00+00:00,58923.75
2021-07-19 06:00:00+00:00,62764.75
2021-07-19 07:00:00+00:00,64554.0
2021-07-19 08:00:00+00:00,65884.75
2021-07-19 09:00:00+00:00,66483.0
2021-07-19 10:00:00+00:00,66010.5
2021-07-19 11:00:00+00:00,65215.75
2021-07-19 12:00:00+00:00,63992.25
2021-07-19 13:00:00+00:00,63017.0
2021-07-19 14:00:00+00:00,62144.75
2021-07-19 15:00:00+00:00,61960.25
2021-07-19 16:00:00+00:00,61852.25
2021-07-19 17:00:00+00:00,60630.75
2021-07-19 18:00:00+00:00,58278.5
2021-07-19 19:00:00+00:00,56236.5
2021-07-19 20:00:00+00:00,54015.5
2021-07-19 21:00:00+00:00,50546.5
2021-07-19 22:00:00+00:00,48005.25
2021-07-19 23:00:00+00:00,46191.75
2021-07-20 00:00:00+00:00,45254.0
2021-07-20 01:00:00+00:00,44650.25
2021-07-20 02:00:00+00:00,46096.0
2021-07-20 03:00:00+00:00,48886.5
2021-07-20 04:00:00+00:00,54795.0
2021-07-20 05:00:00+00:00,60264.75
2021-07-20 06:00:00+00:00,63611.5
2021-07-20 07:00:00+00:00,64919.5
2021-07-20 08:00:00+00:00,66056.0
2021-07-20 09:00:00+00:00,67042.75
2021-07-20 10:00:00+00:00,66275.5
2021-07-20 11:00:00+00:00,65448.75
2021-07-20 12:00:00+00:00,64465.0
2021-07-20 13:00:00+00:00,63697.5
2021-07-20 14:00:00+00:00,63028.75
2021-07-20 15:00:00+00:00,62422.5
2021-07-20 16:00:00+00:00,62127.75
2021-07-20 17:00:00+00:00,61086.75
2021-07-20 18:00:00+00:00,58960.75
2021-07-20 19:00:00+00:00,56917.75
2021-07-20 20:00:00+00:00,54383.25
2021-07-20 21:00:00+00:00,50762.25
2021-07-20 22:00:00+00:00,47690.75
2021-07-20 23:00:00+00:00,45822.75
2021-07-21 00:00:00+00:00,44875.25
2021-07-21 01:00:00+00:00,44828.25
2021-07-21 02:00:00+00:00,45655.0
2021-07-21 03:00:00+00:00,48570.0
2021-07-21 04:00:00+00:00,54551.25
2021-07-21 05:00:00+00:00,59558.25
2021-07-21 06:00:00+00:00,62828.5
2021-07-21 07:00:00+00:00,63992.5
2021-07-21 08:00:00+00:00,65300.5
2021-07-21 09:00:00+00:00,66420.25
2021-07-21 10:00:00+00:00,65922.25
2021-07-21 11:00:00+00:00,64032.5
2021-07-21 12:00:00+00:00,63019.0
2021-07-21 13:00:00+00:00,62302.75
2021-07-21 14:00:00+00:00,61445.0
2021-07-21 15:00:00+00:00,61315.0
2021-07-21 16:00:00+00:00,60932.0
2021-07-21 17:00:00+00:00,59931.75
2021-07-21 18:00:00+00:00,57933.0
2021-07-21 19:00:00+00:00,55832.75
2021-07-21 20:00:00+00:00,53500.5
2021-07-21 21:00:00+00:00,49549.0
2021-07-21 22:00:00+00:00,46989.0
2021-07-21 23:00:00+00:00,44775.5
2021-07-22 00:00:00+00:00,43663.75
2021-07-22 01:00:00+00:00,43699.25
2021-07-22 02:00:00+00:00,45080.75
2021-07-22 03:00:00+00:00,47766.0
2021-07-22 04:00:00+00:00,53964.5
2021-07-22 05:00:00+00:00,59131.25
2021-07-22 06:00:00+00:00,62449.5
2021-07-22 07:00:00+00:00,63873.75
2021-07-22 08:00:00+00:00,65144.25
2021-07-22 09:00:00+00:00,66631.5
2021-07-22 10:00:00+00:00,66090.0
2021-07-22 11:00:00+00:00,65046.25
2021-07-22 12:00:00+00:00,64029.0
2021-07-22 13:00:00+00:00,63344.0
2021-07-22 14:00:00+00:00,62584.75
2021-07-22 15:00:00+00:00,62463.75
2021-07-22 16:00:00+00:00,61773.0
2021-07-22 17:00:00+00:00,60507.75
2021-07-22 18:00:00+00:00,58191.0
2021-07-22 19:00:00+00:00,56444.75
2021-07-22 20:00:00+00:00,53902.0
2021-07-22 21:00:00+00:00,49989.25
2021-07-22 22:00:00+00:00,47161.0
2021-07-22 23:00:00+00:00,45612.0
2021-07-23 00:00:00+00:00,44379.0
2021-07-23 01:00:00+00:00,44738.0
2021-07-23 02:00:00+00:00,45624.0
2021-07-23 03:00:00+00:00,48185.75
2021-07-23 04:00:00+00:00,53958.5
2021-07-23 05:00:00+00:00,59106.25
2021-07-23 06:00:00+00:00,62653.25
2021-07-23 07:00:00+00:00,63928.0
2021-07-23 08:00:00+00:00,65086.75
2021-07-23 09:00:00+00:00,65874.0
2021-07-23 10:00:00+00:00,65159.5
2021-07-23 11:00:00+00:00,64014.25
2021-07-23 12:00:00+00:00,62076.75
2021-07-23 13:00:00+00:00,61198.25
2021-07-23 14:00:00+00:00,60227.0
2021-07-23 15:00:00+00:00,60176.5
2021-07-23 16:00:00+00:00,59536.25
2021-07-23 17:00:00+00:00,58152.0
2021-07-23 18:00:00+00:00,55863.25
2021-07-23 19:00:00+00:00,53836.25
2021-07-23 20:00:00+00:00,51671.75
2021-07-23 21:00:00+00:00,47958.75
2021-07-23 22:00:00+00:00,44635.75
2021-07-23 23:00:00+00:00,42695.25
2021-07-24 00:00:00+00:00,41118.75
2021-07-24 01:00:00+00:00,40315.0
2021-07-24 02:00:00+00:00,40552.0
2021-07-24 03:00:00+00:00,40714.5
2021-07-24 04:00:00+00:00,43071.75
2021-07-24 05:00:00+00:00,45874.25
2021-07-24 06:00:00+00:00,49141.75
2021-07-24 07:00:00+00:00,52581.0
2021-07-24 08:00:00+00:00,54276.25
2021-07-24 09:00:00+00:00,55373.25
2021-07-24 10:00:00+00:00,55292.0
2021-07-24 11:00:00+00:00,53734.5
2021-07-24 12:00:00+00:00,52427.25
2021-07-24 13:00:00+00:00,51797.75
2021-07-24 14:00:00+00:00,52046.0
2021-07-24 15:00:00+00:00,52533.25
2021-07-24 16:00:00+00:00,52904.0
2021-07-24 17:00:00+00:00,52132.0
2021-07-24 18:00:00+00:00,50255.25
2021-07-24 19:00:00+00:00,49532.75
2021-07-24 20:00:00+00:00,48105.0
2021-07-24 21:00:00+00:00,44866.75
2021-07-24 22:00:00+00:00,43074.0
2021-07-24 23:00:00+00:00,40656.0
2021-07-25 00:00:00+00:00,39223.25
2021-07-25 01:00:00+00:00,38861.75
2021-07-25 02:00:00+00:00,38650.75
2021-07-25 03:00:00+00:00,38742.75
2021-07-25 04:00:00+00:00,39389.75
2021-07-25 05:00:00+00:00,41525.75
2021-07-25 06:00:00+00:00,44451.0
2021-07-25 07:00:00+00:00,47276.75
2021-07-25 08:00:00+00:00,49420.25
2021-07-25 09:00:00+00:00,51504.75
2021-07-25 10:00:00+00:00,52066.0
2021-07-25 11:00:00+00:00,50479.25
2021-07-25 12:00:00+00:00,49243.5
2021-07-25 13:00:00+00:00,48383.25
2021-07-25 14:00:00+00:00,48123.5
2021-07-25 15:00:00+00:00,49251.0
2021-07-25 16:00:00+00:00,50383.25
2021-07-25 17:00:00+00:00,50424.25
2021-07-25 18:00:00+00:00,49382.5
2021-07-25 19:00:00+00:00,49070.25
2021-07-25 20:00:00+00:00,48254.5
2021-07-25 21:00:00+00:00,45177.25
2021-07-25 22:00:00+00:00,42555.0
2021-07-25 23:00:00+00:00,41226.5
2021-07-26 00:00:00+00:00,40233.5
2021-07-26 01:00:00+00:00,40087.25
2021-07-26 02:00:00+00:00,42084.25
2021-07-26 03:00:00+00:00,45419.5
2021-07-26 04:00:00+00:00,52580.25
2021-07-26 05:00:00+00:00,58491.75
2021-07-26 06:00:00+00:00,62314.0
2021-07-26 07:00:00+00:00,63444.0
2021-07-26 08:00:00+00:00,64972.25
2021-07-26 09:00:00+00:00,66816.75
2021-07-26 10:00:00+00:00,66820.25
2021-07-26 11:00:00+00:00,65904.0
2021-07-26 12:00:00+00:00,64650.5
2021-07-26 13:00:00+00:00,64163.5
2021-07-26 14:00:00+00:00,63305.75
2021-07-26 15:00:00+00:00,63011.5
2021-07-26 16:00:00+00:00,62767.25
2021-07-26 17:00:00+00:00,61135.75
2021-07-26 18:00:00+00:00,58644.75
2021-07-26 19:00:00+00:00,56524.0
2021-07-26 20:00:00+00:00,53793.25
2021-07-26 21:00:00+00:00,49784.75
2021-07-26 22:00:00+00:00,47088.5
2021-07-26 23:00:00+00:00,45627.75
2021-07-27 00:00:00+00:00,44530.0
2021-07-27 01:00:00+00:00,44483.5
2021-07-27 02:00:00+00:00,45384.0
2021-07-27 03:00:00+00:00,47997.5
2021-07-27 04:00:00+00:00,53845.5
2021-07-27 05:00:00+00:00,59023.75
2021-07-27 06:00:00+00:00,62687.25
2021-07-27 07:00:00+00:00,64223.0
2021-07-27 08:00:00+00:00,65300.0
2021-07-27 09:00:00+00:00,67568.25
2021-07-27 10:00:00+00:00,67098.75
2021-07-27 11:00:00+00:00,66499.75
2021-07-27 12:00:00+00:00,65092.25
2021-07-27 13:00:00+00:00,64270.75
2021-07-27 14:00:00+00:00,63476.25
2021-07-27 15:00:00+00:00,62637.0
2021-07-27 16:00:00+00:00,61806.5
2021-07-27 17:00:00+00:00,60299.0
2021-07-27 18:00:00+00:00,57659.75
2021-07-27 19:00:00+00:00,56059.5
2021-07-27 20:00:00+00:00,53067.0
2021-07-27 21:00:00+00:00,49543.25
2021-07-27 22:00:00+00:00,46447.5
2021-07-27 23:00:00+00:00,44397.25
2021-07-28 00:00:00+00:00,42914.5
2021-07-28 01:00:00+00:00,43098.75
2021-07-28 02:00:00+00:00,44115.5
2021-07-28 03:00:00+00:00,47214.0
2021-07-28 04:00:00+00:00,53402.25
2021-07-28 05:00:00+00:00,58840.0
2021-07-28 06:00:00+00:00,62664.75
2021-07-28 07:00:00+00:00,64731.25
2021-07-28 08:00:00+00:00,66159.5
2021-07-28 09:00:00+00:00,67576.75
2021-07-28 10:00:00+00:00,66712.0
2021-07-28 11:00:00+00:00,65726.75
2021-07-28 12:00:00+00:00,64343.0
2021-07-28 13:00:00+00:00,63476.5
2021-07-28 14:00:00+00:00,62546.5
2021-07-28 15:00:00+00:00,62438.0
2021-07-28 16:00:00+00:00,61694.25
2021-07-28 17:00:00+00:00,61013.5
2021-07-28 18:00:00+00:00,58577.5
2021-07-28 19:00:00+00:00,56504.5
2021-07-28 20:00:00+00:00,53397.0
2021-07-28 21:00:00+00:00,49438.0
2021-07-28 22:00:00+00:00,47296.25
2021-07-28 23:00:00+00:00,45691.25
2021-07-29 00:00:00+00:00,44764.0
2021-07-29 01:00:00+00:00,44624.5
2021-07-29 02:00:00+00:00,45752.25
2021-07-29 03:00:00+00:00,48938.25
2021-07-29 04:00:00+00:00,54783.75
2021-07-29 05:00:00+00:00,59638.25
2021-07-29 06:00:00+00:00,63615.0
2021-07-29 07:00:00+00:00,65590.75
2021-07-29 08:00:00+00:00,67393.0
2021-07-29 09:00:00+00:00,68644.75
2021-07-29 10:00:00+00:00,68066.25
2021-07-29 11:00:00+00:00,66523.25
2021-07-29 12:00:00+00:00,65495.75
2021-07-29 13:00:00+00:00,64099.5
2021-07-29 14:00:00+00:00,62400.5
2021-07-29 15:00:00+00:00,62279.0
2021-07-29 16:00:00+00:00,61854.0
2021-07-29 17:00:00+00:00,60871.25
2021-07-29 18:00:00+00:00,57640.75
2021-07-29 19:00:00+00:00,55853.75
2021-07-29 20:00:00+00:00,53474.75
2021-07-29 21:00:00+00:00,49605.5
2021-07-29 22:00:00+00:00,46801.5
2021-07-29 23:00:00+00:00,45180.0
2021-07-30 00:00:00+00:00,44510.75
2021-07-30 01:00:00+00:00,44414.25
2021-07-30 02:00:00+00:00,45298.75
2021-07-30 03:00:00+00:00,47829.5
2021-07-30 04:00:00+00:00,52904.75
2021-07-30 05:00:00+00:00,57816.75
2021-07-30 06:00:00+00:00,61166.75
2021-07-30 07:00:00+00:00,63185.5
2021-07-30 08:00:00+00:00,64708.25
2021-07-30 09:00:00+00:00,65640.5
2021-07-30 10:00:00+00:00,65215.0
2021-07-30 11:00:00+00:00,63603.25
2021-07-30 12:00:00+00:00,62376.5
2021-07-30 13:00:00+00:00,61570.75
2021-07-30 14:00:00+00:00,60802.75
2021-07-30 15:00:00+00:00,60157.75
2021-07-30 16:00:00+00:00,59493.25
2021-07-30 17:00:00+00:00,57730.5
2021-07-30 18:00:00+00:00,55196.25
2021-07-30 19:00:00+00:00,52711.75
2021-07-30 20:00:00+00:00,50216.5
2021-07-30 21:00:00+00:00,46840.0
2021-07-30 22:00:00+00:00,44054.25
2021-07-30 23:00:00+00:00,42153.5
2021-07-31 00:00:00+00:00,41482.5
2021-07-31 01:00:00+00:00,41538.0
2021-07-31 02:00:00+00:00,41711.25
2021-07-31 03:00:00+00:00,41887.25
2021-07-31 04:00:00+00:00,43364.25
2021-07-31 05:00:00+00:00,46369.0
2021-07-31 06:00:00+00:00,51231.0
2021-07-31 07:00:00+00:00,54585.75
2021-07-31 08:00:00+00:00,55971.75
2021-07-31 09:00:00+00:00,57122.25
2021-07-31 10:00:00+00:00,56667.0
2021-07-31 11:00:00+00:00,54826.5
2021-07-31 12:00:00+00:00,53498.5
2021-07-31 13:00:00+00:00,53047.75
2021-07-31 14:00:00+00:00,52687.5
2021-07-31 15:00:00+00:00,53499.75
2021-07-31 16:00:00+00:00,53043.25
2021-07-31 17:00:00+00:00,51984.0
2021-07-31 18:00:00+00:00,49557.5
2021-07-31 19:00:00+00:00,48350.75
2021-07-31 20:00:00+00:00,46730.75
2021-07-31 21:00:00+00:00,44205.5
2021-07-31 22:00:00+00:00,41220.0
2021-07-31 23:00:00+00:00,39464.0
2021-08-01 00:00:00+00:00,38449.5
2021-08-01 01:00:00+00:00,37956.25
2021-08-01 02:00:00+00:00,37295.25
2021-08-01 03:00:00+00:00,37247.75
2021-08-01 04:00:00+00:00,37620.25
2021-08-01 05:00:00+00:00,40008.5
2021-08-01 06:00:00+00:00,42975.25
2021-08-01 07:00:00+00:00,45576.0
2021-08-01 08:00:00+00:00,47810.75
2021-08-01 09:00:00+00:00,49764.0
2021-08-01 10:00:00+00:00,49334.0
2021-08-01 11:00:00+00:00,47901.25
2021-08-01 12:00:00+00:00,46482.75
2021-08-01 13:00:00+00:00,46192.75
2021-08-01 14:00:00+00:00,46104.0
2021-08-01 15:00:00+00:00,47426.5
2021-08-01 16:00:00+00:00,48015.0
2021-08-01 17:00:00+00:00,47489.0
2021-08-01 18:00:00+00:00,46858.0
2021-08-01 19:00:00+00:00,46808.75
2021-08-01 20:00:00+00:00,45709.5
2021-08-01 21:00:00+00:00,43212.25
2021-08-01 22:00:00+00:00,41332.0
2021-08-01 23:00:00+00:00,40167.5
2021-08-02 00:00:00+00:00,39637.5
2021-08-02 01:00:00+00:00,39524.0
2021-08-02 02:00:00+00:00,41133.25
2021-08-02 03:00:00+00:00,44758.5
2021-08-02 04:00:00+00:00,50907.5
2021-08-02 05:00:00+00:00,56584.0
2021-08-02 06:00:00+00:00,60432.0
2021-08-02 07:00:00+00:00,62455.0
2021-08-02 08:00:00+00:00,63701.0
2021-08-02 09:00:00+00:00,64955.75
2021-08-02 10:00:00+00:00,65227.25
2021-08-02 11:00:00+00:00,64060.5
2021-08-02 12:00:00+00:00,62417.5
2021-08-02 13:00:00+00:00,61681.5
2021-08-02 14:00:00+00:00,60273.75
2021-08-02 15:00:00+00:00,59682.75
2021-08-02 16:00:00+00:00,59133.25
2021-08-02 17:00:00+00:00,57528.25
2021-08-02 18:00:00+00:00,55001.0
2021-08-02 19:00:00+00:00,53467.0
2021-08-02 20:00:00+00:00,50390.5
2021-08-02 21:00:00+00:00,46877.0
2021-08-02 22:00:00+00:00,44352.25
2021-08-02 23:00:00+00:00,42695.5
2021-08-03 00:00:00+00:00,42024.75
2021-08-03 01:00:00+00:00,42274.75
2021-08-03 02:00:00+00:00,43451.75
2021-08-03 03:00:00+00:00,46391.25
2021-08-03 04:00:00+00:00,52292.5
2021-08-03 05:00:00+00:00,57181.0
2021-08-03 06:00:00+00:00,60932.25
2021-08-03 07:00:00+00:00,62829.0
2021-08-03 08:00:00+00:00,64326.5
2021-08-03 09:00:00+00:00,65695.5
2021-08-03 10:00:00+00:00,64838.5
2021-08-03 11:00:00+00:00,63846.5
2021-08-03 12:00:00+00:00,62741.0
2021-08-03 13:00:00+00:00,61709.25
2021-08-03 14:00:00+00:00,60480.0
2021-08-03 15:00:00+00:00,59855.75
2021-08-03 16:00:00+00:00,59548.75
2021-08-03 17:00:00+00:00,58399.5
2021-08-03 18:00:00+00:00,55994.75
2021-08-03 19:00:00+00:00,54319.0
2021-08-03 20:00:00+00:00,50875.5
2021-08-03 21:00:00+00:00,47338.0
2021-08-03 22:00:00+00:00,44781.5
2021-08-03 23:00:00+00:00,43205.75
2021-08-04 00:00:00+00:00,42164.0
2021-08-04 01:00:00+00:00,42018.75
2021-08-04 02:00:00+00:00,42947.75
2021-08-04 03:00:00+00:00,46118.5
2021-08-04 04:00:00+00:00,51574.25
2021-08-04 05:00:00+00:00,56732.25
2021-08-04 06:00:00+00:00,60134.75
2021-08-04 07:00:00+00:00,61199.5
2021-08-04 08:00:00+00:00,62359.5
2021-08-04 09:00:00+00:00,63766.5
2021-08-04 10:00:00+00:00,63387.0
2021-08-04 11:00:00+00:00,62087.5
2021-08-04 12:00:00+00:00,60959.75
2021-08-04 13:00:00+00:00,59892.25
2021-08-04 14:00:00+00:00,59038.75
2021-08-04 15:00:00+00:00,58927.0
2021-08-04 16:00:00+00:00,59046.0
2021-08-04 17:00:00+00:00,57975.25
2021-08-04 18:00:00+00:00,55802.5
2021-08-04 19:00:00+00:00,54142.0
2021-08-04 20:00:00+00:00,51040.0
2021-08-04 21:00:00+00:00,47364.75
2021-08-04 22:00:00+00:00,44579.25
2021-08-04 23:00:00+00:00,42789.5
2021-08-05 00:00:00+00:00,42102.0
2021-08-05 01:00:00+00:00,42270.0
2021-08-05 02:00:00+00:00,43075.25
2021-08-05 03:00:00+00:00,45944.25
2021-08-05 04:00:00+00:00,51514.25
2021-08-05 05:00:00+00:00,56453.75
2021-08-05 06:00:00+00:00,60055.75
2021-08-05 07:00:00+00:00,61562.75
2021-08-05 08:00:00+00:00,63009.5
2021-08-05 09:00:00+00:00,64715.25
2021-08-05 10:00:00+00:00,64488.25
2021-08-05 11:00:00+00:00,63065.25
2021-08-05 12:00:00+00:00,62206.75
2021-08-05 13:00:00+00:00,61530.25
2021-08-05 14:00:00+00:00,61122.25
2021-08-05 15:00:00+00:00,60952.75
2021-08-05 16:00:00+00:00,60547.5
2021-08-05 17:00:00+00:00,59455.5
2021-08-05 18:00:00+00:00,57147.0
2021-08-05 19:00:00+00:00,55566.25
2021-08-05 20:00:00+00:00,52017.5
2021-08-05 21:00:00+00:00,47555.75
2021-08-05 22:00:00+00:00,44800.25
2021-08-05 23:00:00+00:00,43176.5
2021-08-06 00:00:00+00:00,42507.5
2021-08-06 01:00:00+00:00,42795.75
2021-08-06 02:00:00+00:00,43600.75
2021-08-06 03:00:00+00:00,46520.25
2021-08-06 04:00:00+00:00,51818.5
2021-08-06 05:00:00+00:00,56910.5
2021-08-06 06:00:00+00:00,60600.75
2021-08-06 07:00:00+00:00,61692.5
2021-08-06 08:00:00+00:00,63126.0
2021-08-06 09:00:00+00:00,64177.0
2021-08-06 10:00:00+00:00,63742.5
2021-08-06 11:00:00+00:00,62527.75
2021-08-06 12:00:00+00:00,61261.75
2021-08-06 13:00:00+00:00,60503.0
2021-08-06 14:00:00+00:00,59875.0
2021-08-06 15:00:00+00:00,59446.5
2021-08-06 16:00:00+00:00,58245.75
2021-08-06 17:00:00+00:00,56747.25
2021-08-06 18:00:00+00:00,54030.25
2021-08-06 19:00:00+00:00,52271.75
2021-08-06 20:00:00+00:00,49369.0
2021-08-06 21:00:00+00:00,45961.25
2021-08-06 22:00:00+00:00,43334.5
2021-08-06 23:00:00+00:00,41557.25
2021-08-07 00:00:00+00:00,40323.25
2021-08-07 01:00:00+00:00,39685.0
2021-08-07 02:00:00+00:00,39296.0
2021-08-07 03:00:00+00:00,40142.75
2021-08-07 04:00:00+00:00,41658.5
2021-08-07 05:00:00+00:00,44054.5
2021-08-07 06:00:00+00:00,47635.5
2021-08-07 07:00:00+00:00,50481.0
2021-08-07 08:00:00+00:00,52516.25
2021-08-07 09:00:00+00:00,53674.0
2021-08-07 10:00:00+00:00,53775.25
2021-08-07 11:00:00+00:00,52287.5
2021-08-07 12:00:00+00:00,50933.25
2021-08-07 13:00:00+00:00,50129.5
2021-08-07 14:00:00+00:00,49877.75
2021-08-07 15:00:00+00:00,50516.25
2021-08-07 16:00:00+00:00,50680.25
2021-08-07 17:00:00+00:00,49862.0
2021-08-07 18:00:00+00:00,48310.0
2021-08-07 19:00:00+00:00,47231.75
2021-08-07 20:00:00+00:00,45351.5
2021-08-07 21:00:00+00:00,42288.25
2021-08-07 22:00:00+00:00,39618.0
2021-08-07 23:00:00+00:00,38692.5
2021-08-08 00:00:00+00:00,38047.25
2021-08-08 01:00:00+00:00,37559.5
2021-08-08 02:00:00+00:00,37754.25
2021-08-08 03:00:00+00:00,38464.25
2021-08-08 04:00:00+00:00,38919.25
2021-08-08 05:00:00+00:00,41105.0
2021-08-08 06:00:00+00:00,44356.25
2021-08-08 07:00:00+00:00,47585.5
2021-08-08 08:00:00+00:00,50224.75
2021-08-08 09:00:00+00:00,52388.5
2021-08-08 10:00:00+00:00,52222.25
2021-08-08 11:00:00+00:00,50154.25
2021-08-08 12:00:00+00:00,48213.0
2021-08-08 13:00:00+00:00,47827.5
2021-08-08 14:00:00+00:00,47902.5
2021-08-08 15:00:00+00:00,49093.0
2021-08-08 16:00:00+00:00,49078.5
2021-08-08 17:00:00+00:00,48234.25
2021-08-08 18:00:00+00:00,47263.25
2021-08-08 19:00:00+00:00,46840.5
2021-08-08 20:00:00+00:00,45365.5
2021-08-08 21:00:00+00:00,42896.25
2021-08-08 22:00:00+00:00,40733.0
2021-08-08 23:00:00+00:00,39435.75
2021-08-09 00:00:00+00:00,38989.5
2021-08-09 01:00:00+00:00,39153.5
2021-08-09 02:00:00+00:00,40444.0
2021-08-09 03:00:00+00:00,44002.25
2021-08-09 04:00:00+00:00,50280.25
2021-08-09 05:00:00+00:00,55192.75
2021-08-09 06:00:00+00:00,58634.75
2021-08-09 07:00:00+00:00,60576.5
2021-08-09 08:00:00+00:00,61806.25
2021-08-09 09:00:00+00:00,63166.75
2021-08-09 10:00:00+00:00,63563.5
2021-08-09 11:00:00+00:00,62531.5
2021-08-09 12:00:00+00:00,61329.0
2021-08-09 13:00:00+00:00,59719.75
2021-08-09 14:00:00+00:00,58450.5
2021-08-09 15:00:00+00:00,58147.25
2021-08-09 16:00:00+00:00,58199.5
2021-08-09 17:00:00+00:00,57291.5
2021-08-09 18:00:00+00:00,55182.0
2021-08-09 19:00:00+00:00,53806.25
2021-08-09 20:00:00+00:00,50601.5
2021-08-09 21:00:00+00:00,46623.75
2021-08-09 22:00:00+00:00,43951.75
2021-08-09 23:00:00+00:00,42536.5
2021-08-10 00:00:00+00:00,41725.25
2021-08-10 01:00:00+00:00,41725.5
2021-08-10 02:00:00+00:00,42530.75
2021-08-10 03:00:00+00:00,45612.75
2021-08-10 04:00:00+00:00,51178.25
2021-08-10 05:00:00+00:00,56116.0
2021-08-10 06:00:00+00:00,59144.75
2021-08-10 07:00:00+00:00,60447.0
2021-08-10 08:00:00+00:00,61733.5
2021-08-10 09:00:00+00:00,63086.25
2021-08-10 10:00:00+00:00,63247.0
2021-08-10 11:00:00+00:00,62747.75
2021-08-10 12:00:00+00:00,61268.0
2021-08-10 13:00:00+00:00,60568.5
2021-08-10 14:00:00+00:00,60031.0
2021-08-10 15:00:00+00:00,59668.75
2021-08-10 16:00:00+00:00,59437.25
2021-08-10 17:00:00+00:00,58529.0
2021-08-10 18:00:00+00:00,56229.75
2021-08-10 19:00:00+00:00,54459.75
2021-08-10 20:00:00+00:00,50974.75
2021-08-10 21:00:00+00:00,47120.5
2021-08-10 22:00:00+00:00,44244.5
2021-08-10 23:00:00+00:00,42715.5
2021-08-11 00:00:00+00:00,42221.25
2021-08-11 01:00:00+00:00,42325.5
2021-08-11 02:00:00+00:00,43352.25
2021-08-11 03:00:00+00:00,45804.75
2021-08-11 04:00:00+00:00,51611.25
2021-08-11 05:00:00+00:00,56543.75
2021-08-11 06:00:00+00:00,59992.5
2021-08-11 07:00:00+00:00,61487.5
2021-08-11 08:00:00+00:00,62771.5
2021-08-11 09:00:00+00:00,64167.5
2021-08-11 10:00:00+00:00,63373.75
2021-08-11 11:00:00+00:00,62699.75
2021-08-11 12:00:00+00:00,61344.75
2021-08-11 13:00:00+00:00,60412.5
2021-08-11 14:00:00+00:00,59584.0
2021-08-11 15:00:00+00:00,59341.25
2021-08-11 16:00:00+00:00,59014.25
2021-08-11 17:00:00+00:00,57819.75
2021-08-11 18:00:00+00:00,55924.5
2021-08-11 19:00:00+00:00,54533.25
2021-08-11 20:00:00+00:00,51085.0
2021-08-11 21:00:00+00:00,47106.25
2021-08-11 22:00:00+00:00,44136.5
2021-08-11 23:00:00+00:00,42687.25
2021-08-12 00:00:00+00:00,41642.0
2021-08-12 01:00:00+00:00,41423.5
2021-08-12 02:00:00+00:00,42407.25
2021-08-12 03:00:00+00:00,45622.0
2021-08-12 04:00:00+00:00,51671.25
2021-08-12 05:00:00+00:00,56469.0
2021-08-12 06:00:00+00:00,59835.5
2021-08-12 07:00:00+00:00,61378.0
2021-08-12 08:00:00+00:00,63095.5
2021-08-12 09:00:00+00:00,64582.75
2021-08-12 10:00:00+00:00,64103.0
2021-08-12 11:00:00+00:00,63146.0
2021-08-12 12:00:00+00:00,62184.75
2021-08-12 13:00:00+00:00,60649.25
2021-08-12 14:00:00+00:00,59638.0
2021-08-12 15:00:00+00:00,59497.75
2021-08-12 16:00:00+00:00,59347.25
2021-08-12 17:00:00+00:00,58334.25
2021-08-12 18:00:00+00:00,56469.0
2021-08-12 19:00:00+00:00,55193.75
2021-08-12 20:00:00+00:00,51728.25
2021-08-12 21:00:00+00:00,48058.0
2021-08-12 22:00:00+00:00,45545.0
2021-08-12 23:00:00+00:00,43998.0
2021-08-13 00:00:00+00:00,42641.25
2021-08-13 01:00:00+00:00,42968.5
2021-08-13 02:00:00+00:00,43814.75
2021-08-13 03:00:00+00:00,46810.25
2021-08-13 04:00:00+00:00,52757.25
2021-08-13 05:00:00+00:00,57842.75
2021-08-13 06:00:00+00:00,60879.5
2021-08-13 07:00:00+00:00,62599.0
2021-08-13 08:00:00+00:00,63790.5
2021-08-13 09:00:00+00:00,64719.0
2021-08-13 10:00:00+00:00,64530.0
2021-08-13 11:00:00+00:00,63139.5
2021-08-13 12:00:00+00:00,61774.75
2021-08-13 13:00:00+00:00,60750.5
2021-08-13 14:00:00+00:00,60020.0
2021-08-13 15:00:00+00:00,59856.25
2021-08-13 16:00:00+00:00,59009.75
2021-08-13 17:00:00+00:00,57575.75
2021-08-13 18:00:00+00:00,55594.0
2021-08-13 19:00:00+00:00,54471.25
2021-08-13 20:00:00+00:00,51556.5
2021-08-13 21:00:00+00:00,48302.75
2021-08-13 22:00:00+00:00,44512.75
2021-08-13 23:00:00+00:00,42776.0
2021-08-14 00:00:00+00:00,41586.5
2021-08-14 01:00:00+00:00,40975.5
2021-08-14 02:00:00+00:00,41090.5
2021-08-14 03:00:00+00:00,41382.0
2021-08-14 04:00:00+00:00,42519.75
2021-08-14 05:00:00+00:00,45203.5
2021-08-14 06:00:00+00:00,49192.0
2021-08-14 07:00:00+00:00,52132.25
2021-08-14 08:00:00+00:00,54286.5
2021-08-14 09:00:00+00:00,55455.0
2021-08-14 10:00:00+00:00,54591.5
2021-08-14 11:00:00+00:00,53002.0
2021-08-14 12:00:00+00:00,51990.75
2021-08-14 13:00:00+00:00,51495.25
2021-08-14 14:00:00+00:00,51093.0
2021-08-14 15:00:00+00:00,51786.75
2021-08-14 16:00:00+00:00,51799.75
2021-08-14 17:00:00+00:00,50724.5
2021-08-14 18:00:00+00:00,48474.5
2021-08-14 19:00:00+00:00,48637.0
2021-08-14 20:00:00+00:00,46726.5
2021-08-14 21:00:00+00:00,43792.75
2021-08-14 22:00:00+00:00,40885.25
2021-08-14 23:00:00+00:00,39157.75
2021-08-15 00:00:00+00:00,38225.75
2021-08-15 01:00:00+00:00,37923.25
2021-08-15 02:00:00+00:00,37891.0
2021-08-15 03:00:00+00:00,38257.25
2021-08-15 04:00:00+00:00,38167.0
2021-08-15 05:00:00+00:00,40276.25
2021-08-15 06:00:00+00:00,43797.25
2021-08-15 07:00:00+00:00,46955.0
2021-08-15 08:00:00+00:00,48957.75
2021-08-15 09:00:00+00:00,50904.5
2021-08-15 10:00:00+00:00,50189.5
2021-08-15 11:00:00+00:00,48789.25
2021-08-15 12:00:00+00:00,47799.0
2021-08-15 13:00:00+00:00,47575.25
2021-08-15 14:00:00+00:00,47133.0
2021-08-15 15:00:00+00:00,47662.25
2021-08-15 16:00:00+00:00,49154.25
2021-08-15 17:00:00+00:00,48618.75
2021-08-15 18:00:00+00:00,48147.25
2021-08-15 19:00:00+00:00,48217.0
2021-08-15 20:00:00+00:00,46413.5
2021-08-15 21:00:00+00:00,44283.5
2021-08-15 22:00:00+00:00,42298.25
2021-08-15 23:00:00+00:00,40979.75
2021-08-16 00:00:00+00:00,40559.25
2021-08-16 01:00:00+00:00,40459.25
2021-08-16 02:00:00+00:00,42017.75
2021-08-16 03:00:00+00:00,45776.5
2021-08-16 04:00:00+00:00,52722.0
2021-08-16 05:00:00+00:00,57777.75
2021-08-16 06:00:00+00:00,61866.75
2021-08-16 07:00:00+00:00,64466.25
2021-08-16 08:00:00+00:00,66208.75
2021-08-16 09:00:00+00:00,67977.0
2021-08-16 10:00:00+00:00,67318.0
2021-08-16 11:00:00+00:00,66161.0
2021-08-16 12:00:00+00:00,64855.0
2021-08-16 13:00:00+00:00,63593.0
2021-08-16 14:00:00+00:00,62648.0
2021-08-16 15:00:00+00:00,62413.25
2021-08-16 16:00:00+00:00,62081.25
2021-08-16 17:00:00+00:00,61362.0
2021-08-16 18:00:00+00:00,59029.25
2021-08-16 19:00:00+00:00,56926.75
2021-08-16 20:00:00+00:00,53707.25
2021-08-16 21:00:00+00:00,50156.25
2021-08-16 22:00:00+00:00,47891.0
2021-08-16 23:00:00+00:00,46381.5
2021-08-17 00:00:00+00:00,45426.5
2021-08-17 01:00:00+00:00,45229.25
2021-08-17 02:00:00+00:00,46378.5
2021-08-17 03:00:00+00:00,49661.75
2021-08-17 04:00:00+00:00,55084.25
2021-08-17 05:00:00+00:00,59790.0
2021-08-17 06:00:00+00:00,62933.5
2021-08-17 07:00:00+00:00,64647.5
2021-08-17 08:00:00+00:00,66174.5
2021-08-17 09:00:00+00:00,67921.0
2021-08-17 10:00:00+00:00,67404.0
2021-08-17 11:00:00+00:00,66617.25
2021-08-17 12:00:00+00:00,64472.0
2021-08-17 13:00:00+00:00,63507.75
2021-08-17 14:00:00+00:00,62758.75
2021-08-17 15:00:00+00:00,63015.75
2021-08-17 16:00:00+00:00,63045.0
2021-08-17 17:00:00+00:00,61259.25
2021-08-17 18:00:00+00:00,59176.75
2021-08-17 19:00:00+00:00,57275.5
2021-08-17 20:00:00+00:00,53455.75
2021-08-17 21:00:00+00:00,49807.25
2021-08-17 22:00:00+00:00,46856.0
2021-08-17 23:00:00+00:00,45190.25
2021-08-18 00:00:00+00:00,44410.5
2021-08-18 01:00:00+00:00,44671.75
2021-08-18 02:00:00+00:00,45897.25
2021-08-18 03:00:00+00:00,49087.5
2021-08-18 04:00:00+00:00,55065.25
2021-08-18 05:00:00+00:00,60216.25
2021-08-18 06:00:00+00:00,63648.0
2021-08-18 07:00:00+00:00,65018.0
2021-08-18 08:00:00+00:00,66365.25
2021-08-18 09:00:00+00:00,67625.25
2021-08-18 10:00:00+00:00,67199.0
2021-08-18 11:00:00+00:00,65886.25
2021-08-18 12:00:00+00:00,64744.5
2021-08-18 13:00:00+00:00,63839.75
2021-08-18 14:00:00+00:00,62260.5
2021-08-18 15:00:00+00:00,62416.75
2021-08-18 16:00:00+00:00,61826.25
2021-08-18 17:00:00+00:00,61229.75
2021-08-18 18:00:00+00:00,59540.5
2021-08-18 19:00:00+00:00,57216.0
2021-08-18 20:00:00+00:00,53722.25
2021-08-18 21:00:00+00:00,50128.75
2021-08-18 22:00:00+00:00,47291.5
2021-08-18 23:00:00+00:00,45728.75
2021-08-19 00:00:00+00:00,44667.5
2021-08-19 01:00:00+00:00,44992.75
2021-08-19 02:00:00+00:00,45769.25
2021-08-19 03:00:00+00:00,48560.75
2021-08-19 04:00:00+00:00,54466.5
2021-08-19 05:00:00+00:00,59839.75
2021-08-19 06:00:00+00:00,63603.25
2021-08-19 07:00:00+00:00,64718.75
2021-08-19 08:00:00+00:00,65943.25
2021-08-19 09:00:00+00:00,67043.0
2021-08-19 10:00:00+00:00,66687.5
2021-08-19 11:00:00+00:00,65566.5
2021-08-19 12:00:00+00:00,64505.25
2021-08-19 13:00:00+00:00,62924.0
2021-08-19 14:00:00+00:00,62794.0
2021-08-19 15:00:00+00:00,62196.0
2021-08-19 16:00:00+00:00,61430.0
2021-08-19 17:00:00+00:00,60316.25
2021-08-19 18:00:00+00:00,58557.75
2021-08-19 19:00:00+00:00,56323.25
2021-08-19 20:00:00+00:00,52321.0
2021-08-19 21:00:00+00:00,48441.75
2021-08-19 22:00:00+00:00,45892.0
2021-08-19 23:00:00+00:00,44485.0
2021-08-20 00:00:00+00:00,43329.0
2021-08-20 01:00:00+00:00,43032.25
2021-08-20 02:00:00+00:00,44107.25
2021-08-20 03:00:00+00:00,47391.75
2021-08-20 04:00:00+00:00,53626.0
2021-08-20 05:00:00+00:00,58342.25
2021-08-20 06:00:00+00:00,61731.0
2021-08-20 07:00:00+00:00,62947.25
2021-08-20 08:00:00+00:00,64360.75
2021-08-20 09:00:00+00:00,64817.0
2021-08-20 10:00:00+00:00,63941.5
2021-08-20 11:00:00+00:00,62713.75
2021-08-20 12:00:00+00:00,61234.75
2021-08-20 13:00:00+00:00,59728.5
2021-08-20 14:00:00+00:00,58926.75
2021-08-20 15:00:00+00:00,58799.5
2021-08-20 16:00:00+00:00,58239.0
2021-08-20 17:00:00+00:00,56857.25
2021-08-20 18:00:00+00:00,55117.25
2021-08-20 19:00:00+00:00,53800.5
2021-08-20 20:00:00+00:00,50228.25
2021-08-20 21:00:00+00:00,46432.0
2021-08-20 22:00:00+00:00,43643.5
2021-08-20 23:00:00+00:00,41244.75
2021-08-21 00:00:00+00:00,39867.5
2021-08-21 01:00:00+00:00,39266.5
2021-08-21 02:00:00+00:00,39450.75
2021-08-21 03:00:00+00:00,40043.25
2021-08-21 04:00:00+00:00,41719.75
2021-08-21 05:00:00+00:00,44447.75
2021-08-21 06:00:00+00:00,48083.25
2021-08-21 07:00:00+00:00,51123.25
2021-08-21 08:00:00+00:00,53090.25
2021-08-21 09:00:00+00:00,53657.75
2021-08-21 10:00:00+00:00,53272.5
2021-08-21 11:00:00+00:00,51411.25
2021-08-21 12:00:00+00:00,50115.25
2021-08-21 13:00:00+00:00,49497.25
2021-08-21 14:00:00+00:00,49293.25
2021-08-21 15:00:00+00:00,49730.25
2021-08-21 16:00:00+00:00,49770.75
2021-08-21 17:00:00+00:00,49063.75
2021-08-21 18:00:00+00:00,48082.75
2021-08-21 19:00:00+00:00,47218.75
2021-08-21 20:00:00+00:00,44837.0
2021-08-21 21:00:00+00:00,42134.5
2021-08-21 22:00:00+00:00,39346.0
2021-08-21 23:00:00+00:00,37879.0
2021-08-22 00:00:00+00:00,37296.0
2021-08-22 01:00:00+00:00,36705.75
2021-08-22 02:00:00+00:00,37179.75
2021-08-22 03:00:00+00:00,37502.0
2021-08-22 04:00:00+00:00,38025.75
2021-08-22 05:00:00+00:00,39860.75
2021-08-22 06:00:00+00:00,42670.0
2021-08-22 07:00:00+00:00,45562.75
2021-08-22 08:00:00+00:00,47853.25
2021-08-22 09:00:00+00:00,50038.75
2021-08-22 10:00:00+00:00,50095.0
2021-08-22 11:00:00+00:00,48464.75
2021-08-22 12:00:00+00:00,47756.0
2021-08-22 13:00:00+00:00,47157.5
2021-08-22 14:00:00+00:00,47093.25
2021-08-22 15:00:00+00:00,48442.0
2021-08-22 16:00:00+00:00,49318.5
2021-08-22 17:00:00+00:00,49405.25
2021-08-22 18:00:00+00:00,48743.0
2021-08-22 19:00:00+00:00,48061.5
2021-08-22 20:00:00+00:00,46076.5
2021-08-22 21:00:00+00:00,43273.0
2021-08-22 22:00:00+00:00,41217.5
2021-08-22 23:00:00+00:00,39691.5
2021-08-23 00:00:00+00:00,39153.75
2021-08-23 01:00:00+00:00,39769.25
2021-08-23 02:00:00+00:00,40829.5
2021-08-23 03:00:00+00:00,44993.75
2021-08-23 04:00:00+00:00,52499.75
2021-08-23 05:00:00+00:00,58090.5
2021-08-23 06:00:00+00:00,62118.25
2021-08-23 07:00:00+00:00,63936.75
2021-08-23 08:00:00+00:00,65608.75
2021-08-23 09:00:00+00:00,67280.75
2021-08-23 10:00:00+00:00,66768.0
2021-08-23 11:00:00+00:00,65980.5
2021-08-23 12:00:00+00:00,64300.75
2021-08-23 13:00:00+00:00,63187.25
2021-08-23 14:00:00+00:00,61878.0
2021-08-23 15:00:00+00:00,61922.25
2021-08-23 16:00:00+00:00,61878.5
2021-08-23 17:00:00+00:00,60914.0
2021-08-23 18:00:00+00:00,59317.0
2021-08-23 19:00:00+00:00,57334.75
2021-08-23 20:00:00+00:00,53541.25
2021-08-23 21:00:00+00:00,49827.0
2021-08-23 22:00:00+00:00,46705.5
2021-08-23 23:00:00+00:00,44719.0
2021-08-24 00:00:00+00:00,43932.5
2021-08-24 01:00:00+00:00,43826.5
2021-08-24 02:00:00+00:00,45153.0
2021-08-24 03:00:00+00:00,48188.75
2021-08-24 04:00:00+00:00,54820.0
2021-08-24 05:00:00+00:00,59162.5
2021-08-24 06:00:00+00:00,62048.75
2021-08-24 07:00:00+00:00,63238.5
2021-08-24 08:00:00+00:00,64460.75
2021-08-24 09:00:00+00:00,65475.75
2021-08-24 10:00:00+00:00,65451.0
2021-08-24 11:00:00+00:00,64891.5
2021-08-24 12:00:00+00:00,62999.0
2021-08-24 13:00:00+00:00,62058.0
2021-08-24 14:00:00+00:00,61176.25
2021-08-24 15:00:00+00:00,60833.0
2021-08-24 16:00:00+00:00,60314.5
2021-08-24 17:00:00+00:00,59708.5
2021-08-24 18:00:00+00:00,58266.5
2021-08-24 19:00:00+00:00,56490.75
2021-08-24 20:00:00+00:00,52762.0
2021-08-24 21:00:00+00:00,48745.75
2021-08-24 22:00:00+00:00,45867.25
2021-08-24 23:00:00+00:00,43853.25
2021-08-25 00:00:00+00:00,42827.5
2021-08-25 01:00:00+00:00,43055.0
2021-08-25 02:00:00+00:00,44084.75
2021-08-25 03:00:00+00:00,47833.5
2021-08-25 04:00:00+00:00,55080.0
2021-08-25 05:00:00+00:00,59722.75
2021-08-25 06:00:00+00:00,63332.75
2021-08-25 07:00:00+00:00,64548.25
2021-08-25 08:00:00+00:00,65476.0
2021-08-25 09:00:00+00:00,66532.0
2021-08-25 10:00:00+00:00,66032.0
2021-08-25 11:00:00+00:00,65139.25
2021-08-25 12:00:00+00:00,63899.25
2021-08-25 13:00:00+00:00,63233.0
2021-08-25 14:00:00+00:00,62610.25
2021-08-25 15:00:00+00:00,62613.0
2021-08-25 16:00:00+00:00,62004.75
2021-08-25 17:00:00+00:00,61590.25
2021-08-25 18:00:00+00:00,60451.25
2021-08-25 19:00:00+00:00,57370.75
2021-08-25 20:00:00+00:00,52946.25
2021-08-25 21:00:00+00:00,49993.0
2021-08-25 22:00:00+00:00,47298.25
2021-08-25 23:00:00+00:00,45674.5
2021-08-26 00:00:00+00:00,44449.5
2021-08-26 01:00:00+00:00,44488.75
2021-08-26 02:00:00+00:00,45049.0
2021-08-26 03:00:00+00:00,48371.0
2021-08-26 04:00:00+00:00,54765.75
2021-08-26 05:00:00+00:00,59284.5
2021-08-26 06:00:00+00:00,62752.5
2021-08-26 07:00:00+00:00,64160.75
2021-08-26 08:00:00+00:00,65996.0
2021-08-26 09:00:00+00:00,67501.5
2021-08-26 10:00:00+00:00,66987.75
2021-08-26 11:00:00+00:00,65792.75
2021-08-26 12:00:00+00:00,64552.25
2021-08-26 13:00:00+00:00,63513.25
2021-08-26 14:00:00+00:00,62430.75
2021-08-26 15:00:00+00:00,61769.0
2021-08-26 16:00:00+00:00,61312.5
2021-08-26 17:00:00+00:00,60522.5
2021-08-26 18:00:00+00:00,59158.5
2021-08-26 19:00:00+00:00,56596.0
2021-08-26 20:00:00+00:00,53069.5
2021-08-26 21:00:00+00:00,48896.75
2021-08-26 22:00:00+00:00,46207.75
2021-08-26 23:00:00+00:00,44993.5
2021-08-27 00:00:00+00:00,43987.0
2021-08-27 01:00:00+00:00,43800.25
2021-08-27 02:00:00+00:00,45118.75
2021-08-27 03:00:00+00:00,48669.5
2021-08-27 04:00:00+00:00,54628.0
2021-08-27 05:00:00+00:00,59434.0
2021-08-27 06:00:00+00:00,62703.25
2021-08-27 07:00:00+00:00,64250.25
2021-08-27 08:00:00+00:00,65462.5
2021-08-27 09:00:00+00:00,66266.75
2021-08-27 10:00:00+00:00,65228.75
2021-08-27 11:00:00+00:00,63638.5
2021-08-27 12:00:00+00:00,61797.75
2021-08-27 13:00:00+00:00,60605.0
2021-08-27 14:00:00+00:00,60242.75
2021-08-27 15:00:00+00:00,59925.0
2021-08-27 16:00:00+00:00,60202.5
2021-08-27 17:00:00+00:00,58711.5
2021-08-27 18:00:00+00:00,57088.25
2021-08-27 19:00:00+00:00,54204.0
2021-08-27 20:00:00+00:00,50906.25
2021-08-27 21:00:00+00:00,46996.75
2021-08-27 22:00:00+00:00,44326.25
2021-08-27 23:00:00+00:00,42404.0
2021-08-28 00:00:00+00:00,40800.0
2021-08-28 01:00:00+00:00,40489.5
2021-08-28 02:00:00+00:00,40492.0
2021-08-28 03:00:00+00:00,41565.5
2021-08-28 04:00:00+00:00,43563.5
2021-08-28 05:00:00+00:00,46131.75
2021-08-28 06:00:00+00:00,50035.75
2021-08-28 07:00:00+00:00,52780.5
2021-08-28 08:00:00+00:00,54385.25
2021-08-28 09:00:00+00:00,55382.75
2021-08-28 10:00:00+00:00,54621.75
2021-08-28 11:00:00+00:00,53194.75
2021-08-28 12:00:00+00:00,51806.25
2021-08-28 13:00:00+00:00,50757.0
2021-08-28 14:00:00+00:00,50141.25
2021-08-28 15:00:00+00:00,50692.5
2021-08-28 16:00:00+00:00,51200.25
2021-08-28 17:00:00+00:00,50616.0
2021-08-28 18:00:00+00:00,49629.25
2021-08-28 19:00:00+00:00,47565.5
2021-08-28 20:00:00+00:00,45115.5
2021-08-28 21:00:00+00:00,42353.25
2021-08-28 22:00:00+00:00,40232.5
2021-08-28 23:00:00+00:00,38578.5
2021-08-29 00:00:00+00:00,37431.5
2021-08-29 01:00:00+00:00,37164.0
2021-08-29 02:00:00+00:00,37447.75
2021-08-29 03:00:00+00:00,38366.25
2021-08-29 04:00:00+00:00,39127.0
2021-08-29 05:00:00+00:00,40779.75
2021-08-29 06:00:00+00:00,43473.0
2021-08-29 07:00:00+00:00,46885.25
2021-08-29 08:00:00+00:00,49426.5
2021-08-29 09:00:00+00:00,51781.75
2021-08-29 10:00:00+00:00,51862.75
2021-08-29 11:00:00+00:00,50842.25
2021-08-29 12:00:00+00:00,49738.25
2021-08-29 13:00:00+00:00,48901.0
2021-08-29 14:00:00+00:00,48830.0
2021-08-29 15:00:00+00:00,50024.0
2021-08-29 16:00:00+00:00,51132.75
2021-08-29 17:00:00+00:00,51053.5
2021-08-29 18:00:00+00:00,50918.5
2021-08-29 19:00:00+00:00,49159.5
2021-08-29 20:00:00+00:00,47676.75
2021-08-29 21:00:00+00:00,44704.75
2021-08-29 22:00:00+00:00,42368.0
2021-08-29 23:00:00+00:00,41284.5
2021-08-30 00:00:00+00:00,40429.0
2021-08-30 01:00:00+00:00,40662.0
2021-08-30 02:00:00+00:00,42545.75
2021-08-30 03:00:00+00:00,46890.0
2021-08-30 04:00:00+00:00,54815.0
2021-08-30 05:00:00+00:00,61068.5
2021-08-30 06:00:00+00:00,64619.0
2021-08-30 07:00:00+00:00,65695.5
2021-08-30 08:00:00+00:00,67322.0
2021-08-30 09:00:00+00:00,68275.75
2021-08-30 10:00:00+00:00,68165.0
2021-08-30 11:00:00+00:00,67156.25
2021-08-30 12:00:00+00:00,65909.5
2021-08-30 13:00:00+00:00,64174.5
2021-08-30 14:00:00+00:00,62865.25
2021-08-30 15:00:00+00:00,62984.5
2021-08-30 16:00:00+00:00,62883.25
2021-08-30 17:00:00+00:00,62025.0
2021-08-30 18:00:00+00:00,60952.25
2021-08-30 19:00:00+00:00,57834.75
2021-08-30 20:00:00+00:00,53704.0
2021-08-30 21:00:00+00:00,50086.25
2021-08-30 22:00:00+00:00,47274.0
2021-08-30 23:00:00+00:00,46051.0
2021-08-31 00:00:00+00:00,44976.75
2021-08-31 01:00:00+00:00,44533.75
2021-08-31 02:00:00+00:00,45927.25
2021-08-31 03:00:00+00:00,49766.25
2021-08-31 04:00:00+00:00,57228.0
2021-08-31 05:00:00+00:00,61915.5
2021-08-31 06:00:00+00:00,65380.25
2021-08-31 07:00:00+00:00,66518.0
2021-08-31 08:00:00+00:00,67424.5
2021-08-31 09:00:00+00:00,68472.25
2021-08-31 10:00:00+00:00,67795.0
2021-08-31 11:00:00+00:00,67180.75
2021-08-31 12:00:00+00:00,65738.75
2021-08-31 13:00:00+00:00,64014.25
2021-08-31 14:00:00+00:00,62539.75
2021-08-31 15:00:00+00:00,62450.5
2021-08-31 16:00:00+00:00,62175.25
2021-08-31 17:00:00+00:00,61279.75
2021-08-31 18:00:00+00:00,60630.25
2021-08-31 19:00:00+00:00,57880.75
2021-08-31 20:00:00+00:00,54153.0
2021-08-31 21:00:00+00:00,50158.0
2021-08-31 22:00:00+00:00,47094.75
2021-08-31 23:00:00+00:00,45424.75
2021-09-01 00:00:00+00:00,44135.0
2021-09-01 01:00:00+00:00,44446.5
2021-09-01 02:00:00+00:00,45515.25
2021-09-01 03:00:00+00:00,48733.75
2021-09-01 04:00:00+00:00,55998.75
2021-09-01 05:00:00+00:00,60595.5
2021-09-01 06:00:00+00:00,63530.75
2021-09-01 07:00:00+00:00,64713.0
2021-09-01 08:00:00+00:00,65994.25
2021-09-01 09:00:00+00:00,67356.25
2021-09-01 10:00:00+00:00,66789.25
2021-09-01 11:00:00+00:00,65257.75
2021-09-01 12:00:00+00:00,64046.5
2021-09-01 13:00:00+00:00,62838.25
2021-09-01 14:00:00+00:00,61415.25
2021-09-01 15:00:00+00:00,61247.5
2021-09-01 16:00:00+00:00,61233.25
2021-09-01 17:00:00+00:00,61257.5
2021-09-01 18:00:00+00:00,60868.5
2021-09-01 19:00:00+00:00,58069.75
2021-09-01 20:00:00+00:00,53843.25
2021-09-01 21:00:00+00:00,49885.75
2021-09-01 22:00:00+00:00,46841.5
2021-09-01 23:00:00+00:00,45127.5
2021-09-02 00:00:00+00:00,43899.5
2021-09-02 01:00:00+00:00,43800.5
2021-09-02 02:00:00+00:00,44805.25
2021-09-02 03:00:00+00:00,48273.75
2021-09-02 04:00:00+00:00,55642.0
2021-09-02 05:00:00+00:00,59951.0
2021-09-02 06:00:00+00:00,62761.5
2021-09-02 07:00:00+00:00,63658.0
2021-09-02 08:00:00+00:00,64525.0
2021-09-02 09:00:00+00:00,65169.75
2021-09-02 10:00:00+00:00,64476.25
2021-09-02 11:00:00+00:00,64040.25
2021-09-02 12:00:00+00:00,62886.75
2021-09-02 13:00:00+00:00,61604.0
2021-09-02 14:00:00+00:00,60432.75
2021-09-02 15:00:00+00:00,60350.25
2021-09-02 16:00:00+00:00,60263.0
2021-09-02 17:00:00+00:00,60190.0
2021-09-02 18:00:00+00:00,60166.5
2021-09-02 19:00:00+00:00,57217.5
2021-09-02 20:00:00+00:00,52948.5
2021-09-02 21:00:00+00:00,48853.75
2021-09-02 22:00:00+00:00,46369.5
2021-09-02 23:00:00+00:00,44870.0
2021-09-03 00:00:00+00:00,44349.0
2021-09-03 01:00:00+00:00,44479.25
2021-09-03 02:00:00+00:00,45604.5
2021-09-03 03:00:00+00:00,49161.25
2021-09-03 04:00:00+00:00,56148.75
2021-09-03 05:00:00+00:00,60783.75
2021-09-03 06:00:00+00:00,63839.0
2021-09-03 07:00:00+00:00,64819.5
2021-09-03 08:00:00+00:00,65754.5
2021-09-03 09:00:00+00:00,65882.0
2021-09-03 10:00:00+00:00,64847.25
2021-09-03 11:00:00+00:00,63277.75
2021-09-03 12:00:00+00:00,61774.25
2021-09-03 13:00:00+00:00,60503.25
2021-09-03 14:00:00+00:00,59193.75
2021-09-03 15:00:00+00:00,59000.0
2021-09-03 16:00:00+00:00,58376.0
2021-09-03 17:00:00+00:00,57983.5
2021-09-03 18:00:00+00:00,57438.25
2021-09-03 19:00:00+00:00,54424.75
2021-09-03 20:00:00+00:00,50471.75
2021-09-03 21:00:00+00:00,46764.75
2021-09-03 22:00:00+00:00,44432.0
2021-09-03 23:00:00+00:00,42417.75
2021-09-04 00:00:00+00:00,41310.0
2021-09-04 01:00:00+00:00,40709.75
2021-09-04 02:00:00+00:00,40951.5
2021-09-04 03:00:00+00:00,41669.75
2021-09-04 04:00:00+00:00,43245.5
2021-09-04 05:00:00+00:00,45733.25
2021-09-04 06:00:00+00:00,49586.25
2021-09-04 07:00:00+00:00,52517.75
2021-09-04 08:00:00+00:00,53901.0
2021-09-04 09:00:00+00:00,54125.25
2021-09-04 10:00:00+00:00,53429.0
2021-09-04 11:00:00+00:00,51507.5
2021-09-04 12:00:00+00:00,50014.5
2021-09-04 13:00:00+00:00,49906.5
2021-09-04 14:00:00+00:00,49490.25
2021-09-04 15:00:00+00:00,49965.75
2021-09-04 16:00:00+00:00,50624.5
2021-09-04 17:00:00+00:00,50610.25
2021-09-04 18:00:00+00:00,50793.0
2021-09-04 19:00:00+00:00,48512.0
2021-09-04 20:00:00+00:00,45766.0
2021-09-04 21:00:00+00:00,42789.5
2021-09-04 22:00:00+00:00,40080.0
2021-09-04 23:00:00+00:00,38638.0
2021-09-05 00:00:00+00:00,37948.5
2021-09-05 01:00:00+00:00,37559.5
2021-09-05 02:00:00+00:00,37661.75
2021-09-05 03:00:00+00:00,38082.25
2021-09-05 04:00:00+00:00,38420.0
2021-09-05 05:00:00+00:00,39859.0
2021-09-05 06:00:00+00:00,43440.5
2021-09-05 07:00:00+00:00,46649.25
2021-09-05 08:00:00+00:00,48869.0
2021-09-05 09:00:00+00:00,49941.5
2021-09-05 10:00:00+00:00,49627.75
2021-09-05 11:00:00+00:00,47847.75
2021-09-05 12:00:00+00:00,46375.0
2021-09-05 13:00:00+00:00,45848.75
2021-09-05 14:00:00+00:00,45761.25
2021-09-05 15:00:00+00:00,47028.0
2021-09-05 16:00:00+00:00,48527.25
2021-09-05 17:00:00+00:00,49134.5
2021-09-05 18:00:00+00:00,50418.5
2021-09-05 19:00:00+00:00,48722.0
2021-09-05 20:00:00+00:00,46930.0
2021-09-05 21:00:00+00:00,44111.25
2021-09-05 22:00:00+00:00,42251.5
2021-09-05 23:00:00+00:00,41163.5
2021-09-06 00:00:00+00:00,40393.75
2021-09-06 01:00:00+00:00,40290.25
2021-09-06 02:00:00+00:00,41532.75
2021-09-06 03:00:00+00:00,45515.5
2021-09-06 04:00:00+00:00,53555.75
2021-09-06 05:00:00+00:00,58179.75
2021-09-06 06:00:00+00:00,61653.5
2021-09-06 07:00:00+00:00,62757.75
2021-09-06 08:00:00+00:00,63910.0
2021-09-06 09:00:00+00:00,65106.0
2021-09-06 10:00:00+00:00,64632.0
2021-09-06 11:00:00+00:00,63739.5
2021-09-06 12:00:00+00:00,62776.75
2021-09-06 13:00:00+00:00,61317.25
2021-09-06 14:00:00+00:00,59891.75
2021-09-06 15:00:00+00:00,59834.75
2021-09-06 16:00:00+00:00,59853.25
2021-09-06 17:00:00+00:00,59563.25
2021-09-06 18:00:00+00:00,59202.5
2021-09-06 19:00:00+00:00,55721.0
2021-09-06 20:00:00+00:00,51500.25
2021-09-06 21:00:00+00:00,47953.0
2021-09-06 22:00:00+00:00,45487.5
2021-09-06 23:00:00+00:00,43800.5
2021-09-07 00:00:00+00:00,43297.75
2021-09-07 01:00:00+00:00,43388.75
2021-09-07 02:00:00+00:00,44521.0
2021-09-07 03:00:00+00:00,48273.25
2021-09-07 04:00:00+00:00,55893.25
2021-09-07 05:00:00+00:00,60436.0
2021-09-07 06:00:00+00:00,63387.75
2021-09-07 07:00:00+00:00,64272.0
2021-09-07 08:00:00+00:00,65224.0
2021-09-07 09:00:00+00:00,66090.0
2021-09-07 10:00:00+00:00,65249.25
2021-09-07 11:00:00+00:00,64193.5
2021-09-07 12:00:00+00:00,63267.5
2021-09-07 13:00:00+00:00,62021.25
2021-09-07 14:00:00+00:00,60870.0
2021-09-07 15:00:00+00:00,60840.25
2021-09-07 16:00:00+00:00,60837.5
2021-09-07 17:00:00+00:00,60654.5
2021-09-07 18:00:00+00:00,60525.0
2021-09-07 19:00:00+00:00,56703.75
2021-09-07 20:00:00+00:00,52368.25
2021-09-07 21:00:00+00:00,48582.0
2021-09-07 22:00:00+00:00,45841.0
2021-09-07 23:00:00+00:00,44746.75
2021-09-08 00:00:00+00:00,43930.25
2021-09-08 01:00:00+00:00,44179.25
2021-09-08 02:00:00+00:00,45221.25
2021-09-08 03:00:00+00:00,48742.5
2021-09-08 04:00:00+00:00,56303.75
2021-09-08 05:00:00+00:00,60624.75
2021-09-08 06:00:00+00:00,63478.5
2021-09-08 07:00:00+00:00,64417.5
2021-09-08 08:00:00+00:00,65416.5
2021-09-08 09:00:00+00:00,66280.0
2021-09-08 10:00:00+00:00,66027.75
2021-09-08 11:00:00+00:00,65307.25
2021-09-08 12:00:00+00:00,63875.25
2021-09-08 13:00:00+00:00,62656.0
2021-09-08 14:00:00+00:00,61311.25
2021-09-08 15:00:00+00:00,61195.75
2021-09-08 16:00:00+00:00,61463.25
2021-09-08 17:00:00+00:00,61295.5
2021-09-08 18:00:00+00:00,61186.75
2021-09-08 19:00:00+00:00,57678.25
2021-09-08 20:00:00+00:00,53671.5
2021-09-08 21:00:00+00:00,49949.5
2021-09-08 22:00:00+00:00,46866.25
2021-09-08 23:00:00+00:00,45379.0
2021-09-09 00:00:00+00:00,44340.5
2021-09-09 01:00:00+00:00,44465.0
2021-09-09 02:00:00+00:00,45410.0
2021-09-09 03:00:00+00:00,49079.0
2021-09-09 04:00:00+00:00,56300.75
2021-09-09 05:00:00+00:00,60746.25
2021-09-09 06:00:00+00:00,63316.0
2021-09-09 07:00:00+00:00,64123.5
2021-09-09 08:00:00+00:00,65447.75
2021-09-09 09:00:00+00:00,66580.25
2021-09-09 10:00:00+00:00,66741.25
2021-09-09 11:00:00+00:00,65417.25
2021-09-09 12:00:00+00:00,64574.25
2021-09-09 13:00:00+00:00,63580.75
2021-09-09 14:00:00+00:00,62593.75
2021-09-09 15:00:00+00:00,62727.0
2021-09-09 16:00:00+00:00,62644.5
2021-09-09 17:00:00+00:00,62211.5
2021-09-09 18:00:00+00:00,61457.0
2021-09-09 19:00:00+00:00,58008.25
2021-09-09 20:00:00+00:00,53833.75
2021-09-09 21:00:00+00:00,50069.75
2021-09-09 22:00:00+00:00,47333.0
2021-09-09 23:00:00+00:00,45684.0
2021-09-10 00:00:00+00:00,44849.25
2021-09-10 01:00:00+00:00,44602.25
2021-09-10 02:00:00+00:00,45866.25
2021-09-10 03:00:00+00:00,49463.0
2021-09-10 04:00:00+00:00,56517.5
2021-09-10 05:00:00+00:00,60998.0
2021-09-10 06:00:00+00:00,64287.75
2021-09-10 07:00:00+00:00,65400.75
2021-09-10 08:00:00+00:00,66297.0
2021-09-10 09:00:00+00:00,67003.75
2021-09-10 10:00:00+00:00,66263.5
2021-09-10 11:00:00+00:00,64610.25
2021-09-10 12:00:00+00:00,62366.25
2021-09-10 13:00:00+00:00,61245.5
2021-09-10 14:00:00+00:00,60468.75
2021-09-10 15:00:00+00:00,60723.5
2021-09-10 16:00:00+00:00,60352.0
2021-09-10 17:00:00+00:00,59851.0
2021-09-10 18:00:00+00:00,58580.5
2021-09-10 19:00:00+00:00,54518.75
2021-09-10 20:00:00+00:00,50753.75
2021-09-10 21:00:00+00:00,47003.0
2021-09-10 22:00:00+00:00,43687.25
2021-09-10 23:00:00+00:00,41849.5
2021-09-11 00:00:00+00:00,41103.5
2021-09-11 01:00:00+00:00,40919.0
2021-09-11 02:00:00+00:00,40700.5
2021-09-11 03:00:00+00:00,41282.75
2021-09-11 04:00:00+00:00,43289.75
2021-09-11 05:00:00+00:00,45724.75
2021-09-11 06:00:00+00:00,49553.5
2021-09-11 07:00:00+00:00,52236.5
2021-09-11 08:00:00+00:00,53619.25
2021-09-11 09:00:00+00:00,55029.75
2021-09-11 10:00:00+00:00,54962.25
2021-09-11 11:00:00+00:00,53839.25
2021-09-11 12:00:00+00:00,52626.75
2021-09-11 13:00:00+00:00,52038.75
2021-09-11 14:00:00+00:00,51166.25
2021-09-11 15:00:00+00:00,51345.25
2021-09-11 16:00:00+00:00,51854.5
2021-09-11 17:00:00+00:00,51559.75
2021-09-11 18:00:00+00:00,50784.25
2021-09-11 19:00:00+00:00,47715.0
2021-09-11 20:00:00+00:00,45384.0
2021-09-11 21:00:00+00:00,42611.75
2021-09-11 22:00:00+00:00,39984.5
2021-09-11 23:00:00+00:00,39019.75
2021-09-12 00:00:00+00:00,38432.25
2021-09-12 01:00:00+00:00,38011.75
2021-09-12 02:00:00+00:00,37899.5
2021-09-12 03:00:00+00:00,38192.25
2021-09-12 04:00:00+00:00,39760.75
2021-09-12 05:00:00+00:00,40983.5
2021-09-12 06:00:00+00:00,44067.25
2021-09-12 07:00:00+00:00,47469.0
2021-09-12 08:00:00+00:00,49968.5
2021-09-12 09:00:00+00:00,51758.25
2021-09-12 10:00:00+00:00,51425.75
2021-09-12 11:00:00+00:00,49062.25
2021-09-12 12:00:00+00:00,47777.0
2021-09-12 13:00:00+00:00,47183.5
2021-09-12 14:00:00+00:00,47411.25
2021-09-12 15:00:00+00:00,48782.75
2021-09-12 16:00:00+00:00,50017.75
2021-09-12 17:00:00+00:00,50676.75
2021-09-12 18:00:00+00:00,51418.5
2021-09-12 19:00:00+00:00,48954.25
2021-09-12 20:00:00+00:00,47247.0
2021-09-12 21:00:00+00:00,44588.25
2021-09-12 22:00:00+00:00,43116.25
2021-09-12 23:00:00+00:00,42030.25
2021-09-13 00:00:00+00:00,41210.25
2021-09-13 01:00:00+00:00,41136.0
2021-09-13 02:00:00+00:00,42076.5
2021-09-13 03:00:00+00:00,45766.0
2021-09-13 04:00:00+00:00,54326.0
2021-09-13 05:00:00+00:00,59226.0
2021-09-13 06:00:00+00:00,61979.75
2021-09-13 07:00:00+00:00,63392.25
2021-09-13 08:00:00+00:00,64531.25
2021-09-13 09:00:00+00:00,65656.75
2021-09-13 10:00:00+00:00,65108.0
2021-09-13 11:00:00+00:00,64024.5
2021-09-13 12:00:00+00:00,62408.5
2021-09-13 13:00:00+00:00,61869.0
2021-09-13 14:00:00+00:00,60382.5
2021-09-13 15:00:00+00:00,60470.75
2021-09-13 16:00:00+00:00,60656.25
2021-09-13 17:00:00+00:00,60890.5
2021-09-13 18:00:00+00:00,60306.25
2021-09-13 19:00:00+00:00,56414.5
2021-09-13 20:00:00+00:00,52497.0
2021-09-13 21:00:00+00:00,48627.0
2021-09-13 22:00:00+00:00,45856.5
2021-09-13 23:00:00+00:00,44321.25
2021-09-14 00:00:00+00:00,43740.5
2021-09-14 01:00:00+00:00,43722.0
2021-09-14 02:00:00+00:00,44671.5
2021-09-14 03:00:00+00:00,48378.5
2021-09-14 04:00:00+00:00,56345.75
2021-09-14 05:00:00+00:00,60357.0
2021-09-14 06:00:00+00:00,63217.25
2021-09-14 07:00:00+00:00,64449.25
2021-09-14 08:00:00+00:00,65697.25
2021-09-14 09:00:00+00:00,66217.25
2021-09-14 10:00:00+00:00,66080.75
2021-09-14 11:00:00+00:00,65752.25
2021-09-14 12:00:00+00:00,64188.5
2021-09-14 13:00:00+00:00,63372.75
2021-09-14 14:00:00+00:00,61990.25
2021-09-14 15:00:00+00:00,61721.5
2021-09-14 16:00:00+00:00,61804.0
2021-09-14 17:00:00+00:00,62605.75
2021-09-14 18:00:00+00:00,61888.5
2021-09-14 19:00:00+00:00,57875.75
2021-09-14 20:00:00+00:00,53706.0
2021-09-14 21:00:00+00:00,49916.25
2021-09-14 22:00:00+00:00,46808.0
2021-09-14 23:00:00+00:00,45007.0
2021-09-15 00:00:00+00:00,44454.75
2021-09-15 01:00:00+00:00,44287.25
2021-09-15 02:00:00+00:00,45523.75
2021-09-15 03:00:00+00:00,49532.25
2021-09-15 04:00:00+00:00,57561.25
2021-09-15 05:00:00+00:00,62599.5
2021-09-15 06:00:00+00:00,65798.0
2021-09-15 07:00:00+00:00,66573.0
2021-09-15 08:00:00+00:00,68095.5
2021-09-15 09:00:00+00:00,69309.0
2021-09-15 10:00:00+00:00,68763.0
2021-09-15 11:00:00+00:00,67793.5
2021-09-15 12:00:00+00:00,66500.5
2021-09-15 13:00:00+00:00,65294.25
2021-09-15 14:00:00+00:00,64197.75
2021-09-15 15:00:00+00:00,64720.0
2021-09-15 16:00:00+00:00,64580.25
2021-09-15 17:00:00+00:00,64700.0
2021-09-15 18:00:00+00:00,62968.75
2021-09-15 19:00:00+00:00,58721.0
2021-09-15 20:00:00+00:00,54878.75
2021-09-15 21:00:00+00:00,51397.5
2021-09-15 22:00:00+00:00,47999.25
2021-09-15 23:00:00+00:00,45855.0
2021-09-16 00:00:00+00:00,45233.25
2021-09-16 01:00:00+00:00,45496.75
2021-09-16 02:00:00+00:00,46537.5
2021-09-16 03:00:00+00:00,50023.0
2021-09-16 04:00:00+00:00,58249.5
2021-09-16 05:00:00+00:00,62507.75
2021-09-16 06:00:00+00:00,65621.25
2021-09-16 07:00:00+00:00,66834.5
2021-09-16 08:00:00+00:00,68261.5
2021-09-16 09:00:00+00:00,69224.25
2021-09-16 10:00:00+00:00,68910.5
2021-09-16 11:00:00+00:00,68037.75
2021-09-16 12:00:00+00:00,66360.0
2021-09-16 13:00:00+00:00,65414.0
2021-09-16 14:00:00+00:00,64315.0
2021-09-16 15:00:00+00:00,64094.75
2021-09-16 16:00:00+00:00,63604.5
2021-09-16 17:00:00+00:00,63743.0
2021-09-16 18:00:00+00:00,62303.75
2021-09-16 19:00:00+00:00,57982.5
2021-09-16 20:00:00+00:00,53055.25
2021-09-16 21:00:00+00:00,49326.0
2021-09-16 22:00:00+00:00,47336.25
2021-09-16 23:00:00+00:00,45452.75
2021-09-17 00:00:00+00:00,44613.75
2021-09-17 01:00:00+00:00,45074.75
2021-09-17 02:00:00+00:00,45690.75
2021-09-17 03:00:00+00:00,49424.5
2021-09-17 04:00:00+00:00,56847.0
2021-09-17 05:00:00+00:00,61421.5
2021-09-17 06:00:00+00:00,64570.25
2021-09-17 07:00:00+00:00,65554.5
2021-09-17 08:00:00+00:00,66339.25
2021-09-17 09:00:00+00:00,66846.0
2021-09-17 10:00:00+00:00,66220.5
2021-09-17 11:00:00+00:00,64423.25
2021-09-17 12:00:00+00:00,62614.25
2021-09-17 13:00:00+00:00,61247.5
2021-09-17 14:00:00+00:00,60207.5
2021-09-17 15:00:00+00:00,60185.0
2021-09-17 16:00:00+00:00,60240.5
2021-09-17 17:00:00+00:00,60844.25
2021-09-17 18:00:00+00:00,59780.0
2021-09-17 19:00:00+00:00,55376.25
2021-09-17 20:00:00+00:00,51315.25
2021-09-17 21:00:00+00:00,47442.75
2021-09-17 22:00:00+00:00,44877.5
2021-09-17 23:00:00+00:00,43017.75
2021-09-18 00:00:00+00:00,41981.75
2021-09-18 01:00:00+00:00,41511.75
2021-09-18 02:00:00+00:00,41724.0
2021-09-18 03:00:00+00:00,42587.5
2021-09-18 04:00:00+00:00,44871.25
2021-09-18 05:00:00+00:00,47352.75
2021-09-18 06:00:00+00:00,50854.0
2021-09-18 07:00:00+00:00,53782.5
2021-09-18 08:00:00+00:00,55361.75
2021-09-18 09:00:00+00:00,56028.5
2021-09-18 10:00:00+00:00,55136.75
2021-09-18 11:00:00+00:00,53462.0
2021-09-18 12:00:00+00:00,52075.75
2021-09-18 13:00:00+00:00,51020.0
2021-09-18 14:00:00+00:00,50564.5
2021-09-18 15:00:00+00:00,51789.25
2021-09-18 16:00:00+00:00,52619.5
2021-09-18 17:00:00+00:00,53361.0
2021-09-18 18:00:00+00:00,52272.25
2021-09-18 19:00:00+00:00,48684.0
2021-09-18 20:00:00+00:00,45809.0
2021-09-18 21:00:00+00:00,42994.25
2021-09-18 22:00:00+00:00,40151.25
2021-09-18 23:00:00+00:00,38902.25
2021-09-19 00:00:00+00:00,38112.75
2021-09-19 01:00:00+00:00,37532.25
2021-09-19 02:00:00+00:00,37461.0
2021-09-19 03:00:00+00:00,38206.5
2021-09-19 04:00:00+00:00,39302.5
2021-09-19 05:00:00+00:00,40839.0
2021-09-19 06:00:00+00:00,44261.0
2021-09-19 07:00:00+00:00,47702.5
2021-09-19 08:00:00+00:00,49867.5
2021-09-19 09:00:00+00:00,51918.75
2021-09-19 10:00:00+00:00,51378.5
2021-09-19 11:00:00+00:00,49507.5
2021-09-19 12:00:00+00:00,47948.5
2021-09-19 13:00:00+00:00,47247.25
2021-09-19 14:00:00+00:00,47020.5
2021-09-19 15:00:00+00:00,48826.75
2021-09-19 16:00:00+00:00,50609.75
2021-09-19 17:00:00+00:00,51186.5
2021-09-19 18:00:00+00:00,50826.25
2021-09-19 19:00:00+00:00,48144.75
2021-09-19 20:00:00+00:00,46153.0
2021-09-19 21:00:00+00:00,43031.25
2021-09-19 22:00:00+00:00,40661.5
2021-09-19 23:00:00+00:00,39982.0
2021-09-20 00:00:00+00:00,39892.25
2021-09-20 01:00:00+00:00,40260.0
2021-09-20 02:00:00+00:00,42011.5
2021-09-20 03:00:00+00:00,46495.75
2021-09-20 04:00:00+00:00,55124.0
2021-09-20 05:00:00+00:00,60486.75
2021-09-20 06:00:00+00:00,63356.75
2021-09-20 07:00:00+00:00,64321.5
2021-09-20 08:00:00+00:00,65266.5
2021-09-20 09:00:00+00:00,66077.5
2021-09-20 10:00:00+00:00,65979.5
2021-09-20 11:00:00+00:00,64682.5
2021-09-20 12:00:00+00:00,63108.5
2021-09-20 13:00:00+00:00,61817.25
2021-09-20 14:00:00+00:00,60557.0
2021-09-20 15:00:00+00:00,60939.5
2021-09-20 16:00:00+00:00,61248.5
2021-09-20 17:00:00+00:00,62376.0
2021-09-20 18:00:00+00:00,60636.5
2021-09-20 19:00:00+00:00,56185.75
2021-09-20 20:00:00+00:00,52270.75
2021-09-20 21:00:00+00:00,48518.75
2021-09-20 22:00:00+00:00,44649.75
2021-09-20 23:00:00+00:00,43126.25
2021-09-21 00:00:00+00:00,42424.0
2021-09-21 01:00:00+00:00,42956.5
2021-09-21 02:00:00+00:00,44447.25
2021-09-21 03:00:00+00:00,48366.5
2021-09-21 04:00:00+00:00,56546.75
2021-09-21 05:00:00+00:00,61612.25
2021-09-21 06:00:00+00:00,64285.75
2021-09-21 07:00:00+00:00,65344.5
2021-09-21 08:00:00+00:00,65972.75
2021-09-21 09:00:00+00:00,66937.0
2021-09-21 10:00:00+00:00,66699.75
2021-09-21 11:00:00+00:00,66214.75
2021-09-21 12:00:00+00:00,64496.0
2021-09-21 13:00:00+00:00,63697.25
2021-09-21 14:00:00+00:00,62358.25
2021-09-21 15:00:00+00:00,62565.75
2021-09-21 16:00:00+00:00,62619.25
2021-09-21 17:00:00+00:00,63713.75
2021-09-21 18:00:00+00:00,62376.0
2021-09-21 19:00:00+00:00,58352.25
2021-09-21 20:00:00+00:00,54690.75
2021-09-21 21:00:00+00:00,50427.5
2021-09-21 22:00:00+00:00,47688.75
2021-09-21 23:00:00+00:00,46167.5
2021-09-22 00:00:00+00:00,45146.75
2021-09-22 01:00:00+00:00,45185.75
2021-09-22 02:00:00+00:00,46321.75
2021-09-22 03:00:00+00:00,49845.25
2021-09-22 04:00:00+00:00,57435.0
2021-09-22 05:00:00+00:00,61943.25
2021-09-22 06:00:00+00:00,64313.5
2021-09-22 07:00:00+00:00,64607.5
2021-09-22 08:00:00+00:00,65810.75
2021-09-22 09:00:00+00:00,66539.25
2021-09-22 10:00:00+00:00,65875.75
2021-09-22 11:00:00+00:00,65269.5
2021-09-22 12:00:00+00:00,63787.5
2021-09-22 13:00:00+00:00,62482.25
2021-09-22 14:00:00+00:00,61236.5
2021-09-22 15:00:00+00:00,61627.5
2021-09-22 16:00:00+00:00,62370.75
2021-09-22 17:00:00+00:00,64276.0
2021-09-22 18:00:00+00:00,62927.75
2021-09-22 19:00:00+00:00,58407.0
2021-09-22 20:00:00+00:00,54276.0
2021-09-22 21:00:00+00:00,50410.25
2021-09-22 22:00:00+00:00,47739.5
2021-09-22 23:00:00+00:00,46291.75
2021-09-23 00:00:00+00:00,45766.0
2021-09-23 01:00:00+00:00,46016.5
2021-09-23 02:00:00+00:00,47706.5
2021-09-23 03:00:00+00:00,51578.5
2021-09-23 04:00:00+00:00,59033.0
2021-09-23 05:00:00+00:00,64083.0
2021-09-23 06:00:00+00:00,66567.25
2021-09-23 07:00:00+00:00,67376.75
2021-09-23 08:00:00+00:00,68031.5
2021-09-23 09:00:00+00:00,69168.25
2021-09-23 10:00:00+00:00,68778.25
2021-09-23 11:00:00+00:00,68193.5
2021-09-23 12:00:00+00:00,66684.25
2021-09-23 13:00:00+00:00,66050.25
2021-09-23 14:00:00+00:00,65064.25
2021-09-23 15:00:00+00:00,65196.5
2021-09-23 16:00:00+00:00,65761.5
2021-09-23 17:00:00+00:00,66622.25
2021-09-23 18:00:00+00:00,64739.75
2021-09-23 19:00:00+00:00,60352.0
2021-09-23 20:00:00+00:00,56389.5
2021-09-23 21:00:00+00:00,52313.75
2021-09-23 22:00:00+00:00,49704.25
2021-09-23 23:00:00+00:00,47947.5
2021-09-24 00:00:00+00:00,46694.5
2021-09-24 01:00:00+00:00,46745.75
2021-09-24 02:00:00+00:00,47819.75
2021-09-24 03:00:00+00:00,51477.5
2021-09-24 04:00:00+00:00,59120.5
2021-09-24 05:00:00+00:00,64011.5
2021-09-24 06:00:00+00:00,66676.75
2021-09-24 07:00:00+00:00,67891.0
2021-09-24 08:00:00+00:00,68861.0
2021-09-24 09:00:00+00:00,68689.25
2021-09-24 10:00:00+00:00,67907.75
2021-09-24 11:00:00+00:00,66727.5
2021-09-24 12:00:00+00:00,64737.75
2021-09-24 13:00:00+00:00,63310.5
2021-09-24 14:00:00+00:00,62235.5
2021-09-24 15:00:00+00:00,62380.5
2021-09-24 16:00:00+00:00,62663.5
2021-09-24 17:00:00+00:00,63417.75
2021-09-24 18:00:00+00:00,61401.0
2021-09-24 19:00:00+00:00,57060.75
2021-09-24 20:00:00+00:00,53408.25
2021-09-24 21:00:00+00:00,50142.75
2021-09-24 22:00:00+00:00,47705.75
2021-09-24 23:00:00+00:00,45692.5
2021-09-25 00:00:00+00:00,44452.75
2021-09-25 01:00:00+00:00,44114.75
2021-09-25 02:00:00+00:00,44110.75
2021-09-25 03:00:00+00:00,44921.25
2021-09-25 04:00:00+00:00,46875.75
2021-09-25 05:00:00+00:00,49161.25
2021-09-25 06:00:00+00:00,52768.75
2021-09-25 07:00:00+00:00,55003.75
2021-09-25 08:00:00+00:00,56406.0
2021-09-25 09:00:00+00:00,56600.25
2021-09-25 10:00:00+00:00,55602.0
2021-09-25 11:00:00+00:00,53801.0
2021-09-25 12:00:00+00:00,52186.0
2021-09-25 13:00:00+00:00,50986.25
2021-09-25 14:00:00+00:00,50075.0
2021-09-25 15:00:00+00:00,50869.75
2021-09-25 16:00:00+00:00,51742.75
2021-09-25 17:00:00+00:00,53037.25
2021-09-25 18:00:00+00:00,51371.5
2021-09-25 19:00:00+00:00,48295.5
2021-09-25 20:00:00+00:00,45620.75
2021-09-25 21:00:00+00:00,42747.75
2021-09-25 22:00:00+00:00,40420.25
2021-09-25 23:00:00+00:00,39031.5
2021-09-26 00:00:00+00:00,38278.25
2021-09-26 01:00:00+00:00,37622.0
2021-09-26 02:00:00+00:00,37937.0
2021-09-26 03:00:00+00:00,38526.0
2021-09-26 04:00:00+00:00,39693.25
2021-09-26 05:00:00+00:00,41701.75
2021-09-26 06:00:00+00:00,44974.0
2021-09-26 07:00:00+00:00,48194.25
2021-09-26 08:00:00+00:00,50602.75
2021-09-26 09:00:00+00:00,52960.25
2021-09-26 10:00:00+00:00,52666.0
2021-09-26 11:00:00+00:00,50935.75
2021-09-26 12:00:00+00:00,49603.25
2021-09-26 13:00:00+00:00,48962.5
2021-09-26 14:00:00+00:00,48555.25
2021-09-26 15:00:00+00:00,50095.25
2021-09-26 16:00:00+00:00,51770.5
2021-09-26 17:00:00+00:00,53447.25
2021-09-26 18:00:00+00:00,52125.5
2021-09-26 19:00:00+00:00,49895.75
2021-09-26 20:00:00+00:00,47941.5
2021-09-26 21:00:00+00:00,45223.25
2021-09-26 22:00:00+00:00,43309.0
2021-09-26 23:00:00+00:00,42152.75
2021-09-27 00:00:00+00:00,41801.75
2021-09-27 01:00:00+00:00,41985.75
2021-09-27 02:00:00+00:00,43618.25
2021-09-27 03:00:00+00:00,47718.25
2021-09-27 04:00:00+00:00,56744.5
2021-09-27 05:00:00+00:00,62249.5
2021-09-27 06:00:00+00:00,65110.0
2021-09-27 07:00:00+00:00,65871.75
2021-09-27 08:00:00+00:00,66545.75
2021-09-27 09:00:00+00:00,67866.75
2021-09-27 10:00:00+00:00,67608.5
2021-09-27 11:00:00+00:00,67031.75
2021-09-27 12:00:00+00:00,66411.0
2021-09-27 13:00:00+00:00,65044.5
2021-09-27 14:00:00+00:00,63671.5
2021-09-27 15:00:00+00:00,63976.25
2021-09-27 16:00:00+00:00,64447.0
2021-09-27 17:00:00+00:00,65623.5
2021-09-27 18:00:00+00:00,62665.0
2021-09-27 19:00:00+00:00,58296.5
2021-09-27 20:00:00+00:00,53741.25
2021-09-27 21:00:00+00:00,49899.5
2021-09-27 22:00:00+00:00,47589.0
2021-09-27 23:00:00+00:00,46068.0
2021-09-28 00:00:00+00:00,45442.75
2021-09-28 01:00:00+00:00,45116.5
2021-09-28 02:00:00+00:00,46309.25
2021-09-28 03:00:00+00:00,49776.75
2021-09-28 04:00:00+00:00,57556.25
2021-09-28 05:00:00+00:00,62823.0
2021-09-28 06:00:00+00:00,65276.25
2021-09-28 07:00:00+00:00,65717.75
2021-09-28 08:00:00+00:00,66386.75
2021-09-28 09:00:00+00:00,67296.0
2021-09-28 10:00:00+00:00,66620.0
2021-09-28 11:00:00+00:00,65563.5
2021-09-28 12:00:00+00:00,64071.75
2021-09-28 13:00:00+00:00,62934.25
2021-09-28 14:00:00+00:00,61511.0
2021-09-28 15:00:00+00:00,62074.5
2021-09-28 16:00:00+00:00,62658.25
2021-09-28 17:00:00+00:00,64233.5
2021-09-28 18:00:00+00:00,61988.5
2021-09-28 19:00:00+00:00,57509.0
2021-09-28 20:00:00+00:00,53028.75
2021-09-28 21:00:00+00:00,49109.0
2021-09-28 22:00:00+00:00,46871.25
2021-09-28 23:00:00+00:00,45608.25
2021-09-29 00:00:00+00:00,44452.0
2021-09-29 01:00:00+00:00,44607.75
2021-09-29 02:00:00+00:00,45927.25
2021-09-29 03:00:00+00:00,50162.0
2021-09-29 04:00:00+00:00,57733.25
2021-09-29 05:00:00+00:00,63288.0
2021-09-29 06:00:00+00:00,65928.5
2021-09-29 07:00:00+00:00,66773.0
2021-09-29 08:00:00+00:00,67819.5
2021-09-29 09:00:00+00:00,68954.5
2021-09-29 10:00:00+00:00,68928.25
2021-09-29 11:00:00+00:00,67629.75
2021-09-29 12:00:00+00:00,66871.75
2021-09-29 13:00:00+00:00,66230.25
2021-09-29 14:00:00+00:00,65066.25
2021-09-29 15:00:00+00:00,66579.25
2021-09-29 16:00:00+00:00,66489.0
2021-09-29 17:00:00+00:00,67769.0
2021-09-29 18:00:00+00:00,65350.25
2021-09-29 19:00:00+00:00,61242.75
2021-09-29 20:00:00+00:00,56835.75
2021-09-29 21:00:00+00:00,53045.5
2021-09-29 22:00:00+00:00,49688.75
2021-09-29 23:00:00+00:00,48288.5
2021-09-30 00:00:00+00:00,47690.25
2021-09-30 01:00:00+00:00,48053.25
2021-09-30 02:00:00+00:00,49152.25
2021-09-30 03:00:00+00:00,53227.25
2021-09-30 04:00:00+00:00,60843.5
2021-09-30 05:00:00+00:00,65368.5
2021-09-30 06:00:00+00:00,67566.75
2021-09-30 07:00:00+00:00,68038.75
2021-09-30 08:00:00+00:00,68837.75
2021-09-30 09:00:00+00:00,68545.75
2021-09-30 10:00:00+00:00,67570.0
2021-09-30 11:00:00+00:00,66559.75
2021-09-30 12:00:00+00:00,65243.75
2021-09-30 13:00:00+00:00,64358.5
2021-09-30 14:00:00+00:00,63645.25
2021-09-30 15:00:00+00:00,63753.0
2021-09-30 16:00:00+00:00,64464.25
2021-09-30 17:00:00+00:00,66223.5
2021-09-30 18:00:00+00:00,63763.75
2021-09-30 19:00:00+00:00,59546.0
2021-09-30 20:00:00+00:00,55624.25
2021-09-30 21:00:00+00:00,51988.5
2021-09-30 22:00:00+00:00,49024.75
2021-09-30 23:00:00+00:00,47412.0
2021-10-01 00:00:00+00:00,47035.5
2021-10-01 01:00:00+00:00,47510.0
2021-10-01 02:00:00+00:00,48798.0
2021-10-01 03:00:00+00:00,52428.5
2021-10-01 04:00:00+00:00,60348.0
2021-10-01 05:00:00+00:00,65472.25
2021-10-01 06:00:00+00:00,67782.0
2021-10-01 07:00:00+00:00,67438.25
2021-10-01 08:00:00+00:00,67953.0
2021-10-01 09:00:00+00:00,67814.75
2021-10-01 10:00:00+00:00,67184.25
2021-10-01 11:00:00+00:00,65843.5
2021-10-01 12:00:00+00:00,64282.75
2021-10-01 13:00:00+00:00,63071.75
2021-10-01 14:00:00+00:00,62170.0
2021-10-01 15:00:00+00:00,62641.0
2021-10-01 16:00:00+00:00,63155.5
2021-10-01 17:00:00+00:00,65042.25
2021-10-01 18:00:00+00:00,62329.5
2021-10-01 19:00:00+00:00,58079.25
2021-10-01 20:00:00+00:00,53933.25
2021-10-01 21:00:00+00:00,50026.25
2021-10-01 22:00:00+00:00,47148.5
2021-10-01 23:00:00+00:00,45111.75
2021-10-02 00:00:00+00:00,44066.75
2021-10-02 01:00:00+00:00,43431.5
2021-10-02 02:00:00+00:00,43031.25
2021-10-02 03:00:00+00:00,43629.75
2021-10-02 04:00:00+00:00,45918.75
2021-10-02 05:00:00+00:00,48667.75
2021-10-02 06:00:00+00:00,52169.5
2021-10-02 07:00:00+00:00,54616.25
2021-10-02 08:00:00+00:00,55893.75
2021-10-02 09:00:00+00:00,56064.25
2021-10-02 10:00:00+00:00,55015.0
2021-10-02 11:00:00+00:00,53522.0
2021-10-02 12:00:00+00:00,52254.0
2021-10-02 13:00:00+00:00,51387.25
2021-10-02 14:00:00+00:00,51352.5
2021-10-02 15:00:00+00:00,52666.5
2021-10-02 16:00:00+00:00,54836.0
2021-10-02 17:00:00+00:00,56957.5
2021-10-02 18:00:00+00:00,55086.75
2021-10-02 19:00:00+00:00,52089.75
2021-10-02 20:00:00+00:00,50147.75
2021-10-02 21:00:00+00:00,47701.25
2021-10-02 22:00:00+00:00,44941.25
2021-10-02 23:00:00+00:00,43082.0
2021-10-03 00:00:00+00:00,41791.5
2021-10-03 01:00:00+00:00,41685.0
2021-10-03 02:00:00+00:00,41727.75
2021-10-03 03:00:00+00:00,42620.0
2021-10-03 04:00:00+00:00,43916.0
2021-10-03 05:00:00+00:00,45754.25
2021-10-03 06:00:00+00:00,49463.5
2021-10-03 07:00:00+00:00,52625.75
2021-10-03 08:00:00+00:00,54031.0
2021-10-03 09:00:00+00:00,55909.75
2021-10-03 10:00:00+00:00,55717.75
2021-10-03 11:00:00+00:00,54058.0
2021-10-03 12:00:00+00:00,52475.0
2021-10-03 13:00:00+00:00,51492.0
2021-10-03 14:00:00+00:00,51179.0
2021-10-03 15:00:00+00:00,53363.75
2021-10-03 16:00:00+00:00,55583.25
2021-10-03 17:00:00+00:00,57096.75
2021-10-03 18:00:00+00:00,54081.0
2021-10-03 19:00:00+00:00,51451.25
2021-10-03 20:00:00+00:00,50058.0
2021-10-03 21:00:00+00:00,47108.25
2021-10-03 22:00:00+00:00,44698.75
2021-10-03 23:00:00+00:00,42829.0
2021-10-04 00:00:00+00:00,41421.75
2021-10-04 01:00:00+00:00,41893.5
2021-10-04 02:00:00+00:00,43244.75
2021-10-04 03:00:00+00:00,47385.25
2021-10-04 04:00:00+00:00,56835.75
2021-10-04 05:00:00+00:00,62544.5
2021-10-04 06:00:00+00:00,65470.5
2021-10-04 07:00:00+00:00,66506.5
2021-10-04 08:00:00+00:00,67843.5
2021-10-04 09:00:00+00:00,68187.5
2021-10-04 10:00:00+00:00,67525.75
2021-10-04 11:00:00+00:00,66588.5
2021-10-04 12:00:00+00:00,65285.75
2021-10-04 13:00:00+00:00,64420.0
2021-10-04 14:00:00+00:00,62888.75
2021-10-04 15:00:00+00:00,63191.0
2021-10-04 16:00:00+00:00,64220.0
2021-10-04 17:00:00+00:00,66153.0
2021-10-04 18:00:00+00:00,62688.5
2021-10-04 19:00:00+00:00,58562.25
2021-10-04 20:00:00+00:00,54421.75
2021-10-04 21:00:00+00:00,50386.25
2021-10-04 22:00:00+00:00,47414.5
2021-10-04 23:00:00+00:00,45989.5
2021-10-05 00:00:00+00:00,45004.75
2021-10-05 01:00:00+00:00,45274.75
2021-10-05 02:00:00+00:00,46703.5
2021-10-05 03:00:00+00:00,50676.75
2021-10-05 04:00:00+00:00,58702.25
2021-10-05 05:00:00+00:00,64250.75
2021-10-05 06:00:00+00:00,67142.0
2021-10-05 07:00:00+00:00,67760.25
2021-10-05 08:00:00+00:00,68153.75
2021-10-05 09:00:00+00:00,69226.0
2021-10-05 10:00:00+00:00,68888.25
2021-10-05 11:00:00+00:00,67883.5
2021-10-05 12:00:00+00:00,67155.25
2021-10-05 13:00:00+00:00,66842.75
2021-10-05 14:00:00+00:00,65820.25
2021-10-05 15:00:00+00:00,66204.25
2021-10-05 16:00:00+00:00,66973.75
2021-10-05 17:00:00+00:00,67784.75
2021-10-05 18:00:00+00:00,64624.25
2021-10-05 19:00:00+00:00,60066.75
2021-10-05 20:00:00+00:00,55388.0
2021-10-05 21:00:00+00:00,51854.25
2021-10-05 22:00:00+00:00,49228.0
2021-10-05 23:00:00+00:00,47305.75
2021-10-06 00:00:00+00:00,46918.75
2021-10-06 01:00:00+00:00,46957.25
2021-10-06 02:00:00+00:00,48428.0
2021-10-06 03:00:00+00:00,52330.25
2021-10-06 04:00:00+00:00,59875.0
2021-10-06 05:00:00+00:00,65406.75
2021-10-06 06:00:00+00:00,67536.25
2021-10-06 07:00:00+00:00,67978.0
2021-10-06 08:00:00+00:00,69012.5
2021-10-06 09:00:00+00:00,70228.5
2021-10-06 10:00:00+00:00,69101.25
2021-10-06 11:00:00+00:00,67841.75
2021-10-06 12:00:00+00:00,66141.5
2021-10-06 13:00:00+00:00,65193.5
2021-10-06 14:00:00+00:00,63638.75
2021-10-06 15:00:00+00:00,63593.0
2021-10-06 16:00:00+00:00,64656.75
2021-10-06 17:00:00+00:00,65978.25
2021-10-06 18:00:00+00:00,62332.75
2021-10-06 19:00:00+00:00,58112.5
2021-10-06 20:00:00+00:00,54288.0
2021-10-06 21:00:00+00:00,50159.25
2021-10-06 22:00:00+00:00,47524.0
2021-10-06 23:00:00+00:00,45706.25
2021-10-07 00:00:00+00:00,44951.5
2021-10-07 01:00:00+00:00,44908.25
2021-10-07 02:00:00+00:00,46470.75
2021-10-07 03:00:00+00:00,50502.5
2021-10-07 04:00:00+00:00,58532.25
2021-10-07 05:00:00+00:00,64261.75
2021-10-07 06:00:00+00:00,66100.25
2021-10-07 07:00:00+00:00,66553.75
2021-10-07 08:00:00+00:00,67338.25
2021-10-07 09:00:00+00:00,68131.75
2021-10-07 10:00:00+00:00,67455.25
2021-10-07 11:00:00+00:00,66199.5
2021-10-07 12:00:00+00:00,65180.5
2021-10-07 13:00:00+00:00,63919.25
2021-10-07 14:00:00+00:00,62692.0
2021-10-07 15:00:00+00:00,63462.5
2021-10-07 16:00:00+00:00,64386.5
2021-10-07 17:00:00+00:00,66000.5
2021-10-07 18:00:00+00:00,62508.0
2021-10-07 19:00:00+00:00,58109.5
2021-10-07 20:00:00+00:00,53740.5
2021-10-07 21:00:00+00:00,50104.75
2021-10-07 22:00:00+00:00,47497.25
2021-10-07 23:00:00+00:00,45492.5
2021-10-08 00:00:00+00:00,44778.5
2021-10-08 01:00:00+00:00,45008.5
2021-10-08 02:00:00+00:00,46606.25
2021-10-08 03:00:00+00:00,50006.0
2021-10-08 04:00:00+00:00,57860.0
2021-10-08 05:00:00+00:00,63182.25
2021-10-08 06:00:00+00:00,65549.5
2021-10-08 07:00:00+00:00,65988.75
2021-10-08 08:00:00+00:00,66556.25
2021-10-08 09:00:00+00:00,66809.75
2021-10-08 10:00:00+00:00,65898.5
2021-10-08 11:00:00+00:00,63904.5
2021-10-08 12:00:00+00:00,62369.25
2021-10-08 13:00:00+00:00,61267.5
2021-10-08 14:00:00+00:00,60009.5
2021-10-08 15:00:00+00:00,60746.25
2021-10-08 16:00:00+00:00,62080.25
2021-10-08 17:00:00+00:00,63652.25
2021-10-08 18:00:00+00:00,60533.0
2021-10-08 19:00:00+00:00,56922.75
2021-10-08 20:00:00+00:00,53441.5
2021-10-08 21:00:00+00:00,49441.75
2021-10-08 22:00:00+00:00,46001.5
2021-10-08 23:00:00+00:00,44034.25
2021-10-09 00:00:00+00:00,43162.25
2021-10-09 01:00:00+00:00,43064.75
2021-10-09 02:00:00+00:00,43406.25
2021-10-09 03:00:00+00:00,44223.5
2021-10-09 04:00:00+00:00,45910.0
2021-10-09 05:00:00+00:00,48488.0
2021-10-09 06:00:00+00:00,52387.0
2021-10-09 07:00:00+00:00,54431.25
2021-10-09 08:00:00+00:00,55393.75
2021-10-09 09:00:00+00:00,55960.5
2021-10-09 10:00:00+00:00,55231.5
2021-10-09 11:00:00+00:00,53310.0
2021-10-09 12:00:00+00:00,51485.5
2021-10-09 13:00:00+00:00,50405.75
2021-10-09 14:00:00+00:00,49866.25
2021-10-09 15:00:00+00:00,51938.5
2021-10-09 16:00:00+00:00,54254.0
2021-10-09 17:00:00+00:00,56312.75
2021-10-09 18:00:00+00:00,54076.25
2021-10-09 19:00:00+00:00,51147.0
2021-10-09 20:00:00+00:00,49577.5
2021-10-09 21:00:00+00:00,46373.5
2021-10-09 22:00:00+00:00,43870.0
2021-10-09 23:00:00+00:00,42381.25
2021-10-10 00:00:00+00:00,41441.0
2021-10-10 01:00:00+00:00,41092.75
2021-10-10 02:00:00+00:00,41159.5
2021-10-10 03:00:00+00:00,41239.0
2021-10-10 04:00:00+00:00,41459.75
2021-10-10 05:00:00+00:00,43332.25
2021-10-10 06:00:00+00:00,46500.5
2021-10-10 07:00:00+00:00,49556.0
2021-10-10 08:00:00+00:00,51220.25
2021-10-10 09:00:00+00:00,53019.25
2021-10-10 10:00:00+00:00,52304.0
2021-10-10 11:00:00+00:00,49818.0
2021-10-10 12:00:00+00:00,48004.5
2021-10-10 13:00:00+00:00,47513.0
2021-10-10 14:00:00+00:00,47647.5
2021-10-10 15:00:00+00:00,49958.25
2021-10-10 16:00:00+00:00,53266.75
2021-10-10 17:00:00+00:00,55999.0
2021-10-10 18:00:00+00:00,54056.5
2021-10-10 19:00:00+00:00,52461.75
2021-10-10 20:00:00+00:00,50967.5
2021-10-10 21:00:00+00:00,48233.0
2021-10-10 22:00:00+00:00,45500.75
2021-10-10 23:00:00+00:00,44013.5
2021-10-11 00:00:00+00:00,43866.75
2021-10-11 01:00:00+00:00,44305.5
2021-10-11 02:00:00+00:00,45711.25
2021-10-11 03:00:00+00:00,49964.75
2021-10-11 04:00:00+00:00,58360.0
2021-10-11 05:00:00+00:00,64496.25
2021-10-11 06:00:00+00:00,67078.5
2021-10-11 07:00:00+00:00,68058.0
2021-10-11 08:00:00+00:00,68830.0
2021-10-11 09:00:00+00:00,69433.25
2021-10-11 10:00:00+00:00,69557.0
2021-10-11 11:00:00+00:00,68812.5
2021-10-11 12:00:00+00:00,67374.75
2021-10-11 13:00:00+00:00,66049.0
2021-10-11 14:00:00+00:00,65099.0
2021-10-11 15:00:00+00:00,65885.0
2021-10-11 16:00:00+00:00,67586.75
2021-10-11 17:00:00+00:00,68799.25
2021-10-11 18:00:00+00:00,65654.25
2021-10-11 19:00:00+00:00,61608.5
2021-10-11 20:00:00+00:00,57567.0
2021-10-11 21:00:00+00:00,53263.25
2021-10-11 22:00:00+00:00,50895.75
2021-10-11 23:00:00+00:00,49153.0
2021-10-12 00:00:00+00:00,48528.0
2021-10-12 01:00:00+00:00,48729.0
2021-10-12 02:00:00+00:00,49965.0
2021-10-12 03:00:00+00:00,53803.0
2021-10-12 04:00:00+00:00,61400.0
2021-10-12 05:00:00+00:00,67407.5
2021-10-12 06:00:00+00:00,69395.75
2021-10-12 07:00:00+00:00,70312.25
2021-10-12 08:00:00+00:00,71124.0
2021-10-12 09:00:00+00:00,72097.25
2021-10-12 10:00:00+00:00,72113.0
2021-10-12 11:00:00+00:00,70955.5
2021-10-12 12:00:00+00:00,69562.75
2021-10-12 13:00:00+00:00,67954.75
2021-10-12 14:00:00+00:00,66729.0
2021-10-12 15:00:00+00:00,67426.25
2021-10-12 16:00:00+00:00,68071.0
2021-10-12 17:00:00+00:00,68938.5
2021-10-12 18:00:00+00:00,65225.5
2021-10-12 19:00:00+00:00,61287.0
2021-10-12 20:00:00+00:00,57528.5
2021-10-12 21:00:00+00:00,53601.25
2021-10-12 22:00:00+00:00,50500.0
2021-10-12 23:00:00+00:00,48708.25
2021-10-13 00:00:00+00:00,48026.5
2021-10-13 01:00:00+00:00,48639.75
2021-10-13 02:00:00+00:00,50206.75
2021-10-13 03:00:00+00:00,53725.25
2021-10-13 04:00:00+00:00,61252.75
2021-10-13 05:00:00+00:00,66969.25
2021-10-13 06:00:00+00:00,68906.5
2021-10-13 07:00:00+00:00,69222.5
2021-10-13 08:00:00+00:00,69578.25
2021-10-13 09:00:00+00:00,70083.5
2021-10-13 10:00:00+00:00,69532.75
2021-10-13 11:00:00+00:00,68691.0
2021-10-13 12:00:00+00:00,66918.0
2021-10-13 13:00:00+00:00,66264.5
2021-10-13 14:00:00+00:00,65176.75
2021-10-13 15:00:00+00:00,65590.0
2021-10-13 16:00:00+00:00,67558.5
2021-10-13 17:00:00+00:00,68947.5
2021-10-13 18:00:00+00:00,65848.5
2021-10-13 19:00:00+00:00,61888.5
2021-10-13 20:00:00+00:00,58328.0
2021-10-13 21:00:00+00:00,53757.25
2021-10-13 22:00:00+00:00,50730.5
2021-10-13 23:00:00+00:00,48752.75
2021-10-14 00:00:00+00:00,48395.75
2021-10-14 01:00:00+00:00,48731.0
2021-10-14 02:00:00+00:00,50527.75
2021-10-14 03:00:00+00:00,54100.25
2021-10-14 04:00:00+00:00,61552.5
2021-10-14 05:00:00+00:00,67302.5
2021-10-14 06:00:00+00:00,69336.25
2021-10-14 07:00:00+00:00,70323.0
2021-10-14 08:00:00+00:00,71702.0
2021-10-14 09:00:00+00:00,72949.75
2021-10-14 10:00:00+00:00,71934.0
2021-10-14 11:00:00+00:00,70885.5
2021-10-14 12:00:00+00:00,68890.0
2021-10-14 13:00:00+00:00,68471.5
2021-10-14 14:00:00+00:00,67444.25
2021-10-14 15:00:00+00:00,67848.0
2021-10-14 16:00:00+00:00,69692.25
2021-10-14 17:00:00+00:00,70590.25
2021-10-14 18:00:00+00:00,66686.0
2021-10-14 19:00:00+00:00,62300.0
2021-10-14 20:00:00+00:00,58334.5
2021-10-14 21:00:00+00:00,54849.5
2021-10-14 22:00:00+00:00,52284.25
2021-10-14 23:00:00+00:00,50878.75
2021-10-15 00:00:00+00:00,50186.75
2021-10-15 01:00:00+00:00,50600.75
2021-10-15 02:00:00+00:00,51961.0
2021-10-15 03:00:00+00:00,54982.5
2021-10-15 04:00:00+00:00,62377.75
2021-10-15 05:00:00+00:00,68546.25
2021-10-15 06:00:00+00:00,71290.75
2021-10-15 07:00:00+00:00,71757.0
2021-10-15 08:00:00+00:00,72478.75
2021-10-15 09:00:00+00:00,72725.75
2021-10-15 10:00:00+00:00,71208.0
2021-10-15 11:00:00+00:00,69061.0
2021-10-15 12:00:00+00:00,66870.75
2021-10-15 13:00:00+00:00,65714.75
2021-10-15 14:00:00+00:00,64699.25
2021-10-15 15:00:00+00:00,64887.75
2021-10-15 16:00:00+00:00,66213.5
2021-10-15 17:00:00+00:00,67509.75
2021-10-15 18:00:00+00:00,63525.0
2021-10-15 19:00:00+00:00,59805.0
2021-10-15 20:00:00+00:00,56319.25
2021-10-15 21:00:00+00:00,52470.5
2021-10-15 22:00:00+00:00,49595.0
2021-10-15 23:00:00+00:00,47927.25
2021-10-16 00:00:00+00:00,46716.0
2021-10-16 01:00:00+00:00,46901.5
2021-10-16 02:00:00+00:00,46906.25
2021-10-16 03:00:00+00:00,47214.0
2021-10-16 04:00:00+00:00,48939.75
2021-10-16 05:00:00+00:00,51839.0
2021-10-16 06:00:00+00:00,54871.75
2021-10-16 07:00:00+00:00,57137.25
2021-10-16 08:00:00+00:00,58734.0
2021-10-16 09:00:00+00:00,59052.75
2021-10-16 10:00:00+00:00,58622.75
2021-10-16 11:00:00+00:00,56770.0
2021-10-16 12:00:00+00:00,55064.5
2021-10-16 13:00:00+00:00,54273.75
2021-10-16 14:00:00+00:00,53723.75
2021-10-16 15:00:00+00:00,55338.25
2021-10-16 16:00:00+00:00,57922.25
2021-10-16 17:00:00+00:00,58309.5
2021-10-16 18:00:00+00:00,55094.75
2021-10-16 19:00:00+00:00,52995.75
2021-10-16 20:00:00+00:00,50868.25
2021-10-16 21:00:00+00:00,48153.5
2021-10-16 22:00:00+00:00,46128.5
2021-10-16 23:00:00+00:00,44330.25
2021-10-17 00:00:00+00:00,43262.75
2021-10-17 01:00:00+00:00,42879.5
2021-10-17 02:00:00+00:00,42594.5
2021-10-17 03:00:00+00:00,42714.5
2021-10-17 04:00:00+00:00,43614.25
2021-10-17 05:00:00+00:00,45684.75
2021-10-17 06:00:00+00:00,48334.25
2021-10-17 07:00:00+00:00,51437.0
2021-10-17 08:00:00+00:00,53050.75
2021-10-17 09:00:00+00:00,54913.75
2021-10-17 10:00:00+00:00,54530.75
2021-10-17 11:00:00+00:00,52805.0
2021-10-17 12:00:00+00:00,51283.0
2021-10-17 13:00:00+00:00,49889.75
2021-10-17 14:00:00+00:00,50044.25
2021-10-17 15:00:00+00:00,52345.25
2021-10-17 16:00:00+00:00,55710.0
2021-10-17 17:00:00+00:00,56084.0
2021-10-17 18:00:00+00:00,54175.25
2021-10-17 19:00:00+00:00,51922.5
2021-10-17 20:00:00+00:00,50809.5
2021-10-17 21:00:00+00:00,48397.75
2021-10-17 22:00:00+00:00,45890.25
2021-10-17 23:00:00+00:00,44413.5
2021-10-18 00:00:00+00:00,43959.5
2021-10-18 01:00:00+00:00,44617.5
2021-10-18 02:00:00+00:00,46559.75
2021-10-18 03:00:00+00:00,49868.25
2021-10-18 04:00:00+00:00,57887.5
2021-10-18 05:00:00+00:00,63979.25
2021-10-18 06:00:00+00:00,66771.5
2021-10-18 07:00:00+00:00,67623.0
2021-10-18 08:00:00+00:00,68640.0
2021-10-18 09:00:00+00:00,69193.25
2021-10-18 10:00:00+00:00,68529.75
2021-10-18 11:00:00+00:00,67451.0
2021-10-18 12:00:00+00:00,65653.0
2021-10-18 13:00:00+00:00,64971.25
2021-10-18 14:00:00+00:00,63955.25
2021-10-18 15:00:00+00:00,64225.75
2021-10-18 16:00:00+00:00,66884.25
2021-10-18 17:00:00+00:00,67755.25
2021-10-18 18:00:00+00:00,64574.5
2021-10-18 19:00:00+00:00,61307.75
2021-10-18 20:00:00+00:00,57463.0
2021-10-18 21:00:00+00:00,53001.5
2021-10-18 22:00:00+00:00,50120.75
2021-10-18 23:00:00+00:00,48677.75
2021-10-19 00:00:00+00:00,47854.5
2021-10-19 01:00:00+00:00,48080.5
2021-10-19 02:00:00+00:00,49639.0
2021-10-19 03:00:00+00:00,53046.25
2021-10-19 04:00:00+00:00,60393.75
2021-10-19 05:00:00+00:00,66566.5
2021-10-19 06:00:00+00:00,69271.25
2021-10-19 07:00:00+00:00,70056.0
2021-10-19 08:00:00+00:00,71119.0
2021-10-19 09:00:00+00:00,72201.25
2021-10-19 10:00:00+00:00,71675.5
2021-10-19 11:00:00+00:00,70828.0
2021-10-19 12:00:00+00:00,69558.5
2021-10-19 13:00:00+00:00,68452.5
2021-10-19 14:00:00+00:00,67513.0
2021-10-19 15:00:00+00:00,68178.25
2021-10-19 16:00:00+00:00,70181.25
2021-10-19 17:00:00+00:00,70910.25
2021-10-19 18:00:00+00:00,66860.25
2021-10-19 19:00:00+00:00,63163.75
2021-10-19 20:00:00+00:00,59137.25
2021-10-19 21:00:00+00:00,55008.25
2021-10-19 22:00:00+00:00,52144.0
2021-10-19 23:00:00+00:00,50402.5
2021-10-20 00:00:00+00:00,49739.0
2021-10-20 01:00:00+00:00,49691.75
2021-10-20 02:00:00+00:00,51233.75
2021-10-20 03:00:00+00:00,55353.5
2021-10-20 04:00:00+00:00,62861.75
2021-10-20 05:00:00+00:00,68605.75
2021-10-20 06:00:00+00:00,70768.0
2021-10-20 07:00:00+00:00,71062.0
2021-10-20 08:00:00+00:00,71743.5
2021-10-20 09:00:00+00:00,72530.75
2021-10-20 10:00:00+00:00,72670.75
2021-10-20 11:00:00+00:00,72093.25
2021-10-20 12:00:00+00:00,70449.5
2021-10-20 13:00:00+00:00,69998.5
2021-10-20 14:00:00+00:00,68817.0
2021-10-20 15:00:00+00:00,69948.25
2021-10-20 16:00:00+00:00,71931.5
2021-10-20 17:00:00+00:00,71482.0
2021-10-20 18:00:00+00:00,67077.25
2021-10-20 19:00:00+00:00,63102.25
2021-10-20 20:00:00+00:00,59587.75
2021-10-20 21:00:00+00:00,55579.75
2021-10-20 22:00:00+00:00,52374.75
2021-10-20 23:00:00+00:00,50230.75
2021-10-21 00:00:00+00:00,49577.75
2021-10-21 01:00:00+00:00,50031.25
2021-10-21 02:00:00+00:00,51722.75
2021-10-21 03:00:00+00:00,55718.0
2021-10-21 04:00:00+00:00,63571.75
2021-10-21 05:00:00+00:00,70071.0
2021-10-21 06:00:00+00:00,73110.25
2021-10-21 07:00:00+00:00,73219.5
2021-10-21 08:00:00+00:00,73626.5
2021-10-21 09:00:00+00:00,74627.75
2021-10-21 10:00:00+00:00,74423.25
2021-10-21 11:00:00+00:00,73166.0
2021-10-21 12:00:00+00:00,71692.5
2021-10-21 13:00:00+00:00,70798.75
2021-10-21 14:00:00+00:00,68972.75
2021-10-21 15:00:00+00:00,69281.25
2021-10-21 16:00:00+00:00,70971.75
2021-10-21 17:00:00+00:00,70663.5
2021-10-21 18:00:00+00:00,66860.5
2021-10-21 19:00:00+00:00,63122.75
2021-10-21 20:00:00+00:00,59739.25
2021-10-21 21:00:00+00:00,55895.0
2021-10-21 22:00:00+00:00,52929.75
2021-10-21 23:00:00+00:00,51620.25
2021-10-22 00:00:00+00:00,50757.25
2021-10-22 01:00:00+00:00,51122.75
2021-10-22 02:00:00+00:00,52666.75
2021-10-22 03:00:00+00:00,55734.5
2021-10-22 04:00:00+00:00,62376.25
2021-10-22 05:00:00+00:00,68225.75
2021-10-22 06:00:00+00:00,71314.0
2021-10-22 07:00:00+00:00,71997.75
2021-10-22 08:00:00+00:00,72614.5
2021-10-22 09:00:00+00:00,72593.75
2021-10-22 10:00:00+00:00,72429.0
2021-10-22 11:00:00+00:00,70809.75
2021-10-22 12:00:00+00:00,69182.75
2021-10-22 13:00:00+00:00,67855.0
2021-10-22 14:00:00+00:00,67367.0
2021-10-22 15:00:00+00:00,67529.25
2021-10-22 16:00:00+00:00,69330.0
2021-10-22 17:00:00+00:00,68700.0
2021-10-22 18:00:00+00:00,64940.5
2021-10-22 19:00:00+00:00,61239.5
2021-10-22 20:00:00+00:00,58006.0
2021-10-22 21:00:00+00:00,54451.5
2021-10-22 22:00:00+00:00,50990.75
2021-10-22 23:00:00+00:00,49275.75
2021-10-23 00:00:00+00:00,48148.5
2021-10-23 01:00:00+00:00,47799.5
2021-10-23 02:00:00+00:00,48603.0
2021-10-23 03:00:00+00:00,49086.5
2021-10-23 04:00:00+00:00,50635.0
2021-10-23 05:00:00+00:00,52643.75
2021-10-23 06:00:00+00:00,55737.0
2021-10-23 07:00:00+00:00,58647.5
2021-10-23 08:00:00+00:00,59758.75
2021-10-23 09:00:00+00:00,60172.5
2021-10-23 10:00:00+00:00,59102.75
2021-10-23 11:00:00+00:00,56891.0
2021-10-23 12:00:00+00:00,55152.0
2021-10-23 13:00:00+00:00,53817.5
2021-10-23 14:00:00+00:00,53708.0
2021-10-23 15:00:00+00:00,55265.0
2021-10-23 16:00:00+00:00,57869.25
2021-10-23 17:00:00+00:00,58068.75
2021-10-23 18:00:00+00:00,54848.75
2021-10-23 19:00:00+00:00,52110.75
2021-10-23 20:00:00+00:00,50159.25
2021-10-23 21:00:00+00:00,47390.25
2021-10-23 22:00:00+00:00,44944.5
2021-10-23 23:00:00+00:00,42335.0
2021-10-24 00:00:00+00:00,41679.5
2021-10-24 01:00:00+00:00,41751.75
2021-10-24 02:00:00+00:00,42073.5
2021-10-24 03:00:00+00:00,41952.0
2021-10-24 04:00:00+00:00,42804.5
2021-10-24 05:00:00+00:00,44475.75
2021-10-24 06:00:00+00:00,47519.25
2021-10-24 07:00:00+00:00,50894.5
2021-10-24 08:00:00+00:00,53282.5
2021-10-24 09:00:00+00:00,54584.25
2021-10-24 10:00:00+00:00,53615.0
2021-10-24 11:00:00+00:00,51589.0
2021-10-24 12:00:00+00:00,49997.5
2021-10-24 13:00:00+00:00,49447.5
2021-10-24 14:00:00+00:00,49524.25
2021-10-24 15:00:00+00:00,52489.5
2021-10-24 16:00:00+00:00,57963.25
2021-10-24 17:00:00+00:00,58924.0
2021-10-24 18:00:00+00:00,56188.0
2021-10-24 19:00:00+00:00,54291.25
2021-10-24 20:00:00+00:00,53931.5
2021-10-24 21:00:00+00:00,51403.75
2021-10-24 22:00:00+00:00,48862.25
2021-10-24 23:00:00+00:00,46661.25
2021-10-25 00:00:00+00:00,46213.5
2021-10-25 01:00:00+00:00,46733.75
2021-10-25 02:00:00+00:00,48685.75
2021-10-25 03:00:00+00:00,52585.75
2021-10-25 04:00:00+00:00,61106.0
2021-10-25 05:00:00+00:00,67137.0
2021-10-25 06:00:00+00:00,69835.25
2021-10-25 07:00:00+00:00,70276.5
2021-10-25 08:00:00+00:00,69892.0
2021-10-25 09:00:00+00:00,70149.75
2021-10-25 10:00:00+00:00,68744.5
2021-10-25 11:00:00+00:00,67670.5
2021-10-25 12:00:00+00:00,66296.5
2021-10-25 13:00:00+00:00,65522.25
2021-10-25 14:00:00+00:00,64758.5
2021-10-25 15:00:00+00:00,66104.5
2021-10-25 16:00:00+00:00,68853.5
2021-10-25 17:00:00+00:00,68760.5
2021-10-25 18:00:00+00:00,65146.25
2021-10-25 19:00:00+00:00,61982.75
2021-10-25 20:00:00+00:00,58501.0
2021-10-25 21:00:00+00:00,54564.5
2021-10-25 22:00:00+00:00,52028.25
2021-10-25 23:00:00+00:00,49247.0
2021-10-26 00:00:00+00:00,48733.75
2021-10-26 01:00:00+00:00,49175.0
2021-10-26 02:00:00+00:00,50229.0
2021-10-26 03:00:00+00:00,53571.75
2021-10-26 04:00:00+00:00,61623.25
2021-10-26 05:00:00+00:00,67488.0
2021-10-26 06:00:00+00:00,70053.25
2021-10-26 07:00:00+00:00,70585.25
2021-10-26 08:00:00+00:00,71145.25
2021-10-26 09:00:00+00:00,71802.0
2021-10-26 10:00:00+00:00,71761.5
2021-10-26 11:00:00+00:00,70870.25
2021-10-26 12:00:00+00:00,70055.25
2021-10-26 13:00:00+00:00,68015.0
2021-10-26 14:00:00+00:00,67170.5
2021-10-26 15:00:00+00:00,67731.75
2021-10-26 16:00:00+00:00,69798.75
2021-10-26 17:00:00+00:00,69969.25
2021-10-26 18:00:00+00:00,66812.0
2021-10-26 19:00:00+00:00,63505.25
2021-10-26 20:00:00+00:00,60315.0
2021-10-26 21:00:00+00:00,56262.25
2021-10-26 22:00:00+00:00,52831.5
2021-10-26 23:00:00+00:00,50920.75
2021-10-27 00:00:00+00:00,49611.75
2021-10-27 01:00:00+00:00,50135.0
2021-10-27 02:00:00+00:00,51951.0
2021-10-27 03:00:00+00:00,55506.25
2021-10-27 04:00:00+00:00,63053.5
2021-10-27 05:00:00+00:00,69646.75
2021-10-27 06:00:00+00:00,71828.25
2021-10-27 07:00:00+00:00,72160.75
2021-10-27 08:00:00+00:00,72865.25
2021-10-27 09:00:00+00:00,73172.0
2021-10-27 10:00:00+00:00,72102.0
2021-10-27 11:00:00+00:00,70611.5
2021-10-27 12:00:00+00:00,69058.5
2021-10-27 13:00:00+00:00,68212.25
2021-10-27 14:00:00+00:00,66967.0
2021-10-27 15:00:00+00:00,67899.25
2021-10-27 16:00:00+00:00,70594.0
2021-10-27 17:00:00+00:00,70322.25
2021-10-27 18:00:00+00:00,66581.5
2021-10-27 19:00:00+00:00,62847.75
2021-10-27 20:00:00+00:00,59383.5
2021-10-27 21:00:00+00:00,55424.5
2021-10-27 22:00:00+00:00,52164.25
2021-10-27 23:00:00+00:00,50836.25
2021-10-28 00:00:00+00:00,50005.5
2021-10-28 01:00:00+00:00,50355.5
2021-10-28 02:00:00+00:00,51272.25
2021-10-28 03:00:00+00:00,54351.75
2021-10-28 04:00:00+00:00,61729.25
2021-10-28 05:00:00+00:00,67851.5
2021-10-28 06:00:00+00:00,70084.75
2021-10-28 07:00:00+00:00,70283.5
2021-10-28 08:00:00+00:00,70140.5
2021-10-28 09:00:00+00:00,70217.75
2021-10-28 10:00:00+00:00,69139.5
2021-10-28 11:00:00+00:00,68020.25
2021-10-28 12:00:00+00:00,66415.0
2021-10-28 13:00:00+00:00,65242.0
2021-10-28 14:00:00+00:00,64225.25
2021-10-28 15:00:00+00:00,65929.5
2021-10-28 16:00:00+00:00,69802.5
2021-10-28 17:00:00+00:00,70899.5
2021-10-28 18:00:00+00:00,67111.0
2021-10-28 19:00:00+00:00,63872.5
2021-10-28 20:00:00+00:00,60348.75
2021-10-28 21:00:00+00:00,56150.75
2021-10-28 22:00:00+00:00,53216.0
2021-10-28 23:00:00+00:00,50895.0
2021-10-29 00:00:00+00:00,49620.5
2021-10-29 01:00:00+00:00,50254.75
2021-10-29 02:00:00+00:00,51968.75
2021-10-29 03:00:00+00:00,55127.25
2021-10-29 04:00:00+00:00,61467.5
2021-10-29 05:00:00+00:00,67311.75
2021-10-29 06:00:00+00:00,70103.75
2021-10-29 07:00:00+00:00,70592.0
2021-10-29 08:00:00+00:00,70571.0
2021-10-29 09:00:00+00:00,69918.75
2021-10-29 10:00:00+00:00,68685.5
2021-10-29 11:00:00+00:00,66805.0
2021-10-29 12:00:00+00:00,64720.75
2021-10-29 13:00:00+00:00,63462.25
2021-10-29 14:00:00+00:00,63414.25
2021-10-29 15:00:00+00:00,64819.5
2021-10-29 16:00:00+00:00,68336.75
2021-10-29 17:00:00+00:00,67983.75
2021-10-29 18:00:00+00:00,63843.25
2021-10-29 19:00:00+00:00,59990.25
2021-10-29 20:00:00+00:00,56376.5
2021-10-29 21:00:00+00:00,52549.25
2021-10-29 22:00:00+00:00,49636.0
2021-10-29 23:00:00+00:00,47832.0
2021-10-30 00:00:00+00:00,46120.25
2021-10-30 01:00:00+00:00,45979.5
2021-10-30 02:00:00+00:00,45688.5
2021-10-30 03:00:00+00:00,45855.75
2021-10-30 04:00:00+00:00,47384.25
2021-10-30 05:00:00+00:00,50546.75
2021-10-30 06:00:00+00:00,54179.75
2021-10-30 07:00:00+00:00,56711.75
2021-10-30 08:00:00+00:00,58269.5
2021-10-30 09:00:00+00:00,59059.0
2021-10-30 10:00:00+00:00,58945.25
2021-10-30 11:00:00+00:00,57549.25
2021-10-30 12:00:00+00:00,56017.75
2021-10-30 13:00:00+00:00,55322.25
2021-10-30 14:00:00+00:00,56021.25
2021-10-30 15:00:00+00:00,58666.75
2021-10-30 16:00:00+00:00,61669.75
2021-10-30 17:00:00+00:00,60100.0
2021-10-30 18:00:00+00:00,56597.25
2021-10-30 19:00:00+00:00,53196.0
2021-10-30 20:00:00+00:00,50932.0
2021-10-30 21:00:00+00:00,47799.25
2021-10-30 22:00:00+00:00,45152.75
2021-10-30 23:00:00+00:00,43008.5
2021-10-31 00:00:00+00:00,41807.25
2021-10-31 01:00:00+00:00,41221.25
2021-10-31 02:00:00+00:00,41141.0
2021-10-31 03:00:00+00:00,41328.25
2021-10-31 04:00:00+00:00,41541.0
2021-10-31 05:00:00+00:00,42873.0
2021-10-31 06:00:00+00:00,45152.0
2021-10-31 07:00:00+00:00,48192.5
2021-10-31 08:00:00+00:00,50534.0
2021-10-31 09:00:00+00:00,52056.25
2021-10-31 10:00:00+00:00,53192.25
2021-10-31 11:00:00+00:00,52674.25
2021-10-31 12:00:00+00:00,51640.25
2021-10-31 13:00:00+00:00,50543.75
2021-10-31 14:00:00+00:00,50013.75
2021-10-31 15:00:00+00:00,51637.0
2021-10-31 16:00:00+00:00,56889.0
2021-10-31 17:00:00+00:00,58050.5
2021-10-31 18:00:00+00:00,56484.25
2021-10-31 19:00:00+00:00,54410.25
2021-10-31 20:00:00+00:00,52971.0
2021-10-31 21:00:00+00:00,51833.25
2021-10-31 22:00:00+00:00,48622.25
2021-10-31 23:00:00+00:00,45825.25
2021-11-01 00:00:00+00:00,44131.75
2021-11-01 01:00:00+00:00,43208.25
2021-11-01 02:00:00+00:00,43211.5
2021-11-01 03:00:00+00:00,44071.0
2021-11-01 04:00:00+00:00,46041.25
2021-11-01 05:00:00+00:00,49882.0
2021-11-01 06:00:00+00:00,53040.75
2021-11-01 07:00:00+00:00,56118.75
2021-11-01 08:00:00+00:00,57901.5
2021-11-01 09:00:00+00:00,59934.5
2021-11-01 10:00:00+00:00,61038.5
2021-11-01 11:00:00+00:00,60735.75
2021-11-01 12:00:00+00:00,59189.5
2021-11-01 13:00:00+00:00,57962.75
2021-11-01 14:00:00+00:00,57719.0
2021-11-01 15:00:00+00:00,58394.0
2021-11-01 16:00:00+00:00,62292.75
2021-11-01 17:00:00+00:00,62908.25
2021-11-01 18:00:00+00:00,61261.25
2021-11-01 19:00:00+00:00,57884.5
2021-11-01 20:00:00+00:00,55189.5
2021-11-01 21:00:00+00:00,52830.5
2021-11-01 22:00:00+00:00,49689.0
2021-11-01 23:00:00+00:00,46878.0
2021-11-02 00:00:00+00:00,45465.25
2021-11-02 01:00:00+00:00,44800.5
2021-11-02 02:00:00+00:00,45610.0
2021-11-02 03:00:00+00:00,47193.0
2021-11-02 04:00:00+00:00,51259.75
2021-11-02 05:00:00+00:00,59177.75
2021-11-02 06:00:00+00:00,64668.75
2021-11-02 07:00:00+00:00,66937.0
2021-11-02 08:00:00+00:00,67215.0
2021-11-02 09:00:00+00:00,67956.25
2021-11-02 10:00:00+00:00,68753.0
2021-11-02 11:00:00+00:00,68284.5
2021-11-02 12:00:00+00:00,66954.25
2021-11-02 13:00:00+00:00,65948.25
2021-11-02 14:00:00+00:00,65666.5
2021-11-02 15:00:00+00:00,66048.5
2021-11-02 16:00:00+00:00,69386.75
2021-11-02 17:00:00+00:00,69492.25
2021-11-02 18:00:00+00:00,67354.75
2021-11-02 19:00:00+00:00,63166.0
2021-11-02 20:00:00+00:00,59768.5
2021-11-02 21:00:00+00:00,56277.5
2021-11-02 22:00:00+00:00,52253.25
2021-11-02 23:00:00+00:00,49726.0
2021-11-03 00:00:00+00:00,48012.0
2021-11-03 01:00:00+00:00,47299.75
2021-11-03 02:00:00+00:00,47828.75
2021-11-03 03:00:00+00:00,49562.0
2021-11-03 04:00:00+00:00,53042.0
2021-11-03 05:00:00+00:00,60546.25
2021-11-03 06:00:00+00:00,65711.75
2021-11-03 07:00:00+00:00,67886.5
2021-11-03 08:00:00+00:00,68289.25
2021-11-03 09:00:00+00:00,69130.0
2021-11-03 10:00:00+00:00,70332.5
2021-11-03 11:00:00+00:00,69536.0
2021-11-03 12:00:00+00:00,68770.25
2021-11-03 13:00:00+00:00,67705.5
2021-11-03 14:00:00+00:00,67142.0
2021-11-03 15:00:00+00:00,67256.25
2021-11-03 16:00:00+00:00,70044.25
2021-11-03 17:00:00+00:00,69738.0
2021-11-03 18:00:00+00:00,67602.25
2021-11-03 19:00:00+00:00,63711.5
2021-11-03 20:00:00+00:00,59997.5
2021-11-03 21:00:00+00:00,56431.25
2021-11-03 22:00:00+00:00,52288.0
2021-11-03 23:00:00+00:00,49440.0
2021-11-04 00:00:00+00:00,48338.25
2021-11-04 01:00:00+00:00,47398.25
2021-11-04 02:00:00+00:00,48173.0
2021-11-04 03:00:00+00:00,49739.25
2021-11-04 04:00:00+00:00,53249.25
2021-11-04 05:00:00+00:00,61074.0
2021-11-04 06:00:00+00:00,67012.0
2021-11-04 07:00:00+00:00,69725.5
2021-11-04 08:00:00+00:00,71060.0
2021-11-04 09:00:00+00:00,72480.5
2021-11-04 10:00:00+00:00,73665.25
2021-11-04 11:00:00+00:00,73760.25
2021-11-04 12:00:00+00:00,73033.0
2021-11-04 13:00:00+00:00,72544.75
2021-11-04 14:00:00+00:00,72633.5
2021-11-04 15:00:00+00:00,72846.75
2021-11-04 16:00:00+00:00,75079.0
2021-11-04 17:00:00+00:00,74770.75
2021-11-04 18:00:00+00:00,73149.0
2021-11-04 19:00:00+00:00,69412.25
2021-11-04 20:00:00+00:00,65210.0
2021-11-04 21:00:00+00:00,61747.75
2021-11-04 22:00:00+00:00,57768.5
2021-11-04 23:00:00+00:00,54050.25
2021-11-05 00:00:00+00:00,52125.0
2021-11-05 01:00:00+00:00,51039.25
2021-11-05 02:00:00+00:00,51578.0
2021-11-05 03:00:00+00:00,53166.75
2021-11-05 04:00:00+00:00,56371.75
2021-11-05 05:00:00+00:00,63243.75
2021-11-05 06:00:00+00:00,68647.75
2021-11-05 07:00:00+00:00,71469.0
2021-11-05 08:00:00+00:00,72241.25
2021-11-05 09:00:00+00:00,72536.5
2021-11-05 10:00:00+00:00,72740.75
2021-11-05 11:00:00+00:00,71407.25
2021-11-05 12:00:00+00:00,69760.75
2021-11-05 13:00:00+00:00,68193.5
2021-11-05 14:00:00+00:00,67828.0
2021-11-05 15:00:00+00:00,68728.5
2021-11-05 16:00:00+00:00,71784.25
2021-11-05 17:00:00+00:00,71713.5
2021-11-05 18:00:00+00:00,69414.5
2021-11-05 19:00:00+00:00,65423.0
2021-11-05 20:00:00+00:00,61934.75
2021-11-05 21:00:00+00:00,58256.75
2021-11-05 22:00:00+00:00,54047.0
2021-11-05 23:00:00+00:00,52261.0
2021-11-06 00:00:00+00:00,49979.5
2021-11-06 01:00:00+00:00,48540.0
2021-11-06 02:00:00+00:00,47848.5
2021-11-06 03:00:00+00:00,48069.5
2021-11-06 04:00:00+00:00,48879.5
2021-11-06 05:00:00+00:00,50388.0
2021-11-06 06:00:00+00:00,53528.25
2021-11-06 07:00:00+00:00,56790.25
2021-11-06 08:00:00+00:00,59235.0
2021-11-06 09:00:00+00:00,60570.75
2021-11-06 10:00:00+00:00,60457.25
2021-11-06 11:00:00+00:00,59805.5
2021-11-06 12:00:00+00:00,58580.75
2021-11-06 13:00:00+00:00,57113.0
2021-11-06 14:00:00+00:00,56957.75
2021-11-06 15:00:00+00:00,58697.75
2021-11-06 16:00:00+00:00,62616.25
2021-11-06 17:00:00+00:00,63560.25
2021-11-06 18:00:00+00:00,61877.75
2021-11-06 19:00:00+00:00,58410.5
2021-11-06 20:00:00+00:00,55452.0
2021-11-06 21:00:00+00:00,53836.75
2021-11-06 22:00:00+00:00,50638.5
2021-11-06 23:00:00+00:00,48626.25
2021-11-07 00:00:00+00:00,46888.0
2021-11-07 01:00:00+00:00,45787.5
2021-11-07 02:00:00+00:00,45758.5
2021-11-07 03:00:00+00:00,46294.25
2021-11-07 04:00:00+00:00,46217.75
2021-11-07 05:00:00+00:00,46781.75
2021-11-07 06:00:00+00:00,48809.0
2021-11-07 07:00:00+00:00,51371.25
2021-11-07 08:00:00+00:00,54844.5
2021-11-07 09:00:00+00:00,57371.25
2021-11-07 10:00:00+00:00,59676.0
2021-11-07 11:00:00+00:00,59406.75
2021-11-07 12:00:00+00:00,56882.0
2021-11-07 13:00:00+00:00,55429.5
2021-11-07 14:00:00+00:00,55202.0
2021-11-07 15:00:00+00:00,56305.25
2021-11-07 16:00:00+00:00,60049.75
2021-11-07 17:00:00+00:00,61004.75
2021-11-07 18:00:00+00:00,59625.25
2021-11-07 19:00:00+00:00,56967.75
2021-11-07 20:00:00+00:00,54753.25
2021-11-07 21:00:00+00:00,53700.75
2021-11-07 22:00:00+00:00,50907.0
2021-11-07 23:00:00+00:00,47968.5
2021-11-08 00:00:00+00:00,46784.5
2021-11-08 01:00:00+00:00,46199.25
2021-11-08 02:00:00+00:00,46441.75
2021-11-08 03:00:00+00:00,48161.25
2021-11-08 04:00:00+00:00,52178.5
2021-11-08 05:00:00+00:00,61765.75
2021-11-08 06:00:00+00:00,67393.75
2021-11-08 07:00:00+00:00,69607.75
2021-11-08 08:00:00+00:00,70950.5
2021-11-08 09:00:00+00:00,71160.0
2021-11-08 10:00:00+00:00,71364.25
2021-11-08 11:00:00+00:00,70622.25
2021-11-08 12:00:00+00:00,70530.25
2021-11-08 13:00:00+00:00,69236.75
2021-11-08 14:00:00+00:00,68476.25
2021-11-08 15:00:00+00:00,68588.75
2021-11-08 16:00:00+00:00,71398.0
2021-11-08 17:00:00+00:00,71107.25
2021-11-08 18:00:00+00:00,68887.25
2021-11-08 19:00:00+00:00,65381.25
2021-11-08 20:00:00+00:00,61654.75
2021-11-08 21:00:00+00:00,58177.75
2021-11-08 22:00:00+00:00,54215.5
2021-11-08 23:00:00+00:00,51542.25
2021-11-09 00:00:00+00:00,50204.0
2021-11-09 01:00:00+00:00,49834.5
2021-11-09 02:00:00+00:00,49948.25
2021-11-09 03:00:00+00:00,51965.75
2021-11-09 04:00:00+00:00,55720.25
2021-11-09 05:00:00+00:00,63109.25
2021-11-09 06:00:00+00:00,68505.25
2021-11-09 07:00:00+00:00,70828.75
2021-11-09 08:00:00+00:00,71271.75
2021-11-09 09:00:00+00:00,71896.5
2021-11-09 10:00:00+00:00,72236.75
2021-11-09 11:00:00+00:00,71396.5
2021-11-09 12:00:00+00:00,70159.75
2021-11-09 13:00:00+00:00,68720.25
2021-11-09 14:00:00+00:00,68666.75
2021-11-09 15:00:00+00:00,69358.75
2021-11-09 16:00:00+00:00,73423.75
2021-11-09 17:00:00+00:00,73948.0
2021-11-09 18:00:00+00:00,72657.0
2021-11-09 19:00:00+00:00,68912.5
2021-11-09 20:00:00+00:00,64886.25
2021-11-09 21:00:00+00:00,61465.75
2021-11-09 22:00:00+00:00,57757.25
2021-11-09 23:00:00+00:00,54612.75
2021-11-10 00:00:00+00:00,52882.5
2021-11-10 01:00:00+00:00,52267.5
2021-11-10 02:00:00+00:00,52349.75
2021-11-10 03:00:00+00:00,53579.5
2021-11-10 04:00:00+00:00,57429.25
2021-11-10 05:00:00+00:00,64678.0
2021-11-10 06:00:00+00:00,69855.75
2021-11-10 07:00:00+00:00,72309.0
2021-11-10 08:00:00+00:00,72001.25
2021-11-10 09:00:00+00:00,72561.25
2021-11-10 10:00:00+00:00,73479.5
2021-11-10 11:00:00+00:00,72489.0
2021-11-10 12:00:00+00:00,71250.0
2021-11-10 13:00:00+00:00,70163.0
2021-11-10 14:00:00+00:00,69600.5
2021-11-10 15:00:00+00:00,70132.0
2021-11-10 16:00:00+00:00,73017.75
2021-11-10 17:00:00+00:00,72542.5
2021-11-10 18:00:00+00:00,70638.25
2021-11-10 19:00:00+00:00,66844.0
2021-11-10 20:00:00+00:00,63029.25
2021-11-10 21:00:00+00:00,59780.75
2021-11-10 22:00:00+00:00,55576.0
2021-11-10 23:00:00+00:00,51056.75
2021-11-11 00:00:00+00:00,49345.0
2021-11-11 01:00:00+00:00,48473.5
2021-11-11 02:00:00+00:00,49280.0
2021-11-11 03:00:00+00:00,50552.0
2021-11-11 04:00:00+00:00,53776.5
2021-11-11 05:00:00+00:00,61491.25
2021-11-11 06:00:00+00:00,67040.0
2021-11-11 07:00:00+00:00,69389.5
2021-11-11 08:00:00+00:00,69305.25
2021-11-11 09:00:00+00:00,69980.0
2021-11-11 10:00:00+00:00,70714.0
2021-11-11 11:00:00+00:00,70170.5
2021-11-11 12:00:00+00:00,69422.75
2021-11-11 13:00:00+00:00,68283.0
2021-11-11 14:00:00+00:00,67698.25
2021-11-11 15:00:00+00:00,68024.25
2021-11-11 16:00:00+00:00,70350.0
2021-11-11 17:00:00+00:00,69968.0
2021-11-11 18:00:00+00:00,68257.25
2021-11-11 19:00:00+00:00,64821.0
2021-11-11 20:00:00+00:00,60878.5
2021-11-11 21:00:00+00:00,57257.5
2021-11-11 22:00:00+00:00,53433.0
2021-11-11 23:00:00+00:00,50277.0
2021-11-12 00:00:00+00:00,48215.25
2021-11-12 01:00:00+00:00,47541.0
2021-11-12 02:00:00+00:00,47741.5
2021-11-12 03:00:00+00:00,49482.25
2021-11-12 04:00:00+00:00,52780.0
2021-11-12 05:00:00+00:00,60299.75
2021-11-12 06:00:00+00:00,65819.5
2021-11-12 07:00:00+00:00,68537.0
2021-11-12 08:00:00+00:00,69121.75
2021-11-12 09:00:00+00:00,69725.25
2021-11-12 10:00:00+00:00,70086.75
2021-11-12 11:00:00+00:00,69018.5
2021-11-12 12:00:00+00:00,68186.75
2021-11-12 13:00:00+00:00,66861.5
2021-11-12 14:00:00+00:00,66551.25
2021-11-12 15:00:00+00:00,67554.75
2021-11-12 16:00:00+00:00,69654.5
2021-11-12 17:00:00+00:00,69593.25
2021-11-12 18:00:00+00:00,68484.5
2021-11-12 19:00:00+00:00,64548.5
2021-11-12 20:00:00+00:00,60750.5
2021-11-12 21:00:00+00:00,57335.25
2021-11-12 22:00:00+00:00,53122.5
2021-11-12 23:00:00+00:00,51211.25
2021-11-13 00:00:00+00:00,49349.5
2021-11-13 01:00:00+00:00,48216.5
2021-11-13 02:00:00+00:00,47803.25
2021-11-13 03:00:00+00:00,48136.25
2021-11-13 04:00:00+00:00,48810.25
2021-11-13 05:00:00+00:00,50389.75
2021-11-13 06:00:00+00:00,53252.25
2021-11-13 07:00:00+00:00,56328.5
2021-11-13 08:00:00+00:00,59360.5
2021-11-13 09:00:00+00:00,60901.5
2021-11-13 10:00:00+00:00,61754.0
2021-11-13 11:00:00+00:00,61313.75
2021-11-13 12:00:00+00:00,59254.0
2021-11-13 13:00:00+00:00,57858.75
2021-11-13 14:00:00+00:00,57566.0
2021-11-13 15:00:00+00:00,58787.5
2021-11-13 16:00:00+00:00,61312.25
2021-11-13 17:00:00+00:00,61015.75
2021-11-13 18:00:00+00:00,58806.75
2021-11-13 19:00:00+00:00,55249.25
2021-11-13 20:00:00+00:00,52557.0
2021-11-13 21:00:00+00:00,51004.25
2021-11-13 22:00:00+00:00,47936.75
2021-11-13 23:00:00+00:00,43249.0
2021-11-14 00:00:00+00:00,41808.25
2021-11-14 01:00:00+00:00,40874.25
2021-11-14 02:00:00+00:00,40265.5
2021-11-14 03:00:00+00:00,40533.5
2021-11-14 04:00:00+00:00,40799.25
2021-11-14 05:00:00+00:00,41414.25
2021-11-14 06:00:00+00:00,43715.25
2021-11-14 07:00:00+00:00,46558.25
2021-11-14 08:00:00+00:00,49633.5
2021-11-14 09:00:00+00:00,51888.75
2021-11-14 10:00:00+00:00,53954.75
2021-11-14 11:00:00+00:00,54181.0
2021-11-14 12:00:00+00:00,53007.5
2021-11-14 13:00:00+00:00,51507.5
2021-11-14 14:00:00+00:00,51754.75
2021-11-14 15:00:00+00:00,53629.0
2021-11-14 16:00:00+00:00,57338.75
2021-11-14 17:00:00+00:00,57687.75
2021-11-14 18:00:00+00:00,56027.0
2021-11-14 19:00:00+00:00,53887.0
2021-11-14 20:00:00+00:00,51782.25
2021-11-14 21:00:00+00:00,50592.0
2021-11-14 22:00:00+00:00,48042.0
2021-11-14 23:00:00+00:00,45763.25
2021-11-15 00:00:00+00:00,44350.5
2021-11-15 01:00:00+00:00,43847.5
2021-11-15 02:00:00+00:00,44098.75
2021-11-15 03:00:00+00:00,46753.75
2021-11-15 04:00:00+00:00,50916.25
2021-11-15 05:00:00+00:00,58910.0
2021-11-15 06:00:00+00:00,64898.0
2021-11-15 07:00:00+00:00,67738.5
2021-11-15 08:00:00+00:00,68496.5
2021-11-15 09:00:00+00:00,69189.75
2021-11-15 10:00:00+00:00,70458.25
2021-11-15 11:00:00+00:00,70585.75
2021-11-15 12:00:00+00:00,69920.75
2021-11-15 13:00:00+00:00,68784.75
2021-11-15 14:00:00+00:00,68424.75
2021-11-15 15:00:00+00:00,68385.0
2021-11-15 16:00:00+00:00,70069.75
2021-11-15 17:00:00+00:00,69038.0
2021-11-15 18:00:00+00:00,67076.75
2021-11-15 19:00:00+00:00,63448.0
2021-11-15 20:00:00+00:00,59719.75
2021-11-15 21:00:00+00:00,56373.0
2021-11-15 22:00:00+00:00,52810.0
2021-11-15 23:00:00+00:00,49394.0
2021-11-16 00:00:00+00:00,47811.5
2021-11-16 01:00:00+00:00,46997.75
2021-11-16 02:00:00+00:00,47800.0
2021-11-16 03:00:00+00:00,49145.25
2021-11-16 04:00:00+00:00,52500.75
2021-11-16 05:00:00+00:00,59853.5
2021-11-16 06:00:00+00:00,65542.0
2021-11-16 07:00:00+00:00,68363.75
2021-11-16 08:00:00+00:00,69143.0
2021-11-16 09:00:00+00:00,69969.75
2021-11-16 10:00:00+00:00,70801.25
2021-11-16 11:00:00+00:00,70859.0
2021-11-16 12:00:00+00:00,70012.0
2021-11-16 13:00:00+00:00,68790.75
2021-11-16 14:00:00+00:00,68487.0
2021-11-16 15:00:00+00:00,68825.5
2021-11-16 16:00:00+00:00,70260.75
2021-11-16 17:00:00+00:00,69608.5
2021-11-16 18:00:00+00:00,67337.5
2021-11-16 19:00:00+00:00,63490.75
2021-11-16 20:00:00+00:00,60083.0
2021-11-16 21:00:00+00:00,56874.5
2021-11-16 22:00:00+00:00,53410.5
2021-11-16 23:00:00+00:00,49795.25
2021-11-17 00:00:00+00:00,48269.0
2021-11-17 01:00:00+00:00,47840.25
2021-11-17 02:00:00+00:00,48446.75
2021-11-17 03:00:00+00:00,49877.0
2021-11-17 04:00:00+00:00,53329.5
2021-11-17 05:00:00+00:00,60613.0
2021-11-17 06:00:00+00:00,66007.5
2021-11-17 07:00:00+00:00,68915.75
2021-11-17 08:00:00+00:00,69671.0
2021-11-17 09:00:00+00:00,70873.5
2021-11-17 10:00:00+00:00,71771.25
2021-11-17 11:00:00+00:00,71831.0
2021-11-17 12:00:00+00:00,71290.0
2021-11-17 13:00:00+00:00,70787.75
2021-11-17 14:00:00+00:00,70050.25
2021-11-17 15:00:00+00:00,71450.0
2021-11-17 16:00:00+00:00,73090.5
2021-11-17 17:00:00+00:00,72832.25
2021-11-17 18:00:00+00:00,70369.25
2021-11-17 19:00:00+00:00,66231.5
2021-11-17 20:00:00+00:00,62465.25
2021-11-17 21:00:00+00:00,59131.25
2021-11-17 22:00:00+00:00,54955.75
2021-11-17 23:00:00+00:00,52703.75
2021-11-18 00:00:00+00:00,50936.25
2021-11-18 01:00:00+00:00,49931.25
2021-11-18 02:00:00+00:00,50163.5
2021-11-18 03:00:00+00:00,51551.0
2021-11-18 04:00:00+00:00,55403.5
2021-11-18 05:00:00+00:00,62951.0
2021-11-18 06:00:00+00:00,68476.25
2021-11-18 07:00:00+00:00,70836.5
2021-11-18 08:00:00+00:00,71780.5
2021-11-18 09:00:00+00:00,72224.0
2021-11-18 10:00:00+00:00,72925.0
2021-11-18 11:00:00+00:00,72505.0
2021-11-18 12:00:00+00:00,71377.0
2021-11-18 13:00:00+00:00,70171.0
2021-11-18 14:00:00+00:00,69121.0
2021-11-18 15:00:00+00:00,70513.0
2021-11-18 16:00:00+00:00,72935.5
2021-11-18 17:00:00+00:00,72455.75
2021-11-18 18:00:00+00:00,70686.0
2021-11-18 19:00:00+00:00,67002.75
2021-11-18 20:00:00+00:00,62931.5
2021-11-18 21:00:00+00:00,59652.25
2021-11-18 22:00:00+00:00,55366.0
2021-11-18 23:00:00+00:00,52560.5
2021-11-19 00:00:00+00:00,50615.25
2021-11-19 01:00:00+00:00,49739.75
2021-11-19 02:00:00+00:00,49909.5
2021-11-19 03:00:00+00:00,51381.25
2021-11-19 04:00:00+00:00,54770.5
2021-11-19 05:00:00+00:00,61744.0
2021-11-19 06:00:00+00:00,67207.0
2021-11-19 07:00:00+00:00,70152.75
2021-11-19 08:00:00+00:00,70872.0
2021-11-19 09:00:00+00:00,71949.0
2021-11-19 10:00:00+00:00,72497.75
2021-11-19 11:00:00+00:00,71771.0
2021-11-19 12:00:00+00:00,70317.0
2021-11-19 13:00:00+00:00,68356.75
2021-11-19 14:00:00+00:00,67458.5
2021-11-19 15:00:00+00:00,68269.75
2021-11-19 16:00:00+00:00,70393.25
2021-11-19 17:00:00+00:00,69277.25
2021-11-19 18:00:00+00:00,67011.0
2021-11-19 19:00:00+00:00,62808.75
2021-11-19 20:00:00+00:00,59010.75
2021-11-19 21:00:00+00:00,56136.0
2021-11-19 22:00:00+00:00,51929.25
2021-11-19 23:00:00+00:00,51627.0
2021-11-20 00:00:00+00:00,49666.75
2021-11-20 01:00:00+00:00,48631.5
2021-11-20 02:00:00+00:00,48605.75
2021-11-20 03:00:00+00:00,48503.5
2021-11-20 04:00:00+00:00,48677.5
2021-11-20 05:00:00+00:00,50318.25
2021-11-20 06:00:00+00:00,53765.5
2021-11-20 07:00:00+00:00,56591.75
2021-11-20 08:00:00+00:00,59384.75
2021-11-20 09:00:00+00:00,60960.25
2021-11-20 10:00:00+00:00,61898.0
2021-11-20 11:00:00+00:00,61404.75
2021-11-20 12:00:00+00:00,60139.75
2021-11-20 13:00:00+00:00,59455.25
2021-11-20 14:00:00+00:00,59372.0
2021-11-20 15:00:00+00:00,60890.0
2021-11-20 16:00:00+00:00,63597.75
2021-11-20 17:00:00+00:00,62989.0
2021-11-20 18:00:00+00:00,60832.25
2021-11-20 19:00:00+00:00,57512.0
2021-11-20 20:00:00+00:00,55223.0
2021-11-20 21:00:00+00:00,53478.0
2021-11-20 22:00:00+00:00,50398.75
2021-11-20 23:00:00+00:00,48924.75
2021-11-21 00:00:00+00:00,47087.0
2021-11-21 01:00:00+00:00,45925.5
2021-11-21 02:00:00+00:00,45420.75
2021-11-21 03:00:00+00:00,45876.5
2021-11-21 04:00:00+00:00,46079.25
2021-11-21 05:00:00+00:00,46061.0
2021-11-21 06:00:00+00:00,48315.0
2021-11-21 07:00:00+00:00,50899.5
2021-11-21 08:00:00+00:00,53916.5
2021-11-21 09:00:00+00:00,56156.0
2021-11-21 10:00:00+00:00,58726.5
2021-11-21 11:00:00+00:00,58458.75
2021-11-21 12:00:00+00:00,56349.0
2021-11-21 13:00:00+00:00,54892.0
2021-11-21 14:00:00+00:00,54945.75
2021-11-21 15:00:00+00:00,57260.5
2021-11-21 16:00:00+00:00,60569.0
2021-11-21 17:00:00+00:00,60573.5
2021-11-21 18:00:00+00:00,59042.75
2021-11-21 19:00:00+00:00,56500.5
2021-11-21 20:00:00+00:00,54964.75
2021-11-21 21:00:00+00:00,54182.0
2021-11-21 22:00:00+00:00,51211.25
2021-11-21 23:00:00+00:00,49373.5
2021-11-22 00:00:00+00:00,47558.0
2021-11-22 01:00:00+00:00,46988.25
2021-11-22 02:00:00+00:00,47437.75
2021-11-22 03:00:00+00:00,49378.25
2021-11-22 04:00:00+00:00,53407.25
2021-11-22 05:00:00+00:00,61574.75
2021-11-22 06:00:00+00:00,68395.5
2021-11-22 07:00:00+00:00,70801.25
2021-11-22 08:00:00+00:00,71176.5
2021-11-22 09:00:00+00:00,72013.25
2021-11-22 10:00:00+00:00,72837.25
2021-11-22 11:00:00+00:00,73257.75
2021-11-22 12:00:00+00:00,72559.75
2021-11-22 13:00:00+00:00,71038.25
2021-11-22 14:00:00+00:00,70171.25
2021-11-22 15:00:00+00:00,70505.75
2021-11-22 16:00:00+00:00,73055.0
2021-11-22 17:00:00+00:00,72762.75
2021-11-22 18:00:00+00:00,71769.0
2021-11-22 19:00:00+00:00,68396.75
2021-11-22 20:00:00+00:00,65220.0
2021-11-22 21:00:00+00:00,62339.5
2021-11-22 22:00:00+00:00,59007.75
2021-11-22 23:00:00+00:00,56179.5
2021-11-23 00:00:00+00:00,54068.75
2021-11-23 01:00:00+00:00,53060.0
2021-11-23 02:00:00+00:00,53261.5
2021-11-23 03:00:00+00:00,54711.75
2021-11-23 04:00:00+00:00,58001.25
2021-11-23 05:00:00+00:00,64917.0
2021-11-23 06:00:00+00:00,69464.25
2021-11-23 07:00:00+00:00,71012.0
2021-11-23 08:00:00+00:00,70925.5
2021-11-23 09:00:00+00:00,71267.75
2021-11-23 10:00:00+00:00,72210.75
2021-11-23 11:00:00+00:00,71880.75
2021-11-23 12:00:00+00:00,71043.25
2021-11-23 13:00:00+00:00,69884.25
2021-11-23 14:00:00+00:00,69495.0
2021-11-23 15:00:00+00:00,70358.5
2021-11-23 16:00:00+00:00,72346.0
2021-11-23 17:00:00+00:00,72006.75
2021-11-23 18:00:00+00:00,70510.25
2021-11-23 19:00:00+00:00,66719.25
2021-11-23 20:00:00+00:00,63027.5
2021-11-23 21:00:00+00:00,59658.0
2021-11-23 22:00:00+00:00,55888.0
2021-11-23 23:00:00+00:00,53217.75
2021-11-24 00:00:00+00:00,51552.0
2021-11-24 01:00:00+00:00,50733.75
2021-11-24 02:00:00+00:00,50551.5
2021-11-24 03:00:00+00:00,51989.75
2021-11-24 04:00:00+00:00,55288.75
2021-11-24 05:00:00+00:00,62408.75
2021-11-24 06:00:00+00:00,67926.5
2021-11-24 07:00:00+00:00,70183.25
2021-11-24 08:00:00+00:00,70890.75
2021-11-24 09:00:00+00:00,71462.25
2021-11-24 10:00:00+00:00,72072.25
2021-11-24 11:00:00+00:00,71952.0
2021-11-24 12:00:00+00:00,71062.75
2021-11-24 13:00:00+00:00,70217.25
2021-11-24 14:00:00+00:00,70056.5
2021-11-24 15:00:00+00:00,70848.0
2021-11-24 16:00:00+00:00,72519.5
2021-11-24 17:00:00+00:00,72162.0
2021-11-24 18:00:00+00:00,70655.0
2021-11-24 19:00:00+00:00,67078.75
2021-11-24 20:00:00+00:00,63806.75
2021-11-24 21:00:00+00:00,60709.25
2021-11-24 22:00:00+00:00,57029.5
2021-11-24 23:00:00+00:00,54798.25
2021-11-25 00:00:00+00:00,53460.75
2021-11-25 01:00:00+00:00,52630.0
2021-11-25 02:00:00+00:00,52744.5
2021-11-25 03:00:00+00:00,53535.75
2021-11-25 04:00:00+00:00,57174.0
2021-11-25 05:00:00+00:00,64453.75
2021-11-25 06:00:00+00:00,69800.75
2021-11-25 07:00:00+00:00,72594.25
2021-11-25 08:00:00+00:00,73324.25
2021-11-25 09:00:00+00:00,73979.25
2021-11-25 10:00:00+00:00,74921.75
2021-11-25 11:00:00+00:00,74908.75
2021-11-25 12:00:00+00:00,74495.5
2021-11-25 13:00:00+00:00,73616.25
2021-11-25 14:00:00+00:00,73332.5
2021-11-25 15:00:00+00:00,74228.0
2021-11-25 16:00:00+00:00,76040.5
2021-11-25 17:00:00+00:00,75126.25
2021-11-25 18:00:00+00:00,72995.5
2021-11-25 19:00:00+00:00,68644.0
2021-11-25 20:00:00+00:00,64803.5
2021-11-25 21:00:00+00:00,61242.0
2021-11-25 22:00:00+00:00,57563.25
2021-11-25 23:00:00+00:00,54770.0
2021-11-26 00:00:00+00:00,52845.75
2021-11-26 01:00:00+00:00,51979.25
2021-11-26 02:00:00+00:00,52396.75
2021-11-26 03:00:00+00:00,54020.5
2021-11-26 04:00:00+00:00,56962.5
2021-11-26 05:00:00+00:00,63770.5
2021-11-26 06:00:00+00:00,69872.25
2021-11-26 07:00:00+00:00,72636.75
2021-11-26 08:00:00+00:00,73659.75
2021-11-26 09:00:00+00:00,73994.0
2021-11-26 10:00:00+00:00,74685.25
2021-11-26 11:00:00+00:00,74256.5
2021-11-26 12:00:00+00:00,72585.0
2021-11-26 13:00:00+00:00,71113.0
2021-11-26 14:00:00+00:00,70374.0
2021-11-26 15:00:00+00:00,71974.25
2021-11-26 16:00:00+00:00,73489.75
2021-11-26 17:00:00+00:00,72322.5
2021-11-26 18:00:00+00:00,70798.75
2021-11-26 19:00:00+00:00,67218.5
2021-11-26 20:00:00+00:00,63499.25
2021-11-26 21:00:00+00:00,60801.5
2021-11-26 22:00:00+00:00,56933.5
2021-11-26 23:00:00+00:00,53743.25
2021-11-27 00:00:00+00:00,50957.5
2021-11-27 01:00:00+00:00,50007.5
2021-11-27 02:00:00+00:00,49432.25
2021-11-27 03:00:00+00:00,49526.75
2021-11-27 04:00:00+00:00,50045.5
2021-11-27 05:00:00+00:00,51320.25
2021-11-27 06:00:00+00:00,54140.75
2021-11-27 07:00:00+00:00,57787.25
2021-11-27 08:00:00+00:00,60612.0
2021-11-27 09:00:00+00:00,62285.25
2021-11-27 10:00:00+00:00,63287.5
2021-11-27 11:00:00+00:00,62899.5
2021-11-27 12:00:00+00:00,61035.0
2021-11-27 13:00:00+00:00,60139.75
2021-11-27 14:00:00+00:00,60129.5
2021-11-27 15:00:00+00:00,62190.25
2021-11-27 16:00:00+00:00,64247.75
2021-11-27 17:00:00+00:00,64168.25
2021-11-27 18:00:00+00:00,62407.25
2021-11-27 19:00:00+00:00,58910.75
2021-11-27 20:00:00+00:00,56337.0
2021-11-27 21:00:00+00:00,54634.5
2021-11-27 22:00:00+00:00,52058.0
2021-11-27 23:00:00+00:00,48751.25
2021-11-28 00:00:00+00:00,46967.0
2021-11-28 01:00:00+00:00,46143.0
2021-11-28 02:00:00+00:00,45632.75
2021-11-28 03:00:00+00:00,45538.75
2021-11-28 04:00:00+00:00,45613.25
2021-11-28 05:00:00+00:00,45642.25
2021-11-28 06:00:00+00:00,47648.5
2021-11-28 07:00:00+00:00,51102.5
2021-11-28 08:00:00+00:00,54526.75
2021-11-28 09:00:00+00:00,56704.0
2021-11-28 10:00:00+00:00,59433.75
2021-11-28 11:00:00+00:00,59499.0
2021-11-28 12:00:00+00:00,57931.75
2021-11-28 13:00:00+00:00,56667.25
2021-11-28 14:00:00+00:00,56788.0
2021-11-28 15:00:00+00:00,58707.0
2021-11-28 16:00:00+00:00,61381.75
2021-11-28 17:00:00+00:00,61576.75
2021-11-28 18:00:00+00:00,60189.25
2021-11-28 19:00:00+00:00,57777.5
2021-11-28 20:00:00+00:00,55910.0
2021-11-28 21:00:00+00:00,55383.75
2021-11-28 22:00:00+00:00,52724.25
2021-11-28 23:00:00+00:00,50630.75
2021-11-29 00:00:00+00:00,49088.75
2021-11-29 01:00:00+00:00,48373.5
2021-11-29 02:00:00+00:00,49219.75
2021-11-29 03:00:00+00:00,50866.25
2021-11-29 04:00:00+00:00,54573.0
2021-11-29 05:00:00+00:00,63171.5
2021-11-29 06:00:00+00:00,69828.75
2021-11-29 07:00:00+00:00,72745.0
2021-11-29 08:00:00+00:00,73879.25
2021-11-29 09:00:00+00:00,74450.25
2021-11-29 10:00:00+00:00,75033.25
2021-11-29 11:00:00+00:00,75057.5
2021-11-29 12:00:00+00:00,74500.75
2021-11-29 13:00:00+00:00,73412.25
2021-11-29 14:00:00+00:00,73068.25
2021-11-29 15:00:00+00:00,74297.0
2021-11-29 16:00:00+00:00,75690.0
2021-11-29 17:00:00+00:00,74416.5
2021-11-29 18:00:00+00:00,72206.0
2021-11-29 19:00:00+00:00,68733.0
2021-11-29 20:00:00+00:00,66295.75
2021-11-29 21:00:00+00:00,63648.0
2021-11-29 22:00:00+00:00,59523.25
2021-11-29 23:00:00+00:00,56045.5
2021-11-30 00:00:00+00:00,54768.5
2021-11-30 01:00:00+00:00,54124.0
2021-11-30 02:00:00+00:00,55134.75
2021-11-30 03:00:00+00:00,57513.5
2021-11-30 04:00:00+00:00,61470.75
2021-11-30 05:00:00+00:00,69444.0
2021-11-30 06:00:00+00:00,75513.0
2021-11-30 07:00:00+00:00,78186.25
2021-11-30 08:00:00+00:00,78696.0
2021-11-30 09:00:00+00:00,80106.0
2021-11-30 10:00:00+00:00,81319.5
2021-11-30 11:00:00+00:00,80965.75
2021-11-30 12:00:00+00:00,80224.75
2021-11-30 13:00:00+00:00,78905.0
2021-11-30 14:00:00+00:00,77807.25
2021-11-30 15:00:00+00:00,77817.25
2021-11-30 16:00:00+00:00,78507.5
2021-11-30 17:00:00+00:00,76987.25
2021-11-30 18:00:00+00:00,73765.0
2021-11-30 19:00:00+00:00,69394.0
2021-11-30 20:00:00+00:00,65439.25
2021-11-30 21:00:00+00:00,62055.5
2021-11-30 22:00:00+00:00,57695.25
2021-11-30 23:00:00+00:00,55023.75
2021-12-01 00:00:00+00:00,53240.5
2021-12-01 01:00:00+00:00,52715.0
2021-12-01 02:00:00+00:00,53419.25
2021-12-01 03:00:00+00:00,55356.0
2021-12-01 04:00:00+00:00,59334.0
2021-12-01 05:00:00+00:00,67206.0
2021-12-01 06:00:00+00:00,73604.0
2021-12-01 07:00:00+00:00,76831.5
2021-12-01 08:00:00+00:00,77390.75
2021-12-01 09:00:00+00:00,78578.0
2021-12-01 10:00:00+00:00,79570.5
2021-12-01 11:00:00+00:00,78904.5
2021-12-01 12:00:00+00:00,78157.0
2021-12-01 13:00:00+00:00,77577.0
2021-12-01 14:00:00+00:00,77117.5
2021-12-01 15:00:00+00:00,77613.0
2021-12-01 16:00:00+00:00,79136.25
2021-12-01 17:00:00+00:00,77807.75
2021-12-01 18:00:00+00:00,74430.25
2021-12-01 19:00:00+00:00,70358.75
2021-12-01 20:00:00+00:00,66133.25
2021-12-01 21:00:00+00:00,62903.25
2021-12-01 22:00:00+00:00,58702.25
2021-12-01 23:00:00+00:00,56314.75
2021-12-02 00:00:00+00:00,54525.5
2021-12-02 01:00:00+00:00,53950.75
2021-12-02 02:00:00+00:00,54187.75
2021-12-02 03:00:00+00:00,56323.25
2021-12-02 04:00:00+00:00,59685.0
2021-12-02 05:00:00+00:00,67480.25
2021-12-02 06:00:00+00:00,73382.5
2021-12-02 07:00:00+00:00,76614.5
2021-12-02 08:00:00+00:00,77568.75
2021-12-02 09:00:00+00:00,77930.25
2021-12-02 10:00:00+00:00,78476.25
2021-12-02 11:00:00+00:00,78283.25
2021-12-02 12:00:00+00:00,77448.5
2021-12-02 13:00:00+00:00,76133.5
2021-12-02 14:00:00+00:00,75426.75
2021-12-02 15:00:00+00:00,76521.75
2021-12-02 16:00:00+00:00,78085.25
2021-12-02 17:00:00+00:00,77425.0
2021-12-02 18:00:00+00:00,74929.0
2021-12-02 19:00:00+00:00,70989.0
2021-12-02 20:00:00+00:00,66834.25
2021-12-02 21:00:00+00:00,63895.75
2021-12-02 22:00:00+00:00,60331.75
2021-12-02 23:00:00+00:00,57983.75
2021-12-03 00:00:00+00:00,56089.25
2021-12-03 01:00:00+00:00,55684.75
2021-12-03 02:00:00+00:00,56194.75
2021-12-03 03:00:00+00:00,57392.0
2021-12-03 04:00:00+00:00,60689.5
2021-12-03 05:00:00+00:00,67729.75
2021-12-03 06:00:00+00:00,73489.5
2021-12-03 07:00:00+00:00,76873.0
2021-12-03 08:00:00+00:00,76958.75
2021-12-03 09:00:00+00:00,77155.0
2021-12-03 10:00:00+00:00,77832.25
2021-12-03 11:00:00+00:00,77602.0
2021-12-03 12:00:00+00:00,75990.75
2021-12-03 13:00:00+00:00,74700.5
2021-12-03 14:00:00+00:00,74686.5
2021-12-03 15:00:00+00:00,76467.0
2021-12-03 16:00:00+00:00,78626.0
2021-12-03 17:00:00+00:00,78112.5
2021-12-03 18:00:00+00:00,75493.5
2021-12-03 19:00:00+00:00,71068.5
2021-12-03 20:00:00+00:00,67059.5
2021-12-03 21:00:00+00:00,63492.0
2021-12-03 22:00:00+00:00,59661.75
2021-12-03 23:00:00+00:00,57159.75
2021-12-04 00:00:00+00:00,54252.25
2021-12-04 01:00:00+00:00,52329.5
2021-12-04 02:00:00+00:00,51662.25
2021-12-04 03:00:00+00:00,51272.0
2021-12-04 04:00:00+00:00,51509.25
2021-12-04 05:00:00+00:00,52449.0
2021-12-04 06:00:00+00:00,55145.75
2021-12-04 07:00:00+00:00,58706.5
2021-12-04 08:00:00+00:00,61288.75
2021-12-04 09:00:00+00:00,62999.75
2021-12-04 10:00:00+00:00,64176.5
2021-12-04 11:00:00+00:00,63961.75
2021-12-04 12:00:00+00:00,62418.75
2021-12-04 13:00:00+00:00,61007.75
2021-12-04 14:00:00+00:00,61208.75
2021-12-04 15:00:00+00:00,62985.0
2021-12-04 16:00:00+00:00,65122.5
2021-12-04 17:00:00+00:00,65041.25
2021-12-04 18:00:00+00:00,63167.5
2021-12-04 19:00:00+00:00,59737.0
2021-12-04 20:00:00+00:00,57001.5
2021-12-04 21:00:00+00:00,56086.75
2021-12-04 22:00:00+00:00,53008.5
2021-12-04 23:00:00+00:00,50387.25
2021-12-05 00:00:00+00:00,48658.5
2021-12-05 01:00:00+00:00,47301.25
2021-12-05 02:00:00+00:00,46831.5
2021-12-05 03:00:00+00:00,47219.5
2021-12-05 04:00:00+00:00,47498.25
2021-12-05 05:00:00+00:00,47463.75
2021-12-05 06:00:00+00:00,49232.75
2021-12-05 07:00:00+00:00,52561.25
2021-12-05 08:00:00+00:00,55692.75
2021-12-05 09:00:00+00:00,57936.75
2021-12-05 10:00:00+00:00,60270.0
2021-12-05 11:00:00+00:00,60246.0
2021-12-05 12:00:00+00:00,58369.75
2021-12-05 13:00:00+00:00,57632.75
2021-12-05 14:00:00+00:00,57717.25
2021-12-05 15:00:00+00:00,59802.25
2021-12-05 16:00:00+00:00,62630.25
2021-12-05 17:00:00+00:00,62708.5
2021-12-05 18:00:00+00:00,61498.0
2021-12-05 19:00:00+00:00,58728.25
2021-12-05 20:00:00+00:00,57005.5
2021-12-05 21:00:00+00:00,56259.5
2021-12-05 22:00:00+00:00,53327.0
2021-12-05 23:00:00+00:00,51439.0
2021-12-06 00:00:00+00:00,49969.5
2021-12-06 01:00:00+00:00,49542.25
2021-12-06 02:00:00+00:00,50547.75
2021-12-06 03:00:00+00:00,52283.0
2021-12-06 04:00:00+00:00,56117.0
2021-12-06 05:00:00+00:00,63825.75
2021-12-06 06:00:00+00:00,69463.0
2021-12-06 07:00:00+00:00,72656.75
2021-12-06 08:00:00+00:00,72891.5
2021-12-06 09:00:00+00:00,73214.75
2021-12-06 10:00:00+00:00,74046.5
2021-12-06 11:00:00+00:00,74127.25
2021-12-06 12:00:00+00:00,73479.0
2021-12-06 13:00:00+00:00,72729.5
2021-12-06 14:00:00+00:00,73068.5
2021-12-06 15:00:00+00:00,74213.25
2021-12-06 16:00:00+00:00,75886.0
2021-12-06 17:00:00+00:00,75372.0
2021-12-06 18:00:00+00:00,73530.5
2021-12-06 19:00:00+00:00,69892.75
2021-12-06 20:00:00+00:00,66493.5
2021-12-06 21:00:00+00:00,62917.0
2021-12-06 22:00:00+00:00,59646.5
2021-12-06 23:00:00+00:00,56468.75
2021-12-07 00:00:00+00:00,54621.25
2021-12-07 01:00:00+00:00,53759.25
2021-12-07 02:00:00+00:00,54091.5
2021-12-07 03:00:00+00:00,55507.25
2021-12-07 04:00:00+00:00,58577.75
2021-12-07 05:00:00+00:00,66019.25
2021-12-07 06:00:00+00:00,72067.25
2021-12-07 07:00:00+00:00,74504.75
2021-12-07 08:00:00+00:00,75398.5
2021-12-07 09:00:00+00:00,75948.25
2021-12-07 10:00:00+00:00,76402.0
2021-12-07 11:00:00+00:00,75960.0
2021-12-07 12:00:00+00:00,75006.0
2021-12-07 13:00:00+00:00,74229.25
2021-12-07 14:00:00+00:00,73553.75
2021-12-07 15:00:00+00:00,74805.5
2021-12-07 16:00:00+00:00,77179.0
2021-12-07 17:00:00+00:00,77290.0
2021-12-07 18:00:00+00:00,75328.25
2021-12-07 19:00:00+00:00,71230.5
2021-12-07 20:00:00+00:00,67799.0
2021-12-07 21:00:00+00:00,64693.0
2021-12-07 22:00:00+00:00,61162.5
2021-12-07 23:00:00+00:00,57156.75
2021-12-08 00:00:00+00:00,55680.75
2021-12-08 01:00:00+00:00,54880.25
2021-12-08 02:00:00+00:00,55207.0
2021-12-08 03:00:00+00:00,56548.25
2021-12-08 04:00:00+00:00,59744.25
2021-12-08 05:00:00+00:00,67383.75
2021-12-08 06:00:00+00:00,73947.75
2021-12-08 07:00:00+00:00,76539.0
2021-12-08 08:00:00+00:00,76953.25
2021-12-08 09:00:00+00:00,77711.5
2021-12-08 10:00:00+00:00,78571.75
2021-12-08 11:00:00+00:00,77776.75
2021-12-08 12:00:00+00:00,77003.75
2021-12-08 13:00:00+00:00,75779.5
2021-12-08 14:00:00+00:00,75186.75
2021-12-08 15:00:00+00:00,76078.25
2021-12-08 16:00:00+00:00,78039.25
2021-12-08 17:00:00+00:00,76931.25
2021-12-08 18:00:00+00:00,74781.25
2021-12-08 19:00:00+00:00,70515.25
2021-12-08 20:00:00+00:00,65661.0
2021-12-08 21:00:00+00:00,61659.25
2021-12-08 22:00:00+00:00,57126.25
2021-12-08 23:00:00+00:00,54673.5
2021-12-09 00:00:00+00:00,53216.75
2021-12-09 01:00:00+00:00,52486.25
2021-12-09 02:00:00+00:00,52511.25
2021-12-09 03:00:00+00:00,54225.5
2021-12-09 04:00:00+00:00,57467.75
2021-12-09 05:00:00+00:00,64801.5
2021-12-09 06:00:00+00:00,70774.0
2021-12-09 07:00:00+00:00,73503.5
2021-12-09 08:00:00+00:00,73780.25
2021-12-09 09:00:00+00:00,74286.25
2021-12-09 10:00:00+00:00,75006.5
2021-12-09 11:00:00+00:00,75016.0
2021-12-09 12:00:00+00:00,74613.25
2021-12-09 13:00:00+00:00,73477.5
2021-12-09 14:00:00+00:00,73119.75
2021-12-09 15:00:00+00:00,74262.0
2021-12-09 16:00:00+00:00,75748.25
2021-12-09 17:00:00+00:00,74659.75
2021-12-09 18:00:00+00:00,72848.5
2021-12-09 19:00:00+00:00,68971.75
2021-12-09 20:00:00+00:00,65020.5
2021-12-09 21:00:00+00:00,61620.5
2021-12-09 22:00:00+00:00,57596.25
2021-12-09 23:00:00+00:00,54688.75
2021-12-10 00:00:00+00:00,53225.0
2021-12-10 01:00:00+00:00,52251.5
2021-12-10 02:00:00+00:00,53017.25
2021-12-10 03:00:00+00:00,54405.75
2021-12-10 04:00:00+00:00,57394.25
2021-12-10 05:00:00+00:00,64194.75
2021-12-10 06:00:00+00:00,70543.25
2021-12-10 07:00:00+00:00,73212.25
2021-12-10 08:00:00+00:00,73507.0
2021-12-10 09:00:00+00:00,73939.25
2021-12-10 10:00:00+00:00,74017.0
2021-12-10 11:00:00+00:00,73564.0
2021-12-10 12:00:00+00:00,72290.75
2021-12-10 13:00:00+00:00,71067.25
2021-12-10 14:00:00+00:00,70741.0
2021-12-10 15:00:00+00:00,72003.25
2021-12-10 16:00:00+00:00,73550.0
2021-12-10 17:00:00+00:00,72415.75
2021-12-10 18:00:00+00:00,69785.75
2021-12-10 19:00:00+00:00,65664.0
2021-12-10 20:00:00+00:00,62073.75
2021-12-10 21:00:00+00:00,59179.75
2021-12-10 22:00:00+00:00,55464.25
2021-12-10 23:00:00+00:00,52369.5
2021-12-11 00:00:00+00:00,50777.0
2021-12-11 01:00:00+00:00,49477.0
2021-12-11 02:00:00+00:00,49084.0
2021-12-11 03:00:00+00:00,49127.0
2021-12-11 04:00:00+00:00,49337.75
2021-12-11 05:00:00+00:00,50644.5
2021-12-11 06:00:00+00:00,53965.5
2021-12-11 07:00:00+00:00,57572.25
2021-12-11 08:00:00+00:00,60660.0
2021-12-11 09:00:00+00:00,62308.5
2021-12-11 10:00:00+00:00,63567.75
2021-12-11 11:00:00+00:00,63540.25
2021-12-11 12:00:00+00:00,62473.5
2021-12-11 13:00:00+00:00,61375.25
2021-12-11 14:00:00+00:00,61577.25
2021-12-11 15:00:00+00:00,63418.25
2021-12-11 16:00:00+00:00,65741.75
2021-12-11 17:00:00+00:00,65770.25
2021-12-11 18:00:00+00:00,63209.75
2021-12-11 19:00:00+00:00,59649.25
2021-12-11 20:00:00+00:00,57001.0
2021-12-11 21:00:00+00:00,55506.75
2021-12-11 22:00:00+00:00,53050.0
2021-12-11 23:00:00+00:00,50159.25
2021-12-12 00:00:00+00:00,48238.0
2021-12-12 01:00:00+00:00,47069.75
2021-12-12 02:00:00+00:00,46607.75
2021-12-12 03:00:00+00:00,46461.75
2021-12-12 04:00:00+00:00,46484.25
2021-12-12 05:00:00+00:00,46887.25
2021-12-12 06:00:00+00:00,49463.75
2021-12-12 07:00:00+00:00,52839.0
2021-12-12 08:00:00+00:00,56816.25
2021-12-12 09:00:00+00:00,59401.75
2021-12-12 10:00:00+00:00,62147.25
2021-12-12 11:00:00+00:00,62043.5
2021-12-12 12:00:00+00:00,60164.75
2021-12-12 13:00:00+00:00,58629.75
2021-12-12 14:00:00+00:00,58471.5
2021-12-12 15:00:00+00:00,60294.25
2021-12-12 16:00:00+00:00,62768.0
2021-12-12 17:00:00+00:00,62451.0
2021-12-12 18:00:00+00:00,60863.75
2021-12-12 19:00:00+00:00,58106.75
2021-12-12 20:00:00+00:00,56300.25
2021-12-12 21:00:00+00:00,55831.5
2021-12-12 22:00:00+00:00,52359.5
2021-12-12 23:00:00+00:00,49526.0
2021-12-13 00:00:00+00:00,47954.75
2021-12-13 01:00:00+00:00,47455.25
2021-12-13 02:00:00+00:00,47847.5
2021-12-13 03:00:00+00:00,49640.0
2021-12-13 04:00:00+00:00,53881.25
2021-12-13 05:00:00+00:00,62006.75
2021-12-13 06:00:00+00:00,68273.25
2021-12-13 07:00:00+00:00,71185.25
2021-12-13 08:00:00+00:00,71529.0
2021-12-13 09:00:00+00:00,72392.5
2021-12-13 10:00:00+00:00,72873.25
2021-12-13 11:00:00+00:00,72032.5
2021-12-13 12:00:00+00:00,72656.75
2021-12-13 13:00:00+00:00,71362.5
2021-12-13 14:00:00+00:00,70976.0
2021-12-13 15:00:00+00:00,72059.25
2021-12-13 16:00:00+00:00,73435.0
2021-12-13 17:00:00+00:00,72661.5
2021-12-13 18:00:00+00:00,70908.5
2021-12-13 19:00:00+00:00,67179.0
2021-12-13 20:00:00+00:00,63638.25
2021-12-13 21:00:00+00:00,60453.5
2021-12-13 22:00:00+00:00,56674.5
2021-12-13 23:00:00+00:00,53705.0
2021-12-14 00:00:00+00:00,52256.25
2021-12-14 01:00:00+00:00,51384.25
2021-12-14 02:00:00+00:00,51541.5
2021-12-14 03:00:00+00:00,53413.75
2021-12-14 04:00:00+00:00,56964.0
2021-12-14 05:00:00+00:00,64109.25
2021-12-14 06:00:00+00:00,70792.5
2021-12-14 07:00:00+00:00,73555.0
2021-12-14 08:00:00+00:00,73552.5
2021-12-14 09:00:00+00:00,73847.5
2021-12-14 10:00:00+00:00,74186.25
2021-12-14 11:00:00+00:00,73267.0
2021-12-14 12:00:00+00:00,72490.0
2021-12-14 13:00:00+00:00,71389.5
2021-12-14 14:00:00+00:00,70994.0
2021-12-14 15:00:00+00:00,72045.75
2021-12-14 16:00:00+00:00,73292.75
2021-12-14 17:00:00+00:00,72287.0
2021-12-14 18:00:00+00:00,70236.75
2021-12-14 19:00:00+00:00,66254.0
2021-12-14 20:00:00+00:00,63044.25
2021-12-14 21:00:00+00:00,60047.75
2021-12-14 22:00:00+00:00,56199.75
2021-12-14 23:00:00+00:00,53848.5
2021-12-15 00:00:00+00:00,51378.5
2021-12-15 01:00:00+00:00,50816.25
2021-12-15 02:00:00+00:00,51337.75
2021-12-15 03:00:00+00:00,52484.5
2021-12-15 04:00:00+00:00,56247.75
2021-12-15 05:00:00+00:00,63561.5
2021-12-15 06:00:00+00:00,70185.25
2021-12-15 07:00:00+00:00,73234.5
2021-12-15 08:00:00+00:00,73453.0
2021-12-15 09:00:00+00:00,73979.25
2021-12-15 10:00:00+00:00,74725.0
2021-12-15 11:00:00+00:00,74393.5
2021-12-15 12:00:00+00:00,73642.25
2021-12-15 13:00:00+00:00,72759.0
2021-12-15 14:00:00+00:00,72392.25
2021-12-15 15:00:00+00:00,73447.75
2021-12-15 16:00:00+00:00,74678.5
2021-12-15 17:00:00+00:00,73628.5
2021-12-15 18:00:00+00:00,71637.5
2021-12-15 19:00:00+00:00,67746.5
2021-12-15 20:00:00+00:00,64032.5
2021-12-15 21:00:00+00:00,60874.5
2021-12-15 22:00:00+00:00,57058.0
2021-12-15 23:00:00+00:00,53275.0
2021-12-16 00:00:00+00:00,51263.75
2021-12-16 01:00:00+00:00,50509.25
2021-12-16 02:00:00+00:00,50305.5
2021-12-16 03:00:00+00:00,51595.25
2021-12-16 04:00:00+00:00,55468.75
2021-12-16 05:00:00+00:00,62852.25
2021-12-16 06:00:00+00:00,69275.25
2021-12-16 07:00:00+00:00,71709.0
2021-12-16 08:00:00+00:00,71980.25
2021-12-16 09:00:00+00:00,72254.5
2021-12-16 10:00:00+00:00,73239.75
2021-12-16 11:00:00+00:00,73149.75
2021-12-16 12:00:00+00:00,72301.25
2021-12-16 13:00:00+00:00,71208.0
2021-12-16 14:00:00+00:00,70759.25
2021-12-16 15:00:00+00:00,71665.25
2021-12-16 16:00:00+00:00,73288.5
2021-12-16 17:00:00+00:00,73004.5
2021-12-16 18:00:00+00:00,71222.5
2021-12-16 19:00:00+00:00,67480.5
2021-12-16 20:00:00+00:00,63917.25
2021-12-16 21:00:00+00:00,60776.5
2021-12-16 22:00:00+00:00,57074.25
2021-12-16 23:00:00+00:00,53444.0
2021-12-17 00:00:00+00:00,51420.75
2021-12-17 01:00:00+00:00,50789.25
2021-12-17 02:00:00+00:00,50985.5
2021-12-17 03:00:00+00:00,51900.25
2021-12-17 04:00:00+00:00,54671.25
2021-12-17 05:00:00+00:00,61591.5
2021-12-17 06:00:00+00:00,68011.75
2021-12-17 07:00:00+00:00,70618.75
2021-12-17 08:00:00+00:00,69905.75
2021-12-17 09:00:00+00:00,70741.0
2021-12-17 10:00:00+00:00,71330.0
2021-12-17 11:00:00+00:00,70769.5
2021-12-17 12:00:00+00:00,69482.0
2021-12-17 13:00:00+00:00,67998.75
2021-12-17 14:00:00+00:00,67603.25
2021-12-17 15:00:00+00:00,68729.5
2021-12-17 16:00:00+00:00,70467.5
2021-12-17 17:00:00+00:00,69612.5
2021-12-17 18:00:00+00:00,67726.25
2021-12-17 19:00:00+00:00,63556.75
2021-12-17 20:00:00+00:00,59901.75
2021-12-17 21:00:00+00:00,56938.5
2021-12-17 22:00:00+00:00,53506.5
2021-12-17 23:00:00+00:00,50970.75
2021-12-18 00:00:00+00:00,49242.25
2021-12-18 01:00:00+00:00,48546.75
2021-12-18 02:00:00+00:00,48432.0
2021-12-18 03:00:00+00:00,47992.0
2021-12-18 04:00:00+00:00,48599.25
2021-12-18 05:00:00+00:00,50221.5
2021-12-18 06:00:00+00:00,53627.25
2021-12-18 07:00:00+00:00,57561.5
2021-12-18 08:00:00+00:00,60860.75
2021-12-18 09:00:00+00:00,62972.5
2021-12-18 10:00:00+00:00,64344.25
2021-12-18 11:00:00+00:00,63926.5
2021-12-18 12:00:00+00:00,62497.5
2021-12-18 13:00:00+00:00,61424.75
2021-12-18 14:00:00+00:00,61437.75
2021-12-18 15:00:00+00:00,63221.75
2021-12-18 16:00:00+00:00,65441.5
2021-12-18 17:00:00+00:00,65191.25
2021-12-18 18:00:00+00:00,62854.5
2021-12-18 19:00:00+00:00,58927.25
2021-12-18 20:00:00+00:00,55987.0
2021-12-18 21:00:00+00:00,54780.5
2021-12-18 22:00:00+00:00,51992.0
2021-12-18 23:00:00+00:00,49441.75
2021-12-19 00:00:00+00:00,47587.5
2021-12-19 01:00:00+00:00,46725.25
2021-12-19 02:00:00+00:00,46415.25
2021-12-19 03:00:00+00:00,46578.75
2021-12-19 04:00:00+00:00,46650.75
2021-12-19 05:00:00+00:00,46745.75
2021-12-19 06:00:00+00:00,48528.0
2021-12-19 07:00:00+00:00,51877.0
2021-12-19 08:00:00+00:00,55571.5
2021-12-19 09:00:00+00:00,58128.75
2021-12-19 10:00:00+00:00,60950.5
2021-12-19 11:00:00+00:00,60881.0
2021-12-19 12:00:00+00:00,58525.5
2021-12-19 13:00:00+00:00,57694.75
2021-12-19 14:00:00+00:00,57863.25
2021-12-19 15:00:00+00:00,59565.25
2021-12-19 16:00:00+00:00,62179.25
2021-12-19 17:00:00+00:00,62413.25
2021-12-19 18:00:00+00:00,60934.75
2021-12-19 19:00:00+00:00,58454.5
2021-12-19 20:00:00+00:00,56383.0
2021-12-19 21:00:00+00:00,55980.5
2021-12-19 22:00:00+00:00,52179.5
2021-12-19 23:00:00+00:00,49570.75
2021-12-20 00:00:00+00:00,47998.25
2021-12-20 01:00:00+00:00,47466.25
2021-12-20 02:00:00+00:00,47966.0
2021-12-20 03:00:00+00:00,49456.5
2021-12-20 04:00:00+00:00,52788.75
2021-12-20 05:00:00+00:00,60517.5
2021-12-20 06:00:00+00:00,66869.25
2021-12-20 07:00:00+00:00,69628.0
2021-12-20 08:00:00+00:00,69960.5
2021-12-20 09:00:00+00:00,69385.5
2021-12-20 10:00:00+00:00,69484.75
2021-12-20 11:00:00+00:00,69078.25
2021-12-20 12:00:00+00:00,68027.25
2021-12-20 13:00:00+00:00,66569.25
2021-12-20 14:00:00+00:00,66231.5
2021-12-20 15:00:00+00:00,67964.0
2021-12-20 16:00:00+00:00,70440.75
2021-12-20 17:00:00+00:00,69891.0
2021-12-20 18:00:00+00:00,68525.75
2021-12-20 19:00:00+00:00,64769.25
2021-12-20 20:00:00+00:00,60998.75
2021-12-20 21:00:00+00:00,58181.75
2021-12-20 22:00:00+00:00,55017.5
2021-12-20 23:00:00+00:00,52059.25
2021-12-21 00:00:00+00:00,50338.75
2021-12-21 01:00:00+00:00,49940.5
2021-12-21 02:00:00+00:00,50225.25
2021-12-21 03:00:00+00:00,51057.5
2021-12-21 04:00:00+00:00,53908.0
2021-12-21 05:00:00+00:00,60116.5
2021-12-21 06:00:00+00:00,65890.75
2021-12-21 07:00:00+00:00,68704.75
2021-12-21 08:00:00+00:00,69061.0
2021-12-21 09:00:00+00:00,68730.0
2021-12-21 10:00:00+00:00,68697.25
2021-12-21 11:00:00+00:00,68168.75
2021-12-21 12:00:00+00:00,67198.0
2021-12-21 13:00:00+00:00,65975.5
2021-12-21 14:00:00+00:00,65958.75
2021-12-21 15:00:00+00:00,67399.5
2021-12-21 16:00:00+00:00,69516.0
2021-12-21 17:00:00+00:00,68892.0
2021-12-21 18:00:00+00:00,67422.5
2021-12-21 19:00:00+00:00,64158.5
2021-12-21 20:00:00+00:00,60629.5
2021-12-21 21:00:00+00:00,58158.0
2021-12-21 22:00:00+00:00,55124.25
2021-12-21 23:00:00+00:00,52769.0
2021-12-22 00:00:00+00:00,51400.5
2021-12-22 01:00:00+00:00,51010.25
2021-12-22 02:00:00+00:00,51213.75
2021-12-22 03:00:00+00:00,51840.0
2021-12-22 04:00:00+00:00,54646.75
2021-12-22 05:00:00+00:00,60256.0
2021-12-22 06:00:00+00:00,65918.75
2021-12-22 07:00:00+00:00,68741.75
2021-12-22 08:00:00+00:00,69075.75
2021-12-22 09:00:00+00:00,69160.25
2021-12-22 10:00:00+00:00,69410.5
2021-12-22 11:00:00+00:00,69183.75
2021-12-22 12:00:00+00:00,67409.5
2021-12-22 13:00:00+00:00,65920.75
2021-12-22 14:00:00+00:00,65675.5
2021-12-22 15:00:00+00:00,67845.5
2021-12-22 16:00:00+00:00,69981.0
2021-12-22 17:00:00+00:00,69367.0
2021-12-22 18:00:00+00:00,67622.25
2021-12-22 19:00:00+00:00,64730.0
2021-12-22 20:00:00+00:00,62331.0
2021-12-22 21:00:00+00:00,59218.0
2021-12-22 22:00:00+00:00,55534.75
2021-12-22 23:00:00+00:00,52365.5
2021-12-23 00:00:00+00:00,50382.75
2021-12-23 01:00:00+00:00,49651.0
2021-12-23 02:00:00+00:00,49591.0
2021-12-23 03:00:00+00:00,50465.5
2021-12-23 04:00:00+00:00,52331.5
2021-12-23 05:00:00+00:00,56924.75
2021-12-23 06:00:00+00:00,62045.75
2021-12-23 07:00:00+00:00,65726.0
2021-12-23 08:00:00+00:00,66806.75
2021-12-23 09:00:00+00:00,67481.25
2021-12-23 10:00:00+00:00,67960.75
2021-12-23 11:00:00+00:00,67380.75
2021-12-23 12:00:00+00:00,66248.75
2021-12-23 13:00:00+00:00,65484.0
2021-12-23 14:00:00+00:00,65210.0
2021-12-23 15:00:00+00:00,66686.5
2021-12-23 16:00:00+00:00,68423.5
2021-12-23 17:00:00+00:00,67451.75
2021-12-23 18:00:00+00:00,65581.75
2021-12-23 19:00:00+00:00,61449.0
2021-12-23 20:00:00+00:00,58355.25
2021-12-23 21:00:00+00:00,56022.25
2021-12-23 22:00:00+00:00,52699.25
2021-12-23 23:00:00+00:00,48585.0
2021-12-24 00:00:00+00:00,46149.75
2021-12-24 01:00:00+00:00,44665.25
2021-12-24 02:00:00+00:00,43936.0
2021-12-24 03:00:00+00:00,44416.5
2021-12-24 04:00:00+00:00,45186.75
2021-12-24 05:00:00+00:00,46363.25
2021-12-24 06:00:00+00:00,49367.25
2021-12-24 07:00:00+00:00,53240.0
2021-12-24 08:00:00+00:00,56753.0
2021-12-24 09:00:00+00:00,58614.75
2021-12-24 10:00:00+00:00,59596.5
2021-12-24 11:00:00+00:00,59739.5
2021-12-24 12:00:00+00:00,58691.0
2021-12-24 13:00:00+00:00,57344.0
2021-12-24 14:00:00+00:00,56764.0
2021-12-24 15:00:00+00:00,58394.0
2021-12-24 16:00:00+00:00,59485.75
2021-12-24 17:00:00+00:00,57286.75
2021-12-24 18:00:00+00:00,53782.0
2021-12-24 19:00:00+00:00,50640.0
2021-12-24 20:00:00+00:00,49171.0
2021-12-24 21:00:00+00:00,48416.75
2021-12-24 22:00:00+00:00,46127.5
2021-12-24 23:00:00+00:00,43710.75
2021-12-25 00:00:00+00:00,41509.0
2021-12-25 01:00:00+00:00,40378.0
2021-12-25 02:00:00+00:00,40437.75
2021-12-25 03:00:00+00:00,40864.5
2021-12-25 04:00:00+00:00,40957.0
2021-12-25 05:00:00+00:00,40917.5
2021-12-25 06:00:00+00:00,42994.25
2021-12-25 07:00:00+00:00,46732.25
2021-12-25 08:00:00+00:00,50978.0
2021-12-25 09:00:00+00:00,53303.0
2021-12-25 10:00:00+00:00,54839.5
2021-12-25 11:00:00+00:00,54018.25
2021-12-25 12:00:00+00:00,51690.0
2021-12-25 13:00:00+00:00,50330.0
2021-12-25 14:00:00+00:00,50102.5
2021-12-25 15:00:00+00:00,51789.25
2021-12-25 16:00:00+00:00,54381.5
2021-12-25 17:00:00+00:00,54752.25
2021-12-25 18:00:00+00:00,53643.0
2021-12-25 19:00:00+00:00,51880.5
2021-12-25 20:00:00+00:00,50860.25
2021-12-25 21:00:00+00:00,50399.0
2021-12-25 22:00:00+00:00,47964.75
2021-12-25 23:00:00+00:00,45346.25
2021-12-26 00:00:00+00:00,44051.5
2021-12-26 01:00:00+00:00,43100.5
2021-12-26 02:00:00+00:00,42820.5
2021-12-26 03:00:00+00:00,42798.5
2021-12-26 04:00:00+00:00,42735.25
2021-12-26 05:00:00+00:00,42580.25
2021-12-26 06:00:00+00:00,44013.5
2021-12-26 07:00:00+00:00,46958.25
2021-12-26 08:00:00+00:00,50687.25
2021-12-26 09:00:00+00:00,52761.75
2021-12-26 10:00:00+00:00,54750.0
2021-12-26 11:00:00+00:00,54228.5
2021-12-26 12:00:00+00:00,52171.25
2021-12-26 13:00:00+00:00,51056.5
2021-12-26 14:00:00+00:00,50667.5
2021-12-26 15:00:00+00:00,52813.25
2021-12-26 16:00:00+00:00,55882.5
2021-12-26 17:00:00+00:00,56523.5
2021-12-26 18:00:00+00:00,55494.5
2021-12-26 19:00:00+00:00,53744.75
2021-12-26 20:00:00+00:00,52606.25
2021-12-26 21:00:00+00:00,52087.0
2021-12-26 22:00:00+00:00,49837.5
2021-12-26 23:00:00+00:00,46682.0
2021-12-27 00:00:00+00:00,44758.0
2021-12-27 01:00:00+00:00,43949.25
2021-12-27 02:00:00+00:00,44202.25
2021-12-27 03:00:00+00:00,45352.75
2021-12-27 04:00:00+00:00,47218.75
2021-12-27 05:00:00+00:00,50060.0
2021-12-27 06:00:00+00:00,54273.0
2021-12-27 07:00:00+00:00,58006.75
2021-12-27 08:00:00+00:00,60485.25
2021-12-27 09:00:00+00:00,61615.25
2021-12-27 10:00:00+00:00,62556.25
2021-12-27 11:00:00+00:00,63017.0
2021-12-27 12:00:00+00:00,61801.75
2021-12-27 13:00:00+00:00,60884.0
2021-12-27 14:00:00+00:00,61245.0
2021-12-27 15:00:00+00:00,63067.0
2021-12-27 16:00:00+00:00,65098.0
2021-12-27 17:00:00+00:00,65070.0
2021-12-27 18:00:00+00:00,63274.75
2021-12-27 19:00:00+00:00,59390.5
2021-12-27 20:00:00+00:00,56728.25
2021-12-27 21:00:00+00:00,54907.25
2021-12-27 22:00:00+00:00,51138.25
2021-12-27 23:00:00+00:00,47659.5
2021-12-28 00:00:00+00:00,45682.0
2021-12-28 01:00:00+00:00,45020.5
2021-12-28 02:00:00+00:00,45397.0
2021-12-28 03:00:00+00:00,46354.75
2021-12-28 04:00:00+00:00,47768.0
2021-12-28 05:00:00+00:00,50966.0
2021-12-28 06:00:00+00:00,54602.75
2021-12-28 07:00:00+00:00,57824.75
2021-12-28 08:00:00+00:00,59890.0
2021-12-28 09:00:00+00:00,61176.25
2021-12-28 10:00:00+00:00,62676.0
2021-12-28 11:00:00+00:00,63124.25
2021-12-28 12:00:00+00:00,62291.5
2021-12-28 13:00:00+00:00,61680.5
2021-12-28 14:00:00+00:00,61627.25
2021-12-28 15:00:00+00:00,63603.75
2021-12-28 16:00:00+00:00,65120.0
2021-12-28 17:00:00+00:00,64546.0
2021-12-28 18:00:00+00:00,62293.0
2021-12-28 19:00:00+00:00,58222.5
2021-12-28 20:00:00+00:00,55032.25
2021-12-28 21:00:00+00:00,52786.0
2021-12-28 22:00:00+00:00,49117.25
2021-12-28 23:00:00+00:00,45316.5
2021-12-29 00:00:00+00:00,43724.75
2021-12-29 01:00:00+00:00,43061.25
2021-12-29 02:00:00+00:00,43138.25
2021-12-29 03:00:00+00:00,44025.75
2021-12-29 04:00:00+00:00,45247.5
2021-12-29 05:00:00+00:00,47244.5
2021-12-29 06:00:00+00:00,50676.75
2021-12-29 07:00:00+00:00,54067.0
2021-12-29 08:00:00+00:00,55947.0
2021-12-29 09:00:00+00:00,57155.25
2021-12-29 10:00:00+00:00,58487.75
2021-12-29 11:00:00+00:00,58561.75
2021-12-29 12:00:00+00:00,57657.25
2021-12-29 13:00:00+00:00,56761.25
2021-12-29 14:00:00+00:00,56728.5
2021-12-29 15:00:00+00:00,58403.5
2021-12-29 16:00:00+00:00,60493.25
2021-12-29 17:00:00+00:00,60526.5
2021-12-29 18:00:00+00:00,58646.5
2021-12-29 19:00:00+00:00,55433.0
2021-12-29 20:00:00+00:00,52815.25
2021-12-29 21:00:00+00:00,51250.75
2021-12-29 22:00:00+00:00,48185.0
2021-12-29 23:00:00+00:00,44947.25
2021-12-30 00:00:00+00:00,43305.0
2021-12-30 01:00:00+00:00,42660.0
2021-12-30 02:00:00+00:00,42079.5
2021-12-30 03:00:00+00:00,43497.25
2021-12-30 04:00:00+00:00,45384.25
2021-12-30 05:00:00+00:00,47987.5
2021-12-30 06:00:00+00:00,51907.5
2021-12-30 07:00:00+00:00,55806.5
2021-12-30 08:00:00+00:00,57879.25
2021-12-30 09:00:00+00:00,59104.25
2021-12-30 10:00:00+00:00,60553.5
2021-12-30 11:00:00+00:00,60723.25
2021-12-30 12:00:00+00:00,59564.75
2021-12-30 13:00:00+00:00,58889.5
2021-12-30 14:00:00+00:00,58893.75
2021-12-30 15:00:00+00:00,60765.0
2021-12-30 16:00:00+00:00,63292.75
2021-12-30 17:00:00+00:00,63110.75
2021-12-30 18:00:00+00:00,61175.0
2021-12-30 19:00:00+00:00,57563.75
2021-12-30 20:00:00+00:00,54339.75
2021-12-30 21:00:00+00:00,52232.75
2021-12-30 22:00:00+00:00,49380.25
2021-12-30 23:00:00+00:00,46027.25
2021-12-31 00:00:00+00:00,43679.5
2021-12-31 01:00:00+00:00,42277.75
2021-12-31 02:00:00+00:00,41903.5
2021-12-31 03:00:00+00:00,43014.5
2021-12-31 04:00:00+00:00,44249.5
2021-12-31 05:00:00+00:00,45274.75
2021-12-31 06:00:00+00:00,47255.75
2021-12-31 07:00:00+00:00,50355.25
2021-12-31 08:00:00+00:00,53229.5
2021-12-31 09:00:00+00:00,55215.5
2021-12-31 10:00:00+00:00,56350.0
2021-12-31 11:00:00+00:00,56429.75
2021-12-31 12:00:00+00:00,55128.25
2021-12-31 13:00:00+00:00,53666.25
2021-12-31 14:00:00+00:00,53832.0
2021-12-31 15:00:00+00:00,55700.75
2021-12-31 16:00:00+00:00,58442.5
2021-12-31 17:00:00+00:00,58528.5
2021-12-31 18:00:00+00:00,55785.75
2021-12-31 19:00:00+00:00,51849.0
2021-12-31 20:00:00+00:00,48751.75
2021-12-31 21:00:00+00:00,47461.5
2021-12-31 22:00:00+00:00,45616.75
2021-12-31 23:00:00+00:00,43915.5
