timestamp,value
2019-01-01 00:00:00+00:00,2868.25
2019-01-01 01:00:00+00:00,2460.25
2019-01-01 02:00:00+00:00,2696.5
2019-01-01 03:00:00+00:00,2578.0
2019-01-01 04:00:00+00:00,2377.25
2019-01-01 05:00:00+00:00,1930.0
2019-01-01 06:00:00+00:00,2045.0
2019-01-01 07:00:00+00:00,2203.75
2019-01-01 08:00:00+00:00,2075.5
2019-01-01 09:00:00+00:00,2159.0
2019-01-01 10:00:00+00:00,2723.5
2019-01-01 11:00:00+00:00,2521.25
2019-01-01 12:00:00+00:00,2287.0
2019-01-01 13:00:00+00:00,2247.5
2019-01-01 14:00:00+00:00,2124.25
2019-01-01 15:00:00+00:00,2219.25
2019-01-01 16:00:00+00:00,2270.0
2019-01-01 17:00:00+00:00,2209.25
2019-01-01 18:00:00+00:00,2176.0
2019-01-01 19:00:00+00:00,2145.25
2019-01-01 20:00:00+00:00,1848.0
2019-01-01 21:00:00+00:00,1842.25
2019-01-01 22:00:00+00:00,1769.5
2019-01-01 23:00:00+00:00,1672.0
2019-01-02 00:00:00+00:00,2035.0
2019-01-02 01:00:00+00:00,2658.25
2019-01-02 02:00:00+00:00,3050.25
2019-01-02 03:00:00+00:00,3093.25
2019-01-02 04:00:00+00:00,3259.75
2019-01-02 05:00:00+00:00,3874.5
2019-01-02 06:00:00+00:00,4545.25
2019-01-02 07:00:00+00:00,4332.5
2019-01-02 08:00:00+00:00,4230.25
2019-01-02 09:00:00+00:00,4120.5
2019-01-02 10:00:00+00:00,3756.5
2019-01-02 11:00:00+00:00,3386.25
2019-01-02 12:00:00+00:00,3164.25
2019-01-02 13:00:00+00:00,2964.5
2019-01-02 14:00:00+00:00,3113.0
2019-01-02 15:00:00+00:00,2880.5
2019-01-02 16:00:00+00:00,2855.5
2019-01-02 17:00:00+00:00,2696.0
2019-01-02 18:00:00+00:00,2958.25
2019-01-02 19:00:00+00:00,2710.0
2019-01-02 20:00:00+00:00,2847.25
2019-01-02 21:00:00+00:00,3057.0
2019-01-02 22:00:00+00:00,2817.75
2019-01-02 23:00:00+00:00,3205.5
2019-01-03 00:00:00+00:00,3816.0
2019-01-03 01:00:00+00:00,3773.0
2019-01-03 02:00:00+00:00,4061.25
2019-01-03 03:00:00+00:00,4151.0
2019-01-03 04:00:00+00:00,4373.5
2019-01-03 05:00:00+00:00,4207.5
2019-01-03 06:00:00+00:00,4112.75
2019-01-03 07:00:00+00:00,4046.75
2019-01-03 08:00:00+00:00,3640.0
2019-01-03 09:00:00+00:00,3141.75
2019-01-03 10:00:00+00:00,2584.0
2019-01-03 11:00:00+00:00,2184.5
2019-01-03 12:00:00+00:00,1791.25
2019-01-03 13:00:00+00:00,1754.25
2019-01-03 14:00:00+00:00,1582.25
2019-01-03 15:00:00+00:00,1463.75
2019-01-03 16:00:00+00:00,1364.0
2019-01-03 17:00:00+00:00,1393.25
2019-01-03 18:00:00+00:00,1687.75
2019-01-03 19:00:00+00:00,1657.75
2019-01-03 20:00:00+00:00,1307.0
2019-01-03 21:00:00+00:00,1301.0
2019-01-03 22:00:00+00:00,1346.0
2019-01-03 23:00:00+00:00,1656.75
2019-01-04 00:00:00+00:00,2379.75
2019-01-04 01:00:00+00:00,3307.75
2019-01-04 02:00:00+00:00,3932.0
2019-01-04 03:00:00+00:00,4264.0
2019-01-04 04:00:00+00:00,4273.25
2019-01-04 05:00:00+00:00,4205.25
2019-01-04 06:00:00+00:00,4214.5
2019-01-04 07:00:00+00:00,3889.5
2019-01-04 08:00:00+00:00,3812.5
2019-01-04 09:00:00+00:00,3798.5
2019-01-04 10:00:00+00:00,3738.75
2019-01-04 11:00:00+00:00,3760.25
2019-01-04 12:00:00+00:00,3693.25
2019-01-04 13:00:00+00:00,3487.75
2019-01-04 14:00:00+00:00,3425.5
2019-01-04 15:00:00+00:00,3505.0
2019-01-04 16:00:00+00:00,3664.25
2019-01-04 17:00:00+00:00,3744.0
2019-01-04 18:00:00+00:00,3839.5
2019-01-04 19:00:00+00:00,3872.75
2019-01-04 20:00:00+00:00,3873.25
2019-01-04 21:00:00+00:00,3890.25
2019-01-04 22:00:00+00:00,3908.25
2019-01-04 23:00:00+00:00,3850.25
2019-01-05 00:00:00+00:00,3818.25
2019-01-05 01:00:00+00:00,3704.75
2019-01-05 02:00:00+00:00,3653.0
2019-01-05 03:00:00+00:00,3518.75
2019-01-05 04:00:00+00:00,3626.75
2019-01-05 05:00:00+00:00,3615.25
2019-01-05 06:00:00+00:00,3743.75
2019-01-05 07:00:00+00:00,3616.5
2019-01-05 08:00:00+00:00,3590.75
2019-01-05 09:00:00+00:00,3561.75
2019-01-05 10:00:00+00:00,3409.25
2019-01-05 11:00:00+00:00,3277.0
2019-01-05 12:00:00+00:00,3348.5
2019-01-05 13:00:00+00:00,3357.5
2019-01-05 14:00:00+00:00,3777.5
2019-01-05 15:00:00+00:00,3735.25
2019-01-05 16:00:00+00:00,3679.75
2019-01-05 17:00:00+00:00,3799.25
2019-01-05 18:00:00+00:00,3773.0
2019-01-05 19:00:00+00:00,4093.75
2019-01-05 20:00:00+00:00,4130.5
2019-01-05 21:00:00+00:00,4008.75
2019-01-05 22:00:00+00:00,4172.25
2019-01-05 23:00:00+00:00,4026.5
2019-01-06 00:00:00+00:00,3874.0
2019-01-06 01:00:00+00:00,3562.0
2019-01-06 02:00:00+00:00,3393.75
2019-01-06 03:00:00+00:00,3128.5
2019-01-06 04:00:00+00:00,2890.75
2019-01-06 05:00:00+00:00,2572.25
2019-01-06 06:00:00+00:00,2293.25
2019-01-06 07:00:00+00:00,2407.25
2019-01-06 08:00:00+00:00,2000.5
2019-01-06 09:00:00+00:00,2194.25
2019-01-06 10:00:00+00:00,2006.5
2019-01-06 11:00:00+00:00,1688.25
2019-01-06 12:00:00+00:00,1870.75
2019-01-06 13:00:00+00:00,1876.25
2019-01-06 14:00:00+00:00,2159.25
2019-01-06 15:00:00+00:00,2561.25
2019-01-06 16:00:00+00:00,2871.0
2019-01-06 17:00:00+00:00,3019.25
2019-01-06 18:00:00+00:00,3106.0
2019-01-06 19:00:00+00:00,2553.0
2019-01-06 20:00:00+00:00,2493.0
2019-01-06 21:00:00+00:00,2983.75
2019-01-06 22:00:00+00:00,3076.5
2019-01-06 23:00:00+00:00,2888.25
2019-01-07 00:00:00+00:00,2504.0
2019-01-07 01:00:00+00:00,2351.25
2019-01-07 02:00:00+00:00,2042.0
2019-01-07 03:00:00+00:00,2168.5
2019-01-07 04:00:00+00:00,2404.25
2019-01-07 05:00:00+00:00,1983.75
2019-01-07 06:00:00+00:00,1272.0
2019-01-07 07:00:00+00:00,888.25
2019-01-07 08:00:00+00:00,763.25
2019-01-07 09:00:00+00:00,1345.0
2019-01-07 10:00:00+00:00,2514.5
2019-01-07 11:00:00+00:00,3571.0
2019-01-07 12:00:00+00:00,4175.5
2019-01-07 13:00:00+00:00,4363.25
2019-01-07 14:00:00+00:00,4253.75
2019-01-07 15:00:00+00:00,4223.0
2019-01-07 16:00:00+00:00,3726.25
2019-01-07 17:00:00+00:00,3752.75
2019-01-07 18:00:00+00:00,4117.75
2019-01-07 19:00:00+00:00,4299.5
2019-01-07 20:00:00+00:00,3870.25
2019-01-07 21:00:00+00:00,3587.5
2019-01-07 22:00:00+00:00,3589.5
2019-01-07 23:00:00+00:00,3505.75
2019-01-08 00:00:00+00:00,3552.0
2019-01-08 01:00:00+00:00,3463.75
2019-01-08 02:00:00+00:00,3473.25
2019-01-08 03:00:00+00:00,3129.75
2019-01-08 04:00:00+00:00,2986.0
2019-01-08 05:00:00+00:00,3046.0
2019-01-08 06:00:00+00:00,2698.75
2019-01-08 07:00:00+00:00,2600.75
2019-01-08 08:00:00+00:00,2885.25
2019-01-08 09:00:00+00:00,3328.75
2019-01-08 10:00:00+00:00,3388.25
2019-01-08 11:00:00+00:00,3481.0
2019-01-08 12:00:00+00:00,3613.75
2019-01-08 13:00:00+00:00,4199.25
2019-01-08 14:00:00+00:00,4343.0
2019-01-08 15:00:00+00:00,4208.75
2019-01-08 16:00:00+00:00,4246.25
2019-01-08 17:00:00+00:00,4437.75
2019-01-08 18:00:00+00:00,4447.75
2019-01-08 19:00:00+00:00,4462.0
2019-01-08 20:00:00+00:00,4385.25
2019-01-08 21:00:00+00:00,4450.25
2019-01-08 22:00:00+00:00,4109.5
2019-01-08 23:00:00+00:00,3976.75
2019-01-09 00:00:00+00:00,3491.0
2019-01-09 01:00:00+00:00,3482.75
2019-01-09 02:00:00+00:00,3478.75
2019-01-09 03:00:00+00:00,3481.0
2019-01-09 04:00:00+00:00,3472.0
2019-01-09 05:00:00+00:00,3857.25
2019-01-09 06:00:00+00:00,4477.0
2019-01-09 07:00:00+00:00,4737.25
2019-01-09 08:00:00+00:00,4756.0
2019-01-09 09:00:00+00:00,4758.25
2019-01-09 10:00:00+00:00,4771.25
2019-01-09 11:00:00+00:00,4914.75
2019-01-09 12:00:00+00:00,4983.25
2019-01-09 13:00:00+00:00,4983.5
2019-01-09 14:00:00+00:00,4983.25
2019-01-09 15:00:00+00:00,5019.5
2019-01-09 16:00:00+00:00,5166.0
2019-01-09 17:00:00+00:00,5158.5
2019-01-09 18:00:00+00:00,5423.75
2019-01-09 19:00:00+00:00,5378.0
2019-01-09 20:00:00+00:00,5070.5
2019-01-09 21:00:00+00:00,4590.25
2019-01-09 22:00:00+00:00,3874.5
2019-01-09 23:00:00+00:00,3059.25
2019-01-10 00:00:00+00:00,2517.75
2019-01-10 01:00:00+00:00,2002.0
2019-01-10 02:00:00+00:00,1628.5
2019-01-10 03:00:00+00:00,1163.75
2019-01-10 04:00:00+00:00,693.0
2019-01-10 05:00:00+00:00,437.5
2019-01-10 06:00:00+00:00,301.5
2019-01-10 07:00:00+00:00,190.25
2019-01-10 08:00:00+00:00,184.0
2019-01-10 09:00:00+00:00,115.5
2019-01-10 10:00:00+00:00,155.0
2019-01-10 11:00:00+00:00,175.25
2019-01-10 12:00:00+00:00,330.0
2019-01-10 13:00:00+00:00,297.75
2019-01-10 14:00:00+00:00,295.25
2019-01-10 15:00:00+00:00,389.5
2019-01-10 16:00:00+00:00,542.5
2019-01-10 17:00:00+00:00,761.0
2019-01-10 18:00:00+00:00,1087.0
2019-01-10 19:00:00+00:00,1411.75
2019-01-10 20:00:00+00:00,1714.25
2019-01-10 21:00:00+00:00,1902.25
2019-01-10 22:00:00+00:00,2150.5
2019-01-10 23:00:00+00:00,2252.0
2019-01-11 00:00:00+00:00,2778.0
2019-01-11 01:00:00+00:00,3864.75
2019-01-11 02:00:00+00:00,4550.75
2019-01-11 03:00:00+00:00,4576.75
2019-01-11 04:00:00+00:00,4702.0
2019-01-11 05:00:00+00:00,4918.75
2019-01-11 06:00:00+00:00,4729.75
2019-01-11 07:00:00+00:00,4635.5
2019-01-11 08:00:00+00:00,4854.25
2019-01-11 09:00:00+00:00,4787.25
2019-01-11 10:00:00+00:00,4573.5
2019-01-11 11:00:00+00:00,4629.25
2019-01-11 12:00:00+00:00,4610.5
2019-01-11 13:00:00+00:00,4582.5
2019-01-11 14:00:00+00:00,4529.25
2019-01-11 15:00:00+00:00,4249.5
2019-01-11 16:00:00+00:00,4120.25
2019-01-11 17:00:00+00:00,4194.75
2019-01-11 18:00:00+00:00,4288.5
2019-01-11 19:00:00+00:00,4227.0
2019-01-11 20:00:00+00:00,4129.5
2019-01-11 21:00:00+00:00,4006.75
2019-01-11 22:00:00+00:00,3824.75
2019-01-11 23:00:00+00:00,3762.5
2019-01-12 00:00:00+00:00,3806.75
2019-01-12 01:00:00+00:00,3673.0
2019-01-12 02:00:00+00:00,3709.25
2019-01-12 03:00:00+00:00,4148.75
2019-01-12 04:00:00+00:00,4271.5
2019-01-12 05:00:00+00:00,4257.25
2019-01-12 06:00:00+00:00,4037.25
2019-01-12 07:00:00+00:00,4110.0
2019-01-12 08:00:00+00:00,4254.5
2019-01-12 09:00:00+00:00,4431.25
2019-01-12 10:00:00+00:00,4227.5
2019-01-12 11:00:00+00:00,4527.5
2019-01-12 12:00:00+00:00,4708.75
2019-01-12 13:00:00+00:00,4758.75
2019-01-12 14:00:00+00:00,4753.75
2019-01-12 15:00:00+00:00,4754.0
2019-01-12 16:00:00+00:00,4822.75
2019-01-12 17:00:00+00:00,4838.25
2019-01-12 18:00:00+00:00,4815.25
2019-01-12 19:00:00+00:00,4829.25
2019-01-12 20:00:00+00:00,4794.5
2019-01-12 21:00:00+00:00,4944.25
2019-01-12 22:00:00+00:00,4895.75
2019-01-12 23:00:00+00:00,4911.0
2019-01-13 00:00:00+00:00,4827.5
2019-01-13 01:00:00+00:00,4763.75
2019-01-13 02:00:00+00:00,4633.25
2019-01-13 03:00:00+00:00,4343.75
2019-01-13 04:00:00+00:00,4700.0
2019-01-13 05:00:00+00:00,5205.0
2019-01-13 06:00:00+00:00,5500.25
2019-01-13 07:00:00+00:00,5558.75
2019-01-13 08:00:00+00:00,5352.0
2019-01-13 09:00:00+00:00,5122.75
2019-01-13 10:00:00+00:00,4739.75
2019-01-13 11:00:00+00:00,4389.75
2019-01-13 12:00:00+00:00,4186.25
2019-01-13 13:00:00+00:00,4158.25
2019-01-13 14:00:00+00:00,4167.0
2019-01-13 15:00:00+00:00,4162.25
2019-01-13 16:00:00+00:00,4165.75
2019-01-13 17:00:00+00:00,4160.25
2019-01-13 18:00:00+00:00,4137.0
2019-01-13 19:00:00+00:00,3591.5
2019-01-13 20:00:00+00:00,3709.0
2019-01-13 21:00:00+00:00,3821.75
2019-01-13 22:00:00+00:00,3856.75
2019-01-13 23:00:00+00:00,3971.0
2019-01-14 00:00:00+00:00,3556.75
2019-01-14 01:00:00+00:00,3437.0
2019-01-14 02:00:00+00:00,3521.75
2019-01-14 03:00:00+00:00,3762.0
2019-01-14 04:00:00+00:00,4784.25
2019-01-14 05:00:00+00:00,4255.5
2019-01-14 06:00:00+00:00,3754.5
2019-01-14 07:00:00+00:00,3639.5
2019-01-14 08:00:00+00:00,3977.0
2019-01-14 09:00:00+00:00,4284.0
2019-01-14 10:00:00+00:00,4324.5
2019-01-14 11:00:00+00:00,4481.25
2019-01-14 12:00:00+00:00,4645.75
2019-01-14 13:00:00+00:00,4649.75
2019-01-14 14:00:00+00:00,4642.75
2019-01-14 15:00:00+00:00,4625.0
2019-01-14 16:00:00+00:00,4606.75
2019-01-14 17:00:00+00:00,4617.25
2019-01-14 18:00:00+00:00,4631.0
2019-01-14 19:00:00+00:00,4606.75
2019-01-14 20:00:00+00:00,4504.25
2019-01-14 21:00:00+00:00,4609.75
2019-01-14 22:00:00+00:00,4953.25
2019-01-14 23:00:00+00:00,5179.25
2019-01-15 00:00:00+00:00,5310.25
2019-01-15 01:00:00+00:00,4251.5
2019-01-15 02:00:00+00:00,4206.5
2019-01-15 03:00:00+00:00,4217.5
2019-01-15 04:00:00+00:00,4203.25
2019-01-15 05:00:00+00:00,3827.75
2019-01-15 06:00:00+00:00,3673.0
2019-01-15 07:00:00+00:00,3167.5
2019-01-15 08:00:00+00:00,2829.25
2019-01-15 09:00:00+00:00,2898.5
2019-01-15 10:00:00+00:00,2858.75
2019-01-15 11:00:00+00:00,2724.5
2019-01-15 12:00:00+00:00,2932.5
2019-01-15 13:00:00+00:00,3166.5
2019-01-15 14:00:00+00:00,3201.25
2019-01-15 15:00:00+00:00,3059.25
2019-01-15 16:00:00+00:00,3009.75
2019-01-15 17:00:00+00:00,3007.75
2019-01-15 18:00:00+00:00,3156.0
2019-01-15 19:00:00+00:00,3160.75
2019-01-15 20:00:00+00:00,3214.75
2019-01-15 21:00:00+00:00,3431.25
2019-01-15 22:00:00+00:00,3537.5
2019-01-15 23:00:00+00:00,3558.75
2019-01-16 00:00:00+00:00,3603.0
2019-01-16 01:00:00+00:00,3533.25
2019-01-16 02:00:00+00:00,3388.5
2019-01-16 03:00:00+00:00,3458.75
2019-01-16 04:00:00+00:00,3219.0
2019-01-16 05:00:00+00:00,3745.25
2019-01-16 06:00:00+00:00,4266.25
2019-01-16 07:00:00+00:00,4827.25
2019-01-16 08:00:00+00:00,5307.75
2019-01-16 09:00:00+00:00,5347.75
2019-01-16 10:00:00+00:00,5216.0
2019-01-16 11:00:00+00:00,5235.0
2019-01-16 12:00:00+00:00,5041.25
2019-01-16 13:00:00+00:00,5029.75
2019-01-16 14:00:00+00:00,5033.0
2019-01-16 15:00:00+00:00,4780.75
2019-01-16 16:00:00+00:00,4735.75
2019-01-16 17:00:00+00:00,4705.0
2019-01-16 18:00:00+00:00,4626.0
2019-01-16 19:00:00+00:00,4943.0
2019-01-16 20:00:00+00:00,4717.75
2019-01-16 21:00:00+00:00,4295.25
2019-01-16 22:00:00+00:00,4576.5
2019-01-16 23:00:00+00:00,4691.5
2019-01-17 00:00:00+00:00,4841.25
2019-01-17 01:00:00+00:00,5305.0
2019-01-17 02:00:00+00:00,5268.75
2019-01-17 03:00:00+00:00,5189.75
2019-01-17 04:00:00+00:00,5000.5
2019-01-17 05:00:00+00:00,4714.25
2019-01-17 06:00:00+00:00,4667.0
2019-01-17 07:00:00+00:00,4635.0
2019-01-17 08:00:00+00:00,4623.5
2019-01-17 09:00:00+00:00,4653.5
2019-01-17 10:00:00+00:00,4792.0
2019-01-17 11:00:00+00:00,4980.0
2019-01-17 12:00:00+00:00,5008.5
2019-01-17 13:00:00+00:00,5041.75
2019-01-17 14:00:00+00:00,5066.0
2019-01-17 15:00:00+00:00,5138.0
2019-01-17 16:00:00+00:00,5377.5
2019-01-17 17:00:00+00:00,5250.5
2019-01-17 18:00:00+00:00,4972.5
2019-01-17 19:00:00+00:00,4769.75
2019-01-17 20:00:00+00:00,4537.0
2019-01-17 21:00:00+00:00,4320.25
2019-01-17 22:00:00+00:00,3404.75
2019-01-17 23:00:00+00:00,3058.25
2019-01-18 00:00:00+00:00,2908.0
2019-01-18 01:00:00+00:00,2188.5
2019-01-18 02:00:00+00:00,1985.5
2019-01-18 03:00:00+00:00,1843.75
2019-01-18 04:00:00+00:00,1740.25
2019-01-18 05:00:00+00:00,1932.5
2019-01-18 06:00:00+00:00,2051.0
2019-01-18 07:00:00+00:00,1758.75
2019-01-18 08:00:00+00:00,1610.25
2019-01-18 09:00:00+00:00,1080.25
2019-01-18 10:00:00+00:00,992.75
2019-01-18 11:00:00+00:00,840.5
2019-01-18 12:00:00+00:00,756.5
2019-01-18 13:00:00+00:00,710.75
2019-01-18 14:00:00+00:00,599.5
2019-01-18 15:00:00+00:00,475.75
2019-01-18 16:00:00+00:00,529.0
2019-01-18 17:00:00+00:00,479.75
2019-01-18 18:00:00+00:00,580.0
2019-01-18 19:00:00+00:00,642.25
2019-01-18 20:00:00+00:00,738.25
2019-01-18 21:00:00+00:00,747.0
2019-01-18 22:00:00+00:00,948.75
2019-01-18 23:00:00+00:00,1167.5
2019-01-19 00:00:00+00:00,1076.75
2019-01-19 01:00:00+00:00,1007.0
2019-01-19 02:00:00+00:00,985.0
2019-01-19 03:00:00+00:00,948.5
2019-01-19 04:00:00+00:00,1104.25
2019-01-19 05:00:00+00:00,1347.0
2019-01-19 06:00:00+00:00,1461.0
2019-01-19 07:00:00+00:00,1535.0
2019-01-19 08:00:00+00:00,1608.25
2019-01-19 09:00:00+00:00,1714.25
2019-01-19 10:00:00+00:00,1727.5
2019-01-19 11:00:00+00:00,1421.75
2019-01-19 12:00:00+00:00,1226.0
2019-01-19 13:00:00+00:00,1082.5
2019-01-19 14:00:00+00:00,1009.25
2019-01-19 15:00:00+00:00,1005.25
2019-01-19 16:00:00+00:00,901.25
2019-01-19 17:00:00+00:00,915.0
2019-01-19 18:00:00+00:00,969.5
2019-01-19 19:00:00+00:00,998.0
2019-01-19 20:00:00+00:00,957.75
2019-01-19 21:00:00+00:00,1002.75
2019-01-19 22:00:00+00:00,1006.75
2019-01-19 23:00:00+00:00,880.75
2019-01-20 00:00:00+00:00,704.75
2019-01-20 01:00:00+00:00,586.25
2019-01-20 02:00:00+00:00,409.5
2019-01-20 03:00:00+00:00,247.75
2019-01-20 04:00:00+00:00,124.75
2019-01-20 05:00:00+00:00,92.0
2019-01-20 06:00:00+00:00,137.0
2019-01-20 07:00:00+00:00,119.0
2019-01-20 08:00:00+00:00,116.75
2019-01-20 09:00:00+00:00,115.75
2019-01-20 10:00:00+00:00,143.25
2019-01-20 11:00:00+00:00,209.0
2019-01-20 12:00:00+00:00,247.5
2019-01-20 13:00:00+00:00,271.75
2019-01-20 14:00:00+00:00,308.75
2019-01-20 15:00:00+00:00,345.25
2019-01-20 16:00:00+00:00,373.5
2019-01-20 17:00:00+00:00,426.5
2019-01-20 18:00:00+00:00,473.5
2019-01-20 19:00:00+00:00,580.5
2019-01-20 20:00:00+00:00,767.0
2019-01-20 21:00:00+00:00,944.75
2019-01-20 22:00:00+00:00,1180.25
2019-01-20 23:00:00+00:00,1408.75
2019-01-21 00:00:00+00:00,1763.0
2019-01-21 01:00:00+00:00,2195.0
2019-01-21 02:00:00+00:00,2573.75
2019-01-21 03:00:00+00:00,2762.0
2019-01-21 04:00:00+00:00,2716.5
2019-01-21 05:00:00+00:00,2420.75
2019-01-21 06:00:00+00:00,2089.0
2019-01-21 07:00:00+00:00,1744.75
2019-01-21 08:00:00+00:00,1513.25
2019-01-21 09:00:00+00:00,1429.25
2019-01-21 10:00:00+00:00,1430.5
2019-01-21 11:00:00+00:00,1344.5
2019-01-21 12:00:00+00:00,1530.5
2019-01-21 13:00:00+00:00,1656.25
2019-01-21 14:00:00+00:00,1590.75
2019-01-21 15:00:00+00:00,1244.5
2019-01-21 16:00:00+00:00,1192.25
2019-01-21 17:00:00+00:00,1124.0
2019-01-21 18:00:00+00:00,1074.5
2019-01-21 19:00:00+00:00,1079.5
2019-01-21 20:00:00+00:00,1226.0
2019-01-21 21:00:00+00:00,1131.75
2019-01-21 22:00:00+00:00,1178.0
2019-01-21 23:00:00+00:00,1635.25
2019-01-22 00:00:00+00:00,2320.5
2019-01-22 01:00:00+00:00,2850.75
2019-01-22 02:00:00+00:00,3392.25
2019-01-22 03:00:00+00:00,3893.25
2019-01-22 04:00:00+00:00,4241.5
2019-01-22 05:00:00+00:00,4281.0
2019-01-22 06:00:00+00:00,4445.25
2019-01-22 07:00:00+00:00,4590.25
2019-01-22 08:00:00+00:00,4728.75
2019-01-22 09:00:00+00:00,4848.75
2019-01-22 10:00:00+00:00,4869.75
2019-01-22 11:00:00+00:00,4829.25
2019-01-22 12:00:00+00:00,4760.75
2019-01-22 13:00:00+00:00,4755.0
2019-01-22 14:00:00+00:00,4723.75
2019-01-22 15:00:00+00:00,4669.25
2019-01-22 16:00:00+00:00,4582.75
2019-01-22 17:00:00+00:00,4431.75
2019-01-22 18:00:00+00:00,4297.5
2019-01-22 19:00:00+00:00,4138.75
2019-01-22 20:00:00+00:00,3768.75
2019-01-22 21:00:00+00:00,3344.5
2019-01-22 22:00:00+00:00,2975.25
2019-01-22 23:00:00+00:00,2656.0
2019-01-23 00:00:00+00:00,2658.5
2019-01-23 01:00:00+00:00,2482.0
2019-01-23 02:00:00+00:00,2312.0
2019-01-23 03:00:00+00:00,1911.0
2019-01-23 04:00:00+00:00,1632.5
2019-01-23 05:00:00+00:00,1679.75
2019-01-23 06:00:00+00:00,1754.25
2019-01-23 07:00:00+00:00,1590.75
2019-01-23 08:00:00+00:00,1476.25
2019-01-23 09:00:00+00:00,1258.0
2019-01-23 10:00:00+00:00,1104.75
2019-01-23 11:00:00+00:00,778.5
2019-01-23 12:00:00+00:00,732.5
2019-01-23 13:00:00+00:00,792.75
2019-01-23 14:00:00+00:00,803.0
2019-01-23 15:00:00+00:00,788.25
2019-01-23 16:00:00+00:00,809.5
2019-01-23 17:00:00+00:00,923.75
2019-01-23 18:00:00+00:00,1061.25
2019-01-23 19:00:00+00:00,1083.25
2019-01-23 20:00:00+00:00,1061.25
2019-01-23 21:00:00+00:00,828.25
2019-01-23 22:00:00+00:00,729.75
2019-01-23 23:00:00+00:00,803.75
2019-01-24 00:00:00+00:00,746.0
2019-01-24 01:00:00+00:00,736.5
2019-01-24 02:00:00+00:00,686.5
2019-01-24 03:00:00+00:00,531.75
2019-01-24 04:00:00+00:00,433.5
2019-01-24 05:00:00+00:00,497.0
2019-01-24 06:00:00+00:00,582.25
2019-01-24 07:00:00+00:00,662.0
2019-01-24 08:00:00+00:00,823.5
2019-01-24 09:00:00+00:00,966.5
2019-01-24 10:00:00+00:00,872.75
2019-01-24 11:00:00+00:00,759.5
2019-01-24 12:00:00+00:00,674.0
2019-01-24 13:00:00+00:00,597.75
2019-01-24 14:00:00+00:00,593.25
2019-01-24 15:00:00+00:00,565.5
2019-01-24 16:00:00+00:00,672.25
2019-01-24 17:00:00+00:00,724.5
2019-01-24 18:00:00+00:00,732.75
2019-01-24 19:00:00+00:00,668.0
2019-01-24 20:00:00+00:00,572.75
2019-01-24 21:00:00+00:00,407.75
2019-01-24 22:00:00+00:00,330.25
2019-01-24 23:00:00+00:00,399.0
2019-01-25 00:00:00+00:00,372.75
2019-01-25 01:00:00+00:00,420.25
2019-01-25 02:00:00+00:00,423.25
2019-01-25 03:00:00+00:00,394.75
2019-01-25 04:00:00+00:00,397.5
2019-01-25 05:00:00+00:00,569.25
2019-01-25 06:00:00+00:00,951.75
2019-01-25 07:00:00+00:00,1295.0
2019-01-25 08:00:00+00:00,1894.0
2019-01-25 09:00:00+00:00,2580.75
2019-01-25 10:00:00+00:00,2853.5
2019-01-25 11:00:00+00:00,2872.0
2019-01-25 12:00:00+00:00,3218.0
2019-01-25 13:00:00+00:00,3445.0
2019-01-25 14:00:00+00:00,3735.75
2019-01-25 15:00:00+00:00,4425.5
2019-01-25 16:00:00+00:00,4661.0
2019-01-25 17:00:00+00:00,4402.0
2019-01-25 18:00:00+00:00,3833.5
2019-01-25 19:00:00+00:00,3554.25
2019-01-25 20:00:00+00:00,3281.5
2019-01-25 21:00:00+00:00,3343.75
2019-01-25 22:00:00+00:00,3528.5
2019-01-25 23:00:00+00:00,3463.25
2019-01-26 00:00:00+00:00,3337.0
2019-01-26 01:00:00+00:00,3087.0
2019-01-26 02:00:00+00:00,2629.0
2019-01-26 03:00:00+00:00,2033.75
2019-01-26 04:00:00+00:00,1522.5
2019-01-26 05:00:00+00:00,1707.5
2019-01-26 06:00:00+00:00,1527.25
2019-01-26 07:00:00+00:00,878.0
2019-01-26 08:00:00+00:00,641.25
2019-01-26 09:00:00+00:00,627.0
2019-01-26 10:00:00+00:00,1313.5
2019-01-26 11:00:00+00:00,1882.5
2019-01-26 12:00:00+00:00,2155.25
2019-01-26 13:00:00+00:00,2546.75
2019-01-26 14:00:00+00:00,3056.25
2019-01-26 15:00:00+00:00,3617.5
2019-01-26 16:00:00+00:00,3907.0
2019-01-26 17:00:00+00:00,4128.5
2019-01-26 18:00:00+00:00,4731.0
2019-01-26 19:00:00+00:00,4977.5
2019-01-26 20:00:00+00:00,4970.75
2019-01-26 21:00:00+00:00,4952.25
2019-01-26 22:00:00+00:00,5007.25
2019-01-26 23:00:00+00:00,5085.5
2019-01-27 00:00:00+00:00,5204.25
2019-01-27 01:00:00+00:00,5375.5
2019-01-27 02:00:00+00:00,5506.75
2019-01-27 03:00:00+00:00,5437.5
2019-01-27 04:00:00+00:00,5125.75
2019-01-27 05:00:00+00:00,4470.25
2019-01-27 06:00:00+00:00,4216.75
2019-01-27 07:00:00+00:00,3788.0
2019-01-27 08:00:00+00:00,3773.0
2019-01-27 09:00:00+00:00,3485.75
2019-01-27 10:00:00+00:00,3238.0
2019-01-27 11:00:00+00:00,3145.0
2019-01-27 12:00:00+00:00,2675.25
2019-01-27 13:00:00+00:00,2219.25
2019-01-27 14:00:00+00:00,1961.25
2019-01-27 15:00:00+00:00,1966.75
2019-01-27 16:00:00+00:00,1916.0
2019-01-27 17:00:00+00:00,1990.25
2019-01-27 18:00:00+00:00,2281.0
2019-01-27 19:00:00+00:00,2335.0
2019-01-27 20:00:00+00:00,2373.0
2019-01-27 21:00:00+00:00,2221.5
2019-01-27 22:00:00+00:00,2089.25
2019-01-27 23:00:00+00:00,1313.75
2019-01-28 00:00:00+00:00,923.5
2019-01-28 01:00:00+00:00,719.25
2019-01-28 02:00:00+00:00,574.25
2019-01-28 03:00:00+00:00,472.0
2019-01-28 04:00:00+00:00,913.75
2019-01-28 05:00:00+00:00,1628.0
2019-01-28 06:00:00+00:00,2056.75
2019-01-28 07:00:00+00:00,2745.25
2019-01-28 08:00:00+00:00,4073.75
2019-01-28 09:00:00+00:00,4817.0
2019-01-28 10:00:00+00:00,4906.0
2019-01-28 11:00:00+00:00,4882.25
2019-01-28 12:00:00+00:00,4903.0
2019-01-28 13:00:00+00:00,4596.75
2019-01-28 14:00:00+00:00,4459.75
2019-01-28 15:00:00+00:00,4484.5
2019-01-28 16:00:00+00:00,4294.5
2019-01-28 17:00:00+00:00,4232.75
2019-01-28 18:00:00+00:00,4239.5
2019-01-28 19:00:00+00:00,3994.75
2019-01-28 20:00:00+00:00,3580.0
2019-01-28 21:00:00+00:00,3170.5
2019-01-28 22:00:00+00:00,3173.5
2019-01-28 23:00:00+00:00,2849.25
2019-01-29 00:00:00+00:00,2928.25
2019-01-29 01:00:00+00:00,2875.25
2019-01-29 02:00:00+00:00,2956.0
2019-01-29 03:00:00+00:00,2533.0
2019-01-29 04:00:00+00:00,2797.25
2019-01-29 05:00:00+00:00,2519.5
2019-01-29 06:00:00+00:00,2712.5
2019-01-29 07:00:00+00:00,3109.25
2019-01-29 08:00:00+00:00,3611.5
2019-01-29 09:00:00+00:00,4015.5
2019-01-29 10:00:00+00:00,4376.25
2019-01-29 11:00:00+00:00,4024.25
2019-01-29 12:00:00+00:00,3748.0
2019-01-29 13:00:00+00:00,3718.25
2019-01-29 14:00:00+00:00,3676.75
2019-01-29 15:00:00+00:00,3752.75
2019-01-29 16:00:00+00:00,3995.75
2019-01-29 17:00:00+00:00,4003.0
2019-01-29 18:00:00+00:00,4319.5
2019-01-29 19:00:00+00:00,4143.75
2019-01-29 20:00:00+00:00,3635.25
2019-01-29 21:00:00+00:00,3383.25
2019-01-29 22:00:00+00:00,3499.0
2019-01-29 23:00:00+00:00,3030.5
2019-01-30 00:00:00+00:00,2701.0
2019-01-30 01:00:00+00:00,2580.25
2019-01-30 02:00:00+00:00,2735.0
2019-01-30 03:00:00+00:00,2885.25
2019-01-30 04:00:00+00:00,2888.5
2019-01-30 05:00:00+00:00,2852.5
2019-01-30 06:00:00+00:00,3160.0
2019-01-30 07:00:00+00:00,3355.25
2019-01-30 08:00:00+00:00,3306.5
2019-01-30 09:00:00+00:00,3556.25
2019-01-30 10:00:00+00:00,3599.5
2019-01-30 11:00:00+00:00,3748.5
2019-01-30 12:00:00+00:00,3681.75
2019-01-30 13:00:00+00:00,3485.0
2019-01-30 14:00:00+00:00,3289.75
2019-01-30 15:00:00+00:00,3298.0
2019-01-30 16:00:00+00:00,3464.5
2019-01-30 17:00:00+00:00,3511.0
2019-01-30 18:00:00+00:00,3341.25
2019-01-30 19:00:00+00:00,2986.75
2019-01-30 20:00:00+00:00,2637.75
2019-01-30 21:00:00+00:00,2593.0
2019-01-30 22:00:00+00:00,2636.0
2019-01-30 23:00:00+00:00,2536.5
2019-01-31 00:00:00+00:00,2297.25
2019-01-31 01:00:00+00:00,2147.75
2019-01-31 02:00:00+00:00,2094.75
2019-01-31 03:00:00+00:00,2129.25
2019-01-31 04:00:00+00:00,2298.25
2019-01-31 05:00:00+00:00,2339.75
2019-01-31 06:00:00+00:00,2340.25
2019-01-31 07:00:00+00:00,2419.25
2019-01-31 08:00:00+00:00,3090.0
2019-01-31 09:00:00+00:00,3529.25
2019-01-31 10:00:00+00:00,3469.0
2019-01-31 11:00:00+00:00,3456.75
2019-01-31 12:00:00+00:00,3473.75
2019-01-31 13:00:00+00:00,3097.25
2019-01-31 14:00:00+00:00,2731.0
2019-01-31 15:00:00+00:00,2337.0
2019-01-31 16:00:00+00:00,2238.0
2019-01-31 17:00:00+00:00,1869.25
2019-01-31 18:00:00+00:00,2099.5
2019-01-31 19:00:00+00:00,2357.5
2019-01-31 20:00:00+00:00,2430.75
2019-01-31 21:00:00+00:00,2651.0
2019-01-31 22:00:00+00:00,3191.75
2019-01-31 23:00:00+00:00,3303.5
2019-02-01 00:00:00+00:00,3506.25
2019-02-01 01:00:00+00:00,4319.5
2019-02-01 02:00:00+00:00,4504.75
2019-02-01 03:00:00+00:00,4753.75
2019-02-01 04:00:00+00:00,4990.75
2019-02-01 05:00:00+00:00,4872.5
2019-02-01 06:00:00+00:00,4902.25
2019-02-01 07:00:00+00:00,5039.0
2019-02-01 08:00:00+00:00,5153.0
2019-02-01 09:00:00+00:00,5386.0
2019-02-01 10:00:00+00:00,5165.25
2019-02-01 11:00:00+00:00,4765.5
2019-02-01 12:00:00+00:00,4636.0
2019-02-01 13:00:00+00:00,4557.75
2019-02-01 14:00:00+00:00,4204.75
2019-02-01 15:00:00+00:00,3768.25
2019-02-01 16:00:00+00:00,3531.75
2019-02-01 17:00:00+00:00,3350.75
2019-02-01 18:00:00+00:00,2812.0
2019-02-01 19:00:00+00:00,2412.25
2019-02-01 20:00:00+00:00,2215.75
2019-02-01 21:00:00+00:00,1811.25
2019-02-01 22:00:00+00:00,1399.0
2019-02-01 23:00:00+00:00,1113.75
2019-02-02 00:00:00+00:00,1119.25
2019-02-02 01:00:00+00:00,1233.75
2019-02-02 02:00:00+00:00,1339.75
2019-02-02 03:00:00+00:00,1192.0
2019-02-02 04:00:00+00:00,1160.75
2019-02-02 05:00:00+00:00,1130.75
2019-02-02 06:00:00+00:00,1103.75
2019-02-02 07:00:00+00:00,1253.25
2019-02-02 08:00:00+00:00,1192.75
2019-02-02 09:00:00+00:00,1245.25
2019-02-02 10:00:00+00:00,1195.25
2019-02-02 11:00:00+00:00,1062.25
2019-02-02 12:00:00+00:00,1034.75
2019-02-02 13:00:00+00:00,1172.75
2019-02-02 14:00:00+00:00,1335.25
2019-02-02 15:00:00+00:00,1410.5
2019-02-02 16:00:00+00:00,1407.0
2019-02-02 17:00:00+00:00,1272.5
2019-02-02 18:00:00+00:00,1432.5
2019-02-02 19:00:00+00:00,1338.5
2019-02-02 20:00:00+00:00,1472.25
2019-02-02 21:00:00+00:00,2012.75
2019-02-02 22:00:00+00:00,2490.75
2019-02-02 23:00:00+00:00,3123.25
2019-02-03 00:00:00+00:00,3651.25
2019-02-03 01:00:00+00:00,3532.5
2019-02-03 02:00:00+00:00,3847.0
2019-02-03 03:00:00+00:00,4044.0
2019-02-03 04:00:00+00:00,3742.75
2019-02-03 05:00:00+00:00,3140.75
2019-02-03 06:00:00+00:00,2747.75
2019-02-03 07:00:00+00:00,2082.25
2019-02-03 08:00:00+00:00,1910.0
2019-02-03 09:00:00+00:00,2185.25
2019-02-03 10:00:00+00:00,2204.5
2019-02-03 11:00:00+00:00,2246.25
2019-02-03 12:00:00+00:00,2405.75
2019-02-03 13:00:00+00:00,2475.75
2019-02-03 14:00:00+00:00,2325.0
2019-02-03 15:00:00+00:00,2115.0
2019-02-03 16:00:00+00:00,1635.0
2019-02-03 17:00:00+00:00,1536.0
2019-02-03 18:00:00+00:00,1765.5
2019-02-03 19:00:00+00:00,2073.0
2019-02-03 20:00:00+00:00,2353.75
2019-02-03 21:00:00+00:00,2956.75
2019-02-03 22:00:00+00:00,3512.75
2019-02-03 23:00:00+00:00,4113.5
2019-02-04 00:00:00+00:00,4429.0
2019-02-04 01:00:00+00:00,4767.5
2019-02-04 02:00:00+00:00,4707.5
2019-02-04 03:00:00+00:00,4618.25
2019-02-04 04:00:00+00:00,4636.5
2019-02-04 05:00:00+00:00,4654.0
2019-02-04 06:00:00+00:00,3867.25
2019-02-04 07:00:00+00:00,3650.5
2019-02-04 08:00:00+00:00,3931.25
2019-02-04 09:00:00+00:00,4073.25
2019-02-04 10:00:00+00:00,4228.5
2019-02-04 11:00:00+00:00,4336.25
2019-02-04 12:00:00+00:00,4548.5
2019-02-04 13:00:00+00:00,4702.5
2019-02-04 14:00:00+00:00,4637.75
2019-02-04 15:00:00+00:00,4375.75
2019-02-04 16:00:00+00:00,4110.0
2019-02-04 17:00:00+00:00,3617.0
2019-02-04 18:00:00+00:00,3267.25
2019-02-04 19:00:00+00:00,3245.25
2019-02-04 20:00:00+00:00,2973.75
2019-02-04 21:00:00+00:00,3049.25
2019-02-04 22:00:00+00:00,3268.75
2019-02-04 23:00:00+00:00,3164.5
2019-02-05 00:00:00+00:00,2990.0
2019-02-05 01:00:00+00:00,3134.0
2019-02-05 02:00:00+00:00,3323.75
2019-02-05 03:00:00+00:00,3526.0
2019-02-05 04:00:00+00:00,3900.5
2019-02-05 05:00:00+00:00,4007.25
2019-02-05 06:00:00+00:00,3965.5
2019-02-05 07:00:00+00:00,3913.0
2019-02-05 08:00:00+00:00,3892.75
2019-02-05 09:00:00+00:00,3912.0
2019-02-05 10:00:00+00:00,3794.5
2019-02-05 11:00:00+00:00,3684.0
2019-02-05 12:00:00+00:00,3563.25
2019-02-05 13:00:00+00:00,3174.0
2019-02-05 14:00:00+00:00,2758.5
2019-02-05 15:00:00+00:00,2463.0
2019-02-05 16:00:00+00:00,2172.5
2019-02-05 17:00:00+00:00,1882.0
2019-02-05 18:00:00+00:00,2315.0
2019-02-05 19:00:00+00:00,2916.0
2019-02-05 20:00:00+00:00,3303.75
2019-02-05 21:00:00+00:00,3679.75
2019-02-05 22:00:00+00:00,4171.0
2019-02-05 23:00:00+00:00,4797.5
2019-02-06 00:00:00+00:00,5137.5
2019-02-06 01:00:00+00:00,5423.25
2019-02-06 02:00:00+00:00,5258.75
2019-02-06 03:00:00+00:00,5157.75
2019-02-06 04:00:00+00:00,4809.25
2019-02-06 05:00:00+00:00,4469.0
2019-02-06 06:00:00+00:00,4304.5
2019-02-06 07:00:00+00:00,4395.75
2019-02-06 08:00:00+00:00,4599.75
2019-02-06 09:00:00+00:00,4581.75
2019-02-06 10:00:00+00:00,4582.0
2019-02-06 11:00:00+00:00,4403.25
2019-02-06 12:00:00+00:00,4409.75
2019-02-06 13:00:00+00:00,4315.5
2019-02-06 14:00:00+00:00,3626.75
2019-02-06 15:00:00+00:00,3035.0
2019-02-06 16:00:00+00:00,2644.0
2019-02-06 17:00:00+00:00,2586.0
2019-02-06 18:00:00+00:00,2028.5
2019-02-06 19:00:00+00:00,1798.0
2019-02-06 20:00:00+00:00,1743.75
2019-02-06 21:00:00+00:00,1722.75
2019-02-06 22:00:00+00:00,1452.25
2019-02-06 23:00:00+00:00,1215.75
2019-02-07 00:00:00+00:00,983.0
2019-02-07 01:00:00+00:00,1166.75
2019-02-07 02:00:00+00:00,1654.25
2019-02-07 03:00:00+00:00,2676.25
2019-02-07 04:00:00+00:00,3634.25
2019-02-07 05:00:00+00:00,3562.75
2019-02-07 06:00:00+00:00,3524.5
2019-02-07 07:00:00+00:00,3261.75
2019-02-07 08:00:00+00:00,3441.5
2019-02-07 09:00:00+00:00,3549.25
2019-02-07 10:00:00+00:00,3655.5
2019-02-07 11:00:00+00:00,3809.5
2019-02-07 12:00:00+00:00,3949.0
2019-02-07 13:00:00+00:00,3964.75
2019-02-07 14:00:00+00:00,3919.25
2019-02-07 15:00:00+00:00,4427.25
2019-02-07 16:00:00+00:00,4669.5
2019-02-07 17:00:00+00:00,4368.0
2019-02-07 18:00:00+00:00,4003.0
2019-02-07 19:00:00+00:00,3975.5
2019-02-07 20:00:00+00:00,4259.0
2019-02-07 21:00:00+00:00,4565.75
2019-02-07 22:00:00+00:00,4693.0
2019-02-07 23:00:00+00:00,4163.75
2019-02-08 00:00:00+00:00,3840.5
2019-02-08 01:00:00+00:00,3505.0
2019-02-08 02:00:00+00:00,3595.25
2019-02-08 03:00:00+00:00,4044.75
2019-02-08 04:00:00+00:00,4651.25
2019-02-08 05:00:00+00:00,4961.25
2019-02-08 06:00:00+00:00,4887.0
2019-02-08 07:00:00+00:00,4861.25
2019-02-08 08:00:00+00:00,4839.25
2019-02-08 09:00:00+00:00,4011.0
2019-02-08 10:00:00+00:00,4026.75
2019-02-08 11:00:00+00:00,4026.0
2019-02-08 12:00:00+00:00,3992.25
2019-02-08 13:00:00+00:00,4013.75
2019-02-08 14:00:00+00:00,4666.0
2019-02-08 15:00:00+00:00,4926.75
2019-02-08 16:00:00+00:00,5052.75
2019-02-08 17:00:00+00:00,4883.5
2019-02-08 18:00:00+00:00,4866.25
2019-02-08 19:00:00+00:00,4844.0
2019-02-08 20:00:00+00:00,4838.25
2019-02-08 21:00:00+00:00,4841.75
2019-02-08 22:00:00+00:00,4385.75
2019-02-08 23:00:00+00:00,4040.0
2019-02-09 00:00:00+00:00,4045.5
2019-02-09 01:00:00+00:00,4041.25
2019-02-09 02:00:00+00:00,4040.25
2019-02-09 03:00:00+00:00,4040.5
2019-02-09 04:00:00+00:00,4044.5
2019-02-09 05:00:00+00:00,4040.0
2019-02-09 06:00:00+00:00,4040.5
2019-02-09 07:00:00+00:00,4039.25
2019-02-09 08:00:00+00:00,3741.75
2019-02-09 09:00:00+00:00,3073.25
2019-02-09 10:00:00+00:00,2835.5
2019-02-09 11:00:00+00:00,2689.75
2019-02-09 12:00:00+00:00,2924.25
2019-02-09 13:00:00+00:00,3118.5
2019-02-09 14:00:00+00:00,3207.25
2019-02-09 15:00:00+00:00,3379.0
2019-02-09 16:00:00+00:00,3442.75
2019-02-09 17:00:00+00:00,3501.75
2019-02-09 18:00:00+00:00,3520.25
2019-02-09 19:00:00+00:00,3686.0
2019-02-09 20:00:00+00:00,3722.25
2019-02-09 21:00:00+00:00,3825.75
2019-02-09 22:00:00+00:00,4009.25
2019-02-09 23:00:00+00:00,4006.25
2019-02-10 00:00:00+00:00,4287.0
2019-02-10 01:00:00+00:00,4270.0
2019-02-10 02:00:00+00:00,4641.0
2019-02-10 03:00:00+00:00,4915.75
2019-02-10 04:00:00+00:00,5072.75
2019-02-10 05:00:00+00:00,4596.5
2019-02-10 06:00:00+00:00,3421.75
2019-02-10 07:00:00+00:00,2503.0
2019-02-10 08:00:00+00:00,1700.5
2019-02-10 09:00:00+00:00,1514.0
2019-02-10 10:00:00+00:00,1291.25
2019-02-10 11:00:00+00:00,1121.75
2019-02-10 12:00:00+00:00,1146.5
2019-02-10 13:00:00+00:00,1418.5
2019-02-10 14:00:00+00:00,2110.25
2019-02-10 15:00:00+00:00,2545.5
2019-02-10 16:00:00+00:00,2595.5
2019-02-10 17:00:00+00:00,3545.5
2019-02-10 18:00:00+00:00,4339.5
2019-02-10 19:00:00+00:00,4650.5
2019-02-10 20:00:00+00:00,4902.5
2019-02-10 21:00:00+00:00,4788.0
2019-02-10 22:00:00+00:00,4559.25
2019-02-10 23:00:00+00:00,4389.0
2019-02-11 00:00:00+00:00,3474.75
2019-02-11 01:00:00+00:00,3620.25
2019-02-11 02:00:00+00:00,3601.75
2019-02-11 03:00:00+00:00,3696.0
2019-02-11 04:00:00+00:00,3681.5
2019-02-11 05:00:00+00:00,3662.75
2019-02-11 06:00:00+00:00,3682.75
2019-02-11 07:00:00+00:00,3715.0
2019-02-11 08:00:00+00:00,3723.75
2019-02-11 09:00:00+00:00,3571.75
2019-02-11 10:00:00+00:00,2973.5
2019-02-11 11:00:00+00:00,2551.75
2019-02-11 12:00:00+00:00,2425.25
2019-02-11 13:00:00+00:00,2406.0
2019-02-11 14:00:00+00:00,2752.5
2019-02-11 15:00:00+00:00,3144.5
2019-02-11 16:00:00+00:00,3425.25
2019-02-11 17:00:00+00:00,3774.75
2019-02-11 18:00:00+00:00,3569.75
2019-02-11 19:00:00+00:00,3918.25
2019-02-11 20:00:00+00:00,3712.75
2019-02-11 21:00:00+00:00,4474.0
2019-02-11 22:00:00+00:00,4843.25
2019-02-11 23:00:00+00:00,4754.5
2019-02-12 00:00:00+00:00,4575.75
2019-02-12 01:00:00+00:00,4508.75
2019-02-12 02:00:00+00:00,4517.0
2019-02-12 03:00:00+00:00,4419.0
2019-02-12 04:00:00+00:00,3918.25
2019-02-12 05:00:00+00:00,2993.0
2019-02-12 06:00:00+00:00,2103.0
2019-02-12 07:00:00+00:00,1668.0
2019-02-12 08:00:00+00:00,1143.25
2019-02-12 09:00:00+00:00,1024.75
2019-02-12 10:00:00+00:00,1249.0
2019-02-12 11:00:00+00:00,1451.5
2019-02-12 12:00:00+00:00,1819.25
2019-02-12 13:00:00+00:00,2663.5
2019-02-12 14:00:00+00:00,2691.0
2019-02-12 15:00:00+00:00,3305.0
2019-02-12 16:00:00+00:00,3651.5
2019-02-12 17:00:00+00:00,4181.75
2019-02-12 18:00:00+00:00,4276.25
2019-02-12 19:00:00+00:00,4039.25
2019-02-12 20:00:00+00:00,4502.5
2019-02-12 21:00:00+00:00,4864.75
2019-02-12 22:00:00+00:00,4847.0
2019-02-12 23:00:00+00:00,4989.25
2019-02-13 00:00:00+00:00,5026.5
2019-02-13 01:00:00+00:00,4841.75
2019-02-13 02:00:00+00:00,4650.0
2019-02-13 03:00:00+00:00,4326.5
2019-02-13 04:00:00+00:00,4066.0
2019-02-13 05:00:00+00:00,3695.0
2019-02-13 06:00:00+00:00,3439.75
2019-02-13 07:00:00+00:00,3880.75
2019-02-13 08:00:00+00:00,4159.0
2019-02-13 09:00:00+00:00,4349.0
2019-02-13 10:00:00+00:00,4308.5
2019-02-13 11:00:00+00:00,4515.5
2019-02-13 12:00:00+00:00,4869.25
2019-02-13 13:00:00+00:00,4919.75
2019-02-13 14:00:00+00:00,4865.0
2019-02-13 15:00:00+00:00,4639.0
2019-02-13 16:00:00+00:00,4542.5
2019-02-13 17:00:00+00:00,4090.25
2019-02-13 18:00:00+00:00,4226.5
2019-02-13 19:00:00+00:00,4529.75
2019-02-13 20:00:00+00:00,4731.5
2019-02-13 21:00:00+00:00,4824.5
2019-02-13 22:00:00+00:00,4505.5
2019-02-13 23:00:00+00:00,4108.5
2019-02-14 00:00:00+00:00,3759.5
2019-02-14 01:00:00+00:00,3675.5
2019-02-14 02:00:00+00:00,3427.75
2019-02-14 03:00:00+00:00,3234.5
2019-02-14 04:00:00+00:00,3132.75
2019-02-14 05:00:00+00:00,2480.5
2019-02-14 06:00:00+00:00,2338.25
2019-02-14 07:00:00+00:00,2673.75
2019-02-14 08:00:00+00:00,2771.5
2019-02-14 09:00:00+00:00,2947.0
2019-02-14 10:00:00+00:00,3021.0
2019-02-14 11:00:00+00:00,2943.75
2019-02-14 12:00:00+00:00,2840.5
2019-02-14 13:00:00+00:00,2646.0
2019-02-14 14:00:00+00:00,2621.25
2019-02-14 15:00:00+00:00,2319.5
2019-02-14 16:00:00+00:00,1998.75
2019-02-14 17:00:00+00:00,1741.5
2019-02-14 18:00:00+00:00,1462.5
2019-02-14 19:00:00+00:00,1371.75
2019-02-14 20:00:00+00:00,1341.0
2019-02-14 21:00:00+00:00,1626.0
2019-02-14 22:00:00+00:00,1751.75
2019-02-14 23:00:00+00:00,1835.5
2019-02-15 00:00:00+00:00,1812.25
2019-02-15 01:00:00+00:00,1748.75
2019-02-15 02:00:00+00:00,1507.75
2019-02-15 03:00:00+00:00,1427.25
2019-02-15 04:00:00+00:00,1317.25
2019-02-15 05:00:00+00:00,1200.75
2019-02-15 06:00:00+00:00,1065.25
2019-02-15 07:00:00+00:00,992.0
2019-02-15 08:00:00+00:00,1101.0
2019-02-15 09:00:00+00:00,1298.0
2019-02-15 10:00:00+00:00,1538.5
2019-02-15 11:00:00+00:00,1741.25
2019-02-15 12:00:00+00:00,1931.0
2019-02-15 13:00:00+00:00,2125.75
2019-02-15 14:00:00+00:00,2232.5
2019-02-15 15:00:00+00:00,2386.0
2019-02-15 16:00:00+00:00,2466.25
2019-02-15 17:00:00+00:00,2543.25
2019-02-15 18:00:00+00:00,2881.25
2019-02-15 19:00:00+00:00,3465.25
2019-02-15 20:00:00+00:00,4261.75
2019-02-15 21:00:00+00:00,4555.75
2019-02-15 22:00:00+00:00,4718.0
2019-02-15 23:00:00+00:00,4779.25
2019-02-16 00:00:00+00:00,4744.25
2019-02-16 01:00:00+00:00,4619.75
2019-02-16 02:00:00+00:00,4304.75
2019-02-16 03:00:00+00:00,4081.0
2019-02-16 04:00:00+00:00,3940.0
2019-02-16 05:00:00+00:00,4116.0
2019-02-16 06:00:00+00:00,4445.75
2019-02-16 07:00:00+00:00,4779.75
2019-02-16 08:00:00+00:00,4730.25
2019-02-16 09:00:00+00:00,4791.5
2019-02-16 10:00:00+00:00,4824.75
2019-02-16 11:00:00+00:00,4959.5
2019-02-16 12:00:00+00:00,4831.25
2019-02-16 13:00:00+00:00,4540.75
2019-02-16 14:00:00+00:00,4262.5
2019-02-16 15:00:00+00:00,4028.75
2019-02-16 16:00:00+00:00,3935.75
2019-02-16 17:00:00+00:00,3702.75
2019-02-16 18:00:00+00:00,3753.25
2019-02-16 19:00:00+00:00,3788.75
2019-02-16 20:00:00+00:00,3549.5
2019-02-16 21:00:00+00:00,3537.5
2019-02-16 22:00:00+00:00,3233.25
2019-02-16 23:00:00+00:00,2844.25
2019-02-17 00:00:00+00:00,2387.25
2019-02-17 01:00:00+00:00,2412.0
2019-02-17 02:00:00+00:00,2626.0
2019-02-17 03:00:00+00:00,2416.5
2019-02-17 04:00:00+00:00,2071.5
2019-02-17 05:00:00+00:00,1867.25
2019-02-17 06:00:00+00:00,1769.25
2019-02-17 07:00:00+00:00,1596.25
2019-02-17 08:00:00+00:00,1400.5
2019-02-17 09:00:00+00:00,1644.75
2019-02-17 10:00:00+00:00,1961.5
2019-02-17 11:00:00+00:00,2137.25
2019-02-17 12:00:00+00:00,2254.25
2019-02-17 13:00:00+00:00,2308.0
2019-02-17 14:00:00+00:00,2327.5
2019-02-17 15:00:00+00:00,2599.25
2019-02-17 16:00:00+00:00,2906.25
2019-02-17 17:00:00+00:00,3294.25
2019-02-17 18:00:00+00:00,3791.5
2019-02-17 19:00:00+00:00,4317.0
2019-02-17 20:00:00+00:00,4590.5
2019-02-17 21:00:00+00:00,4685.0
2019-02-17 22:00:00+00:00,4536.75
2019-02-17 23:00:00+00:00,4326.0
2019-02-18 00:00:00+00:00,3988.0
2019-02-18 01:00:00+00:00,3616.0
2019-02-18 02:00:00+00:00,2984.25
2019-02-18 03:00:00+00:00,2542.75
2019-02-18 04:00:00+00:00,2227.0
2019-02-18 05:00:00+00:00,2523.0
2019-02-18 06:00:00+00:00,2621.5
2019-02-18 07:00:00+00:00,2676.75
2019-02-18 08:00:00+00:00,2973.75
2019-02-18 09:00:00+00:00,3201.0
2019-02-18 10:00:00+00:00,3338.75
2019-02-18 11:00:00+00:00,2941.0
2019-02-18 12:00:00+00:00,2441.0
2019-02-18 13:00:00+00:00,2267.25
2019-02-18 14:00:00+00:00,2220.5
2019-02-18 15:00:00+00:00,1897.25
2019-02-18 16:00:00+00:00,1871.5
2019-02-18 17:00:00+00:00,2050.0
2019-02-18 18:00:00+00:00,2604.75
2019-02-18 19:00:00+00:00,2901.5
2019-02-18 20:00:00+00:00,3019.5
2019-02-18 21:00:00+00:00,3128.25
2019-02-18 22:00:00+00:00,3287.0
2019-02-18 23:00:00+00:00,3496.5
2019-02-19 00:00:00+00:00,4049.75
2019-02-19 01:00:00+00:00,4498.5
2019-02-19 02:00:00+00:00,4656.75
2019-02-19 03:00:00+00:00,4810.75
2019-02-19 04:00:00+00:00,4836.5
2019-02-19 05:00:00+00:00,4880.0
2019-02-19 06:00:00+00:00,5045.75
2019-02-19 07:00:00+00:00,4956.25
2019-02-19 08:00:00+00:00,5125.25
2019-02-19 09:00:00+00:00,5171.25
2019-02-19 10:00:00+00:00,5191.5
2019-02-19 11:00:00+00:00,5159.5
2019-02-19 12:00:00+00:00,5084.25
2019-02-19 13:00:00+00:00,5044.0
2019-02-19 14:00:00+00:00,5069.75
2019-02-19 15:00:00+00:00,5067.5
2019-02-19 16:00:00+00:00,4967.5
2019-02-19 17:00:00+00:00,4806.0
2019-02-19 18:00:00+00:00,4771.0
2019-02-19 19:00:00+00:00,4610.25
2019-02-19 20:00:00+00:00,4587.5
2019-02-19 21:00:00+00:00,4465.75
2019-02-19 22:00:00+00:00,4140.5
2019-02-19 23:00:00+00:00,4078.75
2019-02-20 00:00:00+00:00,3831.75
2019-02-20 01:00:00+00:00,3493.0
2019-02-20 02:00:00+00:00,3188.5
2019-02-20 03:00:00+00:00,3098.25
2019-02-20 04:00:00+00:00,3219.0
2019-02-20 05:00:00+00:00,3337.5
2019-02-20 06:00:00+00:00,3483.0
2019-02-20 07:00:00+00:00,3673.5
2019-02-20 08:00:00+00:00,3758.25
2019-02-20 09:00:00+00:00,4082.0
2019-02-20 10:00:00+00:00,4132.0
2019-02-20 11:00:00+00:00,4279.25
2019-02-20 12:00:00+00:00,4309.25
2019-02-20 13:00:00+00:00,4452.75
2019-02-20 14:00:00+00:00,4882.5
2019-02-20 15:00:00+00:00,5045.75
2019-02-20 16:00:00+00:00,5163.75
2019-02-20 17:00:00+00:00,5146.25
2019-02-20 18:00:00+00:00,5242.5
2019-02-20 19:00:00+00:00,5249.25
2019-02-20 20:00:00+00:00,5319.75
2019-02-20 21:00:00+00:00,5182.25
2019-02-20 22:00:00+00:00,5404.25
2019-02-20 23:00:00+00:00,5483.25
2019-02-21 00:00:00+00:00,5465.0
2019-02-21 01:00:00+00:00,5367.75
2019-02-21 02:00:00+00:00,5301.25
2019-02-21 03:00:00+00:00,5189.0
2019-02-21 04:00:00+00:00,4877.25
2019-02-21 05:00:00+00:00,4748.25
2019-02-21 06:00:00+00:00,4604.5
2019-02-21 07:00:00+00:00,4621.0
2019-02-21 08:00:00+00:00,5130.5
2019-02-21 09:00:00+00:00,4998.75
2019-02-21 10:00:00+00:00,4597.0
2019-02-21 11:00:00+00:00,4532.5
2019-02-21 12:00:00+00:00,4235.0
2019-02-21 13:00:00+00:00,3721.75
2019-02-21 14:00:00+00:00,3070.5
2019-02-21 15:00:00+00:00,2502.75
2019-02-21 16:00:00+00:00,2219.75
2019-02-21 17:00:00+00:00,1977.0
2019-02-21 18:00:00+00:00,1938.25
2019-02-21 19:00:00+00:00,1595.75
2019-02-21 20:00:00+00:00,1327.5
2019-02-21 21:00:00+00:00,1535.0
2019-02-21 22:00:00+00:00,1450.5
2019-02-21 23:00:00+00:00,1339.5
2019-02-22 00:00:00+00:00,1321.5
2019-02-22 01:00:00+00:00,1315.25
2019-02-22 02:00:00+00:00,1188.0
2019-02-22 03:00:00+00:00,1171.25
2019-02-22 04:00:00+00:00,1159.5
2019-02-22 05:00:00+00:00,1111.75
2019-02-22 06:00:00+00:00,1311.25
2019-02-22 07:00:00+00:00,1605.0
2019-02-22 08:00:00+00:00,1715.0
2019-02-22 09:00:00+00:00,1740.0
2019-02-22 10:00:00+00:00,1996.5
2019-02-22 11:00:00+00:00,2029.25
2019-02-22 12:00:00+00:00,2001.75
2019-02-22 13:00:00+00:00,2046.5
2019-02-22 14:00:00+00:00,1799.25
2019-02-22 15:00:00+00:00,1337.5
2019-02-22 16:00:00+00:00,1314.75
2019-02-22 17:00:00+00:00,1302.75
2019-02-22 18:00:00+00:00,1123.0
2019-02-22 19:00:00+00:00,1272.75
2019-02-22 20:00:00+00:00,1554.25
2019-02-22 21:00:00+00:00,1570.0
2019-02-22 22:00:00+00:00,2163.75
2019-02-22 23:00:00+00:00,2321.75
2019-02-23 00:00:00+00:00,1927.25
2019-02-23 01:00:00+00:00,1660.75
2019-02-23 02:00:00+00:00,1812.25
2019-02-23 03:00:00+00:00,1723.0
2019-02-23 04:00:00+00:00,1691.25
2019-02-23 05:00:00+00:00,1572.5
2019-02-23 06:00:00+00:00,1414.25
2019-02-23 07:00:00+00:00,1611.25
2019-02-23 08:00:00+00:00,1736.25
2019-02-23 09:00:00+00:00,1522.25
2019-02-23 10:00:00+00:00,1178.0
2019-02-23 11:00:00+00:00,876.0
2019-02-23 12:00:00+00:00,588.5
2019-02-23 13:00:00+00:00,433.75
2019-02-23 14:00:00+00:00,351.25
2019-02-23 15:00:00+00:00,509.75
2019-02-23 16:00:00+00:00,770.5
2019-02-23 17:00:00+00:00,1402.25
2019-02-23 18:00:00+00:00,1846.5
2019-02-23 19:00:00+00:00,2230.75
2019-02-23 20:00:00+00:00,2285.25
2019-02-23 21:00:00+00:00,2106.75
2019-02-23 22:00:00+00:00,1992.5
2019-02-23 23:00:00+00:00,1650.0
2019-02-24 00:00:00+00:00,1291.75
2019-02-24 01:00:00+00:00,1158.75
2019-02-24 02:00:00+00:00,1207.5
2019-02-24 03:00:00+00:00,1124.0
2019-02-24 04:00:00+00:00,931.25
2019-02-24 05:00:00+00:00,740.25
2019-02-24 06:00:00+00:00,529.25
2019-02-24 07:00:00+00:00,454.5
2019-02-24 08:00:00+00:00,424.25
2019-02-24 09:00:00+00:00,461.25
2019-02-24 10:00:00+00:00,455.5
2019-02-24 11:00:00+00:00,422.5
2019-02-24 12:00:00+00:00,427.75
2019-02-24 13:00:00+00:00,486.75
2019-02-24 14:00:00+00:00,533.0
2019-02-24 15:00:00+00:00,674.5
2019-02-24 16:00:00+00:00,739.25
2019-02-24 17:00:00+00:00,820.75
2019-02-24 18:00:00+00:00,626.25
2019-02-24 19:00:00+00:00,462.0
2019-02-24 20:00:00+00:00,386.25
2019-02-24 21:00:00+00:00,353.5
2019-02-24 22:00:00+00:00,275.25
2019-02-24 23:00:00+00:00,189.25
2019-02-25 00:00:00+00:00,222.5
2019-02-25 01:00:00+00:00,453.0
2019-02-25 02:00:00+00:00,536.0
2019-02-25 03:00:00+00:00,593.0
2019-02-25 04:00:00+00:00,515.25
2019-02-25 05:00:00+00:00,457.25
2019-02-25 06:00:00+00:00,381.25
2019-02-25 07:00:00+00:00,520.25
2019-02-25 08:00:00+00:00,343.75
2019-02-25 09:00:00+00:00,308.5
2019-02-25 10:00:00+00:00,382.5
2019-02-25 11:00:00+00:00,692.0
2019-02-25 12:00:00+00:00,944.0
2019-02-25 13:00:00+00:00,1005.25
2019-02-25 14:00:00+00:00,1050.75
2019-02-25 15:00:00+00:00,1137.0
2019-02-25 16:00:00+00:00,1251.25
2019-02-25 17:00:00+00:00,1162.5
2019-02-25 18:00:00+00:00,918.25
2019-02-25 19:00:00+00:00,893.75
2019-02-25 20:00:00+00:00,962.0
2019-02-25 21:00:00+00:00,1032.25
2019-02-25 22:00:00+00:00,929.0
2019-02-25 23:00:00+00:00,819.75
2019-02-26 00:00:00+00:00,795.25
2019-02-26 01:00:00+00:00,763.25
2019-02-26 02:00:00+00:00,710.25
2019-02-26 03:00:00+00:00,608.0
2019-02-26 04:00:00+00:00,505.75
2019-02-26 05:00:00+00:00,379.25
2019-02-26 06:00:00+00:00,267.0
2019-02-26 07:00:00+00:00,174.5
2019-02-26 08:00:00+00:00,136.75
2019-02-26 09:00:00+00:00,68.75
2019-02-26 10:00:00+00:00,80.0
2019-02-26 11:00:00+00:00,116.25
2019-02-26 12:00:00+00:00,209.5
2019-02-26 13:00:00+00:00,311.25
2019-02-26 14:00:00+00:00,405.5
2019-02-26 15:00:00+00:00,433.25
2019-02-26 16:00:00+00:00,452.5
2019-02-26 17:00:00+00:00,309.0
2019-02-26 18:00:00+00:00,285.5
2019-02-26 19:00:00+00:00,350.25
2019-02-26 20:00:00+00:00,366.5
2019-02-26 21:00:00+00:00,317.0
2019-02-26 22:00:00+00:00,259.75
2019-02-26 23:00:00+00:00,314.25
2019-02-27 00:00:00+00:00,389.5
2019-02-27 01:00:00+00:00,535.5
2019-02-27 02:00:00+00:00,640.25
2019-02-27 03:00:00+00:00,791.5
2019-02-27 04:00:00+00:00,987.0
2019-02-27 05:00:00+00:00,1172.75
2019-02-27 06:00:00+00:00,1222.0
2019-02-27 07:00:00+00:00,1288.5
2019-02-27 08:00:00+00:00,1409.75
2019-02-27 09:00:00+00:00,1567.0
2019-02-27 10:00:00+00:00,1421.75
2019-02-27 11:00:00+00:00,1561.75
2019-02-27 12:00:00+00:00,1907.5
2019-02-27 13:00:00+00:00,2222.75
2019-02-27 14:00:00+00:00,2487.75
2019-02-27 15:00:00+00:00,2700.5
2019-02-27 16:00:00+00:00,2861.75
2019-02-27 17:00:00+00:00,3148.75
2019-02-27 18:00:00+00:00,3144.0
2019-02-27 19:00:00+00:00,2835.5
2019-02-27 20:00:00+00:00,2720.0
2019-02-27 21:00:00+00:00,2930.75
2019-02-27 22:00:00+00:00,3145.25
2019-02-27 23:00:00+00:00,3262.25
2019-02-28 00:00:00+00:00,3642.25
2019-02-28 01:00:00+00:00,3571.25
2019-02-28 02:00:00+00:00,3440.5
2019-02-28 03:00:00+00:00,2980.25
2019-02-28 04:00:00+00:00,2413.0
2019-02-28 05:00:00+00:00,2297.5
2019-02-28 06:00:00+00:00,2063.5
2019-02-28 07:00:00+00:00,1578.25
2019-02-28 08:00:00+00:00,1142.0
2019-02-28 09:00:00+00:00,873.5
2019-02-28 10:00:00+00:00,654.5
2019-02-28 11:00:00+00:00,652.5
2019-02-28 12:00:00+00:00,829.0
2019-02-28 13:00:00+00:00,929.5
2019-02-28 14:00:00+00:00,1006.0
2019-02-28 15:00:00+00:00,907.25
2019-02-28 16:00:00+00:00,765.5
2019-02-28 17:00:00+00:00,738.5
2019-02-28 18:00:00+00:00,558.75
2019-02-28 19:00:00+00:00,517.0
2019-02-28 20:00:00+00:00,455.75
2019-02-28 21:00:00+00:00,337.25
2019-02-28 22:00:00+00:00,296.25
2019-02-28 23:00:00+00:00,254.25
2019-03-01 00:00:00+00:00,369.0
2019-03-01 01:00:00+00:00,633.0
2019-03-01 02:00:00+00:00,893.5
2019-03-01 03:00:00+00:00,1268.5
2019-03-01 04:00:00+00:00,1595.5
2019-03-01 05:00:00+00:00,1617.25
2019-03-01 06:00:00+00:00,1510.75
2019-03-01 07:00:00+00:00,1745.75
2019-03-01 08:00:00+00:00,1993.5
2019-03-01 09:00:00+00:00,2312.5
2019-03-01 10:00:00+00:00,2656.0
2019-03-01 11:00:00+00:00,2483.25
2019-03-01 12:00:00+00:00,2395.0
2019-03-01 13:00:00+00:00,2000.5
2019-03-01 14:00:00+00:00,1863.75
2019-03-01 15:00:00+00:00,1958.25
2019-03-01 16:00:00+00:00,1798.0
2019-03-01 17:00:00+00:00,1496.0
2019-03-01 18:00:00+00:00,1210.25
2019-03-01 19:00:00+00:00,1184.25
2019-03-01 20:00:00+00:00,1232.5
2019-03-01 21:00:00+00:00,1229.75
2019-03-01 22:00:00+00:00,1165.25
2019-03-01 23:00:00+00:00,783.75
2019-03-02 00:00:00+00:00,570.5
2019-03-02 01:00:00+00:00,473.0
2019-03-02 02:00:00+00:00,578.0
2019-03-02 03:00:00+00:00,590.75
2019-03-02 04:00:00+00:00,541.0
2019-03-02 05:00:00+00:00,516.0
2019-03-02 06:00:00+00:00,746.5
2019-03-02 07:00:00+00:00,872.25
2019-03-02 08:00:00+00:00,1104.75
2019-03-02 09:00:00+00:00,1191.25
2019-03-02 10:00:00+00:00,1696.25
2019-03-02 11:00:00+00:00,2219.5
2019-03-02 12:00:00+00:00,2573.5
2019-03-02 13:00:00+00:00,2816.0
2019-03-02 14:00:00+00:00,3281.75
2019-03-02 15:00:00+00:00,3837.25
2019-03-02 16:00:00+00:00,4398.25
2019-03-02 17:00:00+00:00,4651.5
2019-03-02 18:00:00+00:00,4502.0
2019-03-02 19:00:00+00:00,4888.25
2019-03-02 20:00:00+00:00,5240.25
2019-03-02 21:00:00+00:00,5224.75
2019-03-02 22:00:00+00:00,5308.25
2019-03-02 23:00:00+00:00,5368.5
2019-03-03 00:00:00+00:00,5226.75
2019-03-03 01:00:00+00:00,5023.75
2019-03-03 02:00:00+00:00,5013.25
2019-03-03 03:00:00+00:00,5009.25
2019-03-03 04:00:00+00:00,5094.25
2019-03-03 05:00:00+00:00,5121.75
2019-03-03 06:00:00+00:00,4868.5
2019-03-03 07:00:00+00:00,4789.75
2019-03-03 08:00:00+00:00,4824.75
2019-03-03 09:00:00+00:00,4772.0
2019-03-03 10:00:00+00:00,4713.0
2019-03-03 11:00:00+00:00,4770.25
2019-03-03 12:00:00+00:00,4746.75
2019-03-03 13:00:00+00:00,4673.0
2019-03-03 14:00:00+00:00,4398.75
2019-03-03 15:00:00+00:00,3314.25
2019-03-03 16:00:00+00:00,3394.75
2019-03-03 17:00:00+00:00,4089.75
2019-03-03 18:00:00+00:00,4842.0
2019-03-03 19:00:00+00:00,4328.25
2019-03-03 20:00:00+00:00,3982.75
2019-03-03 21:00:00+00:00,3885.25
2019-03-03 22:00:00+00:00,3998.5
2019-03-03 23:00:00+00:00,4564.25
2019-03-04 00:00:00+00:00,4851.5
2019-03-04 01:00:00+00:00,4886.25
2019-03-04 02:00:00+00:00,4876.25
2019-03-04 03:00:00+00:00,4882.25
2019-03-04 04:00:00+00:00,4838.5
2019-03-04 05:00:00+00:00,4848.75
2019-03-04 06:00:00+00:00,4792.75
2019-03-04 07:00:00+00:00,4360.5
2019-03-04 08:00:00+00:00,2959.0
2019-03-04 09:00:00+00:00,2755.0
2019-03-04 10:00:00+00:00,2420.75
2019-03-04 11:00:00+00:00,2608.25
2019-03-04 12:00:00+00:00,2986.5
2019-03-04 13:00:00+00:00,3467.75
2019-03-04 14:00:00+00:00,3925.5
2019-03-04 15:00:00+00:00,3940.0
2019-03-04 16:00:00+00:00,3935.25
2019-03-04 17:00:00+00:00,3919.0
2019-03-04 18:00:00+00:00,3594.75
2019-03-04 19:00:00+00:00,3394.25
2019-03-04 20:00:00+00:00,3162.75
2019-03-04 21:00:00+00:00,3069.25
2019-03-04 22:00:00+00:00,2806.5
2019-03-04 23:00:00+00:00,2955.25
2019-03-05 00:00:00+00:00,3298.5
2019-03-05 01:00:00+00:00,2982.0
2019-03-05 02:00:00+00:00,3292.75
2019-03-05 03:00:00+00:00,3267.25
2019-03-05 04:00:00+00:00,3339.0
2019-03-05 05:00:00+00:00,3595.75
2019-03-05 06:00:00+00:00,3776.0
2019-03-05 07:00:00+00:00,3165.75
2019-03-05 08:00:00+00:00,2884.5
2019-03-05 09:00:00+00:00,3049.5
2019-03-05 10:00:00+00:00,3725.0
2019-03-05 11:00:00+00:00,3753.0
2019-03-05 12:00:00+00:00,3937.25
2019-03-05 13:00:00+00:00,4012.75
2019-03-05 14:00:00+00:00,4094.75
2019-03-05 15:00:00+00:00,3983.0
2019-03-05 16:00:00+00:00,4338.5
2019-03-05 17:00:00+00:00,4233.5
2019-03-05 18:00:00+00:00,4079.25
2019-03-05 19:00:00+00:00,3732.5
2019-03-05 20:00:00+00:00,3749.5
2019-03-05 21:00:00+00:00,3737.0
2019-03-05 22:00:00+00:00,3508.75
2019-03-05 23:00:00+00:00,3851.5
2019-03-06 00:00:00+00:00,3651.0
2019-03-06 01:00:00+00:00,3265.5
2019-03-06 02:00:00+00:00,3257.5
2019-03-06 03:00:00+00:00,3292.5
2019-03-06 04:00:00+00:00,3160.5
2019-03-06 05:00:00+00:00,3431.0
2019-03-06 06:00:00+00:00,4060.0
2019-03-06 07:00:00+00:00,4446.5
2019-03-06 08:00:00+00:00,4647.5
2019-03-06 09:00:00+00:00,4837.5
2019-03-06 10:00:00+00:00,4894.75
2019-03-06 11:00:00+00:00,5014.5
2019-03-06 12:00:00+00:00,5276.5
2019-03-06 13:00:00+00:00,5408.25
2019-03-06 14:00:00+00:00,5526.0
2019-03-06 15:00:00+00:00,5538.25
2019-03-06 16:00:00+00:00,5651.5
2019-03-06 17:00:00+00:00,5626.5
2019-03-06 18:00:00+00:00,5654.75
2019-03-06 19:00:00+00:00,5650.5
2019-03-06 20:00:00+00:00,5664.25
2019-03-06 21:00:00+00:00,5674.0
2019-03-06 22:00:00+00:00,5659.75
2019-03-06 23:00:00+00:00,5632.5
2019-03-07 00:00:00+00:00,5620.5
2019-03-07 01:00:00+00:00,5624.0
2019-03-07 02:00:00+00:00,5614.75
2019-03-07 03:00:00+00:00,5616.25
2019-03-07 04:00:00+00:00,5106.75
2019-03-07 05:00:00+00:00,4435.75
2019-03-07 06:00:00+00:00,4043.5
2019-03-07 07:00:00+00:00,4209.75
2019-03-07 08:00:00+00:00,4817.75
2019-03-07 09:00:00+00:00,4122.5
2019-03-07 10:00:00+00:00,3851.75
2019-03-07 11:00:00+00:00,3941.0
2019-03-07 12:00:00+00:00,3937.75
2019-03-07 13:00:00+00:00,4545.0
2019-03-07 14:00:00+00:00,5681.25
2019-03-07 15:00:00+00:00,5755.5
2019-03-07 16:00:00+00:00,5694.25
2019-03-07 17:00:00+00:00,5599.5
2019-03-07 18:00:00+00:00,5540.5
2019-03-07 19:00:00+00:00,5732.5
2019-03-07 20:00:00+00:00,5731.5
2019-03-07 21:00:00+00:00,5734.75
2019-03-07 22:00:00+00:00,5532.5
2019-03-07 23:00:00+00:00,5487.5
2019-03-08 00:00:00+00:00,5528.25
2019-03-08 01:00:00+00:00,5700.0
2019-03-08 02:00:00+00:00,5734.75
2019-03-08 03:00:00+00:00,5753.0
2019-03-08 04:00:00+00:00,5754.5
2019-03-08 05:00:00+00:00,5750.5
2019-03-08 06:00:00+00:00,5684.25
2019-03-08 07:00:00+00:00,5160.0
2019-03-08 08:00:00+00:00,4522.5
2019-03-08 09:00:00+00:00,4399.25
2019-03-08 10:00:00+00:00,4325.75
2019-03-08 11:00:00+00:00,4345.5
2019-03-08 12:00:00+00:00,3870.0
2019-03-08 13:00:00+00:00,3613.75
2019-03-08 14:00:00+00:00,3668.5
2019-03-08 15:00:00+00:00,3816.75
2019-03-08 16:00:00+00:00,4188.5
2019-03-08 17:00:00+00:00,4637.5
2019-03-08 18:00:00+00:00,4958.75
2019-03-08 19:00:00+00:00,5041.25
2019-03-08 20:00:00+00:00,5229.0
2019-03-08 21:00:00+00:00,5384.0
2019-03-08 22:00:00+00:00,5545.0
2019-03-08 23:00:00+00:00,5543.5
2019-03-09 00:00:00+00:00,5481.25
2019-03-09 01:00:00+00:00,5397.0
2019-03-09 02:00:00+00:00,5409.75
2019-03-09 03:00:00+00:00,5472.0
2019-03-09 04:00:00+00:00,5584.25
2019-03-09 05:00:00+00:00,5683.25
2019-03-09 06:00:00+00:00,5283.0
2019-03-09 07:00:00+00:00,4496.5
2019-03-09 08:00:00+00:00,3912.5
2019-03-09 09:00:00+00:00,3825.25
2019-03-09 10:00:00+00:00,3451.5
2019-03-09 11:00:00+00:00,3542.75
2019-03-09 12:00:00+00:00,3522.0
2019-03-09 13:00:00+00:00,3396.5
2019-03-09 14:00:00+00:00,3788.5
2019-03-09 15:00:00+00:00,4591.0
2019-03-09 16:00:00+00:00,5058.75
2019-03-09 17:00:00+00:00,5327.25
2019-03-09 18:00:00+00:00,5097.5
2019-03-09 19:00:00+00:00,4739.0
2019-03-09 20:00:00+00:00,4745.0
2019-03-09 21:00:00+00:00,5290.5
2019-03-09 22:00:00+00:00,5701.25
2019-03-09 23:00:00+00:00,4989.25
2019-03-10 00:00:00+00:00,5033.5
2019-03-10 01:00:00+00:00,4737.75
2019-03-10 02:00:00+00:00,4197.25
2019-03-10 03:00:00+00:00,3990.25
2019-03-10 04:00:00+00:00,3338.75
2019-03-10 05:00:00+00:00,2639.25
2019-03-10 06:00:00+00:00,2218.0
2019-03-10 07:00:00+00:00,1721.25
2019-03-10 08:00:00+00:00,1444.75
2019-03-10 09:00:00+00:00,1292.0
2019-03-10 10:00:00+00:00,1077.25
2019-03-10 11:00:00+00:00,941.5
2019-03-10 12:00:00+00:00,935.0
2019-03-10 13:00:00+00:00,1120.5
2019-03-10 14:00:00+00:00,1764.0
2019-03-10 15:00:00+00:00,2799.25
2019-03-10 16:00:00+00:00,2985.25
2019-03-10 17:00:00+00:00,2310.5
2019-03-10 18:00:00+00:00,1660.25
2019-03-10 19:00:00+00:00,2065.75
2019-03-10 20:00:00+00:00,2301.5
2019-03-10 21:00:00+00:00,2284.75
2019-03-10 22:00:00+00:00,2407.0
2019-03-10 23:00:00+00:00,2832.5
2019-03-11 00:00:00+00:00,3095.75
2019-03-11 01:00:00+00:00,3488.5
2019-03-11 02:00:00+00:00,4080.5
2019-03-11 03:00:00+00:00,4106.75
2019-03-11 04:00:00+00:00,3634.75
2019-03-11 05:00:00+00:00,3381.25
2019-03-11 06:00:00+00:00,3384.5
2019-03-11 07:00:00+00:00,3351.25
2019-03-11 08:00:00+00:00,2757.25
2019-03-11 09:00:00+00:00,2225.25
2019-03-11 10:00:00+00:00,2119.5
2019-03-11 11:00:00+00:00,1817.75
2019-03-11 12:00:00+00:00,1514.75
2019-03-11 13:00:00+00:00,1879.0
2019-03-11 14:00:00+00:00,2422.0
2019-03-11 15:00:00+00:00,2695.75
2019-03-11 16:00:00+00:00,2634.5
2019-03-11 17:00:00+00:00,2717.5
2019-03-11 18:00:00+00:00,2439.0
2019-03-11 19:00:00+00:00,2418.25
2019-03-11 20:00:00+00:00,2108.5
2019-03-11 21:00:00+00:00,1905.25
2019-03-11 22:00:00+00:00,1910.75
2019-03-11 23:00:00+00:00,2128.75
2019-03-12 00:00:00+00:00,2206.25
2019-03-12 01:00:00+00:00,2194.75
2019-03-12 02:00:00+00:00,2876.25
2019-03-12 03:00:00+00:00,3522.5
2019-03-12 04:00:00+00:00,4323.25
2019-03-12 05:00:00+00:00,4736.75
2019-03-12 06:00:00+00:00,4926.75
2019-03-12 07:00:00+00:00,5173.5
2019-03-12 08:00:00+00:00,5168.5
2019-03-12 09:00:00+00:00,5069.0
2019-03-12 10:00:00+00:00,5049.25
2019-03-12 11:00:00+00:00,4919.0
2019-03-12 12:00:00+00:00,4944.75
2019-03-12 13:00:00+00:00,5033.5
2019-03-12 14:00:00+00:00,5155.0
2019-03-12 15:00:00+00:00,5287.75
2019-03-12 16:00:00+00:00,5452.75
2019-03-12 17:00:00+00:00,5551.75
2019-03-12 18:00:00+00:00,5619.25
2019-03-12 19:00:00+00:00,5614.0
2019-03-12 20:00:00+00:00,5560.0
2019-03-12 21:00:00+00:00,5673.25
2019-03-12 22:00:00+00:00,5668.0
2019-03-12 23:00:00+00:00,5678.5
2019-03-13 00:00:00+00:00,5725.25
2019-03-13 01:00:00+00:00,5719.5
2019-03-13 02:00:00+00:00,5709.0
2019-03-13 03:00:00+00:00,5692.5
2019-03-13 04:00:00+00:00,5644.25
2019-03-13 05:00:00+00:00,5644.25
2019-03-13 06:00:00+00:00,4932.75
2019-03-13 07:00:00+00:00,3808.5
2019-03-13 08:00:00+00:00,3596.25
2019-03-13 09:00:00+00:00,3590.5
2019-03-13 10:00:00+00:00,3568.5
2019-03-13 11:00:00+00:00,3578.0
2019-03-13 12:00:00+00:00,3576.25
2019-03-13 13:00:00+00:00,3585.25
2019-03-13 14:00:00+00:00,4037.75
2019-03-13 15:00:00+00:00,4645.25
2019-03-13 16:00:00+00:00,4421.5
2019-03-13 17:00:00+00:00,4399.25
2019-03-13 18:00:00+00:00,4679.75
2019-03-13 19:00:00+00:00,4463.25
2019-03-13 20:00:00+00:00,4293.5
2019-03-13 21:00:00+00:00,4305.5
2019-03-13 22:00:00+00:00,4244.75
2019-03-13 23:00:00+00:00,4131.5
2019-03-14 00:00:00+00:00,4249.75
2019-03-14 01:00:00+00:00,4806.25
2019-03-14 02:00:00+00:00,5148.5
2019-03-14 03:00:00+00:00,5743.25
2019-03-14 04:00:00+00:00,5929.75
2019-03-14 05:00:00+00:00,5908.25
2019-03-14 06:00:00+00:00,5866.25
2019-03-14 07:00:00+00:00,5739.25
2019-03-14 08:00:00+00:00,5733.5
2019-03-14 09:00:00+00:00,5688.0
2019-03-14 10:00:00+00:00,5601.5
2019-03-14 11:00:00+00:00,5198.25
2019-03-14 12:00:00+00:00,4710.0
2019-03-14 13:00:00+00:00,4511.25
2019-03-14 14:00:00+00:00,5030.0
2019-03-14 15:00:00+00:00,5582.75
2019-03-14 16:00:00+00:00,5534.0
2019-03-14 17:00:00+00:00,5407.25
2019-03-14 18:00:00+00:00,5121.5
2019-03-14 19:00:00+00:00,4855.0
2019-03-14 20:00:00+00:00,4818.0
2019-03-14 21:00:00+00:00,4782.75
2019-03-14 22:00:00+00:00,4799.25
2019-03-14 23:00:00+00:00,4725.75
2019-03-15 00:00:00+00:00,4635.0
2019-03-15 01:00:00+00:00,4811.75
2019-03-15 02:00:00+00:00,4839.25
2019-03-15 03:00:00+00:00,4688.0
2019-03-15 04:00:00+00:00,4850.5
2019-03-15 05:00:00+00:00,5067.0
2019-03-15 06:00:00+00:00,5255.75
2019-03-15 07:00:00+00:00,5358.5
2019-03-15 08:00:00+00:00,5551.25
2019-03-15 09:00:00+00:00,5570.75
2019-03-15 10:00:00+00:00,5395.25
2019-03-15 11:00:00+00:00,5510.5
2019-03-15 12:00:00+00:00,5368.5
2019-03-15 13:00:00+00:00,5039.5
2019-03-15 14:00:00+00:00,5214.5
2019-03-15 15:00:00+00:00,5413.75
2019-03-15 16:00:00+00:00,5486.75
2019-03-15 17:00:00+00:00,5519.75
2019-03-15 18:00:00+00:00,5279.5
2019-03-15 19:00:00+00:00,4780.25
2019-03-15 20:00:00+00:00,4846.5
2019-03-15 21:00:00+00:00,5052.5
2019-03-15 22:00:00+00:00,5241.5
2019-03-15 23:00:00+00:00,5292.75
2019-03-16 00:00:00+00:00,5290.25
2019-03-16 01:00:00+00:00,5274.25
2019-03-16 02:00:00+00:00,5479.25
2019-03-16 03:00:00+00:00,5529.5
2019-03-16 04:00:00+00:00,5193.0
2019-03-16 05:00:00+00:00,4732.75
2019-03-16 06:00:00+00:00,3664.25
2019-03-16 07:00:00+00:00,3269.75
2019-03-16 08:00:00+00:00,3137.75
2019-03-16 09:00:00+00:00,2899.75
2019-03-16 10:00:00+00:00,3184.0
2019-03-16 11:00:00+00:00,3923.25
2019-03-16 12:00:00+00:00,4941.5
2019-03-16 13:00:00+00:00,5458.75
2019-03-16 14:00:00+00:00,5563.5
2019-03-16 15:00:00+00:00,5557.75
2019-03-16 16:00:00+00:00,5407.5
2019-03-16 17:00:00+00:00,5345.25
2019-03-16 18:00:00+00:00,5530.75
2019-03-16 19:00:00+00:00,5673.75
2019-03-16 20:00:00+00:00,5851.5
2019-03-16 21:00:00+00:00,5828.0
2019-03-16 22:00:00+00:00,5810.25
2019-03-16 23:00:00+00:00,4308.5
2019-03-17 00:00:00+00:00,4085.5
2019-03-17 01:00:00+00:00,3700.5
2019-03-17 02:00:00+00:00,3835.5
2019-03-17 03:00:00+00:00,3932.75
2019-03-17 04:00:00+00:00,3944.0
2019-03-17 05:00:00+00:00,3989.0
2019-03-17 06:00:00+00:00,4028.25
2019-03-17 07:00:00+00:00,4512.0
2019-03-17 08:00:00+00:00,4626.5
2019-03-17 09:00:00+00:00,4199.0
2019-03-17 10:00:00+00:00,4326.75
2019-03-17 11:00:00+00:00,4065.75
2019-03-17 12:00:00+00:00,3917.75
2019-03-17 13:00:00+00:00,3984.0
2019-03-17 14:00:00+00:00,4330.75
2019-03-17 15:00:00+00:00,4380.25
2019-03-17 16:00:00+00:00,5762.5
2019-03-17 17:00:00+00:00,5659.25
2019-03-17 18:00:00+00:00,5501.75
2019-03-17 19:00:00+00:00,5497.5
2019-03-17 20:00:00+00:00,5507.75
2019-03-17 21:00:00+00:00,5519.25
2019-03-17 22:00:00+00:00,5260.25
2019-03-17 23:00:00+00:00,4868.25
2019-03-18 00:00:00+00:00,4613.5
2019-03-18 01:00:00+00:00,4263.5
2019-03-18 02:00:00+00:00,4223.5
2019-03-18 03:00:00+00:00,4226.25
2019-03-18 04:00:00+00:00,4220.0
2019-03-18 05:00:00+00:00,4213.25
2019-03-18 06:00:00+00:00,3924.75
2019-03-18 07:00:00+00:00,3863.0
2019-03-18 08:00:00+00:00,3851.25
2019-03-18 09:00:00+00:00,3850.0
2019-03-18 10:00:00+00:00,3842.0
2019-03-18 11:00:00+00:00,3843.0
2019-03-18 12:00:00+00:00,3836.0
2019-03-18 13:00:00+00:00,4163.25
2019-03-18 14:00:00+00:00,4364.25
2019-03-18 15:00:00+00:00,4711.75
2019-03-18 16:00:00+00:00,4882.75
2019-03-18 17:00:00+00:00,4823.0
2019-03-18 18:00:00+00:00,4841.75
2019-03-18 19:00:00+00:00,4973.0
2019-03-18 20:00:00+00:00,5116.5
2019-03-18 21:00:00+00:00,4699.5
2019-03-18 22:00:00+00:00,4231.25
2019-03-18 23:00:00+00:00,4060.5
2019-03-19 00:00:00+00:00,3814.75
2019-03-19 01:00:00+00:00,3498.25
2019-03-19 02:00:00+00:00,3219.75
2019-03-19 03:00:00+00:00,3100.5
2019-03-19 04:00:00+00:00,3059.5
2019-03-19 05:00:00+00:00,2805.5
2019-03-19 06:00:00+00:00,2016.75
2019-03-19 07:00:00+00:00,1507.5
2019-03-19 08:00:00+00:00,1085.5
2019-03-19 09:00:00+00:00,800.75
2019-03-19 10:00:00+00:00,498.5
2019-03-19 11:00:00+00:00,408.5
2019-03-19 12:00:00+00:00,452.5
2019-03-19 13:00:00+00:00,543.0
2019-03-19 14:00:00+00:00,485.5
2019-03-19 15:00:00+00:00,627.0
2019-03-19 16:00:00+00:00,750.75
2019-03-19 17:00:00+00:00,756.5
2019-03-19 18:00:00+00:00,823.0
2019-03-19 19:00:00+00:00,935.5
2019-03-19 20:00:00+00:00,1414.25
2019-03-19 21:00:00+00:00,1803.25
2019-03-19 22:00:00+00:00,2339.0
2019-03-19 23:00:00+00:00,2679.75
2019-03-20 00:00:00+00:00,3010.75
2019-03-20 01:00:00+00:00,3633.25
2019-03-20 02:00:00+00:00,3986.5
2019-03-20 03:00:00+00:00,4061.75
2019-03-20 04:00:00+00:00,4457.25
2019-03-20 05:00:00+00:00,4477.25
2019-03-20 06:00:00+00:00,4194.5
2019-03-20 07:00:00+00:00,4094.5
2019-03-20 08:00:00+00:00,3803.75
2019-03-20 09:00:00+00:00,3196.5
2019-03-20 10:00:00+00:00,2951.25
2019-03-20 11:00:00+00:00,2517.0
2019-03-20 12:00:00+00:00,2394.75
2019-03-20 13:00:00+00:00,2206.0
2019-03-20 14:00:00+00:00,2070.25
2019-03-20 15:00:00+00:00,1985.25
2019-03-20 16:00:00+00:00,2060.0
2019-03-20 17:00:00+00:00,2186.5
2019-03-20 18:00:00+00:00,2284.75
2019-03-20 19:00:00+00:00,2751.0
2019-03-20 20:00:00+00:00,2935.75
2019-03-20 21:00:00+00:00,3154.5
2019-03-20 22:00:00+00:00,3338.75
2019-03-20 23:00:00+00:00,3745.25
2019-03-21 00:00:00+00:00,4065.5
2019-03-21 01:00:00+00:00,4359.75
2019-03-21 02:00:00+00:00,4475.5
2019-03-21 03:00:00+00:00,4564.25
2019-03-21 04:00:00+00:00,4665.5
2019-03-21 05:00:00+00:00,4720.5
2019-03-21 06:00:00+00:00,4580.0
2019-03-21 07:00:00+00:00,4820.25
2019-03-21 08:00:00+00:00,5040.75
2019-03-21 09:00:00+00:00,5004.75
2019-03-21 10:00:00+00:00,4901.5
2019-03-21 11:00:00+00:00,4745.75
2019-03-21 12:00:00+00:00,4654.25
2019-03-21 13:00:00+00:00,4316.5
2019-03-21 14:00:00+00:00,3580.0
2019-03-21 15:00:00+00:00,3155.5
2019-03-21 16:00:00+00:00,2875.25
2019-03-21 17:00:00+00:00,2316.0
2019-03-21 18:00:00+00:00,1847.75
2019-03-21 19:00:00+00:00,1512.75
2019-03-21 20:00:00+00:00,1296.5
2019-03-21 21:00:00+00:00,1194.25
2019-03-21 22:00:00+00:00,1155.25
2019-03-21 23:00:00+00:00,1086.5
2019-03-22 00:00:00+00:00,1081.75
2019-03-22 01:00:00+00:00,861.75
2019-03-22 02:00:00+00:00,513.0
2019-03-22 03:00:00+00:00,438.75
2019-03-22 04:00:00+00:00,518.75
2019-03-22 05:00:00+00:00,615.0
2019-03-22 06:00:00+00:00,498.75
2019-03-22 07:00:00+00:00,734.0
2019-03-22 08:00:00+00:00,1047.25
2019-03-22 09:00:00+00:00,1479.5
2019-03-22 10:00:00+00:00,1749.75
2019-03-22 11:00:00+00:00,1473.75
2019-03-22 12:00:00+00:00,1216.5
2019-03-22 13:00:00+00:00,1035.75
2019-03-22 14:00:00+00:00,939.25
2019-03-22 15:00:00+00:00,856.25
2019-03-22 16:00:00+00:00,867.5
2019-03-22 17:00:00+00:00,1034.25
2019-03-22 18:00:00+00:00,1215.0
2019-03-22 19:00:00+00:00,1603.75
2019-03-22 20:00:00+00:00,2193.75
2019-03-22 21:00:00+00:00,2676.75
2019-03-22 22:00:00+00:00,2764.25
2019-03-22 23:00:00+00:00,2412.5
2019-03-23 00:00:00+00:00,2517.0
2019-03-23 01:00:00+00:00,2624.25
2019-03-23 02:00:00+00:00,2527.75
2019-03-23 03:00:00+00:00,2560.0
2019-03-23 04:00:00+00:00,2185.0
2019-03-23 05:00:00+00:00,1458.0
2019-03-23 06:00:00+00:00,1296.5
2019-03-23 07:00:00+00:00,1454.75
2019-03-23 08:00:00+00:00,1581.75
2019-03-23 09:00:00+00:00,1789.5
2019-03-23 10:00:00+00:00,2029.0
2019-03-23 11:00:00+00:00,2381.75
2019-03-23 12:00:00+00:00,2276.0
2019-03-23 13:00:00+00:00,2095.25
2019-03-23 14:00:00+00:00,2253.5
2019-03-23 15:00:00+00:00,2104.75
2019-03-23 16:00:00+00:00,1866.75
2019-03-23 17:00:00+00:00,1615.5
2019-03-23 18:00:00+00:00,1169.25
2019-03-23 19:00:00+00:00,1098.0
2019-03-23 20:00:00+00:00,956.0
2019-03-23 21:00:00+00:00,890.25
2019-03-23 22:00:00+00:00,888.5
2019-03-23 23:00:00+00:00,744.25
2019-03-24 00:00:00+00:00,604.25
2019-03-24 01:00:00+00:00,512.5
2019-03-24 02:00:00+00:00,550.5
2019-03-24 03:00:00+00:00,522.25
2019-03-24 04:00:00+00:00,457.75
2019-03-24 05:00:00+00:00,410.75
2019-03-24 06:00:00+00:00,454.5
2019-03-24 07:00:00+00:00,503.25
2019-03-24 08:00:00+00:00,691.0
2019-03-24 09:00:00+00:00,915.25
2019-03-24 10:00:00+00:00,1301.25
2019-03-24 11:00:00+00:00,1597.25
2019-03-24 12:00:00+00:00,1943.75
2019-03-24 13:00:00+00:00,2367.75
2019-03-24 14:00:00+00:00,2792.5
2019-03-24 15:00:00+00:00,3389.75
2019-03-24 16:00:00+00:00,4001.25
2019-03-24 17:00:00+00:00,4332.5
2019-03-24 18:00:00+00:00,4745.75
2019-03-24 19:00:00+00:00,5243.75
2019-03-24 20:00:00+00:00,5791.0
2019-03-24 21:00:00+00:00,5918.25
2019-03-24 22:00:00+00:00,5552.5
2019-03-24 23:00:00+00:00,5043.0
2019-03-25 00:00:00+00:00,5229.25
2019-03-25 01:00:00+00:00,5392.5
2019-03-25 02:00:00+00:00,5368.25
2019-03-25 03:00:00+00:00,5340.0
2019-03-25 04:00:00+00:00,5278.0
2019-03-25 05:00:00+00:00,5214.75
2019-03-25 06:00:00+00:00,5500.5
2019-03-25 07:00:00+00:00,5348.5
2019-03-25 08:00:00+00:00,5479.5
2019-03-25 09:00:00+00:00,5527.25
2019-03-25 10:00:00+00:00,5440.5
2019-03-25 11:00:00+00:00,5275.0
2019-03-25 12:00:00+00:00,5088.5
2019-03-25 13:00:00+00:00,5088.5
2019-03-25 14:00:00+00:00,5040.25
2019-03-25 15:00:00+00:00,4771.0
2019-03-25 16:00:00+00:00,4504.75
2019-03-25 17:00:00+00:00,4538.0
2019-03-25 18:00:00+00:00,4304.25
2019-03-25 19:00:00+00:00,4900.75
2019-03-25 20:00:00+00:00,4939.25
2019-03-25 21:00:00+00:00,4525.0
2019-03-25 22:00:00+00:00,3932.75
2019-03-25 23:00:00+00:00,3496.75
2019-03-26 00:00:00+00:00,3634.25
2019-03-26 01:00:00+00:00,4491.75
2019-03-26 02:00:00+00:00,5007.0
2019-03-26 03:00:00+00:00,5263.25
2019-03-26 04:00:00+00:00,5259.25
2019-03-26 05:00:00+00:00,5587.75
2019-03-26 06:00:00+00:00,5345.5
2019-03-26 07:00:00+00:00,5119.75
2019-03-26 08:00:00+00:00,4981.5
2019-03-26 09:00:00+00:00,4952.5
2019-03-26 10:00:00+00:00,4642.25
2019-03-26 11:00:00+00:00,4440.0
2019-03-26 12:00:00+00:00,4685.75
2019-03-26 13:00:00+00:00,4659.25
2019-03-26 14:00:00+00:00,4272.0
2019-03-26 15:00:00+00:00,3528.5
2019-03-26 16:00:00+00:00,2977.25
2019-03-26 17:00:00+00:00,2819.0
2019-03-26 18:00:00+00:00,2204.5
2019-03-26 19:00:00+00:00,1536.25
2019-03-26 20:00:00+00:00,1230.0
2019-03-26 21:00:00+00:00,1419.25
2019-03-26 22:00:00+00:00,1551.0
2019-03-26 23:00:00+00:00,1815.25
2019-03-27 00:00:00+00:00,1862.75
2019-03-27 01:00:00+00:00,2048.75
2019-03-27 02:00:00+00:00,2279.0
2019-03-27 03:00:00+00:00,2482.25
2019-03-27 04:00:00+00:00,2648.25
2019-03-27 05:00:00+00:00,2798.0
2019-03-27 06:00:00+00:00,2907.75
2019-03-27 07:00:00+00:00,3129.25
2019-03-27 08:00:00+00:00,2931.25
2019-03-27 09:00:00+00:00,2895.5
2019-03-27 10:00:00+00:00,3122.25
2019-03-27 11:00:00+00:00,3166.75
2019-03-27 12:00:00+00:00,3208.0
2019-03-27 13:00:00+00:00,3296.0
2019-03-27 14:00:00+00:00,3108.25
2019-03-27 15:00:00+00:00,3109.0
2019-03-27 16:00:00+00:00,2990.25
2019-03-27 17:00:00+00:00,2661.0
2019-03-27 18:00:00+00:00,2247.25
2019-03-27 19:00:00+00:00,1963.75
2019-03-27 20:00:00+00:00,1583.5
2019-03-27 21:00:00+00:00,1293.5
2019-03-27 22:00:00+00:00,1267.5
2019-03-27 23:00:00+00:00,1063.75
2019-03-28 00:00:00+00:00,1025.25
2019-03-28 01:00:00+00:00,954.75
2019-03-28 02:00:00+00:00,827.5
2019-03-28 03:00:00+00:00,668.25
2019-03-28 04:00:00+00:00,585.25
2019-03-28 05:00:00+00:00,508.25
2019-03-28 06:00:00+00:00,490.25
2019-03-28 07:00:00+00:00,456.25
2019-03-28 08:00:00+00:00,487.5
2019-03-28 09:00:00+00:00,474.75
2019-03-28 10:00:00+00:00,418.0
2019-03-28 11:00:00+00:00,322.25
2019-03-28 12:00:00+00:00,244.75
2019-03-28 13:00:00+00:00,230.75
2019-03-28 14:00:00+00:00,309.0
2019-03-28 15:00:00+00:00,413.75
2019-03-28 16:00:00+00:00,511.25
2019-03-28 17:00:00+00:00,582.0
2019-03-28 18:00:00+00:00,626.0
2019-03-28 19:00:00+00:00,772.0
2019-03-28 20:00:00+00:00,935.75
2019-03-28 21:00:00+00:00,1070.75
2019-03-28 22:00:00+00:00,1267.5
2019-03-28 23:00:00+00:00,1585.0
2019-03-29 00:00:00+00:00,1744.5
2019-03-29 01:00:00+00:00,1965.5
2019-03-29 02:00:00+00:00,2225.5
2019-03-29 03:00:00+00:00,2434.25
2019-03-29 04:00:00+00:00,2707.25
2019-03-29 05:00:00+00:00,2809.25
2019-03-29 06:00:00+00:00,2849.25
2019-03-29 07:00:00+00:00,2830.5
2019-03-29 08:00:00+00:00,2806.5
2019-03-29 09:00:00+00:00,2716.75
2019-03-29 10:00:00+00:00,2635.5
2019-03-29 11:00:00+00:00,2629.25
2019-03-29 12:00:00+00:00,2538.75
2019-03-29 13:00:00+00:00,2524.25
2019-03-29 14:00:00+00:00,2486.5
2019-03-29 15:00:00+00:00,2370.75
2019-03-29 16:00:00+00:00,2284.75
2019-03-29 17:00:00+00:00,2220.75
2019-03-29 18:00:00+00:00,2185.0
2019-03-29 19:00:00+00:00,2000.5
2019-03-29 20:00:00+00:00,1745.75
2019-03-29 21:00:00+00:00,1499.5
2019-03-29 22:00:00+00:00,1316.25
2019-03-29 23:00:00+00:00,1200.75
2019-03-30 00:00:00+00:00,1105.75
2019-03-30 01:00:00+00:00,1140.0
2019-03-30 02:00:00+00:00,1156.25
2019-03-30 03:00:00+00:00,1214.25
2019-03-30 04:00:00+00:00,1218.25
2019-03-30 05:00:00+00:00,1302.25
2019-03-30 06:00:00+00:00,1373.5
2019-03-30 07:00:00+00:00,1299.75
2019-03-30 08:00:00+00:00,1241.0
2019-03-30 09:00:00+00:00,1219.25
2019-03-30 10:00:00+00:00,1222.75
2019-03-30 11:00:00+00:00,1208.75
2019-03-30 12:00:00+00:00,1073.5
2019-03-30 13:00:00+00:00,1009.5
2019-03-30 14:00:00+00:00,1036.0
2019-03-30 15:00:00+00:00,1123.5
2019-03-30 16:00:00+00:00,1292.5
2019-03-30 17:00:00+00:00,1465.75
2019-03-30 18:00:00+00:00,1731.75
2019-03-30 19:00:00+00:00,1894.5
2019-03-30 20:00:00+00:00,2084.75
2019-03-30 21:00:00+00:00,2141.5
2019-03-30 22:00:00+00:00,2175.25
2019-03-30 23:00:00+00:00,2431.5
2019-03-31 00:00:00+00:00,2734.0
2019-03-31 01:00:00+00:00,3255.75
2019-03-31 02:00:00+00:00,3514.75
2019-03-31 03:00:00+00:00,3734.0
2019-03-31 04:00:00+00:00,3324.0
2019-03-31 05:00:00+00:00,3075.0
2019-03-31 06:00:00+00:00,2766.5
2019-03-31 07:00:00+00:00,2608.75
2019-03-31 08:00:00+00:00,2467.75
2019-03-31 09:00:00+00:00,2547.5
2019-03-31 10:00:00+00:00,2507.25
2019-03-31 11:00:00+00:00,2210.5
2019-03-31 12:00:00+00:00,2055.25
2019-03-31 13:00:00+00:00,1951.75
2019-03-31 14:00:00+00:00,1925.0
2019-03-31 15:00:00+00:00,1843.0
2019-03-31 16:00:00+00:00,1798.25
2019-03-31 17:00:00+00:00,1843.25
2019-03-31 18:00:00+00:00,1588.0
2019-03-31 19:00:00+00:00,1430.0
2019-03-31 20:00:00+00:00,1225.25
2019-03-31 21:00:00+00:00,1162.75
2019-03-31 22:00:00+00:00,1027.0
2019-03-31 23:00:00+00:00,911.25
2019-04-01 00:00:00+00:00,743.25
2019-04-01 01:00:00+00:00,627.75
2019-04-01 02:00:00+00:00,588.75
2019-04-01 03:00:00+00:00,490.25
2019-04-01 04:00:00+00:00,429.0
2019-04-01 05:00:00+00:00,488.25
2019-04-01 06:00:00+00:00,595.5
2019-04-01 07:00:00+00:00,713.75
2019-04-01 08:00:00+00:00,835.75
2019-04-01 09:00:00+00:00,884.75
2019-04-01 10:00:00+00:00,880.75
2019-04-01 11:00:00+00:00,1061.5
2019-04-01 12:00:00+00:00,1442.0
2019-04-01 13:00:00+00:00,1703.25
2019-04-01 14:00:00+00:00,1667.0
2019-04-01 15:00:00+00:00,1710.5
2019-04-01 16:00:00+00:00,1699.0
2019-04-01 17:00:00+00:00,1750.0
2019-04-01 18:00:00+00:00,2140.0
2019-04-01 19:00:00+00:00,2496.0
2019-04-01 20:00:00+00:00,2937.5
2019-04-01 21:00:00+00:00,3261.25
2019-04-01 22:00:00+00:00,3656.25
2019-04-01 23:00:00+00:00,4054.25
2019-04-02 00:00:00+00:00,4221.25
2019-04-02 01:00:00+00:00,3929.25
2019-04-02 02:00:00+00:00,3923.5
2019-04-02 03:00:00+00:00,3758.5
2019-04-02 04:00:00+00:00,3653.75
2019-04-02 05:00:00+00:00,3716.0
2019-04-02 06:00:00+00:00,3707.25
2019-04-02 07:00:00+00:00,3551.5
2019-04-02 08:00:00+00:00,3662.5
2019-04-02 09:00:00+00:00,3760.5
2019-04-02 10:00:00+00:00,3713.0
2019-04-02 11:00:00+00:00,4005.5
2019-04-02 12:00:00+00:00,4244.0
2019-04-02 13:00:00+00:00,4516.75
2019-04-02 14:00:00+00:00,4404.25
2019-04-02 15:00:00+00:00,4367.0
2019-04-02 16:00:00+00:00,4114.0
2019-04-02 17:00:00+00:00,3350.75
2019-04-02 18:00:00+00:00,2872.0
2019-04-02 19:00:00+00:00,2669.25
2019-04-02 20:00:00+00:00,3009.5
2019-04-02 21:00:00+00:00,3174.0
2019-04-02 22:00:00+00:00,3391.25
2019-04-02 23:00:00+00:00,3559.5
2019-04-03 00:00:00+00:00,3772.0
2019-04-03 01:00:00+00:00,3154.25
2019-04-03 02:00:00+00:00,2549.0
2019-04-03 03:00:00+00:00,2071.5
2019-04-03 04:00:00+00:00,1560.75
2019-04-03 05:00:00+00:00,1128.75
2019-04-03 06:00:00+00:00,1026.25
2019-04-03 07:00:00+00:00,763.0
2019-04-03 08:00:00+00:00,444.75
2019-04-03 09:00:00+00:00,221.25
2019-04-03 10:00:00+00:00,240.75
2019-04-03 11:00:00+00:00,367.25
2019-04-03 12:00:00+00:00,556.0
2019-04-03 13:00:00+00:00,837.25
2019-04-03 14:00:00+00:00,981.25
2019-04-03 15:00:00+00:00,871.5
2019-04-03 16:00:00+00:00,929.5
2019-04-03 17:00:00+00:00,1115.5
2019-04-03 18:00:00+00:00,1208.25
2019-04-03 19:00:00+00:00,1086.25
2019-04-03 20:00:00+00:00,1077.0
2019-04-03 21:00:00+00:00,1113.25
2019-04-03 22:00:00+00:00,1158.75
2019-04-03 23:00:00+00:00,1119.5
2019-04-04 00:00:00+00:00,1057.0
2019-04-04 01:00:00+00:00,975.0
2019-04-04 02:00:00+00:00,999.75
2019-04-04 03:00:00+00:00,1049.0
2019-04-04 04:00:00+00:00,1028.0
2019-04-04 05:00:00+00:00,1058.5
2019-04-04 06:00:00+00:00,938.0
2019-04-04 07:00:00+00:00,831.75
2019-04-04 08:00:00+00:00,819.75
2019-04-04 09:00:00+00:00,803.25
2019-04-04 10:00:00+00:00,829.75
2019-04-04 11:00:00+00:00,867.5
2019-04-04 12:00:00+00:00,940.25
2019-04-04 13:00:00+00:00,973.75
2019-04-04 14:00:00+00:00,1082.75
2019-04-04 15:00:00+00:00,1203.75
2019-04-04 16:00:00+00:00,1246.0
2019-04-04 17:00:00+00:00,1267.5
2019-04-04 18:00:00+00:00,1164.5
2019-04-04 19:00:00+00:00,1205.0
2019-04-04 20:00:00+00:00,1374.75
2019-04-04 21:00:00+00:00,1499.0
2019-04-04 22:00:00+00:00,1587.5
2019-04-04 23:00:00+00:00,1618.75
2019-04-05 00:00:00+00:00,1782.5
2019-04-05 01:00:00+00:00,1856.0
2019-04-05 02:00:00+00:00,1641.25
2019-04-05 03:00:00+00:00,1497.75
2019-04-05 04:00:00+00:00,1776.5
2019-04-05 05:00:00+00:00,2314.75
2019-04-05 06:00:00+00:00,2662.5
2019-04-05 07:00:00+00:00,2684.25
2019-04-05 08:00:00+00:00,2711.25
2019-04-05 09:00:00+00:00,2768.0
2019-04-05 10:00:00+00:00,2601.25
2019-04-05 11:00:00+00:00,2546.5
2019-04-05 12:00:00+00:00,2209.5
2019-04-05 13:00:00+00:00,1894.5
2019-04-05 14:00:00+00:00,1621.5
2019-04-05 15:00:00+00:00,1465.0
2019-04-05 16:00:00+00:00,1443.0
2019-04-05 17:00:00+00:00,1494.75
2019-04-05 18:00:00+00:00,1317.75
2019-04-05 19:00:00+00:00,1038.75
2019-04-05 20:00:00+00:00,928.5
2019-04-05 21:00:00+00:00,959.5
2019-04-05 22:00:00+00:00,689.25
2019-04-05 23:00:00+00:00,831.25
2019-04-06 00:00:00+00:00,940.75
2019-04-06 01:00:00+00:00,961.25
2019-04-06 02:00:00+00:00,753.5
2019-04-06 03:00:00+00:00,716.5
2019-04-06 04:00:00+00:00,778.25
2019-04-06 05:00:00+00:00,882.25
2019-04-06 06:00:00+00:00,889.75
2019-04-06 07:00:00+00:00,801.75
2019-04-06 08:00:00+00:00,814.0
2019-04-06 09:00:00+00:00,700.25
2019-04-06 10:00:00+00:00,819.75
2019-04-06 11:00:00+00:00,1319.25
2019-04-06 12:00:00+00:00,1535.25
2019-04-06 13:00:00+00:00,1598.5
2019-04-06 14:00:00+00:00,1795.5
2019-04-06 15:00:00+00:00,1916.5
2019-04-06 16:00:00+00:00,2059.5
2019-04-06 17:00:00+00:00,2230.5
2019-04-06 18:00:00+00:00,2635.5
2019-04-06 19:00:00+00:00,2952.0
2019-04-06 20:00:00+00:00,3145.5
2019-04-06 21:00:00+00:00,2844.25
2019-04-06 22:00:00+00:00,2208.0
2019-04-06 23:00:00+00:00,1716.75
2019-04-07 00:00:00+00:00,1386.75
2019-04-07 01:00:00+00:00,1064.25
2019-04-07 02:00:00+00:00,939.75
2019-04-07 03:00:00+00:00,814.25
2019-04-07 04:00:00+00:00,719.75
2019-04-07 05:00:00+00:00,698.25
2019-04-07 06:00:00+00:00,642.25
2019-04-07 07:00:00+00:00,477.75
2019-04-07 08:00:00+00:00,446.5
2019-04-07 09:00:00+00:00,379.0
2019-04-07 10:00:00+00:00,394.25
2019-04-07 11:00:00+00:00,337.5
2019-04-07 12:00:00+00:00,338.5
2019-04-07 13:00:00+00:00,357.25
2019-04-07 14:00:00+00:00,396.75
2019-04-07 15:00:00+00:00,404.25
2019-04-07 16:00:00+00:00,327.0
2019-04-07 17:00:00+00:00,383.0
2019-04-07 18:00:00+00:00,587.5
2019-04-07 19:00:00+00:00,779.5
2019-04-07 20:00:00+00:00,844.25
2019-04-07 21:00:00+00:00,942.5
2019-04-07 22:00:00+00:00,1046.0
2019-04-07 23:00:00+00:00,1064.5
2019-04-08 00:00:00+00:00,955.75
2019-04-08 01:00:00+00:00,824.25
2019-04-08 02:00:00+00:00,1000.0
2019-04-08 03:00:00+00:00,1495.0
2019-04-08 04:00:00+00:00,1909.75
2019-04-08 05:00:00+00:00,2565.75
2019-04-08 06:00:00+00:00,3139.25
2019-04-08 07:00:00+00:00,3331.75
2019-04-08 08:00:00+00:00,3551.25
2019-04-08 09:00:00+00:00,4038.5
2019-04-08 10:00:00+00:00,3960.5
2019-04-08 11:00:00+00:00,3721.25
2019-04-08 12:00:00+00:00,3667.0
2019-04-08 13:00:00+00:00,3374.75
2019-04-08 14:00:00+00:00,3221.25
2019-04-08 15:00:00+00:00,3309.25
2019-04-08 16:00:00+00:00,3214.75
2019-04-08 17:00:00+00:00,3230.75
2019-04-08 18:00:00+00:00,3501.0
2019-04-08 19:00:00+00:00,3746.0
2019-04-08 20:00:00+00:00,3788.25
2019-04-08 21:00:00+00:00,3612.5
2019-04-08 22:00:00+00:00,3343.75
2019-04-08 23:00:00+00:00,2994.75
2019-04-09 00:00:00+00:00,2768.0
2019-04-09 01:00:00+00:00,2508.0
2019-04-09 02:00:00+00:00,2427.75
2019-04-09 03:00:00+00:00,2273.25
2019-04-09 04:00:00+00:00,2181.25
2019-04-09 05:00:00+00:00,1913.25
2019-04-09 06:00:00+00:00,2014.75
2019-04-09 07:00:00+00:00,2181.75
2019-04-09 08:00:00+00:00,2400.0
2019-04-09 09:00:00+00:00,2334.0
2019-04-09 10:00:00+00:00,2333.0
2019-04-09 11:00:00+00:00,2290.0
2019-04-09 12:00:00+00:00,2288.25
2019-04-09 13:00:00+00:00,2126.75
2019-04-09 14:00:00+00:00,2279.5
2019-04-09 15:00:00+00:00,2820.0
2019-04-09 16:00:00+00:00,3062.25
2019-04-09 17:00:00+00:00,3077.75
2019-04-09 18:00:00+00:00,3049.5
2019-04-09 19:00:00+00:00,2840.0
2019-04-09 20:00:00+00:00,2416.75
2019-04-09 21:00:00+00:00,1935.75
2019-04-09 22:00:00+00:00,1570.5
2019-04-09 23:00:00+00:00,1370.0
2019-04-10 00:00:00+00:00,1771.0
2019-04-10 01:00:00+00:00,1890.0
2019-04-10 02:00:00+00:00,1907.25
2019-04-10 03:00:00+00:00,2015.75
2019-04-10 04:00:00+00:00,2398.25
2019-04-10 05:00:00+00:00,2544.0
2019-04-10 06:00:00+00:00,2520.0
2019-04-10 07:00:00+00:00,2453.75
2019-04-10 08:00:00+00:00,2337.0
2019-04-10 09:00:00+00:00,2086.25
2019-04-10 10:00:00+00:00,1808.0
2019-04-10 11:00:00+00:00,1547.75
2019-04-10 12:00:00+00:00,1575.0
2019-04-10 13:00:00+00:00,1657.0
2019-04-10 14:00:00+00:00,1822.25
2019-04-10 15:00:00+00:00,2109.75
2019-04-10 16:00:00+00:00,2228.0
2019-04-10 17:00:00+00:00,2118.75
2019-04-10 18:00:00+00:00,2154.0
2019-04-10 19:00:00+00:00,2089.25
2019-04-10 20:00:00+00:00,2019.25
2019-04-10 21:00:00+00:00,1754.75
2019-04-10 22:00:00+00:00,1496.5
2019-04-10 23:00:00+00:00,1103.25
2019-04-11 00:00:00+00:00,945.25
2019-04-11 01:00:00+00:00,864.25
2019-04-11 02:00:00+00:00,825.25
2019-04-11 03:00:00+00:00,739.5
2019-04-11 04:00:00+00:00,662.25
2019-04-11 05:00:00+00:00,612.5
2019-04-11 06:00:00+00:00,615.75
2019-04-11 07:00:00+00:00,620.25
2019-04-11 08:00:00+00:00,565.5
2019-04-11 09:00:00+00:00,461.5
2019-04-11 10:00:00+00:00,353.5
2019-04-11 11:00:00+00:00,353.5
2019-04-11 12:00:00+00:00,334.75
2019-04-11 13:00:00+00:00,491.5
2019-04-11 14:00:00+00:00,636.25
2019-04-11 15:00:00+00:00,634.0
2019-04-11 16:00:00+00:00,775.25
2019-04-11 17:00:00+00:00,907.75
2019-04-11 18:00:00+00:00,1179.25
2019-04-11 19:00:00+00:00,1316.0
2019-04-11 20:00:00+00:00,1111.5
2019-04-11 21:00:00+00:00,1057.0
2019-04-11 22:00:00+00:00,1068.75
2019-04-11 23:00:00+00:00,934.5
2019-04-12 00:00:00+00:00,972.5
2019-04-12 01:00:00+00:00,1085.75
2019-04-12 02:00:00+00:00,1176.25
2019-04-12 03:00:00+00:00,1282.5
2019-04-12 04:00:00+00:00,1237.5
2019-04-12 05:00:00+00:00,1335.25
2019-04-12 06:00:00+00:00,1536.0
2019-04-12 07:00:00+00:00,1732.25
2019-04-12 08:00:00+00:00,1608.75
2019-04-12 09:00:00+00:00,1517.5
2019-04-12 10:00:00+00:00,878.25
2019-04-12 11:00:00+00:00,795.75
2019-04-12 12:00:00+00:00,682.75
2019-04-12 13:00:00+00:00,992.75
2019-04-12 14:00:00+00:00,846.5
2019-04-12 15:00:00+00:00,1141.5
2019-04-12 16:00:00+00:00,1585.75
2019-04-12 17:00:00+00:00,1784.5
2019-04-12 18:00:00+00:00,2299.5
2019-04-12 19:00:00+00:00,1995.25
2019-04-12 20:00:00+00:00,1999.25
2019-04-12 21:00:00+00:00,1770.75
2019-04-12 22:00:00+00:00,1717.75
2019-04-12 23:00:00+00:00,1613.25
2019-04-13 00:00:00+00:00,1793.5
2019-04-13 01:00:00+00:00,2145.0
2019-04-13 02:00:00+00:00,2414.0
2019-04-13 03:00:00+00:00,2253.0
2019-04-13 04:00:00+00:00,2471.5
2019-04-13 05:00:00+00:00,2629.5
2019-04-13 06:00:00+00:00,3261.25
2019-04-13 07:00:00+00:00,3612.25
2019-04-13 08:00:00+00:00,3492.25
2019-04-13 09:00:00+00:00,3752.5
2019-04-13 10:00:00+00:00,3842.5
2019-04-13 11:00:00+00:00,3716.75
2019-04-13 12:00:00+00:00,3641.0
2019-04-13 13:00:00+00:00,3463.75
2019-04-13 14:00:00+00:00,3487.0
2019-04-13 15:00:00+00:00,3670.25
2019-04-13 16:00:00+00:00,3823.5
2019-04-13 17:00:00+00:00,4151.5
2019-04-13 18:00:00+00:00,4261.75
2019-04-13 19:00:00+00:00,4640.5
2019-04-13 20:00:00+00:00,4661.25
2019-04-13 21:00:00+00:00,4777.5
2019-04-13 22:00:00+00:00,4733.5
2019-04-13 23:00:00+00:00,4824.25
2019-04-14 00:00:00+00:00,4459.5
2019-04-14 01:00:00+00:00,4344.75
2019-04-14 02:00:00+00:00,4459.0
2019-04-14 03:00:00+00:00,4431.25
2019-04-14 04:00:00+00:00,4169.75
2019-04-14 05:00:00+00:00,4128.25
2019-04-14 06:00:00+00:00,4062.0
2019-04-14 07:00:00+00:00,3896.25
2019-04-14 08:00:00+00:00,3788.25
2019-04-14 09:00:00+00:00,3634.5
2019-04-14 10:00:00+00:00,3366.0
2019-04-14 11:00:00+00:00,2964.0
2019-04-14 12:00:00+00:00,2832.75
2019-04-14 13:00:00+00:00,2873.5
2019-04-14 14:00:00+00:00,2761.25
2019-04-14 15:00:00+00:00,2886.75
2019-04-14 16:00:00+00:00,2671.25
2019-04-14 17:00:00+00:00,2699.5
2019-04-14 18:00:00+00:00,2764.0
2019-04-14 19:00:00+00:00,3318.5
2019-04-14 20:00:00+00:00,3487.5
2019-04-14 21:00:00+00:00,3609.0
2019-04-14 22:00:00+00:00,3700.5
2019-04-14 23:00:00+00:00,3763.25
2019-04-15 00:00:00+00:00,3654.0
2019-04-15 01:00:00+00:00,3527.25
2019-04-15 02:00:00+00:00,3411.75
2019-04-15 03:00:00+00:00,3394.5
2019-04-15 04:00:00+00:00,3642.75
2019-04-15 05:00:00+00:00,3808.5
2019-04-15 06:00:00+00:00,3969.0
2019-04-15 07:00:00+00:00,3781.25
2019-04-15 08:00:00+00:00,3559.75
2019-04-15 09:00:00+00:00,3748.25
2019-04-15 10:00:00+00:00,3831.0
2019-04-15 11:00:00+00:00,3806.75
2019-04-15 12:00:00+00:00,3851.0
2019-04-15 13:00:00+00:00,3914.25
2019-04-15 14:00:00+00:00,3976.75
2019-04-15 15:00:00+00:00,4037.25
2019-04-15 16:00:00+00:00,4296.25
2019-04-15 17:00:00+00:00,4909.25
2019-04-15 18:00:00+00:00,4692.5
2019-04-15 19:00:00+00:00,4929.5
2019-04-15 20:00:00+00:00,5100.0
2019-04-15 21:00:00+00:00,5134.75
2019-04-15 22:00:00+00:00,5092.0
2019-04-15 23:00:00+00:00,5032.5
2019-04-16 00:00:00+00:00,4869.75
2019-04-16 01:00:00+00:00,4713.25
2019-04-16 02:00:00+00:00,4606.0
2019-04-16 03:00:00+00:00,4522.25
2019-04-16 04:00:00+00:00,4388.0
2019-04-16 05:00:00+00:00,4278.0
2019-04-16 06:00:00+00:00,4253.75
2019-04-16 07:00:00+00:00,4103.75
2019-04-16 08:00:00+00:00,3893.25
2019-04-16 09:00:00+00:00,3911.25
2019-04-16 10:00:00+00:00,4063.0
2019-04-16 11:00:00+00:00,4115.75
2019-04-16 12:00:00+00:00,4077.0
2019-04-16 13:00:00+00:00,4119.75
2019-04-16 14:00:00+00:00,4124.0
2019-04-16 15:00:00+00:00,4466.5
2019-04-16 16:00:00+00:00,4798.25
2019-04-16 17:00:00+00:00,5004.25
2019-04-16 18:00:00+00:00,5096.25
2019-04-16 19:00:00+00:00,5202.0
2019-04-16 20:00:00+00:00,5209.75
2019-04-16 21:00:00+00:00,5123.25
2019-04-16 22:00:00+00:00,5140.0
2019-04-16 23:00:00+00:00,5091.5
2019-04-17 00:00:00+00:00,4882.25
2019-04-17 01:00:00+00:00,4754.75
2019-04-17 02:00:00+00:00,4675.75
2019-04-17 03:00:00+00:00,4499.5
2019-04-17 04:00:00+00:00,4148.5
2019-04-17 05:00:00+00:00,4105.25
2019-04-17 06:00:00+00:00,3892.5
2019-04-17 07:00:00+00:00,3744.0
2019-04-17 08:00:00+00:00,3879.25
2019-04-17 09:00:00+00:00,4116.0
2019-04-17 10:00:00+00:00,4283.0
2019-04-17 11:00:00+00:00,4342.5
2019-04-17 12:00:00+00:00,4244.25
2019-04-17 13:00:00+00:00,4160.75
2019-04-17 14:00:00+00:00,4509.5
2019-04-17 15:00:00+00:00,4392.25
2019-04-17 16:00:00+00:00,4453.0
2019-04-17 17:00:00+00:00,4705.25
2019-04-17 18:00:00+00:00,4958.25
2019-04-17 19:00:00+00:00,4908.5
2019-04-17 20:00:00+00:00,4845.75
2019-04-17 21:00:00+00:00,5061.75
2019-04-17 22:00:00+00:00,5151.0
2019-04-17 23:00:00+00:00,5014.25
2019-04-18 00:00:00+00:00,4779.75
2019-04-18 01:00:00+00:00,4587.25
2019-04-18 02:00:00+00:00,4306.5
2019-04-18 03:00:00+00:00,4136.75
2019-04-18 04:00:00+00:00,3900.0
2019-04-18 05:00:00+00:00,3674.75
2019-04-18 06:00:00+00:00,3337.25
2019-04-18 07:00:00+00:00,2943.0
2019-04-18 08:00:00+00:00,2704.5
2019-04-18 09:00:00+00:00,2778.5
2019-04-18 10:00:00+00:00,3141.5
2019-04-18 11:00:00+00:00,3643.5
2019-04-18 12:00:00+00:00,3983.25
2019-04-18 13:00:00+00:00,4295.75
2019-04-18 14:00:00+00:00,4719.5
2019-04-18 15:00:00+00:00,5036.25
2019-04-18 16:00:00+00:00,5298.5
2019-04-18 17:00:00+00:00,5406.5
2019-04-18 18:00:00+00:00,5454.0
2019-04-18 19:00:00+00:00,5377.5
2019-04-18 20:00:00+00:00,5299.0
2019-04-18 21:00:00+00:00,5170.75
2019-04-18 22:00:00+00:00,5138.75
2019-04-18 23:00:00+00:00,4917.0
2019-04-19 00:00:00+00:00,4370.5
2019-04-19 01:00:00+00:00,3774.75
2019-04-19 02:00:00+00:00,3282.0
2019-04-19 03:00:00+00:00,2797.25
2019-04-19 04:00:00+00:00,2286.5
2019-04-19 05:00:00+00:00,1996.5
2019-04-19 06:00:00+00:00,1684.75
2019-04-19 07:00:00+00:00,1482.25
2019-04-19 08:00:00+00:00,1323.0
2019-04-19 09:00:00+00:00,1357.5
2019-04-19 10:00:00+00:00,1514.5
2019-04-19 11:00:00+00:00,1668.25
2019-04-19 12:00:00+00:00,1933.0
2019-04-19 13:00:00+00:00,2239.75
2019-04-19 14:00:00+00:00,2401.25
2019-04-19 15:00:00+00:00,2670.0
2019-04-19 16:00:00+00:00,2765.25
2019-04-19 17:00:00+00:00,2669.25
2019-04-19 18:00:00+00:00,2605.5
2019-04-19 19:00:00+00:00,2856.25
2019-04-19 20:00:00+00:00,3184.5
2019-04-19 21:00:00+00:00,2912.0
2019-04-19 22:00:00+00:00,2579.25
2019-04-19 23:00:00+00:00,2162.5
2019-04-20 00:00:00+00:00,1713.75
2019-04-20 01:00:00+00:00,1362.5
2019-04-20 02:00:00+00:00,1260.75
2019-04-20 03:00:00+00:00,1192.75
2019-04-20 04:00:00+00:00,1217.25
2019-04-20 05:00:00+00:00,1196.0
2019-04-20 06:00:00+00:00,1099.5
2019-04-20 07:00:00+00:00,951.25
2019-04-20 08:00:00+00:00,870.75
2019-04-20 09:00:00+00:00,838.75
2019-04-20 10:00:00+00:00,798.25
2019-04-20 11:00:00+00:00,772.25
2019-04-20 12:00:00+00:00,669.75
2019-04-20 13:00:00+00:00,593.0
2019-04-20 14:00:00+00:00,526.25
2019-04-20 15:00:00+00:00,454.25
2019-04-20 16:00:00+00:00,392.0
2019-04-20 17:00:00+00:00,355.0
2019-04-20 18:00:00+00:00,327.5
2019-04-20 19:00:00+00:00,362.5
2019-04-20 20:00:00+00:00,591.5
2019-04-20 21:00:00+00:00,727.75
2019-04-20 22:00:00+00:00,554.0
2019-04-20 23:00:00+00:00,433.0
2019-04-21 00:00:00+00:00,372.0
2019-04-21 01:00:00+00:00,322.5
2019-04-21 02:00:00+00:00,228.75
2019-04-21 03:00:00+00:00,151.5
2019-04-21 04:00:00+00:00,172.25
2019-04-21 05:00:00+00:00,244.5
2019-04-21 06:00:00+00:00,142.5
2019-04-21 07:00:00+00:00,88.5
2019-04-21 08:00:00+00:00,43.25
2019-04-21 09:00:00+00:00,43.5
2019-04-21 10:00:00+00:00,74.5
2019-04-21 11:00:00+00:00,133.25
2019-04-21 12:00:00+00:00,248.75
2019-04-21 13:00:00+00:00,350.75
2019-04-21 14:00:00+00:00,490.75
2019-04-21 15:00:00+00:00,648.0
2019-04-21 16:00:00+00:00,795.75
2019-04-21 17:00:00+00:00,963.25
2019-04-21 18:00:00+00:00,1121.25
2019-04-21 19:00:00+00:00,1591.0
2019-04-21 20:00:00+00:00,2199.75
2019-04-21 21:00:00+00:00,3031.0
2019-04-21 22:00:00+00:00,3648.5
2019-04-21 23:00:00+00:00,4065.25
2019-04-22 00:00:00+00:00,4258.5
2019-04-22 01:00:00+00:00,3862.75
2019-04-22 02:00:00+00:00,3536.0
2019-04-22 03:00:00+00:00,3828.75
2019-04-22 04:00:00+00:00,4099.25
2019-04-22 05:00:00+00:00,4296.75
2019-04-22 06:00:00+00:00,4198.5
2019-04-22 07:00:00+00:00,4153.75
2019-04-22 08:00:00+00:00,3191.25
2019-04-22 09:00:00+00:00,3162.25
2019-04-22 10:00:00+00:00,3176.5
2019-04-22 11:00:00+00:00,3031.5
2019-04-22 12:00:00+00:00,2389.25
2019-04-22 13:00:00+00:00,2937.5
2019-04-22 14:00:00+00:00,3075.5
2019-04-22 15:00:00+00:00,3525.75
2019-04-22 16:00:00+00:00,3782.0
2019-04-22 17:00:00+00:00,5313.5
2019-04-22 18:00:00+00:00,5610.25
2019-04-22 19:00:00+00:00,5573.75
2019-04-22 20:00:00+00:00,5641.75
2019-04-22 21:00:00+00:00,3916.5
2019-04-22 22:00:00+00:00,3872.5
2019-04-22 23:00:00+00:00,3773.5
2019-04-23 00:00:00+00:00,3639.5
2019-04-23 01:00:00+00:00,3585.25
2019-04-23 02:00:00+00:00,3615.25
2019-04-23 03:00:00+00:00,5696.5
2019-04-23 04:00:00+00:00,5848.0
2019-04-23 05:00:00+00:00,5837.75
2019-04-23 06:00:00+00:00,5623.0
2019-04-23 07:00:00+00:00,5377.5
2019-04-23 08:00:00+00:00,4843.25
2019-04-23 09:00:00+00:00,4607.25
2019-04-23 10:00:00+00:00,4826.25
2019-04-23 11:00:00+00:00,4972.0
2019-04-23 12:00:00+00:00,4942.5
2019-04-23 13:00:00+00:00,4933.75
2019-04-23 14:00:00+00:00,4942.75
2019-04-23 15:00:00+00:00,4999.5
2019-04-23 16:00:00+00:00,5004.25
2019-04-23 17:00:00+00:00,5011.25
2019-04-23 18:00:00+00:00,5016.0
2019-04-23 19:00:00+00:00,5016.0
2019-04-23 20:00:00+00:00,4858.5
2019-04-23 21:00:00+00:00,4738.25
2019-04-23 22:00:00+00:00,4782.0
2019-04-23 23:00:00+00:00,4613.0
2019-04-24 00:00:00+00:00,4613.75
2019-04-24 01:00:00+00:00,4583.0
2019-04-24 02:00:00+00:00,4582.25
2019-04-24 03:00:00+00:00,4651.25
2019-04-24 04:00:00+00:00,5456.75
2019-04-24 05:00:00+00:00,5648.0
2019-04-24 06:00:00+00:00,5463.75
2019-04-24 07:00:00+00:00,5160.0
2019-04-24 08:00:00+00:00,5107.25
2019-04-24 09:00:00+00:00,5046.5
2019-04-24 10:00:00+00:00,5122.25
2019-04-24 11:00:00+00:00,4901.5
2019-04-24 12:00:00+00:00,5035.0
2019-04-24 13:00:00+00:00,5193.0
2019-04-24 14:00:00+00:00,5281.25
2019-04-24 15:00:00+00:00,5249.25
2019-04-24 16:00:00+00:00,5244.75
2019-04-24 17:00:00+00:00,5029.5
2019-04-24 18:00:00+00:00,4834.75
2019-04-24 19:00:00+00:00,5205.75
2019-04-24 20:00:00+00:00,5491.0
2019-04-24 21:00:00+00:00,5062.5
2019-04-24 22:00:00+00:00,5163.75
2019-04-24 23:00:00+00:00,4947.75
2019-04-25 00:00:00+00:00,3448.0
2019-04-25 01:00:00+00:00,2437.0
2019-04-25 02:00:00+00:00,3084.0
2019-04-25 03:00:00+00:00,2761.5
2019-04-25 04:00:00+00:00,2161.25
2019-04-25 05:00:00+00:00,2048.0
2019-04-25 06:00:00+00:00,2120.0
2019-04-25 07:00:00+00:00,2710.75
2019-04-25 08:00:00+00:00,2484.0
2019-04-25 09:00:00+00:00,2159.0
2019-04-25 10:00:00+00:00,2376.0
2019-04-25 11:00:00+00:00,2145.0
2019-04-25 12:00:00+00:00,2240.5
2019-04-25 13:00:00+00:00,2119.5
2019-04-25 14:00:00+00:00,2198.0
2019-04-25 15:00:00+00:00,2118.25
2019-04-25 16:00:00+00:00,2172.75
2019-04-25 17:00:00+00:00,2100.25
2019-04-25 18:00:00+00:00,2794.0
2019-04-25 19:00:00+00:00,1840.5
2019-04-25 20:00:00+00:00,1084.0
2019-04-25 21:00:00+00:00,1243.0
2019-04-25 22:00:00+00:00,848.75
2019-04-25 23:00:00+00:00,551.75
2019-04-26 00:00:00+00:00,500.0
2019-04-26 01:00:00+00:00,481.25
2019-04-26 02:00:00+00:00,444.0
2019-04-26 03:00:00+00:00,549.75
2019-04-26 04:00:00+00:00,546.25
2019-04-26 05:00:00+00:00,631.0
2019-04-26 06:00:00+00:00,825.0
2019-04-26 07:00:00+00:00,1200.0
2019-04-26 08:00:00+00:00,1086.0
2019-04-26 09:00:00+00:00,1080.25
2019-04-26 10:00:00+00:00,955.0
2019-04-26 11:00:00+00:00,840.25
2019-04-26 12:00:00+00:00,741.25
2019-04-26 13:00:00+00:00,782.0
2019-04-26 14:00:00+00:00,802.5
2019-04-26 15:00:00+00:00,968.0
2019-04-26 16:00:00+00:00,1111.0
2019-04-26 17:00:00+00:00,629.25
2019-04-26 18:00:00+00:00,598.0
2019-04-26 19:00:00+00:00,715.0
2019-04-26 20:00:00+00:00,941.0
2019-04-26 21:00:00+00:00,770.25
2019-04-26 22:00:00+00:00,890.0
2019-04-26 23:00:00+00:00,1329.25
2019-04-27 00:00:00+00:00,1915.0
2019-04-27 01:00:00+00:00,2506.5
2019-04-27 02:00:00+00:00,2906.0
2019-04-27 03:00:00+00:00,2899.5
2019-04-27 04:00:00+00:00,2940.25
2019-04-27 05:00:00+00:00,2748.5
2019-04-27 06:00:00+00:00,2823.75
2019-04-27 07:00:00+00:00,2945.25
2019-04-27 08:00:00+00:00,3260.0
2019-04-27 09:00:00+00:00,3017.5
2019-04-27 10:00:00+00:00,2416.5
2019-04-27 11:00:00+00:00,1886.75
2019-04-27 12:00:00+00:00,1452.0
2019-04-27 13:00:00+00:00,1113.0
2019-04-27 14:00:00+00:00,1010.0
2019-04-27 15:00:00+00:00,860.75
2019-04-27 16:00:00+00:00,892.0
2019-04-27 17:00:00+00:00,947.25
2019-04-27 18:00:00+00:00,855.75
2019-04-27 19:00:00+00:00,807.5
2019-04-27 20:00:00+00:00,677.5
2019-04-27 21:00:00+00:00,576.75
2019-04-27 22:00:00+00:00,398.25
2019-04-27 23:00:00+00:00,469.0
2019-04-28 00:00:00+00:00,501.75
2019-04-28 01:00:00+00:00,452.5
2019-04-28 02:00:00+00:00,480.75
2019-04-28 03:00:00+00:00,332.0
2019-04-28 04:00:00+00:00,232.5
2019-04-28 05:00:00+00:00,101.5
2019-04-28 06:00:00+00:00,73.75
2019-04-28 07:00:00+00:00,82.25
2019-04-28 08:00:00+00:00,93.0
2019-04-28 09:00:00+00:00,145.25
2019-04-28 10:00:00+00:00,198.0
2019-04-28 11:00:00+00:00,245.25
2019-04-28 12:00:00+00:00,256.75
2019-04-28 13:00:00+00:00,314.75
2019-04-28 14:00:00+00:00,439.75
2019-04-28 15:00:00+00:00,612.0
2019-04-28 16:00:00+00:00,721.75
2019-04-28 17:00:00+00:00,714.25
2019-04-28 18:00:00+00:00,578.75
2019-04-28 19:00:00+00:00,406.0
2019-04-28 20:00:00+00:00,363.75
2019-04-28 21:00:00+00:00,353.25
2019-04-28 22:00:00+00:00,533.5
2019-04-28 23:00:00+00:00,660.25
2019-04-29 00:00:00+00:00,554.75
2019-04-29 01:00:00+00:00,522.25
2019-04-29 02:00:00+00:00,688.25
2019-04-29 03:00:00+00:00,967.0
2019-04-29 04:00:00+00:00,1188.5
2019-04-29 05:00:00+00:00,1341.5
2019-04-29 06:00:00+00:00,1435.0
2019-04-29 07:00:00+00:00,1326.0
2019-04-29 08:00:00+00:00,1299.0
2019-04-29 09:00:00+00:00,1359.5
2019-04-29 10:00:00+00:00,1477.25
2019-04-29 11:00:00+00:00,1729.75
2019-04-29 12:00:00+00:00,1916.25
2019-04-29 13:00:00+00:00,2144.75
2019-04-29 14:00:00+00:00,2195.0
2019-04-29 15:00:00+00:00,2402.5
2019-04-29 16:00:00+00:00,2479.25
2019-04-29 17:00:00+00:00,2323.75
2019-04-29 18:00:00+00:00,2085.25
2019-04-29 19:00:00+00:00,1747.25
2019-04-29 20:00:00+00:00,1457.0
2019-04-29 21:00:00+00:00,1336.0
2019-04-29 22:00:00+00:00,1171.25
2019-04-29 23:00:00+00:00,1030.75
2019-04-30 00:00:00+00:00,957.25
2019-04-30 01:00:00+00:00,792.5
2019-04-30 02:00:00+00:00,865.5
2019-04-30 03:00:00+00:00,872.75
2019-04-30 04:00:00+00:00,769.0
2019-04-30 05:00:00+00:00,681.0
2019-04-30 06:00:00+00:00,509.0
2019-04-30 07:00:00+00:00,452.75
2019-04-30 08:00:00+00:00,492.25
2019-04-30 09:00:00+00:00,591.25
2019-04-30 10:00:00+00:00,766.75
2019-04-30 11:00:00+00:00,841.75
2019-04-30 12:00:00+00:00,928.0
2019-04-30 13:00:00+00:00,1048.0
2019-04-30 14:00:00+00:00,1085.25
2019-04-30 15:00:00+00:00,1145.0
2019-04-30 16:00:00+00:00,1225.5
2019-04-30 17:00:00+00:00,1203.5
2019-04-30 18:00:00+00:00,1221.5
2019-04-30 19:00:00+00:00,1247.5
2019-04-30 20:00:00+00:00,1238.75
2019-04-30 21:00:00+00:00,1289.25
2019-04-30 22:00:00+00:00,1222.25
2019-04-30 23:00:00+00:00,1168.75
2019-05-01 00:00:00+00:00,1386.0
2019-05-01 01:00:00+00:00,1502.75
2019-05-01 02:00:00+00:00,1671.5
2019-05-01 03:00:00+00:00,1855.0
2019-05-01 04:00:00+00:00,2071.5
2019-05-01 05:00:00+00:00,2377.75
2019-05-01 06:00:00+00:00,2326.5
2019-05-01 07:00:00+00:00,2323.5
2019-05-01 08:00:00+00:00,2412.75
2019-05-01 09:00:00+00:00,2386.75
2019-05-01 10:00:00+00:00,2535.0
2019-05-01 11:00:00+00:00,2706.5
2019-05-01 12:00:00+00:00,2934.25
2019-05-01 13:00:00+00:00,3103.5
2019-05-01 14:00:00+00:00,3402.25
2019-05-01 15:00:00+00:00,3550.5
2019-05-01 16:00:00+00:00,3626.5
2019-05-01 17:00:00+00:00,3614.75
2019-05-01 18:00:00+00:00,3603.25
2019-05-01 19:00:00+00:00,3477.75
2019-05-01 20:00:00+00:00,3487.5
2019-05-01 21:00:00+00:00,3750.5
2019-05-01 22:00:00+00:00,3712.75
2019-05-01 23:00:00+00:00,4046.0
2019-05-02 00:00:00+00:00,4217.0
2019-05-02 01:00:00+00:00,4248.0
2019-05-02 02:00:00+00:00,3972.25
2019-05-02 03:00:00+00:00,3744.0
2019-05-02 04:00:00+00:00,3842.75
2019-05-02 05:00:00+00:00,3967.5
2019-05-02 06:00:00+00:00,3748.25
2019-05-02 07:00:00+00:00,3638.25
2019-05-02 08:00:00+00:00,3871.75
2019-05-02 09:00:00+00:00,3965.25
2019-05-02 10:00:00+00:00,4176.0
2019-05-02 11:00:00+00:00,4313.0
2019-05-02 12:00:00+00:00,4268.0
2019-05-02 13:00:00+00:00,3884.5
2019-05-02 14:00:00+00:00,4100.75
2019-05-02 15:00:00+00:00,4248.25
2019-05-02 16:00:00+00:00,4432.0
2019-05-02 17:00:00+00:00,4660.0
2019-05-02 18:00:00+00:00,4758.5
2019-05-02 19:00:00+00:00,4844.25
2019-05-02 20:00:00+00:00,5028.5
2019-05-02 21:00:00+00:00,4978.0
2019-05-02 22:00:00+00:00,5196.5
2019-05-02 23:00:00+00:00,5315.0
2019-05-03 00:00:00+00:00,5049.25
2019-05-03 01:00:00+00:00,4820.5
2019-05-03 02:00:00+00:00,4577.0
2019-05-03 03:00:00+00:00,4742.75
2019-05-03 04:00:00+00:00,4474.0
2019-05-03 05:00:00+00:00,3802.75
2019-05-03 06:00:00+00:00,3449.25
2019-05-03 07:00:00+00:00,3232.75
2019-05-03 08:00:00+00:00,2831.0
2019-05-03 09:00:00+00:00,3003.75
2019-05-03 10:00:00+00:00,2887.5
2019-05-03 11:00:00+00:00,3334.5
2019-05-03 12:00:00+00:00,3586.5
2019-05-03 13:00:00+00:00,4391.0
2019-05-03 14:00:00+00:00,4809.75
2019-05-03 15:00:00+00:00,4645.5
2019-05-03 16:00:00+00:00,4222.5
2019-05-03 17:00:00+00:00,4202.25
2019-05-03 18:00:00+00:00,4324.0
2019-05-03 19:00:00+00:00,4714.0
2019-05-03 20:00:00+00:00,4854.75
2019-05-03 21:00:00+00:00,4152.75
2019-05-03 22:00:00+00:00,3622.25
2019-05-03 23:00:00+00:00,4062.75
2019-05-04 00:00:00+00:00,4081.25
2019-05-04 01:00:00+00:00,4436.75
2019-05-04 02:00:00+00:00,4984.25
2019-05-04 03:00:00+00:00,5041.0
2019-05-04 04:00:00+00:00,4416.75
2019-05-04 05:00:00+00:00,4644.75
2019-05-04 06:00:00+00:00,4149.75
2019-05-04 07:00:00+00:00,3305.75
2019-05-04 08:00:00+00:00,3076.0
2019-05-04 09:00:00+00:00,2637.75
2019-05-04 10:00:00+00:00,2424.5
2019-05-04 11:00:00+00:00,2857.75
2019-05-04 12:00:00+00:00,3486.75
2019-05-04 13:00:00+00:00,3707.0
2019-05-04 14:00:00+00:00,3687.0
2019-05-04 15:00:00+00:00,3846.5
2019-05-04 16:00:00+00:00,3625.75
2019-05-04 17:00:00+00:00,2976.75
2019-05-04 18:00:00+00:00,2551.75
2019-05-04 19:00:00+00:00,2983.75
2019-05-04 20:00:00+00:00,2822.75
2019-05-04 21:00:00+00:00,3546.75
2019-05-04 22:00:00+00:00,3670.5
2019-05-04 23:00:00+00:00,4230.25
2019-05-05 00:00:00+00:00,4445.25
2019-05-05 01:00:00+00:00,4189.75
2019-05-05 02:00:00+00:00,3801.5
2019-05-05 03:00:00+00:00,4024.0
2019-05-05 04:00:00+00:00,4141.75
2019-05-05 05:00:00+00:00,4125.5
2019-05-05 06:00:00+00:00,3973.5
2019-05-05 07:00:00+00:00,4011.25
2019-05-05 08:00:00+00:00,3591.75
2019-05-05 09:00:00+00:00,2782.5
2019-05-05 10:00:00+00:00,3147.5
2019-05-05 11:00:00+00:00,2831.5
2019-05-05 12:00:00+00:00,2758.5
2019-05-05 13:00:00+00:00,2488.0
2019-05-05 14:00:00+00:00,2638.0
2019-05-05 15:00:00+00:00,2990.0
2019-05-05 16:00:00+00:00,3145.0
2019-05-05 17:00:00+00:00,3511.5
2019-05-05 18:00:00+00:00,4152.25
2019-05-05 19:00:00+00:00,4314.0
2019-05-05 20:00:00+00:00,4319.0
2019-05-05 21:00:00+00:00,4099.5
2019-05-05 22:00:00+00:00,4387.25
2019-05-05 23:00:00+00:00,4826.5
2019-05-06 00:00:00+00:00,5089.25
2019-05-06 01:00:00+00:00,5219.25
2019-05-06 02:00:00+00:00,5344.5
2019-05-06 03:00:00+00:00,5113.5
2019-05-06 04:00:00+00:00,4578.75
2019-05-06 05:00:00+00:00,4517.75
2019-05-06 06:00:00+00:00,4301.75
2019-05-06 07:00:00+00:00,4417.5
2019-05-06 08:00:00+00:00,4307.0
2019-05-06 09:00:00+00:00,4324.75
2019-05-06 10:00:00+00:00,4129.75
2019-05-06 11:00:00+00:00,3626.75
2019-05-06 12:00:00+00:00,3432.0
2019-05-06 13:00:00+00:00,3958.75
2019-05-06 14:00:00+00:00,3699.25
2019-05-06 15:00:00+00:00,3661.5
2019-05-06 16:00:00+00:00,3347.75
2019-05-06 17:00:00+00:00,3549.75
2019-05-06 18:00:00+00:00,3502.25
2019-05-06 19:00:00+00:00,3432.75
2019-05-06 20:00:00+00:00,3351.25
2019-05-06 21:00:00+00:00,3118.0
2019-05-06 22:00:00+00:00,2922.25
2019-05-06 23:00:00+00:00,2881.5
2019-05-07 00:00:00+00:00,2697.5
2019-05-07 01:00:00+00:00,2783.25
2019-05-07 02:00:00+00:00,2754.25
2019-05-07 03:00:00+00:00,2673.5
2019-05-07 04:00:00+00:00,2456.75
2019-05-07 05:00:00+00:00,2274.25
2019-05-07 06:00:00+00:00,1984.0
2019-05-07 07:00:00+00:00,1612.75
2019-05-07 08:00:00+00:00,1477.75
2019-05-07 09:00:00+00:00,1374.75
2019-05-07 10:00:00+00:00,1304.5
2019-05-07 11:00:00+00:00,1270.25
2019-05-07 12:00:00+00:00,1244.0
2019-05-07 13:00:00+00:00,1108.0
2019-05-07 14:00:00+00:00,962.5
2019-05-07 15:00:00+00:00,779.25
2019-05-07 16:00:00+00:00,650.5
2019-05-07 17:00:00+00:00,576.0
2019-05-07 18:00:00+00:00,587.75
2019-05-07 19:00:00+00:00,505.25
2019-05-07 20:00:00+00:00,361.25
2019-05-07 21:00:00+00:00,345.5
2019-05-07 22:00:00+00:00,323.0
2019-05-07 23:00:00+00:00,295.5
2019-05-08 00:00:00+00:00,286.0
2019-05-08 01:00:00+00:00,191.75
2019-05-08 02:00:00+00:00,249.75
2019-05-08 03:00:00+00:00,395.0
2019-05-08 04:00:00+00:00,648.25
2019-05-08 05:00:00+00:00,992.25
2019-05-08 06:00:00+00:00,1222.5
2019-05-08 07:00:00+00:00,1387.0
2019-05-08 08:00:00+00:00,1417.75
2019-05-08 09:00:00+00:00,1699.25
2019-05-08 10:00:00+00:00,2263.75
2019-05-08 11:00:00+00:00,2843.75
2019-05-08 12:00:00+00:00,3758.5
2019-05-08 13:00:00+00:00,4449.0
2019-05-08 14:00:00+00:00,5148.5
2019-05-08 15:00:00+00:00,5542.5
2019-05-08 16:00:00+00:00,5446.25
2019-05-08 17:00:00+00:00,5103.75
2019-05-08 18:00:00+00:00,4574.25
2019-05-08 19:00:00+00:00,4440.5
2019-05-08 20:00:00+00:00,3946.25
2019-05-08 21:00:00+00:00,3438.25
2019-05-08 22:00:00+00:00,2786.5
2019-05-08 23:00:00+00:00,2851.0
2019-05-09 00:00:00+00:00,2725.5
2019-05-09 01:00:00+00:00,2895.75
2019-05-09 02:00:00+00:00,3028.5
2019-05-09 03:00:00+00:00,3153.0
2019-05-09 04:00:00+00:00,3180.75
2019-05-09 05:00:00+00:00,3079.75
2019-05-09 06:00:00+00:00,2994.25
2019-05-09 07:00:00+00:00,2998.25
2019-05-09 08:00:00+00:00,2603.0
2019-05-09 09:00:00+00:00,2226.0
2019-05-09 10:00:00+00:00,1868.5
2019-05-09 11:00:00+00:00,1498.25
2019-05-09 12:00:00+00:00,1336.0
2019-05-09 13:00:00+00:00,1110.75
2019-05-09 14:00:00+00:00,1016.75
2019-05-09 15:00:00+00:00,1100.5
2019-05-09 16:00:00+00:00,1286.25
2019-05-09 17:00:00+00:00,1497.5
2019-05-09 18:00:00+00:00,1692.25
2019-05-09 19:00:00+00:00,1563.5
2019-05-09 20:00:00+00:00,1467.5
2019-05-09 21:00:00+00:00,1355.0
2019-05-09 22:00:00+00:00,1274.5
2019-05-09 23:00:00+00:00,1377.0
2019-05-10 00:00:00+00:00,1107.25
2019-05-10 01:00:00+00:00,1132.5
2019-05-10 02:00:00+00:00,1474.0
2019-05-10 03:00:00+00:00,1715.25
2019-05-10 04:00:00+00:00,1711.75
2019-05-10 05:00:00+00:00,1797.5
2019-05-10 06:00:00+00:00,1703.25
2019-05-10 07:00:00+00:00,1672.5
2019-05-10 08:00:00+00:00,1835.0
2019-05-10 09:00:00+00:00,1959.25
2019-05-10 10:00:00+00:00,1934.5
2019-05-10 11:00:00+00:00,1794.25
2019-05-10 12:00:00+00:00,1605.75
2019-05-10 13:00:00+00:00,1354.0
2019-05-10 14:00:00+00:00,1135.0
2019-05-10 15:00:00+00:00,953.0
2019-05-10 16:00:00+00:00,952.5
2019-05-10 17:00:00+00:00,920.5
2019-05-10 18:00:00+00:00,644.5
2019-05-10 19:00:00+00:00,440.75
2019-05-10 20:00:00+00:00,486.75
2019-05-10 21:00:00+00:00,402.25
2019-05-10 22:00:00+00:00,412.5
2019-05-10 23:00:00+00:00,428.0
2019-05-11 00:00:00+00:00,374.5
2019-05-11 01:00:00+00:00,332.75
2019-05-11 02:00:00+00:00,256.25
2019-05-11 03:00:00+00:00,261.0
2019-05-11 04:00:00+00:00,254.0
2019-05-11 05:00:00+00:00,285.25
2019-05-11 06:00:00+00:00,329.5
2019-05-11 07:00:00+00:00,371.0
2019-05-11 08:00:00+00:00,456.75
2019-05-11 09:00:00+00:00,661.25
2019-05-11 10:00:00+00:00,772.75
2019-05-11 11:00:00+00:00,899.75
2019-05-11 12:00:00+00:00,1203.25
2019-05-11 13:00:00+00:00,1514.75
2019-05-11 14:00:00+00:00,1920.5
2019-05-11 15:00:00+00:00,2317.75
2019-05-11 16:00:00+00:00,2699.5
2019-05-11 17:00:00+00:00,2775.0
2019-05-11 18:00:00+00:00,2843.25
2019-05-11 19:00:00+00:00,2780.75
2019-05-11 20:00:00+00:00,2659.5
2019-05-11 21:00:00+00:00,2416.75
2019-05-11 22:00:00+00:00,2599.0
2019-05-11 23:00:00+00:00,2783.75
2019-05-12 00:00:00+00:00,2992.25
2019-05-12 01:00:00+00:00,3181.5
2019-05-12 02:00:00+00:00,3186.0
2019-05-12 03:00:00+00:00,3089.25
2019-05-12 04:00:00+00:00,3179.25
2019-05-12 05:00:00+00:00,2954.75
2019-05-12 06:00:00+00:00,2911.0
2019-05-12 07:00:00+00:00,2827.25
2019-05-12 08:00:00+00:00,3034.0
2019-05-12 09:00:00+00:00,2968.0
2019-05-12 10:00:00+00:00,2884.25
2019-05-12 11:00:00+00:00,2729.25
2019-05-12 12:00:00+00:00,2856.0
2019-05-12 13:00:00+00:00,3055.75
2019-05-12 14:00:00+00:00,2968.25
2019-05-12 15:00:00+00:00,2977.25
2019-05-12 16:00:00+00:00,2987.75
2019-05-12 17:00:00+00:00,2851.0
2019-05-12 18:00:00+00:00,2615.5
2019-05-12 19:00:00+00:00,2324.75
2019-05-12 20:00:00+00:00,1925.0
2019-05-12 21:00:00+00:00,1792.0
2019-05-12 22:00:00+00:00,1553.5
2019-05-12 23:00:00+00:00,1386.0
2019-05-13 00:00:00+00:00,1374.25
2019-05-13 01:00:00+00:00,1353.25
2019-05-13 02:00:00+00:00,1181.5
2019-05-13 03:00:00+00:00,1123.0
2019-05-13 04:00:00+00:00,1152.5
2019-05-13 05:00:00+00:00,1194.5
2019-05-13 06:00:00+00:00,1190.25
2019-05-13 07:00:00+00:00,1070.25
2019-05-13 08:00:00+00:00,847.0
2019-05-13 09:00:00+00:00,688.25
2019-05-13 10:00:00+00:00,575.5
2019-05-13 11:00:00+00:00,743.25
2019-05-13 12:00:00+00:00,1145.5
2019-05-13 13:00:00+00:00,1349.75
2019-05-13 14:00:00+00:00,1369.0
2019-05-13 15:00:00+00:00,1321.25
2019-05-13 16:00:00+00:00,1133.25
2019-05-13 17:00:00+00:00,1196.5
2019-05-13 18:00:00+00:00,1219.25
2019-05-13 19:00:00+00:00,1365.25
2019-05-13 20:00:00+00:00,1014.5
2019-05-13 21:00:00+00:00,973.75
2019-05-13 22:00:00+00:00,1090.5
2019-05-13 23:00:00+00:00,1132.0
2019-05-14 00:00:00+00:00,999.75
2019-05-14 01:00:00+00:00,937.0
2019-05-14 02:00:00+00:00,825.0
2019-05-14 03:00:00+00:00,681.25
2019-05-14 04:00:00+00:00,475.25
2019-05-14 05:00:00+00:00,336.0
2019-05-14 06:00:00+00:00,255.25
2019-05-14 07:00:00+00:00,133.25
2019-05-14 08:00:00+00:00,54.25
2019-05-14 09:00:00+00:00,12.75
2019-05-14 10:00:00+00:00,54.75
2019-05-14 11:00:00+00:00,34.25
2019-05-14 12:00:00+00:00,80.75
2019-05-14 13:00:00+00:00,120.5
2019-05-14 14:00:00+00:00,130.25
2019-05-14 15:00:00+00:00,191.5
2019-05-14 16:00:00+00:00,256.25
2019-05-14 17:00:00+00:00,323.25
2019-05-14 18:00:00+00:00,428.5
2019-05-14 19:00:00+00:00,487.75
2019-05-14 20:00:00+00:00,494.5
2019-05-14 21:00:00+00:00,448.0
2019-05-14 22:00:00+00:00,383.0
2019-05-14 23:00:00+00:00,213.75
2019-05-15 00:00:00+00:00,104.25
2019-05-15 01:00:00+00:00,62.75
2019-05-15 02:00:00+00:00,63.5
2019-05-15 03:00:00+00:00,119.0
2019-05-15 04:00:00+00:00,161.0
2019-05-15 05:00:00+00:00,197.0
2019-05-15 06:00:00+00:00,158.0
2019-05-15 07:00:00+00:00,104.0
2019-05-15 08:00:00+00:00,117.5
2019-05-15 09:00:00+00:00,192.75
2019-05-15 10:00:00+00:00,282.0
2019-05-15 11:00:00+00:00,340.75
2019-05-15 12:00:00+00:00,324.25
2019-05-15 13:00:00+00:00,335.0
2019-05-15 14:00:00+00:00,454.5
2019-05-15 15:00:00+00:00,569.25
2019-05-15 16:00:00+00:00,710.5
2019-05-15 17:00:00+00:00,883.75
2019-05-15 18:00:00+00:00,1133.0
2019-05-15 19:00:00+00:00,1439.5
2019-05-15 20:00:00+00:00,1814.0
2019-05-15 21:00:00+00:00,1956.75
2019-05-15 22:00:00+00:00,1918.0
2019-05-15 23:00:00+00:00,1890.0
2019-05-16 00:00:00+00:00,1928.25
2019-05-16 01:00:00+00:00,1751.75
2019-05-16 02:00:00+00:00,1487.25
2019-05-16 03:00:00+00:00,1441.5
2019-05-16 04:00:00+00:00,1638.5
2019-05-16 05:00:00+00:00,1810.75
2019-05-16 06:00:00+00:00,2134.0
2019-05-16 07:00:00+00:00,2281.25
2019-05-16 08:00:00+00:00,2250.0
2019-05-16 09:00:00+00:00,2410.5
2019-05-16 10:00:00+00:00,2526.5
2019-05-16 11:00:00+00:00,2559.0
2019-05-16 12:00:00+00:00,2708.75
2019-05-16 13:00:00+00:00,2991.75
2019-05-16 14:00:00+00:00,3254.25
2019-05-16 15:00:00+00:00,3140.5
2019-05-16 16:00:00+00:00,3581.25
2019-05-16 17:00:00+00:00,4199.25
2019-05-16 18:00:00+00:00,4612.25
2019-05-16 19:00:00+00:00,4847.0
2019-05-16 20:00:00+00:00,4925.5
2019-05-16 21:00:00+00:00,5005.25
2019-05-16 22:00:00+00:00,4915.75
2019-05-16 23:00:00+00:00,4633.0
2019-05-17 00:00:00+00:00,4381.0
2019-05-17 01:00:00+00:00,4356.25
2019-05-17 02:00:00+00:00,4332.75
2019-05-17 03:00:00+00:00,4399.5
2019-05-17 04:00:00+00:00,4469.75
2019-05-17 05:00:00+00:00,4099.0
2019-05-17 06:00:00+00:00,3501.5
2019-05-17 07:00:00+00:00,2925.0
2019-05-17 08:00:00+00:00,2497.0
2019-05-17 09:00:00+00:00,2664.0
2019-05-17 10:00:00+00:00,2363.75
2019-05-17 11:00:00+00:00,2049.0
2019-05-17 12:00:00+00:00,1939.75
2019-05-17 13:00:00+00:00,2046.25
2019-05-17 14:00:00+00:00,2170.0
2019-05-17 15:00:00+00:00,2160.75
2019-05-17 16:00:00+00:00,2240.0
2019-05-17 17:00:00+00:00,2465.25
2019-05-17 18:00:00+00:00,2613.25
2019-05-17 19:00:00+00:00,2387.25
2019-05-17 20:00:00+00:00,2079.0
2019-05-17 21:00:00+00:00,1923.75
2019-05-17 22:00:00+00:00,1916.25
2019-05-17 23:00:00+00:00,1681.25
2019-05-18 00:00:00+00:00,1680.5
2019-05-18 01:00:00+00:00,1971.25
2019-05-18 02:00:00+00:00,2116.0
2019-05-18 03:00:00+00:00,2268.75
2019-05-18 04:00:00+00:00,2045.0
2019-05-18 05:00:00+00:00,1713.75
2019-05-18 06:00:00+00:00,1429.0
2019-05-18 07:00:00+00:00,1210.5
2019-05-18 08:00:00+00:00,1137.75
2019-05-18 09:00:00+00:00,1232.0
2019-05-18 10:00:00+00:00,1417.25
2019-05-18 11:00:00+00:00,1429.5
2019-05-18 12:00:00+00:00,1569.0
2019-05-18 13:00:00+00:00,1558.75
2019-05-18 14:00:00+00:00,1667.25
2019-05-18 15:00:00+00:00,1586.25
2019-05-18 16:00:00+00:00,1347.25
2019-05-18 17:00:00+00:00,1538.25
2019-05-18 18:00:00+00:00,1905.25
2019-05-18 19:00:00+00:00,1935.5
2019-05-18 20:00:00+00:00,1750.5
2019-05-18 21:00:00+00:00,1685.0
2019-05-18 22:00:00+00:00,1429.0
2019-05-18 23:00:00+00:00,1232.5
2019-05-19 00:00:00+00:00,1037.25
2019-05-19 01:00:00+00:00,901.0
2019-05-19 02:00:00+00:00,808.25
2019-05-19 03:00:00+00:00,778.25
2019-05-19 04:00:00+00:00,770.75
2019-05-19 05:00:00+00:00,690.0
2019-05-19 06:00:00+00:00,657.5
2019-05-19 07:00:00+00:00,671.75
2019-05-19 08:00:00+00:00,640.25
2019-05-19 09:00:00+00:00,721.5
2019-05-19 10:00:00+00:00,853.25
2019-05-19 11:00:00+00:00,986.0
2019-05-19 12:00:00+00:00,1229.5
2019-05-19 13:00:00+00:00,1315.25
2019-05-19 14:00:00+00:00,1447.5
2019-05-19 15:00:00+00:00,1656.0
2019-05-19 16:00:00+00:00,1906.0
2019-05-19 17:00:00+00:00,2163.75
2019-05-19 18:00:00+00:00,1885.25
2019-05-19 19:00:00+00:00,1708.25
2019-05-19 20:00:00+00:00,1905.5
2019-05-19 21:00:00+00:00,1457.0
2019-05-19 22:00:00+00:00,1082.75
2019-05-19 23:00:00+00:00,934.5
2019-05-20 00:00:00+00:00,1071.25
2019-05-20 01:00:00+00:00,1354.0
2019-05-20 02:00:00+00:00,1402.5
2019-05-20 03:00:00+00:00,1301.75
2019-05-20 04:00:00+00:00,1151.5
2019-05-20 05:00:00+00:00,832.75
2019-05-20 06:00:00+00:00,464.25
2019-05-20 07:00:00+00:00,249.75
2019-05-20 08:00:00+00:00,285.25
2019-05-20 09:00:00+00:00,292.25
2019-05-20 10:00:00+00:00,402.5
2019-05-20 11:00:00+00:00,370.0
2019-05-20 12:00:00+00:00,243.0
2019-05-20 13:00:00+00:00,229.0
2019-05-20 14:00:00+00:00,448.25
2019-05-20 15:00:00+00:00,758.75
2019-05-20 16:00:00+00:00,1217.75
2019-05-20 17:00:00+00:00,1523.25
2019-05-20 18:00:00+00:00,1492.25
2019-05-20 19:00:00+00:00,1743.0
2019-05-20 20:00:00+00:00,1718.75
2019-05-20 21:00:00+00:00,1952.0
2019-05-20 22:00:00+00:00,2044.75
2019-05-20 23:00:00+00:00,1884.25
2019-05-21 00:00:00+00:00,1786.25
2019-05-21 01:00:00+00:00,1599.75
2019-05-21 02:00:00+00:00,1474.0
2019-05-21 03:00:00+00:00,1561.25
2019-05-21 04:00:00+00:00,2095.75
2019-05-21 05:00:00+00:00,2404.0
2019-05-21 06:00:00+00:00,2377.5
2019-05-21 07:00:00+00:00,2245.75
2019-05-21 08:00:00+00:00,2199.5
2019-05-21 09:00:00+00:00,2285.25
2019-05-21 10:00:00+00:00,2625.75
2019-05-21 11:00:00+00:00,2745.25
2019-05-21 12:00:00+00:00,2978.5
2019-05-21 13:00:00+00:00,3099.75
2019-05-21 14:00:00+00:00,3257.0
2019-05-21 15:00:00+00:00,3157.5
2019-05-21 16:00:00+00:00,3105.25
2019-05-21 17:00:00+00:00,3475.25
2019-05-21 18:00:00+00:00,3874.25
2019-05-21 19:00:00+00:00,4090.5
2019-05-21 20:00:00+00:00,4161.0
2019-05-21 21:00:00+00:00,4076.75
2019-05-21 22:00:00+00:00,3897.5
2019-05-21 23:00:00+00:00,3796.5
2019-05-22 00:00:00+00:00,3823.5
2019-05-22 01:00:00+00:00,3974.75
2019-05-22 02:00:00+00:00,4050.5
2019-05-22 03:00:00+00:00,4023.0
2019-05-22 04:00:00+00:00,3804.25
2019-05-22 05:00:00+00:00,3596.25
2019-05-22 06:00:00+00:00,3110.75
2019-05-22 07:00:00+00:00,2791.0
2019-05-22 08:00:00+00:00,2465.25
2019-05-22 09:00:00+00:00,2065.0
2019-05-22 10:00:00+00:00,1728.0
2019-05-22 11:00:00+00:00,1587.25
2019-05-22 12:00:00+00:00,1453.5
2019-05-22 13:00:00+00:00,1422.75
2019-05-22 14:00:00+00:00,1453.25
2019-05-22 15:00:00+00:00,1386.5
2019-05-22 16:00:00+00:00,1538.25
2019-05-22 17:00:00+00:00,1656.75
2019-05-22 18:00:00+00:00,1593.75
2019-05-22 19:00:00+00:00,1614.25
2019-05-22 20:00:00+00:00,1394.25
2019-05-22 21:00:00+00:00,1331.75
2019-05-22 22:00:00+00:00,1496.0
2019-05-22 23:00:00+00:00,1737.75
2019-05-23 00:00:00+00:00,2020.0
2019-05-23 01:00:00+00:00,2412.0
2019-05-23 02:00:00+00:00,2585.0
2019-05-23 03:00:00+00:00,2972.75
2019-05-23 04:00:00+00:00,3512.0
2019-05-23 05:00:00+00:00,3876.25
2019-05-23 06:00:00+00:00,3861.75
2019-05-23 07:00:00+00:00,3837.0
2019-05-23 08:00:00+00:00,3491.5
2019-05-23 09:00:00+00:00,3150.75
2019-05-23 10:00:00+00:00,2711.75
2019-05-23 11:00:00+00:00,2261.25
2019-05-23 12:00:00+00:00,1688.75
2019-05-23 13:00:00+00:00,1517.5
2019-05-23 14:00:00+00:00,1409.25
2019-05-23 15:00:00+00:00,1308.0
2019-05-23 16:00:00+00:00,1240.25
2019-05-23 17:00:00+00:00,1246.0
2019-05-23 18:00:00+00:00,949.25
2019-05-23 19:00:00+00:00,793.25
2019-05-23 20:00:00+00:00,632.0
2019-05-23 21:00:00+00:00,642.75
2019-05-23 22:00:00+00:00,946.0
2019-05-23 23:00:00+00:00,1317.75
2019-05-24 00:00:00+00:00,1824.25
2019-05-24 01:00:00+00:00,2314.75
2019-05-24 02:00:00+00:00,2709.0
2019-05-24 03:00:00+00:00,2996.25
2019-05-24 04:00:00+00:00,2911.0
2019-05-24 05:00:00+00:00,2603.75
2019-05-24 06:00:00+00:00,2095.0
2019-05-24 07:00:00+00:00,1684.5
2019-05-24 08:00:00+00:00,1555.5
2019-05-24 09:00:00+00:00,1559.0
2019-05-24 10:00:00+00:00,1718.25
2019-05-24 11:00:00+00:00,1953.75
2019-05-24 12:00:00+00:00,2420.5
2019-05-24 13:00:00+00:00,2619.75
2019-05-24 14:00:00+00:00,2640.0
2019-05-24 15:00:00+00:00,2567.0
2019-05-24 16:00:00+00:00,2916.0
2019-05-24 17:00:00+00:00,2913.0
2019-05-24 18:00:00+00:00,2605.0
2019-05-24 19:00:00+00:00,2214.25
2019-05-24 20:00:00+00:00,2113.75
2019-05-24 21:00:00+00:00,1988.0
2019-05-24 22:00:00+00:00,1965.0
2019-05-24 23:00:00+00:00,1988.5
2019-05-25 00:00:00+00:00,2061.25
2019-05-25 01:00:00+00:00,2034.25
2019-05-25 02:00:00+00:00,1980.0
2019-05-25 03:00:00+00:00,1834.5
2019-05-25 04:00:00+00:00,1822.0
2019-05-25 05:00:00+00:00,1625.75
2019-05-25 06:00:00+00:00,1354.5
2019-05-25 07:00:00+00:00,1441.25
2019-05-25 08:00:00+00:00,1486.25
2019-05-25 09:00:00+00:00,1406.5
2019-05-25 10:00:00+00:00,1193.25
2019-05-25 11:00:00+00:00,1211.75
2019-05-25 12:00:00+00:00,1228.25
2019-05-25 13:00:00+00:00,1390.5
2019-05-25 14:00:00+00:00,1555.0
2019-05-25 15:00:00+00:00,1717.5
2019-05-25 16:00:00+00:00,1717.75
2019-05-25 17:00:00+00:00,1596.25
2019-05-25 18:00:00+00:00,1503.5
2019-05-25 19:00:00+00:00,1574.5
2019-05-25 20:00:00+00:00,1638.0
2019-05-25 21:00:00+00:00,1797.5
2019-05-25 22:00:00+00:00,2050.0
2019-05-25 23:00:00+00:00,2841.5
2019-05-26 00:00:00+00:00,3646.75
2019-05-26 01:00:00+00:00,4234.75
2019-05-26 02:00:00+00:00,4546.75
2019-05-26 03:00:00+00:00,4821.5
2019-05-26 04:00:00+00:00,4873.75
2019-05-26 05:00:00+00:00,4879.5
2019-05-26 06:00:00+00:00,4555.25
2019-05-26 07:00:00+00:00,4281.25
2019-05-26 08:00:00+00:00,3957.75
2019-05-26 09:00:00+00:00,3714.0
2019-05-26 10:00:00+00:00,3637.75
2019-05-26 11:00:00+00:00,3789.25
2019-05-26 12:00:00+00:00,3645.75
2019-05-26 13:00:00+00:00,4153.25
2019-05-26 14:00:00+00:00,4418.25
2019-05-26 15:00:00+00:00,4693.75
2019-05-26 16:00:00+00:00,5006.5
2019-05-26 17:00:00+00:00,5021.5
2019-05-26 18:00:00+00:00,4843.0
2019-05-26 19:00:00+00:00,4669.25
2019-05-26 20:00:00+00:00,4361.5
2019-05-26 21:00:00+00:00,4229.5
2019-05-26 22:00:00+00:00,4374.5
2019-05-26 23:00:00+00:00,4514.25
2019-05-27 00:00:00+00:00,4435.25
2019-05-27 01:00:00+00:00,4588.0
2019-05-27 02:00:00+00:00,4394.0
2019-05-27 03:00:00+00:00,4137.75
2019-05-27 04:00:00+00:00,3988.75
2019-05-27 05:00:00+00:00,3884.0
2019-05-27 06:00:00+00:00,4025.25
2019-05-27 07:00:00+00:00,3879.0
2019-05-27 08:00:00+00:00,4099.25
2019-05-27 09:00:00+00:00,3757.25
2019-05-27 10:00:00+00:00,3947.25
2019-05-27 11:00:00+00:00,4604.0
2019-05-27 12:00:00+00:00,4628.75
2019-05-27 13:00:00+00:00,4617.75
2019-05-27 14:00:00+00:00,4670.75
2019-05-27 15:00:00+00:00,4763.75
2019-05-27 16:00:00+00:00,4636.25
2019-05-27 17:00:00+00:00,4635.5
2019-05-27 18:00:00+00:00,4619.75
2019-05-27 19:00:00+00:00,4534.5
2019-05-27 20:00:00+00:00,4216.5
2019-05-27 21:00:00+00:00,3230.0
2019-05-27 22:00:00+00:00,2261.75
2019-05-27 23:00:00+00:00,1399.75
2019-05-28 00:00:00+00:00,964.25
2019-05-28 01:00:00+00:00,950.0
2019-05-28 02:00:00+00:00,862.0
2019-05-28 03:00:00+00:00,794.5
2019-05-28 04:00:00+00:00,710.25
2019-05-28 05:00:00+00:00,486.25
2019-05-28 06:00:00+00:00,357.0
2019-05-28 07:00:00+00:00,420.0
2019-05-28 08:00:00+00:00,492.5
2019-05-28 09:00:00+00:00,523.25
2019-05-28 10:00:00+00:00,551.75
2019-05-28 11:00:00+00:00,580.5
2019-05-28 12:00:00+00:00,882.25
2019-05-28 13:00:00+00:00,1179.75
2019-05-28 14:00:00+00:00,1361.75
2019-05-28 15:00:00+00:00,1836.25
2019-05-28 16:00:00+00:00,2324.25
2019-05-28 17:00:00+00:00,2390.5
2019-05-28 18:00:00+00:00,2298.0
2019-05-28 19:00:00+00:00,2114.25
2019-05-28 20:00:00+00:00,1813.25
2019-05-28 21:00:00+00:00,1474.25
2019-05-28 22:00:00+00:00,1634.75
2019-05-28 23:00:00+00:00,1546.25
2019-05-29 00:00:00+00:00,1768.25
2019-05-29 01:00:00+00:00,1637.5
2019-05-29 02:00:00+00:00,1537.25
2019-05-29 03:00:00+00:00,1310.5
2019-05-29 04:00:00+00:00,1121.0
2019-05-29 05:00:00+00:00,1008.5
2019-05-29 06:00:00+00:00,732.5
2019-05-29 07:00:00+00:00,580.25
2019-05-29 08:00:00+00:00,422.75
2019-05-29 09:00:00+00:00,367.75
2019-05-29 10:00:00+00:00,375.5
2019-05-29 11:00:00+00:00,361.5
2019-05-29 12:00:00+00:00,373.75
2019-05-29 13:00:00+00:00,441.25
2019-05-29 14:00:00+00:00,586.75
2019-05-29 15:00:00+00:00,688.75
2019-05-29 16:00:00+00:00,949.75
2019-05-29 17:00:00+00:00,1353.5
2019-05-29 18:00:00+00:00,1785.0
2019-05-29 19:00:00+00:00,2229.75
2019-05-29 20:00:00+00:00,2370.75
2019-05-29 21:00:00+00:00,3042.0
2019-05-29 22:00:00+00:00,3940.25
2019-05-29 23:00:00+00:00,4434.5
2019-05-30 00:00:00+00:00,4228.0
2019-05-30 01:00:00+00:00,4295.75
2019-05-30 02:00:00+00:00,4472.25
2019-05-30 03:00:00+00:00,4780.75
2019-05-30 04:00:00+00:00,4940.5
2019-05-30 05:00:00+00:00,5027.25
2019-05-30 06:00:00+00:00,5044.0
2019-05-30 07:00:00+00:00,5050.5
2019-05-30 08:00:00+00:00,4985.25
2019-05-30 09:00:00+00:00,5025.25
2019-05-30 10:00:00+00:00,5099.5
2019-05-30 11:00:00+00:00,5041.25
2019-05-30 12:00:00+00:00,5069.0
2019-05-30 13:00:00+00:00,5036.5
2019-05-30 14:00:00+00:00,4947.0
2019-05-30 15:00:00+00:00,4666.25
2019-05-30 16:00:00+00:00,4824.0
2019-05-30 17:00:00+00:00,4731.0
2019-05-30 18:00:00+00:00,4483.75
2019-05-30 19:00:00+00:00,4195.0
2019-05-30 20:00:00+00:00,4261.25
2019-05-30 21:00:00+00:00,4403.75
2019-05-30 22:00:00+00:00,4515.5
2019-05-30 23:00:00+00:00,4431.0
2019-05-31 00:00:00+00:00,4229.25
2019-05-31 01:00:00+00:00,3667.0
2019-05-31 02:00:00+00:00,3038.75
2019-05-31 03:00:00+00:00,2479.0
2019-05-31 04:00:00+00:00,1933.25
2019-05-31 05:00:00+00:00,1512.75
2019-05-31 06:00:00+00:00,1527.0
2019-05-31 07:00:00+00:00,1354.75
2019-05-31 08:00:00+00:00,1188.25
2019-05-31 09:00:00+00:00,1143.0
2019-05-31 10:00:00+00:00,1167.5
2019-05-31 11:00:00+00:00,1100.0
2019-05-31 12:00:00+00:00,1085.5
2019-05-31 13:00:00+00:00,934.75
2019-05-31 14:00:00+00:00,852.0
2019-05-31 15:00:00+00:00,1002.75
2019-05-31 16:00:00+00:00,1284.0
2019-05-31 17:00:00+00:00,1675.0
2019-05-31 18:00:00+00:00,2098.0
2019-05-31 19:00:00+00:00,2772.5
2019-05-31 20:00:00+00:00,2860.75
2019-05-31 21:00:00+00:00,3347.0
2019-05-31 22:00:00+00:00,3429.5
2019-05-31 23:00:00+00:00,3208.25
2019-06-01 00:00:00+00:00,3251.0
2019-06-01 01:00:00+00:00,3560.25
2019-06-01 02:00:00+00:00,3735.5
2019-06-01 03:00:00+00:00,3766.5
2019-06-01 04:00:00+00:00,3988.0
2019-06-01 05:00:00+00:00,4024.5
2019-06-01 06:00:00+00:00,3514.75
2019-06-01 07:00:00+00:00,3077.75
2019-06-01 08:00:00+00:00,2769.75
2019-06-01 09:00:00+00:00,2205.0
2019-06-01 10:00:00+00:00,1871.75
2019-06-01 11:00:00+00:00,1573.25
2019-06-01 12:00:00+00:00,1285.5
2019-06-01 13:00:00+00:00,969.5
2019-06-01 14:00:00+00:00,810.0
2019-06-01 15:00:00+00:00,733.75
2019-06-01 16:00:00+00:00,740.25
2019-06-01 17:00:00+00:00,693.5
2019-06-01 18:00:00+00:00,652.25
2019-06-01 19:00:00+00:00,702.75
2019-06-01 20:00:00+00:00,649.5
2019-06-01 21:00:00+00:00,360.0
2019-06-01 22:00:00+00:00,469.0
2019-06-01 23:00:00+00:00,567.0
2019-06-02 00:00:00+00:00,575.5
2019-06-02 01:00:00+00:00,852.5
2019-06-02 02:00:00+00:00,1123.0
2019-06-02 03:00:00+00:00,1539.75
2019-06-02 04:00:00+00:00,1746.0
2019-06-02 05:00:00+00:00,2062.75
2019-06-02 06:00:00+00:00,2115.75
2019-06-02 07:00:00+00:00,2115.0
2019-06-02 08:00:00+00:00,2172.0
2019-06-02 09:00:00+00:00,2076.0
2019-06-02 10:00:00+00:00,1963.25
2019-06-02 11:00:00+00:00,1944.5
2019-06-02 12:00:00+00:00,1817.5
2019-06-02 13:00:00+00:00,1540.75
2019-06-02 14:00:00+00:00,1306.25
2019-06-02 15:00:00+00:00,1253.75
2019-06-02 16:00:00+00:00,1335.75
2019-06-02 17:00:00+00:00,1514.0
2019-06-02 18:00:00+00:00,1708.0
2019-06-02 19:00:00+00:00,1948.5
2019-06-02 20:00:00+00:00,2252.25
2019-06-02 21:00:00+00:00,3776.25
2019-06-02 22:00:00+00:00,4336.0
2019-06-02 23:00:00+00:00,4492.75
2019-06-03 00:00:00+00:00,4433.5
2019-06-03 01:00:00+00:00,3201.5
2019-06-03 02:00:00+00:00,3067.75
2019-06-03 03:00:00+00:00,3440.5
2019-06-03 04:00:00+00:00,3166.75
2019-06-03 05:00:00+00:00,2454.5
2019-06-03 06:00:00+00:00,1710.25
2019-06-03 07:00:00+00:00,1216.75
2019-06-03 08:00:00+00:00,1132.5
2019-06-03 09:00:00+00:00,1190.25
2019-06-03 10:00:00+00:00,1210.0
2019-06-03 11:00:00+00:00,1245.25
2019-06-03 12:00:00+00:00,1188.5
2019-06-03 13:00:00+00:00,1015.75
2019-06-03 14:00:00+00:00,880.5
2019-06-03 15:00:00+00:00,620.0
2019-06-03 16:00:00+00:00,581.5
2019-06-03 17:00:00+00:00,745.0
2019-06-03 18:00:00+00:00,771.5
2019-06-03 19:00:00+00:00,458.0
2019-06-03 20:00:00+00:00,327.0
2019-06-03 21:00:00+00:00,383.0
2019-06-03 22:00:00+00:00,346.75
2019-06-03 23:00:00+00:00,247.0
2019-06-04 00:00:00+00:00,184.0
2019-06-04 01:00:00+00:00,279.0
2019-06-04 02:00:00+00:00,494.25
2019-06-04 03:00:00+00:00,913.25
2019-06-04 04:00:00+00:00,1138.0
2019-06-04 05:00:00+00:00,1263.5
2019-06-04 06:00:00+00:00,1022.5
2019-06-04 07:00:00+00:00,652.5
2019-06-04 08:00:00+00:00,420.0
2019-06-04 09:00:00+00:00,315.75
2019-06-04 10:00:00+00:00,257.75
2019-06-04 11:00:00+00:00,329.25
2019-06-04 12:00:00+00:00,555.5
2019-06-04 13:00:00+00:00,760.25
2019-06-04 14:00:00+00:00,1222.25
2019-06-04 15:00:00+00:00,1843.0
2019-06-04 16:00:00+00:00,2254.25
2019-06-04 17:00:00+00:00,3250.0
2019-06-04 18:00:00+00:00,4371.0
2019-06-04 19:00:00+00:00,4674.75
2019-06-04 20:00:00+00:00,4783.5
2019-06-04 21:00:00+00:00,4648.75
2019-06-04 22:00:00+00:00,4489.75
2019-06-04 23:00:00+00:00,4196.75
2019-06-05 00:00:00+00:00,4418.5
2019-06-05 01:00:00+00:00,4731.0
2019-06-05 02:00:00+00:00,4856.25
2019-06-05 03:00:00+00:00,4938.75
2019-06-05 04:00:00+00:00,4687.25
2019-06-05 05:00:00+00:00,4089.5
2019-06-05 06:00:00+00:00,3193.75
2019-06-05 07:00:00+00:00,2114.25
2019-06-05 08:00:00+00:00,1249.5
2019-06-05 09:00:00+00:00,823.25
2019-06-05 10:00:00+00:00,371.0
2019-06-05 11:00:00+00:00,280.0
2019-06-05 12:00:00+00:00,260.0
2019-06-05 13:00:00+00:00,425.0
2019-06-05 14:00:00+00:00,559.0
2019-06-05 15:00:00+00:00,764.75
2019-06-05 16:00:00+00:00,1035.5
2019-06-05 17:00:00+00:00,1304.0
2019-06-05 18:00:00+00:00,1390.25
2019-06-05 19:00:00+00:00,1525.75
2019-06-05 20:00:00+00:00,2376.5
2019-06-05 21:00:00+00:00,3683.5
2019-06-05 22:00:00+00:00,4826.0
2019-06-05 23:00:00+00:00,5279.75
2019-06-06 00:00:00+00:00,5415.0
2019-06-06 01:00:00+00:00,5022.0
2019-06-06 02:00:00+00:00,4638.0
2019-06-06 03:00:00+00:00,3925.75
2019-06-06 04:00:00+00:00,2340.75
2019-06-06 05:00:00+00:00,1201.0
2019-06-06 06:00:00+00:00,918.5
2019-06-06 07:00:00+00:00,1642.75
2019-06-06 08:00:00+00:00,2928.75
2019-06-06 09:00:00+00:00,3521.0
2019-06-06 10:00:00+00:00,4653.25
2019-06-06 11:00:00+00:00,4582.75
2019-06-06 12:00:00+00:00,3655.25
2019-06-06 13:00:00+00:00,3422.5
2019-06-06 14:00:00+00:00,2866.25
2019-06-06 15:00:00+00:00,2321.0
2019-06-06 16:00:00+00:00,1726.25
2019-06-06 17:00:00+00:00,1230.0
2019-06-06 18:00:00+00:00,622.5
2019-06-06 19:00:00+00:00,825.5
2019-06-06 20:00:00+00:00,491.5
2019-06-06 21:00:00+00:00,648.75
2019-06-06 22:00:00+00:00,720.25
2019-06-06 23:00:00+00:00,636.75
2019-06-07 00:00:00+00:00,619.25
2019-06-07 01:00:00+00:00,434.75
2019-06-07 02:00:00+00:00,418.75
2019-06-07 03:00:00+00:00,355.0
2019-06-07 04:00:00+00:00,336.0
2019-06-07 05:00:00+00:00,330.25
2019-06-07 06:00:00+00:00,446.75
2019-06-07 07:00:00+00:00,531.5
2019-06-07 08:00:00+00:00,753.75
2019-06-07 09:00:00+00:00,1019.5
2019-06-07 10:00:00+00:00,1235.75
2019-06-07 11:00:00+00:00,1521.25
2019-06-07 12:00:00+00:00,1988.5
2019-06-07 13:00:00+00:00,2407.0
2019-06-07 14:00:00+00:00,2715.25
2019-06-07 15:00:00+00:00,2991.5
2019-06-07 16:00:00+00:00,3330.75
2019-06-07 17:00:00+00:00,3858.75
2019-06-07 18:00:00+00:00,4411.75
2019-06-07 19:00:00+00:00,4370.25
2019-06-07 20:00:00+00:00,4027.0
2019-06-07 21:00:00+00:00,2946.0
2019-06-07 22:00:00+00:00,2785.0
2019-06-07 23:00:00+00:00,3529.0
2019-06-08 00:00:00+00:00,3872.25
2019-06-08 01:00:00+00:00,4394.0
2019-06-08 02:00:00+00:00,4388.75
2019-06-08 03:00:00+00:00,4279.0
2019-06-08 04:00:00+00:00,4195.25
2019-06-08 05:00:00+00:00,4144.5
2019-06-08 06:00:00+00:00,4085.25
2019-06-08 07:00:00+00:00,3874.5
2019-06-08 08:00:00+00:00,3941.5
2019-06-08 09:00:00+00:00,3571.25
2019-06-08 10:00:00+00:00,3445.0
2019-06-08 11:00:00+00:00,3365.25
2019-06-08 12:00:00+00:00,3143.5
2019-06-08 13:00:00+00:00,3399.75
2019-06-08 14:00:00+00:00,3351.25
2019-06-08 15:00:00+00:00,3626.25
2019-06-08 16:00:00+00:00,3885.75
2019-06-08 17:00:00+00:00,4487.75
2019-06-08 18:00:00+00:00,4708.5
2019-06-08 19:00:00+00:00,4760.75
2019-06-08 20:00:00+00:00,5069.75
2019-06-08 21:00:00+00:00,5209.75
2019-06-08 22:00:00+00:00,5415.75
2019-06-08 23:00:00+00:00,5457.25
2019-06-09 00:00:00+00:00,5382.5
2019-06-09 01:00:00+00:00,5379.75
2019-06-09 02:00:00+00:00,5336.25
2019-06-09 03:00:00+00:00,4942.75
2019-06-09 04:00:00+00:00,4107.0
2019-06-09 05:00:00+00:00,3191.5
2019-06-09 06:00:00+00:00,2872.25
2019-06-09 07:00:00+00:00,2761.25
2019-06-09 08:00:00+00:00,2506.0
2019-06-09 09:00:00+00:00,2238.25
2019-06-09 10:00:00+00:00,1980.25
2019-06-09 11:00:00+00:00,1639.75
2019-06-09 12:00:00+00:00,1065.25
2019-06-09 13:00:00+00:00,723.5
2019-06-09 14:00:00+00:00,439.0
2019-06-09 15:00:00+00:00,228.75
2019-06-09 16:00:00+00:00,122.75
2019-06-09 17:00:00+00:00,58.75
2019-06-09 18:00:00+00:00,49.25
2019-06-09 19:00:00+00:00,35.5
2019-06-09 20:00:00+00:00,65.0
2019-06-09 21:00:00+00:00,158.75
2019-06-09 22:00:00+00:00,273.5
2019-06-09 23:00:00+00:00,472.25
2019-06-10 00:00:00+00:00,700.0
2019-06-10 01:00:00+00:00,1018.5
2019-06-10 02:00:00+00:00,1366.75
2019-06-10 03:00:00+00:00,1926.5
2019-06-10 04:00:00+00:00,2554.5
2019-06-10 05:00:00+00:00,2980.0
2019-06-10 06:00:00+00:00,2822.75
2019-06-10 07:00:00+00:00,3143.5
2019-06-10 08:00:00+00:00,3657.5
2019-06-10 09:00:00+00:00,3858.25
2019-06-10 10:00:00+00:00,4207.0
2019-06-10 11:00:00+00:00,4247.25
2019-06-10 12:00:00+00:00,4221.0
2019-06-10 13:00:00+00:00,4451.25
2019-06-10 14:00:00+00:00,4759.25
2019-06-10 15:00:00+00:00,5011.5
2019-06-10 16:00:00+00:00,5119.5
2019-06-10 17:00:00+00:00,5222.5
2019-06-10 18:00:00+00:00,5314.75
2019-06-10 19:00:00+00:00,5352.75
2019-06-10 20:00:00+00:00,5269.75
2019-06-10 21:00:00+00:00,5059.5
2019-06-10 22:00:00+00:00,4991.0
2019-06-10 23:00:00+00:00,4887.25
2019-06-11 00:00:00+00:00,4876.75
2019-06-11 01:00:00+00:00,4813.0
2019-06-11 02:00:00+00:00,4402.75
2019-06-11 03:00:00+00:00,4110.75
2019-06-11 04:00:00+00:00,3897.5
2019-06-11 05:00:00+00:00,3261.75
2019-06-11 06:00:00+00:00,2596.25
2019-06-11 07:00:00+00:00,2182.0
2019-06-11 08:00:00+00:00,1996.25
2019-06-11 09:00:00+00:00,1707.25
2019-06-11 10:00:00+00:00,1305.25
2019-06-11 11:00:00+00:00,1196.5
2019-06-11 12:00:00+00:00,1209.5
2019-06-11 13:00:00+00:00,1188.75
2019-06-11 14:00:00+00:00,1409.5
2019-06-11 15:00:00+00:00,1298.0
2019-06-11 16:00:00+00:00,2207.25
2019-06-11 17:00:00+00:00,2445.5
2019-06-11 18:00:00+00:00,1752.25
2019-06-11 19:00:00+00:00,1452.5
2019-06-11 20:00:00+00:00,1171.75
2019-06-11 21:00:00+00:00,989.0
2019-06-11 22:00:00+00:00,954.5
2019-06-11 23:00:00+00:00,950.0
2019-06-12 00:00:00+00:00,931.5
2019-06-12 01:00:00+00:00,678.0
2019-06-12 02:00:00+00:00,115.75
2019-06-12 03:00:00+00:00,603.5
2019-06-12 04:00:00+00:00,995.5
2019-06-12 05:00:00+00:00,1112.5
2019-06-12 06:00:00+00:00,1212.0
2019-06-12 07:00:00+00:00,1339.25
2019-06-12 08:00:00+00:00,1420.0
2019-06-12 09:00:00+00:00,1022.0
2019-06-12 10:00:00+00:00,1274.0
2019-06-12 11:00:00+00:00,1470.75
2019-06-12 12:00:00+00:00,1303.25
2019-06-12 13:00:00+00:00,1163.25
2019-06-12 14:00:00+00:00,1159.75
2019-06-12 15:00:00+00:00,1309.75
2019-06-12 16:00:00+00:00,1010.75
2019-06-12 17:00:00+00:00,1085.0
2019-06-12 18:00:00+00:00,1489.75
2019-06-12 19:00:00+00:00,2758.5
2019-06-12 20:00:00+00:00,3961.5
2019-06-12 21:00:00+00:00,4401.25
2019-06-12 22:00:00+00:00,4197.25
2019-06-12 23:00:00+00:00,3866.25
2019-06-13 00:00:00+00:00,3473.25
2019-06-13 01:00:00+00:00,3047.0
2019-06-13 02:00:00+00:00,2592.75
2019-06-13 03:00:00+00:00,2328.25
2019-06-13 04:00:00+00:00,2434.75
2019-06-13 05:00:00+00:00,2817.25
2019-06-13 06:00:00+00:00,2918.75
2019-06-13 07:00:00+00:00,3033.5
2019-06-13 08:00:00+00:00,3424.5
2019-06-13 09:00:00+00:00,3486.75
2019-06-13 10:00:00+00:00,3689.25
2019-06-13 11:00:00+00:00,3492.5
2019-06-13 12:00:00+00:00,3019.0
2019-06-13 13:00:00+00:00,2125.5
2019-06-13 14:00:00+00:00,2066.0
2019-06-13 15:00:00+00:00,1099.25
2019-06-13 16:00:00+00:00,1096.5
2019-06-13 17:00:00+00:00,1123.5
2019-06-13 18:00:00+00:00,953.75
2019-06-13 19:00:00+00:00,1713.25
2019-06-13 20:00:00+00:00,2395.0
2019-06-13 21:00:00+00:00,3014.0
2019-06-13 22:00:00+00:00,3462.25
2019-06-13 23:00:00+00:00,3869.0
2019-06-14 00:00:00+00:00,3674.25
2019-06-14 01:00:00+00:00,3234.75
2019-06-14 02:00:00+00:00,2725.0
2019-06-14 03:00:00+00:00,2045.5
2019-06-14 04:00:00+00:00,1874.25
2019-06-14 05:00:00+00:00,2145.25
2019-06-14 06:00:00+00:00,1774.5
2019-06-14 07:00:00+00:00,1367.25
2019-06-14 08:00:00+00:00,1121.5
2019-06-14 09:00:00+00:00,881.25
2019-06-14 10:00:00+00:00,621.0
2019-06-14 11:00:00+00:00,450.5
2019-06-14 12:00:00+00:00,671.25
2019-06-14 13:00:00+00:00,825.0
2019-06-14 14:00:00+00:00,846.75
2019-06-14 15:00:00+00:00,756.0
2019-06-14 16:00:00+00:00,869.75
2019-06-14 17:00:00+00:00,1008.25
2019-06-14 18:00:00+00:00,1184.25
2019-06-14 19:00:00+00:00,1441.75
2019-06-14 20:00:00+00:00,1727.5
2019-06-14 21:00:00+00:00,1798.25
2019-06-14 22:00:00+00:00,1742.5
2019-06-14 23:00:00+00:00,1940.0
2019-06-15 00:00:00+00:00,2088.25
2019-06-15 01:00:00+00:00,2264.75
2019-06-15 02:00:00+00:00,2289.25
2019-06-15 03:00:00+00:00,2222.5
2019-06-15 04:00:00+00:00,2288.75
2019-06-15 05:00:00+00:00,2187.25
2019-06-15 06:00:00+00:00,2167.25
2019-06-15 07:00:00+00:00,1916.5
2019-06-15 08:00:00+00:00,1847.0
2019-06-15 09:00:00+00:00,1889.75
2019-06-15 10:00:00+00:00,1850.5
2019-06-15 11:00:00+00:00,1513.25
2019-06-15 12:00:00+00:00,1681.0
2019-06-15 13:00:00+00:00,2146.0
2019-06-15 14:00:00+00:00,3168.25
2019-06-15 15:00:00+00:00,3021.5
2019-06-15 16:00:00+00:00,3495.25
2019-06-15 17:00:00+00:00,3596.0
2019-06-15 18:00:00+00:00,2613.75
2019-06-15 19:00:00+00:00,2205.5
2019-06-15 20:00:00+00:00,1794.25
2019-06-15 21:00:00+00:00,1230.0
2019-06-15 22:00:00+00:00,787.75
2019-06-15 23:00:00+00:00,651.25
2019-06-16 00:00:00+00:00,736.25
2019-06-16 01:00:00+00:00,1505.75
2019-06-16 02:00:00+00:00,2215.75
2019-06-16 03:00:00+00:00,2815.0
2019-06-16 04:00:00+00:00,3047.5
2019-06-16 05:00:00+00:00,2733.75
2019-06-16 06:00:00+00:00,2613.25
2019-06-16 07:00:00+00:00,2472.25
2019-06-16 08:00:00+00:00,2279.25
2019-06-16 09:00:00+00:00,2143.25
2019-06-16 10:00:00+00:00,1818.25
2019-06-16 11:00:00+00:00,1575.25
2019-06-16 12:00:00+00:00,1208.0
2019-06-16 13:00:00+00:00,1023.25
2019-06-16 14:00:00+00:00,1059.5
2019-06-16 15:00:00+00:00,995.5
2019-06-16 16:00:00+00:00,828.25
2019-06-16 17:00:00+00:00,732.75
2019-06-16 18:00:00+00:00,760.25
2019-06-16 19:00:00+00:00,738.75
2019-06-16 20:00:00+00:00,904.5
2019-06-16 21:00:00+00:00,1380.0
2019-06-16 22:00:00+00:00,1824.5
2019-06-16 23:00:00+00:00,2293.5
2019-06-17 00:00:00+00:00,2548.0
2019-06-17 01:00:00+00:00,2693.5
2019-06-17 02:00:00+00:00,2751.0
2019-06-17 03:00:00+00:00,2647.0
2019-06-17 04:00:00+00:00,2591.5
2019-06-17 05:00:00+00:00,2409.5
2019-06-17 06:00:00+00:00,2230.25
2019-06-17 07:00:00+00:00,1941.0
2019-06-17 08:00:00+00:00,1543.75
2019-06-17 09:00:00+00:00,1112.75
2019-06-17 10:00:00+00:00,722.0
2019-06-17 11:00:00+00:00,373.75
2019-06-17 12:00:00+00:00,226.5
2019-06-17 13:00:00+00:00,234.75
2019-06-17 14:00:00+00:00,425.75
2019-06-17 15:00:00+00:00,688.5
2019-06-17 16:00:00+00:00,842.0
2019-06-17 17:00:00+00:00,868.25
2019-06-17 18:00:00+00:00,584.5
2019-06-17 19:00:00+00:00,469.5
2019-06-17 20:00:00+00:00,361.0
2019-06-17 21:00:00+00:00,326.75
2019-06-17 22:00:00+00:00,355.75
2019-06-17 23:00:00+00:00,407.0
2019-06-18 00:00:00+00:00,482.0
2019-06-18 01:00:00+00:00,431.0
2019-06-18 02:00:00+00:00,311.5
2019-06-18 03:00:00+00:00,291.25
2019-06-18 04:00:00+00:00,317.0
2019-06-18 05:00:00+00:00,412.5
2019-06-18 06:00:00+00:00,465.5
2019-06-18 07:00:00+00:00,482.75
2019-06-18 08:00:00+00:00,458.75
2019-06-18 09:00:00+00:00,391.25
2019-06-18 10:00:00+00:00,338.75
2019-06-18 11:00:00+00:00,262.75
2019-06-18 12:00:00+00:00,269.0
2019-06-18 13:00:00+00:00,288.5
2019-06-18 14:00:00+00:00,426.75
2019-06-18 15:00:00+00:00,570.75
2019-06-18 16:00:00+00:00,659.75
2019-06-18 17:00:00+00:00,728.75
2019-06-18 18:00:00+00:00,765.5
2019-06-18 19:00:00+00:00,736.0
2019-06-18 20:00:00+00:00,750.75
2019-06-18 21:00:00+00:00,748.25
2019-06-18 22:00:00+00:00,770.25
2019-06-18 23:00:00+00:00,761.75
2019-06-19 00:00:00+00:00,781.5
2019-06-19 01:00:00+00:00,654.0
2019-06-19 02:00:00+00:00,766.75
2019-06-19 03:00:00+00:00,1148.75
2019-06-19 04:00:00+00:00,1343.75
2019-06-19 05:00:00+00:00,1657.75
2019-06-19 06:00:00+00:00,1656.0
2019-06-19 07:00:00+00:00,1775.25
2019-06-19 08:00:00+00:00,1860.25
2019-06-19 09:00:00+00:00,1681.5
2019-06-19 10:00:00+00:00,1206.5
2019-06-19 11:00:00+00:00,818.5
2019-06-19 12:00:00+00:00,668.0
2019-06-19 13:00:00+00:00,525.0
2019-06-19 14:00:00+00:00,981.75
2019-06-19 15:00:00+00:00,1355.5
2019-06-19 16:00:00+00:00,948.75
2019-06-19 17:00:00+00:00,900.5
2019-06-19 18:00:00+00:00,980.0
2019-06-19 19:00:00+00:00,907.5
2019-06-19 20:00:00+00:00,838.5
2019-06-19 21:00:00+00:00,536.75
2019-06-19 22:00:00+00:00,424.0
2019-06-19 23:00:00+00:00,395.0
2019-06-20 00:00:00+00:00,400.25
2019-06-20 01:00:00+00:00,627.0
2019-06-20 02:00:00+00:00,938.0
2019-06-20 03:00:00+00:00,959.75
2019-06-20 04:00:00+00:00,1012.25
2019-06-20 05:00:00+00:00,1022.0
2019-06-20 06:00:00+00:00,1025.25
2019-06-20 07:00:00+00:00,904.0
2019-06-20 08:00:00+00:00,845.5
2019-06-20 09:00:00+00:00,750.75
2019-06-20 10:00:00+00:00,721.0
2019-06-20 11:00:00+00:00,594.75
2019-06-20 12:00:00+00:00,467.25
2019-06-20 13:00:00+00:00,584.75
2019-06-20 14:00:00+00:00,750.0
2019-06-20 15:00:00+00:00,755.0
2019-06-20 16:00:00+00:00,687.0
2019-06-20 17:00:00+00:00,704.5
2019-06-20 18:00:00+00:00,709.75
2019-06-20 19:00:00+00:00,696.75
2019-06-20 20:00:00+00:00,630.75
2019-06-20 21:00:00+00:00,446.5
2019-06-20 22:00:00+00:00,368.5
2019-06-20 23:00:00+00:00,334.25
2019-06-21 00:00:00+00:00,295.5
2019-06-21 01:00:00+00:00,408.5
2019-06-21 02:00:00+00:00,536.5
2019-06-21 03:00:00+00:00,825.75
2019-06-21 04:00:00+00:00,897.0
2019-06-21 05:00:00+00:00,594.0
2019-06-21 06:00:00+00:00,401.25
2019-06-21 07:00:00+00:00,476.5
2019-06-21 08:00:00+00:00,490.0
2019-06-21 09:00:00+00:00,667.0
2019-06-21 10:00:00+00:00,812.0
2019-06-21 11:00:00+00:00,890.0
2019-06-21 12:00:00+00:00,965.0
2019-06-21 13:00:00+00:00,1054.5
2019-06-21 14:00:00+00:00,1032.25
2019-06-21 15:00:00+00:00,1057.5
2019-06-21 16:00:00+00:00,1056.0
2019-06-21 17:00:00+00:00,1079.5
2019-06-21 18:00:00+00:00,1156.75
2019-06-21 19:00:00+00:00,1230.75
2019-06-21 20:00:00+00:00,1019.75
2019-06-21 21:00:00+00:00,739.25
2019-06-21 22:00:00+00:00,518.75
2019-06-21 23:00:00+00:00,431.25
2019-06-22 00:00:00+00:00,383.0
2019-06-22 01:00:00+00:00,335.5
2019-06-22 02:00:00+00:00,289.75
2019-06-22 03:00:00+00:00,215.0
2019-06-22 04:00:00+00:00,140.5
2019-06-22 05:00:00+00:00,97.5
2019-06-22 06:00:00+00:00,49.5
2019-06-22 07:00:00+00:00,19.75
2019-06-22 08:00:00+00:00,10.5
2019-06-22 09:00:00+00:00,16.5
2019-06-22 10:00:00+00:00,24.0
2019-06-22 11:00:00+00:00,35.5
2019-06-22 12:00:00+00:00,64.75
2019-06-22 13:00:00+00:00,141.5
2019-06-22 14:00:00+00:00,238.5
2019-06-22 15:00:00+00:00,333.25
2019-06-22 16:00:00+00:00,515.25
2019-06-22 17:00:00+00:00,729.25
2019-06-22 18:00:00+00:00,833.75
2019-06-22 19:00:00+00:00,817.5
2019-06-22 20:00:00+00:00,852.5
2019-06-22 21:00:00+00:00,987.75
2019-06-22 22:00:00+00:00,1080.0
2019-06-22 23:00:00+00:00,965.25
2019-06-23 00:00:00+00:00,1063.0
2019-06-23 01:00:00+00:00,1192.25
2019-06-23 02:00:00+00:00,1130.75
2019-06-23 03:00:00+00:00,1253.5
2019-06-23 04:00:00+00:00,1564.25
2019-06-23 05:00:00+00:00,1879.25
2019-06-23 06:00:00+00:00,1829.75
2019-06-23 07:00:00+00:00,1641.5
2019-06-23 08:00:00+00:00,1616.75
2019-06-23 09:00:00+00:00,1730.75
2019-06-23 10:00:00+00:00,2117.5
2019-06-23 11:00:00+00:00,2492.75
2019-06-23 12:00:00+00:00,2593.0
2019-06-23 13:00:00+00:00,2737.25
2019-06-23 14:00:00+00:00,2888.25
2019-06-23 15:00:00+00:00,3386.25
2019-06-23 16:00:00+00:00,3749.5
2019-06-23 17:00:00+00:00,3916.0
2019-06-23 18:00:00+00:00,4128.5
2019-06-23 19:00:00+00:00,4142.25
2019-06-23 20:00:00+00:00,4238.75
2019-06-23 21:00:00+00:00,4396.75
2019-06-23 22:00:00+00:00,4358.5
2019-06-23 23:00:00+00:00,4200.5
2019-06-24 00:00:00+00:00,4104.75
2019-06-24 01:00:00+00:00,4056.0
2019-06-24 02:00:00+00:00,4078.75
2019-06-24 03:00:00+00:00,4174.25
2019-06-24 04:00:00+00:00,4338.5
2019-06-24 05:00:00+00:00,4450.25
2019-06-24 06:00:00+00:00,4417.75
2019-06-24 07:00:00+00:00,4365.25
2019-06-24 08:00:00+00:00,4357.5
2019-06-24 09:00:00+00:00,4364.75
2019-06-24 10:00:00+00:00,4299.25
2019-06-24 11:00:00+00:00,4276.0
2019-06-24 12:00:00+00:00,4373.25
2019-06-24 13:00:00+00:00,4382.0
2019-06-24 14:00:00+00:00,4514.25
2019-06-24 15:00:00+00:00,4667.5
2019-06-24 16:00:00+00:00,4776.0
2019-06-24 17:00:00+00:00,4837.25
2019-06-24 18:00:00+00:00,4876.75
2019-06-24 19:00:00+00:00,4847.25
2019-06-24 20:00:00+00:00,4758.75
2019-06-24 21:00:00+00:00,4729.5
2019-06-24 22:00:00+00:00,4575.5
2019-06-24 23:00:00+00:00,4321.25
2019-06-25 00:00:00+00:00,4108.25
2019-06-25 01:00:00+00:00,3622.0
2019-06-25 02:00:00+00:00,3298.75
2019-06-25 03:00:00+00:00,2999.5
2019-06-25 04:00:00+00:00,2824.0
2019-06-25 05:00:00+00:00,2467.0
2019-06-25 06:00:00+00:00,1852.5
2019-06-25 07:00:00+00:00,1434.75
2019-06-25 08:00:00+00:00,1147.75
2019-06-25 09:00:00+00:00,1021.0
2019-06-25 10:00:00+00:00,1112.5
2019-06-25 11:00:00+00:00,1481.75
2019-06-25 12:00:00+00:00,1800.0
2019-06-25 13:00:00+00:00,1936.75
2019-06-25 14:00:00+00:00,1942.25
2019-06-25 15:00:00+00:00,1513.75
2019-06-25 16:00:00+00:00,1101.75
2019-06-25 17:00:00+00:00,968.25
2019-06-25 18:00:00+00:00,1185.5
2019-06-25 19:00:00+00:00,1462.75
2019-06-25 20:00:00+00:00,1524.0
2019-06-25 21:00:00+00:00,1328.75
2019-06-25 22:00:00+00:00,874.25
2019-06-25 23:00:00+00:00,693.75
2019-06-26 00:00:00+00:00,1261.25
2019-06-26 01:00:00+00:00,2339.25
2019-06-26 02:00:00+00:00,2820.75
2019-06-26 03:00:00+00:00,2590.5
2019-06-26 04:00:00+00:00,2493.75
2019-06-26 05:00:00+00:00,2645.75
2019-06-26 06:00:00+00:00,3334.0
2019-06-26 07:00:00+00:00,3492.0
2019-06-26 08:00:00+00:00,3683.25
2019-06-26 09:00:00+00:00,3589.25
2019-06-26 10:00:00+00:00,3343.5
2019-06-26 11:00:00+00:00,3052.0
2019-06-26 12:00:00+00:00,3457.75
2019-06-26 13:00:00+00:00,4042.0
2019-06-26 14:00:00+00:00,3897.0
2019-06-26 15:00:00+00:00,3954.25
2019-06-26 16:00:00+00:00,4142.5
2019-06-26 17:00:00+00:00,4167.5
2019-06-26 18:00:00+00:00,3999.5
2019-06-26 19:00:00+00:00,3826.75
2019-06-26 20:00:00+00:00,4033.5
2019-06-26 21:00:00+00:00,4118.5
2019-06-26 22:00:00+00:00,4185.75
2019-06-26 23:00:00+00:00,4236.0
2019-06-27 00:00:00+00:00,4307.25
2019-06-27 01:00:00+00:00,4362.0
2019-06-27 02:00:00+00:00,4366.5
2019-06-27 03:00:00+00:00,4272.75
2019-06-27 04:00:00+00:00,4197.0
2019-06-27 05:00:00+00:00,4020.5
2019-06-27 06:00:00+00:00,3773.75
2019-06-27 07:00:00+00:00,3737.75
2019-06-27 08:00:00+00:00,3740.25
2019-06-27 09:00:00+00:00,3409.25
2019-06-27 10:00:00+00:00,3588.25
2019-06-27 11:00:00+00:00,3341.5
2019-06-27 12:00:00+00:00,3151.25
2019-06-27 13:00:00+00:00,3215.25
2019-06-27 14:00:00+00:00,2994.5
2019-06-27 15:00:00+00:00,2926.0
2019-06-27 16:00:00+00:00,2838.75
2019-06-27 17:00:00+00:00,2582.75
2019-06-27 18:00:00+00:00,2296.25
2019-06-27 19:00:00+00:00,2134.25
2019-06-27 20:00:00+00:00,1847.75
2019-06-27 21:00:00+00:00,1797.5
2019-06-27 22:00:00+00:00,1683.0
2019-06-27 23:00:00+00:00,1647.75
2019-06-28 00:00:00+00:00,1620.5
2019-06-28 01:00:00+00:00,1516.0
2019-06-28 02:00:00+00:00,1320.5
2019-06-28 03:00:00+00:00,1146.5
2019-06-28 04:00:00+00:00,956.75
2019-06-28 05:00:00+00:00,770.75
2019-06-28 06:00:00+00:00,591.0
2019-06-28 07:00:00+00:00,397.0
2019-06-28 08:00:00+00:00,255.25
2019-06-28 09:00:00+00:00,244.25
2019-06-28 10:00:00+00:00,295.5
2019-06-28 11:00:00+00:00,292.75
2019-06-28 12:00:00+00:00,279.25
2019-06-28 13:00:00+00:00,246.75
2019-06-28 14:00:00+00:00,329.5
2019-06-28 15:00:00+00:00,374.0
2019-06-28 16:00:00+00:00,364.0
2019-06-28 17:00:00+00:00,376.5
2019-06-28 18:00:00+00:00,396.75
2019-06-28 19:00:00+00:00,348.5
2019-06-28 20:00:00+00:00,307.0
2019-06-28 21:00:00+00:00,244.0
2019-06-28 22:00:00+00:00,157.75
2019-06-28 23:00:00+00:00,150.75
2019-06-29 00:00:00+00:00,173.25
2019-06-29 01:00:00+00:00,164.5
2019-06-29 02:00:00+00:00,191.0
2019-06-29 03:00:00+00:00,172.5
2019-06-29 04:00:00+00:00,145.75
2019-06-29 05:00:00+00:00,236.25
2019-06-29 06:00:00+00:00,373.5
2019-06-29 07:00:00+00:00,471.75
2019-06-29 08:00:00+00:00,557.0
2019-06-29 09:00:00+00:00,620.0
2019-06-29 10:00:00+00:00,572.75
2019-06-29 11:00:00+00:00,701.75
2019-06-29 12:00:00+00:00,681.0
2019-06-29 13:00:00+00:00,677.5
2019-06-29 14:00:00+00:00,636.0
2019-06-29 15:00:00+00:00,630.75
2019-06-29 16:00:00+00:00,662.5
2019-06-29 17:00:00+00:00,589.75
2019-06-29 18:00:00+00:00,615.0
2019-06-29 19:00:00+00:00,847.25
2019-06-29 20:00:00+00:00,1108.25
2019-06-29 21:00:00+00:00,1344.75
2019-06-29 22:00:00+00:00,1564.75
2019-06-29 23:00:00+00:00,1902.25
2019-06-30 00:00:00+00:00,2235.5
2019-06-30 01:00:00+00:00,2411.25
2019-06-30 02:00:00+00:00,2883.0
2019-06-30 03:00:00+00:00,3406.0
2019-06-30 04:00:00+00:00,3710.0
2019-06-30 05:00:00+00:00,4172.75
2019-06-30 06:00:00+00:00,4318.75
2019-06-30 07:00:00+00:00,4430.25
2019-06-30 08:00:00+00:00,4365.0
2019-06-30 09:00:00+00:00,4277.0
2019-06-30 10:00:00+00:00,4122.75
2019-06-30 11:00:00+00:00,3675.75
2019-06-30 12:00:00+00:00,3331.25
2019-06-30 13:00:00+00:00,2943.75
2019-06-30 14:00:00+00:00,2645.25
2019-06-30 15:00:00+00:00,2752.25
2019-06-30 16:00:00+00:00,3182.25
2019-06-30 17:00:00+00:00,3369.5
2019-06-30 18:00:00+00:00,3507.0
2019-06-30 19:00:00+00:00,3624.0
2019-06-30 20:00:00+00:00,3622.75
2019-06-30 21:00:00+00:00,3848.25
2019-06-30 22:00:00+00:00,4144.25
2019-06-30 23:00:00+00:00,4240.0
2019-07-01 00:00:00+00:00,4473.75
2019-07-01 01:00:00+00:00,4221.25
2019-07-01 02:00:00+00:00,3554.0
2019-07-01 03:00:00+00:00,3168.0
2019-07-01 04:00:00+00:00,3185.75
2019-07-01 05:00:00+00:00,3448.5
2019-07-01 06:00:00+00:00,3549.25
2019-07-01 07:00:00+00:00,4024.5
2019-07-01 08:00:00+00:00,4399.25
2019-07-01 09:00:00+00:00,4784.0
2019-07-01 10:00:00+00:00,4847.75
2019-07-01 11:00:00+00:00,4718.75
2019-07-01 12:00:00+00:00,4562.75
2019-07-01 13:00:00+00:00,4671.0
2019-07-01 14:00:00+00:00,4636.75
2019-07-01 15:00:00+00:00,4553.25
2019-07-01 16:00:00+00:00,4568.75
2019-07-01 17:00:00+00:00,4628.0
2019-07-01 18:00:00+00:00,4646.0
2019-07-01 19:00:00+00:00,4625.5
2019-07-01 20:00:00+00:00,4459.0
2019-07-01 21:00:00+00:00,4669.25
2019-07-01 22:00:00+00:00,4960.5
2019-07-01 23:00:00+00:00,5087.75
2019-07-02 00:00:00+00:00,5321.5
2019-07-02 01:00:00+00:00,5420.5
2019-07-02 02:00:00+00:00,5510.0
2019-07-02 03:00:00+00:00,5534.5
2019-07-02 04:00:00+00:00,5585.0
2019-07-02 05:00:00+00:00,5498.25
2019-07-02 06:00:00+00:00,5177.25
2019-07-02 07:00:00+00:00,4838.25
2019-07-02 08:00:00+00:00,4706.5
2019-07-02 09:00:00+00:00,4139.0
2019-07-02 10:00:00+00:00,3692.75
2019-07-02 11:00:00+00:00,3411.0
2019-07-02 12:00:00+00:00,3184.75
2019-07-02 13:00:00+00:00,3067.25
2019-07-02 14:00:00+00:00,3002.0
2019-07-02 15:00:00+00:00,2859.25
2019-07-02 16:00:00+00:00,2679.0
2019-07-02 17:00:00+00:00,2361.5
2019-07-02 18:00:00+00:00,2099.5
2019-07-02 19:00:00+00:00,2102.75
2019-07-02 20:00:00+00:00,2200.75
2019-07-02 21:00:00+00:00,2471.0
2019-07-02 22:00:00+00:00,3033.0
2019-07-02 23:00:00+00:00,3776.75
2019-07-03 00:00:00+00:00,4115.25
2019-07-03 01:00:00+00:00,4003.0
2019-07-03 02:00:00+00:00,3693.75
2019-07-03 03:00:00+00:00,3701.25
2019-07-03 04:00:00+00:00,3745.0
2019-07-03 05:00:00+00:00,3651.0
2019-07-03 06:00:00+00:00,3931.5
2019-07-03 07:00:00+00:00,4025.25
2019-07-03 08:00:00+00:00,4179.75
2019-07-03 09:00:00+00:00,4185.25
2019-07-03 10:00:00+00:00,3888.0
2019-07-03 11:00:00+00:00,3409.0
2019-07-03 12:00:00+00:00,3377.75
2019-07-03 13:00:00+00:00,3369.5
2019-07-03 14:00:00+00:00,3160.75
2019-07-03 15:00:00+00:00,2927.5
2019-07-03 16:00:00+00:00,2990.0
2019-07-03 17:00:00+00:00,2835.75
2019-07-03 18:00:00+00:00,2966.75
2019-07-03 19:00:00+00:00,2787.25
2019-07-03 20:00:00+00:00,2514.25
2019-07-03 21:00:00+00:00,2470.75
2019-07-03 22:00:00+00:00,2501.75
2019-07-03 23:00:00+00:00,2464.75
2019-07-04 00:00:00+00:00,2477.0
2019-07-04 01:00:00+00:00,2572.5
2019-07-04 02:00:00+00:00,2699.0
2019-07-04 03:00:00+00:00,3148.75
2019-07-04 04:00:00+00:00,3789.75
2019-07-04 05:00:00+00:00,4318.25
2019-07-04 06:00:00+00:00,4452.0
2019-07-04 07:00:00+00:00,4410.75
2019-07-04 08:00:00+00:00,4221.75
2019-07-04 09:00:00+00:00,4290.25
2019-07-04 10:00:00+00:00,4474.0
2019-07-04 11:00:00+00:00,4871.0
2019-07-04 12:00:00+00:00,5186.0
2019-07-04 13:00:00+00:00,5351.25
2019-07-04 14:00:00+00:00,5281.75
2019-07-04 15:00:00+00:00,5292.5
2019-07-04 16:00:00+00:00,5258.5
2019-07-04 17:00:00+00:00,5244.25
2019-07-04 18:00:00+00:00,5213.75
2019-07-04 19:00:00+00:00,5127.0
2019-07-04 20:00:00+00:00,5156.0
2019-07-04 21:00:00+00:00,4935.25
2019-07-04 22:00:00+00:00,4750.25
2019-07-04 23:00:00+00:00,4634.0
2019-07-05 00:00:00+00:00,4650.25
2019-07-05 01:00:00+00:00,4474.75
2019-07-05 02:00:00+00:00,4301.0
2019-07-05 03:00:00+00:00,3927.0
2019-07-05 04:00:00+00:00,3680.5
2019-07-05 05:00:00+00:00,3727.75
2019-07-05 06:00:00+00:00,3396.25
2019-07-05 07:00:00+00:00,2837.75
2019-07-05 08:00:00+00:00,2590.0
2019-07-05 09:00:00+00:00,2366.5
2019-07-05 10:00:00+00:00,2549.25
2019-07-05 11:00:00+00:00,2544.75
2019-07-05 12:00:00+00:00,2479.5
2019-07-05 13:00:00+00:00,2278.75
2019-07-05 14:00:00+00:00,2071.0
2019-07-05 15:00:00+00:00,1729.5
2019-07-05 16:00:00+00:00,1514.75
2019-07-05 17:00:00+00:00,1416.25
2019-07-05 18:00:00+00:00,1308.0
2019-07-05 19:00:00+00:00,1228.75
2019-07-05 20:00:00+00:00,1154.75
2019-07-05 21:00:00+00:00,1311.25
2019-07-05 22:00:00+00:00,1565.5
2019-07-05 23:00:00+00:00,1428.25
2019-07-06 00:00:00+00:00,1423.5
2019-07-06 01:00:00+00:00,1543.25
2019-07-06 02:00:00+00:00,2315.5
2019-07-06 03:00:00+00:00,3003.25
2019-07-06 04:00:00+00:00,3258.5
2019-07-06 05:00:00+00:00,3200.5
2019-07-06 06:00:00+00:00,3302.25
2019-07-06 07:00:00+00:00,3287.75
2019-07-06 08:00:00+00:00,3720.25
2019-07-06 09:00:00+00:00,3490.25
2019-07-06 10:00:00+00:00,3269.75
2019-07-06 11:00:00+00:00,3938.75
2019-07-06 12:00:00+00:00,4606.0
2019-07-06 13:00:00+00:00,5135.25
2019-07-06 14:00:00+00:00,5392.25
2019-07-06 15:00:00+00:00,5438.25
2019-07-06 16:00:00+00:00,5491.75
2019-07-06 17:00:00+00:00,5486.25
2019-07-06 18:00:00+00:00,5422.0
2019-07-06 19:00:00+00:00,5315.5
2019-07-06 20:00:00+00:00,5319.75
2019-07-06 21:00:00+00:00,5271.25
2019-07-06 22:00:00+00:00,5251.5
2019-07-06 23:00:00+00:00,5269.75
2019-07-07 00:00:00+00:00,5217.25
2019-07-07 01:00:00+00:00,5216.0
2019-07-07 02:00:00+00:00,5081.25
2019-07-07 03:00:00+00:00,5007.75
2019-07-07 04:00:00+00:00,4979.75
2019-07-07 05:00:00+00:00,4928.25
2019-07-07 06:00:00+00:00,4807.75
2019-07-07 07:00:00+00:00,4330.25
2019-07-07 08:00:00+00:00,3733.0
2019-07-07 09:00:00+00:00,3806.0
2019-07-07 10:00:00+00:00,4176.75
2019-07-07 11:00:00+00:00,4251.25
2019-07-07 12:00:00+00:00,4452.75
2019-07-07 13:00:00+00:00,4388.75
2019-07-07 14:00:00+00:00,4317.75
2019-07-07 15:00:00+00:00,4057.75
2019-07-07 16:00:00+00:00,3803.25
2019-07-07 17:00:00+00:00,3693.5
2019-07-07 18:00:00+00:00,3474.0
2019-07-07 19:00:00+00:00,3310.0
2019-07-07 20:00:00+00:00,3012.75
2019-07-07 21:00:00+00:00,2768.0
2019-07-07 22:00:00+00:00,2960.0
2019-07-07 23:00:00+00:00,3219.75
2019-07-08 00:00:00+00:00,2952.0
2019-07-08 01:00:00+00:00,2705.25
2019-07-08 02:00:00+00:00,2742.75
2019-07-08 03:00:00+00:00,2571.75
2019-07-08 04:00:00+00:00,2583.25
2019-07-08 05:00:00+00:00,2586.75
2019-07-08 06:00:00+00:00,2311.0
2019-07-08 07:00:00+00:00,2204.75
2019-07-08 08:00:00+00:00,2055.0
2019-07-08 09:00:00+00:00,2045.25
2019-07-08 10:00:00+00:00,2090.25
2019-07-08 11:00:00+00:00,2133.75
2019-07-08 12:00:00+00:00,2101.75
2019-07-08 13:00:00+00:00,2070.0
2019-07-08 14:00:00+00:00,2334.0
2019-07-08 15:00:00+00:00,2120.75
2019-07-08 16:00:00+00:00,2533.5
2019-07-08 17:00:00+00:00,2592.0
2019-07-08 18:00:00+00:00,2725.25
2019-07-08 19:00:00+00:00,2916.5
2019-07-08 20:00:00+00:00,3193.5
2019-07-08 21:00:00+00:00,3422.75
2019-07-08 22:00:00+00:00,3601.75
2019-07-08 23:00:00+00:00,3472.25
2019-07-09 00:00:00+00:00,3437.5
2019-07-09 01:00:00+00:00,3393.75
2019-07-09 02:00:00+00:00,2840.75
2019-07-09 03:00:00+00:00,2969.75
2019-07-09 04:00:00+00:00,2957.75
2019-07-09 05:00:00+00:00,3198.75
2019-07-09 06:00:00+00:00,3361.25
2019-07-09 07:00:00+00:00,3210.75
2019-07-09 08:00:00+00:00,3062.0
2019-07-09 09:00:00+00:00,2980.0
2019-07-09 10:00:00+00:00,2773.25
2019-07-09 11:00:00+00:00,2599.0
2019-07-09 12:00:00+00:00,2604.25
2019-07-09 13:00:00+00:00,2731.0
2019-07-09 14:00:00+00:00,2914.75
2019-07-09 15:00:00+00:00,2805.75
2019-07-09 16:00:00+00:00,2502.5
2019-07-09 17:00:00+00:00,2229.75
2019-07-09 18:00:00+00:00,1993.5
2019-07-09 19:00:00+00:00,1672.0
2019-07-09 20:00:00+00:00,1280.5
2019-07-09 21:00:00+00:00,1248.0
2019-07-09 22:00:00+00:00,1063.75
2019-07-09 23:00:00+00:00,873.75
2019-07-10 00:00:00+00:00,722.25
2019-07-10 01:00:00+00:00,692.5
2019-07-10 02:00:00+00:00,618.25
2019-07-10 03:00:00+00:00,514.0
2019-07-10 04:00:00+00:00,387.0
2019-07-10 05:00:00+00:00,305.75
2019-07-10 06:00:00+00:00,315.25
2019-07-10 07:00:00+00:00,391.25
2019-07-10 08:00:00+00:00,522.0
2019-07-10 09:00:00+00:00,812.25
2019-07-10 10:00:00+00:00,1142.0
2019-07-10 11:00:00+00:00,1527.0
2019-07-10 12:00:00+00:00,1725.25
2019-07-10 13:00:00+00:00,1960.75
2019-07-10 14:00:00+00:00,2353.25
2019-07-10 15:00:00+00:00,2534.0
2019-07-10 16:00:00+00:00,2523.25
2019-07-10 17:00:00+00:00,2404.25
2019-07-10 18:00:00+00:00,2009.25
2019-07-10 19:00:00+00:00,1432.75
2019-07-10 20:00:00+00:00,966.0
2019-07-10 21:00:00+00:00,769.5
2019-07-10 22:00:00+00:00,804.0
2019-07-10 23:00:00+00:00,740.0
2019-07-11 00:00:00+00:00,707.0
2019-07-11 01:00:00+00:00,646.5
2019-07-11 02:00:00+00:00,606.25
2019-07-11 03:00:00+00:00,467.0
2019-07-11 04:00:00+00:00,309.75
2019-07-11 05:00:00+00:00,264.75
2019-07-11 06:00:00+00:00,257.25
2019-07-11 07:00:00+00:00,300.75
2019-07-11 08:00:00+00:00,307.0
2019-07-11 09:00:00+00:00,414.25
2019-07-11 10:00:00+00:00,493.75
2019-07-11 11:00:00+00:00,647.75
2019-07-11 12:00:00+00:00,725.75
2019-07-11 13:00:00+00:00,634.0
2019-07-11 14:00:00+00:00,556.75
2019-07-11 15:00:00+00:00,469.5
2019-07-11 16:00:00+00:00,189.0
2019-07-11 17:00:00+00:00,89.5
2019-07-11 18:00:00+00:00,34.25
2019-07-11 19:00:00+00:00,37.0
2019-07-11 20:00:00+00:00,23.75
2019-07-11 21:00:00+00:00,47.5
2019-07-11 22:00:00+00:00,96.75
2019-07-11 23:00:00+00:00,168.75
2019-07-12 00:00:00+00:00,178.75
2019-07-12 01:00:00+00:00,198.0
2019-07-12 02:00:00+00:00,245.0
2019-07-12 03:00:00+00:00,266.0
2019-07-12 04:00:00+00:00,249.0
2019-07-12 05:00:00+00:00,207.25
2019-07-12 06:00:00+00:00,159.5
2019-07-12 07:00:00+00:00,128.25
2019-07-12 08:00:00+00:00,112.0
2019-07-12 09:00:00+00:00,84.5
2019-07-12 10:00:00+00:00,77.5
2019-07-12 11:00:00+00:00,101.0
2019-07-12 12:00:00+00:00,155.0
2019-07-12 13:00:00+00:00,318.25
2019-07-12 14:00:00+00:00,548.5
2019-07-12 15:00:00+00:00,700.75
2019-07-12 16:00:00+00:00,796.0
2019-07-12 17:00:00+00:00,788.75
2019-07-12 18:00:00+00:00,698.5
2019-07-12 19:00:00+00:00,642.25
2019-07-12 20:00:00+00:00,779.25
2019-07-12 21:00:00+00:00,936.5
2019-07-12 22:00:00+00:00,1231.75
2019-07-12 23:00:00+00:00,1309.75
2019-07-13 00:00:00+00:00,1461.75
2019-07-13 01:00:00+00:00,1510.0
2019-07-13 02:00:00+00:00,1708.0
2019-07-13 03:00:00+00:00,2002.75
2019-07-13 04:00:00+00:00,2024.0
2019-07-13 05:00:00+00:00,1967.75
2019-07-13 06:00:00+00:00,1724.25
2019-07-13 07:00:00+00:00,1650.25
2019-07-13 08:00:00+00:00,1527.5
2019-07-13 09:00:00+00:00,1411.25
2019-07-13 10:00:00+00:00,1132.0
2019-07-13 11:00:00+00:00,818.5
2019-07-13 12:00:00+00:00,797.75
2019-07-13 13:00:00+00:00,1084.5
2019-07-13 14:00:00+00:00,1370.25
2019-07-13 15:00:00+00:00,1691.75
2019-07-13 16:00:00+00:00,1912.5
2019-07-13 17:00:00+00:00,2233.0
2019-07-13 18:00:00+00:00,2408.0
2019-07-13 19:00:00+00:00,2193.5
2019-07-13 20:00:00+00:00,2083.5
2019-07-13 21:00:00+00:00,2125.0
2019-07-13 22:00:00+00:00,2111.0
2019-07-13 23:00:00+00:00,2116.0
2019-07-14 00:00:00+00:00,2223.25
2019-07-14 01:00:00+00:00,2206.25
2019-07-14 02:00:00+00:00,2223.5
2019-07-14 03:00:00+00:00,2217.0
2019-07-14 04:00:00+00:00,2144.0
2019-07-14 05:00:00+00:00,2051.5
2019-07-14 06:00:00+00:00,1889.5
2019-07-14 07:00:00+00:00,1840.0
2019-07-14 08:00:00+00:00,1619.5
2019-07-14 09:00:00+00:00,1429.75
2019-07-14 10:00:00+00:00,1336.0
2019-07-14 11:00:00+00:00,1243.0
2019-07-14 12:00:00+00:00,1329.0
2019-07-14 13:00:00+00:00,1441.5
2019-07-14 14:00:00+00:00,1497.75
2019-07-14 15:00:00+00:00,1717.5
2019-07-14 16:00:00+00:00,1963.5
2019-07-14 17:00:00+00:00,2164.25
2019-07-14 18:00:00+00:00,2285.75
2019-07-14 19:00:00+00:00,2203.75
2019-07-14 20:00:00+00:00,2148.75
2019-07-14 21:00:00+00:00,1996.0
2019-07-14 22:00:00+00:00,1715.25
2019-07-14 23:00:00+00:00,1592.0
2019-07-15 00:00:00+00:00,1526.25
2019-07-15 01:00:00+00:00,1737.75
2019-07-15 02:00:00+00:00,1995.75
2019-07-15 03:00:00+00:00,2027.0
2019-07-15 04:00:00+00:00,2146.5
2019-07-15 05:00:00+00:00,2200.75
2019-07-15 06:00:00+00:00,2357.25
2019-07-15 07:00:00+00:00,2406.5
2019-07-15 08:00:00+00:00,2416.0
2019-07-15 09:00:00+00:00,2342.75
2019-07-15 10:00:00+00:00,2159.5
2019-07-15 11:00:00+00:00,2167.75
2019-07-15 12:00:00+00:00,2243.0
2019-07-15 13:00:00+00:00,2403.25
2019-07-15 14:00:00+00:00,2654.5
2019-07-15 15:00:00+00:00,2615.75
2019-07-15 16:00:00+00:00,2683.25
2019-07-15 17:00:00+00:00,2854.75
2019-07-15 18:00:00+00:00,3149.5
2019-07-15 19:00:00+00:00,3134.75
2019-07-15 20:00:00+00:00,3401.25
2019-07-15 21:00:00+00:00,2990.0
2019-07-15 22:00:00+00:00,2727.5
2019-07-15 23:00:00+00:00,2845.5
2019-07-16 00:00:00+00:00,2965.25
2019-07-16 01:00:00+00:00,3126.75
2019-07-16 02:00:00+00:00,3153.25
2019-07-16 03:00:00+00:00,3187.5
2019-07-16 04:00:00+00:00,2869.75
2019-07-16 05:00:00+00:00,2712.5
2019-07-16 06:00:00+00:00,2906.25
2019-07-16 07:00:00+00:00,2841.75
2019-07-16 08:00:00+00:00,2558.75
2019-07-16 09:00:00+00:00,2235.25
2019-07-16 10:00:00+00:00,2050.5
2019-07-16 11:00:00+00:00,2059.0
2019-07-16 12:00:00+00:00,1856.5
2019-07-16 13:00:00+00:00,1609.25
2019-07-16 14:00:00+00:00,1486.75
2019-07-16 15:00:00+00:00,1492.25
2019-07-16 16:00:00+00:00,1410.25
2019-07-16 17:00:00+00:00,1452.25
2019-07-16 18:00:00+00:00,1342.25
2019-07-16 19:00:00+00:00,1317.75
2019-07-16 20:00:00+00:00,1228.25
2019-07-16 21:00:00+00:00,1171.25
2019-07-16 22:00:00+00:00,993.5
2019-07-16 23:00:00+00:00,662.25
2019-07-17 00:00:00+00:00,510.75
2019-07-17 01:00:00+00:00,429.5
2019-07-17 02:00:00+00:00,294.5
2019-07-17 03:00:00+00:00,169.5
2019-07-17 04:00:00+00:00,94.75
2019-07-17 05:00:00+00:00,57.75
2019-07-17 06:00:00+00:00,46.25
2019-07-17 07:00:00+00:00,18.75
2019-07-17 08:00:00+00:00,15.0
2019-07-17 09:00:00+00:00,9.0
2019-07-17 10:00:00+00:00,2.75
2019-07-17 11:00:00+00:00,2.25
2019-07-17 12:00:00+00:00,13.75
2019-07-17 13:00:00+00:00,51.25
2019-07-17 14:00:00+00:00,73.75
2019-07-17 15:00:00+00:00,84.25
2019-07-17 16:00:00+00:00,75.25
2019-07-17 17:00:00+00:00,60.75
2019-07-17 18:00:00+00:00,42.0
2019-07-17 19:00:00+00:00,53.25
2019-07-17 20:00:00+00:00,89.25
2019-07-17 21:00:00+00:00,161.0
2019-07-17 22:00:00+00:00,253.75
2019-07-17 23:00:00+00:00,330.75
2019-07-18 00:00:00+00:00,451.75
2019-07-18 01:00:00+00:00,582.0
2019-07-18 02:00:00+00:00,785.0
2019-07-18 03:00:00+00:00,1075.0
2019-07-18 04:00:00+00:00,1302.25
2019-07-18 05:00:00+00:00,1223.5
2019-07-18 06:00:00+00:00,1158.5
2019-07-18 07:00:00+00:00,1131.25
2019-07-18 08:00:00+00:00,1179.25
2019-07-18 09:00:00+00:00,1274.25
2019-07-18 10:00:00+00:00,1440.5
2019-07-18 11:00:00+00:00,1540.25
2019-07-18 12:00:00+00:00,1339.0
2019-07-18 13:00:00+00:00,1162.25
2019-07-18 14:00:00+00:00,1066.5
2019-07-18 15:00:00+00:00,1125.5
2019-07-18 16:00:00+00:00,1170.5
2019-07-18 17:00:00+00:00,824.5
2019-07-18 18:00:00+00:00,469.25
2019-07-18 19:00:00+00:00,399.25
2019-07-18 20:00:00+00:00,370.0
2019-07-18 21:00:00+00:00,478.25
2019-07-18 22:00:00+00:00,465.25
2019-07-18 23:00:00+00:00,394.25
2019-07-19 00:00:00+00:00,339.25
2019-07-19 01:00:00+00:00,420.0
2019-07-19 02:00:00+00:00,494.5
2019-07-19 03:00:00+00:00,432.75
2019-07-19 04:00:00+00:00,372.25
2019-07-19 05:00:00+00:00,301.25
2019-07-19 06:00:00+00:00,270.5
2019-07-19 07:00:00+00:00,222.75
2019-07-19 08:00:00+00:00,207.25
2019-07-19 09:00:00+00:00,258.0
2019-07-19 10:00:00+00:00,367.25
2019-07-19 11:00:00+00:00,455.0
2019-07-19 12:00:00+00:00,414.25
2019-07-19 13:00:00+00:00,416.0
2019-07-19 14:00:00+00:00,310.75
2019-07-19 15:00:00+00:00,215.5
2019-07-19 16:00:00+00:00,201.25
2019-07-19 17:00:00+00:00,278.0
2019-07-19 18:00:00+00:00,517.75
2019-07-19 19:00:00+00:00,822.25
2019-07-19 20:00:00+00:00,1191.25
2019-07-19 21:00:00+00:00,1757.5
2019-07-19 22:00:00+00:00,1885.0
2019-07-19 23:00:00+00:00,2140.0
2019-07-20 00:00:00+00:00,2563.5
2019-07-20 01:00:00+00:00,2564.0
2019-07-20 02:00:00+00:00,2633.75
2019-07-20 03:00:00+00:00,3281.25
2019-07-20 04:00:00+00:00,3490.5
2019-07-20 05:00:00+00:00,3825.25
2019-07-20 06:00:00+00:00,3861.75
2019-07-20 07:00:00+00:00,3449.25
2019-07-20 08:00:00+00:00,3213.5
2019-07-20 09:00:00+00:00,2892.5
2019-07-20 10:00:00+00:00,3267.5
2019-07-20 11:00:00+00:00,3300.0
2019-07-20 12:00:00+00:00,2918.0
2019-07-20 13:00:00+00:00,2732.75
2019-07-20 14:00:00+00:00,2304.25
2019-07-20 15:00:00+00:00,2051.0
2019-07-20 16:00:00+00:00,1870.0
2019-07-20 17:00:00+00:00,2108.5
2019-07-20 18:00:00+00:00,2374.75
2019-07-20 19:00:00+00:00,2184.25
2019-07-20 20:00:00+00:00,2264.5
2019-07-20 21:00:00+00:00,2634.25
2019-07-20 22:00:00+00:00,2878.75
2019-07-20 23:00:00+00:00,2995.75
2019-07-21 00:00:00+00:00,3284.0
2019-07-21 01:00:00+00:00,3364.75
2019-07-21 02:00:00+00:00,3467.5
2019-07-21 03:00:00+00:00,3492.5
2019-07-21 04:00:00+00:00,3502.5
2019-07-21 05:00:00+00:00,3304.25
2019-07-21 06:00:00+00:00,3366.5
2019-07-21 07:00:00+00:00,3297.25
2019-07-21 08:00:00+00:00,3205.0
2019-07-21 09:00:00+00:00,3502.25
2019-07-21 10:00:00+00:00,3302.0
2019-07-21 11:00:00+00:00,2953.25
2019-07-21 12:00:00+00:00,2632.25
2019-07-21 13:00:00+00:00,2291.0
2019-07-21 14:00:00+00:00,2018.5
2019-07-21 15:00:00+00:00,1895.25
2019-07-21 16:00:00+00:00,1703.25
2019-07-21 17:00:00+00:00,1782.75
2019-07-21 18:00:00+00:00,1749.5
2019-07-21 19:00:00+00:00,1382.75
2019-07-21 20:00:00+00:00,1141.25
2019-07-21 21:00:00+00:00,1159.5
2019-07-21 22:00:00+00:00,1180.0
2019-07-21 23:00:00+00:00,1073.5
2019-07-22 00:00:00+00:00,1103.25
2019-07-22 01:00:00+00:00,1355.75
2019-07-22 02:00:00+00:00,1764.5
2019-07-22 03:00:00+00:00,2270.25
2019-07-22 04:00:00+00:00,2937.0
2019-07-22 05:00:00+00:00,3520.5
2019-07-22 06:00:00+00:00,3704.25
2019-07-22 07:00:00+00:00,3712.5
2019-07-22 08:00:00+00:00,3780.25
2019-07-22 09:00:00+00:00,3948.5
2019-07-22 10:00:00+00:00,4169.75
2019-07-22 11:00:00+00:00,4513.5
2019-07-22 12:00:00+00:00,4530.5
2019-07-22 13:00:00+00:00,4644.5
2019-07-22 14:00:00+00:00,4666.0
2019-07-22 15:00:00+00:00,4568.5
2019-07-22 16:00:00+00:00,3959.0
2019-07-22 17:00:00+00:00,3828.5
2019-07-22 18:00:00+00:00,3618.5
2019-07-22 19:00:00+00:00,3294.75
2019-07-22 20:00:00+00:00,3052.25
2019-07-22 21:00:00+00:00,2473.25
2019-07-22 22:00:00+00:00,2125.5
2019-07-22 23:00:00+00:00,1710.75
2019-07-23 00:00:00+00:00,1515.75
2019-07-23 01:00:00+00:00,1288.0
2019-07-23 02:00:00+00:00,1037.25
2019-07-23 03:00:00+00:00,841.5
2019-07-23 04:00:00+00:00,616.0
2019-07-23 05:00:00+00:00,461.0
2019-07-23 06:00:00+00:00,388.25
2019-07-23 07:00:00+00:00,306.5
2019-07-23 08:00:00+00:00,281.0
2019-07-23 09:00:00+00:00,207.0
2019-07-23 10:00:00+00:00,172.0
2019-07-23 11:00:00+00:00,216.25
2019-07-23 12:00:00+00:00,271.75
2019-07-23 13:00:00+00:00,277.0
2019-07-23 14:00:00+00:00,282.5
2019-07-23 15:00:00+00:00,283.0
2019-07-23 16:00:00+00:00,324.0
2019-07-23 17:00:00+00:00,246.25
2019-07-23 18:00:00+00:00,133.25
2019-07-23 19:00:00+00:00,147.0
2019-07-23 20:00:00+00:00,189.0
2019-07-23 21:00:00+00:00,334.75
2019-07-23 22:00:00+00:00,501.0
2019-07-23 23:00:00+00:00,731.0
2019-07-24 00:00:00+00:00,1009.25
2019-07-24 01:00:00+00:00,1598.0
2019-07-24 02:00:00+00:00,2180.5
2019-07-24 03:00:00+00:00,2295.0
2019-07-24 04:00:00+00:00,2201.25
2019-07-24 05:00:00+00:00,1921.75
2019-07-24 06:00:00+00:00,1758.25
2019-07-24 07:00:00+00:00,1587.75
2019-07-24 08:00:00+00:00,1163.0
2019-07-24 09:00:00+00:00,1087.25
2019-07-24 10:00:00+00:00,1372.25
2019-07-24 11:00:00+00:00,1935.75
2019-07-24 12:00:00+00:00,2500.5
2019-07-24 13:00:00+00:00,2627.25
2019-07-24 14:00:00+00:00,2455.0
2019-07-24 15:00:00+00:00,2413.0
2019-07-24 16:00:00+00:00,2357.5
2019-07-24 17:00:00+00:00,2318.25
2019-07-24 18:00:00+00:00,2273.5
2019-07-24 19:00:00+00:00,2168.25
2019-07-24 20:00:00+00:00,1899.5
2019-07-24 21:00:00+00:00,1800.75
2019-07-24 22:00:00+00:00,1554.25
2019-07-24 23:00:00+00:00,1245.75
2019-07-25 00:00:00+00:00,1130.0
2019-07-25 01:00:00+00:00,996.5
2019-07-25 02:00:00+00:00,894.0
2019-07-25 03:00:00+00:00,738.0
2019-07-25 04:00:00+00:00,603.75
2019-07-25 05:00:00+00:00,478.25
2019-07-25 06:00:00+00:00,355.25
2019-07-25 07:00:00+00:00,268.75
2019-07-25 08:00:00+00:00,249.0
2019-07-25 09:00:00+00:00,250.75
2019-07-25 10:00:00+00:00,281.0
2019-07-25 11:00:00+00:00,352.25
2019-07-25 12:00:00+00:00,461.5
2019-07-25 13:00:00+00:00,455.25
2019-07-25 14:00:00+00:00,466.75
2019-07-25 15:00:00+00:00,710.75
2019-07-25 16:00:00+00:00,1158.5
2019-07-25 17:00:00+00:00,1750.5
2019-07-25 18:00:00+00:00,2579.5
2019-07-25 19:00:00+00:00,3371.5
2019-07-25 20:00:00+00:00,3718.75
2019-07-25 21:00:00+00:00,3795.25
2019-07-25 22:00:00+00:00,3753.75
2019-07-25 23:00:00+00:00,3705.75
2019-07-26 00:00:00+00:00,3677.0
2019-07-26 01:00:00+00:00,3649.75
2019-07-26 02:00:00+00:00,3614.75
2019-07-26 03:00:00+00:00,2994.75
2019-07-26 04:00:00+00:00,2175.75
2019-07-26 05:00:00+00:00,2296.25
2019-07-26 06:00:00+00:00,3039.25
2019-07-26 07:00:00+00:00,3329.75
2019-07-26 08:00:00+00:00,3641.25
2019-07-26 09:00:00+00:00,3738.0
2019-07-26 10:00:00+00:00,3836.5
2019-07-26 11:00:00+00:00,3826.25
2019-07-26 12:00:00+00:00,3908.0
2019-07-26 13:00:00+00:00,4018.0
2019-07-26 14:00:00+00:00,4267.5
2019-07-26 15:00:00+00:00,4511.75
2019-07-26 16:00:00+00:00,4457.75
2019-07-26 17:00:00+00:00,4536.25
2019-07-26 18:00:00+00:00,4547.75
2019-07-26 19:00:00+00:00,4605.0
2019-07-26 20:00:00+00:00,4683.25
2019-07-26 21:00:00+00:00,4574.5
2019-07-26 22:00:00+00:00,4601.75
2019-07-26 23:00:00+00:00,4557.5
2019-07-27 00:00:00+00:00,4429.5
2019-07-27 01:00:00+00:00,4472.25
2019-07-27 02:00:00+00:00,4492.75
2019-07-27 03:00:00+00:00,4379.75
2019-07-27 04:00:00+00:00,4436.25
2019-07-27 05:00:00+00:00,4445.25
2019-07-27 06:00:00+00:00,4468.25
2019-07-27 07:00:00+00:00,4472.25
2019-07-27 08:00:00+00:00,4484.25
2019-07-27 09:00:00+00:00,4694.0
2019-07-27 10:00:00+00:00,4849.0
2019-07-27 11:00:00+00:00,4670.5
2019-07-27 12:00:00+00:00,4725.75
2019-07-27 13:00:00+00:00,4701.0
2019-07-27 14:00:00+00:00,4732.75
2019-07-27 15:00:00+00:00,4769.5
2019-07-27 16:00:00+00:00,4770.25
2019-07-27 17:00:00+00:00,4773.75
2019-07-27 18:00:00+00:00,4758.5
2019-07-27 19:00:00+00:00,4846.0
2019-07-27 20:00:00+00:00,4930.5
2019-07-27 21:00:00+00:00,5005.5
2019-07-27 22:00:00+00:00,4938.0
2019-07-27 23:00:00+00:00,4707.75
2019-07-28 00:00:00+00:00,4570.75
2019-07-28 01:00:00+00:00,4492.75
2019-07-28 02:00:00+00:00,4435.5
2019-07-28 03:00:00+00:00,4354.0
2019-07-28 04:00:00+00:00,4410.0
2019-07-28 05:00:00+00:00,3914.75
2019-07-28 06:00:00+00:00,3548.75
2019-07-28 07:00:00+00:00,3249.5
2019-07-28 08:00:00+00:00,3085.75
2019-07-28 09:00:00+00:00,3131.0
2019-07-28 10:00:00+00:00,3155.5
2019-07-28 11:00:00+00:00,2812.0
2019-07-28 12:00:00+00:00,2542.0
2019-07-28 13:00:00+00:00,2325.0
2019-07-28 14:00:00+00:00,1867.75
2019-07-28 15:00:00+00:00,1642.0
2019-07-28 16:00:00+00:00,1541.0
2019-07-28 17:00:00+00:00,1440.0
2019-07-28 18:00:00+00:00,1536.25
2019-07-28 19:00:00+00:00,1538.75
2019-07-28 20:00:00+00:00,1382.5
2019-07-28 21:00:00+00:00,1140.5
2019-07-28 22:00:00+00:00,803.0
2019-07-28 23:00:00+00:00,764.0
2019-07-29 00:00:00+00:00,848.25
2019-07-29 01:00:00+00:00,998.0
2019-07-29 02:00:00+00:00,928.25
2019-07-29 03:00:00+00:00,761.25
2019-07-29 04:00:00+00:00,625.5
2019-07-29 05:00:00+00:00,687.0
2019-07-29 06:00:00+00:00,731.25
2019-07-29 07:00:00+00:00,556.0
2019-07-29 08:00:00+00:00,491.5
2019-07-29 09:00:00+00:00,428.5
2019-07-29 10:00:00+00:00,311.25
2019-07-29 11:00:00+00:00,249.75
2019-07-29 12:00:00+00:00,277.75
2019-07-29 13:00:00+00:00,265.75
2019-07-29 14:00:00+00:00,173.25
2019-07-29 15:00:00+00:00,172.0
2019-07-29 16:00:00+00:00,162.25
2019-07-29 17:00:00+00:00,147.5
2019-07-29 18:00:00+00:00,147.25
2019-07-29 19:00:00+00:00,141.0
2019-07-29 20:00:00+00:00,69.25
2019-07-29 21:00:00+00:00,25.25
2019-07-29 22:00:00+00:00,3.75
2019-07-29 23:00:00+00:00,6.5
2019-07-30 00:00:00+00:00,29.75
2019-07-30 01:00:00+00:00,51.0
2019-07-30 02:00:00+00:00,41.75
2019-07-30 03:00:00+00:00,70.75
2019-07-30 04:00:00+00:00,92.25
2019-07-30 05:00:00+00:00,60.75
2019-07-30 06:00:00+00:00,25.5
2019-07-30 07:00:00+00:00,34.0
2019-07-30 08:00:00+00:00,30.0
2019-07-30 09:00:00+00:00,33.5
2019-07-30 10:00:00+00:00,83.25
2019-07-30 11:00:00+00:00,260.5
2019-07-30 12:00:00+00:00,603.75
2019-07-30 13:00:00+00:00,858.25
2019-07-30 14:00:00+00:00,1033.0
2019-07-30 15:00:00+00:00,1072.5
2019-07-30 16:00:00+00:00,1208.0
2019-07-30 17:00:00+00:00,1343.5
2019-07-30 18:00:00+00:00,1396.5
2019-07-30 19:00:00+00:00,1265.75
2019-07-30 20:00:00+00:00,1126.5
2019-07-30 21:00:00+00:00,994.0
2019-07-30 22:00:00+00:00,1001.0
2019-07-30 23:00:00+00:00,943.0
2019-07-31 00:00:00+00:00,991.75
2019-07-31 01:00:00+00:00,1035.75
2019-07-31 02:00:00+00:00,1389.0
2019-07-31 03:00:00+00:00,1758.5
2019-07-31 04:00:00+00:00,1780.25
2019-07-31 05:00:00+00:00,2053.0
2019-07-31 06:00:00+00:00,2172.5
2019-07-31 07:00:00+00:00,1783.5
2019-07-31 08:00:00+00:00,1689.5
2019-07-31 09:00:00+00:00,1443.75
2019-07-31 10:00:00+00:00,1294.75
2019-07-31 11:00:00+00:00,1278.0
2019-07-31 12:00:00+00:00,1255.25
2019-07-31 13:00:00+00:00,1567.75
2019-07-31 14:00:00+00:00,1815.0
2019-07-31 15:00:00+00:00,1322.75
2019-07-31 16:00:00+00:00,1356.75
2019-07-31 17:00:00+00:00,1527.25
2019-07-31 18:00:00+00:00,1422.5
2019-07-31 19:00:00+00:00,1182.5
2019-07-31 20:00:00+00:00,1062.25
2019-07-31 21:00:00+00:00,911.0
2019-07-31 22:00:00+00:00,994.0
2019-07-31 23:00:00+00:00,1331.75
2019-08-01 00:00:00+00:00,1518.0
2019-08-01 01:00:00+00:00,1626.25
2019-08-01 02:00:00+00:00,2028.5
2019-08-01 03:00:00+00:00,1872.5
2019-08-01 04:00:00+00:00,1466.5
2019-08-01 05:00:00+00:00,1196.75
2019-08-01 06:00:00+00:00,1133.75
2019-08-01 07:00:00+00:00,1156.5
2019-08-01 08:00:00+00:00,1176.0
2019-08-01 09:00:00+00:00,1108.0
2019-08-01 10:00:00+00:00,873.0
2019-08-01 11:00:00+00:00,667.75
2019-08-01 12:00:00+00:00,545.75
2019-08-01 13:00:00+00:00,270.0
2019-08-01 14:00:00+00:00,189.75
2019-08-01 15:00:00+00:00,166.0
2019-08-01 16:00:00+00:00,195.25
2019-08-01 17:00:00+00:00,189.0
2019-08-01 18:00:00+00:00,188.0
2019-08-01 19:00:00+00:00,223.5
2019-08-01 20:00:00+00:00,207.75
2019-08-01 21:00:00+00:00,226.25
2019-08-01 22:00:00+00:00,278.5
2019-08-01 23:00:00+00:00,227.0
2019-08-02 00:00:00+00:00,168.75
2019-08-02 01:00:00+00:00,112.75
2019-08-02 02:00:00+00:00,61.75
2019-08-02 03:00:00+00:00,74.75
2019-08-02 04:00:00+00:00,126.25
2019-08-02 05:00:00+00:00,226.75
2019-08-02 06:00:00+00:00,367.5
2019-08-02 07:00:00+00:00,395.5
2019-08-02 08:00:00+00:00,432.75
2019-08-02 09:00:00+00:00,302.5
2019-08-02 10:00:00+00:00,224.5
2019-08-02 11:00:00+00:00,183.75
2019-08-02 12:00:00+00:00,226.75
2019-08-02 13:00:00+00:00,524.5
2019-08-02 14:00:00+00:00,869.0
2019-08-02 15:00:00+00:00,1116.25
2019-08-02 16:00:00+00:00,1279.0
2019-08-02 17:00:00+00:00,1403.5
2019-08-02 18:00:00+00:00,1560.0
2019-08-02 19:00:00+00:00,1859.5
2019-08-02 20:00:00+00:00,1548.25
2019-08-02 21:00:00+00:00,1388.0
2019-08-02 22:00:00+00:00,1347.75
2019-08-02 23:00:00+00:00,1381.5
2019-08-03 00:00:00+00:00,1238.5
2019-08-03 01:00:00+00:00,1263.0
2019-08-03 02:00:00+00:00,1329.25
2019-08-03 03:00:00+00:00,1244.75
2019-08-03 04:00:00+00:00,1128.5
2019-08-03 05:00:00+00:00,1065.0
2019-08-03 06:00:00+00:00,1120.75
2019-08-03 07:00:00+00:00,1006.5
2019-08-03 08:00:00+00:00,945.75
2019-08-03 09:00:00+00:00,792.5
2019-08-03 10:00:00+00:00,620.75
2019-08-03 11:00:00+00:00,702.0
2019-08-03 12:00:00+00:00,509.5
2019-08-03 13:00:00+00:00,367.75
2019-08-03 14:00:00+00:00,416.75
2019-08-03 15:00:00+00:00,606.75
2019-08-03 16:00:00+00:00,689.5
2019-08-03 17:00:00+00:00,755.25
2019-08-03 18:00:00+00:00,835.75
2019-08-03 19:00:00+00:00,770.75
2019-08-03 20:00:00+00:00,618.0
2019-08-03 21:00:00+00:00,543.5
2019-08-03 22:00:00+00:00,595.75
2019-08-03 23:00:00+00:00,464.5
2019-08-04 00:00:00+00:00,433.5
2019-08-04 01:00:00+00:00,512.5
2019-08-04 02:00:00+00:00,557.25
2019-08-04 03:00:00+00:00,549.25
2019-08-04 04:00:00+00:00,567.5
2019-08-04 05:00:00+00:00,623.25
2019-08-04 06:00:00+00:00,541.0
2019-08-04 07:00:00+00:00,467.0
2019-08-04 08:00:00+00:00,586.75
2019-08-04 09:00:00+00:00,661.75
2019-08-04 10:00:00+00:00,638.75
2019-08-04 11:00:00+00:00,597.25
2019-08-04 12:00:00+00:00,549.5
2019-08-04 13:00:00+00:00,508.75
2019-08-04 14:00:00+00:00,389.0
2019-08-04 15:00:00+00:00,310.75
2019-08-04 16:00:00+00:00,330.0
2019-08-04 17:00:00+00:00,224.25
2019-08-04 18:00:00+00:00,216.0
2019-08-04 19:00:00+00:00,195.5
2019-08-04 20:00:00+00:00,152.5
2019-08-04 21:00:00+00:00,186.5
2019-08-04 22:00:00+00:00,197.75
2019-08-04 23:00:00+00:00,256.0
2019-08-05 00:00:00+00:00,336.25
2019-08-05 01:00:00+00:00,460.0
2019-08-05 02:00:00+00:00,536.0
2019-08-05 03:00:00+00:00,614.0
2019-08-05 04:00:00+00:00,514.0
2019-08-05 05:00:00+00:00,528.5
2019-08-05 06:00:00+00:00,523.0
2019-08-05 07:00:00+00:00,341.75
2019-08-05 08:00:00+00:00,244.25
2019-08-05 09:00:00+00:00,193.25
2019-08-05 10:00:00+00:00,211.5
2019-08-05 11:00:00+00:00,381.0
2019-08-05 12:00:00+00:00,481.0
2019-08-05 13:00:00+00:00,488.75
2019-08-05 14:00:00+00:00,401.5
2019-08-05 15:00:00+00:00,594.75
2019-08-05 16:00:00+00:00,1249.5
2019-08-05 17:00:00+00:00,1650.75
2019-08-05 18:00:00+00:00,1741.25
2019-08-05 19:00:00+00:00,1703.0
2019-08-05 20:00:00+00:00,1675.5
2019-08-05 21:00:00+00:00,1740.75
2019-08-05 22:00:00+00:00,1879.0
2019-08-05 23:00:00+00:00,2020.25
2019-08-06 00:00:00+00:00,1670.0
2019-08-06 01:00:00+00:00,1241.25
2019-08-06 02:00:00+00:00,1014.25
2019-08-06 03:00:00+00:00,748.5
2019-08-06 04:00:00+00:00,579.75
2019-08-06 05:00:00+00:00,760.0
2019-08-06 06:00:00+00:00,1015.25
2019-08-06 07:00:00+00:00,1307.75
2019-08-06 08:00:00+00:00,1451.5
2019-08-06 09:00:00+00:00,1645.5
2019-08-06 10:00:00+00:00,2008.5
2019-08-06 11:00:00+00:00,1987.75
2019-08-06 12:00:00+00:00,1731.25
2019-08-06 13:00:00+00:00,1611.75
2019-08-06 14:00:00+00:00,1461.5
2019-08-06 15:00:00+00:00,1538.75
2019-08-06 16:00:00+00:00,1238.0
2019-08-06 17:00:00+00:00,1063.0
2019-08-06 18:00:00+00:00,958.25
2019-08-06 19:00:00+00:00,973.0
2019-08-06 20:00:00+00:00,1043.5
2019-08-06 21:00:00+00:00,1024.75
2019-08-06 22:00:00+00:00,1092.5
2019-08-06 23:00:00+00:00,1390.75
2019-08-07 00:00:00+00:00,1767.5
2019-08-07 01:00:00+00:00,2269.75
2019-08-07 02:00:00+00:00,2420.25
2019-08-07 03:00:00+00:00,2346.25
2019-08-07 04:00:00+00:00,2089.0
2019-08-07 05:00:00+00:00,2013.0
2019-08-07 06:00:00+00:00,1928.5
2019-08-07 07:00:00+00:00,1964.5
2019-08-07 08:00:00+00:00,2036.5
2019-08-07 09:00:00+00:00,2327.5
2019-08-07 10:00:00+00:00,2259.75
2019-08-07 11:00:00+00:00,2198.25
2019-08-07 12:00:00+00:00,2609.5
2019-08-07 13:00:00+00:00,2471.75
2019-08-07 14:00:00+00:00,2656.5
2019-08-07 15:00:00+00:00,2600.75
2019-08-07 16:00:00+00:00,2328.5
2019-08-07 17:00:00+00:00,1985.75
2019-08-07 18:00:00+00:00,1607.0
2019-08-07 19:00:00+00:00,1541.75
2019-08-07 20:00:00+00:00,1780.5
2019-08-07 21:00:00+00:00,1926.25
2019-08-07 22:00:00+00:00,1978.0
2019-08-07 23:00:00+00:00,2091.25
2019-08-08 00:00:00+00:00,2255.5
2019-08-08 01:00:00+00:00,2414.0
2019-08-08 02:00:00+00:00,2540.5
2019-08-08 03:00:00+00:00,2659.75
2019-08-08 04:00:00+00:00,2756.25
2019-08-08 05:00:00+00:00,3111.5
2019-08-08 06:00:00+00:00,3300.0
2019-08-08 07:00:00+00:00,3760.25
2019-08-08 08:00:00+00:00,3856.25
2019-08-08 09:00:00+00:00,3865.75
2019-08-08 10:00:00+00:00,3853.5
2019-08-08 11:00:00+00:00,3807.25
2019-08-08 12:00:00+00:00,3708.25
2019-08-08 13:00:00+00:00,4146.75
2019-08-08 14:00:00+00:00,4118.0
2019-08-08 15:00:00+00:00,4159.0
2019-08-08 16:00:00+00:00,3936.25
2019-08-08 17:00:00+00:00,3592.5
2019-08-08 18:00:00+00:00,3136.0
2019-08-08 19:00:00+00:00,2671.0
2019-08-08 20:00:00+00:00,2251.75
2019-08-08 21:00:00+00:00,2039.5
2019-08-08 22:00:00+00:00,1862.25
2019-08-08 23:00:00+00:00,1563.0
2019-08-09 00:00:00+00:00,1416.5
2019-08-09 01:00:00+00:00,1298.25
2019-08-09 02:00:00+00:00,1178.5
2019-08-09 03:00:00+00:00,938.5
2019-08-09 04:00:00+00:00,865.5
2019-08-09 05:00:00+00:00,758.25
2019-08-09 06:00:00+00:00,801.75
2019-08-09 07:00:00+00:00,1020.5
2019-08-09 08:00:00+00:00,1360.75
2019-08-09 09:00:00+00:00,1646.5
2019-08-09 10:00:00+00:00,2157.0
2019-08-09 11:00:00+00:00,2710.25
2019-08-09 12:00:00+00:00,3113.5
2019-08-09 13:00:00+00:00,3424.75
2019-08-09 14:00:00+00:00,3833.25
2019-08-09 15:00:00+00:00,4101.75
2019-08-09 16:00:00+00:00,4173.25
2019-08-09 17:00:00+00:00,4134.0
2019-08-09 18:00:00+00:00,3968.25
2019-08-09 19:00:00+00:00,3733.75
2019-08-09 20:00:00+00:00,3649.25
2019-08-09 21:00:00+00:00,3670.0
2019-08-09 22:00:00+00:00,3914.5
2019-08-09 23:00:00+00:00,3832.75
2019-08-10 00:00:00+00:00,3684.5
2019-08-10 01:00:00+00:00,3418.0
2019-08-10 02:00:00+00:00,4289.25
2019-08-10 03:00:00+00:00,4524.75
2019-08-10 04:00:00+00:00,4776.25
2019-08-10 05:00:00+00:00,4933.75
2019-08-10 06:00:00+00:00,4838.75
2019-08-10 07:00:00+00:00,4693.0
2019-08-10 08:00:00+00:00,4738.0
2019-08-10 09:00:00+00:00,4842.25
2019-08-10 10:00:00+00:00,4113.0
2019-08-10 11:00:00+00:00,3747.25
2019-08-10 12:00:00+00:00,3714.0
2019-08-10 13:00:00+00:00,3874.5
2019-08-10 14:00:00+00:00,4121.0
2019-08-10 15:00:00+00:00,4222.0
2019-08-10 16:00:00+00:00,5404.25
2019-08-10 17:00:00+00:00,5497.0
2019-08-10 18:00:00+00:00,5354.75
2019-08-10 19:00:00+00:00,4929.0
2019-08-10 20:00:00+00:00,4953.75
2019-08-10 21:00:00+00:00,5167.25
2019-08-10 22:00:00+00:00,5529.75
2019-08-10 23:00:00+00:00,5547.5
2019-08-11 00:00:00+00:00,5566.75
2019-08-11 01:00:00+00:00,5606.5
2019-08-11 02:00:00+00:00,5636.75
2019-08-11 03:00:00+00:00,5647.25
2019-08-11 04:00:00+00:00,5650.75
2019-08-11 05:00:00+00:00,5640.25
2019-08-11 06:00:00+00:00,5570.25
2019-08-11 07:00:00+00:00,5540.75
2019-08-11 08:00:00+00:00,5553.5
2019-08-11 09:00:00+00:00,5490.75
2019-08-11 10:00:00+00:00,5253.75
2019-08-11 11:00:00+00:00,5162.25
2019-08-11 12:00:00+00:00,5129.0
2019-08-11 13:00:00+00:00,5277.75
2019-08-11 14:00:00+00:00,5090.75
2019-08-11 15:00:00+00:00,4679.0
2019-08-11 16:00:00+00:00,4511.75
2019-08-11 17:00:00+00:00,4389.25
2019-08-11 18:00:00+00:00,4426.75
2019-08-11 19:00:00+00:00,4413.75
2019-08-11 20:00:00+00:00,4526.5
2019-08-11 21:00:00+00:00,4635.5
2019-08-11 22:00:00+00:00,4607.5
2019-08-11 23:00:00+00:00,4430.0
2019-08-12 00:00:00+00:00,4235.0
2019-08-12 01:00:00+00:00,3970.75
2019-08-12 02:00:00+00:00,3633.75
2019-08-12 03:00:00+00:00,3475.25
2019-08-12 04:00:00+00:00,3468.25
2019-08-12 05:00:00+00:00,3500.75
2019-08-12 06:00:00+00:00,3371.25
2019-08-12 07:00:00+00:00,3663.5
2019-08-12 08:00:00+00:00,4015.0
2019-08-12 09:00:00+00:00,4383.0
2019-08-12 10:00:00+00:00,4538.75
2019-08-12 11:00:00+00:00,4506.0
2019-08-12 12:00:00+00:00,4475.75
2019-08-12 13:00:00+00:00,4362.0
2019-08-12 14:00:00+00:00,4207.5
2019-08-12 15:00:00+00:00,3787.25
2019-08-12 16:00:00+00:00,3520.25
2019-08-12 17:00:00+00:00,3081.25
2019-08-12 18:00:00+00:00,2587.0
2019-08-12 19:00:00+00:00,1756.75
2019-08-12 20:00:00+00:00,1282.5
2019-08-12 21:00:00+00:00,1132.5
2019-08-12 22:00:00+00:00,1109.0
2019-08-12 23:00:00+00:00,1058.75
2019-08-13 00:00:00+00:00,1057.75
2019-08-13 01:00:00+00:00,963.5
2019-08-13 02:00:00+00:00,1155.75
2019-08-13 03:00:00+00:00,1415.5
2019-08-13 04:00:00+00:00,1364.25
2019-08-13 05:00:00+00:00,1176.75
2019-08-13 06:00:00+00:00,1065.0
2019-08-13 07:00:00+00:00,824.0
2019-08-13 08:00:00+00:00,1125.75
2019-08-13 09:00:00+00:00,1140.0
2019-08-13 10:00:00+00:00,1892.0
2019-08-13 11:00:00+00:00,1897.75
2019-08-13 12:00:00+00:00,2073.5
2019-08-13 13:00:00+00:00,2146.75
2019-08-13 14:00:00+00:00,1710.5
2019-08-13 15:00:00+00:00,1458.5
2019-08-13 16:00:00+00:00,1459.5
2019-08-13 17:00:00+00:00,1753.75
2019-08-13 18:00:00+00:00,1547.0
2019-08-13 19:00:00+00:00,1847.5
2019-08-13 20:00:00+00:00,1981.5
2019-08-13 21:00:00+00:00,2059.75
2019-08-13 22:00:00+00:00,2283.5
2019-08-13 23:00:00+00:00,2363.0
2019-08-14 00:00:00+00:00,2206.75
2019-08-14 01:00:00+00:00,2445.25
2019-08-14 02:00:00+00:00,2585.5
2019-08-14 03:00:00+00:00,1999.5
2019-08-14 04:00:00+00:00,2037.25
2019-08-14 05:00:00+00:00,2421.5
2019-08-14 06:00:00+00:00,1858.25
2019-08-14 07:00:00+00:00,2296.5
2019-08-14 08:00:00+00:00,2335.0
2019-08-14 09:00:00+00:00,2224.75
2019-08-14 10:00:00+00:00,2071.5
2019-08-14 11:00:00+00:00,2042.25
2019-08-14 12:00:00+00:00,1955.0
2019-08-14 13:00:00+00:00,2163.75
2019-08-14 14:00:00+00:00,1548.5
2019-08-14 15:00:00+00:00,1353.5
2019-08-14 16:00:00+00:00,1820.0
2019-08-14 17:00:00+00:00,1842.75
2019-08-14 18:00:00+00:00,1645.0
2019-08-14 19:00:00+00:00,2314.5
2019-08-14 20:00:00+00:00,2179.75
2019-08-14 21:00:00+00:00,3173.25
2019-08-14 22:00:00+00:00,3665.0
2019-08-14 23:00:00+00:00,3888.5
2019-08-15 00:00:00+00:00,4000.5
2019-08-15 01:00:00+00:00,4422.25
2019-08-15 02:00:00+00:00,4556.75
2019-08-15 03:00:00+00:00,4741.75
2019-08-15 04:00:00+00:00,4475.75
2019-08-15 05:00:00+00:00,3714.5
2019-08-15 06:00:00+00:00,3112.5
2019-08-15 07:00:00+00:00,3102.25
2019-08-15 08:00:00+00:00,2638.0
2019-08-15 09:00:00+00:00,1982.0
2019-08-15 10:00:00+00:00,2177.5
2019-08-15 11:00:00+00:00,2915.25
2019-08-15 12:00:00+00:00,3343.75
2019-08-15 13:00:00+00:00,3475.5
2019-08-15 14:00:00+00:00,3669.5
2019-08-15 15:00:00+00:00,3830.75
2019-08-15 16:00:00+00:00,3790.25
2019-08-15 17:00:00+00:00,3049.75
2019-08-15 18:00:00+00:00,3011.0
2019-08-15 19:00:00+00:00,3336.25
2019-08-15 20:00:00+00:00,3479.5
2019-08-15 21:00:00+00:00,3724.5
2019-08-15 22:00:00+00:00,3619.25
2019-08-15 23:00:00+00:00,4001.25
2019-08-16 00:00:00+00:00,3758.0
2019-08-16 01:00:00+00:00,3762.75
2019-08-16 02:00:00+00:00,3146.0
2019-08-16 03:00:00+00:00,2514.5
2019-08-16 04:00:00+00:00,2085.75
2019-08-16 05:00:00+00:00,1731.0
2019-08-16 06:00:00+00:00,1217.75
2019-08-16 07:00:00+00:00,890.75
2019-08-16 08:00:00+00:00,814.0
2019-08-16 09:00:00+00:00,801.75
2019-08-16 10:00:00+00:00,1201.75
2019-08-16 11:00:00+00:00,1821.25
2019-08-16 12:00:00+00:00,2185.75
2019-08-16 13:00:00+00:00,1944.5
2019-08-16 14:00:00+00:00,1846.75
2019-08-16 15:00:00+00:00,2342.75
2019-08-16 16:00:00+00:00,2493.5
2019-08-16 17:00:00+00:00,2579.25
2019-08-16 18:00:00+00:00,3181.25
2019-08-16 19:00:00+00:00,3184.25
2019-08-16 20:00:00+00:00,3239.0
2019-08-16 21:00:00+00:00,3888.75
2019-08-16 22:00:00+00:00,4186.5
2019-08-16 23:00:00+00:00,4349.0
2019-08-17 00:00:00+00:00,4430.25
2019-08-17 01:00:00+00:00,4684.75
2019-08-17 02:00:00+00:00,4788.0
2019-08-17 03:00:00+00:00,4795.5
2019-08-17 04:00:00+00:00,4794.5
2019-08-17 05:00:00+00:00,4849.75
2019-08-17 06:00:00+00:00,4731.25
2019-08-17 07:00:00+00:00,4592.75
2019-08-17 08:00:00+00:00,4460.5
2019-08-17 09:00:00+00:00,4353.25
2019-08-17 10:00:00+00:00,4262.75
2019-08-17 11:00:00+00:00,3650.0
2019-08-17 12:00:00+00:00,3388.5
2019-08-17 13:00:00+00:00,3614.75
2019-08-17 14:00:00+00:00,2936.25
2019-08-17 15:00:00+00:00,2494.0
2019-08-17 16:00:00+00:00,1829.0
2019-08-17 17:00:00+00:00,1177.25
2019-08-17 18:00:00+00:00,731.5
2019-08-17 19:00:00+00:00,770.0
2019-08-17 20:00:00+00:00,684.75
2019-08-17 21:00:00+00:00,766.25
2019-08-17 22:00:00+00:00,1098.0
2019-08-17 23:00:00+00:00,1183.75
2019-08-18 00:00:00+00:00,1496.0
2019-08-18 01:00:00+00:00,1221.5
2019-08-18 02:00:00+00:00,1302.0
2019-08-18 03:00:00+00:00,1576.25
2019-08-18 04:00:00+00:00,1530.5
2019-08-18 05:00:00+00:00,1658.25
2019-08-18 06:00:00+00:00,1883.0
2019-08-18 07:00:00+00:00,1995.75
2019-08-18 08:00:00+00:00,2671.0
2019-08-18 09:00:00+00:00,2979.5
2019-08-18 10:00:00+00:00,2693.0
2019-08-18 11:00:00+00:00,2277.5
2019-08-18 12:00:00+00:00,1954.25
2019-08-18 13:00:00+00:00,2124.0
2019-08-18 14:00:00+00:00,2244.75
2019-08-18 15:00:00+00:00,2296.0
2019-08-18 16:00:00+00:00,2724.25
2019-08-18 17:00:00+00:00,3061.0
2019-08-18 18:00:00+00:00,3289.5
2019-08-18 19:00:00+00:00,3867.0
2019-08-18 20:00:00+00:00,3979.0
2019-08-18 21:00:00+00:00,3797.0
2019-08-18 22:00:00+00:00,3837.5
2019-08-18 23:00:00+00:00,3748.25
2019-08-19 00:00:00+00:00,3791.75
2019-08-19 01:00:00+00:00,3823.0
2019-08-19 02:00:00+00:00,3758.25
2019-08-19 03:00:00+00:00,3719.75
2019-08-19 04:00:00+00:00,3292.5
2019-08-19 05:00:00+00:00,3468.25
2019-08-19 06:00:00+00:00,3764.75
2019-08-19 07:00:00+00:00,4464.5
2019-08-19 08:00:00+00:00,4664.75
2019-08-19 09:00:00+00:00,4655.25
2019-08-19 10:00:00+00:00,4893.75
2019-08-19 11:00:00+00:00,4822.5
2019-08-19 12:00:00+00:00,4717.0
2019-08-19 13:00:00+00:00,4327.0
2019-08-19 14:00:00+00:00,4145.0
2019-08-19 15:00:00+00:00,3953.5
2019-08-19 16:00:00+00:00,3605.5
2019-08-19 17:00:00+00:00,3262.25
2019-08-19 18:00:00+00:00,2812.0
2019-08-19 19:00:00+00:00,2407.5
2019-08-19 20:00:00+00:00,1861.75
2019-08-19 21:00:00+00:00,1283.25
2019-08-19 22:00:00+00:00,1029.25
2019-08-19 23:00:00+00:00,1367.5
2019-08-20 00:00:00+00:00,1827.5
2019-08-20 01:00:00+00:00,2292.0
2019-08-20 02:00:00+00:00,2096.25
2019-08-20 03:00:00+00:00,1558.25
2019-08-20 04:00:00+00:00,1408.75
2019-08-20 05:00:00+00:00,1420.25
2019-08-20 06:00:00+00:00,1292.0
2019-08-20 07:00:00+00:00,1637.25
2019-08-20 08:00:00+00:00,2127.25
2019-08-20 09:00:00+00:00,2500.25
2019-08-20 10:00:00+00:00,2629.0
2019-08-20 11:00:00+00:00,2339.75
2019-08-20 12:00:00+00:00,2340.0
2019-08-20 13:00:00+00:00,2095.25
2019-08-20 14:00:00+00:00,1932.5
2019-08-20 15:00:00+00:00,2000.25
2019-08-20 16:00:00+00:00,1949.0
2019-08-20 17:00:00+00:00,1966.5
2019-08-20 18:00:00+00:00,2131.0
2019-08-20 19:00:00+00:00,2179.5
2019-08-20 20:00:00+00:00,2132.75
2019-08-20 21:00:00+00:00,2307.0
2019-08-20 22:00:00+00:00,2475.75
2019-08-20 23:00:00+00:00,2203.5
2019-08-21 00:00:00+00:00,1849.75
2019-08-21 01:00:00+00:00,1619.25
2019-08-21 02:00:00+00:00,1175.75
2019-08-21 03:00:00+00:00,959.25
2019-08-21 04:00:00+00:00,585.0
2019-08-21 05:00:00+00:00,495.75
2019-08-21 06:00:00+00:00,362.5
2019-08-21 07:00:00+00:00,330.0
2019-08-21 08:00:00+00:00,432.25
2019-08-21 09:00:00+00:00,693.0
2019-08-21 10:00:00+00:00,818.5
2019-08-21 11:00:00+00:00,875.25
2019-08-21 12:00:00+00:00,876.5
2019-08-21 13:00:00+00:00,881.25
2019-08-21 14:00:00+00:00,901.0
2019-08-21 15:00:00+00:00,883.25
2019-08-21 16:00:00+00:00,877.25
2019-08-21 17:00:00+00:00,893.5
2019-08-21 18:00:00+00:00,742.75
2019-08-21 19:00:00+00:00,701.0
2019-08-21 20:00:00+00:00,871.5
2019-08-21 21:00:00+00:00,1151.75
2019-08-21 22:00:00+00:00,1349.75
2019-08-21 23:00:00+00:00,1433.5
2019-08-22 00:00:00+00:00,1811.75
2019-08-22 01:00:00+00:00,2028.5
2019-08-22 02:00:00+00:00,2270.25
2019-08-22 03:00:00+00:00,2489.0
2019-08-22 04:00:00+00:00,2541.25
2019-08-22 05:00:00+00:00,2645.25
2019-08-22 06:00:00+00:00,2737.0
2019-08-22 07:00:00+00:00,2654.5
2019-08-22 08:00:00+00:00,2551.25
2019-08-22 09:00:00+00:00,2382.75
2019-08-22 10:00:00+00:00,2386.5
2019-08-22 11:00:00+00:00,2559.25
2019-08-22 12:00:00+00:00,2621.75
2019-08-22 13:00:00+00:00,2686.75
2019-08-22 14:00:00+00:00,2734.25
2019-08-22 15:00:00+00:00,2725.0
2019-08-22 16:00:00+00:00,2645.0
2019-08-22 17:00:00+00:00,2496.25
2019-08-22 18:00:00+00:00,2539.25
2019-08-22 19:00:00+00:00,2509.0
2019-08-22 20:00:00+00:00,2526.0
2019-08-22 21:00:00+00:00,2614.0
2019-08-22 22:00:00+00:00,2565.0
2019-08-22 23:00:00+00:00,2566.0
2019-08-23 00:00:00+00:00,2549.5
2019-08-23 01:00:00+00:00,2499.5
2019-08-23 02:00:00+00:00,2404.5
2019-08-23 03:00:00+00:00,2334.5
2019-08-23 04:00:00+00:00,2243.75
2019-08-23 05:00:00+00:00,1974.25
2019-08-23 06:00:00+00:00,1567.0
2019-08-23 07:00:00+00:00,1306.75
2019-08-23 08:00:00+00:00,1100.5
2019-08-23 09:00:00+00:00,893.75
2019-08-23 10:00:00+00:00,736.25
2019-08-23 11:00:00+00:00,619.0
2019-08-23 12:00:00+00:00,519.75
2019-08-23 13:00:00+00:00,393.0
2019-08-23 14:00:00+00:00,237.25
2019-08-23 15:00:00+00:00,108.25
2019-08-23 16:00:00+00:00,58.0
2019-08-23 17:00:00+00:00,32.75
2019-08-23 18:00:00+00:00,24.5
2019-08-23 19:00:00+00:00,21.5
2019-08-23 20:00:00+00:00,28.75
2019-08-23 21:00:00+00:00,60.0
2019-08-23 22:00:00+00:00,100.5
2019-08-23 23:00:00+00:00,208.25
2019-08-24 00:00:00+00:00,297.25
2019-08-24 01:00:00+00:00,382.0
2019-08-24 02:00:00+00:00,461.25
2019-08-24 03:00:00+00:00,510.75
2019-08-24 04:00:00+00:00,562.0
2019-08-24 05:00:00+00:00,658.25
2019-08-24 06:00:00+00:00,802.75
2019-08-24 07:00:00+00:00,985.75
2019-08-24 08:00:00+00:00,1211.25
2019-08-24 09:00:00+00:00,1276.25
2019-08-24 10:00:00+00:00,1236.0
2019-08-24 11:00:00+00:00,1138.0
2019-08-24 12:00:00+00:00,1166.25
2019-08-24 13:00:00+00:00,1262.5
2019-08-24 14:00:00+00:00,1371.5
2019-08-24 15:00:00+00:00,1638.0
2019-08-24 16:00:00+00:00,2077.75
2019-08-24 17:00:00+00:00,2752.5
2019-08-24 18:00:00+00:00,3136.5
2019-08-24 19:00:00+00:00,3656.25
2019-08-24 20:00:00+00:00,4326.5
2019-08-24 21:00:00+00:00,4452.5
2019-08-24 22:00:00+00:00,4015.75
2019-08-24 23:00:00+00:00,3233.75
2019-08-25 00:00:00+00:00,2131.25
2019-08-25 01:00:00+00:00,1488.25
2019-08-25 02:00:00+00:00,1197.0
2019-08-25 03:00:00+00:00,969.0
2019-08-25 04:00:00+00:00,823.0
2019-08-25 05:00:00+00:00,716.25
2019-08-25 06:00:00+00:00,636.0
2019-08-25 07:00:00+00:00,620.25
2019-08-25 08:00:00+00:00,594.0
2019-08-25 09:00:00+00:00,514.25
2019-08-25 10:00:00+00:00,469.75
2019-08-25 11:00:00+00:00,507.5
2019-08-25 12:00:00+00:00,556.75
2019-08-25 13:00:00+00:00,610.75
2019-08-25 14:00:00+00:00,548.25
2019-08-25 15:00:00+00:00,583.5
2019-08-25 16:00:00+00:00,699.5
2019-08-25 17:00:00+00:00,893.75
2019-08-25 18:00:00+00:00,1225.0
2019-08-25 19:00:00+00:00,1275.0
2019-08-25 20:00:00+00:00,1250.25
2019-08-25 21:00:00+00:00,1086.0
2019-08-25 22:00:00+00:00,799.0
2019-08-25 23:00:00+00:00,484.75
2019-08-26 00:00:00+00:00,269.25
2019-08-26 01:00:00+00:00,119.0
2019-08-26 02:00:00+00:00,87.5
2019-08-26 03:00:00+00:00,56.0
2019-08-26 04:00:00+00:00,37.0
2019-08-26 05:00:00+00:00,29.5
2019-08-26 06:00:00+00:00,34.25
2019-08-26 07:00:00+00:00,70.75
2019-08-26 08:00:00+00:00,104.25
2019-08-26 09:00:00+00:00,124.0
2019-08-26 10:00:00+00:00,123.75
2019-08-26 11:00:00+00:00,181.5
2019-08-26 12:00:00+00:00,281.0
2019-08-26 13:00:00+00:00,410.5
2019-08-26 14:00:00+00:00,396.75
2019-08-26 15:00:00+00:00,382.25
2019-08-26 16:00:00+00:00,419.5
2019-08-26 17:00:00+00:00,413.25
2019-08-26 18:00:00+00:00,468.25
2019-08-26 19:00:00+00:00,522.0
2019-08-26 20:00:00+00:00,605.5
2019-08-26 21:00:00+00:00,692.25
2019-08-26 22:00:00+00:00,762.0
2019-08-26 23:00:00+00:00,779.0
2019-08-27 00:00:00+00:00,716.25
2019-08-27 01:00:00+00:00,592.0
2019-08-27 02:00:00+00:00,583.5
2019-08-27 03:00:00+00:00,620.0
2019-08-27 04:00:00+00:00,568.75
2019-08-27 05:00:00+00:00,583.0
2019-08-27 06:00:00+00:00,535.0
2019-08-27 07:00:00+00:00,816.0
2019-08-27 08:00:00+00:00,892.0
2019-08-27 09:00:00+00:00,913.0
2019-08-27 10:00:00+00:00,824.5
2019-08-27 11:00:00+00:00,669.75
2019-08-27 12:00:00+00:00,557.75
2019-08-27 13:00:00+00:00,601.75
2019-08-27 14:00:00+00:00,788.75
2019-08-27 15:00:00+00:00,1067.25
2019-08-27 16:00:00+00:00,1551.25
2019-08-27 17:00:00+00:00,2056.0
2019-08-27 18:00:00+00:00,2189.0
2019-08-27 19:00:00+00:00,1820.5
2019-08-27 20:00:00+00:00,1456.75
2019-08-27 21:00:00+00:00,1392.75
2019-08-27 22:00:00+00:00,1216.25
2019-08-27 23:00:00+00:00,1227.25
2019-08-28 00:00:00+00:00,1152.5
2019-08-28 01:00:00+00:00,898.5
2019-08-28 02:00:00+00:00,788.5
2019-08-28 03:00:00+00:00,696.5
2019-08-28 04:00:00+00:00,636.25
2019-08-28 05:00:00+00:00,572.5
2019-08-28 06:00:00+00:00,524.25
2019-08-28 07:00:00+00:00,380.75
2019-08-28 08:00:00+00:00,306.5
2019-08-28 09:00:00+00:00,183.75
2019-08-28 10:00:00+00:00,169.5
2019-08-28 11:00:00+00:00,213.75
2019-08-28 12:00:00+00:00,415.75
2019-08-28 13:00:00+00:00,496.0
2019-08-28 14:00:00+00:00,479.25
2019-08-28 15:00:00+00:00,464.5
2019-08-28 16:00:00+00:00,589.25
2019-08-28 17:00:00+00:00,733.5
2019-08-28 18:00:00+00:00,825.75
2019-08-28 19:00:00+00:00,727.75
2019-08-28 20:00:00+00:00,643.25
2019-08-28 21:00:00+00:00,569.25
2019-08-28 22:00:00+00:00,421.5
2019-08-28 23:00:00+00:00,326.5
2019-08-29 00:00:00+00:00,420.5
2019-08-29 01:00:00+00:00,551.5
2019-08-29 02:00:00+00:00,358.75
2019-08-29 03:00:00+00:00,248.25
2019-08-29 04:00:00+00:00,747.5
2019-08-29 05:00:00+00:00,1423.5
2019-08-29 06:00:00+00:00,1908.25
2019-08-29 07:00:00+00:00,2150.0
2019-08-29 08:00:00+00:00,1902.5
2019-08-29 09:00:00+00:00,1302.0
2019-08-29 10:00:00+00:00,1093.25
2019-08-29 11:00:00+00:00,983.75
2019-08-29 12:00:00+00:00,815.0
2019-08-29 13:00:00+00:00,783.0
2019-08-29 14:00:00+00:00,659.25
2019-08-29 15:00:00+00:00,661.5
2019-08-29 16:00:00+00:00,759.5
2019-08-29 17:00:00+00:00,723.5
2019-08-29 18:00:00+00:00,773.0
2019-08-29 19:00:00+00:00,772.5
2019-08-29 20:00:00+00:00,915.25
2019-08-29 21:00:00+00:00,947.25
2019-08-29 22:00:00+00:00,924.5
2019-08-29 23:00:00+00:00,957.25
2019-08-30 00:00:00+00:00,1075.5
2019-08-30 01:00:00+00:00,1181.0
2019-08-30 02:00:00+00:00,1263.25
2019-08-30 03:00:00+00:00,1291.75
2019-08-30 04:00:00+00:00,1417.5
2019-08-30 05:00:00+00:00,1782.25
2019-08-30 06:00:00+00:00,1863.75
2019-08-30 07:00:00+00:00,1901.25
2019-08-30 08:00:00+00:00,1813.75
2019-08-30 09:00:00+00:00,1769.75
2019-08-30 10:00:00+00:00,1828.0
2019-08-30 11:00:00+00:00,2007.75
2019-08-30 12:00:00+00:00,1869.0
2019-08-30 13:00:00+00:00,1691.25
2019-08-30 14:00:00+00:00,1445.0
2019-08-30 15:00:00+00:00,1313.75
2019-08-30 16:00:00+00:00,1229.5
2019-08-30 17:00:00+00:00,1276.0
2019-08-30 18:00:00+00:00,1629.5
2019-08-30 19:00:00+00:00,1726.75
2019-08-30 20:00:00+00:00,1420.5
2019-08-30 21:00:00+00:00,1326.25
2019-08-30 22:00:00+00:00,1418.25
2019-08-30 23:00:00+00:00,1352.25
2019-08-31 00:00:00+00:00,1342.25
2019-08-31 01:00:00+00:00,1448.25
2019-08-31 02:00:00+00:00,1625.5
2019-08-31 03:00:00+00:00,1751.75
2019-08-31 04:00:00+00:00,1831.25
2019-08-31 05:00:00+00:00,1929.5
2019-08-31 06:00:00+00:00,1932.25
2019-08-31 07:00:00+00:00,1862.5
2019-08-31 08:00:00+00:00,1718.25
2019-08-31 09:00:00+00:00,1323.0
2019-08-31 10:00:00+00:00,925.0
2019-08-31 11:00:00+00:00,632.25
2019-08-31 12:00:00+00:00,406.25
2019-08-31 13:00:00+00:00,351.25
2019-08-31 14:00:00+00:00,342.25
2019-08-31 15:00:00+00:00,392.75
2019-08-31 16:00:00+00:00,448.5
2019-08-31 17:00:00+00:00,540.0
2019-08-31 18:00:00+00:00,651.75
2019-08-31 19:00:00+00:00,886.25
2019-08-31 20:00:00+00:00,1314.25
2019-08-31 21:00:00+00:00,1745.25
2019-08-31 22:00:00+00:00,1476.0
2019-08-31 23:00:00+00:00,1354.5
2019-09-01 00:00:00+00:00,1516.0
2019-09-01 01:00:00+00:00,2055.25
2019-09-01 02:00:00+00:00,2853.75
2019-09-01 03:00:00+00:00,3319.5
2019-09-01 04:00:00+00:00,3490.75
2019-09-01 05:00:00+00:00,3047.75
2019-09-01 06:00:00+00:00,2960.5
2019-09-01 07:00:00+00:00,2353.0
2019-09-01 08:00:00+00:00,2093.75
2019-09-01 09:00:00+00:00,2008.5
2019-09-01 10:00:00+00:00,2156.0
2019-09-01 11:00:00+00:00,2308.25
2019-09-01 12:00:00+00:00,2306.75
2019-09-01 13:00:00+00:00,2482.75
2019-09-01 14:00:00+00:00,2597.0
2019-09-01 15:00:00+00:00,2532.5
2019-09-01 16:00:00+00:00,2286.5
2019-09-01 17:00:00+00:00,2867.75
2019-09-01 18:00:00+00:00,3332.75
2019-09-01 19:00:00+00:00,3632.25
2019-09-01 20:00:00+00:00,3374.5
2019-09-01 21:00:00+00:00,3090.25
2019-09-01 22:00:00+00:00,2827.25
2019-09-01 23:00:00+00:00,2951.25
2019-09-02 00:00:00+00:00,3152.25
2019-09-02 01:00:00+00:00,2493.5
2019-09-02 02:00:00+00:00,2067.0
2019-09-02 03:00:00+00:00,2684.5
2019-09-02 04:00:00+00:00,3415.0
2019-09-02 05:00:00+00:00,3236.5
2019-09-02 06:00:00+00:00,3037.25
2019-09-02 07:00:00+00:00,3179.5
2019-09-02 08:00:00+00:00,2802.25
2019-09-02 09:00:00+00:00,2344.0
2019-09-02 10:00:00+00:00,1826.5
2019-09-02 11:00:00+00:00,1736.0
2019-09-02 12:00:00+00:00,1790.25
2019-09-02 13:00:00+00:00,1449.0
2019-09-02 14:00:00+00:00,1701.25
2019-09-02 15:00:00+00:00,2180.75
2019-09-02 16:00:00+00:00,2779.0
2019-09-02 17:00:00+00:00,3617.5
2019-09-02 18:00:00+00:00,4133.25
2019-09-02 19:00:00+00:00,4470.75
2019-09-02 20:00:00+00:00,4501.0
2019-09-02 21:00:00+00:00,4362.5
2019-09-02 22:00:00+00:00,4883.75
2019-09-02 23:00:00+00:00,5057.25
2019-09-03 00:00:00+00:00,5241.75
2019-09-03 01:00:00+00:00,5142.25
2019-09-03 02:00:00+00:00,5212.25
2019-09-03 03:00:00+00:00,5349.0
2019-09-03 04:00:00+00:00,5483.5
2019-09-03 05:00:00+00:00,5431.0
2019-09-03 06:00:00+00:00,5401.75
2019-09-03 07:00:00+00:00,5268.75
2019-09-03 08:00:00+00:00,5389.0
2019-09-03 09:00:00+00:00,5426.5
2019-09-03 10:00:00+00:00,5356.25
2019-09-03 11:00:00+00:00,5089.25
2019-09-03 12:00:00+00:00,5068.75
2019-09-03 13:00:00+00:00,4630.0
2019-09-03 14:00:00+00:00,3986.0
2019-09-03 15:00:00+00:00,3739.0
2019-09-03 16:00:00+00:00,3446.0
2019-09-03 17:00:00+00:00,3168.5
2019-09-03 18:00:00+00:00,3323.0
2019-09-03 19:00:00+00:00,3379.5
2019-09-03 20:00:00+00:00,3546.5
2019-09-03 21:00:00+00:00,4323.25
2019-09-03 22:00:00+00:00,4220.5
2019-09-03 23:00:00+00:00,4263.25
2019-09-04 00:00:00+00:00,4358.25
2019-09-04 01:00:00+00:00,4109.25
2019-09-04 02:00:00+00:00,3955.75
2019-09-04 03:00:00+00:00,3992.25
2019-09-04 04:00:00+00:00,3520.75
2019-09-04 05:00:00+00:00,3383.25
2019-09-04 06:00:00+00:00,3738.75
2019-09-04 07:00:00+00:00,4088.25
2019-09-04 08:00:00+00:00,4334.5
2019-09-04 09:00:00+00:00,4197.0
2019-09-04 10:00:00+00:00,3668.0
2019-09-04 11:00:00+00:00,3474.5
2019-09-04 12:00:00+00:00,3617.5
2019-09-04 13:00:00+00:00,3404.5
2019-09-04 14:00:00+00:00,3039.75
2019-09-04 15:00:00+00:00,1959.25
2019-09-04 16:00:00+00:00,1721.5
2019-09-04 17:00:00+00:00,2464.25
2019-09-04 18:00:00+00:00,2808.25
2019-09-04 19:00:00+00:00,3358.75
2019-09-04 20:00:00+00:00,2901.75
2019-09-04 21:00:00+00:00,3073.25
2019-09-04 22:00:00+00:00,2611.0
2019-09-04 23:00:00+00:00,3001.75
2019-09-05 00:00:00+00:00,3343.5
2019-09-05 01:00:00+00:00,3372.0
2019-09-05 02:00:00+00:00,3902.0
2019-09-05 03:00:00+00:00,4361.25
2019-09-05 04:00:00+00:00,4020.25
2019-09-05 05:00:00+00:00,3889.0
2019-09-05 06:00:00+00:00,4449.5
2019-09-05 07:00:00+00:00,4914.75
2019-09-05 08:00:00+00:00,4958.25
2019-09-05 09:00:00+00:00,4460.0
2019-09-05 10:00:00+00:00,4570.5
2019-09-05 11:00:00+00:00,4611.25
2019-09-05 12:00:00+00:00,4609.25
2019-09-05 13:00:00+00:00,4426.25
2019-09-05 14:00:00+00:00,4040.75
2019-09-05 15:00:00+00:00,4729.5
2019-09-05 16:00:00+00:00,5009.25
2019-09-05 17:00:00+00:00,4986.0
2019-09-05 18:00:00+00:00,4829.25
2019-09-05 19:00:00+00:00,4633.0
2019-09-05 20:00:00+00:00,4192.5
2019-09-05 21:00:00+00:00,4039.25
2019-09-05 22:00:00+00:00,4168.75
2019-09-05 23:00:00+00:00,4184.5
2019-09-06 00:00:00+00:00,4445.0
2019-09-06 01:00:00+00:00,4835.25
2019-09-06 02:00:00+00:00,4157.75
2019-09-06 03:00:00+00:00,3846.75
2019-09-06 04:00:00+00:00,4182.75
2019-09-06 05:00:00+00:00,4547.25
2019-09-06 06:00:00+00:00,4677.25
2019-09-06 07:00:00+00:00,4883.5
2019-09-06 08:00:00+00:00,4940.25
2019-09-06 09:00:00+00:00,4932.75
2019-09-06 10:00:00+00:00,4906.0
2019-09-06 11:00:00+00:00,4923.75
2019-09-06 12:00:00+00:00,4845.25
2019-09-06 13:00:00+00:00,4792.5
2019-09-06 14:00:00+00:00,4703.75
2019-09-06 15:00:00+00:00,4781.75
2019-09-06 16:00:00+00:00,4734.75
2019-09-06 17:00:00+00:00,4477.5
2019-09-06 18:00:00+00:00,3999.75
2019-09-06 19:00:00+00:00,3744.5
2019-09-06 20:00:00+00:00,3272.0
2019-09-06 21:00:00+00:00,2655.0
2019-09-06 22:00:00+00:00,2337.0
2019-09-06 23:00:00+00:00,2113.5
2019-09-07 00:00:00+00:00,2069.5
2019-09-07 01:00:00+00:00,2023.25
2019-09-07 02:00:00+00:00,1600.25
2019-09-07 03:00:00+00:00,1348.25
2019-09-07 04:00:00+00:00,1224.5
2019-09-07 05:00:00+00:00,1000.0
2019-09-07 06:00:00+00:00,843.25
2019-09-07 07:00:00+00:00,650.25
2019-09-07 08:00:00+00:00,509.75
2019-09-07 09:00:00+00:00,539.0
2019-09-07 10:00:00+00:00,395.75
2019-09-07 11:00:00+00:00,370.0
2019-09-07 12:00:00+00:00,489.0
2019-09-07 13:00:00+00:00,899.25
2019-09-07 14:00:00+00:00,1472.25
2019-09-07 15:00:00+00:00,1944.75
2019-09-07 16:00:00+00:00,2332.75
2019-09-07 17:00:00+00:00,3053.0
2019-09-07 18:00:00+00:00,3359.25
2019-09-07 19:00:00+00:00,3230.75
2019-09-07 20:00:00+00:00,3123.5
2019-09-07 21:00:00+00:00,2848.75
2019-09-07 22:00:00+00:00,2489.75
2019-09-07 23:00:00+00:00,2302.5
2019-09-08 00:00:00+00:00,1986.75
2019-09-08 01:00:00+00:00,2015.5
2019-09-08 02:00:00+00:00,2114.0
2019-09-08 03:00:00+00:00,1852.25
2019-09-08 04:00:00+00:00,1342.75
2019-09-08 05:00:00+00:00,992.25
2019-09-08 06:00:00+00:00,600.25
2019-09-08 07:00:00+00:00,292.75
2019-09-08 08:00:00+00:00,37.75
2019-09-08 09:00:00+00:00,10.5
2019-09-08 10:00:00+00:00,35.75
2019-09-08 11:00:00+00:00,54.0
2019-09-08 12:00:00+00:00,57.25
2019-09-08 13:00:00+00:00,58.75
2019-09-08 14:00:00+00:00,70.0
2019-09-08 15:00:00+00:00,82.25
2019-09-08 16:00:00+00:00,90.25
2019-09-08 17:00:00+00:00,104.0
2019-09-08 18:00:00+00:00,130.75
2019-09-08 19:00:00+00:00,104.0
2019-09-08 20:00:00+00:00,73.0
2019-09-08 21:00:00+00:00,52.0
2019-09-08 22:00:00+00:00,87.25
2019-09-08 23:00:00+00:00,125.75
2019-09-09 00:00:00+00:00,155.25
2019-09-09 01:00:00+00:00,182.25
2019-09-09 02:00:00+00:00,243.0
2019-09-09 03:00:00+00:00,252.75
2019-09-09 04:00:00+00:00,339.5
2019-09-09 05:00:00+00:00,344.75
2019-09-09 06:00:00+00:00,375.5
2019-09-09 07:00:00+00:00,410.5
2019-09-09 08:00:00+00:00,308.25
2019-09-09 09:00:00+00:00,254.75
2019-09-09 10:00:00+00:00,337.5
2019-09-09 11:00:00+00:00,422.75
2019-09-09 12:00:00+00:00,255.25
2019-09-09 13:00:00+00:00,573.5
2019-09-09 14:00:00+00:00,726.75
2019-09-09 15:00:00+00:00,702.75
2019-09-09 16:00:00+00:00,570.25
2019-09-09 17:00:00+00:00,514.0
2019-09-09 18:00:00+00:00,506.25
2019-09-09 19:00:00+00:00,413.0
2019-09-09 20:00:00+00:00,342.75
2019-09-09 21:00:00+00:00,322.5
2019-09-09 22:00:00+00:00,432.25
2019-09-09 23:00:00+00:00,622.0
2019-09-10 00:00:00+00:00,1102.0
2019-09-10 01:00:00+00:00,1518.25
2019-09-10 02:00:00+00:00,1438.25
2019-09-10 03:00:00+00:00,1361.0
2019-09-10 04:00:00+00:00,1625.25
2019-09-10 05:00:00+00:00,1954.5
2019-09-10 06:00:00+00:00,2184.75
2019-09-10 07:00:00+00:00,2300.75
2019-09-10 08:00:00+00:00,2688.25
2019-09-10 09:00:00+00:00,2980.0
2019-09-10 10:00:00+00:00,3116.5
2019-09-10 11:00:00+00:00,3044.25
2019-09-10 12:00:00+00:00,3046.25
2019-09-10 13:00:00+00:00,2994.25
2019-09-10 14:00:00+00:00,2855.75
2019-09-10 15:00:00+00:00,2865.25
2019-09-10 16:00:00+00:00,2586.5
2019-09-10 17:00:00+00:00,2260.75
2019-09-10 18:00:00+00:00,2039.5
2019-09-10 19:00:00+00:00,1829.75
2019-09-10 20:00:00+00:00,1710.0
2019-09-10 21:00:00+00:00,1493.0
2019-09-10 22:00:00+00:00,1584.5
2019-09-10 23:00:00+00:00,1928.0
2019-09-11 00:00:00+00:00,2658.0
2019-09-11 01:00:00+00:00,3093.25
2019-09-11 02:00:00+00:00,3482.5
2019-09-11 03:00:00+00:00,3635.5
2019-09-11 04:00:00+00:00,4104.0
2019-09-11 05:00:00+00:00,4246.5
2019-09-11 06:00:00+00:00,4337.25
2019-09-11 07:00:00+00:00,4361.25
2019-09-11 08:00:00+00:00,4152.5
2019-09-11 09:00:00+00:00,4198.5
2019-09-11 10:00:00+00:00,4222.5
2019-09-11 11:00:00+00:00,3996.5
2019-09-11 12:00:00+00:00,3968.5
2019-09-11 13:00:00+00:00,3994.0
2019-09-11 14:00:00+00:00,4075.25
2019-09-11 15:00:00+00:00,3834.0
2019-09-11 16:00:00+00:00,3850.0
2019-09-11 17:00:00+00:00,4223.0
2019-09-11 18:00:00+00:00,3875.5
2019-09-11 19:00:00+00:00,3432.25
2019-09-11 20:00:00+00:00,2801.5
2019-09-11 21:00:00+00:00,2782.5
2019-09-11 22:00:00+00:00,2691.0
2019-09-11 23:00:00+00:00,2516.75
2019-09-12 00:00:00+00:00,2584.75
2019-09-12 01:00:00+00:00,2327.75
2019-09-12 02:00:00+00:00,2424.75
2019-09-12 03:00:00+00:00,2539.75
2019-09-12 04:00:00+00:00,2582.75
2019-09-12 05:00:00+00:00,2635.75
2019-09-12 06:00:00+00:00,2881.0
2019-09-12 07:00:00+00:00,3128.5
2019-09-12 08:00:00+00:00,3473.25
2019-09-12 09:00:00+00:00,3471.0
2019-09-12 10:00:00+00:00,3761.5
2019-09-12 11:00:00+00:00,3756.0
2019-09-12 12:00:00+00:00,3809.5
2019-09-12 13:00:00+00:00,4033.0
2019-09-12 14:00:00+00:00,4380.75
2019-09-12 15:00:00+00:00,4536.25
2019-09-12 16:00:00+00:00,4717.25
2019-09-12 17:00:00+00:00,4905.0
2019-09-12 18:00:00+00:00,5101.25
2019-09-12 19:00:00+00:00,5160.25
2019-09-12 20:00:00+00:00,5126.75
2019-09-12 21:00:00+00:00,5436.75
2019-09-12 22:00:00+00:00,5301.0
2019-09-12 23:00:00+00:00,5207.75
2019-09-13 00:00:00+00:00,5051.5
2019-09-13 01:00:00+00:00,4965.75
2019-09-13 02:00:00+00:00,4790.5
2019-09-13 03:00:00+00:00,4934.0
2019-09-13 04:00:00+00:00,4764.5
2019-09-13 05:00:00+00:00,4092.25
2019-09-13 06:00:00+00:00,4082.5
2019-09-13 07:00:00+00:00,4044.25
2019-09-13 08:00:00+00:00,3827.0
2019-09-13 09:00:00+00:00,3634.5
2019-09-13 10:00:00+00:00,3217.0
2019-09-13 11:00:00+00:00,3239.0
2019-09-13 12:00:00+00:00,3144.0
2019-09-13 13:00:00+00:00,3008.5
2019-09-13 14:00:00+00:00,2873.0
2019-09-13 15:00:00+00:00,2775.25
2019-09-13 16:00:00+00:00,2781.5
2019-09-13 17:00:00+00:00,2592.0
2019-09-13 18:00:00+00:00,2353.25
2019-09-13 19:00:00+00:00,1947.0
2019-09-13 20:00:00+00:00,1896.75
2019-09-13 21:00:00+00:00,1922.25
2019-09-13 22:00:00+00:00,1540.75
2019-09-13 23:00:00+00:00,1278.0
2019-09-14 00:00:00+00:00,1086.5
2019-09-14 01:00:00+00:00,893.75
2019-09-14 02:00:00+00:00,982.25
2019-09-14 03:00:00+00:00,964.0
2019-09-14 04:00:00+00:00,955.25
2019-09-14 05:00:00+00:00,819.0
2019-09-14 06:00:00+00:00,763.25
2019-09-14 07:00:00+00:00,773.25
2019-09-14 08:00:00+00:00,881.0
2019-09-14 09:00:00+00:00,1048.75
2019-09-14 10:00:00+00:00,1169.75
2019-09-14 11:00:00+00:00,1522.75
2019-09-14 12:00:00+00:00,1832.5
2019-09-14 13:00:00+00:00,2003.75
2019-09-14 14:00:00+00:00,2186.75
2019-09-14 15:00:00+00:00,2358.75
2019-09-14 16:00:00+00:00,2525.75
2019-09-14 17:00:00+00:00,2721.75
2019-09-14 18:00:00+00:00,3044.0
2019-09-14 19:00:00+00:00,3746.5
2019-09-14 20:00:00+00:00,4638.5
2019-09-14 21:00:00+00:00,5117.25
2019-09-14 22:00:00+00:00,5525.0
2019-09-14 23:00:00+00:00,5685.0
2019-09-15 00:00:00+00:00,5737.0
2019-09-15 01:00:00+00:00,5507.0
2019-09-15 02:00:00+00:00,5241.0
2019-09-15 03:00:00+00:00,5151.5
2019-09-15 04:00:00+00:00,4766.25
2019-09-15 05:00:00+00:00,4359.25
2019-09-15 06:00:00+00:00,4354.25
2019-09-15 07:00:00+00:00,4349.75
2019-09-15 08:00:00+00:00,4339.75
2019-09-15 09:00:00+00:00,4305.75
2019-09-15 10:00:00+00:00,4234.75
2019-09-15 11:00:00+00:00,4169.75
2019-09-15 12:00:00+00:00,4177.5
2019-09-15 13:00:00+00:00,4118.25
2019-09-15 14:00:00+00:00,4308.75
2019-09-15 15:00:00+00:00,4428.25
2019-09-15 16:00:00+00:00,4286.0
2019-09-15 17:00:00+00:00,4250.25
2019-09-15 18:00:00+00:00,3959.25
2019-09-15 19:00:00+00:00,4007.0
2019-09-15 20:00:00+00:00,3913.5
2019-09-15 21:00:00+00:00,3615.75
2019-09-15 22:00:00+00:00,3270.75
2019-09-15 23:00:00+00:00,3058.0
2019-09-16 00:00:00+00:00,3025.0
2019-09-16 01:00:00+00:00,2733.0
2019-09-16 02:00:00+00:00,2597.75
2019-09-16 03:00:00+00:00,2453.0
2019-09-16 04:00:00+00:00,2268.75
2019-09-16 05:00:00+00:00,2326.75
2019-09-16 06:00:00+00:00,2484.25
2019-09-16 07:00:00+00:00,2509.75
2019-09-16 08:00:00+00:00,2043.25
2019-09-16 09:00:00+00:00,1813.75
2019-09-16 10:00:00+00:00,1847.5
2019-09-16 11:00:00+00:00,1960.0
2019-09-16 12:00:00+00:00,2109.75
2019-09-16 13:00:00+00:00,2509.5
2019-09-16 14:00:00+00:00,2596.0
2019-09-16 15:00:00+00:00,2801.0
2019-09-16 16:00:00+00:00,3040.75
2019-09-16 17:00:00+00:00,3075.5
2019-09-16 18:00:00+00:00,3570.25
2019-09-16 19:00:00+00:00,3829.75
2019-09-16 20:00:00+00:00,4285.5
2019-09-16 21:00:00+00:00,4402.25
2019-09-16 22:00:00+00:00,4363.0
2019-09-16 23:00:00+00:00,4931.25
2019-09-17 00:00:00+00:00,5216.5
2019-09-17 01:00:00+00:00,5401.5
2019-09-17 02:00:00+00:00,5479.25
2019-09-17 03:00:00+00:00,5492.75
2019-09-17 04:00:00+00:00,4836.75
2019-09-17 05:00:00+00:00,5217.25
2019-09-17 06:00:00+00:00,5237.0
2019-09-17 07:00:00+00:00,4854.5
2019-09-17 08:00:00+00:00,4205.75
2019-09-17 09:00:00+00:00,3770.5
2019-09-17 10:00:00+00:00,3568.75
2019-09-17 11:00:00+00:00,3447.0
2019-09-17 12:00:00+00:00,3264.0
2019-09-17 13:00:00+00:00,3280.25
2019-09-17 14:00:00+00:00,3268.5
2019-09-17 15:00:00+00:00,3216.75
2019-09-17 16:00:00+00:00,3296.75
2019-09-17 17:00:00+00:00,3555.5
2019-09-17 18:00:00+00:00,3529.25
2019-09-17 19:00:00+00:00,3549.5
2019-09-17 20:00:00+00:00,3844.75
2019-09-17 21:00:00+00:00,4189.0
2019-09-17 22:00:00+00:00,4724.0
2019-09-17 23:00:00+00:00,4985.0
2019-09-18 00:00:00+00:00,4941.25
2019-09-18 01:00:00+00:00,5197.75
2019-09-18 02:00:00+00:00,5229.75
2019-09-18 03:00:00+00:00,5234.0
2019-09-18 04:00:00+00:00,5127.75
2019-09-18 05:00:00+00:00,4973.75
2019-09-18 06:00:00+00:00,4808.25
2019-09-18 07:00:00+00:00,4909.75
2019-09-18 08:00:00+00:00,4656.5
2019-09-18 09:00:00+00:00,4157.0
2019-09-18 10:00:00+00:00,4165.5
2019-09-18 11:00:00+00:00,4118.25
2019-09-18 12:00:00+00:00,4911.0
2019-09-18 13:00:00+00:00,4976.0
2019-09-18 14:00:00+00:00,5167.5
2019-09-18 15:00:00+00:00,5028.5
2019-09-18 16:00:00+00:00,4926.25
2019-09-18 17:00:00+00:00,4845.75
2019-09-18 18:00:00+00:00,4558.5
2019-09-18 19:00:00+00:00,4578.5
2019-09-18 20:00:00+00:00,4405.0
2019-09-18 21:00:00+00:00,3967.25
2019-09-18 22:00:00+00:00,3653.25
2019-09-18 23:00:00+00:00,3108.25
2019-09-19 00:00:00+00:00,2646.25
2019-09-19 01:00:00+00:00,2351.25
2019-09-19 02:00:00+00:00,2173.75
2019-09-19 03:00:00+00:00,2110.75
2019-09-19 04:00:00+00:00,2190.75
2019-09-19 05:00:00+00:00,1974.75
2019-09-19 06:00:00+00:00,1633.25
2019-09-19 07:00:00+00:00,1329.5
2019-09-19 08:00:00+00:00,1190.25
2019-09-19 09:00:00+00:00,1172.5
2019-09-19 10:00:00+00:00,1150.0
2019-09-19 11:00:00+00:00,932.75
2019-09-19 12:00:00+00:00,915.25
2019-09-19 13:00:00+00:00,902.25
2019-09-19 14:00:00+00:00,1004.75
2019-09-19 15:00:00+00:00,985.25
2019-09-19 16:00:00+00:00,1111.25
2019-09-19 17:00:00+00:00,1059.0
2019-09-19 18:00:00+00:00,909.5
2019-09-19 19:00:00+00:00,723.25
2019-09-19 20:00:00+00:00,494.0
2019-09-19 21:00:00+00:00,380.5
2019-09-19 22:00:00+00:00,356.25
2019-09-19 23:00:00+00:00,411.0
2019-09-20 00:00:00+00:00,489.5
2019-09-20 01:00:00+00:00,544.75
2019-09-20 02:00:00+00:00,584.25
2019-09-20 03:00:00+00:00,693.5
2019-09-20 04:00:00+00:00,676.0
2019-09-20 05:00:00+00:00,734.5
2019-09-20 06:00:00+00:00,661.75
2019-09-20 07:00:00+00:00,692.25
2019-09-20 08:00:00+00:00,756.75
2019-09-20 09:00:00+00:00,988.5
2019-09-20 10:00:00+00:00,1063.75
2019-09-20 11:00:00+00:00,1159.5
2019-09-20 12:00:00+00:00,1222.5
2019-09-20 13:00:00+00:00,1172.5
2019-09-20 14:00:00+00:00,1280.75
2019-09-20 15:00:00+00:00,1146.75
2019-09-20 16:00:00+00:00,1094.5
2019-09-20 17:00:00+00:00,972.25
2019-09-20 18:00:00+00:00,957.25
2019-09-20 19:00:00+00:00,796.5
2019-09-20 20:00:00+00:00,622.25
2019-09-20 21:00:00+00:00,629.5
2019-09-20 22:00:00+00:00,450.5
2019-09-20 23:00:00+00:00,443.5
2019-09-21 00:00:00+00:00,533.25
2019-09-21 01:00:00+00:00,457.5
2019-09-21 02:00:00+00:00,423.5
2019-09-21 03:00:00+00:00,438.5
2019-09-21 04:00:00+00:00,404.0
2019-09-21 05:00:00+00:00,390.25
2019-09-21 06:00:00+00:00,291.75
2019-09-21 07:00:00+00:00,284.25
2019-09-21 08:00:00+00:00,321.0
2019-09-21 09:00:00+00:00,321.25
2019-09-21 10:00:00+00:00,301.5
2019-09-21 11:00:00+00:00,355.5
2019-09-21 12:00:00+00:00,487.25
2019-09-21 13:00:00+00:00,659.75
2019-09-21 14:00:00+00:00,938.75
2019-09-21 15:00:00+00:00,1285.25
2019-09-21 16:00:00+00:00,1639.5
2019-09-21 17:00:00+00:00,1891.5
2019-09-21 18:00:00+00:00,2076.25
2019-09-21 19:00:00+00:00,2213.0
2019-09-21 20:00:00+00:00,2291.5
2019-09-21 21:00:00+00:00,2247.5
2019-09-21 22:00:00+00:00,2150.75
2019-09-21 23:00:00+00:00,1893.75
2019-09-22 00:00:00+00:00,1792.25
2019-09-22 01:00:00+00:00,1549.75
2019-09-22 02:00:00+00:00,1316.0
2019-09-22 03:00:00+00:00,1274.75
2019-09-22 04:00:00+00:00,1237.5
2019-09-22 05:00:00+00:00,1278.75
2019-09-22 06:00:00+00:00,1327.0
2019-09-22 07:00:00+00:00,1395.75
2019-09-22 08:00:00+00:00,1231.25
2019-09-22 09:00:00+00:00,997.75
2019-09-22 10:00:00+00:00,1010.75
2019-09-22 11:00:00+00:00,1271.75
2019-09-22 12:00:00+00:00,1697.75
2019-09-22 13:00:00+00:00,2168.75
2019-09-22 14:00:00+00:00,2441.0
2019-09-22 15:00:00+00:00,2642.5
2019-09-22 16:00:00+00:00,2789.5
2019-09-22 17:00:00+00:00,2894.25
2019-09-22 18:00:00+00:00,3229.5
2019-09-22 19:00:00+00:00,3408.5
2019-09-22 20:00:00+00:00,3727.5
2019-09-22 21:00:00+00:00,4013.75
2019-09-22 22:00:00+00:00,4026.25
2019-09-22 23:00:00+00:00,3622.25
2019-09-23 00:00:00+00:00,2974.75
2019-09-23 01:00:00+00:00,3022.75
2019-09-23 02:00:00+00:00,3479.0
2019-09-23 03:00:00+00:00,3698.0
2019-09-23 04:00:00+00:00,3141.25
2019-09-23 05:00:00+00:00,2387.0
2019-09-23 06:00:00+00:00,1948.0
2019-09-23 07:00:00+00:00,1802.25
2019-09-23 08:00:00+00:00,1657.0
2019-09-23 09:00:00+00:00,1463.25
2019-09-23 10:00:00+00:00,1219.5
2019-09-23 11:00:00+00:00,1164.0
2019-09-23 12:00:00+00:00,1119.5
2019-09-23 13:00:00+00:00,1001.5
2019-09-23 14:00:00+00:00,963.25
2019-09-23 15:00:00+00:00,846.25
2019-09-23 16:00:00+00:00,766.5
2019-09-23 17:00:00+00:00,724.0
2019-09-23 18:00:00+00:00,799.75
2019-09-23 19:00:00+00:00,743.25
2019-09-23 20:00:00+00:00,646.0
2019-09-23 21:00:00+00:00,925.75
2019-09-23 22:00:00+00:00,871.5
2019-09-23 23:00:00+00:00,832.25
2019-09-24 00:00:00+00:00,638.0
2019-09-24 01:00:00+00:00,575.75
2019-09-24 02:00:00+00:00,670.0
2019-09-24 03:00:00+00:00,738.25
2019-09-24 04:00:00+00:00,980.0
2019-09-24 05:00:00+00:00,1273.25
2019-09-24 06:00:00+00:00,1655.5
2019-09-24 07:00:00+00:00,1699.0
2019-09-24 08:00:00+00:00,1812.5
2019-09-24 09:00:00+00:00,2068.0
2019-09-24 10:00:00+00:00,2607.25
2019-09-24 11:00:00+00:00,2758.5
2019-09-24 12:00:00+00:00,2875.75
2019-09-24 13:00:00+00:00,3036.75
2019-09-24 14:00:00+00:00,3009.25
2019-09-24 15:00:00+00:00,2637.25
2019-09-24 16:00:00+00:00,2798.25
2019-09-24 17:00:00+00:00,3131.25
2019-09-24 18:00:00+00:00,3502.0
2019-09-24 19:00:00+00:00,3283.75
2019-09-24 20:00:00+00:00,2889.75
2019-09-24 21:00:00+00:00,2680.0
2019-09-24 22:00:00+00:00,2404.25
2019-09-24 23:00:00+00:00,2291.25
2019-09-25 00:00:00+00:00,2105.25
2019-09-25 01:00:00+00:00,1639.5
2019-09-25 02:00:00+00:00,1234.25
2019-09-25 03:00:00+00:00,936.25
2019-09-25 04:00:00+00:00,716.0
2019-09-25 05:00:00+00:00,722.25
2019-09-25 06:00:00+00:00,848.5
2019-09-25 07:00:00+00:00,877.75
2019-09-25 08:00:00+00:00,816.5
2019-09-25 09:00:00+00:00,805.25
2019-09-25 10:00:00+00:00,834.25
2019-09-25 11:00:00+00:00,797.0
2019-09-25 12:00:00+00:00,636.75
2019-09-25 13:00:00+00:00,497.75
2019-09-25 14:00:00+00:00,520.0
2019-09-25 15:00:00+00:00,568.75
2019-09-25 16:00:00+00:00,656.25
2019-09-25 17:00:00+00:00,719.5
2019-09-25 18:00:00+00:00,837.0
2019-09-25 19:00:00+00:00,1078.25
2019-09-25 20:00:00+00:00,1266.75
2019-09-25 21:00:00+00:00,1633.5
2019-09-25 22:00:00+00:00,1892.25
2019-09-25 23:00:00+00:00,2189.25
2019-09-26 00:00:00+00:00,2271.0
2019-09-26 01:00:00+00:00,2140.5
2019-09-26 02:00:00+00:00,2003.5
2019-09-26 03:00:00+00:00,2024.0
2019-09-26 04:00:00+00:00,2255.75
2019-09-26 05:00:00+00:00,2399.5
2019-09-26 06:00:00+00:00,2589.0
2019-09-26 07:00:00+00:00,2708.0
2019-09-26 08:00:00+00:00,2899.0
2019-09-26 09:00:00+00:00,2680.5
2019-09-26 10:00:00+00:00,2805.0
2019-09-26 11:00:00+00:00,2854.25
2019-09-26 12:00:00+00:00,3146.5
2019-09-26 13:00:00+00:00,3567.25
2019-09-26 14:00:00+00:00,3788.25
2019-09-26 15:00:00+00:00,4143.5
2019-09-26 16:00:00+00:00,4220.5
2019-09-26 17:00:00+00:00,3992.75
2019-09-26 18:00:00+00:00,3695.0
2019-09-26 19:00:00+00:00,3351.0
2019-09-26 20:00:00+00:00,3057.0
2019-09-26 21:00:00+00:00,2691.75
2019-09-26 22:00:00+00:00,2609.25
2019-09-26 23:00:00+00:00,2365.25
2019-09-27 00:00:00+00:00,2802.0
2019-09-27 01:00:00+00:00,2716.0
2019-09-27 02:00:00+00:00,2658.5
2019-09-27 03:00:00+00:00,2365.25
2019-09-27 04:00:00+00:00,2702.5
2019-09-27 05:00:00+00:00,3051.75
2019-09-27 06:00:00+00:00,3352.0
2019-09-27 07:00:00+00:00,3767.5
2019-09-27 08:00:00+00:00,3982.25
2019-09-27 09:00:00+00:00,4120.75
2019-09-27 10:00:00+00:00,3898.0
2019-09-27 11:00:00+00:00,3784.5
2019-09-27 12:00:00+00:00,3449.5
2019-09-27 13:00:00+00:00,3399.25
2019-09-27 14:00:00+00:00,3329.5
2019-09-27 15:00:00+00:00,3416.5
2019-09-27 16:00:00+00:00,3542.5
2019-09-27 17:00:00+00:00,3557.75
2019-09-27 18:00:00+00:00,3882.0
2019-09-27 19:00:00+00:00,4027.0
2019-09-27 20:00:00+00:00,3901.5
2019-09-27 21:00:00+00:00,4385.5
2019-09-27 22:00:00+00:00,4500.25
2019-09-27 23:00:00+00:00,4563.5
2019-09-28 00:00:00+00:00,4464.0
2019-09-28 01:00:00+00:00,4455.75
2019-09-28 02:00:00+00:00,4477.5
2019-09-28 03:00:00+00:00,4503.0
2019-09-28 04:00:00+00:00,4647.0
2019-09-28 05:00:00+00:00,4674.75
2019-09-28 06:00:00+00:00,4863.0
2019-09-28 07:00:00+00:00,4864.0
2019-09-28 08:00:00+00:00,4659.0
2019-09-28 09:00:00+00:00,4765.75
2019-09-28 10:00:00+00:00,4749.75
2019-09-28 11:00:00+00:00,4712.25
2019-09-28 12:00:00+00:00,4736.75
2019-09-28 13:00:00+00:00,4665.5
2019-09-28 14:00:00+00:00,4722.5
2019-09-28 15:00:00+00:00,4627.75
2019-09-28 16:00:00+00:00,4594.0
2019-09-28 17:00:00+00:00,4601.0
2019-09-28 18:00:00+00:00,4722.75
2019-09-28 19:00:00+00:00,4919.0
2019-09-28 20:00:00+00:00,5097.0
2019-09-28 21:00:00+00:00,5096.0
2019-09-28 22:00:00+00:00,4972.75
2019-09-28 23:00:00+00:00,4797.5
2019-09-29 00:00:00+00:00,4679.25
2019-09-29 01:00:00+00:00,4903.25
2019-09-29 02:00:00+00:00,4685.5
2019-09-29 03:00:00+00:00,4749.75
2019-09-29 04:00:00+00:00,4261.5
2019-09-29 05:00:00+00:00,3129.25
2019-09-29 06:00:00+00:00,3145.25
2019-09-29 07:00:00+00:00,4341.25
2019-09-29 08:00:00+00:00,4766.5
2019-09-29 09:00:00+00:00,4927.25
2019-09-29 10:00:00+00:00,5150.25
2019-09-29 11:00:00+00:00,5034.0
2019-09-29 12:00:00+00:00,4966.0
2019-09-29 13:00:00+00:00,4948.0
2019-09-29 14:00:00+00:00,4086.5
2019-09-29 15:00:00+00:00,3672.75
2019-09-29 16:00:00+00:00,2612.75
2019-09-29 17:00:00+00:00,1858.25
2019-09-29 18:00:00+00:00,1383.25
2019-09-29 19:00:00+00:00,1552.0
2019-09-29 20:00:00+00:00,1537.25
2019-09-29 21:00:00+00:00,1606.0
2019-09-29 22:00:00+00:00,2774.25
2019-09-29 23:00:00+00:00,3927.75
2019-09-30 00:00:00+00:00,4754.75
2019-09-30 01:00:00+00:00,5209.5
2019-09-30 02:00:00+00:00,5284.0
2019-09-30 03:00:00+00:00,5274.25
2019-09-30 04:00:00+00:00,5284.75
2019-09-30 05:00:00+00:00,5183.5
2019-09-30 06:00:00+00:00,4758.75
2019-09-30 07:00:00+00:00,4495.0
2019-09-30 08:00:00+00:00,4518.25
2019-09-30 09:00:00+00:00,5098.5
2019-09-30 10:00:00+00:00,5223.75
2019-09-30 11:00:00+00:00,5189.75
2019-09-30 12:00:00+00:00,5131.0
2019-09-30 13:00:00+00:00,5285.75
2019-09-30 14:00:00+00:00,5152.75
2019-09-30 15:00:00+00:00,5163.0
2019-09-30 16:00:00+00:00,4818.25
2019-09-30 17:00:00+00:00,4173.5
2019-09-30 18:00:00+00:00,3542.25
2019-09-30 19:00:00+00:00,2880.5
2019-09-30 20:00:00+00:00,2301.0
2019-09-30 21:00:00+00:00,1691.0
2019-09-30 22:00:00+00:00,1512.0
2019-09-30 23:00:00+00:00,1286.5
2019-10-01 00:00:00+00:00,1175.75
2019-10-01 01:00:00+00:00,1006.0
2019-10-01 02:00:00+00:00,933.25
2019-10-01 03:00:00+00:00,967.5
2019-10-01 04:00:00+00:00,1326.75
2019-10-01 05:00:00+00:00,1685.25
2019-10-01 06:00:00+00:00,2134.25
2019-10-01 07:00:00+00:00,2462.25
2019-10-01 08:00:00+00:00,2859.25
2019-10-01 09:00:00+00:00,2643.0
2019-10-01 10:00:00+00:00,2337.25
2019-10-01 11:00:00+00:00,2223.75
2019-10-01 12:00:00+00:00,1919.75
2019-10-01 13:00:00+00:00,1406.0
2019-10-01 14:00:00+00:00,885.0
2019-10-01 15:00:00+00:00,935.0
2019-10-01 16:00:00+00:00,1236.75
2019-10-01 17:00:00+00:00,1686.5
2019-10-01 18:00:00+00:00,1755.5
2019-10-01 19:00:00+00:00,1932.75
2019-10-01 20:00:00+00:00,2541.75
2019-10-01 21:00:00+00:00,2629.25
2019-10-01 22:00:00+00:00,3327.5
2019-10-01 23:00:00+00:00,3743.25
2019-10-02 00:00:00+00:00,3834.25
2019-10-02 01:00:00+00:00,4381.75
2019-10-02 02:00:00+00:00,4707.5
2019-10-02 03:00:00+00:00,4861.75
2019-10-02 04:00:00+00:00,4909.5
2019-10-02 05:00:00+00:00,4803.0
2019-10-02 06:00:00+00:00,4558.5
2019-10-02 07:00:00+00:00,4694.5
2019-10-02 08:00:00+00:00,4870.75
2019-10-02 09:00:00+00:00,4887.5
2019-10-02 10:00:00+00:00,5037.75
2019-10-02 11:00:00+00:00,5146.0
2019-10-02 12:00:00+00:00,5322.5
2019-10-02 13:00:00+00:00,5038.75
2019-10-02 14:00:00+00:00,5343.0
2019-10-02 15:00:00+00:00,5091.25
2019-10-02 16:00:00+00:00,5014.75
2019-10-02 17:00:00+00:00,4787.5
2019-10-02 18:00:00+00:00,4748.25
2019-10-02 19:00:00+00:00,4715.25
2019-10-02 20:00:00+00:00,4820.0
2019-10-02 21:00:00+00:00,4497.75
2019-10-02 22:00:00+00:00,3757.0
2019-10-02 23:00:00+00:00,3015.5
2019-10-03 00:00:00+00:00,2528.25
2019-10-03 01:00:00+00:00,2469.0
2019-10-03 02:00:00+00:00,2110.25
2019-10-03 03:00:00+00:00,1645.5
2019-10-03 04:00:00+00:00,1404.75
2019-10-03 05:00:00+00:00,1146.0
2019-10-03 06:00:00+00:00,1161.5
2019-10-03 07:00:00+00:00,939.0
2019-10-03 08:00:00+00:00,598.75
2019-10-03 09:00:00+00:00,355.0
2019-10-03 10:00:00+00:00,320.5
2019-10-03 11:00:00+00:00,297.5
2019-10-03 12:00:00+00:00,273.75
2019-10-03 13:00:00+00:00,243.25
2019-10-03 14:00:00+00:00,283.75
2019-10-03 15:00:00+00:00,301.0
2019-10-03 16:00:00+00:00,217.25
2019-10-03 17:00:00+00:00,147.75
2019-10-03 18:00:00+00:00,186.25
2019-10-03 19:00:00+00:00,282.5
2019-10-03 20:00:00+00:00,571.5
2019-10-03 21:00:00+00:00,1159.5
2019-10-03 22:00:00+00:00,1300.25
2019-10-03 23:00:00+00:00,1791.5
2019-10-04 00:00:00+00:00,2134.0
2019-10-04 01:00:00+00:00,1782.25
2019-10-04 02:00:00+00:00,1627.0
2019-10-04 03:00:00+00:00,2071.5
2019-10-04 04:00:00+00:00,2469.75
2019-10-04 05:00:00+00:00,3232.75
2019-10-04 06:00:00+00:00,3076.75
2019-10-04 07:00:00+00:00,3080.0
2019-10-04 08:00:00+00:00,2947.5
2019-10-04 09:00:00+00:00,3082.75
2019-10-04 10:00:00+00:00,2361.5
2019-10-04 11:00:00+00:00,1755.25
2019-10-04 12:00:00+00:00,1716.0
2019-10-04 13:00:00+00:00,1669.5
2019-10-04 14:00:00+00:00,1900.0
2019-10-04 15:00:00+00:00,1871.25
2019-10-04 16:00:00+00:00,2323.25
2019-10-04 17:00:00+00:00,3041.0
2019-10-04 18:00:00+00:00,3594.5
2019-10-04 19:00:00+00:00,3847.25
2019-10-04 20:00:00+00:00,3447.75
2019-10-04 21:00:00+00:00,2947.0
2019-10-04 22:00:00+00:00,3253.5
2019-10-04 23:00:00+00:00,3103.5
2019-10-05 00:00:00+00:00,3112.75
2019-10-05 01:00:00+00:00,3225.0
2019-10-05 02:00:00+00:00,3322.25
2019-10-05 03:00:00+00:00,3235.5
2019-10-05 04:00:00+00:00,3288.5
2019-10-05 05:00:00+00:00,3308.5
2019-10-05 06:00:00+00:00,3354.0
2019-10-05 07:00:00+00:00,3535.25
2019-10-05 08:00:00+00:00,3548.25
2019-10-05 09:00:00+00:00,3419.75
2019-10-05 10:00:00+00:00,3122.25
2019-10-05 11:00:00+00:00,2703.25
2019-10-05 12:00:00+00:00,2351.75
2019-10-05 13:00:00+00:00,2091.25
2019-10-05 14:00:00+00:00,1884.25
2019-10-05 15:00:00+00:00,1844.75
2019-10-05 16:00:00+00:00,2080.25
2019-10-05 17:00:00+00:00,2280.0
2019-10-05 18:00:00+00:00,2679.75
2019-10-05 19:00:00+00:00,3158.25
2019-10-05 20:00:00+00:00,3816.0
2019-10-05 21:00:00+00:00,3967.25
2019-10-05 22:00:00+00:00,3846.0
2019-10-05 23:00:00+00:00,3889.75
2019-10-06 00:00:00+00:00,3958.75
2019-10-06 01:00:00+00:00,3851.0
2019-10-06 02:00:00+00:00,3850.25
2019-10-06 03:00:00+00:00,3758.5
2019-10-06 04:00:00+00:00,3824.75
2019-10-06 05:00:00+00:00,4230.0
2019-10-06 06:00:00+00:00,4647.5
2019-10-06 07:00:00+00:00,4903.0
2019-10-06 08:00:00+00:00,5011.5
2019-10-06 09:00:00+00:00,5064.75
2019-10-06 10:00:00+00:00,5031.0
2019-10-06 11:00:00+00:00,5049.75
2019-10-06 12:00:00+00:00,5062.0
2019-10-06 13:00:00+00:00,4987.75
2019-10-06 14:00:00+00:00,4989.75
2019-10-06 15:00:00+00:00,5047.75
2019-10-06 16:00:00+00:00,5162.0
2019-10-06 17:00:00+00:00,5250.25
2019-10-06 18:00:00+00:00,5236.25
2019-10-06 19:00:00+00:00,5153.25
2019-10-06 20:00:00+00:00,5009.5
2019-10-06 21:00:00+00:00,4690.25
2019-10-06 22:00:00+00:00,3919.75
2019-10-06 23:00:00+00:00,3280.75
2019-10-07 00:00:00+00:00,2778.75
2019-10-07 01:00:00+00:00,2340.5
2019-10-07 02:00:00+00:00,2561.75
2019-10-07 03:00:00+00:00,2354.25
2019-10-07 04:00:00+00:00,1763.75
2019-10-07 05:00:00+00:00,2231.5
2019-10-07 06:00:00+00:00,2694.5
2019-10-07 07:00:00+00:00,2256.0
2019-10-07 08:00:00+00:00,1952.25
2019-10-07 09:00:00+00:00,2104.75
2019-10-07 10:00:00+00:00,2528.75
2019-10-07 11:00:00+00:00,2579.75
2019-10-07 12:00:00+00:00,2427.75
2019-10-07 13:00:00+00:00,2395.75
2019-10-07 14:00:00+00:00,2679.25
2019-10-07 15:00:00+00:00,3174.0
2019-10-07 16:00:00+00:00,3655.75
2019-10-07 17:00:00+00:00,4088.5
2019-10-07 18:00:00+00:00,4468.0
2019-10-07 19:00:00+00:00,4548.5
2019-10-07 20:00:00+00:00,4696.5
2019-10-07 21:00:00+00:00,4830.5
2019-10-07 22:00:00+00:00,4959.5
2019-10-07 23:00:00+00:00,5041.5
2019-10-08 00:00:00+00:00,5207.25
2019-10-08 01:00:00+00:00,5190.0
2019-10-08 02:00:00+00:00,4761.0
2019-10-08 03:00:00+00:00,4487.75
2019-10-08 04:00:00+00:00,4483.0
2019-10-08 05:00:00+00:00,4682.0
2019-10-08 06:00:00+00:00,4272.0
2019-10-08 07:00:00+00:00,3966.5
2019-10-08 08:00:00+00:00,4004.0
2019-10-08 09:00:00+00:00,4095.25
2019-10-08 10:00:00+00:00,3995.75
2019-10-08 11:00:00+00:00,4361.5
2019-10-08 12:00:00+00:00,4703.75
2019-10-08 13:00:00+00:00,4965.75
2019-10-08 14:00:00+00:00,5310.25
2019-10-08 15:00:00+00:00,5351.0
2019-10-08 16:00:00+00:00,5304.75
2019-10-08 17:00:00+00:00,5412.0
2019-10-08 18:00:00+00:00,5392.75
2019-10-08 19:00:00+00:00,5084.75
2019-10-08 20:00:00+00:00,5036.0
2019-10-08 21:00:00+00:00,4702.0
2019-10-08 22:00:00+00:00,5069.25
2019-10-08 23:00:00+00:00,4843.5
2019-10-09 00:00:00+00:00,4514.5
2019-10-09 01:00:00+00:00,4602.75
2019-10-09 02:00:00+00:00,5208.0
2019-10-09 03:00:00+00:00,5344.5
2019-10-09 04:00:00+00:00,5683.25
2019-10-09 05:00:00+00:00,5831.25
2019-10-09 06:00:00+00:00,5349.0
2019-10-09 07:00:00+00:00,4970.75
2019-10-09 08:00:00+00:00,4804.25
2019-10-09 09:00:00+00:00,4681.25
2019-10-09 10:00:00+00:00,4645.0
2019-10-09 11:00:00+00:00,4881.75
2019-10-09 12:00:00+00:00,4810.75
2019-10-09 13:00:00+00:00,4711.5
2019-10-09 14:00:00+00:00,4424.0
2019-10-09 15:00:00+00:00,3871.75
2019-10-09 16:00:00+00:00,4174.5
2019-10-09 17:00:00+00:00,3891.25
2019-10-09 18:00:00+00:00,3473.25
2019-10-09 19:00:00+00:00,3932.5
2019-10-09 20:00:00+00:00,3597.5
2019-10-09 21:00:00+00:00,3644.75
2019-10-09 22:00:00+00:00,3152.75
2019-10-09 23:00:00+00:00,3488.0
2019-10-10 00:00:00+00:00,3050.25
2019-10-10 01:00:00+00:00,3451.5
2019-10-10 02:00:00+00:00,4144.0
2019-10-10 03:00:00+00:00,4640.25
2019-10-10 04:00:00+00:00,5094.25
2019-10-10 05:00:00+00:00,5254.0
2019-10-10 06:00:00+00:00,5437.75
2019-10-10 07:00:00+00:00,5516.25
2019-10-10 08:00:00+00:00,5627.75
2019-10-10 09:00:00+00:00,5504.0
2019-10-10 10:00:00+00:00,5659.5
2019-10-10 11:00:00+00:00,5878.25
2019-10-10 12:00:00+00:00,5956.75
2019-10-10 13:00:00+00:00,5960.75
2019-10-10 14:00:00+00:00,5684.75
2019-10-10 15:00:00+00:00,5717.5
2019-10-10 16:00:00+00:00,5771.75
2019-10-10 17:00:00+00:00,5458.75
2019-10-10 18:00:00+00:00,5636.5
2019-10-10 19:00:00+00:00,5719.5
2019-10-10 20:00:00+00:00,5839.0
2019-10-10 21:00:00+00:00,5943.5
2019-10-10 22:00:00+00:00,5574.5
2019-10-10 23:00:00+00:00,5375.0
2019-10-11 00:00:00+00:00,5381.75
2019-10-11 01:00:00+00:00,5342.75
2019-10-11 02:00:00+00:00,5305.75
2019-10-11 03:00:00+00:00,4965.0
2019-10-11 04:00:00+00:00,5066.75
2019-10-11 05:00:00+00:00,5182.5
2019-10-11 06:00:00+00:00,5201.75
2019-10-11 07:00:00+00:00,5205.5
2019-10-11 08:00:00+00:00,5244.0
2019-10-11 09:00:00+00:00,5598.25
2019-10-11 10:00:00+00:00,5606.25
2019-10-11 11:00:00+00:00,5590.0
2019-10-11 12:00:00+00:00,5582.0
2019-10-11 13:00:00+00:00,5417.25
2019-10-11 14:00:00+00:00,5205.0
2019-10-11 15:00:00+00:00,5376.25
2019-10-11 16:00:00+00:00,5479.0
2019-10-11 17:00:00+00:00,5488.0
2019-10-11 18:00:00+00:00,5491.25
2019-10-11 19:00:00+00:00,5412.5
2019-10-11 20:00:00+00:00,5243.5
2019-10-11 21:00:00+00:00,5261.5
2019-10-11 22:00:00+00:00,5349.25
2019-10-11 23:00:00+00:00,5319.25
2019-10-12 00:00:00+00:00,5308.0
2019-10-12 01:00:00+00:00,5475.75
2019-10-12 02:00:00+00:00,5793.0
2019-10-12 03:00:00+00:00,6095.0
2019-10-12 04:00:00+00:00,5917.25
2019-10-12 05:00:00+00:00,6099.0
2019-10-12 06:00:00+00:00,5814.75
2019-10-12 07:00:00+00:00,5780.5
2019-10-12 08:00:00+00:00,5871.25
2019-10-12 09:00:00+00:00,5957.5
2019-10-12 10:00:00+00:00,5920.75
2019-10-12 11:00:00+00:00,5859.0
2019-10-12 12:00:00+00:00,5810.25
2019-10-12 13:00:00+00:00,5548.5
2019-10-12 14:00:00+00:00,5203.75
2019-10-12 15:00:00+00:00,4604.0
2019-10-12 16:00:00+00:00,4322.75
2019-10-12 17:00:00+00:00,3731.0
2019-10-12 18:00:00+00:00,3590.25
2019-10-12 19:00:00+00:00,3180.0
2019-10-12 20:00:00+00:00,2889.5
2019-10-12 21:00:00+00:00,2486.5
2019-10-12 22:00:00+00:00,2172.0
2019-10-12 23:00:00+00:00,1795.75
2019-10-13 00:00:00+00:00,1752.75
2019-10-13 01:00:00+00:00,1547.0
2019-10-13 02:00:00+00:00,1303.5
2019-10-13 03:00:00+00:00,1215.0
2019-10-13 04:00:00+00:00,1009.5
2019-10-13 05:00:00+00:00,945.25
2019-10-13 06:00:00+00:00,1143.0
2019-10-13 07:00:00+00:00,1292.75
2019-10-13 08:00:00+00:00,1855.0
2019-10-13 09:00:00+00:00,1671.5
2019-10-13 10:00:00+00:00,2104.25
2019-10-13 11:00:00+00:00,2569.25
2019-10-13 12:00:00+00:00,3210.75
2019-10-13 13:00:00+00:00,3757.25
2019-10-13 14:00:00+00:00,4429.0
2019-10-13 15:00:00+00:00,4619.0
2019-10-13 16:00:00+00:00,5201.5
2019-10-13 17:00:00+00:00,5343.25
2019-10-13 18:00:00+00:00,5392.5
2019-10-13 19:00:00+00:00,5529.75
2019-10-13 20:00:00+00:00,5526.75
2019-10-13 21:00:00+00:00,5508.25
2019-10-13 22:00:00+00:00,5491.75
2019-10-13 23:00:00+00:00,5481.5
2019-10-14 00:00:00+00:00,5632.0
2019-10-14 01:00:00+00:00,5745.75
2019-10-14 02:00:00+00:00,5582.5
2019-10-14 03:00:00+00:00,4769.25
2019-10-14 04:00:00+00:00,3659.0
2019-10-14 05:00:00+00:00,2471.5
2019-10-14 06:00:00+00:00,1769.5
2019-10-14 07:00:00+00:00,1265.75
2019-10-14 08:00:00+00:00,1005.75
2019-10-14 09:00:00+00:00,844.0
2019-10-14 10:00:00+00:00,796.25
2019-10-14 11:00:00+00:00,719.25
2019-10-14 12:00:00+00:00,593.75
2019-10-14 13:00:00+00:00,510.25
2019-10-14 14:00:00+00:00,816.0
2019-10-14 15:00:00+00:00,1738.0
2019-10-14 16:00:00+00:00,3410.0
2019-10-14 17:00:00+00:00,4709.5
2019-10-14 18:00:00+00:00,4912.75
2019-10-14 19:00:00+00:00,4897.5
2019-10-14 20:00:00+00:00,5157.5
2019-10-14 21:00:00+00:00,5243.75
2019-10-14 22:00:00+00:00,5025.75
2019-10-14 23:00:00+00:00,4281.0
2019-10-15 00:00:00+00:00,4774.0
2019-10-15 01:00:00+00:00,5281.0
2019-10-15 02:00:00+00:00,5289.25
2019-10-15 03:00:00+00:00,4556.5
2019-10-15 04:00:00+00:00,4565.25
2019-10-15 05:00:00+00:00,3937.25
2019-10-15 06:00:00+00:00,3292.0
2019-10-15 07:00:00+00:00,2800.75
2019-10-15 08:00:00+00:00,2359.25
2019-10-15 09:00:00+00:00,2651.0
2019-10-15 10:00:00+00:00,2937.0
2019-10-15 11:00:00+00:00,2504.5
2019-10-15 12:00:00+00:00,2898.5
2019-10-15 13:00:00+00:00,2825.0
2019-10-15 14:00:00+00:00,2227.25
2019-10-15 15:00:00+00:00,2050.25
2019-10-15 16:00:00+00:00,1874.5
2019-10-15 17:00:00+00:00,1452.75
2019-10-15 18:00:00+00:00,1061.75
2019-10-15 19:00:00+00:00,695.25
2019-10-15 20:00:00+00:00,603.5
2019-10-15 21:00:00+00:00,668.0
2019-10-15 22:00:00+00:00,628.25
2019-10-15 23:00:00+00:00,468.5
2019-10-16 00:00:00+00:00,334.0
2019-10-16 01:00:00+00:00,430.5
2019-10-16 02:00:00+00:00,452.0
2019-10-16 03:00:00+00:00,465.0
2019-10-16 04:00:00+00:00,300.5
2019-10-16 05:00:00+00:00,363.25
2019-10-16 06:00:00+00:00,521.75
2019-10-16 07:00:00+00:00,978.25
2019-10-16 08:00:00+00:00,1445.75
2019-10-16 09:00:00+00:00,1752.0
2019-10-16 10:00:00+00:00,1924.75
2019-10-16 11:00:00+00:00,1707.25
2019-10-16 12:00:00+00:00,1279.0
2019-10-16 13:00:00+00:00,1347.75
2019-10-16 14:00:00+00:00,1975.25
2019-10-16 15:00:00+00:00,2666.5
2019-10-16 16:00:00+00:00,3486.25
2019-10-16 17:00:00+00:00,4044.75
2019-10-16 18:00:00+00:00,4933.0
2019-10-16 19:00:00+00:00,5176.0
2019-10-16 20:00:00+00:00,5316.0
2019-10-16 21:00:00+00:00,5210.5
2019-10-16 22:00:00+00:00,4673.75
2019-10-16 23:00:00+00:00,4108.25
2019-10-17 00:00:00+00:00,3129.5
2019-10-17 01:00:00+00:00,2570.25
2019-10-17 02:00:00+00:00,2072.0
2019-10-17 03:00:00+00:00,1795.25
2019-10-17 04:00:00+00:00,1354.25
2019-10-17 05:00:00+00:00,1441.25
2019-10-17 06:00:00+00:00,1463.5
2019-10-17 07:00:00+00:00,1619.0
2019-10-17 08:00:00+00:00,2206.25
2019-10-17 09:00:00+00:00,2713.75
2019-10-17 10:00:00+00:00,2380.75
2019-10-17 11:00:00+00:00,2225.0
2019-10-17 12:00:00+00:00,2195.0
2019-10-17 13:00:00+00:00,1742.75
2019-10-17 14:00:00+00:00,1317.0
2019-10-17 15:00:00+00:00,1093.75
2019-10-17 16:00:00+00:00,809.5
2019-10-17 17:00:00+00:00,1181.25
2019-10-17 18:00:00+00:00,2222.25
2019-10-17 19:00:00+00:00,2405.0
2019-10-17 20:00:00+00:00,2629.0
2019-10-17 21:00:00+00:00,2681.25
2019-10-17 22:00:00+00:00,2329.75
2019-10-17 23:00:00+00:00,2074.25
2019-10-18 00:00:00+00:00,1909.25
2019-10-18 01:00:00+00:00,2240.25
2019-10-18 02:00:00+00:00,2573.0
2019-10-18 03:00:00+00:00,2954.75
2019-10-18 04:00:00+00:00,3270.5
2019-10-18 05:00:00+00:00,3736.0
2019-10-18 06:00:00+00:00,4041.25
2019-10-18 07:00:00+00:00,4349.5
2019-10-18 08:00:00+00:00,4664.25
2019-10-18 09:00:00+00:00,4827.25
2019-10-18 10:00:00+00:00,4786.0
2019-10-18 11:00:00+00:00,5036.75
2019-10-18 12:00:00+00:00,5450.25
2019-10-18 13:00:00+00:00,5294.75
2019-10-18 14:00:00+00:00,5348.5
2019-10-18 15:00:00+00:00,5480.0
2019-10-18 16:00:00+00:00,5579.5
2019-10-18 17:00:00+00:00,5118.5
2019-10-18 18:00:00+00:00,5097.5
2019-10-18 19:00:00+00:00,5069.75
2019-10-18 20:00:00+00:00,5249.75
2019-10-18 21:00:00+00:00,5301.0
2019-10-18 22:00:00+00:00,5449.5
2019-10-18 23:00:00+00:00,5432.0
2019-10-19 00:00:00+00:00,5825.0
2019-10-19 01:00:00+00:00,5688.5
2019-10-19 02:00:00+00:00,5734.0
2019-10-19 03:00:00+00:00,5980.75
2019-10-19 04:00:00+00:00,5849.25
2019-10-19 05:00:00+00:00,5659.0
2019-10-19 06:00:00+00:00,5615.75
2019-10-19 07:00:00+00:00,5739.0
2019-10-19 08:00:00+00:00,5602.0
2019-10-19 09:00:00+00:00,5735.75
2019-10-19 10:00:00+00:00,5626.25
2019-10-19 11:00:00+00:00,5155.5
2019-10-19 12:00:00+00:00,4567.25
2019-10-19 13:00:00+00:00,3939.25
2019-10-19 14:00:00+00:00,3809.75
2019-10-19 15:00:00+00:00,4084.0
2019-10-19 16:00:00+00:00,4383.25
2019-10-19 17:00:00+00:00,4711.0
2019-10-19 18:00:00+00:00,4702.0
2019-10-19 19:00:00+00:00,4856.75
2019-10-19 20:00:00+00:00,5155.5
2019-10-19 21:00:00+00:00,4885.75
2019-10-19 22:00:00+00:00,4915.0
2019-10-19 23:00:00+00:00,4553.75
2019-10-20 00:00:00+00:00,4242.75
2019-10-20 01:00:00+00:00,4077.25
2019-10-20 02:00:00+00:00,3127.25
2019-10-20 03:00:00+00:00,2379.25
2019-10-20 04:00:00+00:00,1689.5
2019-10-20 05:00:00+00:00,1647.0
2019-10-20 06:00:00+00:00,1626.0
2019-10-20 07:00:00+00:00,1276.0
2019-10-20 08:00:00+00:00,1049.0
2019-10-20 09:00:00+00:00,951.25
2019-10-20 10:00:00+00:00,727.5
2019-10-20 11:00:00+00:00,474.0
2019-10-20 12:00:00+00:00,223.25
2019-10-20 13:00:00+00:00,77.25
2019-10-20 14:00:00+00:00,35.5
2019-10-20 15:00:00+00:00,20.25
2019-10-20 16:00:00+00:00,6.75
2019-10-20 17:00:00+00:00,1.5
2019-10-20 18:00:00+00:00,2.5
2019-10-20 19:00:00+00:00,32.25
2019-10-20 20:00:00+00:00,83.25
2019-10-20 21:00:00+00:00,202.75
2019-10-20 22:00:00+00:00,436.5
2019-10-20 23:00:00+00:00,786.75
2019-10-21 00:00:00+00:00,823.0
2019-10-21 01:00:00+00:00,1034.75
2019-10-21 02:00:00+00:00,1281.5
2019-10-21 03:00:00+00:00,1551.25
2019-10-21 04:00:00+00:00,1700.25
2019-10-21 05:00:00+00:00,2082.5
2019-10-21 06:00:00+00:00,2964.0
2019-10-21 07:00:00+00:00,3151.25
2019-10-21 08:00:00+00:00,3685.5
2019-10-21 09:00:00+00:00,3394.0
2019-10-21 10:00:00+00:00,2929.5
2019-10-21 11:00:00+00:00,2421.25
2019-10-21 12:00:00+00:00,1664.25
2019-10-21 13:00:00+00:00,1116.25
2019-10-21 14:00:00+00:00,528.25
2019-10-21 15:00:00+00:00,584.0
2019-10-21 16:00:00+00:00,695.0
2019-10-21 17:00:00+00:00,552.5
2019-10-21 18:00:00+00:00,687.0
2019-10-21 19:00:00+00:00,1055.25
2019-10-21 20:00:00+00:00,1738.75
2019-10-21 21:00:00+00:00,1715.25
2019-10-21 22:00:00+00:00,1793.0
2019-10-21 23:00:00+00:00,1649.25
2019-10-22 00:00:00+00:00,1484.5
2019-10-22 01:00:00+00:00,1327.75
2019-10-22 02:00:00+00:00,1612.5
2019-10-22 03:00:00+00:00,1881.5
2019-10-22 04:00:00+00:00,1920.25
2019-10-22 05:00:00+00:00,1800.5
2019-10-22 06:00:00+00:00,1597.0
2019-10-22 07:00:00+00:00,1380.25
2019-10-22 08:00:00+00:00,1064.0
2019-10-22 09:00:00+00:00,1355.75
2019-10-22 10:00:00+00:00,1613.75
2019-10-22 11:00:00+00:00,2137.75
2019-10-22 12:00:00+00:00,2858.25
2019-10-22 13:00:00+00:00,3110.25
2019-10-22 14:00:00+00:00,3439.0
2019-10-22 15:00:00+00:00,3647.0
2019-10-22 16:00:00+00:00,3651.5
2019-10-22 17:00:00+00:00,3297.75
2019-10-22 18:00:00+00:00,3170.75
2019-10-22 19:00:00+00:00,3150.75
2019-10-22 20:00:00+00:00,3170.25
2019-10-22 21:00:00+00:00,2834.0
2019-10-22 22:00:00+00:00,2626.5
2019-10-22 23:00:00+00:00,2257.0
2019-10-23 00:00:00+00:00,1991.75
2019-10-23 01:00:00+00:00,1692.5
2019-10-23 02:00:00+00:00,1530.25
2019-10-23 03:00:00+00:00,1370.75
2019-10-23 04:00:00+00:00,1362.0
2019-10-23 05:00:00+00:00,1173.0
2019-10-23 06:00:00+00:00,895.25
2019-10-23 07:00:00+00:00,810.25
2019-10-23 08:00:00+00:00,950.75
2019-10-23 09:00:00+00:00,680.25
2019-10-23 10:00:00+00:00,405.25
2019-10-23 11:00:00+00:00,325.0
2019-10-23 12:00:00+00:00,279.25
2019-10-23 13:00:00+00:00,261.25
2019-10-23 14:00:00+00:00,326.25
2019-10-23 15:00:00+00:00,383.5
2019-10-23 16:00:00+00:00,759.25
2019-10-23 17:00:00+00:00,1333.25
2019-10-23 18:00:00+00:00,1819.0
2019-10-23 19:00:00+00:00,1954.0
2019-10-23 20:00:00+00:00,1803.75
2019-10-23 21:00:00+00:00,1454.0
2019-10-23 22:00:00+00:00,1138.75
2019-10-23 23:00:00+00:00,1168.75
2019-10-24 00:00:00+00:00,1157.0
2019-10-24 01:00:00+00:00,1131.5
2019-10-24 02:00:00+00:00,1798.25
2019-10-24 03:00:00+00:00,2077.75
2019-10-24 04:00:00+00:00,1963.75
2019-10-24 05:00:00+00:00,1659.5
2019-10-24 06:00:00+00:00,1534.5
2019-10-24 07:00:00+00:00,1569.25
2019-10-24 08:00:00+00:00,1228.0
2019-10-24 09:00:00+00:00,1402.0
2019-10-24 10:00:00+00:00,2161.75
2019-10-24 11:00:00+00:00,2294.75
2019-10-24 12:00:00+00:00,2550.0
2019-10-24 13:00:00+00:00,2329.5
2019-10-24 14:00:00+00:00,2517.75
2019-10-24 15:00:00+00:00,3277.5
2019-10-24 16:00:00+00:00,4109.0
2019-10-24 17:00:00+00:00,4392.75
2019-10-24 18:00:00+00:00,4600.75
2019-10-24 19:00:00+00:00,4683.0
2019-10-24 20:00:00+00:00,4779.25
2019-10-24 21:00:00+00:00,4805.25
2019-10-24 22:00:00+00:00,4721.25
2019-10-24 23:00:00+00:00,4719.25
2019-10-25 00:00:00+00:00,4424.5
2019-10-25 01:00:00+00:00,4608.0
2019-10-25 02:00:00+00:00,4843.0
2019-10-25 03:00:00+00:00,4971.25
2019-10-25 04:00:00+00:00,5221.25
2019-10-25 05:00:00+00:00,5360.75
2019-10-25 06:00:00+00:00,5336.25
2019-10-25 07:00:00+00:00,5442.5
2019-10-25 08:00:00+00:00,5738.5
2019-10-25 09:00:00+00:00,5743.0
2019-10-25 10:00:00+00:00,5374.75
2019-10-25 11:00:00+00:00,4953.5
2019-10-25 12:00:00+00:00,4488.0
2019-10-25 13:00:00+00:00,4280.75
2019-10-25 14:00:00+00:00,4588.5
2019-10-25 15:00:00+00:00,5240.25
2019-10-25 16:00:00+00:00,5622.5
2019-10-25 17:00:00+00:00,5701.5
2019-10-25 18:00:00+00:00,5589.5
2019-10-25 19:00:00+00:00,5440.25
2019-10-25 20:00:00+00:00,5499.0
2019-10-25 21:00:00+00:00,5001.75
2019-10-25 22:00:00+00:00,4855.75
2019-10-25 23:00:00+00:00,4709.0
2019-10-26 00:00:00+00:00,4703.25
2019-10-26 01:00:00+00:00,4988.0
2019-10-26 02:00:00+00:00,5144.25
2019-10-26 03:00:00+00:00,5185.5
2019-10-26 04:00:00+00:00,5185.25
2019-10-26 05:00:00+00:00,4538.0
2019-10-26 06:00:00+00:00,4289.75
2019-10-26 07:00:00+00:00,4329.0
2019-10-26 08:00:00+00:00,4647.25
2019-10-26 09:00:00+00:00,4752.25
2019-10-26 10:00:00+00:00,4772.0
2019-10-26 11:00:00+00:00,4778.75
2019-10-26 12:00:00+00:00,4851.5
2019-10-26 13:00:00+00:00,4868.25
2019-10-26 14:00:00+00:00,5031.25
2019-10-26 15:00:00+00:00,5517.0
2019-10-26 16:00:00+00:00,4692.25
2019-10-26 17:00:00+00:00,4349.25
2019-10-26 18:00:00+00:00,4303.0
2019-10-26 19:00:00+00:00,3884.75
2019-10-26 20:00:00+00:00,3243.75
2019-10-26 21:00:00+00:00,3768.25
2019-10-26 22:00:00+00:00,4182.0
2019-10-26 23:00:00+00:00,4456.25
2019-10-27 00:00:00+00:00,4516.5
2019-10-27 01:00:00+00:00,4530.25
2019-10-27 02:00:00+00:00,4524.5
2019-10-27 03:00:00+00:00,4520.0
2019-10-27 04:00:00+00:00,4522.25
2019-10-27 05:00:00+00:00,4526.25
2019-10-27 06:00:00+00:00,4575.25
2019-10-27 07:00:00+00:00,4609.5
2019-10-27 08:00:00+00:00,4614.5
2019-10-27 09:00:00+00:00,4622.75
2019-10-27 10:00:00+00:00,4747.0
2019-10-27 11:00:00+00:00,4860.25
2019-10-27 12:00:00+00:00,4867.0
2019-10-27 13:00:00+00:00,4853.5
2019-10-27 14:00:00+00:00,4809.25
2019-10-27 15:00:00+00:00,4799.5
2019-10-27 16:00:00+00:00,4832.25
2019-10-27 17:00:00+00:00,4822.5
2019-10-27 18:00:00+00:00,4847.25
2019-10-27 19:00:00+00:00,4849.25
2019-10-27 20:00:00+00:00,4850.25
2019-10-27 21:00:00+00:00,4845.75
2019-10-27 22:00:00+00:00,4819.5
2019-10-27 23:00:00+00:00,4757.5
2019-10-28 00:00:00+00:00,4766.5
2019-10-28 01:00:00+00:00,4782.25
2019-10-28 02:00:00+00:00,4755.75
2019-10-28 03:00:00+00:00,4680.5
2019-10-28 04:00:00+00:00,4549.5
2019-10-28 05:00:00+00:00,4473.0
2019-10-28 06:00:00+00:00,4560.25
2019-10-28 07:00:00+00:00,4243.5
2019-10-28 08:00:00+00:00,3829.5
2019-10-28 09:00:00+00:00,3380.75
2019-10-28 10:00:00+00:00,2789.25
2019-10-28 11:00:00+00:00,2134.0
2019-10-28 12:00:00+00:00,2244.5
2019-10-28 13:00:00+00:00,2243.25
2019-10-28 14:00:00+00:00,1992.0
2019-10-28 15:00:00+00:00,2425.5
2019-10-28 16:00:00+00:00,2238.0
2019-10-28 17:00:00+00:00,2224.0
2019-10-28 18:00:00+00:00,1981.25
2019-10-28 19:00:00+00:00,1793.25
2019-10-28 20:00:00+00:00,1342.5
2019-10-28 21:00:00+00:00,1092.75
2019-10-28 22:00:00+00:00,816.75
2019-10-28 23:00:00+00:00,710.5
2019-10-29 00:00:00+00:00,601.75
2019-10-29 01:00:00+00:00,978.25
2019-10-29 02:00:00+00:00,1022.25
2019-10-29 03:00:00+00:00,1162.75
2019-10-29 04:00:00+00:00,1102.25
2019-10-29 05:00:00+00:00,1207.5
2019-10-29 06:00:00+00:00,1575.25
2019-10-29 07:00:00+00:00,1590.75
2019-10-29 08:00:00+00:00,1439.5
2019-10-29 09:00:00+00:00,1156.5
2019-10-29 10:00:00+00:00,890.25
2019-10-29 11:00:00+00:00,641.5
2019-10-29 12:00:00+00:00,461.5
2019-10-29 13:00:00+00:00,375.0
2019-10-29 14:00:00+00:00,343.0
2019-10-29 15:00:00+00:00,326.25
2019-10-29 16:00:00+00:00,475.5
2019-10-29 17:00:00+00:00,512.25
2019-10-29 18:00:00+00:00,501.0
2019-10-29 19:00:00+00:00,469.0
2019-10-29 20:00:00+00:00,511.5
2019-10-29 21:00:00+00:00,466.75
2019-10-29 22:00:00+00:00,361.5
2019-10-29 23:00:00+00:00,318.75
2019-10-30 00:00:00+00:00,299.0
2019-10-30 01:00:00+00:00,280.75
2019-10-30 02:00:00+00:00,284.0
2019-10-30 03:00:00+00:00,223.0
2019-10-30 04:00:00+00:00,166.5
2019-10-30 05:00:00+00:00,169.5
2019-10-30 06:00:00+00:00,173.0
2019-10-30 07:00:00+00:00,174.5
2019-10-30 08:00:00+00:00,167.75
2019-10-30 09:00:00+00:00,152.5
2019-10-30 10:00:00+00:00,143.25
2019-10-30 11:00:00+00:00,112.25
2019-10-30 12:00:00+00:00,58.0
2019-10-30 13:00:00+00:00,30.75
2019-10-30 14:00:00+00:00,22.75
2019-10-30 15:00:00+00:00,28.0
2019-10-30 16:00:00+00:00,84.0
2019-10-30 17:00:00+00:00,149.5
2019-10-30 18:00:00+00:00,225.75
2019-10-30 19:00:00+00:00,302.25
2019-10-30 20:00:00+00:00,367.5
2019-10-30 21:00:00+00:00,395.25
2019-10-30 22:00:00+00:00,328.0
2019-10-30 23:00:00+00:00,306.75
2019-10-31 00:00:00+00:00,291.25
2019-10-31 01:00:00+00:00,318.0
2019-10-31 02:00:00+00:00,336.0
2019-10-31 03:00:00+00:00,380.5
2019-10-31 04:00:00+00:00,498.25
2019-10-31 05:00:00+00:00,591.25
2019-10-31 06:00:00+00:00,628.25
2019-10-31 07:00:00+00:00,655.0
2019-10-31 08:00:00+00:00,782.0
2019-10-31 09:00:00+00:00,946.75
2019-10-31 10:00:00+00:00,1127.5
2019-10-31 11:00:00+00:00,1233.75
2019-10-31 12:00:00+00:00,1156.25
2019-10-31 13:00:00+00:00,1073.0
2019-10-31 14:00:00+00:00,1027.25
2019-10-31 15:00:00+00:00,981.25
2019-10-31 16:00:00+00:00,1163.25
2019-10-31 17:00:00+00:00,1549.0
2019-10-31 18:00:00+00:00,2196.0
2019-10-31 19:00:00+00:00,2887.25
2019-10-31 20:00:00+00:00,3523.5
2019-10-31 21:00:00+00:00,3881.5
2019-10-31 22:00:00+00:00,4012.5
2019-10-31 23:00:00+00:00,3730.0
2019-11-01 00:00:00+00:00,3275.25
2019-11-01 01:00:00+00:00,2938.0
2019-11-01 02:00:00+00:00,2765.75
2019-11-01 03:00:00+00:00,2574.5
2019-11-01 04:00:00+00:00,2806.0
2019-11-01 05:00:00+00:00,2919.5
2019-11-01 06:00:00+00:00,3634.0
2019-11-01 07:00:00+00:00,4162.25
2019-11-01 08:00:00+00:00,4180.0
2019-11-01 09:00:00+00:00,3760.5
2019-11-01 10:00:00+00:00,3249.25
2019-11-01 11:00:00+00:00,3139.25
2019-11-01 12:00:00+00:00,3274.0
2019-11-01 13:00:00+00:00,3322.25
2019-11-01 14:00:00+00:00,3619.75
2019-11-01 15:00:00+00:00,3985.75
2019-11-01 16:00:00+00:00,4022.25
2019-11-01 17:00:00+00:00,4116.0
2019-11-01 18:00:00+00:00,4249.5
2019-11-01 19:00:00+00:00,4197.0
2019-11-01 20:00:00+00:00,4074.25
2019-11-01 21:00:00+00:00,3766.75
2019-11-01 22:00:00+00:00,3261.75
2019-11-01 23:00:00+00:00,2973.75
2019-11-02 00:00:00+00:00,2826.5
2019-11-02 01:00:00+00:00,2989.25
2019-11-02 02:00:00+00:00,3123.75
2019-11-02 03:00:00+00:00,3234.25
2019-11-02 04:00:00+00:00,3313.0
2019-11-02 05:00:00+00:00,3331.25
2019-11-02 06:00:00+00:00,3893.5
2019-11-02 07:00:00+00:00,4307.5
2019-11-02 08:00:00+00:00,4489.0
2019-11-02 09:00:00+00:00,4878.0
2019-11-02 10:00:00+00:00,4881.75
2019-11-02 11:00:00+00:00,5221.0
2019-11-02 12:00:00+00:00,5205.0
2019-11-02 13:00:00+00:00,5199.5
2019-11-02 14:00:00+00:00,5478.5
2019-11-02 15:00:00+00:00,5733.5
2019-11-02 16:00:00+00:00,5724.5
2019-11-02 17:00:00+00:00,5673.25
2019-11-02 18:00:00+00:00,5568.0
2019-11-02 19:00:00+00:00,5549.5
2019-11-02 20:00:00+00:00,5817.0
2019-11-02 21:00:00+00:00,5910.0
2019-11-02 22:00:00+00:00,5674.25
2019-11-02 23:00:00+00:00,5410.25
2019-11-03 00:00:00+00:00,5491.75
2019-11-03 01:00:00+00:00,5554.75
2019-11-03 02:00:00+00:00,5411.0
2019-11-03 03:00:00+00:00,5402.0
2019-11-03 04:00:00+00:00,5298.75
2019-11-03 05:00:00+00:00,4908.75
2019-11-03 06:00:00+00:00,4445.75
2019-11-03 07:00:00+00:00,3650.0
2019-11-03 08:00:00+00:00,2757.25
2019-11-03 09:00:00+00:00,2398.5
2019-11-03 10:00:00+00:00,1811.0
2019-11-03 11:00:00+00:00,1089.0
2019-11-03 12:00:00+00:00,911.25
2019-11-03 13:00:00+00:00,756.0
2019-11-03 14:00:00+00:00,578.75
2019-11-03 15:00:00+00:00,535.75
2019-11-03 16:00:00+00:00,678.5
2019-11-03 17:00:00+00:00,999.5
2019-11-03 18:00:00+00:00,1053.5
2019-11-03 19:00:00+00:00,986.0
2019-11-03 20:00:00+00:00,884.5
2019-11-03 21:00:00+00:00,1032.25
2019-11-03 22:00:00+00:00,1223.5
2019-11-03 23:00:00+00:00,1562.75
2019-11-04 00:00:00+00:00,1630.5
2019-11-04 01:00:00+00:00,1769.5
2019-11-04 02:00:00+00:00,1933.75
2019-11-04 03:00:00+00:00,2161.25
2019-11-04 04:00:00+00:00,2333.75
2019-11-04 05:00:00+00:00,2393.5
2019-11-04 06:00:00+00:00,2431.75
2019-11-04 07:00:00+00:00,2400.75
2019-11-04 08:00:00+00:00,2230.0
2019-11-04 09:00:00+00:00,1887.5
2019-11-04 10:00:00+00:00,1501.0
2019-11-04 11:00:00+00:00,1246.25
2019-11-04 12:00:00+00:00,1056.25
2019-11-04 13:00:00+00:00,862.75
2019-11-04 14:00:00+00:00,616.25
2019-11-04 15:00:00+00:00,559.75
2019-11-04 16:00:00+00:00,520.0
2019-11-04 17:00:00+00:00,579.25
2019-11-04 18:00:00+00:00,934.25
2019-11-04 19:00:00+00:00,917.5
2019-11-04 20:00:00+00:00,1408.25
2019-11-04 21:00:00+00:00,1776.5
2019-11-04 22:00:00+00:00,1916.75
2019-11-04 23:00:00+00:00,1875.5
2019-11-05 00:00:00+00:00,1743.25
2019-11-05 01:00:00+00:00,1703.75
2019-11-05 02:00:00+00:00,1541.5
2019-11-05 03:00:00+00:00,1548.0
2019-11-05 04:00:00+00:00,1706.75
2019-11-05 05:00:00+00:00,1880.5
2019-11-05 06:00:00+00:00,2157.0
2019-11-05 07:00:00+00:00,2515.25
2019-11-05 08:00:00+00:00,3043.0
2019-11-05 09:00:00+00:00,3575.5
2019-11-05 10:00:00+00:00,3688.0
2019-11-05 11:00:00+00:00,2978.5
2019-11-05 12:00:00+00:00,2589.5
2019-11-05 13:00:00+00:00,2618.25
2019-11-05 14:00:00+00:00,2404.5
2019-11-05 15:00:00+00:00,2306.75
2019-11-05 16:00:00+00:00,2340.25
2019-11-05 17:00:00+00:00,2330.25
2019-11-05 18:00:00+00:00,2312.5
2019-11-05 19:00:00+00:00,2260.5
2019-11-05 20:00:00+00:00,2186.0
2019-11-05 21:00:00+00:00,2118.75
2019-11-05 22:00:00+00:00,2116.75
2019-11-05 23:00:00+00:00,1636.0
2019-11-06 00:00:00+00:00,1410.0
2019-11-06 01:00:00+00:00,1117.75
2019-11-06 02:00:00+00:00,1176.75
2019-11-06 03:00:00+00:00,1099.25
2019-11-06 04:00:00+00:00,1126.0
2019-11-06 05:00:00+00:00,1058.0
2019-11-06 06:00:00+00:00,988.0
2019-11-06 07:00:00+00:00,934.0
2019-11-06 08:00:00+00:00,848.25
2019-11-06 09:00:00+00:00,664.0
2019-11-06 10:00:00+00:00,637.5
2019-11-06 11:00:00+00:00,501.75
2019-11-06 12:00:00+00:00,367.25
2019-11-06 13:00:00+00:00,317.5
2019-11-06 14:00:00+00:00,297.25
2019-11-06 15:00:00+00:00,179.0
2019-11-06 16:00:00+00:00,131.5
2019-11-06 17:00:00+00:00,154.75
2019-11-06 18:00:00+00:00,52.25
2019-11-06 19:00:00+00:00,34.5
2019-11-06 20:00:00+00:00,16.25
2019-11-06 21:00:00+00:00,8.25
2019-11-06 22:00:00+00:00,8.25
2019-11-06 23:00:00+00:00,29.0
2019-11-07 00:00:00+00:00,66.75
2019-11-07 01:00:00+00:00,118.75
2019-11-07 02:00:00+00:00,182.25
2019-11-07 03:00:00+00:00,347.25
2019-11-07 04:00:00+00:00,486.25
2019-11-07 05:00:00+00:00,632.0
2019-11-07 06:00:00+00:00,966.0
2019-11-07 07:00:00+00:00,1171.0
2019-11-07 08:00:00+00:00,1632.25
2019-11-07 09:00:00+00:00,2466.25
2019-11-07 10:00:00+00:00,3082.25
2019-11-07 11:00:00+00:00,3425.5
2019-11-07 12:00:00+00:00,3633.25
2019-11-07 13:00:00+00:00,3788.5
2019-11-07 14:00:00+00:00,3994.0
2019-11-07 15:00:00+00:00,4270.5
2019-11-07 16:00:00+00:00,4408.75
2019-11-07 17:00:00+00:00,4454.75
2019-11-07 18:00:00+00:00,4415.5
2019-11-07 19:00:00+00:00,4273.75
2019-11-07 20:00:00+00:00,3499.0
2019-11-07 21:00:00+00:00,3581.25
2019-11-07 22:00:00+00:00,4260.0
2019-11-07 23:00:00+00:00,4193.25
2019-11-08 00:00:00+00:00,4095.5
2019-11-08 01:00:00+00:00,3930.5
2019-11-08 02:00:00+00:00,4064.0
2019-11-08 03:00:00+00:00,3974.0
2019-11-08 04:00:00+00:00,3678.75
2019-11-08 05:00:00+00:00,3535.75
2019-11-08 06:00:00+00:00,3247.25
2019-11-08 07:00:00+00:00,3197.5
2019-11-08 08:00:00+00:00,3056.5
2019-11-08 09:00:00+00:00,2491.5
2019-11-08 10:00:00+00:00,1974.75
2019-11-08 11:00:00+00:00,1564.5
2019-11-08 12:00:00+00:00,1175.75
2019-11-08 13:00:00+00:00,742.75
2019-11-08 14:00:00+00:00,430.75
2019-11-08 15:00:00+00:00,364.5
2019-11-08 16:00:00+00:00,342.25
2019-11-08 17:00:00+00:00,304.25
2019-11-08 18:00:00+00:00,287.0
2019-11-08 19:00:00+00:00,339.0
2019-11-08 20:00:00+00:00,336.75
2019-11-08 21:00:00+00:00,321.5
2019-11-08 22:00:00+00:00,297.5
2019-11-08 23:00:00+00:00,307.5
2019-11-09 00:00:00+00:00,248.5
2019-11-09 01:00:00+00:00,319.25
2019-11-09 02:00:00+00:00,261.5
2019-11-09 03:00:00+00:00,318.0
2019-11-09 04:00:00+00:00,427.5
2019-11-09 05:00:00+00:00,475.5
2019-11-09 06:00:00+00:00,675.5
2019-11-09 07:00:00+00:00,876.0
2019-11-09 08:00:00+00:00,997.25
2019-11-09 09:00:00+00:00,1145.0
2019-11-09 10:00:00+00:00,1181.5
2019-11-09 11:00:00+00:00,1063.75
2019-11-09 12:00:00+00:00,1120.5
2019-11-09 13:00:00+00:00,1229.25
2019-11-09 14:00:00+00:00,1537.75
2019-11-09 15:00:00+00:00,2041.75
2019-11-09 16:00:00+00:00,2623.25
2019-11-09 17:00:00+00:00,2967.0
2019-11-09 18:00:00+00:00,3202.5
2019-11-09 19:00:00+00:00,3111.25
2019-11-09 20:00:00+00:00,2628.5
2019-11-09 21:00:00+00:00,2411.25
2019-11-09 22:00:00+00:00,2339.75
2019-11-09 23:00:00+00:00,2389.75
2019-11-10 00:00:00+00:00,2634.75
2019-11-10 01:00:00+00:00,2491.25
2019-11-10 02:00:00+00:00,2356.25
2019-11-10 03:00:00+00:00,2351.0
2019-11-10 04:00:00+00:00,2327.0
2019-11-10 05:00:00+00:00,2138.25
2019-11-10 06:00:00+00:00,1877.75
2019-11-10 07:00:00+00:00,1630.75
2019-11-10 08:00:00+00:00,1573.25
2019-11-10 09:00:00+00:00,1865.0
2019-11-10 10:00:00+00:00,1873.0
2019-11-10 11:00:00+00:00,2035.25
2019-11-10 12:00:00+00:00,1944.0
2019-11-10 13:00:00+00:00,1763.75
2019-11-10 14:00:00+00:00,1740.5
2019-11-10 15:00:00+00:00,1423.25
2019-11-10 16:00:00+00:00,1450.75
2019-11-10 17:00:00+00:00,1432.5
2019-11-10 18:00:00+00:00,1433.75
2019-11-10 19:00:00+00:00,1729.5
2019-11-10 20:00:00+00:00,2040.25
2019-11-10 21:00:00+00:00,2289.75
2019-11-10 22:00:00+00:00,2528.0
2019-11-10 23:00:00+00:00,2824.25
2019-11-11 00:00:00+00:00,3138.25
2019-11-11 01:00:00+00:00,3272.25
2019-11-11 02:00:00+00:00,3202.0
2019-11-11 03:00:00+00:00,3133.75
2019-11-11 04:00:00+00:00,2894.5
2019-11-11 05:00:00+00:00,3504.25
2019-11-11 06:00:00+00:00,3952.25
2019-11-11 07:00:00+00:00,4257.5
2019-11-11 08:00:00+00:00,4513.0
2019-11-11 09:00:00+00:00,4893.25
2019-11-11 10:00:00+00:00,4931.75
2019-11-11 11:00:00+00:00,5046.75
2019-11-11 12:00:00+00:00,5228.25
2019-11-11 13:00:00+00:00,5318.25
2019-11-11 14:00:00+00:00,5329.25
2019-11-11 15:00:00+00:00,5136.75
2019-11-11 16:00:00+00:00,5060.0
2019-11-11 17:00:00+00:00,5084.25
2019-11-11 18:00:00+00:00,5188.75
2019-11-11 19:00:00+00:00,5228.5
2019-11-11 20:00:00+00:00,4994.25
2019-11-11 21:00:00+00:00,5232.0
2019-11-11 22:00:00+00:00,5464.25
2019-11-11 23:00:00+00:00,5727.5
2019-11-12 00:00:00+00:00,5554.5
2019-11-12 01:00:00+00:00,5537.5
2019-11-12 02:00:00+00:00,5316.75
2019-11-12 03:00:00+00:00,5347.5
2019-11-12 04:00:00+00:00,5434.25
2019-11-12 05:00:00+00:00,5440.5
2019-11-12 06:00:00+00:00,5383.0
2019-11-12 07:00:00+00:00,5330.75
2019-11-12 08:00:00+00:00,4929.75
2019-11-12 09:00:00+00:00,4848.25
2019-11-12 10:00:00+00:00,4834.5
2019-11-12 11:00:00+00:00,5200.5
2019-11-12 12:00:00+00:00,5303.0
2019-11-12 13:00:00+00:00,5253.75
2019-11-12 14:00:00+00:00,5414.0
2019-11-12 15:00:00+00:00,5471.25
2019-11-12 16:00:00+00:00,5499.25
2019-11-12 17:00:00+00:00,5369.5
2019-11-12 18:00:00+00:00,5390.0
2019-11-12 19:00:00+00:00,5559.75
2019-11-12 20:00:00+00:00,5679.5
2019-11-12 21:00:00+00:00,5506.0
2019-11-12 22:00:00+00:00,5211.0
2019-11-12 23:00:00+00:00,5340.0
2019-11-13 00:00:00+00:00,5455.0
2019-11-13 01:00:00+00:00,5449.5
2019-11-13 02:00:00+00:00,5366.25
2019-11-13 03:00:00+00:00,5258.5
2019-11-13 04:00:00+00:00,5066.5
2019-11-13 05:00:00+00:00,4343.75
2019-11-13 06:00:00+00:00,4559.5
2019-11-13 07:00:00+00:00,4263.25
2019-11-13 08:00:00+00:00,4095.0
2019-11-13 09:00:00+00:00,4328.0
2019-11-13 10:00:00+00:00,3990.0
2019-11-13 11:00:00+00:00,3644.25
2019-11-13 12:00:00+00:00,3514.75
2019-11-13 13:00:00+00:00,3569.5
2019-11-13 14:00:00+00:00,3590.75
2019-11-13 15:00:00+00:00,3633.75
2019-11-13 16:00:00+00:00,3274.75
2019-11-13 17:00:00+00:00,2388.25
2019-11-13 18:00:00+00:00,2201.25
2019-11-13 19:00:00+00:00,2222.75
2019-11-13 20:00:00+00:00,2546.0
2019-11-13 21:00:00+00:00,2359.75
2019-11-13 22:00:00+00:00,2064.25
2019-11-13 23:00:00+00:00,1886.0
2019-11-14 00:00:00+00:00,1280.0
2019-11-14 01:00:00+00:00,1070.25
2019-11-14 02:00:00+00:00,1053.0
2019-11-14 03:00:00+00:00,1246.5
2019-11-14 04:00:00+00:00,1057.75
2019-11-14 05:00:00+00:00,927.0
2019-11-14 06:00:00+00:00,1306.25
2019-11-14 07:00:00+00:00,1402.5
2019-11-14 08:00:00+00:00,1223.25
2019-11-14 09:00:00+00:00,1478.75
2019-11-14 10:00:00+00:00,1594.25
2019-11-14 11:00:00+00:00,1467.75
2019-11-14 12:00:00+00:00,1383.75
2019-11-14 13:00:00+00:00,1288.0
2019-11-14 14:00:00+00:00,1534.25
2019-11-14 15:00:00+00:00,2372.5
2019-11-14 16:00:00+00:00,2455.0
2019-11-14 17:00:00+00:00,3598.25
2019-11-14 18:00:00+00:00,4607.5
2019-11-14 19:00:00+00:00,4571.5
2019-11-14 20:00:00+00:00,4613.0
2019-11-14 21:00:00+00:00,4803.25
2019-11-14 22:00:00+00:00,4381.0
2019-11-14 23:00:00+00:00,4486.0
2019-11-15 00:00:00+00:00,4897.0
2019-11-15 01:00:00+00:00,5270.0
2019-11-15 02:00:00+00:00,5710.25
2019-11-15 03:00:00+00:00,5680.0
2019-11-15 04:00:00+00:00,5585.0
2019-11-15 05:00:00+00:00,5587.0
2019-11-15 06:00:00+00:00,5578.25
2019-11-15 07:00:00+00:00,5563.0
2019-11-15 08:00:00+00:00,5720.25
2019-11-15 09:00:00+00:00,5845.25
2019-11-15 10:00:00+00:00,5868.75
2019-11-15 11:00:00+00:00,5842.0
2019-11-15 12:00:00+00:00,5999.75
2019-11-15 13:00:00+00:00,6022.0
2019-11-15 14:00:00+00:00,5857.5
2019-11-15 15:00:00+00:00,5772.25
2019-11-15 16:00:00+00:00,5510.5
2019-11-15 17:00:00+00:00,5488.5
2019-11-15 18:00:00+00:00,4306.25
2019-11-15 19:00:00+00:00,3169.75
2019-11-15 20:00:00+00:00,2297.0
2019-11-15 21:00:00+00:00,1672.5
2019-11-15 22:00:00+00:00,1260.25
2019-11-15 23:00:00+00:00,1094.0
2019-11-16 00:00:00+00:00,1100.75
2019-11-16 01:00:00+00:00,1062.75
2019-11-16 02:00:00+00:00,862.25
2019-11-16 03:00:00+00:00,867.25
2019-11-16 04:00:00+00:00,621.25
2019-11-16 05:00:00+00:00,786.5
2019-11-16 06:00:00+00:00,778.25
2019-11-16 07:00:00+00:00,829.0
2019-11-16 08:00:00+00:00,1071.5
2019-11-16 09:00:00+00:00,1357.75
2019-11-16 10:00:00+00:00,2298.75
2019-11-16 11:00:00+00:00,3102.25
2019-11-16 12:00:00+00:00,3352.0
2019-11-16 13:00:00+00:00,3480.0
2019-11-16 14:00:00+00:00,4141.25
2019-11-16 15:00:00+00:00,5029.75
2019-11-16 16:00:00+00:00,5281.75
2019-11-16 17:00:00+00:00,5708.5
2019-11-16 18:00:00+00:00,5991.5
2019-11-16 19:00:00+00:00,6091.5
2019-11-16 20:00:00+00:00,6134.75
2019-11-16 21:00:00+00:00,6159.25
2019-11-16 22:00:00+00:00,6155.0
2019-11-16 23:00:00+00:00,6113.5
2019-11-17 00:00:00+00:00,5974.5
2019-11-17 01:00:00+00:00,5668.0
2019-11-17 02:00:00+00:00,5423.5
2019-11-17 03:00:00+00:00,5047.75
2019-11-17 04:00:00+00:00,4771.25
2019-11-17 05:00:00+00:00,4137.25
2019-11-17 06:00:00+00:00,3363.5
2019-11-17 07:00:00+00:00,2539.0
2019-11-17 08:00:00+00:00,2225.25
2019-11-17 09:00:00+00:00,1606.25
2019-11-17 10:00:00+00:00,1276.0
2019-11-17 11:00:00+00:00,854.0
2019-11-17 12:00:00+00:00,454.0
2019-11-17 13:00:00+00:00,288.25
2019-11-17 14:00:00+00:00,350.25
2019-11-17 15:00:00+00:00,506.5
2019-11-17 16:00:00+00:00,646.75
2019-11-17 17:00:00+00:00,898.0
2019-11-17 18:00:00+00:00,1037.0
2019-11-17 19:00:00+00:00,1218.75
2019-11-17 20:00:00+00:00,1486.75
2019-11-17 21:00:00+00:00,1896.5
2019-11-17 22:00:00+00:00,2232.5
2019-11-17 23:00:00+00:00,2916.25
2019-11-18 00:00:00+00:00,3843.75
2019-11-18 01:00:00+00:00,4868.5
2019-11-18 02:00:00+00:00,5272.0
2019-11-18 03:00:00+00:00,5563.5
2019-11-18 04:00:00+00:00,5664.25
2019-11-18 05:00:00+00:00,5809.25
2019-11-18 06:00:00+00:00,5734.5
2019-11-18 07:00:00+00:00,5621.0
2019-11-18 08:00:00+00:00,5415.5
2019-11-18 09:00:00+00:00,5000.5
2019-11-18 10:00:00+00:00,4254.0
2019-11-18 11:00:00+00:00,3921.75
2019-11-18 12:00:00+00:00,4244.5
2019-11-18 13:00:00+00:00,4417.5
2019-11-18 14:00:00+00:00,4586.0
2019-11-18 15:00:00+00:00,4576.25
2019-11-18 16:00:00+00:00,4899.0
2019-11-18 17:00:00+00:00,5375.75
2019-11-18 18:00:00+00:00,5426.0
2019-11-18 19:00:00+00:00,5688.5
2019-11-18 20:00:00+00:00,6074.0
2019-11-18 21:00:00+00:00,6024.25
2019-11-18 22:00:00+00:00,5676.5
2019-11-18 23:00:00+00:00,5980.75
2019-11-19 00:00:00+00:00,6038.25
2019-11-19 01:00:00+00:00,5912.5
2019-11-19 02:00:00+00:00,5901.25
2019-11-19 03:00:00+00:00,5893.75
2019-11-19 04:00:00+00:00,5998.5
2019-11-19 05:00:00+00:00,6120.75
2019-11-19 06:00:00+00:00,6111.0
2019-11-19 07:00:00+00:00,6043.25
2019-11-19 08:00:00+00:00,5545.25
2019-11-19 09:00:00+00:00,5015.5
2019-11-19 10:00:00+00:00,4868.0
2019-11-19 11:00:00+00:00,4446.75
2019-11-19 12:00:00+00:00,4379.75
2019-11-19 13:00:00+00:00,4097.25
2019-11-19 14:00:00+00:00,3713.0
2019-11-19 15:00:00+00:00,3029.75
2019-11-19 16:00:00+00:00,2766.25
2019-11-19 17:00:00+00:00,2358.5
2019-11-19 18:00:00+00:00,2138.5
2019-11-19 19:00:00+00:00,1781.25
2019-11-19 20:00:00+00:00,1315.5
2019-11-19 21:00:00+00:00,867.75
2019-11-19 22:00:00+00:00,576.75
2019-11-19 23:00:00+00:00,291.5
2019-11-20 00:00:00+00:00,142.75
2019-11-20 01:00:00+00:00,35.0
2019-11-20 02:00:00+00:00,9.75
2019-11-20 03:00:00+00:00,1.25
2019-11-20 04:00:00+00:00,2.25
2019-11-20 05:00:00+00:00,21.75
2019-11-20 06:00:00+00:00,114.5
2019-11-20 07:00:00+00:00,212.5
2019-11-20 08:00:00+00:00,296.0
2019-11-20 09:00:00+00:00,409.75
2019-11-20 10:00:00+00:00,481.75
2019-11-20 11:00:00+00:00,434.25
2019-11-20 12:00:00+00:00,396.5
2019-11-20 13:00:00+00:00,395.75
2019-11-20 14:00:00+00:00,432.5
2019-11-20 15:00:00+00:00,430.25
2019-11-20 16:00:00+00:00,455.75
2019-11-20 17:00:00+00:00,662.5
2019-11-20 18:00:00+00:00,878.0
2019-11-20 19:00:00+00:00,874.25
2019-11-20 20:00:00+00:00,751.0
2019-11-20 21:00:00+00:00,510.5
2019-11-20 22:00:00+00:00,382.5
2019-11-20 23:00:00+00:00,246.5
2019-11-21 00:00:00+00:00,169.75
2019-11-21 01:00:00+00:00,146.0
2019-11-21 02:00:00+00:00,166.75
2019-11-21 03:00:00+00:00,293.5
2019-11-21 04:00:00+00:00,395.75
2019-11-21 05:00:00+00:00,743.75
2019-11-21 06:00:00+00:00,1037.5
2019-11-21 07:00:00+00:00,1656.0
2019-11-21 08:00:00+00:00,2023.0
2019-11-21 09:00:00+00:00,1857.75
2019-11-21 10:00:00+00:00,2084.0
2019-11-21 11:00:00+00:00,2073.0
2019-11-21 12:00:00+00:00,2668.0
2019-11-21 13:00:00+00:00,2656.25
2019-11-21 14:00:00+00:00,2957.25
2019-11-21 15:00:00+00:00,3275.0
2019-11-21 16:00:00+00:00,3688.25
2019-11-21 17:00:00+00:00,3845.25
2019-11-21 18:00:00+00:00,3833.5
2019-11-21 19:00:00+00:00,3605.25
2019-11-21 20:00:00+00:00,3380.75
2019-11-21 21:00:00+00:00,3229.0
2019-11-21 22:00:00+00:00,2839.0
2019-11-21 23:00:00+00:00,2585.5
2019-11-22 00:00:00+00:00,2507.0
2019-11-22 01:00:00+00:00,2397.25
2019-11-22 02:00:00+00:00,2156.75
2019-11-22 03:00:00+00:00,2007.0
2019-11-22 04:00:00+00:00,2112.25
2019-11-22 05:00:00+00:00,2322.0
2019-11-22 06:00:00+00:00,2468.25
2019-11-22 07:00:00+00:00,2764.25
2019-11-22 08:00:00+00:00,3055.5
2019-11-22 09:00:00+00:00,2836.25
2019-11-22 10:00:00+00:00,3021.25
2019-11-22 11:00:00+00:00,3157.5
2019-11-22 12:00:00+00:00,2624.0
2019-11-22 13:00:00+00:00,2060.5
2019-11-22 14:00:00+00:00,2213.75
2019-11-22 15:00:00+00:00,2635.0
2019-11-22 16:00:00+00:00,3191.5
2019-11-22 17:00:00+00:00,3091.25
2019-11-22 18:00:00+00:00,2761.0
2019-11-22 19:00:00+00:00,3135.75
2019-11-22 20:00:00+00:00,3558.75
2019-11-22 21:00:00+00:00,3797.75
2019-11-22 22:00:00+00:00,3716.25
2019-11-22 23:00:00+00:00,3813.75
2019-11-23 00:00:00+00:00,4526.5
2019-11-23 01:00:00+00:00,5215.0
2019-11-23 02:00:00+00:00,5536.25
2019-11-23 03:00:00+00:00,5687.75
2019-11-23 04:00:00+00:00,5748.0
2019-11-23 05:00:00+00:00,5869.5
2019-11-23 06:00:00+00:00,5973.25
2019-11-23 07:00:00+00:00,6025.5
2019-11-23 08:00:00+00:00,6008.0
2019-11-23 09:00:00+00:00,5988.5
2019-11-23 10:00:00+00:00,5983.0
2019-11-23 11:00:00+00:00,5970.75
2019-11-23 12:00:00+00:00,5978.5
2019-11-23 13:00:00+00:00,5983.25
2019-11-23 14:00:00+00:00,6019.0
2019-11-23 15:00:00+00:00,6082.0
2019-11-23 16:00:00+00:00,6068.25
2019-11-23 17:00:00+00:00,6060.75
2019-11-23 18:00:00+00:00,6144.0
2019-11-23 19:00:00+00:00,6482.5
2019-11-23 20:00:00+00:00,6498.0
2019-11-23 21:00:00+00:00,6561.75
2019-11-23 22:00:00+00:00,6559.5
2019-11-23 23:00:00+00:00,6599.5
2019-11-24 00:00:00+00:00,6598.0
2019-11-24 01:00:00+00:00,6612.75
2019-11-24 02:00:00+00:00,6611.25
2019-11-24 03:00:00+00:00,6624.0
2019-11-24 04:00:00+00:00,6520.5
2019-11-24 05:00:00+00:00,6416.75
2019-11-24 06:00:00+00:00,6342.0
2019-11-24 07:00:00+00:00,6123.5
2019-11-24 08:00:00+00:00,5825.5
2019-11-24 09:00:00+00:00,5352.0
2019-11-24 10:00:00+00:00,4743.0
2019-11-24 11:00:00+00:00,4286.75
2019-11-24 12:00:00+00:00,4102.0
2019-11-24 13:00:00+00:00,3839.0
2019-11-24 14:00:00+00:00,3513.25
2019-11-24 15:00:00+00:00,3351.75
2019-11-24 16:00:00+00:00,3274.25
2019-11-24 17:00:00+00:00,2974.25
2019-11-24 18:00:00+00:00,2414.25
2019-11-24 19:00:00+00:00,1859.0
2019-11-24 20:00:00+00:00,1627.75
2019-11-24 21:00:00+00:00,1392.25
2019-11-24 22:00:00+00:00,1203.5
2019-11-24 23:00:00+00:00,992.5
2019-11-25 00:00:00+00:00,834.0
2019-11-25 01:00:00+00:00,656.25
2019-11-25 02:00:00+00:00,598.0
2019-11-25 03:00:00+00:00,629.5
2019-11-25 04:00:00+00:00,755.5
2019-11-25 05:00:00+00:00,793.25
2019-11-25 06:00:00+00:00,815.5
2019-11-25 07:00:00+00:00,623.5
2019-11-25 08:00:00+00:00,632.25
2019-11-25 09:00:00+00:00,617.0
2019-11-25 10:00:00+00:00,581.25
2019-11-25 11:00:00+00:00,561.0
2019-11-25 12:00:00+00:00,540.75
2019-11-25 13:00:00+00:00,468.25
2019-11-25 14:00:00+00:00,416.5
2019-11-25 15:00:00+00:00,476.75
2019-11-25 16:00:00+00:00,644.5
2019-11-25 17:00:00+00:00,658.25
2019-11-25 18:00:00+00:00,695.5
2019-11-25 19:00:00+00:00,796.25
2019-11-25 20:00:00+00:00,1020.0
2019-11-25 21:00:00+00:00,1097.0
2019-11-25 22:00:00+00:00,1195.75
2019-11-25 23:00:00+00:00,1142.5
2019-11-26 00:00:00+00:00,1118.0
2019-11-26 01:00:00+00:00,1089.5
2019-11-26 02:00:00+00:00,1239.5
2019-11-26 03:00:00+00:00,1457.75
2019-11-26 04:00:00+00:00,1693.0
2019-11-26 05:00:00+00:00,1938.75
2019-11-26 06:00:00+00:00,2047.0
2019-11-26 07:00:00+00:00,2190.25
2019-11-26 08:00:00+00:00,2369.5
2019-11-26 09:00:00+00:00,2374.0
2019-11-26 10:00:00+00:00,2464.75
2019-11-26 11:00:00+00:00,2469.0
2019-11-26 12:00:00+00:00,2565.75
2019-11-26 13:00:00+00:00,2675.0
2019-11-26 14:00:00+00:00,2443.5
2019-11-26 15:00:00+00:00,2526.5
2019-11-26 16:00:00+00:00,2496.25
2019-11-26 17:00:00+00:00,2713.0
2019-11-26 18:00:00+00:00,3158.0
2019-11-26 19:00:00+00:00,3461.25
2019-11-26 20:00:00+00:00,3620.75
2019-11-26 21:00:00+00:00,3521.5
2019-11-26 22:00:00+00:00,3402.25
2019-11-26 23:00:00+00:00,2990.25
2019-11-27 00:00:00+00:00,2328.5
2019-11-27 01:00:00+00:00,2374.75
2019-11-27 02:00:00+00:00,2112.75
2019-11-27 03:00:00+00:00,2181.25
2019-11-27 04:00:00+00:00,2066.5
2019-11-27 05:00:00+00:00,2134.75
2019-11-27 06:00:00+00:00,2675.0
2019-11-27 07:00:00+00:00,3081.0
2019-11-27 08:00:00+00:00,3273.75
2019-11-27 09:00:00+00:00,4275.75
2019-11-27 10:00:00+00:00,4875.25
2019-11-27 11:00:00+00:00,5009.0
2019-11-27 12:00:00+00:00,4209.25
2019-11-27 13:00:00+00:00,3852.0
2019-11-27 14:00:00+00:00,3710.25
2019-11-27 15:00:00+00:00,4120.25
2019-11-27 16:00:00+00:00,4226.5
2019-11-27 17:00:00+00:00,4049.0
2019-11-27 18:00:00+00:00,3973.25
2019-11-27 19:00:00+00:00,3996.25
2019-11-27 20:00:00+00:00,3994.0
2019-11-27 21:00:00+00:00,3808.0
2019-11-27 22:00:00+00:00,3517.75
2019-11-27 23:00:00+00:00,3289.0
2019-11-28 00:00:00+00:00,2743.75
2019-11-28 01:00:00+00:00,2392.75
2019-11-28 02:00:00+00:00,2524.0
2019-11-28 03:00:00+00:00,2722.75
2019-11-28 04:00:00+00:00,3457.5
2019-11-28 05:00:00+00:00,3691.0
2019-11-28 06:00:00+00:00,3340.75
2019-11-28 07:00:00+00:00,2939.25
2019-11-28 08:00:00+00:00,2313.5
2019-11-28 09:00:00+00:00,1963.0
2019-11-28 10:00:00+00:00,2209.75
2019-11-28 11:00:00+00:00,2805.75
2019-11-28 12:00:00+00:00,4111.25
2019-11-28 13:00:00+00:00,5130.0
2019-11-28 14:00:00+00:00,5899.25
2019-11-28 15:00:00+00:00,6611.75
2019-11-28 16:00:00+00:00,6593.25
2019-11-28 17:00:00+00:00,6504.75
2019-11-28 18:00:00+00:00,6780.5
2019-11-28 19:00:00+00:00,6808.0
2019-11-28 20:00:00+00:00,6634.75
2019-11-28 21:00:00+00:00,6501.0
2019-11-28 22:00:00+00:00,6719.25
2019-11-28 23:00:00+00:00,6189.5
2019-11-29 00:00:00+00:00,5806.75
2019-11-29 01:00:00+00:00,5735.75
2019-11-29 02:00:00+00:00,5580.0
2019-11-29 03:00:00+00:00,5695.75
2019-11-29 04:00:00+00:00,5905.0
2019-11-29 05:00:00+00:00,6055.25
2019-11-29 06:00:00+00:00,6065.0
2019-11-29 07:00:00+00:00,6074.0
2019-11-29 08:00:00+00:00,6058.5
2019-11-29 09:00:00+00:00,5947.75
2019-11-29 10:00:00+00:00,5791.5
2019-11-29 11:00:00+00:00,5336.25
2019-11-29 12:00:00+00:00,5320.0
2019-11-29 13:00:00+00:00,4893.25
2019-11-29 14:00:00+00:00,5162.5
2019-11-29 15:00:00+00:00,5706.75
2019-11-29 16:00:00+00:00,5896.75
2019-11-29 17:00:00+00:00,5689.0
2019-11-29 18:00:00+00:00,5354.25
2019-11-29 19:00:00+00:00,5265.5
2019-11-29 20:00:00+00:00,5041.5
2019-11-29 21:00:00+00:00,5051.25
2019-11-29 22:00:00+00:00,4708.0
2019-11-29 23:00:00+00:00,4526.0
2019-11-30 00:00:00+00:00,4021.25
2019-11-30 01:00:00+00:00,3327.5
2019-11-30 02:00:00+00:00,3146.75
2019-11-30 03:00:00+00:00,3169.25
2019-11-30 04:00:00+00:00,2849.0
2019-11-30 05:00:00+00:00,2740.25
2019-11-30 06:00:00+00:00,2672.0
2019-11-30 07:00:00+00:00,2149.75
2019-11-30 08:00:00+00:00,2183.5
2019-11-30 09:00:00+00:00,2173.0
2019-11-30 10:00:00+00:00,1784.0
2019-11-30 11:00:00+00:00,1459.5
2019-11-30 12:00:00+00:00,1469.25
2019-11-30 13:00:00+00:00,1714.75
2019-11-30 14:00:00+00:00,1580.25
2019-11-30 15:00:00+00:00,1611.5
2019-11-30 16:00:00+00:00,1571.25
2019-11-30 17:00:00+00:00,1274.5
2019-11-30 18:00:00+00:00,925.5
2019-11-30 19:00:00+00:00,639.25
2019-11-30 20:00:00+00:00,417.25
2019-11-30 21:00:00+00:00,289.5
2019-11-30 22:00:00+00:00,315.75
2019-11-30 23:00:00+00:00,321.75
2019-12-01 00:00:00+00:00,356.25
2019-12-01 01:00:00+00:00,315.75
2019-12-01 02:00:00+00:00,299.5
2019-12-01 03:00:00+00:00,327.5
2019-12-01 04:00:00+00:00,409.75
2019-12-01 05:00:00+00:00,441.0
2019-12-01 06:00:00+00:00,522.75
2019-12-01 07:00:00+00:00,584.5
2019-12-01 08:00:00+00:00,569.75
2019-12-01 09:00:00+00:00,697.5
2019-12-01 10:00:00+00:00,682.75
2019-12-01 11:00:00+00:00,672.5
2019-12-01 12:00:00+00:00,655.0
2019-12-01 13:00:00+00:00,779.25
2019-12-01 14:00:00+00:00,1031.75
2019-12-01 15:00:00+00:00,1391.5
2019-12-01 16:00:00+00:00,1704.5
2019-12-01 17:00:00+00:00,2108.5
2019-12-01 18:00:00+00:00,2364.5
2019-12-01 19:00:00+00:00,2600.0
2019-12-01 20:00:00+00:00,2745.0
2019-12-01 21:00:00+00:00,3306.75
2019-12-01 22:00:00+00:00,3493.75
2019-12-01 23:00:00+00:00,3969.5
2019-12-02 00:00:00+00:00,4503.75
2019-12-02 01:00:00+00:00,5166.25
2019-12-02 02:00:00+00:00,5246.0
2019-12-02 03:00:00+00:00,5016.75
2019-12-02 04:00:00+00:00,4882.5
2019-12-02 05:00:00+00:00,5609.5
2019-12-02 06:00:00+00:00,6091.5
2019-12-02 07:00:00+00:00,6595.5
2019-12-02 08:00:00+00:00,6600.75
2019-12-02 09:00:00+00:00,6333.25
2019-12-02 10:00:00+00:00,6186.0
2019-12-02 11:00:00+00:00,5940.25
2019-12-02 12:00:00+00:00,4933.5
2019-12-02 13:00:00+00:00,4400.5
2019-12-02 14:00:00+00:00,3627.5
2019-12-02 15:00:00+00:00,3139.0
2019-12-02 16:00:00+00:00,2247.5
2019-12-02 17:00:00+00:00,1806.25
2019-12-02 18:00:00+00:00,1683.0
2019-12-02 19:00:00+00:00,1311.5
2019-12-02 20:00:00+00:00,1340.5
2019-12-02 21:00:00+00:00,1193.0
2019-12-02 22:00:00+00:00,1104.5
2019-12-02 23:00:00+00:00,1251.0
2019-12-03 00:00:00+00:00,1360.25
2019-12-03 01:00:00+00:00,1558.5
2019-12-03 02:00:00+00:00,1463.25
2019-12-03 03:00:00+00:00,1736.25
2019-12-03 04:00:00+00:00,1740.5
2019-12-03 05:00:00+00:00,1831.5
2019-12-03 06:00:00+00:00,2174.25
2019-12-03 07:00:00+00:00,2980.0
2019-12-03 08:00:00+00:00,3556.25
2019-12-03 09:00:00+00:00,4333.75
2019-12-03 10:00:00+00:00,5229.75
2019-12-03 11:00:00+00:00,5343.5
2019-12-03 12:00:00+00:00,5488.75
2019-12-03 13:00:00+00:00,5656.25
2019-12-03 14:00:00+00:00,5497.0
2019-12-03 15:00:00+00:00,5258.5
2019-12-03 16:00:00+00:00,4827.25
2019-12-03 17:00:00+00:00,4587.25
2019-12-03 18:00:00+00:00,4698.25
2019-12-03 19:00:00+00:00,4560.5
2019-12-03 20:00:00+00:00,4914.75
2019-12-03 21:00:00+00:00,5060.25
2019-12-03 22:00:00+00:00,5212.0
2019-12-03 23:00:00+00:00,5127.5
2019-12-04 00:00:00+00:00,4768.5
2019-12-04 01:00:00+00:00,4401.0
2019-12-04 02:00:00+00:00,4191.5
2019-12-04 03:00:00+00:00,4102.5
2019-12-04 04:00:00+00:00,4071.5
2019-12-04 05:00:00+00:00,3776.25
2019-12-04 06:00:00+00:00,3381.5
2019-12-04 07:00:00+00:00,3324.5
2019-12-04 08:00:00+00:00,3366.5
2019-12-04 09:00:00+00:00,3652.25
2019-12-04 10:00:00+00:00,4175.0
2019-12-04 11:00:00+00:00,4313.0
2019-12-04 12:00:00+00:00,4351.0
2019-12-04 13:00:00+00:00,4332.75
2019-12-04 14:00:00+00:00,4628.75
2019-12-04 15:00:00+00:00,4367.25
2019-12-04 16:00:00+00:00,4073.25
2019-12-04 17:00:00+00:00,3712.25
2019-12-04 18:00:00+00:00,3696.75
2019-12-04 19:00:00+00:00,3897.25
2019-12-04 20:00:00+00:00,4005.0
2019-12-04 21:00:00+00:00,4084.75
2019-12-04 22:00:00+00:00,4341.5
2019-12-04 23:00:00+00:00,4519.5
2019-12-05 00:00:00+00:00,4483.5
2019-12-05 01:00:00+00:00,4984.5
2019-12-05 02:00:00+00:00,4655.5
2019-12-05 03:00:00+00:00,4299.75
2019-12-05 04:00:00+00:00,4306.0
2019-12-05 05:00:00+00:00,4345.5
2019-12-05 06:00:00+00:00,4216.5
2019-12-05 07:00:00+00:00,4899.25
2019-12-05 08:00:00+00:00,5334.0
2019-12-05 09:00:00+00:00,5506.25
2019-12-05 10:00:00+00:00,5633.75
2019-12-05 11:00:00+00:00,5782.75
2019-12-05 12:00:00+00:00,6144.25
2019-12-05 13:00:00+00:00,6409.5
2019-12-05 14:00:00+00:00,6672.75
2019-12-05 15:00:00+00:00,6822.25
2019-12-05 16:00:00+00:00,6609.25
2019-12-05 17:00:00+00:00,6528.75
2019-12-05 18:00:00+00:00,6431.75
2019-12-05 19:00:00+00:00,6282.0
2019-12-05 20:00:00+00:00,5762.5
2019-12-05 21:00:00+00:00,5275.0
2019-12-05 22:00:00+00:00,4995.75
2019-12-05 23:00:00+00:00,4357.0
2019-12-06 00:00:00+00:00,3894.75
2019-12-06 01:00:00+00:00,3912.25
2019-12-06 02:00:00+00:00,3910.5
2019-12-06 03:00:00+00:00,3915.0
2019-12-06 04:00:00+00:00,3919.5
2019-12-06 05:00:00+00:00,3918.5
2019-12-06 06:00:00+00:00,3920.0
2019-12-06 07:00:00+00:00,3918.75
2019-12-06 08:00:00+00:00,3920.0
2019-12-06 09:00:00+00:00,4560.0
2019-12-06 10:00:00+00:00,4579.75
2019-12-06 11:00:00+00:00,5069.5
2019-12-06 12:00:00+00:00,5330.75
2019-12-06 13:00:00+00:00,5136.25
2019-12-06 14:00:00+00:00,5050.25
2019-12-06 15:00:00+00:00,5060.5
2019-12-06 16:00:00+00:00,5063.5
2019-12-06 17:00:00+00:00,5077.0
2019-12-06 18:00:00+00:00,5076.5
2019-12-06 19:00:00+00:00,5008.25
2019-12-06 20:00:00+00:00,4938.0
2019-12-06 21:00:00+00:00,4865.75
2019-12-06 22:00:00+00:00,5272.25
2019-12-06 23:00:00+00:00,6003.75
2019-12-07 00:00:00+00:00,6350.5
2019-12-07 01:00:00+00:00,6401.5
2019-12-07 02:00:00+00:00,6430.0
2019-12-07 03:00:00+00:00,6420.5
2019-12-07 04:00:00+00:00,6092.5
2019-12-07 05:00:00+00:00,5940.5
2019-12-07 06:00:00+00:00,5770.0
2019-12-07 07:00:00+00:00,5739.75
2019-12-07 08:00:00+00:00,5893.75
2019-12-07 09:00:00+00:00,5995.75
2019-12-07 10:00:00+00:00,5883.25
2019-12-07 11:00:00+00:00,5789.0
2019-12-07 12:00:00+00:00,5073.0
2019-12-07 13:00:00+00:00,5698.25
2019-12-07 14:00:00+00:00,5814.75
2019-12-07 15:00:00+00:00,5597.0
2019-12-07 16:00:00+00:00,5120.5
2019-12-07 17:00:00+00:00,5668.75
2019-12-07 18:00:00+00:00,5687.0
2019-12-07 19:00:00+00:00,5946.0
2019-12-07 20:00:00+00:00,6020.25
2019-12-07 21:00:00+00:00,6013.75
2019-12-07 22:00:00+00:00,5943.25
2019-12-07 23:00:00+00:00,5806.0
2019-12-08 00:00:00+00:00,5318.0
2019-12-08 01:00:00+00:00,4814.0
2019-12-08 02:00:00+00:00,4827.0
2019-12-08 03:00:00+00:00,4375.0
2019-12-08 04:00:00+00:00,4057.0
2019-12-08 05:00:00+00:00,4020.5
2019-12-08 06:00:00+00:00,3510.5
2019-12-08 07:00:00+00:00,3670.5
2019-12-08 08:00:00+00:00,3826.25
2019-12-08 09:00:00+00:00,4086.75
2019-12-08 10:00:00+00:00,4296.75
2019-12-08 11:00:00+00:00,4434.75
2019-12-08 12:00:00+00:00,4439.0
2019-12-08 13:00:00+00:00,4855.0
2019-12-08 14:00:00+00:00,5915.0
2019-12-08 15:00:00+00:00,6271.25
2019-12-08 16:00:00+00:00,6281.5
2019-12-08 17:00:00+00:00,6287.75
2019-12-08 18:00:00+00:00,6285.5
2019-12-08 19:00:00+00:00,6301.5
2019-12-08 20:00:00+00:00,6382.5
2019-12-08 21:00:00+00:00,6488.25
2019-12-08 22:00:00+00:00,5688.25
2019-12-08 23:00:00+00:00,5572.75
2019-12-09 00:00:00+00:00,4549.5
2019-12-09 01:00:00+00:00,4387.0
2019-12-09 02:00:00+00:00,4510.5
2019-12-09 03:00:00+00:00,5007.25
2019-12-09 04:00:00+00:00,5616.25
2019-12-09 05:00:00+00:00,6301.75
2019-12-09 06:00:00+00:00,6412.25
2019-12-09 07:00:00+00:00,6221.5
2019-12-09 08:00:00+00:00,5628.75
2019-12-09 09:00:00+00:00,4705.0
2019-12-09 10:00:00+00:00,4565.0
2019-12-09 11:00:00+00:00,5276.25
2019-12-09 12:00:00+00:00,5836.5
2019-12-09 13:00:00+00:00,6126.5
2019-12-09 14:00:00+00:00,6329.75
2019-12-09 15:00:00+00:00,6007.75
2019-12-09 16:00:00+00:00,5834.0
2019-12-09 17:00:00+00:00,5815.5
2019-12-09 18:00:00+00:00,5817.75
2019-12-09 19:00:00+00:00,5839.0
2019-12-09 20:00:00+00:00,5851.5
2019-12-09 21:00:00+00:00,5856.25
2019-12-09 22:00:00+00:00,5857.5
2019-12-09 23:00:00+00:00,5761.0
2019-12-10 00:00:00+00:00,5740.25
2019-12-10 01:00:00+00:00,5390.0
2019-12-10 02:00:00+00:00,5087.5
2019-12-10 03:00:00+00:00,4153.75
2019-12-10 04:00:00+00:00,3055.0
2019-12-10 05:00:00+00:00,2248.25
2019-12-10 06:00:00+00:00,1956.75
2019-12-10 07:00:00+00:00,1805.5
2019-12-10 08:00:00+00:00,2807.5
2019-12-10 09:00:00+00:00,4320.5
2019-12-10 10:00:00+00:00,4958.25
2019-12-10 11:00:00+00:00,5295.25
2019-12-10 12:00:00+00:00,5383.0
2019-12-10 13:00:00+00:00,5486.0
2019-12-10 14:00:00+00:00,5051.75
2019-12-10 15:00:00+00:00,4530.25
2019-12-10 16:00:00+00:00,4545.0
2019-12-10 17:00:00+00:00,4147.25
2019-12-10 18:00:00+00:00,4280.0
2019-12-10 19:00:00+00:00,4700.0
2019-12-10 20:00:00+00:00,4649.25
2019-12-10 21:00:00+00:00,4801.25
2019-12-10 22:00:00+00:00,4951.75
2019-12-10 23:00:00+00:00,4817.75
2019-12-11 00:00:00+00:00,4907.0
2019-12-11 01:00:00+00:00,4972.0
2019-12-11 02:00:00+00:00,5020.75
2019-12-11 03:00:00+00:00,4998.75
2019-12-11 04:00:00+00:00,5038.5
2019-12-11 05:00:00+00:00,5153.25
2019-12-11 06:00:00+00:00,5182.0
2019-12-11 07:00:00+00:00,4496.75
2019-12-11 08:00:00+00:00,3895.75
2019-12-11 09:00:00+00:00,3440.75
2019-12-11 10:00:00+00:00,3587.0
2019-12-11 11:00:00+00:00,3559.75
2019-12-11 12:00:00+00:00,3532.25
2019-12-11 13:00:00+00:00,3121.25
2019-12-11 14:00:00+00:00,2640.0
2019-12-11 15:00:00+00:00,2495.25
2019-12-11 16:00:00+00:00,2510.5
2019-12-11 17:00:00+00:00,2444.75
2019-12-11 18:00:00+00:00,2465.5
2019-12-11 19:00:00+00:00,2563.5
2019-12-11 20:00:00+00:00,2696.75
2019-12-11 21:00:00+00:00,2720.25
2019-12-11 22:00:00+00:00,2950.75
2019-12-11 23:00:00+00:00,2802.75
2019-12-12 00:00:00+00:00,3430.75
2019-12-12 01:00:00+00:00,3197.5
2019-12-12 02:00:00+00:00,3078.25
2019-12-12 03:00:00+00:00,3572.75
2019-12-12 04:00:00+00:00,3567.0
2019-12-12 05:00:00+00:00,3869.0
2019-12-12 06:00:00+00:00,3820.5
2019-12-12 07:00:00+00:00,3680.25
2019-12-12 08:00:00+00:00,3543.25
2019-12-12 09:00:00+00:00,3467.25
2019-12-12 10:00:00+00:00,3371.0
2019-12-12 11:00:00+00:00,3643.0
2019-12-12 12:00:00+00:00,3842.5
2019-12-12 13:00:00+00:00,4282.0
2019-12-12 14:00:00+00:00,4774.0
2019-12-12 15:00:00+00:00,4657.25
2019-12-12 16:00:00+00:00,4569.0
2019-12-12 17:00:00+00:00,5390.25
2019-12-12 18:00:00+00:00,5515.25
2019-12-12 19:00:00+00:00,5496.25
2019-12-12 20:00:00+00:00,5394.75
2019-12-12 21:00:00+00:00,5324.0
2019-12-12 22:00:00+00:00,5251.25
2019-12-12 23:00:00+00:00,5290.75
2019-12-13 00:00:00+00:00,5378.75
2019-12-13 01:00:00+00:00,5214.25
2019-12-13 02:00:00+00:00,5205.25
2019-12-13 03:00:00+00:00,5134.5
2019-12-13 04:00:00+00:00,5178.0
2019-12-13 05:00:00+00:00,5188.25
2019-12-13 06:00:00+00:00,5016.75
2019-12-13 07:00:00+00:00,4892.25
2019-12-13 08:00:00+00:00,4892.5
2019-12-13 09:00:00+00:00,4666.25
2019-12-13 10:00:00+00:00,4180.0
2019-12-13 11:00:00+00:00,3117.75
2019-12-13 12:00:00+00:00,2553.75
2019-12-13 13:00:00+00:00,2216.0
2019-12-13 14:00:00+00:00,1754.25
2019-12-13 15:00:00+00:00,1620.25
2019-12-13 16:00:00+00:00,1539.25
2019-12-13 17:00:00+00:00,1543.75
2019-12-13 18:00:00+00:00,1570.5
2019-12-13 19:00:00+00:00,1752.0
2019-12-13 20:00:00+00:00,2086.5
2019-12-13 21:00:00+00:00,2376.25
2019-12-13 22:00:00+00:00,2498.5
2019-12-13 23:00:00+00:00,3255.25
2019-12-14 00:00:00+00:00,3832.0
2019-12-14 01:00:00+00:00,3784.25
2019-12-14 02:00:00+00:00,4300.75
2019-12-14 03:00:00+00:00,4944.5
2019-12-14 04:00:00+00:00,5074.75
2019-12-14 05:00:00+00:00,5275.5
2019-12-14 06:00:00+00:00,5491.25
2019-12-14 07:00:00+00:00,5580.0
2019-12-14 08:00:00+00:00,5657.25
2019-12-14 09:00:00+00:00,5717.0
2019-12-14 10:00:00+00:00,5926.5
2019-12-14 11:00:00+00:00,5956.0
2019-12-14 12:00:00+00:00,5714.75
2019-12-14 13:00:00+00:00,5773.25
2019-12-14 14:00:00+00:00,5771.25
2019-12-14 15:00:00+00:00,5806.25
2019-12-14 16:00:00+00:00,5903.0
2019-12-14 17:00:00+00:00,6158.25
2019-12-14 18:00:00+00:00,6472.75
2019-12-14 19:00:00+00:00,6313.25
2019-12-14 20:00:00+00:00,5879.25
2019-12-14 21:00:00+00:00,5925.25
2019-12-14 22:00:00+00:00,5930.75
2019-12-14 23:00:00+00:00,5913.5
2019-12-15 00:00:00+00:00,5955.75
2019-12-15 01:00:00+00:00,5775.75
2019-12-15 02:00:00+00:00,6303.5
2019-12-15 03:00:00+00:00,6426.0
2019-12-15 04:00:00+00:00,6457.0
2019-12-15 05:00:00+00:00,6288.75
2019-12-15 06:00:00+00:00,6216.75
2019-12-15 07:00:00+00:00,5872.5
2019-12-15 08:00:00+00:00,5465.0
2019-12-15 09:00:00+00:00,5149.0
2019-12-15 10:00:00+00:00,4454.5
2019-12-15 11:00:00+00:00,4240.25
2019-12-15 12:00:00+00:00,5320.5
2019-12-15 13:00:00+00:00,6028.0
2019-12-15 14:00:00+00:00,6350.75
2019-12-15 15:00:00+00:00,6281.25
2019-12-15 16:00:00+00:00,6112.5
2019-12-15 17:00:00+00:00,5855.0
2019-12-15 18:00:00+00:00,5961.5
2019-12-15 19:00:00+00:00,5946.25
2019-12-15 20:00:00+00:00,5976.25
2019-12-15 21:00:00+00:00,6198.5
2019-12-15 22:00:00+00:00,6305.75
2019-12-15 23:00:00+00:00,6577.25
2019-12-16 00:00:00+00:00,6516.25
2019-12-16 01:00:00+00:00,6614.25
2019-12-16 02:00:00+00:00,6612.75
2019-12-16 03:00:00+00:00,6489.25
2019-12-16 04:00:00+00:00,6549.25
2019-12-16 05:00:00+00:00,6098.5
2019-12-16 06:00:00+00:00,5533.25
2019-12-16 07:00:00+00:00,5415.5
2019-12-16 08:00:00+00:00,5402.75
2019-12-16 09:00:00+00:00,5313.0
2019-12-16 10:00:00+00:00,5246.75
2019-12-16 11:00:00+00:00,5428.5
2019-12-16 12:00:00+00:00,5537.5
2019-12-16 13:00:00+00:00,5325.5
2019-12-16 14:00:00+00:00,4844.75
2019-12-16 15:00:00+00:00,4816.25
2019-12-16 16:00:00+00:00,4500.0
2019-12-16 17:00:00+00:00,4114.75
2019-12-16 18:00:00+00:00,3283.5
2019-12-16 19:00:00+00:00,2475.75
2019-12-16 20:00:00+00:00,2063.0
2019-12-16 21:00:00+00:00,1390.5
2019-12-16 22:00:00+00:00,819.0
2019-12-16 23:00:00+00:00,589.75
2019-12-17 00:00:00+00:00,364.5
2019-12-17 01:00:00+00:00,303.5
2019-12-17 02:00:00+00:00,258.25
2019-12-17 03:00:00+00:00,385.25
2019-12-17 04:00:00+00:00,625.75
2019-12-17 05:00:00+00:00,1124.0
2019-12-17 06:00:00+00:00,1491.5
2019-12-17 07:00:00+00:00,1323.25
2019-12-17 08:00:00+00:00,1372.0
2019-12-17 09:00:00+00:00,1521.0
2019-12-17 10:00:00+00:00,2167.75
2019-12-17 11:00:00+00:00,3162.5
2019-12-17 12:00:00+00:00,3547.75
2019-12-17 13:00:00+00:00,3792.75
2019-12-17 14:00:00+00:00,3862.0
2019-12-17 15:00:00+00:00,4190.5
2019-12-17 16:00:00+00:00,4267.75
2019-12-17 17:00:00+00:00,4307.25
2019-12-17 18:00:00+00:00,4303.25
2019-12-17 19:00:00+00:00,3545.0
2019-12-17 20:00:00+00:00,2952.5
2019-12-17 21:00:00+00:00,3502.25
2019-12-17 22:00:00+00:00,4666.75
2019-12-17 23:00:00+00:00,5062.75
2019-12-18 00:00:00+00:00,5057.0
2019-12-18 01:00:00+00:00,5648.75
2019-12-18 02:00:00+00:00,6424.25
2019-12-18 03:00:00+00:00,6567.0
2019-12-18 04:00:00+00:00,6458.25
2019-12-18 05:00:00+00:00,6166.75
2019-12-18 06:00:00+00:00,5782.75
2019-12-18 07:00:00+00:00,5328.25
2019-12-18 08:00:00+00:00,4817.0
2019-12-18 09:00:00+00:00,4678.25
2019-12-18 10:00:00+00:00,4079.75
2019-12-18 11:00:00+00:00,3403.5
2019-12-18 12:00:00+00:00,3204.25
2019-12-18 13:00:00+00:00,3060.75
2019-12-18 14:00:00+00:00,2496.0
2019-12-18 15:00:00+00:00,2129.0
2019-12-18 16:00:00+00:00,2324.5
2019-12-18 17:00:00+00:00,2654.5
2019-12-18 18:00:00+00:00,2697.25
2019-12-18 19:00:00+00:00,3116.25
2019-12-18 20:00:00+00:00,3215.25
2019-12-18 21:00:00+00:00,3925.5
2019-12-18 22:00:00+00:00,4709.75
2019-12-18 23:00:00+00:00,5049.0
2019-12-19 00:00:00+00:00,5319.75
2019-12-19 01:00:00+00:00,5717.0
2019-12-19 02:00:00+00:00,5939.75
2019-12-19 03:00:00+00:00,5809.0
2019-12-19 04:00:00+00:00,5731.5
2019-12-19 05:00:00+00:00,5839.0
2019-12-19 06:00:00+00:00,5857.5
2019-12-19 07:00:00+00:00,5893.5
2019-12-19 08:00:00+00:00,6114.5
2019-12-19 09:00:00+00:00,6186.25
2019-12-19 10:00:00+00:00,6246.75
2019-12-19 11:00:00+00:00,6194.0
2019-12-19 12:00:00+00:00,6107.5
2019-12-19 13:00:00+00:00,5864.0
2019-12-19 14:00:00+00:00,5721.0
2019-12-19 15:00:00+00:00,5773.25
2019-12-19 16:00:00+00:00,5526.5
2019-12-19 17:00:00+00:00,5306.5
2019-12-19 18:00:00+00:00,5622.25
2019-12-19 19:00:00+00:00,5804.25
2019-12-19 20:00:00+00:00,5971.75
2019-12-19 21:00:00+00:00,6011.0
2019-12-19 22:00:00+00:00,5656.25
2019-12-19 23:00:00+00:00,5676.0
2019-12-20 00:00:00+00:00,5679.5
2019-12-20 01:00:00+00:00,5707.75
2019-12-20 02:00:00+00:00,5913.75
2019-12-20 03:00:00+00:00,5991.0
2019-12-20 04:00:00+00:00,6026.25
2019-12-20 05:00:00+00:00,6087.5
2019-12-20 06:00:00+00:00,6049.5
2019-12-20 07:00:00+00:00,5878.25
2019-12-20 08:00:00+00:00,5871.75
2019-12-20 09:00:00+00:00,5766.75
2019-12-20 10:00:00+00:00,5727.0
2019-12-20 11:00:00+00:00,5813.75
2019-12-20 12:00:00+00:00,5821.0
2019-12-20 13:00:00+00:00,5681.25
2019-12-20 14:00:00+00:00,5701.25
2019-12-20 15:00:00+00:00,5830.0
2019-12-20 16:00:00+00:00,6045.25
2019-12-20 17:00:00+00:00,6171.5
2019-12-20 18:00:00+00:00,6031.75
2019-12-20 19:00:00+00:00,5906.75
2019-12-20 20:00:00+00:00,6172.25
2019-12-20 21:00:00+00:00,6164.75
2019-12-20 22:00:00+00:00,6136.25
2019-12-20 23:00:00+00:00,6196.0
2019-12-21 00:00:00+00:00,6296.0
2019-12-21 01:00:00+00:00,6385.75
2019-12-21 02:00:00+00:00,6139.25
2019-12-21 03:00:00+00:00,5904.25
2019-12-21 04:00:00+00:00,5790.0
2019-12-21 05:00:00+00:00,5620.75
2019-12-21 06:00:00+00:00,5108.5
2019-12-21 07:00:00+00:00,4766.75
2019-12-21 08:00:00+00:00,4515.0
2019-12-21 09:00:00+00:00,4562.25
2019-12-21 10:00:00+00:00,4526.75
2019-12-21 11:00:00+00:00,4213.75
2019-12-21 12:00:00+00:00,4426.0
2019-12-21 13:00:00+00:00,4336.5
2019-12-21 14:00:00+00:00,4348.25
2019-12-21 15:00:00+00:00,4251.25
2019-12-21 16:00:00+00:00,4462.0
2019-12-21 17:00:00+00:00,4769.75
2019-12-21 18:00:00+00:00,5068.75
2019-12-21 19:00:00+00:00,4877.75
2019-12-21 20:00:00+00:00,4016.5
2019-12-21 21:00:00+00:00,3994.75
2019-12-21 22:00:00+00:00,3949.5
2019-12-21 23:00:00+00:00,3835.75
2019-12-22 00:00:00+00:00,3317.25
2019-12-22 01:00:00+00:00,3598.25
2019-12-22 02:00:00+00:00,2930.0
2019-12-22 03:00:00+00:00,3108.0
2019-12-22 04:00:00+00:00,2989.25
2019-12-22 05:00:00+00:00,2796.5
2019-12-22 06:00:00+00:00,2734.75
2019-12-22 07:00:00+00:00,2814.75
2019-12-22 08:00:00+00:00,2909.5
2019-12-22 09:00:00+00:00,2933.5
2019-12-22 10:00:00+00:00,2801.75
2019-12-22 11:00:00+00:00,2374.75
2019-12-22 12:00:00+00:00,2377.5
2019-12-22 13:00:00+00:00,2450.75
2019-12-22 14:00:00+00:00,2397.0
2019-12-22 15:00:00+00:00,2305.0
2019-12-22 16:00:00+00:00,2269.5
2019-12-22 17:00:00+00:00,2212.75
2019-12-22 18:00:00+00:00,2077.75
2019-12-22 19:00:00+00:00,1825.0
2019-12-22 20:00:00+00:00,1947.25
2019-12-22 21:00:00+00:00,2371.75
2019-12-22 22:00:00+00:00,3593.0
2019-12-22 23:00:00+00:00,4520.25
2019-12-23 00:00:00+00:00,4781.75
2019-12-23 01:00:00+00:00,5064.0
2019-12-23 02:00:00+00:00,5097.25
2019-12-23 03:00:00+00:00,5632.5
2019-12-23 04:00:00+00:00,5750.5
2019-12-23 05:00:00+00:00,5369.75
2019-12-23 06:00:00+00:00,4988.75
2019-12-23 07:00:00+00:00,4771.25
2019-12-23 08:00:00+00:00,4582.5
2019-12-23 09:00:00+00:00,4512.75
2019-12-23 10:00:00+00:00,4704.25
2019-12-23 11:00:00+00:00,4733.5
2019-12-23 12:00:00+00:00,4565.0
2019-12-23 13:00:00+00:00,4187.75
2019-12-23 14:00:00+00:00,3820.75
2019-12-23 15:00:00+00:00,4179.0
2019-12-23 16:00:00+00:00,4842.0
2019-12-23 17:00:00+00:00,5202.5
2019-12-23 18:00:00+00:00,5652.75
2019-12-23 19:00:00+00:00,6051.0
2019-12-23 20:00:00+00:00,5871.0
2019-12-23 21:00:00+00:00,5882.0
2019-12-23 22:00:00+00:00,6166.5
2019-12-23 23:00:00+00:00,6345.0
2019-12-24 00:00:00+00:00,4879.75
2019-12-24 01:00:00+00:00,4414.75
2019-12-24 02:00:00+00:00,4283.5
2019-12-24 03:00:00+00:00,4012.75
2019-12-24 04:00:00+00:00,4067.25
2019-12-24 05:00:00+00:00,3729.75
2019-12-24 06:00:00+00:00,4638.0
2019-12-24 07:00:00+00:00,4275.75
2019-12-24 08:00:00+00:00,3684.75
2019-12-24 09:00:00+00:00,3390.5
2019-12-24 10:00:00+00:00,2781.0
2019-12-24 11:00:00+00:00,1973.75
2019-12-24 12:00:00+00:00,1566.25
2019-12-24 13:00:00+00:00,944.5
2019-12-24 14:00:00+00:00,429.5
2019-12-24 15:00:00+00:00,222.25
2019-12-24 16:00:00+00:00,108.0
2019-12-24 17:00:00+00:00,70.25
2019-12-24 18:00:00+00:00,48.75
2019-12-24 19:00:00+00:00,30.0
2019-12-24 20:00:00+00:00,27.75
2019-12-24 21:00:00+00:00,60.25
2019-12-24 22:00:00+00:00,92.0
2019-12-24 23:00:00+00:00,149.75
2019-12-25 00:00:00+00:00,343.0
2019-12-25 01:00:00+00:00,467.5
2019-12-25 02:00:00+00:00,586.25
2019-12-25 03:00:00+00:00,793.75
2019-12-25 04:00:00+00:00,1254.5
2019-12-25 05:00:00+00:00,1265.5
2019-12-25 06:00:00+00:00,1477.75
2019-12-25 07:00:00+00:00,1531.75
2019-12-25 08:00:00+00:00,1929.5
2019-12-25 09:00:00+00:00,1687.0
2019-12-25 10:00:00+00:00,1845.0
2019-12-25 11:00:00+00:00,1779.75
2019-12-25 12:00:00+00:00,1857.25
2019-12-25 13:00:00+00:00,2259.75
2019-12-25 14:00:00+00:00,2327.25
2019-12-25 15:00:00+00:00,2185.5
2019-12-25 16:00:00+00:00,2308.0
2019-12-25 17:00:00+00:00,2253.25
2019-12-25 18:00:00+00:00,2235.0
2019-12-25 19:00:00+00:00,2190.25
2019-12-25 20:00:00+00:00,2220.25
2019-12-25 21:00:00+00:00,2348.5
2019-12-25 22:00:00+00:00,2523.25
2019-12-25 23:00:00+00:00,2657.25
2019-12-26 00:00:00+00:00,2527.75
2019-12-26 01:00:00+00:00,2182.75
2019-12-26 02:00:00+00:00,1845.75
2019-12-26 03:00:00+00:00,1526.0
2019-12-26 04:00:00+00:00,1333.0
2019-12-26 05:00:00+00:00,915.75
2019-12-26 06:00:00+00:00,656.25
2019-12-26 07:00:00+00:00,569.75
2019-12-26 08:00:00+00:00,468.75
2019-12-26 09:00:00+00:00,425.25
2019-12-26 10:00:00+00:00,435.0
2019-12-26 11:00:00+00:00,472.75
2019-12-26 12:00:00+00:00,451.5
2019-12-26 13:00:00+00:00,435.75
2019-12-26 14:00:00+00:00,357.5
2019-12-26 15:00:00+00:00,335.5
2019-12-26 16:00:00+00:00,340.5
2019-12-26 17:00:00+00:00,334.75
2019-12-26 18:00:00+00:00,358.25
2019-12-26 19:00:00+00:00,364.75
2019-12-26 20:00:00+00:00,412.5
2019-12-26 21:00:00+00:00,485.0
2019-12-26 22:00:00+00:00,756.5
2019-12-26 23:00:00+00:00,919.5
2019-12-27 00:00:00+00:00,1068.0
2019-12-27 01:00:00+00:00,1180.0
2019-12-27 02:00:00+00:00,1221.75
2019-12-27 03:00:00+00:00,1204.0
2019-12-27 04:00:00+00:00,1519.5
2019-12-27 05:00:00+00:00,1953.0
2019-12-27 06:00:00+00:00,2602.0
2019-12-27 07:00:00+00:00,2701.5
2019-12-27 08:00:00+00:00,2171.5
2019-12-27 09:00:00+00:00,1862.5
2019-12-27 10:00:00+00:00,1802.25
2019-12-27 11:00:00+00:00,1900.25
2019-12-27 12:00:00+00:00,1718.25
2019-12-27 13:00:00+00:00,1160.0
2019-12-27 14:00:00+00:00,1136.5
2019-12-27 15:00:00+00:00,1254.0
2019-12-27 16:00:00+00:00,1658.0
2019-12-27 17:00:00+00:00,2072.25
2019-12-27 18:00:00+00:00,2012.5
2019-12-27 19:00:00+00:00,1534.75
2019-12-27 20:00:00+00:00,1422.25
2019-12-27 21:00:00+00:00,1572.75
2019-12-27 22:00:00+00:00,1722.5
2019-12-27 23:00:00+00:00,1738.0
2019-12-28 00:00:00+00:00,1793.75
2019-12-28 01:00:00+00:00,1567.5
2019-12-28 02:00:00+00:00,1622.0
2019-12-28 03:00:00+00:00,1873.0
2019-12-28 04:00:00+00:00,2036.25
2019-12-28 05:00:00+00:00,2113.0
2019-12-28 06:00:00+00:00,2099.25
2019-12-28 07:00:00+00:00,2288.25
2019-12-28 08:00:00+00:00,2125.0
2019-12-28 09:00:00+00:00,2407.0
2019-12-28 10:00:00+00:00,2931.75
2019-12-28 11:00:00+00:00,2778.75
2019-12-28 12:00:00+00:00,3027.5
2019-12-28 13:00:00+00:00,3243.25
2019-12-28 14:00:00+00:00,2787.5
2019-12-28 15:00:00+00:00,2597.75
2019-12-28 16:00:00+00:00,2609.0
2019-12-28 17:00:00+00:00,2879.5
2019-12-28 18:00:00+00:00,3385.0
2019-12-28 19:00:00+00:00,3723.5
2019-12-28 20:00:00+00:00,4199.0
2019-12-28 21:00:00+00:00,4241.25
2019-12-28 22:00:00+00:00,4212.0
2019-12-28 23:00:00+00:00,4230.25
2019-12-29 00:00:00+00:00,4052.5
2019-12-29 01:00:00+00:00,3727.5
2019-12-29 02:00:00+00:00,3508.75
2019-12-29 03:00:00+00:00,3541.0
2019-12-29 04:00:00+00:00,3687.25
2019-12-29 05:00:00+00:00,3882.5
2019-12-29 06:00:00+00:00,3821.75
2019-12-29 07:00:00+00:00,4017.0
2019-12-29 08:00:00+00:00,4462.75
2019-12-29 09:00:00+00:00,4881.75
2019-12-29 10:00:00+00:00,5238.0
2019-12-29 11:00:00+00:00,5483.0
2019-12-29 12:00:00+00:00,5624.5
2019-12-29 13:00:00+00:00,5949.5
2019-12-29 14:00:00+00:00,6342.5
2019-12-29 15:00:00+00:00,6196.75
2019-12-29 16:00:00+00:00,6315.5
2019-12-29 17:00:00+00:00,6598.75
2019-12-29 18:00:00+00:00,6282.5
2019-12-29 19:00:00+00:00,5825.5
2019-12-29 20:00:00+00:00,5806.5
2019-12-29 21:00:00+00:00,5808.75
2019-12-29 22:00:00+00:00,5550.25
2019-12-29 23:00:00+00:00,5572.25
2019-12-30 00:00:00+00:00,5580.75
2019-12-30 01:00:00+00:00,5598.75
2019-12-30 02:00:00+00:00,5590.5
2019-12-30 03:00:00+00:00,5593.75
2019-12-30 04:00:00+00:00,5603.25
2019-12-30 05:00:00+00:00,5591.5
2019-12-30 06:00:00+00:00,5651.0
2019-12-30 07:00:00+00:00,5731.0
2019-12-30 08:00:00+00:00,5662.0
2019-12-30 09:00:00+00:00,5763.0
2019-12-30 10:00:00+00:00,5989.5
2019-12-30 11:00:00+00:00,5963.0
2019-12-30 12:00:00+00:00,5959.75
2019-12-30 13:00:00+00:00,5941.25
2019-12-30 14:00:00+00:00,5893.0
2019-12-30 15:00:00+00:00,5879.5
2019-12-30 16:00:00+00:00,5894.5
2019-12-30 17:00:00+00:00,5475.5
2019-12-30 18:00:00+00:00,5145.25
2019-12-30 19:00:00+00:00,4852.0
2019-12-30 20:00:00+00:00,5220.25
2019-12-30 21:00:00+00:00,5192.25
2019-12-30 22:00:00+00:00,5143.5
2019-12-30 23:00:00+00:00,4765.0
2019-12-31 00:00:00+00:00,4871.75
2019-12-31 01:00:00+00:00,5569.5
2019-12-31 02:00:00+00:00,5722.5
2019-12-31 03:00:00+00:00,5946.75
2019-12-31 04:00:00+00:00,5775.0
2019-12-31 05:00:00+00:00,5536.5
2019-12-31 06:00:00+00:00,5090.0
2019-12-31 07:00:00+00:00,4867.5
2019-12-31 08:00:00+00:00,4356.25
2019-12-31 09:00:00+00:00,4051.75
2019-12-31 10:00:00+00:00,4323.25
2019-12-31 11:00:00+00:00,4332.5
2019-12-31 12:00:00+00:00,3903.5
2019-12-31 13:00:00+00:00,3511.75
2019-12-31 14:00:00+00:00,2838.0
2019-12-31 15:00:00+00:00,2781.25
2019-12-31 16:00:00+00:00,2182.5
2019-12-31 17:00:00+00:00,1596.25
2019-12-31 18:00:00+00:00,1257.25
2019-12-31 19:00:00+00:00,881.75
2019-12-31 20:00:00+00:00,723.25
2019-12-31 21:00:00+00:00,600.0
2019-12-31 22:00:00+00:00,527.25
2019-12-31 23:00:00+00:00,549.25
2020-01-01 00:00:00+00:00,1169.25
2020-01-01 01:00:00+00:00,1665.5
2020-01-01 02:00:00+00:00,2062.25
2020-01-01 03:00:00+00:00,2292.0
2020-01-01 04:00:00+00:00,2159.5
2020-01-01 05:00:00+00:00,1943.0
2020-01-01 06:00:00+00:00,2154.5
2020-01-01 07:00:00+00:00,2283.25
2020-01-01 08:00:00+00:00,2341.25
2020-01-01 09:00:00+00:00,2546.5
2020-01-01 10:00:00+00:00,2752.0
2020-01-01 11:00:00+00:00,3363.5
2020-01-01 12:00:00+00:00,3619.0
2020-01-01 13:00:00+00:00,3326.75
2020-01-01 14:00:00+00:00,2967.5
2020-01-01 15:00:00+00:00,2985.0
2020-01-01 16:00:00+00:00,3756.0
2020-01-01 17:00:00+00:00,4458.5
2020-01-01 18:00:00+00:00,4710.25
2020-01-01 19:00:00+00:00,4405.25
2020-01-01 20:00:00+00:00,4023.25
2020-01-01 21:00:00+00:00,3770.0
2020-01-01 22:00:00+00:00,3825.75
2020-01-01 23:00:00+00:00,4229.5
2020-01-02 00:00:00+00:00,4621.25
2020-01-02 01:00:00+00:00,5022.0
2020-01-02 02:00:00+00:00,5208.25
2020-01-02 03:00:00+00:00,5295.0
2020-01-02 04:00:00+00:00,5156.5
2020-01-02 05:00:00+00:00,5396.0
2020-01-02 06:00:00+00:00,5404.0
2020-01-02 07:00:00+00:00,5481.0
2020-01-02 08:00:00+00:00,5925.0
2020-01-02 09:00:00+00:00,6087.0
2020-01-02 10:00:00+00:00,6442.25
2020-01-02 11:00:00+00:00,6423.0
2020-01-02 12:00:00+00:00,6403.0
2020-01-02 13:00:00+00:00,6502.25
2020-01-02 14:00:00+00:00,6468.25
2020-01-02 15:00:00+00:00,6519.25
2020-01-02 16:00:00+00:00,6607.25
2020-01-02 17:00:00+00:00,6737.5
2020-01-02 18:00:00+00:00,6813.75
2020-01-02 19:00:00+00:00,6882.5
2020-01-02 20:00:00+00:00,6917.75
2020-01-02 21:00:00+00:00,6733.25
2020-01-02 22:00:00+00:00,6768.25
2020-01-02 23:00:00+00:00,6741.5
2020-01-03 00:00:00+00:00,6765.25
2020-01-03 01:00:00+00:00,6705.75
2020-01-03 02:00:00+00:00,6647.5
2020-01-03 03:00:00+00:00,6635.5
2020-01-03 04:00:00+00:00,6624.75
2020-01-03 05:00:00+00:00,6651.25
2020-01-03 06:00:00+00:00,6597.75
2020-01-03 07:00:00+00:00,6436.0
2020-01-03 08:00:00+00:00,5984.75
2020-01-03 09:00:00+00:00,5470.75
2020-01-03 10:00:00+00:00,4884.25
2020-01-03 11:00:00+00:00,3805.0
2020-01-03 12:00:00+00:00,4530.0
2020-01-03 13:00:00+00:00,5388.25
2020-01-03 14:00:00+00:00,4850.75
2020-01-03 15:00:00+00:00,6004.5
2020-01-03 16:00:00+00:00,6208.5
2020-01-03 17:00:00+00:00,5980.75
2020-01-03 18:00:00+00:00,5918.25
2020-01-03 19:00:00+00:00,5789.5
2020-01-03 20:00:00+00:00,5880.25
2020-01-03 21:00:00+00:00,5920.0
2020-01-03 22:00:00+00:00,5772.0
2020-01-03 23:00:00+00:00,5339.25
2020-01-04 00:00:00+00:00,4997.0
2020-01-04 01:00:00+00:00,4877.5
2020-01-04 02:00:00+00:00,4726.5
2020-01-04 03:00:00+00:00,5032.0
2020-01-04 04:00:00+00:00,5063.0
2020-01-04 05:00:00+00:00,5059.25
2020-01-04 06:00:00+00:00,5059.75
2020-01-04 07:00:00+00:00,5049.25
2020-01-04 08:00:00+00:00,5044.75
2020-01-04 09:00:00+00:00,5001.25
2020-01-04 10:00:00+00:00,4662.5
2020-01-04 11:00:00+00:00,5358.75
2020-01-04 12:00:00+00:00,5460.75
2020-01-04 13:00:00+00:00,5509.25
2020-01-04 14:00:00+00:00,5673.5
2020-01-04 15:00:00+00:00,5937.5
2020-01-04 16:00:00+00:00,5723.5
2020-01-04 17:00:00+00:00,4992.75
2020-01-04 18:00:00+00:00,4228.25
2020-01-04 19:00:00+00:00,3708.25
2020-01-04 20:00:00+00:00,2732.5
2020-01-04 21:00:00+00:00,2258.25
2020-01-04 22:00:00+00:00,2078.25
2020-01-04 23:00:00+00:00,1861.25
2020-01-05 00:00:00+00:00,1500.5
2020-01-05 01:00:00+00:00,1214.5
2020-01-05 02:00:00+00:00,1240.75
2020-01-05 03:00:00+00:00,1545.75
2020-01-05 04:00:00+00:00,2083.75
2020-01-05 05:00:00+00:00,2311.25
2020-01-05 06:00:00+00:00,2605.75
2020-01-05 07:00:00+00:00,3043.5
2020-01-05 08:00:00+00:00,3417.75
2020-01-05 09:00:00+00:00,3921.75
2020-01-05 10:00:00+00:00,4554.0
2020-01-05 11:00:00+00:00,4601.5
2020-01-05 12:00:00+00:00,4738.5
2020-01-05 13:00:00+00:00,4854.75
2020-01-05 14:00:00+00:00,4731.75
2020-01-05 15:00:00+00:00,5029.25
2020-01-05 16:00:00+00:00,5197.25
2020-01-05 17:00:00+00:00,5355.0
2020-01-05 18:00:00+00:00,5265.0
2020-01-05 19:00:00+00:00,5656.25
2020-01-05 20:00:00+00:00,5710.25
2020-01-05 21:00:00+00:00,5876.75
2020-01-05 22:00:00+00:00,5875.25
2020-01-05 23:00:00+00:00,6012.75
2020-01-06 00:00:00+00:00,5812.25
2020-01-06 01:00:00+00:00,5741.5
2020-01-06 02:00:00+00:00,5848.0
2020-01-06 03:00:00+00:00,6105.0
2020-01-06 04:00:00+00:00,6123.25
2020-01-06 05:00:00+00:00,5881.25
2020-01-06 06:00:00+00:00,5545.0
2020-01-06 07:00:00+00:00,5078.25
2020-01-06 08:00:00+00:00,5090.0
2020-01-06 09:00:00+00:00,5417.0
2020-01-06 10:00:00+00:00,5465.25
2020-01-06 11:00:00+00:00,5928.75
2020-01-06 12:00:00+00:00,6263.75
2020-01-06 13:00:00+00:00,6305.25
2020-01-06 14:00:00+00:00,6272.5
2020-01-06 15:00:00+00:00,6486.75
2020-01-06 16:00:00+00:00,6359.25
2020-01-06 17:00:00+00:00,6281.5
2020-01-06 18:00:00+00:00,5959.0
2020-01-06 19:00:00+00:00,5865.0
2020-01-06 20:00:00+00:00,5792.5
2020-01-06 21:00:00+00:00,5634.75
2020-01-06 22:00:00+00:00,5668.25
2020-01-06 23:00:00+00:00,5850.5
2020-01-07 00:00:00+00:00,5834.5
2020-01-07 01:00:00+00:00,5417.75
2020-01-07 02:00:00+00:00,4897.0
2020-01-07 03:00:00+00:00,4797.0
2020-01-07 04:00:00+00:00,4965.25
2020-01-07 05:00:00+00:00,4640.5
2020-01-07 06:00:00+00:00,4014.75
2020-01-07 07:00:00+00:00,2887.75
2020-01-07 08:00:00+00:00,1974.25
2020-01-07 09:00:00+00:00,1975.0
2020-01-07 10:00:00+00:00,2643.25
2020-01-07 11:00:00+00:00,4600.5
2020-01-07 12:00:00+00:00,5640.25
2020-01-07 13:00:00+00:00,6094.5
2020-01-07 14:00:00+00:00,6219.25
2020-01-07 15:00:00+00:00,6280.0
2020-01-07 16:00:00+00:00,6361.5
2020-01-07 17:00:00+00:00,5696.5
2020-01-07 18:00:00+00:00,5176.5
2020-01-07 19:00:00+00:00,4823.25
2020-01-07 20:00:00+00:00,4887.75
2020-01-07 21:00:00+00:00,4956.0
2020-01-07 22:00:00+00:00,5008.0
2020-01-07 23:00:00+00:00,5025.5
2020-01-08 00:00:00+00:00,5034.5
2020-01-08 01:00:00+00:00,5041.75
2020-01-08 02:00:00+00:00,5034.0
2020-01-08 03:00:00+00:00,5249.5
2020-01-08 04:00:00+00:00,5502.25
2020-01-08 05:00:00+00:00,5506.5
2020-01-08 06:00:00+00:00,5882.5
2020-01-08 07:00:00+00:00,6119.25
2020-01-08 08:00:00+00:00,6468.5
2020-01-08 09:00:00+00:00,6476.25
2020-01-08 10:00:00+00:00,6030.5
2020-01-08 11:00:00+00:00,5439.25
2020-01-08 12:00:00+00:00,4768.5
2020-01-08 13:00:00+00:00,4550.75
2020-01-08 14:00:00+00:00,3782.5
2020-01-08 15:00:00+00:00,3073.75
2020-01-08 16:00:00+00:00,2443.75
2020-01-08 17:00:00+00:00,2082.75
2020-01-08 18:00:00+00:00,2030.5
2020-01-08 19:00:00+00:00,1888.0
2020-01-08 20:00:00+00:00,1604.5
2020-01-08 21:00:00+00:00,1379.75
2020-01-08 22:00:00+00:00,1317.5
2020-01-08 23:00:00+00:00,976.5
2020-01-09 00:00:00+00:00,658.75
2020-01-09 01:00:00+00:00,478.0
2020-01-09 02:00:00+00:00,315.25
2020-01-09 03:00:00+00:00,628.5
2020-01-09 04:00:00+00:00,921.75
2020-01-09 05:00:00+00:00,1457.0
2020-01-09 06:00:00+00:00,2434.75
2020-01-09 07:00:00+00:00,3889.0
2020-01-09 08:00:00+00:00,5454.5
2020-01-09 09:00:00+00:00,5826.5
2020-01-09 10:00:00+00:00,5811.75
2020-01-09 11:00:00+00:00,5954.5
2020-01-09 12:00:00+00:00,5975.5
2020-01-09 13:00:00+00:00,6250.5
2020-01-09 14:00:00+00:00,6329.25
2020-01-09 15:00:00+00:00,6312.25
2020-01-09 16:00:00+00:00,6286.5
2020-01-09 17:00:00+00:00,6257.0
2020-01-09 18:00:00+00:00,6218.5
2020-01-09 19:00:00+00:00,6078.0
2020-01-09 20:00:00+00:00,5051.25
2020-01-09 21:00:00+00:00,3293.75
2020-01-09 22:00:00+00:00,2353.0
2020-01-09 23:00:00+00:00,1811.75
2020-01-10 00:00:00+00:00,1761.75
2020-01-10 01:00:00+00:00,2413.25
2020-01-10 02:00:00+00:00,1652.75
2020-01-10 03:00:00+00:00,1018.25
2020-01-10 04:00:00+00:00,1519.25
2020-01-10 05:00:00+00:00,2436.75
2020-01-10 06:00:00+00:00,2885.5
2020-01-10 07:00:00+00:00,4131.5
2020-01-10 08:00:00+00:00,5031.25
2020-01-10 09:00:00+00:00,5662.5
2020-01-10 10:00:00+00:00,5250.0
2020-01-10 11:00:00+00:00,5220.5
2020-01-10 12:00:00+00:00,5213.0
2020-01-10 13:00:00+00:00,5667.25
2020-01-10 14:00:00+00:00,6213.75
2020-01-10 15:00:00+00:00,6279.0
2020-01-10 16:00:00+00:00,5740.5
2020-01-10 17:00:00+00:00,4042.25
2020-01-10 18:00:00+00:00,2700.75
2020-01-10 19:00:00+00:00,2367.0
2020-01-10 20:00:00+00:00,1882.5
2020-01-10 21:00:00+00:00,1461.75
2020-01-10 22:00:00+00:00,1701.75
2020-01-10 23:00:00+00:00,2050.75
2020-01-11 00:00:00+00:00,2605.75
2020-01-11 01:00:00+00:00,3361.75
2020-01-11 02:00:00+00:00,4497.25
2020-01-11 03:00:00+00:00,4841.75
2020-01-11 04:00:00+00:00,5355.75
2020-01-11 05:00:00+00:00,5469.5
2020-01-11 06:00:00+00:00,5255.75
2020-01-11 07:00:00+00:00,5349.75
2020-01-11 08:00:00+00:00,5422.75
2020-01-11 09:00:00+00:00,5549.0
2020-01-11 10:00:00+00:00,5666.0
2020-01-11 11:00:00+00:00,5631.5
2020-01-11 12:00:00+00:00,5768.0
2020-01-11 13:00:00+00:00,5934.0
2020-01-11 14:00:00+00:00,5956.5
2020-01-11 15:00:00+00:00,6071.0
2020-01-11 16:00:00+00:00,5934.0
2020-01-11 17:00:00+00:00,5597.75
2020-01-11 18:00:00+00:00,4944.0
2020-01-11 19:00:00+00:00,4905.75
2020-01-11 20:00:00+00:00,4968.25
2020-01-11 21:00:00+00:00,5198.0
2020-01-11 22:00:00+00:00,5229.0
2020-01-11 23:00:00+00:00,5024.25
2020-01-12 00:00:00+00:00,4915.0
2020-01-12 01:00:00+00:00,4925.0
2020-01-12 02:00:00+00:00,4924.5
2020-01-12 03:00:00+00:00,4924.0
2020-01-12 04:00:00+00:00,4925.5
2020-01-12 05:00:00+00:00,4925.0
2020-01-12 06:00:00+00:00,5256.25
2020-01-12 07:00:00+00:00,5313.75
2020-01-12 08:00:00+00:00,5464.75
2020-01-12 09:00:00+00:00,5692.25
2020-01-12 10:00:00+00:00,5810.75
2020-01-12 11:00:00+00:00,5955.5
2020-01-12 12:00:00+00:00,5823.75
2020-01-12 13:00:00+00:00,5604.25
2020-01-12 14:00:00+00:00,5379.75
2020-01-12 15:00:00+00:00,4548.25
2020-01-12 16:00:00+00:00,4401.5
2020-01-12 17:00:00+00:00,4026.25
2020-01-12 18:00:00+00:00,3927.75
2020-01-12 19:00:00+00:00,5257.25
2020-01-12 20:00:00+00:00,6341.0
2020-01-12 21:00:00+00:00,6060.25
2020-01-12 22:00:00+00:00,5370.25
2020-01-12 23:00:00+00:00,4637.75
2020-01-13 00:00:00+00:00,4080.25
2020-01-13 01:00:00+00:00,3109.5
2020-01-13 02:00:00+00:00,2585.25
2020-01-13 03:00:00+00:00,2630.25
2020-01-13 04:00:00+00:00,3174.25
2020-01-13 05:00:00+00:00,3124.25
2020-01-13 06:00:00+00:00,3359.25
2020-01-13 07:00:00+00:00,4102.25
2020-01-13 08:00:00+00:00,4089.5
2020-01-13 09:00:00+00:00,4478.5
2020-01-13 10:00:00+00:00,4942.75
2020-01-13 11:00:00+00:00,5028.25
2020-01-13 12:00:00+00:00,5041.0
2020-01-13 13:00:00+00:00,5137.75
2020-01-13 14:00:00+00:00,5126.75
2020-01-13 15:00:00+00:00,5097.75
2020-01-13 16:00:00+00:00,5252.0
2020-01-13 17:00:00+00:00,5419.0
2020-01-13 18:00:00+00:00,5250.0
2020-01-13 19:00:00+00:00,5219.25
2020-01-13 20:00:00+00:00,5302.5
2020-01-13 21:00:00+00:00,5283.25
2020-01-13 22:00:00+00:00,5480.75
2020-01-13 23:00:00+00:00,5667.0
2020-01-14 00:00:00+00:00,5628.75
2020-01-14 01:00:00+00:00,5724.0
2020-01-14 02:00:00+00:00,5793.25
2020-01-14 03:00:00+00:00,5754.75
2020-01-14 04:00:00+00:00,5755.0
2020-01-14 05:00:00+00:00,5881.25
2020-01-14 06:00:00+00:00,5939.0
2020-01-14 07:00:00+00:00,5705.0
2020-01-14 08:00:00+00:00,5914.5
2020-01-14 09:00:00+00:00,5985.75
2020-01-14 10:00:00+00:00,5864.5
2020-01-14 11:00:00+00:00,6238.75
2020-01-14 12:00:00+00:00,6293.0
2020-01-14 13:00:00+00:00,6248.25
2020-01-14 14:00:00+00:00,6225.5
2020-01-14 15:00:00+00:00,6047.5
2020-01-14 16:00:00+00:00,5737.0
2020-01-14 17:00:00+00:00,5356.25
2020-01-14 18:00:00+00:00,4563.75
2020-01-14 19:00:00+00:00,4099.75
2020-01-14 20:00:00+00:00,3730.75
2020-01-14 21:00:00+00:00,3873.5
2020-01-14 22:00:00+00:00,4029.25
2020-01-14 23:00:00+00:00,4066.75
2020-01-15 00:00:00+00:00,4097.0
2020-01-15 01:00:00+00:00,4174.25
2020-01-15 02:00:00+00:00,4348.25
2020-01-15 03:00:00+00:00,4594.5
2020-01-15 04:00:00+00:00,4783.75
2020-01-15 05:00:00+00:00,4846.0
2020-01-15 06:00:00+00:00,4867.25
2020-01-15 07:00:00+00:00,3995.25
2020-01-15 08:00:00+00:00,3477.75
2020-01-15 09:00:00+00:00,4132.0
2020-01-15 10:00:00+00:00,4579.0
2020-01-15 11:00:00+00:00,4474.75
2020-01-15 12:00:00+00:00,4816.25
2020-01-15 13:00:00+00:00,4810.75
2020-01-15 14:00:00+00:00,4657.25
2020-01-15 15:00:00+00:00,4410.5
2020-01-15 16:00:00+00:00,4127.75
2020-01-15 17:00:00+00:00,4868.5
2020-01-15 18:00:00+00:00,5734.25
2020-01-15 19:00:00+00:00,6063.5
2020-01-15 20:00:00+00:00,6141.5
2020-01-15 21:00:00+00:00,5967.5
2020-01-15 22:00:00+00:00,5566.0
2020-01-15 23:00:00+00:00,5036.5
2020-01-16 00:00:00+00:00,4845.0
2020-01-16 01:00:00+00:00,5023.75
2020-01-16 02:00:00+00:00,5370.75
2020-01-16 03:00:00+00:00,5592.5
2020-01-16 04:00:00+00:00,5454.5
2020-01-16 05:00:00+00:00,5553.25
2020-01-16 06:00:00+00:00,5480.5
2020-01-16 07:00:00+00:00,5387.0
2020-01-16 08:00:00+00:00,5238.0
2020-01-16 09:00:00+00:00,5270.5
2020-01-16 10:00:00+00:00,5082.25
2020-01-16 11:00:00+00:00,4977.5
2020-01-16 12:00:00+00:00,4718.5
2020-01-16 13:00:00+00:00,4650.25
2020-01-16 14:00:00+00:00,4520.5
2020-01-16 15:00:00+00:00,4726.75
2020-01-16 16:00:00+00:00,5082.5
2020-01-16 17:00:00+00:00,5017.5
2020-01-16 18:00:00+00:00,4838.5
2020-01-16 19:00:00+00:00,4747.75
2020-01-16 20:00:00+00:00,4596.75
2020-01-16 21:00:00+00:00,4501.0
2020-01-16 22:00:00+00:00,5303.25
2020-01-16 23:00:00+00:00,5794.75
2020-01-17 00:00:00+00:00,5696.0
2020-01-17 01:00:00+00:00,5603.75
2020-01-17 02:00:00+00:00,5847.75
2020-01-17 03:00:00+00:00,5816.25
2020-01-17 04:00:00+00:00,5794.25
2020-01-17 05:00:00+00:00,5682.25
2020-01-17 06:00:00+00:00,5656.5
2020-01-17 07:00:00+00:00,5363.25
2020-01-17 08:00:00+00:00,5615.5
2020-01-17 09:00:00+00:00,5526.5
2020-01-17 10:00:00+00:00,5250.0
2020-01-17 11:00:00+00:00,4662.0
2020-01-17 12:00:00+00:00,4387.0
2020-01-17 13:00:00+00:00,4329.0
2020-01-17 14:00:00+00:00,4231.75
2020-01-17 15:00:00+00:00,4409.5
2020-01-17 16:00:00+00:00,4775.0
2020-01-17 17:00:00+00:00,5207.0
2020-01-17 18:00:00+00:00,5223.0
2020-01-17 19:00:00+00:00,5115.25
2020-01-17 20:00:00+00:00,5021.25
2020-01-17 21:00:00+00:00,4722.75
2020-01-17 22:00:00+00:00,4946.0
2020-01-17 23:00:00+00:00,4933.75
2020-01-18 00:00:00+00:00,4960.75
2020-01-18 01:00:00+00:00,5143.25
2020-01-18 02:00:00+00:00,5009.0
2020-01-18 03:00:00+00:00,4752.75
2020-01-18 04:00:00+00:00,4780.5
2020-01-18 05:00:00+00:00,4767.5
2020-01-18 06:00:00+00:00,4390.25
2020-01-18 07:00:00+00:00,3992.5
2020-01-18 08:00:00+00:00,4237.25
2020-01-18 09:00:00+00:00,3435.0
2020-01-18 10:00:00+00:00,4197.5
2020-01-18 11:00:00+00:00,4940.75
2020-01-18 12:00:00+00:00,5014.25
2020-01-18 13:00:00+00:00,4887.25
2020-01-18 14:00:00+00:00,4764.0
2020-01-18 15:00:00+00:00,5216.75
2020-01-18 16:00:00+00:00,5587.75
2020-01-18 17:00:00+00:00,5909.5
2020-01-18 18:00:00+00:00,5790.0
2020-01-18 19:00:00+00:00,5727.25
2020-01-18 20:00:00+00:00,5674.0
2020-01-18 21:00:00+00:00,5462.0
2020-01-18 22:00:00+00:00,5326.25
2020-01-18 23:00:00+00:00,5267.0
2020-01-19 00:00:00+00:00,5366.25
2020-01-19 01:00:00+00:00,5143.5
2020-01-19 02:00:00+00:00,5086.5
2020-01-19 03:00:00+00:00,5343.25
2020-01-19 04:00:00+00:00,5400.75
2020-01-19 05:00:00+00:00,5313.75
2020-01-19 06:00:00+00:00,5541.5
2020-01-19 07:00:00+00:00,5712.0
2020-01-19 08:00:00+00:00,5599.5
2020-01-19 09:00:00+00:00,5133.75
2020-01-19 10:00:00+00:00,5206.75
2020-01-19 11:00:00+00:00,5154.0
2020-01-19 12:00:00+00:00,5021.75
2020-01-19 13:00:00+00:00,4960.5
2020-01-19 14:00:00+00:00,4977.25
2020-01-19 15:00:00+00:00,5033.75
2020-01-19 16:00:00+00:00,4645.25
2020-01-19 17:00:00+00:00,4080.25
2020-01-19 18:00:00+00:00,3104.0
2020-01-19 19:00:00+00:00,2415.25
2020-01-19 20:00:00+00:00,1923.75
2020-01-19 21:00:00+00:00,1966.5
2020-01-19 22:00:00+00:00,1569.5
2020-01-19 23:00:00+00:00,1353.0
2020-01-20 00:00:00+00:00,1267.25
2020-01-20 01:00:00+00:00,1297.25
2020-01-20 02:00:00+00:00,1464.25
2020-01-20 03:00:00+00:00,1659.75
2020-01-20 04:00:00+00:00,1971.5
2020-01-20 05:00:00+00:00,2283.25
2020-01-20 06:00:00+00:00,2257.75
2020-01-20 07:00:00+00:00,2023.75
2020-01-20 08:00:00+00:00,2192.5
2020-01-20 09:00:00+00:00,2592.0
2020-01-20 10:00:00+00:00,2511.5
2020-01-20 11:00:00+00:00,2747.5
2020-01-20 12:00:00+00:00,3122.0
2020-01-20 13:00:00+00:00,3522.0
2020-01-20 14:00:00+00:00,3707.0
2020-01-20 15:00:00+00:00,3868.25
2020-01-20 16:00:00+00:00,4219.5
2020-01-20 17:00:00+00:00,4382.75
2020-01-20 18:00:00+00:00,4361.75
2020-01-20 19:00:00+00:00,4205.25
2020-01-20 20:00:00+00:00,4470.75
2020-01-20 21:00:00+00:00,4859.5
2020-01-20 22:00:00+00:00,4629.0
2020-01-20 23:00:00+00:00,4970.5
2020-01-21 00:00:00+00:00,4943.5
2020-01-21 01:00:00+00:00,4814.0
2020-01-21 02:00:00+00:00,4804.25
2020-01-21 03:00:00+00:00,5245.75
2020-01-21 04:00:00+00:00,5232.0
2020-01-21 05:00:00+00:00,5366.5
2020-01-21 06:00:00+00:00,5398.75
2020-01-21 07:00:00+00:00,5131.25
2020-01-21 08:00:00+00:00,4739.25
2020-01-21 09:00:00+00:00,4430.5
2020-01-21 10:00:00+00:00,4047.5
2020-01-21 11:00:00+00:00,3716.5
2020-01-21 12:00:00+00:00,3800.0
2020-01-21 13:00:00+00:00,3777.75
2020-01-21 14:00:00+00:00,3835.5
2020-01-21 15:00:00+00:00,3598.0
2020-01-21 16:00:00+00:00,3696.0
2020-01-21 17:00:00+00:00,3487.0
2020-01-21 18:00:00+00:00,3222.25
2020-01-21 19:00:00+00:00,3319.0
2020-01-21 20:00:00+00:00,3529.0
2020-01-21 21:00:00+00:00,3799.25
2020-01-21 22:00:00+00:00,4229.0
2020-01-21 23:00:00+00:00,4028.75
2020-01-22 00:00:00+00:00,3609.5
2020-01-22 01:00:00+00:00,3880.75
2020-01-22 02:00:00+00:00,3428.0
2020-01-22 03:00:00+00:00,3233.5
2020-01-22 04:00:00+00:00,3136.75
2020-01-22 05:00:00+00:00,3119.25
2020-01-22 06:00:00+00:00,2813.0
2020-01-22 07:00:00+00:00,3183.75
2020-01-22 08:00:00+00:00,2920.75
2020-01-22 09:00:00+00:00,2491.75
2020-01-22 10:00:00+00:00,2454.75
2020-01-22 11:00:00+00:00,2420.5
2020-01-22 12:00:00+00:00,2269.5
2020-01-22 13:00:00+00:00,1865.25
2020-01-22 14:00:00+00:00,1640.5
2020-01-22 15:00:00+00:00,1432.25
2020-01-22 16:00:00+00:00,1165.5
2020-01-22 17:00:00+00:00,841.5
2020-01-22 18:00:00+00:00,620.75
2020-01-22 19:00:00+00:00,514.75
2020-01-22 20:00:00+00:00,411.75
2020-01-22 21:00:00+00:00,291.75
2020-01-22 22:00:00+00:00,198.0
2020-01-22 23:00:00+00:00,236.75
2020-01-23 00:00:00+00:00,222.0
2020-01-23 01:00:00+00:00,268.25
2020-01-23 02:00:00+00:00,459.5
2020-01-23 03:00:00+00:00,712.5
2020-01-23 04:00:00+00:00,903.75
2020-01-23 05:00:00+00:00,1093.0
2020-01-23 06:00:00+00:00,1184.25
2020-01-23 07:00:00+00:00,1324.25
2020-01-23 08:00:00+00:00,1405.75
2020-01-23 09:00:00+00:00,1487.75
2020-01-23 10:00:00+00:00,1653.0
2020-01-23 11:00:00+00:00,2145.0
2020-01-23 12:00:00+00:00,2535.0
2020-01-23 13:00:00+00:00,2621.5
2020-01-23 14:00:00+00:00,2597.0
2020-01-23 15:00:00+00:00,2584.25
2020-01-23 16:00:00+00:00,2561.5
2020-01-23 17:00:00+00:00,2775.25
2020-01-23 18:00:00+00:00,2742.0
2020-01-23 19:00:00+00:00,2716.25
2020-01-23 20:00:00+00:00,2627.25
2020-01-23 21:00:00+00:00,2797.75
2020-01-23 22:00:00+00:00,3043.0
2020-01-23 23:00:00+00:00,3029.5
2020-01-24 00:00:00+00:00,2849.75
2020-01-24 01:00:00+00:00,2624.5
2020-01-24 02:00:00+00:00,2635.75
2020-01-24 03:00:00+00:00,2966.5
2020-01-24 04:00:00+00:00,3331.25
2020-01-24 05:00:00+00:00,3557.0
2020-01-24 06:00:00+00:00,3419.0
2020-01-24 07:00:00+00:00,3018.75
2020-01-24 08:00:00+00:00,3153.5
2020-01-24 09:00:00+00:00,3218.75
2020-01-24 10:00:00+00:00,3218.25
2020-01-24 11:00:00+00:00,3580.5
2020-01-24 12:00:00+00:00,3862.5
2020-01-24 13:00:00+00:00,3920.75
2020-01-24 14:00:00+00:00,3741.25
2020-01-24 15:00:00+00:00,3385.75
2020-01-24 16:00:00+00:00,3108.5
2020-01-24 17:00:00+00:00,2927.0
2020-01-24 18:00:00+00:00,2959.0
2020-01-24 19:00:00+00:00,2866.5
2020-01-24 20:00:00+00:00,2962.25
2020-01-24 21:00:00+00:00,3063.75
2020-01-24 22:00:00+00:00,3155.25
2020-01-24 23:00:00+00:00,3211.0
2020-01-25 00:00:00+00:00,2899.75
2020-01-25 01:00:00+00:00,2657.5
2020-01-25 02:00:00+00:00,2501.75
2020-01-25 03:00:00+00:00,2329.75
2020-01-25 04:00:00+00:00,2230.75
2020-01-25 05:00:00+00:00,2400.0
2020-01-25 06:00:00+00:00,2557.25
2020-01-25 07:00:00+00:00,2764.25
2020-01-25 08:00:00+00:00,2694.5
2020-01-25 09:00:00+00:00,2627.75
2020-01-25 10:00:00+00:00,3004.5
2020-01-25 11:00:00+00:00,3264.75
2020-01-25 12:00:00+00:00,3471.75
2020-01-25 13:00:00+00:00,3534.25
2020-01-25 14:00:00+00:00,3478.75
2020-01-25 15:00:00+00:00,3500.25
2020-01-25 16:00:00+00:00,3498.5
2020-01-25 17:00:00+00:00,3743.75
2020-01-25 18:00:00+00:00,3884.75
2020-01-25 19:00:00+00:00,4193.25
2020-01-25 20:00:00+00:00,4229.0
2020-01-25 21:00:00+00:00,4149.0
2020-01-25 22:00:00+00:00,4259.5
2020-01-25 23:00:00+00:00,4133.75
2020-01-26 00:00:00+00:00,4017.5
2020-01-26 01:00:00+00:00,3636.5
2020-01-26 02:00:00+00:00,3647.5
2020-01-26 03:00:00+00:00,3238.25
2020-01-26 04:00:00+00:00,3293.0
2020-01-26 05:00:00+00:00,3057.5
2020-01-26 06:00:00+00:00,3421.75
2020-01-26 07:00:00+00:00,3429.0
2020-01-26 08:00:00+00:00,3641.0
2020-01-26 09:00:00+00:00,3558.75
2020-01-26 10:00:00+00:00,3855.25
2020-01-26 11:00:00+00:00,3750.25
2020-01-26 12:00:00+00:00,3572.75
2020-01-26 13:00:00+00:00,3183.5
2020-01-26 14:00:00+00:00,3125.75
2020-01-26 15:00:00+00:00,2949.5
2020-01-26 16:00:00+00:00,3222.25
2020-01-26 17:00:00+00:00,3436.25
2020-01-26 18:00:00+00:00,3760.75
2020-01-26 19:00:00+00:00,4464.5
2020-01-26 20:00:00+00:00,4839.75
2020-01-26 21:00:00+00:00,5145.5
2020-01-26 22:00:00+00:00,5401.25
2020-01-26 23:00:00+00:00,5580.0
2020-01-27 00:00:00+00:00,5616.75
2020-01-27 01:00:00+00:00,5585.5
2020-01-27 02:00:00+00:00,5555.25
2020-01-27 03:00:00+00:00,5509.5
2020-01-27 04:00:00+00:00,5488.5
2020-01-27 05:00:00+00:00,5222.25
2020-01-27 06:00:00+00:00,4884.25
2020-01-27 07:00:00+00:00,4626.0
2020-01-27 08:00:00+00:00,4631.75
2020-01-27 09:00:00+00:00,4584.0
2020-01-27 10:00:00+00:00,4700.75
2020-01-27 11:00:00+00:00,4898.75
2020-01-27 12:00:00+00:00,4766.5
2020-01-27 13:00:00+00:00,4670.25
2020-01-27 14:00:00+00:00,4540.0
2020-01-27 15:00:00+00:00,4453.25
2020-01-27 16:00:00+00:00,4063.75
2020-01-27 17:00:00+00:00,3574.5
2020-01-27 18:00:00+00:00,3202.5
2020-01-27 19:00:00+00:00,2770.25
2020-01-27 20:00:00+00:00,2435.25
2020-01-27 21:00:00+00:00,2436.0
2020-01-27 22:00:00+00:00,2745.25
2020-01-27 23:00:00+00:00,3510.5
2020-01-28 00:00:00+00:00,4408.5
2020-01-28 01:00:00+00:00,4926.25
2020-01-28 02:00:00+00:00,4694.25
2020-01-28 03:00:00+00:00,5324.0
2020-01-28 04:00:00+00:00,5744.5
2020-01-28 05:00:00+00:00,5553.25
2020-01-28 06:00:00+00:00,5234.0
2020-01-28 07:00:00+00:00,4748.0
2020-01-28 08:00:00+00:00,4317.5
2020-01-28 09:00:00+00:00,3279.75
2020-01-28 10:00:00+00:00,2450.5
2020-01-28 11:00:00+00:00,1912.75
2020-01-28 12:00:00+00:00,2429.5
2020-01-28 13:00:00+00:00,3444.75
2020-01-28 14:00:00+00:00,4343.25
2020-01-28 15:00:00+00:00,4643.0
2020-01-28 16:00:00+00:00,4566.25
2020-01-28 17:00:00+00:00,4577.75
2020-01-28 18:00:00+00:00,4574.75
2020-01-28 19:00:00+00:00,4588.25
2020-01-28 20:00:00+00:00,4399.5
2020-01-28 21:00:00+00:00,4308.25
2020-01-28 22:00:00+00:00,4573.0
2020-01-28 23:00:00+00:00,4543.0
2020-01-29 00:00:00+00:00,4441.25
2020-01-29 01:00:00+00:00,4496.0
2020-01-29 02:00:00+00:00,4711.25
2020-01-29 03:00:00+00:00,4850.25
2020-01-29 04:00:00+00:00,5033.0
2020-01-29 05:00:00+00:00,5189.0
2020-01-29 06:00:00+00:00,5613.5
2020-01-29 07:00:00+00:00,5700.25
2020-01-29 08:00:00+00:00,5571.75
2020-01-29 09:00:00+00:00,5448.75
2020-01-29 10:00:00+00:00,5417.0
2020-01-29 11:00:00+00:00,5529.25
2020-01-29 12:00:00+00:00,5612.25
2020-01-29 13:00:00+00:00,5622.25
2020-01-29 14:00:00+00:00,5560.0
2020-01-29 15:00:00+00:00,5546.5
2020-01-29 16:00:00+00:00,5797.75
2020-01-29 17:00:00+00:00,5796.0
2020-01-29 18:00:00+00:00,5889.0
2020-01-29 19:00:00+00:00,5829.75
2020-01-29 20:00:00+00:00,5656.25
2020-01-29 21:00:00+00:00,5320.75
2020-01-29 22:00:00+00:00,5040.25
2020-01-29 23:00:00+00:00,5032.75
2020-01-30 00:00:00+00:00,5028.75
2020-01-30 01:00:00+00:00,5033.25
2020-01-30 02:00:00+00:00,5034.75
2020-01-30 03:00:00+00:00,4636.0
2020-01-30 04:00:00+00:00,4633.25
2020-01-30 05:00:00+00:00,4640.0
2020-01-30 06:00:00+00:00,4641.25
2020-01-30 07:00:00+00:00,4910.0
2020-01-30 08:00:00+00:00,5186.75
2020-01-30 09:00:00+00:00,5337.0
2020-01-30 10:00:00+00:00,5335.5
2020-01-30 11:00:00+00:00,5389.25
2020-01-30 12:00:00+00:00,5498.75
2020-01-30 13:00:00+00:00,5498.25
2020-01-30 14:00:00+00:00,5551.25
2020-01-30 15:00:00+00:00,5730.25
2020-01-30 16:00:00+00:00,6155.75
2020-01-30 17:00:00+00:00,6239.25
2020-01-30 18:00:00+00:00,6216.75
2020-01-30 19:00:00+00:00,6079.0
2020-01-30 20:00:00+00:00,5675.5
2020-01-30 21:00:00+00:00,5525.5
2020-01-30 22:00:00+00:00,5395.25
2020-01-30 23:00:00+00:00,5428.5
2020-01-31 00:00:00+00:00,5446.5
2020-01-31 01:00:00+00:00,5431.0
2020-01-31 02:00:00+00:00,5433.75
2020-01-31 03:00:00+00:00,5445.25
2020-01-31 04:00:00+00:00,5449.0
2020-01-31 05:00:00+00:00,4992.25
2020-01-31 06:00:00+00:00,4896.0
2020-01-31 07:00:00+00:00,5143.25
2020-01-31 08:00:00+00:00,5385.0
2020-01-31 09:00:00+00:00,5627.5
2020-01-31 10:00:00+00:00,5736.75
2020-01-31 11:00:00+00:00,5505.75
2020-01-31 12:00:00+00:00,5316.0
2020-01-31 13:00:00+00:00,5434.25
2020-01-31 14:00:00+00:00,5804.5
2020-01-31 15:00:00+00:00,5795.0
2020-01-31 16:00:00+00:00,5700.25
2020-01-31 17:00:00+00:00,5510.0
2020-01-31 18:00:00+00:00,5407.5
2020-01-31 19:00:00+00:00,5411.25
2020-01-31 20:00:00+00:00,5574.5
2020-01-31 21:00:00+00:00,5778.5
2020-01-31 22:00:00+00:00,5787.5
2020-01-31 23:00:00+00:00,5755.75
2020-02-01 00:00:00+00:00,5787.25
2020-02-01 01:00:00+00:00,5791.5
2020-02-01 02:00:00+00:00,6002.75
2020-02-01 03:00:00+00:00,6175.75
2020-02-01 04:00:00+00:00,6178.5
2020-02-01 05:00:00+00:00,6196.75
2020-02-01 06:00:00+00:00,6147.5
2020-02-01 07:00:00+00:00,6081.5
2020-02-01 08:00:00+00:00,6072.25
2020-02-01 09:00:00+00:00,6051.25
2020-02-01 10:00:00+00:00,5969.75
2020-02-01 11:00:00+00:00,6055.25
2020-02-01 12:00:00+00:00,6055.75
2020-02-01 13:00:00+00:00,5929.25
2020-02-01 14:00:00+00:00,5649.5
2020-02-01 15:00:00+00:00,5820.5
2020-02-01 16:00:00+00:00,5815.0
2020-02-01 17:00:00+00:00,5873.5
2020-02-01 18:00:00+00:00,5836.75
2020-02-01 19:00:00+00:00,5571.25
2020-02-01 20:00:00+00:00,5566.75
2020-02-01 21:00:00+00:00,5563.5
2020-02-01 22:00:00+00:00,4357.5
2020-02-01 23:00:00+00:00,4023.0
2020-02-02 00:00:00+00:00,3512.0
2020-02-02 01:00:00+00:00,3123.5
2020-02-02 02:00:00+00:00,3177.5
2020-02-02 03:00:00+00:00,3688.25
2020-02-02 04:00:00+00:00,3527.0
2020-02-02 05:00:00+00:00,3255.0
2020-02-02 06:00:00+00:00,3371.0
2020-02-02 07:00:00+00:00,2643.5
2020-02-02 08:00:00+00:00,2104.75
2020-02-02 09:00:00+00:00,1692.75
2020-02-02 10:00:00+00:00,1488.25
2020-02-02 11:00:00+00:00,1209.75
2020-02-02 12:00:00+00:00,1108.0
2020-02-02 13:00:00+00:00,1046.75
2020-02-02 14:00:00+00:00,957.5
2020-02-02 15:00:00+00:00,863.5
2020-02-02 16:00:00+00:00,820.75
2020-02-02 17:00:00+00:00,693.25
2020-02-02 18:00:00+00:00,531.25
2020-02-02 19:00:00+00:00,634.25
2020-02-02 20:00:00+00:00,877.75
2020-02-02 21:00:00+00:00,1868.75
2020-02-02 22:00:00+00:00,2165.25
2020-02-02 23:00:00+00:00,1734.0
2020-02-03 00:00:00+00:00,3014.25
2020-02-03 01:00:00+00:00,2734.0
2020-02-03 02:00:00+00:00,2682.5
2020-02-03 03:00:00+00:00,3832.0
2020-02-03 04:00:00+00:00,5030.5
2020-02-03 05:00:00+00:00,5005.0
2020-02-03 06:00:00+00:00,4930.75
2020-02-03 07:00:00+00:00,4928.25
2020-02-03 08:00:00+00:00,4984.25
2020-02-03 09:00:00+00:00,5028.75
2020-02-03 10:00:00+00:00,4908.25
2020-02-03 11:00:00+00:00,4764.0
2020-02-03 12:00:00+00:00,4816.75
2020-02-03 13:00:00+00:00,4692.75
2020-02-03 14:00:00+00:00,4646.0
2020-02-03 15:00:00+00:00,4649.75
2020-02-03 16:00:00+00:00,4727.5
2020-02-03 17:00:00+00:00,5064.25
2020-02-03 18:00:00+00:00,5612.25
2020-02-03 19:00:00+00:00,5653.75
2020-02-03 20:00:00+00:00,5651.0
2020-02-03 21:00:00+00:00,5619.5
2020-02-03 22:00:00+00:00,5608.75
2020-02-03 23:00:00+00:00,5601.75
2020-02-04 00:00:00+00:00,5544.5
2020-02-04 01:00:00+00:00,5514.0
2020-02-04 02:00:00+00:00,5550.5
2020-02-04 03:00:00+00:00,5569.25
2020-02-04 04:00:00+00:00,5559.25
2020-02-04 05:00:00+00:00,5542.5
2020-02-04 06:00:00+00:00,5640.25
2020-02-04 07:00:00+00:00,5871.0
2020-02-04 08:00:00+00:00,5571.25
2020-02-04 09:00:00+00:00,4762.0
2020-02-04 10:00:00+00:00,3830.5
2020-02-04 11:00:00+00:00,3181.0
2020-02-04 12:00:00+00:00,3008.25
2020-02-04 13:00:00+00:00,3334.25
2020-02-04 14:00:00+00:00,3707.0
2020-02-04 15:00:00+00:00,3736.75
2020-02-04 16:00:00+00:00,4951.25
2020-02-04 17:00:00+00:00,5094.5
2020-02-04 18:00:00+00:00,4705.75
2020-02-04 19:00:00+00:00,4882.75
2020-02-04 20:00:00+00:00,4977.5
2020-02-04 21:00:00+00:00,4870.0
2020-02-04 22:00:00+00:00,4154.75
2020-02-04 23:00:00+00:00,3318.5
2020-02-05 00:00:00+00:00,2675.5
2020-02-05 01:00:00+00:00,1743.75
2020-02-05 02:00:00+00:00,1288.5
2020-02-05 03:00:00+00:00,1113.25
2020-02-05 04:00:00+00:00,1058.0
2020-02-05 05:00:00+00:00,1187.5
2020-02-05 06:00:00+00:00,879.75
2020-02-05 07:00:00+00:00,849.0
2020-02-05 08:00:00+00:00,772.0
2020-02-05 09:00:00+00:00,456.25
2020-02-05 10:00:00+00:00,532.25
2020-02-05 11:00:00+00:00,854.25
2020-02-05 12:00:00+00:00,1693.75
2020-02-05 13:00:00+00:00,2402.25
2020-02-05 14:00:00+00:00,2817.5
2020-02-05 15:00:00+00:00,3238.25
2020-02-05 16:00:00+00:00,3710.5
2020-02-05 17:00:00+00:00,3660.25
2020-02-05 18:00:00+00:00,3752.5
2020-02-05 19:00:00+00:00,4169.25
2020-02-05 20:00:00+00:00,4551.5
2020-02-05 21:00:00+00:00,4645.25
2020-02-05 22:00:00+00:00,4377.0
2020-02-05 23:00:00+00:00,3891.5
2020-02-06 00:00:00+00:00,3757.0
2020-02-06 01:00:00+00:00,3569.5
2020-02-06 02:00:00+00:00,3635.5
2020-02-06 03:00:00+00:00,3663.75
2020-02-06 04:00:00+00:00,3688.75
2020-02-06 05:00:00+00:00,3016.5
2020-02-06 06:00:00+00:00,2813.5
2020-02-06 07:00:00+00:00,2461.75
2020-02-06 08:00:00+00:00,1984.0
2020-02-06 09:00:00+00:00,1591.5
2020-02-06 10:00:00+00:00,1413.25
2020-02-06 11:00:00+00:00,1354.25
2020-02-06 12:00:00+00:00,1293.25
2020-02-06 13:00:00+00:00,1382.75
2020-02-06 14:00:00+00:00,1377.5
2020-02-06 15:00:00+00:00,1379.75
2020-02-06 16:00:00+00:00,1467.75
2020-02-06 17:00:00+00:00,1551.75
2020-02-06 18:00:00+00:00,1360.5
2020-02-06 19:00:00+00:00,1228.25
2020-02-06 20:00:00+00:00,1021.5
2020-02-06 21:00:00+00:00,808.5
2020-02-06 22:00:00+00:00,540.25
2020-02-06 23:00:00+00:00,344.25
2020-02-07 00:00:00+00:00,239.0
2020-02-07 01:00:00+00:00,148.0
2020-02-07 02:00:00+00:00,52.0
2020-02-07 03:00:00+00:00,35.75
2020-02-07 04:00:00+00:00,61.25
2020-02-07 05:00:00+00:00,190.0
2020-02-07 06:00:00+00:00,381.5
2020-02-07 07:00:00+00:00,635.0
2020-02-07 08:00:00+00:00,1028.5
2020-02-07 09:00:00+00:00,1451.25
2020-02-07 10:00:00+00:00,1759.5
2020-02-07 11:00:00+00:00,1909.0
2020-02-07 12:00:00+00:00,2121.5
2020-02-07 13:00:00+00:00,2576.5
2020-02-07 14:00:00+00:00,2874.0
2020-02-07 15:00:00+00:00,3659.5
2020-02-07 16:00:00+00:00,4134.25
2020-02-07 17:00:00+00:00,4519.5
2020-02-07 18:00:00+00:00,4773.5
2020-02-07 19:00:00+00:00,4920.5
2020-02-07 20:00:00+00:00,5264.5
2020-02-07 21:00:00+00:00,5391.75
2020-02-07 22:00:00+00:00,5418.25
2020-02-07 23:00:00+00:00,5643.25
2020-02-08 00:00:00+00:00,5553.25
2020-02-08 01:00:00+00:00,5292.75
2020-02-08 02:00:00+00:00,5337.5
2020-02-08 03:00:00+00:00,5294.25
2020-02-08 04:00:00+00:00,5033.0
2020-02-08 05:00:00+00:00,4894.75
2020-02-08 06:00:00+00:00,4762.5
2020-02-08 07:00:00+00:00,4815.25
2020-02-08 08:00:00+00:00,4817.25
2020-02-08 09:00:00+00:00,4587.5
2020-02-08 10:00:00+00:00,4313.75
2020-02-08 11:00:00+00:00,3994.0
2020-02-08 12:00:00+00:00,3943.75
2020-02-08 13:00:00+00:00,4000.5
2020-02-08 14:00:00+00:00,3646.25
2020-02-08 15:00:00+00:00,3014.0
2020-02-08 16:00:00+00:00,2583.0
2020-02-08 17:00:00+00:00,2675.0
2020-02-08 18:00:00+00:00,3425.0
2020-02-08 19:00:00+00:00,4661.5
2020-02-08 20:00:00+00:00,5650.25
2020-02-08 21:00:00+00:00,5840.5
2020-02-08 22:00:00+00:00,5649.5
2020-02-08 23:00:00+00:00,5389.75
2020-02-09 00:00:00+00:00,5068.25
2020-02-09 01:00:00+00:00,5014.75
2020-02-09 02:00:00+00:00,5177.5
2020-02-09 03:00:00+00:00,5280.0
2020-02-09 04:00:00+00:00,5365.0
2020-02-09 05:00:00+00:00,5417.5
2020-02-09 06:00:00+00:00,5305.75
2020-02-09 07:00:00+00:00,4861.75
2020-02-09 08:00:00+00:00,2868.75
2020-02-09 09:00:00+00:00,2391.25
2020-02-09 10:00:00+00:00,1856.75
2020-02-09 11:00:00+00:00,1756.75
2020-02-09 12:00:00+00:00,1426.0
2020-02-09 13:00:00+00:00,1179.5
2020-02-09 14:00:00+00:00,1710.5
2020-02-09 15:00:00+00:00,1993.75
2020-02-09 16:00:00+00:00,3107.0
2020-02-09 17:00:00+00:00,4076.75
2020-02-09 18:00:00+00:00,5334.0
2020-02-09 19:00:00+00:00,3716.25
2020-02-09 20:00:00+00:00,3612.0
2020-02-09 21:00:00+00:00,3667.5
2020-02-09 22:00:00+00:00,4031.5
2020-02-09 23:00:00+00:00,4016.75
2020-02-10 00:00:00+00:00,4188.0
2020-02-10 01:00:00+00:00,4126.75
2020-02-10 02:00:00+00:00,4218.75
2020-02-10 03:00:00+00:00,4023.5
2020-02-10 04:00:00+00:00,4037.75
2020-02-10 05:00:00+00:00,5632.5
2020-02-10 06:00:00+00:00,5233.5
2020-02-10 07:00:00+00:00,4634.75
2020-02-10 08:00:00+00:00,4484.5
2020-02-10 09:00:00+00:00,3995.0
2020-02-10 10:00:00+00:00,4034.5
2020-02-10 11:00:00+00:00,4103.25
2020-02-10 12:00:00+00:00,4277.5
2020-02-10 13:00:00+00:00,4976.75
2020-02-10 14:00:00+00:00,5209.25
2020-02-10 15:00:00+00:00,5434.25
2020-02-10 16:00:00+00:00,5394.0
2020-02-10 17:00:00+00:00,5730.75
2020-02-10 18:00:00+00:00,6058.25
2020-02-10 19:00:00+00:00,6204.0
2020-02-10 20:00:00+00:00,6210.25
2020-02-10 21:00:00+00:00,6203.0
2020-02-10 22:00:00+00:00,6167.0
2020-02-10 23:00:00+00:00,6057.0
2020-02-11 00:00:00+00:00,6023.25
2020-02-11 01:00:00+00:00,5734.25
2020-02-11 02:00:00+00:00,5539.0
2020-02-11 03:00:00+00:00,5415.5
2020-02-11 04:00:00+00:00,5419.0
2020-02-11 05:00:00+00:00,5255.25
2020-02-11 06:00:00+00:00,4621.25
2020-02-11 07:00:00+00:00,3962.0
2020-02-11 08:00:00+00:00,3755.25
2020-02-11 09:00:00+00:00,3822.0
2020-02-11 10:00:00+00:00,4126.75
2020-02-11 11:00:00+00:00,4146.5
2020-02-11 12:00:00+00:00,4279.0
2020-02-11 13:00:00+00:00,5081.5
2020-02-11 14:00:00+00:00,5219.75
2020-02-11 15:00:00+00:00,5261.5
2020-02-11 16:00:00+00:00,5355.25
2020-02-11 17:00:00+00:00,5531.25
2020-02-11 18:00:00+00:00,5422.25
2020-02-11 19:00:00+00:00,5215.25
2020-02-11 20:00:00+00:00,4917.0
2020-02-11 21:00:00+00:00,4790.25
2020-02-11 22:00:00+00:00,4772.25
2020-02-11 23:00:00+00:00,4800.5
2020-02-12 00:00:00+00:00,4803.0
2020-02-12 01:00:00+00:00,4603.25
2020-02-12 02:00:00+00:00,4692.75
2020-02-12 03:00:00+00:00,4749.75
2020-02-12 04:00:00+00:00,4845.25
2020-02-12 05:00:00+00:00,4543.0
2020-02-12 06:00:00+00:00,4335.75
2020-02-12 07:00:00+00:00,4777.75
2020-02-12 08:00:00+00:00,4843.0
2020-02-12 09:00:00+00:00,4808.25
2020-02-12 10:00:00+00:00,4874.25
2020-02-12 11:00:00+00:00,4934.25
2020-02-12 12:00:00+00:00,4942.75
2020-02-12 13:00:00+00:00,4845.75
2020-02-12 14:00:00+00:00,5113.75
2020-02-12 15:00:00+00:00,5499.5
2020-02-12 16:00:00+00:00,5740.0
2020-02-12 17:00:00+00:00,5739.5
2020-02-12 18:00:00+00:00,5602.75
2020-02-12 19:00:00+00:00,5536.5
2020-02-12 20:00:00+00:00,5539.25
2020-02-12 21:00:00+00:00,5535.0
2020-02-12 22:00:00+00:00,5659.5
2020-02-12 23:00:00+00:00,5702.5
2020-02-13 00:00:00+00:00,5444.75
2020-02-13 01:00:00+00:00,5397.5
2020-02-13 02:00:00+00:00,4718.25
2020-02-13 03:00:00+00:00,3791.5
2020-02-13 04:00:00+00:00,3297.75
2020-02-13 05:00:00+00:00,2884.0
2020-02-13 06:00:00+00:00,3201.25
2020-02-13 07:00:00+00:00,3328.25
2020-02-13 08:00:00+00:00,4325.25
2020-02-13 09:00:00+00:00,5239.0
2020-02-13 10:00:00+00:00,5516.75
2020-02-13 11:00:00+00:00,5504.0
2020-02-13 12:00:00+00:00,5652.0
2020-02-13 13:00:00+00:00,5525.5
2020-02-13 14:00:00+00:00,5444.0
2020-02-13 15:00:00+00:00,5111.0
2020-02-13 16:00:00+00:00,4011.5
2020-02-13 17:00:00+00:00,3080.75
2020-02-13 18:00:00+00:00,2325.0
2020-02-13 19:00:00+00:00,1649.25
2020-02-13 20:00:00+00:00,1131.75
2020-02-13 21:00:00+00:00,706.75
2020-02-13 22:00:00+00:00,608.0
2020-02-13 23:00:00+00:00,692.25
2020-02-14 00:00:00+00:00,950.5
2020-02-14 01:00:00+00:00,1025.75
2020-02-14 02:00:00+00:00,1104.75
2020-02-14 03:00:00+00:00,1334.0
2020-02-14 04:00:00+00:00,1520.0
2020-02-14 05:00:00+00:00,1354.0
2020-02-14 06:00:00+00:00,930.0
2020-02-14 07:00:00+00:00,202.0
2020-02-14 08:00:00+00:00,39.0
2020-02-14 09:00:00+00:00,7.5
2020-02-14 10:00:00+00:00,7.75
2020-02-14 11:00:00+00:00,161.0
2020-02-14 12:00:00+00:00,650.5
2020-02-14 13:00:00+00:00,1265.0
2020-02-14 14:00:00+00:00,2027.0
2020-02-14 15:00:00+00:00,2991.5
2020-02-14 16:00:00+00:00,3851.5
2020-02-14 17:00:00+00:00,4619.0
2020-02-14 18:00:00+00:00,5055.5
2020-02-14 19:00:00+00:00,5268.0
2020-02-14 20:00:00+00:00,5231.5
2020-02-14 21:00:00+00:00,4880.75
2020-02-14 22:00:00+00:00,4699.5
2020-02-14 23:00:00+00:00,5039.5
2020-02-15 00:00:00+00:00,5318.75
2020-02-15 01:00:00+00:00,5283.5
2020-02-15 02:00:00+00:00,5238.0
2020-02-15 03:00:00+00:00,5346.5
2020-02-15 04:00:00+00:00,5432.0
2020-02-15 05:00:00+00:00,5788.75
2020-02-15 06:00:00+00:00,6034.75
2020-02-15 07:00:00+00:00,6149.75
2020-02-15 08:00:00+00:00,6160.25
2020-02-15 09:00:00+00:00,6118.5
2020-02-15 10:00:00+00:00,6104.0
2020-02-15 11:00:00+00:00,6060.0
2020-02-15 12:00:00+00:00,5907.5
2020-02-15 13:00:00+00:00,5860.25
2020-02-15 14:00:00+00:00,5927.0
2020-02-15 15:00:00+00:00,6143.75
2020-02-15 16:00:00+00:00,6008.5
2020-02-15 17:00:00+00:00,5942.25
2020-02-15 18:00:00+00:00,5932.0
2020-02-15 19:00:00+00:00,5429.5
2020-02-15 20:00:00+00:00,5110.75
2020-02-15 21:00:00+00:00,4691.5
2020-02-15 22:00:00+00:00,4351.25
2020-02-15 23:00:00+00:00,2447.75
2020-02-16 00:00:00+00:00,2536.75
2020-02-16 01:00:00+00:00,2954.5
2020-02-16 02:00:00+00:00,3200.75
2020-02-16 03:00:00+00:00,3036.0
2020-02-16 04:00:00+00:00,2935.25
2020-02-16 05:00:00+00:00,2627.75
2020-02-16 06:00:00+00:00,2573.25
2020-02-16 07:00:00+00:00,2642.0
2020-02-16 08:00:00+00:00,2791.5
2020-02-16 09:00:00+00:00,2979.0
2020-02-16 10:00:00+00:00,3876.0
2020-02-16 11:00:00+00:00,3967.5
2020-02-16 12:00:00+00:00,3626.5
2020-02-16 13:00:00+00:00,3743.75
2020-02-16 14:00:00+00:00,3855.5
2020-02-16 15:00:00+00:00,4058.75
2020-02-16 16:00:00+00:00,4520.0
2020-02-16 17:00:00+00:00,5483.0
2020-02-16 18:00:00+00:00,5522.5
2020-02-16 19:00:00+00:00,5688.75
2020-02-16 20:00:00+00:00,5367.75
2020-02-16 21:00:00+00:00,5857.0
2020-02-16 22:00:00+00:00,4841.5
2020-02-16 23:00:00+00:00,4713.25
2020-02-17 00:00:00+00:00,4502.25
2020-02-17 01:00:00+00:00,4353.5
2020-02-17 02:00:00+00:00,4116.0
2020-02-17 03:00:00+00:00,3889.25
2020-02-17 04:00:00+00:00,5252.75
2020-02-17 05:00:00+00:00,5711.75
2020-02-17 06:00:00+00:00,5360.75
2020-02-17 07:00:00+00:00,5178.75
2020-02-17 08:00:00+00:00,5268.25
2020-02-17 09:00:00+00:00,5355.0
2020-02-17 10:00:00+00:00,5441.5
2020-02-17 11:00:00+00:00,5500.25
2020-02-17 12:00:00+00:00,5625.25
2020-02-17 13:00:00+00:00,5689.5
2020-02-17 14:00:00+00:00,5714.5
2020-02-17 15:00:00+00:00,5807.0
2020-02-17 16:00:00+00:00,6109.5
2020-02-17 17:00:00+00:00,6090.5
2020-02-17 18:00:00+00:00,6015.75
2020-02-17 19:00:00+00:00,6104.25
2020-02-17 20:00:00+00:00,6137.75
2020-02-17 21:00:00+00:00,6189.5
2020-02-17 22:00:00+00:00,6121.0
2020-02-17 23:00:00+00:00,6123.0
2020-02-18 00:00:00+00:00,6180.5
2020-02-18 01:00:00+00:00,6182.0
2020-02-18 02:00:00+00:00,6177.75
2020-02-18 03:00:00+00:00,6162.0
2020-02-18 04:00:00+00:00,5826.25
2020-02-18 05:00:00+00:00,5625.0
2020-02-18 06:00:00+00:00,5629.25
2020-02-18 07:00:00+00:00,5580.25
2020-02-18 08:00:00+00:00,5334.0
2020-02-18 09:00:00+00:00,5052.25
2020-02-18 10:00:00+00:00,4545.25
2020-02-18 11:00:00+00:00,4546.75
2020-02-18 12:00:00+00:00,4543.0
2020-02-18 13:00:00+00:00,4538.5
2020-02-18 14:00:00+00:00,4739.5
2020-02-18 15:00:00+00:00,5476.75
2020-02-18 16:00:00+00:00,6052.25
2020-02-18 17:00:00+00:00,6200.25
2020-02-18 18:00:00+00:00,6195.75
2020-02-18 19:00:00+00:00,6201.5
2020-02-18 20:00:00+00:00,6171.75
2020-02-18 21:00:00+00:00,6111.25
2020-02-18 22:00:00+00:00,5541.0
2020-02-18 23:00:00+00:00,5168.0
2020-02-19 00:00:00+00:00,4876.25
2020-02-19 01:00:00+00:00,4868.0
2020-02-19 02:00:00+00:00,4831.5
2020-02-19 03:00:00+00:00,4835.25
2020-02-19 04:00:00+00:00,5077.25
2020-02-19 05:00:00+00:00,5495.75
2020-02-19 06:00:00+00:00,5738.25
2020-02-19 07:00:00+00:00,5691.5
2020-02-19 08:00:00+00:00,5518.25
2020-02-19 09:00:00+00:00,5617.25
2020-02-19 10:00:00+00:00,5701.5
2020-02-19 11:00:00+00:00,5857.75
2020-02-19 12:00:00+00:00,5471.75
2020-02-19 13:00:00+00:00,5485.0
2020-02-19 14:00:00+00:00,5383.0
2020-02-19 15:00:00+00:00,5039.0
2020-02-19 16:00:00+00:00,4888.25
2020-02-19 17:00:00+00:00,4746.0
2020-02-19 18:00:00+00:00,4438.5
2020-02-19 19:00:00+00:00,4457.0
2020-02-19 20:00:00+00:00,4734.5
2020-02-19 21:00:00+00:00,4868.75
2020-02-19 22:00:00+00:00,5218.5
2020-02-19 23:00:00+00:00,5487.25
2020-02-20 00:00:00+00:00,5878.25
2020-02-20 01:00:00+00:00,6107.75
2020-02-20 02:00:00+00:00,6091.75
2020-02-20 03:00:00+00:00,6115.75
2020-02-20 04:00:00+00:00,5961.75
2020-02-20 05:00:00+00:00,5622.75
2020-02-20 06:00:00+00:00,5238.25
2020-02-20 07:00:00+00:00,5064.75
2020-02-20 08:00:00+00:00,5270.0
2020-02-20 09:00:00+00:00,5240.75
2020-02-20 10:00:00+00:00,5278.0
2020-02-20 11:00:00+00:00,5296.5
2020-02-20 12:00:00+00:00,5333.5
2020-02-20 13:00:00+00:00,5342.75
2020-02-20 14:00:00+00:00,5554.75
2020-02-20 15:00:00+00:00,5614.0
2020-02-20 16:00:00+00:00,5764.25
2020-02-20 17:00:00+00:00,5736.75
2020-02-20 18:00:00+00:00,5709.0
2020-02-20 19:00:00+00:00,5751.75
2020-02-20 20:00:00+00:00,5771.0
2020-02-20 21:00:00+00:00,5766.5
2020-02-20 22:00:00+00:00,5762.25
2020-02-20 23:00:00+00:00,5764.0
2020-02-21 00:00:00+00:00,5766.25
2020-02-21 01:00:00+00:00,5763.75
2020-02-21 02:00:00+00:00,5763.0
2020-02-21 03:00:00+00:00,5367.0
2020-02-21 04:00:00+00:00,5256.75
2020-02-21 05:00:00+00:00,5253.75
2020-02-21 06:00:00+00:00,5616.75
2020-02-21 07:00:00+00:00,6180.25
2020-02-21 08:00:00+00:00,6246.25
2020-02-21 09:00:00+00:00,6071.25
2020-02-21 10:00:00+00:00,5951.25
2020-02-21 11:00:00+00:00,6096.5
2020-02-21 12:00:00+00:00,6134.25
2020-02-21 13:00:00+00:00,6105.0
2020-02-21 14:00:00+00:00,6151.25
2020-02-21 15:00:00+00:00,6154.75
2020-02-21 16:00:00+00:00,6169.5
2020-02-21 17:00:00+00:00,6177.25
2020-02-21 18:00:00+00:00,5906.0
2020-02-21 19:00:00+00:00,5876.5
2020-02-21 20:00:00+00:00,5842.25
2020-02-21 21:00:00+00:00,5849.0
2020-02-21 22:00:00+00:00,5859.25
2020-02-21 23:00:00+00:00,5853.25
2020-02-22 00:00:00+00:00,5851.25
2020-02-22 01:00:00+00:00,5837.25
2020-02-22 02:00:00+00:00,5828.25
2020-02-22 03:00:00+00:00,4058.25
2020-02-22 04:00:00+00:00,3935.0
2020-02-22 05:00:00+00:00,3699.5
2020-02-22 06:00:00+00:00,3845.5
2020-02-22 07:00:00+00:00,3490.5
2020-02-22 08:00:00+00:00,2844.0
2020-02-22 09:00:00+00:00,2768.0
2020-02-22 10:00:00+00:00,3155.0
2020-02-22 11:00:00+00:00,3729.25
2020-02-22 12:00:00+00:00,3671.0
2020-02-22 13:00:00+00:00,3731.5
2020-02-22 14:00:00+00:00,4107.5
2020-02-22 15:00:00+00:00,5614.25
2020-02-22 16:00:00+00:00,5449.25
2020-02-22 17:00:00+00:00,5310.75
2020-02-22 18:00:00+00:00,5279.0
2020-02-22 19:00:00+00:00,5279.25
2020-02-22 20:00:00+00:00,5130.5
2020-02-22 21:00:00+00:00,5686.25
2020-02-22 22:00:00+00:00,6009.75
2020-02-22 23:00:00+00:00,4236.25
2020-02-23 00:00:00+00:00,4355.0
2020-02-23 01:00:00+00:00,4261.0
2020-02-23 02:00:00+00:00,4178.25
2020-02-23 03:00:00+00:00,4122.25
2020-02-23 04:00:00+00:00,4459.5
2020-02-23 05:00:00+00:00,4352.25
2020-02-23 06:00:00+00:00,4251.75
2020-02-23 07:00:00+00:00,5709.5
2020-02-23 08:00:00+00:00,5432.0
2020-02-23 09:00:00+00:00,4420.25
2020-02-23 10:00:00+00:00,3714.5
2020-02-23 11:00:00+00:00,3329.5
2020-02-23 12:00:00+00:00,3406.25
2020-02-23 13:00:00+00:00,4904.5
2020-02-23 14:00:00+00:00,5760.25
2020-02-23 15:00:00+00:00,6107.5
2020-02-23 16:00:00+00:00,6199.75
2020-02-23 17:00:00+00:00,6314.75
2020-02-23 18:00:00+00:00,6145.5
2020-02-23 19:00:00+00:00,5886.75
2020-02-23 20:00:00+00:00,5830.75
2020-02-23 21:00:00+00:00,5689.25
2020-02-23 22:00:00+00:00,5686.75
2020-02-23 23:00:00+00:00,5564.5
2020-02-24 00:00:00+00:00,5489.5
2020-02-24 01:00:00+00:00,5427.75
2020-02-24 02:00:00+00:00,5335.5
2020-02-24 03:00:00+00:00,4350.0
2020-02-24 04:00:00+00:00,2794.5
2020-02-24 05:00:00+00:00,1736.5
2020-02-24 06:00:00+00:00,1457.0
2020-02-24 07:00:00+00:00,1460.75
2020-02-24 08:00:00+00:00,1898.75
2020-02-24 09:00:00+00:00,2522.5
2020-02-24 10:00:00+00:00,3611.25
2020-02-24 11:00:00+00:00,4238.75
2020-02-24 12:00:00+00:00,5165.25
2020-02-24 13:00:00+00:00,5343.25
2020-02-24 14:00:00+00:00,5649.5
2020-02-24 15:00:00+00:00,5515.0
2020-02-24 16:00:00+00:00,4942.75
2020-02-24 17:00:00+00:00,4973.75
2020-02-24 18:00:00+00:00,5531.0
2020-02-24 19:00:00+00:00,5777.5
2020-02-24 20:00:00+00:00,5932.5
2020-02-24 21:00:00+00:00,6209.5
2020-02-24 22:00:00+00:00,6371.25
2020-02-24 23:00:00+00:00,6462.75
2020-02-25 00:00:00+00:00,6156.25
2020-02-25 01:00:00+00:00,6059.25
2020-02-25 02:00:00+00:00,5874.25
2020-02-25 03:00:00+00:00,5761.0
2020-02-25 04:00:00+00:00,5879.75
2020-02-25 05:00:00+00:00,5365.25
2020-02-25 06:00:00+00:00,5171.75
2020-02-25 07:00:00+00:00,5383.25
2020-02-25 08:00:00+00:00,5252.0
2020-02-25 09:00:00+00:00,5172.75
2020-02-25 10:00:00+00:00,5245.5
2020-02-25 11:00:00+00:00,5212.0
2020-02-25 12:00:00+00:00,4651.75
2020-02-25 13:00:00+00:00,4372.5
2020-02-25 14:00:00+00:00,4370.75
2020-02-25 15:00:00+00:00,4632.0
2020-02-25 16:00:00+00:00,5497.25
2020-02-25 17:00:00+00:00,5194.75
2020-02-25 18:00:00+00:00,4241.0
2020-02-25 19:00:00+00:00,4250.5
2020-02-25 20:00:00+00:00,3716.75
2020-02-25 21:00:00+00:00,3332.25
2020-02-25 22:00:00+00:00,2721.5
2020-02-25 23:00:00+00:00,2089.5
2020-02-26 00:00:00+00:00,1762.75
2020-02-26 01:00:00+00:00,1681.0
2020-02-26 02:00:00+00:00,1842.5
2020-02-26 03:00:00+00:00,1888.25
2020-02-26 04:00:00+00:00,2121.5
2020-02-26 05:00:00+00:00,1933.75
2020-02-26 06:00:00+00:00,1926.25
2020-02-26 07:00:00+00:00,1998.25
2020-02-26 08:00:00+00:00,1991.25
2020-02-26 09:00:00+00:00,1943.25
2020-02-26 10:00:00+00:00,1933.0
2020-02-26 11:00:00+00:00,1749.25
2020-02-26 12:00:00+00:00,1595.75
2020-02-26 13:00:00+00:00,1334.25
2020-02-26 14:00:00+00:00,1307.25
2020-02-26 15:00:00+00:00,1315.25
2020-02-26 16:00:00+00:00,1440.75
2020-02-26 17:00:00+00:00,1793.25
2020-02-26 18:00:00+00:00,2193.75
2020-02-26 19:00:00+00:00,1942.75
2020-02-26 20:00:00+00:00,1649.0
2020-02-26 21:00:00+00:00,1866.75
2020-02-26 22:00:00+00:00,2046.25
2020-02-26 23:00:00+00:00,2585.0
2020-02-27 00:00:00+00:00,2845.0
2020-02-27 01:00:00+00:00,2709.5
2020-02-27 02:00:00+00:00,2614.5
2020-02-27 03:00:00+00:00,2862.5
2020-02-27 04:00:00+00:00,2336.0
2020-02-27 05:00:00+00:00,1997.25
2020-02-27 06:00:00+00:00,1753.75
2020-02-27 07:00:00+00:00,2295.75
2020-02-27 08:00:00+00:00,2363.25
2020-02-27 09:00:00+00:00,2350.0
2020-02-27 10:00:00+00:00,2684.25
2020-02-27 11:00:00+00:00,3297.75
2020-02-27 12:00:00+00:00,2809.5
2020-02-27 13:00:00+00:00,2339.75
2020-02-27 14:00:00+00:00,1698.75
2020-02-27 15:00:00+00:00,1434.0
2020-02-27 16:00:00+00:00,1388.0
2020-02-27 17:00:00+00:00,1572.5
2020-02-27 18:00:00+00:00,2388.25
2020-02-27 19:00:00+00:00,3372.75
2020-02-27 20:00:00+00:00,4433.0
2020-02-27 21:00:00+00:00,5074.0
2020-02-27 22:00:00+00:00,5300.75
2020-02-27 23:00:00+00:00,5172.75
2020-02-28 00:00:00+00:00,5461.25
2020-02-28 01:00:00+00:00,5513.0
2020-02-28 02:00:00+00:00,5205.25
2020-02-28 03:00:00+00:00,5328.75
2020-02-28 04:00:00+00:00,5543.25
2020-02-28 05:00:00+00:00,5653.25
2020-02-28 06:00:00+00:00,5292.25
2020-02-28 07:00:00+00:00,5590.25
2020-02-28 08:00:00+00:00,5515.5
2020-02-28 09:00:00+00:00,5133.25
2020-02-28 10:00:00+00:00,4440.25
2020-02-28 11:00:00+00:00,4755.25
2020-02-28 12:00:00+00:00,4987.0
2020-02-28 13:00:00+00:00,5272.0
2020-02-28 14:00:00+00:00,5569.0
2020-02-28 15:00:00+00:00,5684.5
2020-02-28 16:00:00+00:00,5679.25
2020-02-28 17:00:00+00:00,5974.25
2020-02-28 18:00:00+00:00,5968.0
2020-02-28 19:00:00+00:00,5712.75
2020-02-28 20:00:00+00:00,5524.5
2020-02-28 21:00:00+00:00,5437.0
2020-02-28 22:00:00+00:00,5438.25
2020-02-28 23:00:00+00:00,5487.25
2020-02-29 00:00:00+00:00,5426.75
2020-02-29 01:00:00+00:00,5440.75
2020-02-29 02:00:00+00:00,5402.25
2020-02-29 03:00:00+00:00,5541.75
2020-02-29 04:00:00+00:00,5632.75
2020-02-29 05:00:00+00:00,5764.25
2020-02-29 06:00:00+00:00,5907.75
2020-02-29 07:00:00+00:00,6056.0
2020-02-29 08:00:00+00:00,6058.25
2020-02-29 09:00:00+00:00,5951.5
2020-02-29 10:00:00+00:00,5887.75
2020-02-29 11:00:00+00:00,5758.0
2020-02-29 12:00:00+00:00,5302.75
2020-02-29 13:00:00+00:00,5221.5
2020-02-29 14:00:00+00:00,5323.25
2020-02-29 15:00:00+00:00,5467.0
2020-02-29 16:00:00+00:00,5437.0
2020-02-29 17:00:00+00:00,5396.0
2020-02-29 18:00:00+00:00,5403.5
2020-02-29 19:00:00+00:00,5398.75
2020-02-29 20:00:00+00:00,5406.75
2020-02-29 21:00:00+00:00,5500.5
2020-02-29 22:00:00+00:00,5693.25
2020-02-29 23:00:00+00:00,4778.0
2020-03-01 00:00:00+00:00,4622.0
2020-03-01 01:00:00+00:00,4003.75
2020-03-01 02:00:00+00:00,4101.0
2020-03-01 03:00:00+00:00,4160.25
2020-03-01 04:00:00+00:00,4159.5
2020-03-01 05:00:00+00:00,4058.5
2020-03-01 06:00:00+00:00,4839.25
2020-03-01 07:00:00+00:00,4990.0
2020-03-01 08:00:00+00:00,4711.5
2020-03-01 09:00:00+00:00,4188.25
2020-03-01 10:00:00+00:00,4189.5
2020-03-01 11:00:00+00:00,3875.0
2020-03-01 12:00:00+00:00,3754.5
2020-03-01 13:00:00+00:00,3997.0
2020-03-01 14:00:00+00:00,5213.75
2020-03-01 15:00:00+00:00,5472.75
2020-03-01 16:00:00+00:00,5531.25
2020-03-01 17:00:00+00:00,5699.75
2020-03-01 18:00:00+00:00,5908.0
2020-03-01 19:00:00+00:00,5354.75
2020-03-01 20:00:00+00:00,4997.25
2020-03-01 21:00:00+00:00,4878.75
2020-03-01 22:00:00+00:00,4734.0
2020-03-01 23:00:00+00:00,4794.5
2020-03-02 00:00:00+00:00,3980.75
2020-03-02 01:00:00+00:00,3131.0
2020-03-02 02:00:00+00:00,2822.25
2020-03-02 03:00:00+00:00,3004.5
2020-03-02 04:00:00+00:00,3447.75
2020-03-02 05:00:00+00:00,3230.75
2020-03-02 06:00:00+00:00,3455.25
2020-03-02 07:00:00+00:00,3216.0
2020-03-02 08:00:00+00:00,2995.25
2020-03-02 09:00:00+00:00,2243.0
2020-03-02 10:00:00+00:00,1783.5
2020-03-02 11:00:00+00:00,1134.5
2020-03-02 12:00:00+00:00,701.0
2020-03-02 13:00:00+00:00,545.25
2020-03-02 14:00:00+00:00,446.25
2020-03-02 15:00:00+00:00,331.0
2020-03-02 16:00:00+00:00,236.5
2020-03-02 17:00:00+00:00,269.25
2020-03-02 18:00:00+00:00,303.25
2020-03-02 19:00:00+00:00,319.0
2020-03-02 20:00:00+00:00,558.5
2020-03-02 21:00:00+00:00,447.5
2020-03-02 22:00:00+00:00,418.25
2020-03-02 23:00:00+00:00,926.0
2020-03-03 00:00:00+00:00,1429.25
2020-03-03 01:00:00+00:00,1863.75
2020-03-03 02:00:00+00:00,1890.0
2020-03-03 03:00:00+00:00,1974.5
2020-03-03 04:00:00+00:00,1873.25
2020-03-03 05:00:00+00:00,1359.75
2020-03-03 06:00:00+00:00,1154.75
2020-03-03 07:00:00+00:00,1096.0
2020-03-03 08:00:00+00:00,1105.75
2020-03-03 09:00:00+00:00,1307.75
2020-03-03 10:00:00+00:00,1331.75
2020-03-03 11:00:00+00:00,1366.25
2020-03-03 12:00:00+00:00,1422.0
2020-03-03 13:00:00+00:00,972.5
2020-03-03 14:00:00+00:00,782.5
2020-03-03 15:00:00+00:00,694.0
2020-03-03 16:00:00+00:00,673.5
2020-03-03 17:00:00+00:00,632.5
2020-03-03 18:00:00+00:00,511.0
2020-03-03 19:00:00+00:00,454.25
2020-03-03 20:00:00+00:00,574.25
2020-03-03 21:00:00+00:00,902.25
2020-03-03 22:00:00+00:00,1057.0
2020-03-03 23:00:00+00:00,1330.0
2020-03-04 00:00:00+00:00,1380.75
2020-03-04 01:00:00+00:00,1447.0
2020-03-04 02:00:00+00:00,1364.0
2020-03-04 03:00:00+00:00,1432.25
2020-03-04 04:00:00+00:00,1522.5
2020-03-04 05:00:00+00:00,1493.5
2020-03-04 06:00:00+00:00,1390.5
2020-03-04 07:00:00+00:00,1352.25
2020-03-04 08:00:00+00:00,1447.0
2020-03-04 09:00:00+00:00,1514.25
2020-03-04 10:00:00+00:00,1451.75
2020-03-04 11:00:00+00:00,1459.5
2020-03-04 12:00:00+00:00,1637.25
2020-03-04 13:00:00+00:00,1667.25
2020-03-04 14:00:00+00:00,1738.0
2020-03-04 15:00:00+00:00,1499.5
2020-03-04 16:00:00+00:00,1347.75
2020-03-04 17:00:00+00:00,1023.5
2020-03-04 18:00:00+00:00,872.0
2020-03-04 19:00:00+00:00,709.5
2020-03-04 20:00:00+00:00,720.75
2020-03-04 21:00:00+00:00,822.0
2020-03-04 22:00:00+00:00,934.5
2020-03-04 23:00:00+00:00,806.25
2020-03-05 00:00:00+00:00,598.5
2020-03-05 01:00:00+00:00,435.25
2020-03-05 02:00:00+00:00,259.75
2020-03-05 03:00:00+00:00,172.25
2020-03-05 04:00:00+00:00,115.5
2020-03-05 05:00:00+00:00,46.0
2020-03-05 06:00:00+00:00,93.5
2020-03-05 07:00:00+00:00,186.0
2020-03-05 08:00:00+00:00,277.75
2020-03-05 09:00:00+00:00,607.0
2020-03-05 10:00:00+00:00,712.5
2020-03-05 11:00:00+00:00,845.25
2020-03-05 12:00:00+00:00,1246.5
2020-03-05 13:00:00+00:00,1725.75
2020-03-05 14:00:00+00:00,2222.25
2020-03-05 15:00:00+00:00,2953.75
2020-03-05 16:00:00+00:00,3421.25
2020-03-05 17:00:00+00:00,4189.5
2020-03-05 18:00:00+00:00,4841.25
2020-03-05 19:00:00+00:00,5187.25
2020-03-05 20:00:00+00:00,5310.25
2020-03-05 21:00:00+00:00,5456.25
2020-03-05 22:00:00+00:00,5546.75
2020-03-05 23:00:00+00:00,5600.25
2020-03-06 00:00:00+00:00,5551.75
2020-03-06 01:00:00+00:00,5574.25
2020-03-06 02:00:00+00:00,5744.5
2020-03-06 03:00:00+00:00,5740.25
2020-03-06 04:00:00+00:00,5743.5
2020-03-06 05:00:00+00:00,5814.5
2020-03-06 06:00:00+00:00,5806.0
2020-03-06 07:00:00+00:00,5614.75
2020-03-06 08:00:00+00:00,5420.25
2020-03-06 09:00:00+00:00,5194.5
2020-03-06 10:00:00+00:00,4669.75
2020-03-06 11:00:00+00:00,4126.0
2020-03-06 12:00:00+00:00,3987.75
2020-03-06 13:00:00+00:00,3768.25
2020-03-06 14:00:00+00:00,3664.25
2020-03-06 15:00:00+00:00,3403.75
2020-03-06 16:00:00+00:00,3071.0
2020-03-06 17:00:00+00:00,2697.75
2020-03-06 18:00:00+00:00,2372.0
2020-03-06 19:00:00+00:00,2120.5
2020-03-06 20:00:00+00:00,2060.75
2020-03-06 21:00:00+00:00,1766.0
2020-03-06 22:00:00+00:00,1536.0
2020-03-06 23:00:00+00:00,1589.5
2020-03-07 00:00:00+00:00,1553.25
2020-03-07 01:00:00+00:00,1483.0
2020-03-07 02:00:00+00:00,1455.0
2020-03-07 03:00:00+00:00,1621.75
2020-03-07 04:00:00+00:00,1398.5
2020-03-07 05:00:00+00:00,1407.0
2020-03-07 06:00:00+00:00,1202.75
2020-03-07 07:00:00+00:00,986.75
2020-03-07 08:00:00+00:00,922.75
2020-03-07 09:00:00+00:00,930.25
2020-03-07 10:00:00+00:00,893.0
2020-03-07 11:00:00+00:00,1224.5
2020-03-07 12:00:00+00:00,1707.75
2020-03-07 13:00:00+00:00,2045.5
2020-03-07 14:00:00+00:00,2801.0
2020-03-07 15:00:00+00:00,3283.75
2020-03-07 16:00:00+00:00,4056.0
2020-03-07 17:00:00+00:00,4485.5
2020-03-07 18:00:00+00:00,4946.75
2020-03-07 19:00:00+00:00,5302.75
2020-03-07 20:00:00+00:00,5563.25
2020-03-07 21:00:00+00:00,5628.25
2020-03-07 22:00:00+00:00,5692.25
2020-03-07 23:00:00+00:00,5773.0
2020-03-08 00:00:00+00:00,5632.5
2020-03-08 01:00:00+00:00,5461.75
2020-03-08 02:00:00+00:00,5545.5
2020-03-08 03:00:00+00:00,5734.75
2020-03-08 04:00:00+00:00,5616.0
2020-03-08 05:00:00+00:00,5251.0
2020-03-08 06:00:00+00:00,5349.5
2020-03-08 07:00:00+00:00,5389.5
2020-03-08 08:00:00+00:00,5384.25
2020-03-08 09:00:00+00:00,5445.75
2020-03-08 10:00:00+00:00,5544.75
2020-03-08 11:00:00+00:00,5654.75
2020-03-08 12:00:00+00:00,5973.5
2020-03-08 13:00:00+00:00,6070.0
2020-03-08 14:00:00+00:00,6264.0
2020-03-08 15:00:00+00:00,6232.0
2020-03-08 16:00:00+00:00,6081.0
2020-03-08 17:00:00+00:00,5430.75
2020-03-08 18:00:00+00:00,5136.5
2020-03-08 19:00:00+00:00,5141.5
2020-03-08 20:00:00+00:00,4847.75
2020-03-08 21:00:00+00:00,4611.5
2020-03-08 22:00:00+00:00,4010.5
2020-03-08 23:00:00+00:00,3504.75
2020-03-09 00:00:00+00:00,3060.5
2020-03-09 01:00:00+00:00,2571.0
2020-03-09 02:00:00+00:00,2316.25
2020-03-09 03:00:00+00:00,1972.75
2020-03-09 04:00:00+00:00,1771.75
2020-03-09 05:00:00+00:00,1750.25
2020-03-09 06:00:00+00:00,1689.75
2020-03-09 07:00:00+00:00,1456.0
2020-03-09 08:00:00+00:00,1652.0
2020-03-09 09:00:00+00:00,1622.0
2020-03-09 10:00:00+00:00,1759.0
2020-03-09 11:00:00+00:00,1568.5
2020-03-09 12:00:00+00:00,1558.0
2020-03-09 13:00:00+00:00,1838.5
2020-03-09 14:00:00+00:00,1841.5
2020-03-09 15:00:00+00:00,1901.25
2020-03-09 16:00:00+00:00,2244.5
2020-03-09 17:00:00+00:00,2682.5
2020-03-09 18:00:00+00:00,3706.5
2020-03-09 19:00:00+00:00,3868.25
2020-03-09 20:00:00+00:00,4520.0
2020-03-09 21:00:00+00:00,5194.0
2020-03-09 22:00:00+00:00,5882.5
2020-03-09 23:00:00+00:00,6056.25
2020-03-10 00:00:00+00:00,5897.75
2020-03-10 01:00:00+00:00,5943.25
2020-03-10 02:00:00+00:00,5958.75
2020-03-10 03:00:00+00:00,6045.5
2020-03-10 04:00:00+00:00,5840.75
2020-03-10 05:00:00+00:00,5649.25
2020-03-10 06:00:00+00:00,5690.25
2020-03-10 07:00:00+00:00,5783.0
2020-03-10 08:00:00+00:00,5843.5
2020-03-10 09:00:00+00:00,6066.75
2020-03-10 10:00:00+00:00,6143.75
2020-03-10 11:00:00+00:00,6295.25
2020-03-10 12:00:00+00:00,6344.5
2020-03-10 13:00:00+00:00,6375.25
2020-03-10 14:00:00+00:00,5970.25
2020-03-10 15:00:00+00:00,5776.25
2020-03-10 16:00:00+00:00,5629.0
2020-03-10 17:00:00+00:00,5531.25
2020-03-10 18:00:00+00:00,5157.75
2020-03-10 19:00:00+00:00,5070.5
2020-03-10 20:00:00+00:00,5026.25
2020-03-10 21:00:00+00:00,5790.75
2020-03-10 22:00:00+00:00,5989.0
2020-03-10 23:00:00+00:00,6000.75
2020-03-11 00:00:00+00:00,6007.75
2020-03-11 01:00:00+00:00,5981.25
2020-03-11 02:00:00+00:00,6113.0
2020-03-11 03:00:00+00:00,6745.0
2020-03-11 04:00:00+00:00,6591.25
2020-03-11 05:00:00+00:00,6293.5
2020-03-11 06:00:00+00:00,5934.75
2020-03-11 07:00:00+00:00,5522.0
2020-03-11 08:00:00+00:00,5182.0
2020-03-11 09:00:00+00:00,4884.0
2020-03-11 10:00:00+00:00,5033.0
2020-03-11 11:00:00+00:00,5487.0
2020-03-11 12:00:00+00:00,5481.25
2020-03-11 13:00:00+00:00,5972.0
2020-03-11 14:00:00+00:00,5794.75
2020-03-11 15:00:00+00:00,5582.25
2020-03-11 16:00:00+00:00,5848.75
2020-03-11 17:00:00+00:00,5922.0
2020-03-11 18:00:00+00:00,5993.0
2020-03-11 19:00:00+00:00,5984.0
2020-03-11 20:00:00+00:00,5720.25
2020-03-11 21:00:00+00:00,5426.75
2020-03-11 22:00:00+00:00,5563.25
2020-03-11 23:00:00+00:00,5719.75
2020-03-12 00:00:00+00:00,5794.75
2020-03-12 01:00:00+00:00,5673.75
2020-03-12 02:00:00+00:00,5569.0
2020-03-12 03:00:00+00:00,5329.0
2020-03-12 04:00:00+00:00,4991.5
2020-03-12 05:00:00+00:00,4391.75
2020-03-12 06:00:00+00:00,4123.0
2020-03-12 07:00:00+00:00,3794.5
2020-03-12 08:00:00+00:00,3727.25
2020-03-12 09:00:00+00:00,4089.0
2020-03-12 10:00:00+00:00,4310.5
2020-03-12 11:00:00+00:00,4396.75
2020-03-12 12:00:00+00:00,4265.5
2020-03-12 13:00:00+00:00,4313.25
2020-03-12 14:00:00+00:00,4386.75
2020-03-12 15:00:00+00:00,4248.75
2020-03-12 16:00:00+00:00,4650.0
2020-03-12 17:00:00+00:00,5337.5
2020-03-12 18:00:00+00:00,5897.25
2020-03-12 19:00:00+00:00,6083.5
2020-03-12 20:00:00+00:00,6067.75
2020-03-12 21:00:00+00:00,6081.0
2020-03-12 22:00:00+00:00,6032.75
2020-03-12 23:00:00+00:00,5681.25
2020-03-13 00:00:00+00:00,5758.25
2020-03-13 01:00:00+00:00,5442.5
2020-03-13 02:00:00+00:00,5356.75
2020-03-13 03:00:00+00:00,5359.75
2020-03-13 04:00:00+00:00,4972.0
2020-03-13 05:00:00+00:00,4545.25
2020-03-13 06:00:00+00:00,4547.0
2020-03-13 07:00:00+00:00,4271.25
2020-03-13 08:00:00+00:00,4039.5
2020-03-13 09:00:00+00:00,3994.75
2020-03-13 10:00:00+00:00,4430.0
2020-03-13 11:00:00+00:00,4857.25
2020-03-13 12:00:00+00:00,5272.75
2020-03-13 13:00:00+00:00,5264.5
2020-03-13 14:00:00+00:00,5271.5
2020-03-13 15:00:00+00:00,4981.0
2020-03-13 16:00:00+00:00,4921.5
2020-03-13 17:00:00+00:00,4645.5
2020-03-13 18:00:00+00:00,4031.75
2020-03-13 19:00:00+00:00,2956.5
2020-03-13 20:00:00+00:00,2256.75
2020-03-13 21:00:00+00:00,1655.75
2020-03-13 22:00:00+00:00,1110.25
2020-03-13 23:00:00+00:00,912.0
2020-03-14 00:00:00+00:00,794.25
2020-03-14 01:00:00+00:00,578.0
2020-03-14 02:00:00+00:00,366.0
2020-03-14 03:00:00+00:00,218.75
2020-03-14 04:00:00+00:00,252.0
2020-03-14 05:00:00+00:00,398.75
2020-03-14 06:00:00+00:00,706.75
2020-03-14 07:00:00+00:00,1249.0
2020-03-14 08:00:00+00:00,1992.0
2020-03-14 09:00:00+00:00,2372.25
2020-03-14 10:00:00+00:00,2853.0
2020-03-14 11:00:00+00:00,2951.25
2020-03-14 12:00:00+00:00,3298.25
2020-03-14 13:00:00+00:00,3981.25
2020-03-14 14:00:00+00:00,4538.25
2020-03-14 15:00:00+00:00,5030.0
2020-03-14 16:00:00+00:00,5530.75
2020-03-14 17:00:00+00:00,5894.75
2020-03-14 18:00:00+00:00,5947.0
2020-03-14 19:00:00+00:00,5432.5
2020-03-14 20:00:00+00:00,5504.75
2020-03-14 21:00:00+00:00,5523.75
2020-03-14 22:00:00+00:00,5691.5
2020-03-14 23:00:00+00:00,5296.75
2020-03-15 00:00:00+00:00,5504.25
2020-03-15 01:00:00+00:00,5909.75
2020-03-15 02:00:00+00:00,5993.5
2020-03-15 03:00:00+00:00,6012.0
2020-03-15 04:00:00+00:00,6009.5
2020-03-15 05:00:00+00:00,5855.5
2020-03-15 06:00:00+00:00,5799.25
2020-03-15 07:00:00+00:00,5718.0
2020-03-15 08:00:00+00:00,4309.75
2020-03-15 09:00:00+00:00,3645.5
2020-03-15 10:00:00+00:00,3240.75
2020-03-15 11:00:00+00:00,3273.5
2020-03-15 12:00:00+00:00,3288.75
2020-03-15 13:00:00+00:00,3314.0
2020-03-15 14:00:00+00:00,3774.0
2020-03-15 15:00:00+00:00,6262.5
2020-03-15 16:00:00+00:00,6338.25
2020-03-15 17:00:00+00:00,6147.25
2020-03-15 18:00:00+00:00,5923.75
2020-03-15 19:00:00+00:00,5912.75
2020-03-15 20:00:00+00:00,5929.75
2020-03-15 21:00:00+00:00,5918.25
2020-03-15 22:00:00+00:00,5837.0
2020-03-15 23:00:00+00:00,5385.5
2020-03-16 00:00:00+00:00,5239.5
2020-03-16 01:00:00+00:00,5084.75
2020-03-16 02:00:00+00:00,4538.25
2020-03-16 03:00:00+00:00,4211.0
2020-03-16 04:00:00+00:00,3589.75
2020-03-16 05:00:00+00:00,3097.0
2020-03-16 06:00:00+00:00,2961.0
2020-03-16 07:00:00+00:00,2515.75
2020-03-16 08:00:00+00:00,2262.0
2020-03-16 09:00:00+00:00,1813.25
2020-03-16 10:00:00+00:00,1337.25
2020-03-16 11:00:00+00:00,1232.25
2020-03-16 12:00:00+00:00,1099.25
2020-03-16 13:00:00+00:00,1009.25
2020-03-16 14:00:00+00:00,810.0
2020-03-16 15:00:00+00:00,545.25
2020-03-16 16:00:00+00:00,526.5
2020-03-16 17:00:00+00:00,463.25
2020-03-16 18:00:00+00:00,557.5
2020-03-16 19:00:00+00:00,788.75
2020-03-16 20:00:00+00:00,1016.75
2020-03-16 21:00:00+00:00,1188.5
2020-03-16 22:00:00+00:00,1683.25
2020-03-16 23:00:00+00:00,2311.75
2020-03-17 00:00:00+00:00,2864.75
2020-03-17 01:00:00+00:00,3097.75
2020-03-17 02:00:00+00:00,3691.75
2020-03-17 03:00:00+00:00,4552.75
2020-03-17 04:00:00+00:00,5147.75
2020-03-17 05:00:00+00:00,5624.25
2020-03-17 06:00:00+00:00,5210.0
2020-03-17 07:00:00+00:00,5445.5
2020-03-17 08:00:00+00:00,5321.5
2020-03-17 09:00:00+00:00,5166.75
2020-03-17 10:00:00+00:00,4796.25
2020-03-17 11:00:00+00:00,4879.75
2020-03-17 12:00:00+00:00,4969.5
2020-03-17 13:00:00+00:00,5447.75
2020-03-17 14:00:00+00:00,5753.5
2020-03-17 15:00:00+00:00,5792.75
2020-03-17 16:00:00+00:00,6028.5
2020-03-17 17:00:00+00:00,6023.25
2020-03-17 18:00:00+00:00,6156.5
2020-03-17 19:00:00+00:00,6336.25
2020-03-17 20:00:00+00:00,6018.5
2020-03-17 21:00:00+00:00,5591.25
2020-03-17 22:00:00+00:00,5402.5
2020-03-17 23:00:00+00:00,5176.5
2020-03-18 00:00:00+00:00,5257.25
2020-03-18 01:00:00+00:00,5288.0
2020-03-18 02:00:00+00:00,5348.5
2020-03-18 03:00:00+00:00,5416.75
2020-03-18 04:00:00+00:00,5043.25
2020-03-18 05:00:00+00:00,4724.5
2020-03-18 06:00:00+00:00,4413.25
2020-03-18 07:00:00+00:00,4502.25
2020-03-18 08:00:00+00:00,4652.75
2020-03-18 09:00:00+00:00,5201.5
2020-03-18 10:00:00+00:00,4845.25
2020-03-18 11:00:00+00:00,4030.25
2020-03-18 12:00:00+00:00,3203.5
2020-03-18 13:00:00+00:00,2383.5
2020-03-18 14:00:00+00:00,2466.25
2020-03-18 15:00:00+00:00,2112.75
2020-03-18 16:00:00+00:00,1677.25
2020-03-18 17:00:00+00:00,1387.75
2020-03-18 18:00:00+00:00,1173.5
2020-03-18 19:00:00+00:00,1078.75
2020-03-18 20:00:00+00:00,901.0
2020-03-18 21:00:00+00:00,782.5
2020-03-18 22:00:00+00:00,824.75
2020-03-18 23:00:00+00:00,1001.5
2020-03-19 00:00:00+00:00,938.0
2020-03-19 01:00:00+00:00,873.25
2020-03-19 02:00:00+00:00,890.25
2020-03-19 03:00:00+00:00,829.25
2020-03-19 04:00:00+00:00,624.25
2020-03-19 05:00:00+00:00,438.0
2020-03-19 06:00:00+00:00,357.5
2020-03-19 07:00:00+00:00,277.0
2020-03-19 08:00:00+00:00,249.0
2020-03-19 09:00:00+00:00,223.0
2020-03-19 10:00:00+00:00,220.25
2020-03-19 11:00:00+00:00,225.25
2020-03-19 12:00:00+00:00,242.5
2020-03-19 13:00:00+00:00,279.25
2020-03-19 14:00:00+00:00,290.75
2020-03-19 15:00:00+00:00,314.25
2020-03-19 16:00:00+00:00,309.25
2020-03-19 17:00:00+00:00,292.75
2020-03-19 18:00:00+00:00,277.75
2020-03-19 19:00:00+00:00,264.0
2020-03-19 20:00:00+00:00,276.5
2020-03-19 21:00:00+00:00,208.75
2020-03-19 22:00:00+00:00,195.0
2020-03-19 23:00:00+00:00,269.0
2020-03-20 00:00:00+00:00,286.0
2020-03-20 01:00:00+00:00,392.25
2020-03-20 02:00:00+00:00,447.5
2020-03-20 03:00:00+00:00,608.0
2020-03-20 04:00:00+00:00,961.25
2020-03-20 05:00:00+00:00,1174.5
2020-03-20 06:00:00+00:00,1865.75
2020-03-20 07:00:00+00:00,2031.5
2020-03-20 08:00:00+00:00,2374.0
2020-03-20 09:00:00+00:00,2679.5
2020-03-20 10:00:00+00:00,2716.5
2020-03-20 11:00:00+00:00,2542.5
2020-03-20 12:00:00+00:00,2443.5
2020-03-20 13:00:00+00:00,2968.5
2020-03-20 14:00:00+00:00,3283.25
2020-03-20 15:00:00+00:00,3681.0
2020-03-20 16:00:00+00:00,4050.0
2020-03-20 17:00:00+00:00,4248.25
2020-03-20 18:00:00+00:00,4488.0
2020-03-20 19:00:00+00:00,4636.25
2020-03-20 20:00:00+00:00,5018.25
2020-03-20 21:00:00+00:00,4463.5
2020-03-20 22:00:00+00:00,4626.0
2020-03-20 23:00:00+00:00,4776.25
2020-03-21 00:00:00+00:00,5646.75
2020-03-21 01:00:00+00:00,5939.0
2020-03-21 02:00:00+00:00,5969.0
2020-03-21 03:00:00+00:00,6226.75
2020-03-21 04:00:00+00:00,6288.0
2020-03-21 05:00:00+00:00,5980.75
2020-03-21 06:00:00+00:00,5669.0
2020-03-21 07:00:00+00:00,5426.0
2020-03-21 08:00:00+00:00,5161.0
2020-03-21 09:00:00+00:00,4935.5
2020-03-21 10:00:00+00:00,4940.25
2020-03-21 11:00:00+00:00,5032.75
2020-03-21 12:00:00+00:00,4902.0
2020-03-21 13:00:00+00:00,4960.5
2020-03-21 14:00:00+00:00,5024.0
2020-03-21 15:00:00+00:00,5261.5
2020-03-21 16:00:00+00:00,5567.5
2020-03-21 17:00:00+00:00,5748.0
2020-03-21 18:00:00+00:00,6145.25
2020-03-21 19:00:00+00:00,6438.5
2020-03-21 20:00:00+00:00,6512.5
2020-03-21 21:00:00+00:00,6313.75
2020-03-21 22:00:00+00:00,6305.75
2020-03-21 23:00:00+00:00,6116.75
2020-03-22 00:00:00+00:00,5959.75
2020-03-22 01:00:00+00:00,5645.25
2020-03-22 02:00:00+00:00,5327.5
2020-03-22 03:00:00+00:00,5093.75
2020-03-22 04:00:00+00:00,5082.5
2020-03-22 05:00:00+00:00,5194.75
2020-03-22 06:00:00+00:00,5506.0
2020-03-22 07:00:00+00:00,5625.25
2020-03-22 08:00:00+00:00,3300.25
2020-03-22 09:00:00+00:00,2993.75
2020-03-22 10:00:00+00:00,3048.0
2020-03-22 11:00:00+00:00,3077.0
2020-03-22 12:00:00+00:00,3019.5
2020-03-22 13:00:00+00:00,2935.5
2020-03-22 14:00:00+00:00,2959.0
2020-03-22 15:00:00+00:00,5484.0
2020-03-22 16:00:00+00:00,5530.5
2020-03-22 17:00:00+00:00,5568.25
2020-03-22 18:00:00+00:00,5756.5
2020-03-22 19:00:00+00:00,5823.0
2020-03-22 20:00:00+00:00,5812.5
2020-03-22 21:00:00+00:00,5810.25
2020-03-22 22:00:00+00:00,5931.0
2020-03-22 23:00:00+00:00,6038.25
2020-03-23 00:00:00+00:00,6072.0
2020-03-23 01:00:00+00:00,5973.75
2020-03-23 02:00:00+00:00,5804.75
2020-03-23 03:00:00+00:00,5615.5
2020-03-23 04:00:00+00:00,5582.25
2020-03-23 05:00:00+00:00,5552.75
2020-03-23 06:00:00+00:00,5665.0
2020-03-23 07:00:00+00:00,5628.0
2020-03-23 08:00:00+00:00,5738.5
2020-03-23 09:00:00+00:00,5345.0
2020-03-23 10:00:00+00:00,4896.5
2020-03-23 11:00:00+00:00,4452.25
2020-03-23 12:00:00+00:00,3932.0
2020-03-23 13:00:00+00:00,4240.0
2020-03-23 14:00:00+00:00,4445.0
2020-03-23 15:00:00+00:00,4185.0
2020-03-23 16:00:00+00:00,4012.25
2020-03-23 17:00:00+00:00,4348.5
2020-03-23 18:00:00+00:00,4708.0
2020-03-23 19:00:00+00:00,5094.75
2020-03-23 20:00:00+00:00,5227.75
2020-03-23 21:00:00+00:00,5451.75
2020-03-23 22:00:00+00:00,5378.0
2020-03-23 23:00:00+00:00,5476.25
2020-03-24 00:00:00+00:00,5364.75
2020-03-24 01:00:00+00:00,5264.5
2020-03-24 02:00:00+00:00,4657.5
2020-03-24 03:00:00+00:00,4101.0
2020-03-24 04:00:00+00:00,4252.0
2020-03-24 05:00:00+00:00,4594.5
2020-03-24 06:00:00+00:00,4777.0
2020-03-24 07:00:00+00:00,4544.5
2020-03-24 08:00:00+00:00,4387.0
2020-03-24 09:00:00+00:00,3801.5
2020-03-24 10:00:00+00:00,3425.0
2020-03-24 11:00:00+00:00,3116.75
2020-03-24 12:00:00+00:00,3022.75
2020-03-24 13:00:00+00:00,3394.75
2020-03-24 14:00:00+00:00,3633.0
2020-03-24 15:00:00+00:00,3821.5
2020-03-24 16:00:00+00:00,3630.0
2020-03-24 17:00:00+00:00,3523.75
2020-03-24 18:00:00+00:00,3984.25
2020-03-24 19:00:00+00:00,4568.75
2020-03-24 20:00:00+00:00,4575.0
2020-03-24 21:00:00+00:00,4616.75
2020-03-24 22:00:00+00:00,5169.5
2020-03-24 23:00:00+00:00,5601.0
2020-03-25 00:00:00+00:00,5767.5
2020-03-25 01:00:00+00:00,5263.0
2020-03-25 02:00:00+00:00,4436.25
2020-03-25 03:00:00+00:00,3588.75
2020-03-25 04:00:00+00:00,3321.25
2020-03-25 05:00:00+00:00,2992.0
2020-03-25 06:00:00+00:00,2527.0
2020-03-25 07:00:00+00:00,2170.75
2020-03-25 08:00:00+00:00,1651.5
2020-03-25 09:00:00+00:00,1215.25
2020-03-25 10:00:00+00:00,909.5
2020-03-25 11:00:00+00:00,713.5
2020-03-25 12:00:00+00:00,631.0
2020-03-25 13:00:00+00:00,607.75
2020-03-25 14:00:00+00:00,651.0
2020-03-25 15:00:00+00:00,852.75
2020-03-25 16:00:00+00:00,1233.5
2020-03-25 17:00:00+00:00,1651.75
2020-03-25 18:00:00+00:00,2016.75
2020-03-25 19:00:00+00:00,2251.5
2020-03-25 20:00:00+00:00,2268.0
2020-03-25 21:00:00+00:00,2329.75
2020-03-25 22:00:00+00:00,2630.5
2020-03-25 23:00:00+00:00,2872.0
2020-03-26 00:00:00+00:00,2423.75
2020-03-26 01:00:00+00:00,1861.5
2020-03-26 02:00:00+00:00,1328.5
2020-03-26 03:00:00+00:00,921.75
2020-03-26 04:00:00+00:00,811.25
2020-03-26 05:00:00+00:00,643.5
2020-03-26 06:00:00+00:00,704.25
2020-03-26 07:00:00+00:00,869.75
2020-03-26 08:00:00+00:00,1182.75
2020-03-26 09:00:00+00:00,1101.75
2020-03-26 10:00:00+00:00,1069.25
2020-03-26 11:00:00+00:00,1002.75
2020-03-26 12:00:00+00:00,1149.25
2020-03-26 13:00:00+00:00,1499.0
2020-03-26 14:00:00+00:00,1926.25
2020-03-26 15:00:00+00:00,2014.5
2020-03-26 16:00:00+00:00,2268.75
2020-03-26 17:00:00+00:00,2674.75
2020-03-26 18:00:00+00:00,3434.75
2020-03-26 19:00:00+00:00,3488.0
2020-03-26 20:00:00+00:00,3050.75
2020-03-26 21:00:00+00:00,2568.75
2020-03-26 22:00:00+00:00,2003.0
2020-03-26 23:00:00+00:00,1655.75
2020-03-27 00:00:00+00:00,1486.75
2020-03-27 01:00:00+00:00,1458.25
2020-03-27 02:00:00+00:00,1527.75
2020-03-27 03:00:00+00:00,1776.25
2020-03-27 04:00:00+00:00,1818.5
2020-03-27 05:00:00+00:00,1841.75
2020-03-27 06:00:00+00:00,1698.5
2020-03-27 07:00:00+00:00,1655.75
2020-03-27 08:00:00+00:00,1463.0
2020-03-27 09:00:00+00:00,1402.25
2020-03-27 10:00:00+00:00,1681.0
2020-03-27 11:00:00+00:00,2009.5
2020-03-27 12:00:00+00:00,2230.75
2020-03-27 13:00:00+00:00,2603.5
2020-03-27 14:00:00+00:00,3121.0
2020-03-27 15:00:00+00:00,3818.5
2020-03-27 16:00:00+00:00,4595.0
2020-03-27 17:00:00+00:00,4895.0
2020-03-27 18:00:00+00:00,5278.0
2020-03-27 19:00:00+00:00,5249.75
2020-03-27 20:00:00+00:00,4676.0
2020-03-27 21:00:00+00:00,3906.0
2020-03-27 22:00:00+00:00,3080.75
2020-03-27 23:00:00+00:00,2612.75
2020-03-28 00:00:00+00:00,2443.5
2020-03-28 01:00:00+00:00,2273.25
2020-03-28 02:00:00+00:00,2273.0
2020-03-28 03:00:00+00:00,2483.5
2020-03-28 04:00:00+00:00,2957.25
2020-03-28 05:00:00+00:00,3358.25
2020-03-28 06:00:00+00:00,3724.5
2020-03-28 07:00:00+00:00,4024.5
2020-03-28 08:00:00+00:00,4292.75
2020-03-28 09:00:00+00:00,4506.0
2020-03-28 10:00:00+00:00,4516.25
2020-03-28 11:00:00+00:00,4780.75
2020-03-28 12:00:00+00:00,5140.0
2020-03-28 13:00:00+00:00,5522.5
2020-03-28 14:00:00+00:00,6163.0
2020-03-28 15:00:00+00:00,5765.75
2020-03-28 16:00:00+00:00,5668.75
2020-03-28 17:00:00+00:00,5717.75
2020-03-28 18:00:00+00:00,5715.25
2020-03-28 19:00:00+00:00,5569.75
2020-03-28 20:00:00+00:00,5387.5
2020-03-28 21:00:00+00:00,5289.5
2020-03-28 22:00:00+00:00,5466.75
2020-03-28 23:00:00+00:00,5729.0
2020-03-29 00:00:00+00:00,5962.5
2020-03-29 01:00:00+00:00,5901.25
2020-03-29 02:00:00+00:00,5955.75
2020-03-29 03:00:00+00:00,5921.5
2020-03-29 04:00:00+00:00,5641.25
2020-03-29 05:00:00+00:00,4984.5
2020-03-29 06:00:00+00:00,4961.25
2020-03-29 07:00:00+00:00,4910.5
2020-03-29 08:00:00+00:00,3824.75
2020-03-29 09:00:00+00:00,4025.25
2020-03-29 10:00:00+00:00,4078.25
2020-03-29 11:00:00+00:00,4034.5
2020-03-29 12:00:00+00:00,3925.25
2020-03-29 13:00:00+00:00,3718.25
2020-03-29 14:00:00+00:00,3953.25
2020-03-29 15:00:00+00:00,4591.0
2020-03-29 16:00:00+00:00,4891.25
2020-03-29 17:00:00+00:00,5184.5
2020-03-29 18:00:00+00:00,5288.5
2020-03-29 19:00:00+00:00,5386.5
2020-03-29 20:00:00+00:00,5031.75
2020-03-29 21:00:00+00:00,4440.0
2020-03-29 22:00:00+00:00,4153.5
2020-03-29 23:00:00+00:00,3886.5
2020-03-30 00:00:00+00:00,3483.5
2020-03-30 01:00:00+00:00,3327.5
2020-03-30 02:00:00+00:00,4295.5
2020-03-30 03:00:00+00:00,4572.75
2020-03-30 04:00:00+00:00,4351.5
2020-03-30 05:00:00+00:00,4019.5
2020-03-30 06:00:00+00:00,4281.75
2020-03-30 07:00:00+00:00,4502.0
2020-03-30 08:00:00+00:00,4754.75
2020-03-30 09:00:00+00:00,4809.5
2020-03-30 10:00:00+00:00,4112.75
2020-03-30 11:00:00+00:00,3462.0
2020-03-30 12:00:00+00:00,2557.25
2020-03-30 13:00:00+00:00,2299.75
2020-03-30 14:00:00+00:00,2736.25
2020-03-30 15:00:00+00:00,3004.0
2020-03-30 16:00:00+00:00,3069.5
2020-03-30 17:00:00+00:00,3231.5
2020-03-30 18:00:00+00:00,4066.0
2020-03-30 19:00:00+00:00,4479.0
2020-03-30 20:00:00+00:00,3730.5
2020-03-30 21:00:00+00:00,3210.75
2020-03-30 22:00:00+00:00,2569.5
2020-03-30 23:00:00+00:00,1734.75
2020-03-31 00:00:00+00:00,1295.25
2020-03-31 01:00:00+00:00,782.0
2020-03-31 02:00:00+00:00,639.5
2020-03-31 03:00:00+00:00,655.75
2020-03-31 04:00:00+00:00,620.25
2020-03-31 05:00:00+00:00,441.75
2020-03-31 06:00:00+00:00,387.0
2020-03-31 07:00:00+00:00,314.75
2020-03-31 08:00:00+00:00,150.0
2020-03-31 09:00:00+00:00,44.0
2020-03-31 10:00:00+00:00,82.0
2020-03-31 11:00:00+00:00,192.75
2020-03-31 12:00:00+00:00,384.5
2020-03-31 13:00:00+00:00,689.25
2020-03-31 14:00:00+00:00,871.5
2020-03-31 15:00:00+00:00,1276.5
2020-03-31 16:00:00+00:00,1789.25
2020-03-31 17:00:00+00:00,2263.0
2020-03-31 18:00:00+00:00,2476.0
2020-03-31 19:00:00+00:00,2689.75
2020-03-31 20:00:00+00:00,2859.25
2020-03-31 21:00:00+00:00,3032.0
2020-03-31 22:00:00+00:00,3360.25
2020-03-31 23:00:00+00:00,3563.75
2020-04-01 00:00:00+00:00,3628.25
2020-04-01 01:00:00+00:00,3818.75
2020-04-01 02:00:00+00:00,3973.0
2020-04-01 03:00:00+00:00,3847.25
2020-04-01 04:00:00+00:00,4091.25
2020-04-01 05:00:00+00:00,3777.25
2020-04-01 06:00:00+00:00,4034.5
2020-04-01 07:00:00+00:00,3817.75
2020-04-01 08:00:00+00:00,4027.75
2020-04-01 09:00:00+00:00,4291.5
2020-04-01 10:00:00+00:00,4371.75
2020-04-01 11:00:00+00:00,4149.0
2020-04-01 12:00:00+00:00,4314.5
2020-04-01 13:00:00+00:00,4668.75
2020-04-01 14:00:00+00:00,4433.0
2020-04-01 15:00:00+00:00,4274.25
2020-04-01 16:00:00+00:00,4095.0
2020-04-01 17:00:00+00:00,3921.0
2020-04-01 18:00:00+00:00,3746.75
2020-04-01 19:00:00+00:00,3701.75
2020-04-01 20:00:00+00:00,3646.0
2020-04-01 21:00:00+00:00,3887.5
2020-04-01 22:00:00+00:00,3968.75
2020-04-01 23:00:00+00:00,4089.5
2020-04-02 00:00:00+00:00,4236.0
2020-04-02 01:00:00+00:00,4289.25
2020-04-02 02:00:00+00:00,4869.5
2020-04-02 03:00:00+00:00,5139.75
2020-04-02 04:00:00+00:00,5506.25
2020-04-02 05:00:00+00:00,5898.0
2020-04-02 06:00:00+00:00,6137.5
2020-04-02 07:00:00+00:00,6309.0
2020-04-02 08:00:00+00:00,6402.5
2020-04-02 09:00:00+00:00,5562.75
2020-04-02 10:00:00+00:00,5848.75
2020-04-02 11:00:00+00:00,6027.25
2020-04-02 12:00:00+00:00,6033.0
2020-04-02 13:00:00+00:00,5971.75
2020-04-02 14:00:00+00:00,5581.5
2020-04-02 15:00:00+00:00,5950.5
2020-04-02 16:00:00+00:00,6153.5
2020-04-02 17:00:00+00:00,6124.75
2020-04-02 18:00:00+00:00,5780.75
2020-04-02 19:00:00+00:00,6391.25
2020-04-02 20:00:00+00:00,6797.75
2020-04-02 21:00:00+00:00,6616.0
2020-04-02 22:00:00+00:00,6599.75
2020-04-02 23:00:00+00:00,6480.25
2020-04-03 00:00:00+00:00,6259.5
2020-04-03 01:00:00+00:00,6270.25
2020-04-03 02:00:00+00:00,6271.5
2020-04-03 03:00:00+00:00,6244.25
2020-04-03 04:00:00+00:00,6072.25
2020-04-03 05:00:00+00:00,6413.75
2020-04-03 06:00:00+00:00,6484.5
2020-04-03 07:00:00+00:00,5849.0
2020-04-03 08:00:00+00:00,4852.5
2020-04-03 09:00:00+00:00,3833.5
2020-04-03 10:00:00+00:00,3471.5
2020-04-03 11:00:00+00:00,3120.25
2020-04-03 12:00:00+00:00,3279.75
2020-04-03 13:00:00+00:00,3508.75
2020-04-03 14:00:00+00:00,3868.75
2020-04-03 15:00:00+00:00,3683.0
2020-04-03 16:00:00+00:00,3178.0
2020-04-03 17:00:00+00:00,2689.75
2020-04-03 18:00:00+00:00,2793.0
2020-04-03 19:00:00+00:00,2220.75
2020-04-03 20:00:00+00:00,2211.0
2020-04-03 21:00:00+00:00,1984.5
2020-04-03 22:00:00+00:00,1968.25
2020-04-03 23:00:00+00:00,1929.25
2020-04-04 00:00:00+00:00,2376.5
2020-04-04 01:00:00+00:00,2230.0
2020-04-04 02:00:00+00:00,2434.0
2020-04-04 03:00:00+00:00,2834.5
2020-04-04 04:00:00+00:00,2665.0
2020-04-04 05:00:00+00:00,2686.75
2020-04-04 06:00:00+00:00,2728.5
2020-04-04 07:00:00+00:00,3264.5
2020-04-04 08:00:00+00:00,3632.25
2020-04-04 09:00:00+00:00,3604.25
2020-04-04 10:00:00+00:00,3747.0
2020-04-04 11:00:00+00:00,3492.75
2020-04-04 12:00:00+00:00,3560.75
2020-04-04 13:00:00+00:00,3298.75
2020-04-04 14:00:00+00:00,2796.0
2020-04-04 15:00:00+00:00,1997.25
2020-04-04 16:00:00+00:00,1124.5
2020-04-04 17:00:00+00:00,635.0
2020-04-04 18:00:00+00:00,504.0
2020-04-04 19:00:00+00:00,413.5
2020-04-04 20:00:00+00:00,856.75
2020-04-04 21:00:00+00:00,1574.0
2020-04-04 22:00:00+00:00,2491.5
2020-04-04 23:00:00+00:00,3139.0
2020-04-05 00:00:00+00:00,3554.0
2020-04-05 01:00:00+00:00,3736.0
2020-04-05 02:00:00+00:00,3674.75
2020-04-05 03:00:00+00:00,3401.25
2020-04-05 04:00:00+00:00,3457.25
2020-04-05 05:00:00+00:00,3480.25
2020-04-05 06:00:00+00:00,3686.0
2020-04-05 07:00:00+00:00,3501.25
2020-04-05 08:00:00+00:00,3308.5
2020-04-05 09:00:00+00:00,3198.75
2020-04-05 10:00:00+00:00,3203.75
2020-04-05 11:00:00+00:00,3791.75
2020-04-05 12:00:00+00:00,4576.5
2020-04-05 13:00:00+00:00,4752.5
2020-04-05 14:00:00+00:00,4806.25
2020-04-05 15:00:00+00:00,5219.25
2020-04-05 16:00:00+00:00,5763.25
2020-04-05 17:00:00+00:00,6305.5
2020-04-05 18:00:00+00:00,6678.5
2020-04-05 19:00:00+00:00,6477.5
2020-04-05 20:00:00+00:00,6357.0
2020-04-05 21:00:00+00:00,6202.0
2020-04-05 22:00:00+00:00,6171.25
2020-04-05 23:00:00+00:00,6139.25
2020-04-06 00:00:00+00:00,6067.5
2020-04-06 01:00:00+00:00,5991.25
2020-04-06 02:00:00+00:00,5996.25
2020-04-06 03:00:00+00:00,6001.25
2020-04-06 04:00:00+00:00,5990.0
2020-04-06 05:00:00+00:00,6028.75
2020-04-06 06:00:00+00:00,6192.5
2020-04-06 07:00:00+00:00,5713.75
2020-04-06 08:00:00+00:00,4721.75
2020-04-06 09:00:00+00:00,3953.5
2020-04-06 10:00:00+00:00,3394.25
2020-04-06 11:00:00+00:00,3175.0
2020-04-06 12:00:00+00:00,3057.25
2020-04-06 13:00:00+00:00,2650.75
2020-04-06 14:00:00+00:00,2729.0
2020-04-06 15:00:00+00:00,2939.75
2020-04-06 16:00:00+00:00,2724.25
2020-04-06 17:00:00+00:00,2420.75
2020-04-06 18:00:00+00:00,2281.0
2020-04-06 19:00:00+00:00,2206.25
2020-04-06 20:00:00+00:00,1901.5
2020-04-06 21:00:00+00:00,1449.75
2020-04-06 22:00:00+00:00,1232.5
2020-04-06 23:00:00+00:00,1449.0
2020-04-07 00:00:00+00:00,1559.5
2020-04-07 01:00:00+00:00,1402.25
2020-04-07 02:00:00+00:00,1345.75
2020-04-07 03:00:00+00:00,1181.25
2020-04-07 04:00:00+00:00,983.0
2020-04-07 05:00:00+00:00,1233.75
2020-04-07 06:00:00+00:00,1131.0
2020-04-07 07:00:00+00:00,907.25
2020-04-07 08:00:00+00:00,846.75
2020-04-07 09:00:00+00:00,858.0
2020-04-07 10:00:00+00:00,717.25
2020-04-07 11:00:00+00:00,632.75
2020-04-07 12:00:00+00:00,570.0
2020-04-07 13:00:00+00:00,544.25
2020-04-07 14:00:00+00:00,427.5
2020-04-07 15:00:00+00:00,379.75
2020-04-07 16:00:00+00:00,366.0
2020-04-07 17:00:00+00:00,484.25
2020-04-07 18:00:00+00:00,727.0
2020-04-07 19:00:00+00:00,1155.0
2020-04-07 20:00:00+00:00,1269.5
2020-04-07 21:00:00+00:00,1398.5
2020-04-07 22:00:00+00:00,1703.75
2020-04-07 23:00:00+00:00,2095.25
2020-04-08 00:00:00+00:00,2397.5
2020-04-08 01:00:00+00:00,2259.5
2020-04-08 02:00:00+00:00,2150.25
2020-04-08 03:00:00+00:00,1870.5
2020-04-08 04:00:00+00:00,1577.75
2020-04-08 05:00:00+00:00,1166.75
2020-04-08 06:00:00+00:00,788.0
2020-04-08 07:00:00+00:00,569.75
2020-04-08 08:00:00+00:00,314.25
2020-04-08 09:00:00+00:00,163.5
2020-04-08 10:00:00+00:00,153.25
2020-04-08 11:00:00+00:00,277.0
2020-04-08 12:00:00+00:00,265.25
2020-04-08 13:00:00+00:00,311.0
2020-04-08 14:00:00+00:00,261.25
2020-04-08 15:00:00+00:00,352.5
2020-04-08 16:00:00+00:00,352.0
2020-04-08 17:00:00+00:00,349.5
2020-04-08 18:00:00+00:00,354.75
2020-04-08 19:00:00+00:00,392.75
2020-04-08 20:00:00+00:00,588.0
2020-04-08 21:00:00+00:00,966.5
2020-04-08 22:00:00+00:00,1014.5
2020-04-08 23:00:00+00:00,959.0
2020-04-09 00:00:00+00:00,922.25
2020-04-09 01:00:00+00:00,900.5
2020-04-09 02:00:00+00:00,947.75
2020-04-09 03:00:00+00:00,973.25
2020-04-09 04:00:00+00:00,1019.75
2020-04-09 05:00:00+00:00,1150.5
2020-04-09 06:00:00+00:00,979.0
2020-04-09 07:00:00+00:00,949.5
2020-04-09 08:00:00+00:00,1087.0
2020-04-09 09:00:00+00:00,1202.25
2020-04-09 10:00:00+00:00,1751.5
2020-04-09 11:00:00+00:00,2141.75
2020-04-09 12:00:00+00:00,2253.25
2020-04-09 13:00:00+00:00,2103.0
2020-04-09 14:00:00+00:00,1947.75
2020-04-09 15:00:00+00:00,1710.5
2020-04-09 16:00:00+00:00,1337.0
2020-04-09 17:00:00+00:00,1356.75
2020-04-09 18:00:00+00:00,1391.25
2020-04-09 19:00:00+00:00,1351.25
2020-04-09 20:00:00+00:00,1225.5
2020-04-09 21:00:00+00:00,1085.25
2020-04-09 22:00:00+00:00,749.75
2020-04-09 23:00:00+00:00,608.75
2020-04-10 00:00:00+00:00,652.5
2020-04-10 01:00:00+00:00,650.5
2020-04-10 02:00:00+00:00,547.25
2020-04-10 03:00:00+00:00,450.0
2020-04-10 04:00:00+00:00,299.5
2020-04-10 05:00:00+00:00,210.5
2020-04-10 06:00:00+00:00,165.0
2020-04-10 07:00:00+00:00,166.75
2020-04-10 08:00:00+00:00,125.75
2020-04-10 09:00:00+00:00,95.0
2020-04-10 10:00:00+00:00,134.75
2020-04-10 11:00:00+00:00,168.0
2020-04-10 12:00:00+00:00,215.25
2020-04-10 13:00:00+00:00,239.0
2020-04-10 14:00:00+00:00,190.5
2020-04-10 15:00:00+00:00,166.25
2020-04-10 16:00:00+00:00,176.5
2020-04-10 17:00:00+00:00,168.5
2020-04-10 18:00:00+00:00,202.25
2020-04-10 19:00:00+00:00,202.25
2020-04-10 20:00:00+00:00,186.0
2020-04-10 21:00:00+00:00,196.75
2020-04-10 22:00:00+00:00,205.25
2020-04-10 23:00:00+00:00,220.0
2020-04-11 00:00:00+00:00,294.0
2020-04-11 01:00:00+00:00,347.75
2020-04-11 02:00:00+00:00,443.5
2020-04-11 03:00:00+00:00,565.5
2020-04-11 04:00:00+00:00,806.5
2020-04-11 05:00:00+00:00,960.5
2020-04-11 06:00:00+00:00,1194.25
2020-04-11 07:00:00+00:00,1416.5
2020-04-11 08:00:00+00:00,1233.5
2020-04-11 09:00:00+00:00,1078.75
2020-04-11 10:00:00+00:00,894.0
2020-04-11 11:00:00+00:00,835.5
2020-04-11 12:00:00+00:00,658.75
2020-04-11 13:00:00+00:00,612.5
2020-04-11 14:00:00+00:00,749.5
2020-04-11 15:00:00+00:00,858.25
2020-04-11 16:00:00+00:00,1049.5
2020-04-11 17:00:00+00:00,1223.5
2020-04-11 18:00:00+00:00,1457.75
2020-04-11 19:00:00+00:00,1590.75
2020-04-11 20:00:00+00:00,1778.75
2020-04-11 21:00:00+00:00,2098.5
2020-04-11 22:00:00+00:00,2242.0
2020-04-11 23:00:00+00:00,2417.75
2020-04-12 00:00:00+00:00,2584.25
2020-04-12 01:00:00+00:00,2564.75
2020-04-12 02:00:00+00:00,2342.5
2020-04-12 03:00:00+00:00,2094.75
2020-04-12 04:00:00+00:00,1770.75
2020-04-12 05:00:00+00:00,1410.0
2020-04-12 06:00:00+00:00,1064.0
2020-04-12 07:00:00+00:00,827.25
2020-04-12 08:00:00+00:00,753.25
2020-04-12 09:00:00+00:00,677.25
2020-04-12 10:00:00+00:00,682.0
2020-04-12 11:00:00+00:00,683.25
2020-04-12 12:00:00+00:00,570.25
2020-04-12 13:00:00+00:00,643.0
2020-04-12 14:00:00+00:00,855.0
2020-04-12 15:00:00+00:00,908.75
2020-04-12 16:00:00+00:00,1370.25
2020-04-12 17:00:00+00:00,1808.0
2020-04-12 18:00:00+00:00,2690.25
2020-04-12 19:00:00+00:00,3719.0
2020-04-12 20:00:00+00:00,4644.0
2020-04-12 21:00:00+00:00,5413.75
2020-04-12 22:00:00+00:00,6128.5
2020-04-12 23:00:00+00:00,6782.75
2020-04-13 00:00:00+00:00,6548.0
2020-04-13 01:00:00+00:00,6485.25
2020-04-13 02:00:00+00:00,6499.0
2020-04-13 03:00:00+00:00,4972.25
2020-04-13 04:00:00+00:00,4330.75
2020-04-13 05:00:00+00:00,4115.75
2020-04-13 06:00:00+00:00,4067.5
2020-04-13 07:00:00+00:00,4022.75
2020-04-13 08:00:00+00:00,4005.75
2020-04-13 09:00:00+00:00,4010.25
2020-04-13 10:00:00+00:00,4003.5
2020-04-13 11:00:00+00:00,3996.0
2020-04-13 12:00:00+00:00,3946.25
2020-04-13 13:00:00+00:00,3771.5
2020-04-13 14:00:00+00:00,3975.75
2020-04-13 15:00:00+00:00,3993.0
2020-04-13 16:00:00+00:00,4462.0
2020-04-13 17:00:00+00:00,5569.5
2020-04-13 18:00:00+00:00,5113.25
2020-04-13 19:00:00+00:00,5404.25
2020-04-13 20:00:00+00:00,5722.75
2020-04-13 21:00:00+00:00,5599.5
2020-04-13 22:00:00+00:00,5796.25
2020-04-13 23:00:00+00:00,6045.25
2020-04-14 00:00:00+00:00,5968.25
2020-04-14 01:00:00+00:00,5551.5
2020-04-14 02:00:00+00:00,4952.0
2020-04-14 03:00:00+00:00,4593.25
2020-04-14 04:00:00+00:00,4373.25
2020-04-14 05:00:00+00:00,4113.75
2020-04-14 06:00:00+00:00,3717.25
2020-04-14 07:00:00+00:00,3730.25
2020-04-14 08:00:00+00:00,3351.5
2020-04-14 09:00:00+00:00,3148.25
2020-04-14 10:00:00+00:00,3004.75
2020-04-14 11:00:00+00:00,2914.0
2020-04-14 12:00:00+00:00,3060.75
2020-04-14 13:00:00+00:00,2747.25
2020-04-14 14:00:00+00:00,2872.0
2020-04-14 15:00:00+00:00,2574.0
2020-04-14 16:00:00+00:00,2388.0
2020-04-14 17:00:00+00:00,2204.25
2020-04-14 18:00:00+00:00,2411.25
2020-04-14 19:00:00+00:00,3040.0
2020-04-14 20:00:00+00:00,3754.25
2020-04-14 21:00:00+00:00,4093.5
2020-04-14 22:00:00+00:00,4458.0
2020-04-14 23:00:00+00:00,5082.5
2020-04-15 00:00:00+00:00,5190.25
2020-04-15 01:00:00+00:00,4662.75
2020-04-15 02:00:00+00:00,4459.75
2020-04-15 03:00:00+00:00,4248.0
2020-04-15 04:00:00+00:00,4259.0
2020-04-15 05:00:00+00:00,3735.0
2020-04-15 06:00:00+00:00,3619.5
2020-04-15 07:00:00+00:00,3862.5
2020-04-15 08:00:00+00:00,3835.5
2020-04-15 09:00:00+00:00,3599.75
2020-04-15 10:00:00+00:00,3375.25
2020-04-15 11:00:00+00:00,3344.0
2020-04-15 12:00:00+00:00,3494.25
2020-04-15 13:00:00+00:00,3656.75
2020-04-15 14:00:00+00:00,4144.5
2020-04-15 15:00:00+00:00,4464.0
2020-04-15 16:00:00+00:00,4093.75
2020-04-15 17:00:00+00:00,3615.5
2020-04-15 18:00:00+00:00,3459.25
2020-04-15 19:00:00+00:00,3151.25
2020-04-15 20:00:00+00:00,2694.25
2020-04-15 21:00:00+00:00,2297.25
2020-04-15 22:00:00+00:00,2223.0
2020-04-15 23:00:00+00:00,2224.5
2020-04-16 00:00:00+00:00,2073.5
2020-04-16 01:00:00+00:00,1837.75
2020-04-16 02:00:00+00:00,1513.5
2020-04-16 03:00:00+00:00,1409.0
2020-04-16 04:00:00+00:00,1359.5
2020-04-16 05:00:00+00:00,1402.25
2020-04-16 06:00:00+00:00,1152.0
2020-04-16 07:00:00+00:00,995.25
2020-04-16 08:00:00+00:00,835.25
2020-04-16 09:00:00+00:00,859.25
2020-04-16 10:00:00+00:00,779.5
2020-04-16 11:00:00+00:00,713.75
2020-04-16 12:00:00+00:00,622.5
2020-04-16 13:00:00+00:00,654.25
2020-04-16 14:00:00+00:00,658.75
2020-04-16 15:00:00+00:00,664.75
2020-04-16 16:00:00+00:00,711.25
2020-04-16 17:00:00+00:00,830.5
2020-04-16 18:00:00+00:00,935.0
2020-04-16 19:00:00+00:00,1108.5
2020-04-16 20:00:00+00:00,1319.75
2020-04-16 21:00:00+00:00,1565.5
2020-04-16 22:00:00+00:00,1694.5
2020-04-16 23:00:00+00:00,1823.25
2020-04-17 00:00:00+00:00,1467.25
2020-04-17 01:00:00+00:00,1272.25
2020-04-17 02:00:00+00:00,1327.0
2020-04-17 03:00:00+00:00,1374.25
2020-04-17 04:00:00+00:00,1302.0
2020-04-17 05:00:00+00:00,1116.75
2020-04-17 06:00:00+00:00,838.0
2020-04-17 07:00:00+00:00,664.5
2020-04-17 08:00:00+00:00,535.75
2020-04-17 09:00:00+00:00,437.0
2020-04-17 10:00:00+00:00,219.0
2020-04-17 11:00:00+00:00,150.5
2020-04-17 12:00:00+00:00,134.0
2020-04-17 13:00:00+00:00,143.25
2020-04-17 14:00:00+00:00,182.0
2020-04-17 15:00:00+00:00,159.0
2020-04-17 16:00:00+00:00,234.25
2020-04-17 17:00:00+00:00,318.5
2020-04-17 18:00:00+00:00,621.0
2020-04-17 19:00:00+00:00,822.75
2020-04-17 20:00:00+00:00,968.0
2020-04-17 21:00:00+00:00,968.5
2020-04-17 22:00:00+00:00,919.0
2020-04-17 23:00:00+00:00,1107.5
2020-04-18 00:00:00+00:00,1425.25
2020-04-18 01:00:00+00:00,1841.5
2020-04-18 02:00:00+00:00,2176.25
2020-04-18 03:00:00+00:00,2441.75
2020-04-18 04:00:00+00:00,2480.75
2020-04-18 05:00:00+00:00,2249.25
2020-04-18 06:00:00+00:00,2227.0
2020-04-18 07:00:00+00:00,2155.5
2020-04-18 08:00:00+00:00,2326.75
2020-04-18 09:00:00+00:00,2222.25
2020-04-18 10:00:00+00:00,2485.0
2020-04-18 11:00:00+00:00,2618.75
2020-04-18 12:00:00+00:00,2730.25
2020-04-18 13:00:00+00:00,2786.25
2020-04-18 14:00:00+00:00,2640.5
2020-04-18 15:00:00+00:00,2603.25
2020-04-18 16:00:00+00:00,2449.5
2020-04-18 17:00:00+00:00,2508.0
2020-04-18 18:00:00+00:00,2631.5
2020-04-18 19:00:00+00:00,2960.25
2020-04-18 20:00:00+00:00,3356.75
2020-04-18 21:00:00+00:00,4057.75
2020-04-18 22:00:00+00:00,4722.25
2020-04-18 23:00:00+00:00,4892.25
2020-04-19 00:00:00+00:00,4446.75
2020-04-19 01:00:00+00:00,3606.25
2020-04-19 02:00:00+00:00,2972.0
2020-04-19 03:00:00+00:00,2478.75
2020-04-19 04:00:00+00:00,2256.25
2020-04-19 05:00:00+00:00,2549.25
2020-04-19 06:00:00+00:00,2430.25
2020-04-19 07:00:00+00:00,2116.0
2020-04-19 08:00:00+00:00,1899.75
2020-04-19 09:00:00+00:00,2014.5
2020-04-19 10:00:00+00:00,2129.5
2020-04-19 11:00:00+00:00,2165.75
2020-04-19 12:00:00+00:00,2223.5
2020-04-19 13:00:00+00:00,2985.0
2020-04-19 14:00:00+00:00,3881.0
2020-04-19 15:00:00+00:00,4057.75
2020-04-19 16:00:00+00:00,4349.25
2020-04-19 17:00:00+00:00,4568.25
2020-04-19 18:00:00+00:00,4559.5
2020-04-19 19:00:00+00:00,4538.25
2020-04-19 20:00:00+00:00,4466.75
2020-04-19 21:00:00+00:00,3987.0
2020-04-19 22:00:00+00:00,3656.0
2020-04-19 23:00:00+00:00,3585.25
2020-04-20 00:00:00+00:00,2996.25
2020-04-20 01:00:00+00:00,2765.0
2020-04-20 02:00:00+00:00,2804.75
2020-04-20 03:00:00+00:00,3262.5
2020-04-20 04:00:00+00:00,3633.5
2020-04-20 05:00:00+00:00,3351.5
2020-04-20 06:00:00+00:00,2923.75
2020-04-20 07:00:00+00:00,2473.5
2020-04-20 08:00:00+00:00,2834.25
2020-04-20 09:00:00+00:00,3317.5
2020-04-20 10:00:00+00:00,3552.5
2020-04-20 11:00:00+00:00,3565.0
2020-04-20 12:00:00+00:00,3758.0
2020-04-20 13:00:00+00:00,3750.75
2020-04-20 14:00:00+00:00,3815.0
2020-04-20 15:00:00+00:00,3891.5
2020-04-20 16:00:00+00:00,3982.0
2020-04-20 17:00:00+00:00,4218.75
2020-04-20 18:00:00+00:00,4612.0
2020-04-20 19:00:00+00:00,4512.75
2020-04-20 20:00:00+00:00,4785.5
2020-04-20 21:00:00+00:00,5151.75
2020-04-20 22:00:00+00:00,5185.0
2020-04-20 23:00:00+00:00,5114.75
2020-04-21 00:00:00+00:00,5043.5
2020-04-21 01:00:00+00:00,4940.25
2020-04-21 02:00:00+00:00,4993.5
2020-04-21 03:00:00+00:00,5148.25
2020-04-21 04:00:00+00:00,5097.0
2020-04-21 05:00:00+00:00,4941.75
2020-04-21 06:00:00+00:00,4762.0
2020-04-21 07:00:00+00:00,4793.0
2020-04-21 08:00:00+00:00,3468.5
2020-04-21 09:00:00+00:00,3346.0
2020-04-21 10:00:00+00:00,2728.75
2020-04-21 11:00:00+00:00,2887.5
2020-04-21 12:00:00+00:00,2968.0
2020-04-21 13:00:00+00:00,2956.0
2020-04-21 14:00:00+00:00,3034.0
2020-04-21 15:00:00+00:00,3723.75
2020-04-21 16:00:00+00:00,4724.25
2020-04-21 17:00:00+00:00,4586.75
2020-04-21 18:00:00+00:00,4837.0
2020-04-21 19:00:00+00:00,5053.25
2020-04-21 20:00:00+00:00,5132.75
2020-04-21 21:00:00+00:00,5009.25
2020-04-21 22:00:00+00:00,4876.25
2020-04-21 23:00:00+00:00,4835.5
2020-04-22 00:00:00+00:00,4903.25
2020-04-22 01:00:00+00:00,5006.5
2020-04-22 02:00:00+00:00,5175.25
2020-04-22 03:00:00+00:00,5204.25
2020-04-22 04:00:00+00:00,5063.0
2020-04-22 05:00:00+00:00,4723.0
2020-04-22 06:00:00+00:00,4105.5
2020-04-22 07:00:00+00:00,3607.5
2020-04-22 08:00:00+00:00,3422.25
2020-04-22 09:00:00+00:00,3484.0
2020-04-22 10:00:00+00:00,3945.25
2020-04-22 11:00:00+00:00,4364.0
2020-04-22 12:00:00+00:00,4375.75
2020-04-22 13:00:00+00:00,4401.75
2020-04-22 14:00:00+00:00,4720.25
2020-04-22 15:00:00+00:00,4817.5
2020-04-22 16:00:00+00:00,4591.0
2020-04-22 17:00:00+00:00,4752.75
2020-04-22 18:00:00+00:00,4956.75
2020-04-22 19:00:00+00:00,4794.5
2020-04-22 20:00:00+00:00,4803.25
2020-04-22 21:00:00+00:00,4940.0
2020-04-22 22:00:00+00:00,4606.0
2020-04-22 23:00:00+00:00,3929.5
2020-04-23 00:00:00+00:00,2591.5
2020-04-23 01:00:00+00:00,1627.25
2020-04-23 02:00:00+00:00,1218.25
2020-04-23 03:00:00+00:00,1061.75
2020-04-23 04:00:00+00:00,1059.0
2020-04-23 05:00:00+00:00,1007.75
2020-04-23 06:00:00+00:00,852.25
2020-04-23 07:00:00+00:00,627.0
2020-04-23 08:00:00+00:00,519.25
2020-04-23 09:00:00+00:00,409.0
2020-04-23 10:00:00+00:00,308.5
2020-04-23 11:00:00+00:00,351.25
2020-04-23 12:00:00+00:00,380.75
2020-04-23 13:00:00+00:00,336.5
2020-04-23 14:00:00+00:00,295.75
2020-04-23 15:00:00+00:00,298.75
2020-04-23 16:00:00+00:00,276.75
2020-04-23 17:00:00+00:00,364.5
2020-04-23 18:00:00+00:00,482.75
2020-04-23 19:00:00+00:00,278.0
2020-04-23 20:00:00+00:00,401.5
2020-04-23 21:00:00+00:00,514.5
2020-04-23 22:00:00+00:00,764.5
2020-04-23 23:00:00+00:00,889.75
2020-04-24 00:00:00+00:00,737.5
2020-04-24 01:00:00+00:00,747.5
2020-04-24 02:00:00+00:00,849.0
2020-04-24 03:00:00+00:00,939.75
2020-04-24 04:00:00+00:00,1438.25
2020-04-24 05:00:00+00:00,1641.75
2020-04-24 06:00:00+00:00,2047.5
2020-04-24 07:00:00+00:00,2285.0
2020-04-24 08:00:00+00:00,2642.5
2020-04-24 09:00:00+00:00,3160.75
2020-04-24 10:00:00+00:00,3606.0
2020-04-24 11:00:00+00:00,4028.0
2020-04-24 12:00:00+00:00,4273.5
2020-04-24 13:00:00+00:00,4469.5
2020-04-24 14:00:00+00:00,4330.5
2020-04-24 15:00:00+00:00,4347.0
2020-04-24 16:00:00+00:00,4641.75
2020-04-24 17:00:00+00:00,4592.25
2020-04-24 18:00:00+00:00,4799.5
2020-04-24 19:00:00+00:00,5067.75
2020-04-24 20:00:00+00:00,5206.0
2020-04-24 21:00:00+00:00,5627.5
2020-04-24 22:00:00+00:00,5494.25
2020-04-24 23:00:00+00:00,4922.5
2020-04-25 00:00:00+00:00,3526.25
2020-04-25 01:00:00+00:00,2552.75
2020-04-25 02:00:00+00:00,2261.75
2020-04-25 03:00:00+00:00,1818.75
2020-04-25 04:00:00+00:00,1511.25
2020-04-25 05:00:00+00:00,1337.0
2020-04-25 06:00:00+00:00,1095.5
2020-04-25 07:00:00+00:00,729.25
2020-04-25 08:00:00+00:00,612.25
2020-04-25 09:00:00+00:00,563.25
2020-04-25 10:00:00+00:00,560.5
2020-04-25 11:00:00+00:00,807.75
2020-04-25 12:00:00+00:00,895.75
2020-04-25 13:00:00+00:00,1042.25
2020-04-25 14:00:00+00:00,1191.5
2020-04-25 15:00:00+00:00,1068.75
2020-04-25 16:00:00+00:00,1248.25
2020-04-25 17:00:00+00:00,1391.75
2020-04-25 18:00:00+00:00,1342.0
2020-04-25 19:00:00+00:00,1182.5
2020-04-25 20:00:00+00:00,837.25
2020-04-25 21:00:00+00:00,663.0
2020-04-25 22:00:00+00:00,644.0
2020-04-25 23:00:00+00:00,587.25
2020-04-26 00:00:00+00:00,440.75
2020-04-26 01:00:00+00:00,422.25
2020-04-26 02:00:00+00:00,360.75
2020-04-26 03:00:00+00:00,370.75
2020-04-26 04:00:00+00:00,330.0
2020-04-26 05:00:00+00:00,288.5
2020-04-26 06:00:00+00:00,200.0
2020-04-26 07:00:00+00:00,127.75
2020-04-26 08:00:00+00:00,90.5
2020-04-26 09:00:00+00:00,79.0
2020-04-26 10:00:00+00:00,80.75
2020-04-26 11:00:00+00:00,92.0
2020-04-26 12:00:00+00:00,203.0
2020-04-26 13:00:00+00:00,377.75
2020-04-26 14:00:00+00:00,386.5
2020-04-26 15:00:00+00:00,302.75
2020-04-26 16:00:00+00:00,318.5
2020-04-26 17:00:00+00:00,369.0
2020-04-26 18:00:00+00:00,483.75
2020-04-26 19:00:00+00:00,722.5
2020-04-26 20:00:00+00:00,857.75
2020-04-26 21:00:00+00:00,996.5
2020-04-26 22:00:00+00:00,1058.0
2020-04-26 23:00:00+00:00,1353.5
2020-04-27 00:00:00+00:00,1625.0
2020-04-27 01:00:00+00:00,1896.5
2020-04-27 02:00:00+00:00,2096.25
2020-04-27 03:00:00+00:00,2217.0
2020-04-27 04:00:00+00:00,1995.5
2020-04-27 05:00:00+00:00,1896.25
2020-04-27 06:00:00+00:00,1845.25
2020-04-27 07:00:00+00:00,1630.75
2020-04-27 08:00:00+00:00,1588.0
2020-04-27 09:00:00+00:00,1112.5
2020-04-27 10:00:00+00:00,667.75
2020-04-27 11:00:00+00:00,372.5
2020-04-27 12:00:00+00:00,258.75
2020-04-27 13:00:00+00:00,208.75
2020-04-27 14:00:00+00:00,150.0
2020-04-27 15:00:00+00:00,200.5
2020-04-27 16:00:00+00:00,334.0
2020-04-27 17:00:00+00:00,391.0
2020-04-27 18:00:00+00:00,426.0
2020-04-27 19:00:00+00:00,540.5
2020-04-27 20:00:00+00:00,686.5
2020-04-27 21:00:00+00:00,620.25
2020-04-27 22:00:00+00:00,528.25
2020-04-27 23:00:00+00:00,498.25
2020-04-28 00:00:00+00:00,452.25
2020-04-28 01:00:00+00:00,311.75
2020-04-28 02:00:00+00:00,376.5
2020-04-28 03:00:00+00:00,470.0
2020-04-28 04:00:00+00:00,308.25
2020-04-28 05:00:00+00:00,502.5
2020-04-28 06:00:00+00:00,581.5
2020-04-28 07:00:00+00:00,585.75
2020-04-28 08:00:00+00:00,469.25
2020-04-28 09:00:00+00:00,337.5
2020-04-28 10:00:00+00:00,255.0
2020-04-28 11:00:00+00:00,211.0
2020-04-28 12:00:00+00:00,174.0
2020-04-28 13:00:00+00:00,179.0
2020-04-28 14:00:00+00:00,269.0
2020-04-28 15:00:00+00:00,301.5
2020-04-28 16:00:00+00:00,360.25
2020-04-28 17:00:00+00:00,397.75
2020-04-28 18:00:00+00:00,583.75
2020-04-28 19:00:00+00:00,594.0
2020-04-28 20:00:00+00:00,560.0
2020-04-28 21:00:00+00:00,680.0
2020-04-28 22:00:00+00:00,808.75
2020-04-28 23:00:00+00:00,675.5
2020-04-29 00:00:00+00:00,621.75
2020-04-29 01:00:00+00:00,586.5
2020-04-29 02:00:00+00:00,657.5
2020-04-29 03:00:00+00:00,644.0
2020-04-29 04:00:00+00:00,656.0
2020-04-29 05:00:00+00:00,672.0
2020-04-29 06:00:00+00:00,688.25
2020-04-29 07:00:00+00:00,966.0
2020-04-29 08:00:00+00:00,1180.0
2020-04-29 09:00:00+00:00,1314.75
2020-04-29 10:00:00+00:00,1356.75
2020-04-29 11:00:00+00:00,1287.25
2020-04-29 12:00:00+00:00,1309.75
2020-04-29 13:00:00+00:00,1329.75
2020-04-29 14:00:00+00:00,1241.5
2020-04-29 15:00:00+00:00,1251.75
2020-04-29 16:00:00+00:00,1223.5
2020-04-29 17:00:00+00:00,1176.0
2020-04-29 18:00:00+00:00,1144.25
2020-04-29 19:00:00+00:00,1038.0
2020-04-29 20:00:00+00:00,1162.75
2020-04-29 21:00:00+00:00,1573.0
2020-04-29 22:00:00+00:00,2408.75
2020-04-29 23:00:00+00:00,4197.0
2020-04-30 00:00:00+00:00,5707.0
2020-04-30 01:00:00+00:00,5850.25
2020-04-30 02:00:00+00:00,5662.0
2020-04-30 03:00:00+00:00,5482.0
2020-04-30 04:00:00+00:00,5539.5
2020-04-30 05:00:00+00:00,5555.75
2020-04-30 06:00:00+00:00,5517.5
2020-04-30 07:00:00+00:00,5319.5
2020-04-30 08:00:00+00:00,4610.75
2020-04-30 09:00:00+00:00,4072.5
2020-04-30 10:00:00+00:00,3712.75
2020-04-30 11:00:00+00:00,3566.5
2020-04-30 12:00:00+00:00,4155.0
2020-04-30 13:00:00+00:00,4407.0
2020-04-30 14:00:00+00:00,3431.5
2020-04-30 15:00:00+00:00,3093.5
2020-04-30 16:00:00+00:00,1625.0
2020-04-30 17:00:00+00:00,826.75
2020-04-30 18:00:00+00:00,357.0
2020-04-30 19:00:00+00:00,469.25
2020-04-30 20:00:00+00:00,1409.25
2020-04-30 21:00:00+00:00,3142.75
2020-04-30 22:00:00+00:00,3605.5
2020-04-30 23:00:00+00:00,3365.75
2020-05-01 00:00:00+00:00,2306.5
2020-05-01 01:00:00+00:00,2593.25
2020-05-01 02:00:00+00:00,3774.0
2020-05-01 03:00:00+00:00,3765.25
2020-05-01 04:00:00+00:00,4031.0
2020-05-01 05:00:00+00:00,3693.0
2020-05-01 06:00:00+00:00,3393.5
2020-05-01 07:00:00+00:00,3366.75
2020-05-01 08:00:00+00:00,3155.25
2020-05-01 09:00:00+00:00,2412.5
2020-05-01 10:00:00+00:00,2203.5
2020-05-01 11:00:00+00:00,2314.5
2020-05-01 12:00:00+00:00,1091.0
2020-05-01 13:00:00+00:00,655.0
2020-05-01 14:00:00+00:00,453.25
2020-05-01 15:00:00+00:00,413.75
2020-05-01 16:00:00+00:00,482.0
2020-05-01 17:00:00+00:00,583.0
2020-05-01 18:00:00+00:00,537.5
2020-05-01 19:00:00+00:00,578.75
2020-05-01 20:00:00+00:00,592.5
2020-05-01 21:00:00+00:00,845.0
2020-05-01 22:00:00+00:00,1088.75
2020-05-01 23:00:00+00:00,968.25
2020-05-02 00:00:00+00:00,1070.25
2020-05-02 01:00:00+00:00,1110.75
2020-05-02 02:00:00+00:00,883.0
2020-05-02 03:00:00+00:00,745.0
2020-05-02 04:00:00+00:00,587.0
2020-05-02 05:00:00+00:00,513.5
2020-05-02 06:00:00+00:00,548.25
2020-05-02 07:00:00+00:00,626.0
2020-05-02 08:00:00+00:00,702.5
2020-05-02 09:00:00+00:00,738.0
2020-05-02 10:00:00+00:00,846.25
2020-05-02 11:00:00+00:00,776.25
2020-05-02 12:00:00+00:00,979.25
2020-05-02 13:00:00+00:00,1643.0
2020-05-02 14:00:00+00:00,1990.5
2020-05-02 15:00:00+00:00,2412.75
2020-05-02 16:00:00+00:00,2139.75
2020-05-02 17:00:00+00:00,1985.0
2020-05-02 18:00:00+00:00,1930.0
2020-05-02 19:00:00+00:00,1710.0
2020-05-02 20:00:00+00:00,1670.75
2020-05-02 21:00:00+00:00,1575.0
2020-05-02 22:00:00+00:00,1256.0
2020-05-02 23:00:00+00:00,955.5
2020-05-03 00:00:00+00:00,642.0
2020-05-03 01:00:00+00:00,607.5
2020-05-03 02:00:00+00:00,640.5
2020-05-03 03:00:00+00:00,578.5
2020-05-03 04:00:00+00:00,643.75
2020-05-03 05:00:00+00:00,719.25
2020-05-03 06:00:00+00:00,775.75
2020-05-03 07:00:00+00:00,692.25
2020-05-03 08:00:00+00:00,641.75
2020-05-03 09:00:00+00:00,751.75
2020-05-03 10:00:00+00:00,828.0
2020-05-03 11:00:00+00:00,869.25
2020-05-03 12:00:00+00:00,835.5
2020-05-03 13:00:00+00:00,794.0
2020-05-03 14:00:00+00:00,693.75
2020-05-03 15:00:00+00:00,499.75
2020-05-03 16:00:00+00:00,689.0
2020-05-03 17:00:00+00:00,861.75
2020-05-03 18:00:00+00:00,901.0
2020-05-03 19:00:00+00:00,794.5
2020-05-03 20:00:00+00:00,735.5
2020-05-03 21:00:00+00:00,625.75
2020-05-03 22:00:00+00:00,555.75
2020-05-03 23:00:00+00:00,560.25
2020-05-04 00:00:00+00:00,545.0
2020-05-04 01:00:00+00:00,561.5
2020-05-04 02:00:00+00:00,638.5
2020-05-04 03:00:00+00:00,628.75
2020-05-04 04:00:00+00:00,755.25
2020-05-04 05:00:00+00:00,787.75
2020-05-04 06:00:00+00:00,670.0
2020-05-04 07:00:00+00:00,709.75
2020-05-04 08:00:00+00:00,784.75
2020-05-04 09:00:00+00:00,951.25
2020-05-04 10:00:00+00:00,1111.25
2020-05-04 11:00:00+00:00,1365.75
2020-05-04 12:00:00+00:00,1761.0
2020-05-04 13:00:00+00:00,2232.0
2020-05-04 14:00:00+00:00,2756.5
2020-05-04 15:00:00+00:00,2997.0
2020-05-04 16:00:00+00:00,3164.25
2020-05-04 17:00:00+00:00,3472.0
2020-05-04 18:00:00+00:00,3832.0
2020-05-04 19:00:00+00:00,3705.5
2020-05-04 20:00:00+00:00,3798.0
2020-05-04 21:00:00+00:00,3913.75
2020-05-04 22:00:00+00:00,3672.25
2020-05-04 23:00:00+00:00,3160.0
2020-05-05 00:00:00+00:00,3131.0
2020-05-05 01:00:00+00:00,3272.75
2020-05-05 02:00:00+00:00,2929.0
2020-05-05 03:00:00+00:00,2471.25
2020-05-05 04:00:00+00:00,2191.0
2020-05-05 05:00:00+00:00,2101.0
2020-05-05 06:00:00+00:00,2147.0
2020-05-05 07:00:00+00:00,2122.0
2020-05-05 08:00:00+00:00,1753.75
2020-05-05 09:00:00+00:00,1340.0
2020-05-05 10:00:00+00:00,1065.5
2020-05-05 11:00:00+00:00,863.75
2020-05-05 12:00:00+00:00,730.75
2020-05-05 13:00:00+00:00,676.5
2020-05-05 14:00:00+00:00,704.25
2020-05-05 15:00:00+00:00,839.5
2020-05-05 16:00:00+00:00,967.75
2020-05-05 17:00:00+00:00,942.0
2020-05-05 18:00:00+00:00,1086.5
2020-05-05 19:00:00+00:00,956.75
2020-05-05 20:00:00+00:00,988.25
2020-05-05 21:00:00+00:00,807.75
2020-05-05 22:00:00+00:00,605.25
2020-05-05 23:00:00+00:00,427.25
2020-05-06 00:00:00+00:00,384.0
2020-05-06 01:00:00+00:00,448.0
2020-05-06 02:00:00+00:00,530.0
2020-05-06 03:00:00+00:00,633.75
2020-05-06 04:00:00+00:00,681.25
2020-05-06 05:00:00+00:00,695.25
2020-05-06 06:00:00+00:00,681.5
2020-05-06 07:00:00+00:00,714.25
2020-05-06 08:00:00+00:00,782.5
2020-05-06 09:00:00+00:00,1033.0
2020-05-06 10:00:00+00:00,1164.5
2020-05-06 11:00:00+00:00,1455.0
2020-05-06 12:00:00+00:00,1693.5
2020-05-06 13:00:00+00:00,1974.75
2020-05-06 14:00:00+00:00,2213.0
2020-05-06 15:00:00+00:00,2463.0
2020-05-06 16:00:00+00:00,2824.0
2020-05-06 17:00:00+00:00,2925.25
2020-05-06 18:00:00+00:00,3050.5
2020-05-06 19:00:00+00:00,3105.75
2020-05-06 20:00:00+00:00,2987.25
2020-05-06 21:00:00+00:00,2879.25
2020-05-06 22:00:00+00:00,2811.75
2020-05-06 23:00:00+00:00,2481.5
2020-05-07 00:00:00+00:00,2158.25
2020-05-07 01:00:00+00:00,1965.0
2020-05-07 02:00:00+00:00,1764.75
2020-05-07 03:00:00+00:00,1571.25
2020-05-07 04:00:00+00:00,1477.25
2020-05-07 05:00:00+00:00,1318.25
2020-05-07 06:00:00+00:00,1367.75
2020-05-07 07:00:00+00:00,1296.5
2020-05-07 08:00:00+00:00,945.25
2020-05-07 09:00:00+00:00,637.25
2020-05-07 10:00:00+00:00,500.0
2020-05-07 11:00:00+00:00,547.25
2020-05-07 12:00:00+00:00,700.0
2020-05-07 13:00:00+00:00,832.75
2020-05-07 14:00:00+00:00,818.75
2020-05-07 15:00:00+00:00,692.75
2020-05-07 16:00:00+00:00,675.5
2020-05-07 17:00:00+00:00,608.0
2020-05-07 18:00:00+00:00,720.5
2020-05-07 19:00:00+00:00,770.25
2020-05-07 20:00:00+00:00,750.75
2020-05-07 21:00:00+00:00,765.75
2020-05-07 22:00:00+00:00,681.75
2020-05-07 23:00:00+00:00,539.25
2020-05-08 00:00:00+00:00,492.25
2020-05-08 01:00:00+00:00,539.25
2020-05-08 02:00:00+00:00,499.5
2020-05-08 03:00:00+00:00,489.75
2020-05-08 04:00:00+00:00,604.5
2020-05-08 05:00:00+00:00,784.75
2020-05-08 06:00:00+00:00,931.75
2020-05-08 07:00:00+00:00,971.0
2020-05-08 08:00:00+00:00,917.0
2020-05-08 09:00:00+00:00,1205.25
2020-05-08 10:00:00+00:00,1370.75
2020-05-08 11:00:00+00:00,1492.75
2020-05-08 12:00:00+00:00,1471.25
2020-05-08 13:00:00+00:00,1358.75
2020-05-08 14:00:00+00:00,1165.25
2020-05-08 15:00:00+00:00,1190.0
2020-05-08 16:00:00+00:00,1198.0
2020-05-08 17:00:00+00:00,1216.0
2020-05-08 18:00:00+00:00,1139.0
2020-05-08 19:00:00+00:00,1077.0
2020-05-08 20:00:00+00:00,989.75
2020-05-08 21:00:00+00:00,806.5
2020-05-08 22:00:00+00:00,694.0
2020-05-08 23:00:00+00:00,501.0
2020-05-09 00:00:00+00:00,240.75
2020-05-09 01:00:00+00:00,178.25
2020-05-09 02:00:00+00:00,181.5
2020-05-09 03:00:00+00:00,172.75
2020-05-09 04:00:00+00:00,114.5
2020-05-09 05:00:00+00:00,71.5
2020-05-09 06:00:00+00:00,16.25
2020-05-09 07:00:00+00:00,6.25
2020-05-09 08:00:00+00:00,4.0
2020-05-09 09:00:00+00:00,0.75
2020-05-09 10:00:00+00:00,0.5
2020-05-09 11:00:00+00:00,2.0
2020-05-09 12:00:00+00:00,3.5
2020-05-09 13:00:00+00:00,7.75
2020-05-09 14:00:00+00:00,20.0
2020-05-09 15:00:00+00:00,11.75
2020-05-09 16:00:00+00:00,25.75
2020-05-09 17:00:00+00:00,100.5
2020-05-09 18:00:00+00:00,138.75
2020-05-09 19:00:00+00:00,77.25
2020-05-09 20:00:00+00:00,90.75
2020-05-09 21:00:00+00:00,70.5
2020-05-09 22:00:00+00:00,86.5
2020-05-09 23:00:00+00:00,170.5
2020-05-10 00:00:00+00:00,186.75
2020-05-10 01:00:00+00:00,239.5
2020-05-10 02:00:00+00:00,339.5
2020-05-10 03:00:00+00:00,381.75
2020-05-10 04:00:00+00:00,424.75
2020-05-10 05:00:00+00:00,546.25
2020-05-10 06:00:00+00:00,598.5
2020-05-10 07:00:00+00:00,854.25
2020-05-10 08:00:00+00:00,1614.25
2020-05-10 09:00:00+00:00,2926.75
2020-05-10 10:00:00+00:00,4822.5
2020-05-10 11:00:00+00:00,5663.75
2020-05-10 12:00:00+00:00,5065.0
2020-05-10 13:00:00+00:00,5065.75
2020-05-10 14:00:00+00:00,5031.75
2020-05-10 15:00:00+00:00,5044.25
2020-05-10 16:00:00+00:00,4910.75
2020-05-10 17:00:00+00:00,5112.75
2020-05-10 18:00:00+00:00,5194.0
2020-05-10 19:00:00+00:00,5497.75
2020-05-10 20:00:00+00:00,5956.75
2020-05-10 21:00:00+00:00,6173.75
2020-05-10 22:00:00+00:00,6144.5
2020-05-10 23:00:00+00:00,6058.0
2020-05-11 00:00:00+00:00,5999.0
2020-05-11 01:00:00+00:00,6069.0
2020-05-11 02:00:00+00:00,6108.25
2020-05-11 03:00:00+00:00,6138.0
2020-05-11 04:00:00+00:00,5633.5
2020-05-11 05:00:00+00:00,5062.5
2020-05-11 06:00:00+00:00,5003.0
2020-05-11 07:00:00+00:00,4949.75
2020-05-11 08:00:00+00:00,5082.75
2020-05-11 09:00:00+00:00,5025.25
2020-05-11 10:00:00+00:00,4776.0
2020-05-11 11:00:00+00:00,4681.5
2020-05-11 12:00:00+00:00,4737.75
2020-05-11 13:00:00+00:00,4745.75
2020-05-11 14:00:00+00:00,4817.25
2020-05-11 15:00:00+00:00,4795.5
2020-05-11 16:00:00+00:00,4743.25
2020-05-11 17:00:00+00:00,4716.0
2020-05-11 18:00:00+00:00,4623.25
2020-05-11 19:00:00+00:00,5224.25
2020-05-11 20:00:00+00:00,5127.75
2020-05-11 21:00:00+00:00,4900.75
2020-05-11 22:00:00+00:00,4565.0
2020-05-11 23:00:00+00:00,4317.5
2020-05-12 00:00:00+00:00,3865.25
2020-05-12 01:00:00+00:00,3306.25
2020-05-12 02:00:00+00:00,2874.75
2020-05-12 03:00:00+00:00,2697.5
2020-05-12 04:00:00+00:00,2640.5
2020-05-12 05:00:00+00:00,3139.5
2020-05-12 06:00:00+00:00,3579.5
2020-05-12 07:00:00+00:00,4379.25
2020-05-12 08:00:00+00:00,5111.0
2020-05-12 09:00:00+00:00,4818.0
2020-05-12 10:00:00+00:00,4153.0
2020-05-12 11:00:00+00:00,4205.75
2020-05-12 12:00:00+00:00,4111.75
2020-05-12 13:00:00+00:00,3385.0
2020-05-12 14:00:00+00:00,3090.0
2020-05-12 15:00:00+00:00,2844.5
2020-05-12 16:00:00+00:00,2931.5
2020-05-12 17:00:00+00:00,2338.5
2020-05-12 18:00:00+00:00,1954.0
2020-05-12 19:00:00+00:00,1807.25
2020-05-12 20:00:00+00:00,1694.0
2020-05-12 21:00:00+00:00,1674.75
2020-05-12 22:00:00+00:00,2056.5
2020-05-12 23:00:00+00:00,2305.75
2020-05-13 00:00:00+00:00,2420.25
2020-05-13 01:00:00+00:00,2182.25
2020-05-13 02:00:00+00:00,2459.25
2020-05-13 03:00:00+00:00,2233.25
2020-05-13 04:00:00+00:00,2490.75
2020-05-13 05:00:00+00:00,2718.25
2020-05-13 06:00:00+00:00,3247.5
2020-05-13 07:00:00+00:00,2681.0
2020-05-13 08:00:00+00:00,2364.5
2020-05-13 09:00:00+00:00,2114.0
2020-05-13 10:00:00+00:00,1979.25
2020-05-13 11:00:00+00:00,1961.25
2020-05-13 12:00:00+00:00,2025.5
2020-05-13 13:00:00+00:00,2152.0
2020-05-13 14:00:00+00:00,2479.5
2020-05-13 15:00:00+00:00,2810.0
2020-05-13 16:00:00+00:00,3229.25
2020-05-13 17:00:00+00:00,3381.5
2020-05-13 18:00:00+00:00,3131.25
2020-05-13 19:00:00+00:00,2987.25
2020-05-13 20:00:00+00:00,2866.5
2020-05-13 21:00:00+00:00,2716.0
2020-05-13 22:00:00+00:00,2563.5
2020-05-13 23:00:00+00:00,2570.75
2020-05-14 00:00:00+00:00,2298.0
2020-05-14 01:00:00+00:00,2475.0
2020-05-14 02:00:00+00:00,2382.5
2020-05-14 03:00:00+00:00,2223.5
2020-05-14 04:00:00+00:00,2083.75
2020-05-14 05:00:00+00:00,1943.0
2020-05-14 06:00:00+00:00,1538.75
2020-05-14 07:00:00+00:00,1236.0
2020-05-14 08:00:00+00:00,1153.25
2020-05-14 09:00:00+00:00,1060.0
2020-05-14 10:00:00+00:00,1022.0
2020-05-14 11:00:00+00:00,862.0
2020-05-14 12:00:00+00:00,836.5
2020-05-14 13:00:00+00:00,851.75
2020-05-14 14:00:00+00:00,863.75
2020-05-14 15:00:00+00:00,839.5
2020-05-14 16:00:00+00:00,938.75
2020-05-14 17:00:00+00:00,906.0
2020-05-14 18:00:00+00:00,966.75
2020-05-14 19:00:00+00:00,1053.25
2020-05-14 20:00:00+00:00,1069.0
2020-05-14 21:00:00+00:00,1227.75
2020-05-14 22:00:00+00:00,1517.5
2020-05-14 23:00:00+00:00,1942.25
2020-05-15 00:00:00+00:00,2336.0
2020-05-15 01:00:00+00:00,2887.75
2020-05-15 02:00:00+00:00,3393.75
2020-05-15 03:00:00+00:00,3651.75
2020-05-15 04:00:00+00:00,3799.0
2020-05-15 05:00:00+00:00,3538.5
2020-05-15 06:00:00+00:00,3170.75
2020-05-15 07:00:00+00:00,2857.75
2020-05-15 08:00:00+00:00,2877.5
2020-05-15 09:00:00+00:00,2974.5
2020-05-15 10:00:00+00:00,3167.75
2020-05-15 11:00:00+00:00,3468.0
2020-05-15 12:00:00+00:00,3675.0
2020-05-15 13:00:00+00:00,4004.25
2020-05-15 14:00:00+00:00,4165.75
2020-05-15 15:00:00+00:00,4424.0
2020-05-15 16:00:00+00:00,4200.25
2020-05-15 17:00:00+00:00,4074.25
2020-05-15 18:00:00+00:00,3846.75
2020-05-15 19:00:00+00:00,3806.0
2020-05-15 20:00:00+00:00,3943.0
2020-05-15 21:00:00+00:00,4105.5
2020-05-15 22:00:00+00:00,4005.0
2020-05-15 23:00:00+00:00,3780.75
2020-05-16 00:00:00+00:00,3712.75
2020-05-16 01:00:00+00:00,3791.0
2020-05-16 02:00:00+00:00,3774.0
2020-05-16 03:00:00+00:00,3794.75
2020-05-16 04:00:00+00:00,3626.75
2020-05-16 05:00:00+00:00,3422.5
2020-05-16 06:00:00+00:00,3307.5
2020-05-16 07:00:00+00:00,3084.25
2020-05-16 08:00:00+00:00,2858.5
2020-05-16 09:00:00+00:00,2856.5
2020-05-16 10:00:00+00:00,2657.0
2020-05-16 11:00:00+00:00,2433.5
2020-05-16 12:00:00+00:00,2451.0
2020-05-16 13:00:00+00:00,2418.75
2020-05-16 14:00:00+00:00,2532.75
2020-05-16 15:00:00+00:00,2642.5
2020-05-16 16:00:00+00:00,2741.75
2020-05-16 17:00:00+00:00,3181.75
2020-05-16 18:00:00+00:00,3113.0
2020-05-16 19:00:00+00:00,2694.0
2020-05-16 20:00:00+00:00,2657.75
2020-05-16 21:00:00+00:00,3125.0
2020-05-16 22:00:00+00:00,3578.25
2020-05-16 23:00:00+00:00,3564.0
2020-05-17 00:00:00+00:00,3644.25
2020-05-17 01:00:00+00:00,3570.5
2020-05-17 02:00:00+00:00,3389.5
2020-05-17 03:00:00+00:00,3395.5
2020-05-17 04:00:00+00:00,3126.5
2020-05-17 05:00:00+00:00,3066.25
2020-05-17 06:00:00+00:00,3151.0
2020-05-17 07:00:00+00:00,3372.0
2020-05-17 08:00:00+00:00,3460.0
2020-05-17 09:00:00+00:00,3745.25
2020-05-17 10:00:00+00:00,4026.5
2020-05-17 11:00:00+00:00,4466.75
2020-05-17 12:00:00+00:00,4682.25
2020-05-17 13:00:00+00:00,4593.5
2020-05-17 14:00:00+00:00,4608.0
2020-05-17 15:00:00+00:00,4654.0
2020-05-17 16:00:00+00:00,4932.5
2020-05-17 17:00:00+00:00,4671.5
2020-05-17 18:00:00+00:00,4565.0
2020-05-17 19:00:00+00:00,4560.75
2020-05-17 20:00:00+00:00,4625.0
2020-05-17 21:00:00+00:00,4696.25
2020-05-17 22:00:00+00:00,4639.75
2020-05-17 23:00:00+00:00,4764.75
2020-05-18 00:00:00+00:00,4484.25
2020-05-18 01:00:00+00:00,4296.0
2020-05-18 02:00:00+00:00,3683.0
2020-05-18 03:00:00+00:00,2853.75
2020-05-18 04:00:00+00:00,2199.75
2020-05-18 05:00:00+00:00,1851.5
2020-05-18 06:00:00+00:00,2263.25
2020-05-18 07:00:00+00:00,2745.0
2020-05-18 08:00:00+00:00,2753.0
2020-05-18 09:00:00+00:00,3043.75
2020-05-18 10:00:00+00:00,3446.5
2020-05-18 11:00:00+00:00,3630.5
2020-05-18 12:00:00+00:00,3414.5
2020-05-18 13:00:00+00:00,3316.75
2020-05-18 14:00:00+00:00,3324.5
2020-05-18 15:00:00+00:00,3476.5
2020-05-18 16:00:00+00:00,3874.75
2020-05-18 17:00:00+00:00,3855.0
2020-05-18 18:00:00+00:00,3831.25
2020-05-18 19:00:00+00:00,3786.5
2020-05-18 20:00:00+00:00,3936.75
2020-05-18 21:00:00+00:00,3477.0
2020-05-18 22:00:00+00:00,3308.75
2020-05-18 23:00:00+00:00,3389.0
2020-05-19 00:00:00+00:00,3447.25
2020-05-19 01:00:00+00:00,3536.0
2020-05-19 02:00:00+00:00,3676.25
2020-05-19 03:00:00+00:00,3834.5
2020-05-19 04:00:00+00:00,3705.0
2020-05-19 05:00:00+00:00,3294.5
2020-05-19 06:00:00+00:00,3242.25
2020-05-19 07:00:00+00:00,2536.75
2020-05-19 08:00:00+00:00,1966.75
2020-05-19 09:00:00+00:00,1511.75
2020-05-19 10:00:00+00:00,1147.5
2020-05-19 11:00:00+00:00,947.5
2020-05-19 12:00:00+00:00,775.75
2020-05-19 13:00:00+00:00,653.75
2020-05-19 14:00:00+00:00,575.5
2020-05-19 15:00:00+00:00,417.25
2020-05-19 16:00:00+00:00,441.25
2020-05-19 17:00:00+00:00,511.25
2020-05-19 18:00:00+00:00,375.25
2020-05-19 19:00:00+00:00,298.0
2020-05-19 20:00:00+00:00,296.25
2020-05-19 21:00:00+00:00,239.75
2020-05-19 22:00:00+00:00,208.5
2020-05-19 23:00:00+00:00,178.0
2020-05-20 00:00:00+00:00,146.25
2020-05-20 01:00:00+00:00,150.0
2020-05-20 02:00:00+00:00,126.25
2020-05-20 03:00:00+00:00,99.5
2020-05-20 04:00:00+00:00,89.75
2020-05-20 05:00:00+00:00,62.25
2020-05-20 06:00:00+00:00,33.75
2020-05-20 07:00:00+00:00,16.25
2020-05-20 08:00:00+00:00,3.5
2020-05-20 09:00:00+00:00,3.5
2020-05-20 10:00:00+00:00,10.0
2020-05-20 11:00:00+00:00,36.0
2020-05-20 12:00:00+00:00,35.25
2020-05-20 13:00:00+00:00,16.25
2020-05-20 14:00:00+00:00,1.5
2020-05-20 15:00:00+00:00,6.0
2020-05-20 16:00:00+00:00,1.25
2020-05-20 17:00:00+00:00,1.25
2020-05-20 18:00:00+00:00,0.0
2020-05-20 19:00:00+00:00,0.5
2020-05-20 20:00:00+00:00,3.5
2020-05-20 21:00:00+00:00,17.25
2020-05-20 22:00:00+00:00,56.75
2020-05-20 23:00:00+00:00,125.75
2020-05-21 00:00:00+00:00,192.0
2020-05-21 01:00:00+00:00,311.25
2020-05-21 02:00:00+00:00,244.0
2020-05-21 03:00:00+00:00,250.5
2020-05-21 04:00:00+00:00,295.0
2020-05-21 05:00:00+00:00,296.0
2020-05-21 06:00:00+00:00,249.5
2020-05-21 07:00:00+00:00,227.75
2020-05-21 08:00:00+00:00,236.75
2020-05-21 09:00:00+00:00,228.25
2020-05-21 10:00:00+00:00,202.5
2020-05-21 11:00:00+00:00,108.25
2020-05-21 12:00:00+00:00,150.25
2020-05-21 13:00:00+00:00,465.75
2020-05-21 14:00:00+00:00,550.75
2020-05-21 15:00:00+00:00,419.0
2020-05-21 16:00:00+00:00,722.0
2020-05-21 17:00:00+00:00,736.75
2020-05-21 18:00:00+00:00,916.0
2020-05-21 19:00:00+00:00,1160.25
2020-05-21 20:00:00+00:00,1583.25
2020-05-21 21:00:00+00:00,2097.5
2020-05-21 22:00:00+00:00,2429.25
2020-05-21 23:00:00+00:00,2987.0
2020-05-22 00:00:00+00:00,3370.0
2020-05-22 01:00:00+00:00,3992.0
2020-05-22 02:00:00+00:00,4601.5
2020-05-22 03:00:00+00:00,4809.5
2020-05-22 04:00:00+00:00,4683.0
2020-05-22 05:00:00+00:00,4541.75
2020-05-22 06:00:00+00:00,4804.75
2020-05-22 07:00:00+00:00,3917.75
2020-05-22 08:00:00+00:00,3220.5
2020-05-22 09:00:00+00:00,5107.75
2020-05-22 10:00:00+00:00,6262.75
2020-05-22 11:00:00+00:00,6404.0
2020-05-22 12:00:00+00:00,6040.0
2020-05-22 13:00:00+00:00,4909.0
2020-05-22 14:00:00+00:00,3498.0
2020-05-22 15:00:00+00:00,3046.5
2020-05-22 16:00:00+00:00,3566.5
2020-05-22 17:00:00+00:00,3911.75
2020-05-22 18:00:00+00:00,3776.25
2020-05-22 19:00:00+00:00,3634.25
2020-05-22 20:00:00+00:00,3322.25
2020-05-22 21:00:00+00:00,3330.75
2020-05-22 22:00:00+00:00,3198.75
2020-05-22 23:00:00+00:00,3520.0
2020-05-23 00:00:00+00:00,3968.0
2020-05-23 01:00:00+00:00,4039.0
2020-05-23 02:00:00+00:00,4184.5
2020-05-23 03:00:00+00:00,4422.0
2020-05-23 04:00:00+00:00,4412.0
2020-05-23 05:00:00+00:00,4200.0
2020-05-23 06:00:00+00:00,4244.25
2020-05-23 07:00:00+00:00,4768.75
2020-05-23 08:00:00+00:00,5042.75
2020-05-23 09:00:00+00:00,5208.25
2020-05-23 10:00:00+00:00,4982.75
2020-05-23 11:00:00+00:00,4940.5
2020-05-23 12:00:00+00:00,4845.75
2020-05-23 13:00:00+00:00,4798.75
2020-05-23 14:00:00+00:00,4818.0
2020-05-23 15:00:00+00:00,4731.5
2020-05-23 16:00:00+00:00,4652.75
2020-05-23 17:00:00+00:00,5176.75
2020-05-23 18:00:00+00:00,5674.25
2020-05-23 19:00:00+00:00,5749.25
2020-05-23 20:00:00+00:00,5700.75
2020-05-23 21:00:00+00:00,5684.25
2020-05-23 22:00:00+00:00,5691.0
2020-05-23 23:00:00+00:00,3938.0
2020-05-24 00:00:00+00:00,3200.5
2020-05-24 01:00:00+00:00,3006.25
2020-05-24 02:00:00+00:00,3072.5
2020-05-24 03:00:00+00:00,3145.0
2020-05-24 04:00:00+00:00,3240.25
2020-05-24 05:00:00+00:00,3703.25
2020-05-24 06:00:00+00:00,3794.25
2020-05-24 07:00:00+00:00,3736.5
2020-05-24 08:00:00+00:00,3672.75
2020-05-24 09:00:00+00:00,3675.0
2020-05-24 10:00:00+00:00,3545.5
2020-05-24 11:00:00+00:00,3436.75
2020-05-24 12:00:00+00:00,3529.75
2020-05-24 13:00:00+00:00,3597.25
2020-05-24 14:00:00+00:00,3429.5
2020-05-24 15:00:00+00:00,3548.5
2020-05-24 16:00:00+00:00,5046.0
2020-05-24 17:00:00+00:00,5198.75
2020-05-24 18:00:00+00:00,5265.0
2020-05-24 19:00:00+00:00,5406.25
2020-05-24 20:00:00+00:00,5269.0
2020-05-24 21:00:00+00:00,5140.5
2020-05-24 22:00:00+00:00,4880.75
2020-05-24 23:00:00+00:00,4987.0
2020-05-25 00:00:00+00:00,5145.75
2020-05-25 01:00:00+00:00,5245.0
2020-05-25 02:00:00+00:00,5128.5
2020-05-25 03:00:00+00:00,4881.0
2020-05-25 04:00:00+00:00,5040.0
2020-05-25 05:00:00+00:00,4720.5
2020-05-25 06:00:00+00:00,4803.5
2020-05-25 07:00:00+00:00,4188.5
2020-05-25 08:00:00+00:00,3685.0
2020-05-25 09:00:00+00:00,3114.0
2020-05-25 10:00:00+00:00,2362.5
2020-05-25 11:00:00+00:00,1752.5
2020-05-25 12:00:00+00:00,1543.75
2020-05-25 13:00:00+00:00,1677.5
2020-05-25 14:00:00+00:00,1683.5
2020-05-25 15:00:00+00:00,1382.75
2020-05-25 16:00:00+00:00,914.0
2020-05-25 17:00:00+00:00,860.5
2020-05-25 18:00:00+00:00,625.5
2020-05-25 19:00:00+00:00,318.5
2020-05-25 20:00:00+00:00,257.0
2020-05-25 21:00:00+00:00,169.25
2020-05-25 22:00:00+00:00,121.0
2020-05-25 23:00:00+00:00,34.0
2020-05-26 00:00:00+00:00,15.25
2020-05-26 01:00:00+00:00,14.75
2020-05-26 02:00:00+00:00,4.75
2020-05-26 03:00:00+00:00,2.75
2020-05-26 04:00:00+00:00,5.0
2020-05-26 05:00:00+00:00,10.75
2020-05-26 06:00:00+00:00,6.0
2020-05-26 07:00:00+00:00,42.0
2020-05-26 08:00:00+00:00,145.75
2020-05-26 09:00:00+00:00,180.0
2020-05-26 10:00:00+00:00,194.75
2020-05-26 11:00:00+00:00,195.25
2020-05-26 12:00:00+00:00,145.25
2020-05-26 13:00:00+00:00,73.5
2020-05-26 14:00:00+00:00,41.25
2020-05-26 15:00:00+00:00,32.0
2020-05-26 16:00:00+00:00,23.5
2020-05-26 17:00:00+00:00,22.0
2020-05-26 18:00:00+00:00,40.0
2020-05-26 19:00:00+00:00,38.5
2020-05-26 20:00:00+00:00,16.5
2020-05-26 21:00:00+00:00,17.25
2020-05-26 22:00:00+00:00,17.0
2020-05-26 23:00:00+00:00,35.0
2020-05-27 00:00:00+00:00,67.5
2020-05-27 01:00:00+00:00,168.5
2020-05-27 02:00:00+00:00,340.5
2020-05-27 03:00:00+00:00,458.5
2020-05-27 04:00:00+00:00,587.25
2020-05-27 05:00:00+00:00,517.0
2020-05-27 06:00:00+00:00,426.5
2020-05-27 07:00:00+00:00,438.25
2020-05-27 08:00:00+00:00,542.25
2020-05-27 09:00:00+00:00,794.5
2020-05-27 10:00:00+00:00,1234.25
2020-05-27 11:00:00+00:00,1534.0
2020-05-27 12:00:00+00:00,1948.0
2020-05-27 13:00:00+00:00,2442.25
2020-05-27 14:00:00+00:00,2686.75
2020-05-27 15:00:00+00:00,2956.75
2020-05-27 16:00:00+00:00,2698.75
2020-05-27 17:00:00+00:00,2527.5
2020-05-27 18:00:00+00:00,2793.75
2020-05-27 19:00:00+00:00,2804.0
2020-05-27 20:00:00+00:00,2327.0
2020-05-27 21:00:00+00:00,2354.25
2020-05-27 22:00:00+00:00,2319.25
2020-05-27 23:00:00+00:00,2720.5
2020-05-28 00:00:00+00:00,2823.0
2020-05-28 01:00:00+00:00,2482.5
2020-05-28 02:00:00+00:00,1961.25
2020-05-28 03:00:00+00:00,1751.25
2020-05-28 04:00:00+00:00,1594.25
2020-05-28 05:00:00+00:00,1341.5
2020-05-28 06:00:00+00:00,1186.75
2020-05-28 07:00:00+00:00,998.0
2020-05-28 08:00:00+00:00,844.25
2020-05-28 09:00:00+00:00,778.5
2020-05-28 10:00:00+00:00,694.75
2020-05-28 11:00:00+00:00,774.25
2020-05-28 12:00:00+00:00,918.0
2020-05-28 13:00:00+00:00,831.0
2020-05-28 14:00:00+00:00,708.25
2020-05-28 15:00:00+00:00,619.0
2020-05-28 16:00:00+00:00,576.0
2020-05-28 17:00:00+00:00,521.25
2020-05-28 18:00:00+00:00,518.5
2020-05-28 19:00:00+00:00,510.75
2020-05-28 20:00:00+00:00,496.0
2020-05-28 21:00:00+00:00,461.5
2020-05-28 22:00:00+00:00,417.5
2020-05-28 23:00:00+00:00,357.25
2020-05-29 00:00:00+00:00,271.25
2020-05-29 01:00:00+00:00,234.0
2020-05-29 02:00:00+00:00,259.0
2020-05-29 03:00:00+00:00,243.5
2020-05-29 04:00:00+00:00,259.5
2020-05-29 05:00:00+00:00,211.5
2020-05-29 06:00:00+00:00,166.0
2020-05-29 07:00:00+00:00,153.25
2020-05-29 08:00:00+00:00,151.75
2020-05-29 09:00:00+00:00,164.75
2020-05-29 10:00:00+00:00,244.75
2020-05-29 11:00:00+00:00,333.0
2020-05-29 12:00:00+00:00,370.25
2020-05-29 13:00:00+00:00,476.25
2020-05-29 14:00:00+00:00,676.0
2020-05-29 15:00:00+00:00,847.5
2020-05-29 16:00:00+00:00,1009.25
2020-05-29 17:00:00+00:00,1343.5
2020-05-29 18:00:00+00:00,1559.5
2020-05-29 19:00:00+00:00,1511.75
2020-05-29 20:00:00+00:00,1436.75
2020-05-29 21:00:00+00:00,1405.75
2020-05-29 22:00:00+00:00,1197.75
2020-05-29 23:00:00+00:00,1052.25
2020-05-30 00:00:00+00:00,921.5
2020-05-30 01:00:00+00:00,745.25
2020-05-30 02:00:00+00:00,526.5
2020-05-30 03:00:00+00:00,385.25
2020-05-30 04:00:00+00:00,419.0
2020-05-30 05:00:00+00:00,408.5
2020-05-30 06:00:00+00:00,541.25
2020-05-30 07:00:00+00:00,614.75
2020-05-30 08:00:00+00:00,556.75
2020-05-30 09:00:00+00:00,457.5
2020-05-30 10:00:00+00:00,409.75
2020-05-30 11:00:00+00:00,406.75
2020-05-30 12:00:00+00:00,433.75
2020-05-30 13:00:00+00:00,656.75
2020-05-30 14:00:00+00:00,922.75
2020-05-30 15:00:00+00:00,1084.5
2020-05-30 16:00:00+00:00,1276.0
2020-05-30 17:00:00+00:00,1733.75
2020-05-30 18:00:00+00:00,1854.25
2020-05-30 19:00:00+00:00,1558.5
2020-05-30 20:00:00+00:00,1181.75
2020-05-30 21:00:00+00:00,1300.25
2020-05-30 22:00:00+00:00,1488.5
2020-05-30 23:00:00+00:00,1400.5
2020-05-31 00:00:00+00:00,1500.25
2020-05-31 01:00:00+00:00,1649.0
2020-05-31 02:00:00+00:00,1604.5
2020-05-31 03:00:00+00:00,1387.0
2020-05-31 04:00:00+00:00,1223.0
2020-05-31 05:00:00+00:00,1091.0
2020-05-31 06:00:00+00:00,1104.5
2020-05-31 07:00:00+00:00,1130.5
2020-05-31 08:00:00+00:00,1231.75
2020-05-31 09:00:00+00:00,1232.5
2020-05-31 10:00:00+00:00,1318.0
2020-05-31 11:00:00+00:00,1513.75
2020-05-31 12:00:00+00:00,2135.0
2020-05-31 13:00:00+00:00,2675.75
2020-05-31 14:00:00+00:00,3089.0
2020-05-31 15:00:00+00:00,3731.75
2020-05-31 16:00:00+00:00,4166.0
2020-05-31 17:00:00+00:00,3993.75
2020-05-31 18:00:00+00:00,3721.25
2020-05-31 19:00:00+00:00,3662.5
2020-05-31 20:00:00+00:00,4063.5
2020-05-31 21:00:00+00:00,4832.0
2020-05-31 22:00:00+00:00,5274.25
2020-05-31 23:00:00+00:00,5091.75
2020-06-01 00:00:00+00:00,4660.5
2020-06-01 01:00:00+00:00,3982.25
2020-06-01 02:00:00+00:00,2284.5
2020-06-01 03:00:00+00:00,1456.5
2020-06-01 04:00:00+00:00,1413.25
2020-06-01 05:00:00+00:00,1550.25
2020-06-01 06:00:00+00:00,1941.75
2020-06-01 07:00:00+00:00,2456.5
2020-06-01 08:00:00+00:00,2660.25
2020-06-01 09:00:00+00:00,2572.0
2020-06-01 10:00:00+00:00,2487.75
2020-06-01 11:00:00+00:00,2338.75
2020-06-01 12:00:00+00:00,2015.0
2020-06-01 13:00:00+00:00,1770.75
2020-06-01 14:00:00+00:00,1637.75
2020-06-01 15:00:00+00:00,1493.25
2020-06-01 16:00:00+00:00,1419.25
2020-06-01 17:00:00+00:00,1609.0
2020-06-01 18:00:00+00:00,1976.5
2020-06-01 19:00:00+00:00,2080.0
2020-06-01 20:00:00+00:00,2121.75
2020-06-01 21:00:00+00:00,1884.5
2020-06-01 22:00:00+00:00,1430.75
2020-06-01 23:00:00+00:00,920.0
2020-06-02 00:00:00+00:00,841.0
2020-06-02 01:00:00+00:00,712.25
2020-06-02 02:00:00+00:00,652.5
2020-06-02 03:00:00+00:00,706.5
2020-06-02 04:00:00+00:00,670.0
2020-06-02 05:00:00+00:00,744.5
2020-06-02 06:00:00+00:00,776.0
2020-06-02 07:00:00+00:00,713.5
2020-06-02 08:00:00+00:00,702.0
2020-06-02 09:00:00+00:00,621.25
2020-06-02 10:00:00+00:00,532.5
2020-06-02 11:00:00+00:00,515.5
2020-06-02 12:00:00+00:00,466.25
2020-06-02 13:00:00+00:00,380.0
2020-06-02 14:00:00+00:00,421.5
2020-06-02 15:00:00+00:00,459.25
2020-06-02 16:00:00+00:00,478.5
2020-06-02 17:00:00+00:00,261.25
2020-06-02 18:00:00+00:00,310.25
2020-06-02 19:00:00+00:00,485.75
2020-06-02 20:00:00+00:00,546.25
2020-06-02 21:00:00+00:00,704.25
2020-06-02 22:00:00+00:00,874.75
2020-06-02 23:00:00+00:00,837.25
2020-06-03 00:00:00+00:00,859.5
2020-06-03 01:00:00+00:00,1056.0
2020-06-03 02:00:00+00:00,1588.0
2020-06-03 03:00:00+00:00,2236.5
2020-06-03 04:00:00+00:00,2515.0
2020-06-03 05:00:00+00:00,2645.75
2020-06-03 06:00:00+00:00,2808.25
2020-06-03 07:00:00+00:00,2801.5
2020-06-03 08:00:00+00:00,2803.25
2020-06-03 09:00:00+00:00,3128.5
2020-06-03 10:00:00+00:00,3908.75
2020-06-03 11:00:00+00:00,3911.0
2020-06-03 12:00:00+00:00,4188.25
2020-06-03 13:00:00+00:00,4230.5
2020-06-03 14:00:00+00:00,4354.25
2020-06-03 15:00:00+00:00,4565.5
2020-06-03 16:00:00+00:00,4627.5
2020-06-03 17:00:00+00:00,4765.0
2020-06-03 18:00:00+00:00,5103.5
2020-06-03 19:00:00+00:00,4142.5
2020-06-03 20:00:00+00:00,4153.25
2020-06-03 21:00:00+00:00,4385.5
2020-06-03 22:00:00+00:00,4076.25
2020-06-03 23:00:00+00:00,3861.25
2020-06-04 00:00:00+00:00,3596.5
2020-06-04 01:00:00+00:00,3159.5
2020-06-04 02:00:00+00:00,2937.0
2020-06-04 03:00:00+00:00,2696.5
2020-06-04 04:00:00+00:00,2227.0
2020-06-04 05:00:00+00:00,1892.0
2020-06-04 06:00:00+00:00,2077.25
2020-06-04 07:00:00+00:00,2410.5
2020-06-04 08:00:00+00:00,2805.25
2020-06-04 09:00:00+00:00,2803.0
2020-06-04 10:00:00+00:00,2596.75
2020-06-04 11:00:00+00:00,2629.75
2020-06-04 12:00:00+00:00,2766.25
2020-06-04 13:00:00+00:00,3682.25
2020-06-04 14:00:00+00:00,4959.25
2020-06-04 15:00:00+00:00,5508.25
2020-06-04 16:00:00+00:00,5645.25
2020-06-04 17:00:00+00:00,4992.5
2020-06-04 18:00:00+00:00,5119.5
2020-06-04 19:00:00+00:00,5549.25
2020-06-04 20:00:00+00:00,5483.0
2020-06-04 21:00:00+00:00,5306.25
2020-06-04 22:00:00+00:00,5260.25
2020-06-04 23:00:00+00:00,4428.75
2020-06-05 00:00:00+00:00,4651.75
2020-06-05 01:00:00+00:00,3943.5
2020-06-05 02:00:00+00:00,3326.25
2020-06-05 03:00:00+00:00,3309.5
2020-06-05 04:00:00+00:00,2708.75
2020-06-05 05:00:00+00:00,2172.5
2020-06-05 06:00:00+00:00,1602.5
2020-06-05 07:00:00+00:00,1291.75
2020-06-05 08:00:00+00:00,1227.0
2020-06-05 09:00:00+00:00,1416.75
2020-06-05 10:00:00+00:00,1195.0
2020-06-05 11:00:00+00:00,1445.25
2020-06-05 12:00:00+00:00,1289.5
2020-06-05 13:00:00+00:00,1662.25
2020-06-05 14:00:00+00:00,1326.25
2020-06-05 15:00:00+00:00,1757.0
2020-06-05 16:00:00+00:00,2438.75
2020-06-05 17:00:00+00:00,2346.0
2020-06-05 18:00:00+00:00,2661.0
2020-06-05 19:00:00+00:00,4408.75
2020-06-05 20:00:00+00:00,5045.75
2020-06-05 21:00:00+00:00,4872.5
2020-06-05 22:00:00+00:00,4974.5
2020-06-05 23:00:00+00:00,5073.75
2020-06-06 00:00:00+00:00,4880.0
2020-06-06 01:00:00+00:00,4506.75
2020-06-06 02:00:00+00:00,4919.75
2020-06-06 03:00:00+00:00,4935.5
2020-06-06 04:00:00+00:00,4907.0
2020-06-06 05:00:00+00:00,4862.75
2020-06-06 06:00:00+00:00,5649.75
2020-06-06 07:00:00+00:00,5339.75
2020-06-06 08:00:00+00:00,5507.5
2020-06-06 09:00:00+00:00,5747.0
2020-06-06 10:00:00+00:00,5845.5
2020-06-06 11:00:00+00:00,5630.5
2020-06-06 12:00:00+00:00,5560.0
2020-06-06 13:00:00+00:00,5185.75
2020-06-06 14:00:00+00:00,4841.5
2020-06-06 15:00:00+00:00,4986.5
2020-06-06 16:00:00+00:00,4987.75
2020-06-06 17:00:00+00:00,4496.5
2020-06-06 18:00:00+00:00,4256.5
2020-06-06 19:00:00+00:00,4551.5
2020-06-06 20:00:00+00:00,4721.75
2020-06-06 21:00:00+00:00,4691.0
2020-06-06 22:00:00+00:00,5051.5
2020-06-06 23:00:00+00:00,4889.75
2020-06-07 00:00:00+00:00,4434.0
2020-06-07 01:00:00+00:00,4402.25
2020-06-07 02:00:00+00:00,3798.0
2020-06-07 03:00:00+00:00,3028.0
2020-06-07 04:00:00+00:00,2673.5
2020-06-07 05:00:00+00:00,2512.25
2020-06-07 06:00:00+00:00,2457.5
2020-06-07 07:00:00+00:00,2031.25
2020-06-07 08:00:00+00:00,1336.25
2020-06-07 09:00:00+00:00,604.75
2020-06-07 10:00:00+00:00,537.5
2020-06-07 11:00:00+00:00,680.5
2020-06-07 12:00:00+00:00,995.0
2020-06-07 13:00:00+00:00,1317.0
2020-06-07 14:00:00+00:00,1339.0
2020-06-07 15:00:00+00:00,1147.0
2020-06-07 16:00:00+00:00,890.5
2020-06-07 17:00:00+00:00,598.0
2020-06-07 18:00:00+00:00,460.75
2020-06-07 19:00:00+00:00,248.5
2020-06-07 20:00:00+00:00,234.5
2020-06-07 21:00:00+00:00,184.0
2020-06-07 22:00:00+00:00,197.25
2020-06-07 23:00:00+00:00,309.5
2020-06-08 00:00:00+00:00,355.0
2020-06-08 01:00:00+00:00,309.75
2020-06-08 02:00:00+00:00,199.5
2020-06-08 03:00:00+00:00,139.5
2020-06-08 04:00:00+00:00,97.75
2020-06-08 05:00:00+00:00,126.5
2020-06-08 06:00:00+00:00,132.25
2020-06-08 07:00:00+00:00,192.75
2020-06-08 08:00:00+00:00,407.25
2020-06-08 09:00:00+00:00,700.75
2020-06-08 10:00:00+00:00,860.75
2020-06-08 11:00:00+00:00,993.25
2020-06-08 12:00:00+00:00,1097.75
2020-06-08 13:00:00+00:00,1383.75
2020-06-08 14:00:00+00:00,1524.75
2020-06-08 15:00:00+00:00,1492.0
2020-06-08 16:00:00+00:00,1217.75
2020-06-08 17:00:00+00:00,1100.25
2020-06-08 18:00:00+00:00,947.25
2020-06-08 19:00:00+00:00,768.5
2020-06-08 20:00:00+00:00,676.75
2020-06-08 21:00:00+00:00,610.25
2020-06-08 22:00:00+00:00,504.0
2020-06-08 23:00:00+00:00,194.75
2020-06-09 00:00:00+00:00,106.75
2020-06-09 01:00:00+00:00,173.5
2020-06-09 02:00:00+00:00,180.5
2020-06-09 03:00:00+00:00,123.5
2020-06-09 04:00:00+00:00,123.0
2020-06-09 05:00:00+00:00,88.25
2020-06-09 06:00:00+00:00,57.25
2020-06-09 07:00:00+00:00,32.5
2020-06-09 08:00:00+00:00,25.25
2020-06-09 09:00:00+00:00,16.5
2020-06-09 10:00:00+00:00,17.0
2020-06-09 11:00:00+00:00,11.0
2020-06-09 12:00:00+00:00,4.0
2020-06-09 13:00:00+00:00,0.25
2020-06-09 14:00:00+00:00,3.5
2020-06-09 15:00:00+00:00,11.75
2020-06-09 16:00:00+00:00,28.0
2020-06-09 17:00:00+00:00,57.25
2020-06-09 18:00:00+00:00,57.0
2020-06-09 19:00:00+00:00,68.5
2020-06-09 20:00:00+00:00,113.5
2020-06-09 21:00:00+00:00,129.5
2020-06-09 22:00:00+00:00,136.0
2020-06-09 23:00:00+00:00,147.75
2020-06-10 00:00:00+00:00,103.75
2020-06-10 01:00:00+00:00,108.5
2020-06-10 02:00:00+00:00,156.0
2020-06-10 03:00:00+00:00,197.75
2020-06-10 04:00:00+00:00,176.25
2020-06-10 05:00:00+00:00,161.0
2020-06-10 06:00:00+00:00,217.5
2020-06-10 07:00:00+00:00,281.0
2020-06-10 08:00:00+00:00,263.0
2020-06-10 09:00:00+00:00,277.75
2020-06-10 10:00:00+00:00,401.0
2020-06-10 11:00:00+00:00,392.25
2020-06-10 12:00:00+00:00,403.0
2020-06-10 13:00:00+00:00,607.25
2020-06-10 14:00:00+00:00,766.25
2020-06-10 15:00:00+00:00,987.0
2020-06-10 16:00:00+00:00,1322.25
2020-06-10 17:00:00+00:00,1628.5
2020-06-10 18:00:00+00:00,1887.5
2020-06-10 19:00:00+00:00,2238.5
2020-06-10 20:00:00+00:00,2616.75
2020-06-10 21:00:00+00:00,2982.0
2020-06-10 22:00:00+00:00,3159.75
2020-06-10 23:00:00+00:00,3384.0
2020-06-11 00:00:00+00:00,3152.0
2020-06-11 01:00:00+00:00,3195.25
2020-06-11 02:00:00+00:00,3412.25
2020-06-11 03:00:00+00:00,4218.5
2020-06-11 04:00:00+00:00,4691.5
2020-06-11 05:00:00+00:00,4787.75
2020-06-11 06:00:00+00:00,4644.5
2020-06-11 07:00:00+00:00,4967.0
2020-06-11 08:00:00+00:00,5190.5
2020-06-11 09:00:00+00:00,5160.0
2020-06-11 10:00:00+00:00,4964.75
2020-06-11 11:00:00+00:00,5118.0
2020-06-11 12:00:00+00:00,5339.25
2020-06-11 13:00:00+00:00,5241.5
2020-06-11 14:00:00+00:00,5478.5
2020-06-11 15:00:00+00:00,5186.75
2020-06-11 16:00:00+00:00,4602.25
2020-06-11 17:00:00+00:00,4392.25
2020-06-11 18:00:00+00:00,4920.25
2020-06-11 19:00:00+00:00,5021.0
2020-06-11 20:00:00+00:00,5343.25
2020-06-11 21:00:00+00:00,5718.5
2020-06-11 22:00:00+00:00,5522.0
2020-06-11 23:00:00+00:00,4912.0
2020-06-12 00:00:00+00:00,4675.25
2020-06-12 01:00:00+00:00,4454.5
2020-06-12 02:00:00+00:00,4580.5
2020-06-12 03:00:00+00:00,4496.75
2020-06-12 04:00:00+00:00,3864.0
2020-06-12 05:00:00+00:00,3271.25
2020-06-12 06:00:00+00:00,3005.25
2020-06-12 07:00:00+00:00,2587.25
2020-06-12 08:00:00+00:00,2457.0
2020-06-12 09:00:00+00:00,2455.0
2020-06-12 10:00:00+00:00,2512.5
2020-06-12 11:00:00+00:00,2900.0
2020-06-12 12:00:00+00:00,3427.75
2020-06-12 13:00:00+00:00,3985.75
2020-06-12 14:00:00+00:00,4355.25
2020-06-12 15:00:00+00:00,4868.5
2020-06-12 16:00:00+00:00,5204.75
2020-06-12 17:00:00+00:00,5589.0
2020-06-12 18:00:00+00:00,5704.0
2020-06-12 19:00:00+00:00,6083.0
2020-06-12 20:00:00+00:00,6078.5
2020-06-12 21:00:00+00:00,5777.5
2020-06-12 22:00:00+00:00,5839.5
2020-06-12 23:00:00+00:00,6229.0
2020-06-13 00:00:00+00:00,6104.0
2020-06-13 01:00:00+00:00,5955.75
2020-06-13 02:00:00+00:00,5521.5
2020-06-13 03:00:00+00:00,4911.25
2020-06-13 04:00:00+00:00,4128.5
2020-06-13 05:00:00+00:00,3633.25
2020-06-13 06:00:00+00:00,3482.75
2020-06-13 07:00:00+00:00,4067.75
2020-06-13 08:00:00+00:00,4331.75
2020-06-13 09:00:00+00:00,3966.0
2020-06-13 10:00:00+00:00,3701.75
2020-06-13 11:00:00+00:00,3494.25
2020-06-13 12:00:00+00:00,2748.5
2020-06-13 13:00:00+00:00,2448.0
2020-06-13 14:00:00+00:00,2377.75
2020-06-13 15:00:00+00:00,2838.0
2020-06-13 16:00:00+00:00,3230.25
2020-06-13 17:00:00+00:00,3508.25
2020-06-13 18:00:00+00:00,3610.75
2020-06-13 19:00:00+00:00,3407.5
2020-06-13 20:00:00+00:00,4215.75
2020-06-13 21:00:00+00:00,4514.5
2020-06-13 22:00:00+00:00,4921.0
2020-06-13 23:00:00+00:00,5392.75
2020-06-14 00:00:00+00:00,4912.5
2020-06-14 01:00:00+00:00,3644.75
2020-06-14 02:00:00+00:00,4056.25
2020-06-14 03:00:00+00:00,4857.75
2020-06-14 04:00:00+00:00,4110.0
2020-06-14 05:00:00+00:00,3221.0
2020-06-14 06:00:00+00:00,2693.75
2020-06-14 07:00:00+00:00,2297.25
2020-06-14 08:00:00+00:00,2438.5
2020-06-14 09:00:00+00:00,2803.0
2020-06-14 10:00:00+00:00,3012.75
2020-06-14 11:00:00+00:00,3011.25
2020-06-14 12:00:00+00:00,2625.5
2020-06-14 13:00:00+00:00,2187.5
2020-06-14 14:00:00+00:00,1959.0
2020-06-14 15:00:00+00:00,1984.0
2020-06-14 16:00:00+00:00,2140.5
2020-06-14 17:00:00+00:00,2336.75
2020-06-14 18:00:00+00:00,2220.75
2020-06-14 19:00:00+00:00,2261.0
2020-06-14 20:00:00+00:00,2548.5
2020-06-14 21:00:00+00:00,2892.75
2020-06-14 22:00:00+00:00,3393.75
2020-06-14 23:00:00+00:00,3264.25
2020-06-15 00:00:00+00:00,3283.0
2020-06-15 01:00:00+00:00,3111.75
2020-06-15 02:00:00+00:00,2625.75
2020-06-15 03:00:00+00:00,2309.75
2020-06-15 04:00:00+00:00,2261.5
2020-06-15 05:00:00+00:00,2326.75
2020-06-15 06:00:00+00:00,2340.25
2020-06-15 07:00:00+00:00,1955.75
2020-06-15 08:00:00+00:00,1436.25
2020-06-15 09:00:00+00:00,1318.25
2020-06-15 10:00:00+00:00,1014.25
2020-06-15 11:00:00+00:00,650.5
2020-06-15 12:00:00+00:00,353.0
2020-06-15 13:00:00+00:00,177.25
2020-06-15 14:00:00+00:00,105.25
2020-06-15 15:00:00+00:00,133.75
2020-06-15 16:00:00+00:00,240.75
2020-06-15 17:00:00+00:00,237.5
2020-06-15 18:00:00+00:00,264.75
2020-06-15 19:00:00+00:00,347.0
2020-06-15 20:00:00+00:00,361.25
2020-06-15 21:00:00+00:00,367.75
2020-06-15 22:00:00+00:00,340.0
2020-06-15 23:00:00+00:00,498.25
2020-06-16 00:00:00+00:00,651.5
2020-06-16 01:00:00+00:00,481.75
2020-06-16 02:00:00+00:00,280.5
2020-06-16 03:00:00+00:00,173.5
2020-06-16 04:00:00+00:00,174.75
2020-06-16 05:00:00+00:00,240.5
2020-06-16 06:00:00+00:00,194.5
2020-06-16 07:00:00+00:00,198.25
2020-06-16 08:00:00+00:00,196.5
2020-06-16 09:00:00+00:00,202.5
2020-06-16 10:00:00+00:00,131.25
2020-06-16 11:00:00+00:00,51.25
2020-06-16 12:00:00+00:00,47.75
2020-06-16 13:00:00+00:00,87.0
2020-06-16 14:00:00+00:00,166.0
2020-06-16 15:00:00+00:00,162.5
2020-06-16 16:00:00+00:00,179.0
2020-06-16 17:00:00+00:00,134.75
2020-06-16 18:00:00+00:00,79.0
2020-06-16 19:00:00+00:00,35.5
2020-06-16 20:00:00+00:00,42.0
2020-06-16 21:00:00+00:00,36.75
2020-06-16 22:00:00+00:00,53.5
2020-06-16 23:00:00+00:00,39.5
2020-06-17 00:00:00+00:00,22.75
2020-06-17 01:00:00+00:00,31.75
2020-06-17 02:00:00+00:00,42.5
2020-06-17 03:00:00+00:00,61.5
2020-06-17 04:00:00+00:00,124.25
2020-06-17 05:00:00+00:00,220.0
2020-06-17 06:00:00+00:00,265.25
2020-06-17 07:00:00+00:00,230.0
2020-06-17 08:00:00+00:00,176.75
2020-06-17 09:00:00+00:00,165.75
2020-06-17 10:00:00+00:00,164.75
2020-06-17 11:00:00+00:00,158.5
2020-06-17 12:00:00+00:00,218.0
2020-06-17 13:00:00+00:00,366.5
2020-06-17 14:00:00+00:00,642.5
2020-06-17 15:00:00+00:00,1058.75
2020-06-17 16:00:00+00:00,1655.0
2020-06-17 17:00:00+00:00,2333.25
2020-06-17 18:00:00+00:00,2996.75
2020-06-17 19:00:00+00:00,3141.0
2020-06-17 20:00:00+00:00,2974.25
2020-06-17 21:00:00+00:00,2815.5
2020-06-17 22:00:00+00:00,2753.5
2020-06-17 23:00:00+00:00,2470.0
2020-06-18 00:00:00+00:00,2267.0
2020-06-18 01:00:00+00:00,2342.75
2020-06-18 02:00:00+00:00,2016.0
2020-06-18 03:00:00+00:00,1826.0
2020-06-18 04:00:00+00:00,1768.75
2020-06-18 05:00:00+00:00,1723.75
2020-06-18 06:00:00+00:00,1491.0
2020-06-18 07:00:00+00:00,1483.25
2020-06-18 08:00:00+00:00,1414.0
2020-06-18 09:00:00+00:00,1503.0
2020-06-18 10:00:00+00:00,1334.5
2020-06-18 11:00:00+00:00,1058.5
2020-06-18 12:00:00+00:00,719.0
2020-06-18 13:00:00+00:00,505.5
2020-06-18 14:00:00+00:00,481.75
2020-06-18 15:00:00+00:00,460.0
2020-06-18 16:00:00+00:00,478.5
2020-06-18 17:00:00+00:00,485.75
2020-06-18 18:00:00+00:00,421.75
2020-06-18 19:00:00+00:00,365.25
2020-06-18 20:00:00+00:00,338.0
2020-06-18 21:00:00+00:00,518.75
2020-06-18 22:00:00+00:00,492.25
2020-06-18 23:00:00+00:00,612.25
2020-06-19 00:00:00+00:00,517.5
2020-06-19 01:00:00+00:00,399.25
2020-06-19 02:00:00+00:00,374.0
2020-06-19 03:00:00+00:00,321.0
2020-06-19 04:00:00+00:00,412.0
2020-06-19 05:00:00+00:00,515.75
2020-06-19 06:00:00+00:00,532.75
2020-06-19 07:00:00+00:00,507.25
2020-06-19 08:00:00+00:00,459.75
2020-06-19 09:00:00+00:00,311.0
2020-06-19 10:00:00+00:00,264.75
2020-06-19 11:00:00+00:00,190.0
2020-06-19 12:00:00+00:00,96.0
2020-06-19 13:00:00+00:00,124.0
2020-06-19 14:00:00+00:00,231.0
2020-06-19 15:00:00+00:00,306.5
2020-06-19 16:00:00+00:00,319.0
2020-06-19 17:00:00+00:00,323.0
2020-06-19 18:00:00+00:00,368.25
2020-06-19 19:00:00+00:00,472.25
2020-06-19 20:00:00+00:00,553.0
2020-06-19 21:00:00+00:00,596.75
2020-06-19 22:00:00+00:00,628.25
2020-06-19 23:00:00+00:00,712.75
2020-06-20 00:00:00+00:00,826.25
2020-06-20 01:00:00+00:00,754.5
2020-06-20 02:00:00+00:00,656.75
2020-06-20 03:00:00+00:00,500.75
2020-06-20 04:00:00+00:00,392.25
2020-06-20 05:00:00+00:00,427.25
2020-06-20 06:00:00+00:00,520.0
2020-06-20 07:00:00+00:00,594.5
2020-06-20 08:00:00+00:00,786.5
2020-06-20 09:00:00+00:00,681.0
2020-06-20 10:00:00+00:00,594.5
2020-06-20 11:00:00+00:00,651.5
2020-06-20 12:00:00+00:00,625.5
2020-06-20 13:00:00+00:00,725.5
2020-06-20 14:00:00+00:00,820.25
2020-06-20 15:00:00+00:00,995.0
2020-06-20 16:00:00+00:00,993.5
2020-06-20 17:00:00+00:00,968.75
2020-06-20 18:00:00+00:00,929.25
2020-06-20 19:00:00+00:00,819.5
2020-06-20 20:00:00+00:00,752.5
2020-06-20 21:00:00+00:00,788.25
2020-06-20 22:00:00+00:00,755.0
2020-06-20 23:00:00+00:00,693.75
2020-06-21 00:00:00+00:00,695.25
2020-06-21 01:00:00+00:00,630.75
2020-06-21 02:00:00+00:00,777.0
2020-06-21 03:00:00+00:00,802.5
2020-06-21 04:00:00+00:00,887.5
2020-06-21 05:00:00+00:00,867.5
2020-06-21 06:00:00+00:00,858.0
2020-06-21 07:00:00+00:00,834.0
2020-06-21 08:00:00+00:00,851.75
2020-06-21 09:00:00+00:00,956.5
2020-06-21 10:00:00+00:00,1257.25
2020-06-21 11:00:00+00:00,1652.0
2020-06-21 12:00:00+00:00,2074.0
2020-06-21 13:00:00+00:00,2177.25
2020-06-21 14:00:00+00:00,2266.75
2020-06-21 15:00:00+00:00,2078.0
2020-06-21 16:00:00+00:00,1206.0
2020-06-21 17:00:00+00:00,1078.25
2020-06-21 18:00:00+00:00,1350.0
2020-06-21 19:00:00+00:00,991.0
2020-06-21 20:00:00+00:00,1055.0
2020-06-21 21:00:00+00:00,874.0
2020-06-21 22:00:00+00:00,761.25
2020-06-21 23:00:00+00:00,705.25
2020-06-22 00:00:00+00:00,632.75
2020-06-22 01:00:00+00:00,563.25
2020-06-22 02:00:00+00:00,510.25
2020-06-22 03:00:00+00:00,474.75
2020-06-22 04:00:00+00:00,503.0
2020-06-22 05:00:00+00:00,641.5
2020-06-22 06:00:00+00:00,539.0
2020-06-22 07:00:00+00:00,419.75
2020-06-22 08:00:00+00:00,394.25
2020-06-22 09:00:00+00:00,367.0
2020-06-22 10:00:00+00:00,345.0
2020-06-22 11:00:00+00:00,437.0
2020-06-22 12:00:00+00:00,484.0
2020-06-22 13:00:00+00:00,496.25
2020-06-22 14:00:00+00:00,440.75
2020-06-22 15:00:00+00:00,597.0
2020-06-22 16:00:00+00:00,589.75
2020-06-22 17:00:00+00:00,511.25
2020-06-22 18:00:00+00:00,546.5
2020-06-22 19:00:00+00:00,605.5
2020-06-22 20:00:00+00:00,740.5
2020-06-22 21:00:00+00:00,742.0
2020-06-22 22:00:00+00:00,654.0
2020-06-22 23:00:00+00:00,533.75
2020-06-23 00:00:00+00:00,418.25
2020-06-23 01:00:00+00:00,509.5
2020-06-23 02:00:00+00:00,534.0
2020-06-23 03:00:00+00:00,532.5
2020-06-23 04:00:00+00:00,615.5
2020-06-23 05:00:00+00:00,614.75
2020-06-23 06:00:00+00:00,580.5
2020-06-23 07:00:00+00:00,619.75
2020-06-23 08:00:00+00:00,596.0
2020-06-23 09:00:00+00:00,585.0
2020-06-23 10:00:00+00:00,470.75
2020-06-23 11:00:00+00:00,371.75
2020-06-23 12:00:00+00:00,335.5
2020-06-23 13:00:00+00:00,280.5
2020-06-23 14:00:00+00:00,244.75
2020-06-23 15:00:00+00:00,177.75
2020-06-23 16:00:00+00:00,139.75
2020-06-23 17:00:00+00:00,182.0
2020-06-23 18:00:00+00:00,183.5
2020-06-23 19:00:00+00:00,203.25
2020-06-23 20:00:00+00:00,178.25
2020-06-23 21:00:00+00:00,180.25
2020-06-23 22:00:00+00:00,153.0
2020-06-23 23:00:00+00:00,97.25
2020-06-24 00:00:00+00:00,66.0
2020-06-24 01:00:00+00:00,74.25
2020-06-24 02:00:00+00:00,81.25
2020-06-24 03:00:00+00:00,153.25
2020-06-24 04:00:00+00:00,211.25
2020-06-24 05:00:00+00:00,223.25
2020-06-24 06:00:00+00:00,187.0
2020-06-24 07:00:00+00:00,179.75
2020-06-24 08:00:00+00:00,162.0
2020-06-24 09:00:00+00:00,323.75
2020-06-24 10:00:00+00:00,488.0
2020-06-24 11:00:00+00:00,481.75
2020-06-24 12:00:00+00:00,434.5
2020-06-24 13:00:00+00:00,505.0
2020-06-24 14:00:00+00:00,583.5
2020-06-24 15:00:00+00:00,668.0
2020-06-24 16:00:00+00:00,963.0
2020-06-24 17:00:00+00:00,1385.0
2020-06-24 18:00:00+00:00,1905.5
2020-06-24 19:00:00+00:00,2183.0
2020-06-24 20:00:00+00:00,2327.0
2020-06-24 21:00:00+00:00,2454.0
2020-06-24 22:00:00+00:00,2560.0
2020-06-24 23:00:00+00:00,2818.25
2020-06-25 00:00:00+00:00,2647.5
2020-06-25 01:00:00+00:00,2411.75
2020-06-25 02:00:00+00:00,2001.5
2020-06-25 03:00:00+00:00,1774.0
2020-06-25 04:00:00+00:00,1495.0
2020-06-25 05:00:00+00:00,1348.0
2020-06-25 06:00:00+00:00,1374.0
2020-06-25 07:00:00+00:00,1557.5
2020-06-25 08:00:00+00:00,1653.25
2020-06-25 09:00:00+00:00,1640.0
2020-06-25 10:00:00+00:00,1808.25
2020-06-25 11:00:00+00:00,1870.5
2020-06-25 12:00:00+00:00,1996.5
2020-06-25 13:00:00+00:00,2147.5
2020-06-25 14:00:00+00:00,2421.5
2020-06-25 15:00:00+00:00,2842.75
2020-06-25 16:00:00+00:00,3110.25
2020-06-25 17:00:00+00:00,3477.5
2020-06-25 18:00:00+00:00,3713.0
2020-06-25 19:00:00+00:00,3804.0
2020-06-25 20:00:00+00:00,3546.0
2020-06-25 21:00:00+00:00,3359.25
2020-06-25 22:00:00+00:00,3198.5
2020-06-25 23:00:00+00:00,3034.75
2020-06-26 00:00:00+00:00,2553.25
2020-06-26 01:00:00+00:00,2030.5
2020-06-26 02:00:00+00:00,1658.5
2020-06-26 03:00:00+00:00,1594.0
2020-06-26 04:00:00+00:00,1397.25
2020-06-26 05:00:00+00:00,1406.25
2020-06-26 06:00:00+00:00,1517.5
2020-06-26 07:00:00+00:00,1503.75
2020-06-26 08:00:00+00:00,1420.25
2020-06-26 09:00:00+00:00,1379.5
2020-06-26 10:00:00+00:00,1554.75
2020-06-26 11:00:00+00:00,1391.5
2020-06-26 12:00:00+00:00,1360.75
2020-06-26 13:00:00+00:00,1479.5
2020-06-26 14:00:00+00:00,1460.0
2020-06-26 15:00:00+00:00,1488.5
2020-06-26 16:00:00+00:00,1529.0
2020-06-26 17:00:00+00:00,1724.25
2020-06-26 18:00:00+00:00,2019.5
2020-06-26 19:00:00+00:00,2444.75
2020-06-26 20:00:00+00:00,2197.25
2020-06-26 21:00:00+00:00,1894.5
2020-06-26 22:00:00+00:00,2047.5
2020-06-26 23:00:00+00:00,1985.25
2020-06-27 00:00:00+00:00,1762.5
2020-06-27 01:00:00+00:00,1829.75
2020-06-27 02:00:00+00:00,1168.75
2020-06-27 03:00:00+00:00,777.25
2020-06-27 04:00:00+00:00,688.25
2020-06-27 05:00:00+00:00,414.75
2020-06-27 06:00:00+00:00,360.75
2020-06-27 07:00:00+00:00,461.25
2020-06-27 08:00:00+00:00,371.25
2020-06-27 09:00:00+00:00,580.5
2020-06-27 10:00:00+00:00,745.5
2020-06-27 11:00:00+00:00,438.75
2020-06-27 12:00:00+00:00,293.25
2020-06-27 13:00:00+00:00,211.25
2020-06-27 14:00:00+00:00,275.25
2020-06-27 15:00:00+00:00,310.75
2020-06-27 16:00:00+00:00,296.75
2020-06-27 17:00:00+00:00,256.0
2020-06-27 18:00:00+00:00,320.75
2020-06-27 19:00:00+00:00,565.75
2020-06-27 20:00:00+00:00,918.25
2020-06-27 21:00:00+00:00,1591.75
2020-06-27 22:00:00+00:00,2367.5
2020-06-27 23:00:00+00:00,2977.0
2020-06-28 00:00:00+00:00,3191.25
2020-06-28 01:00:00+00:00,3516.25
2020-06-28 02:00:00+00:00,3415.75
2020-06-28 03:00:00+00:00,2846.25
2020-06-28 04:00:00+00:00,2684.0
2020-06-28 05:00:00+00:00,3156.75
2020-06-28 06:00:00+00:00,3165.5
2020-06-28 07:00:00+00:00,3379.25
2020-06-28 08:00:00+00:00,3382.75
2020-06-28 09:00:00+00:00,3354.5
2020-06-28 10:00:00+00:00,3257.0
2020-06-28 11:00:00+00:00,3475.75
2020-06-28 12:00:00+00:00,3525.25
2020-06-28 13:00:00+00:00,3481.0
2020-06-28 14:00:00+00:00,3540.0
2020-06-28 15:00:00+00:00,3127.5
2020-06-28 16:00:00+00:00,2831.25
2020-06-28 17:00:00+00:00,2702.75
2020-06-28 18:00:00+00:00,2406.0
2020-06-28 19:00:00+00:00,2383.5
2020-06-28 20:00:00+00:00,2540.0
2020-06-28 21:00:00+00:00,2720.5
2020-06-28 22:00:00+00:00,3287.25
2020-06-28 23:00:00+00:00,3660.0
2020-06-29 00:00:00+00:00,3869.5
2020-06-29 01:00:00+00:00,3862.25
2020-06-29 02:00:00+00:00,3432.25
2020-06-29 03:00:00+00:00,3141.5
2020-06-29 04:00:00+00:00,3396.0
2020-06-29 05:00:00+00:00,3487.25
2020-06-29 06:00:00+00:00,3863.25
2020-06-29 07:00:00+00:00,3746.5
2020-06-29 08:00:00+00:00,3405.25
2020-06-29 09:00:00+00:00,3331.0
2020-06-29 10:00:00+00:00,3484.25
2020-06-29 11:00:00+00:00,3695.75
2020-06-29 12:00:00+00:00,3641.25
2020-06-29 13:00:00+00:00,3758.0
2020-06-29 14:00:00+00:00,3853.0
2020-06-29 15:00:00+00:00,4083.75
2020-06-29 16:00:00+00:00,3889.5
2020-06-29 17:00:00+00:00,4303.75
2020-06-29 18:00:00+00:00,4336.0
2020-06-29 19:00:00+00:00,4262.75
2020-06-29 20:00:00+00:00,4567.5
2020-06-29 21:00:00+00:00,4581.75
2020-06-29 22:00:00+00:00,4244.5
2020-06-29 23:00:00+00:00,3854.25
2020-06-30 00:00:00+00:00,4017.75
2020-06-30 01:00:00+00:00,4275.75
2020-06-30 02:00:00+00:00,4400.0
2020-06-30 03:00:00+00:00,4090.25
2020-06-30 04:00:00+00:00,4067.5
2020-06-30 05:00:00+00:00,4159.75
2020-06-30 06:00:00+00:00,3443.5
2020-06-30 07:00:00+00:00,3131.0
2020-06-30 08:00:00+00:00,2661.0
2020-06-30 09:00:00+00:00,2633.25
2020-06-30 10:00:00+00:00,2645.75
2020-06-30 11:00:00+00:00,2631.5
2020-06-30 12:00:00+00:00,2639.5
2020-06-30 13:00:00+00:00,2648.0
2020-06-30 14:00:00+00:00,2639.5
2020-06-30 15:00:00+00:00,2490.5
2020-06-30 16:00:00+00:00,2825.5
2020-06-30 17:00:00+00:00,3542.75
2020-06-30 18:00:00+00:00,3707.0
2020-06-30 19:00:00+00:00,3721.75
2020-06-30 20:00:00+00:00,3563.5
2020-06-30 21:00:00+00:00,3347.5
2020-06-30 22:00:00+00:00,3176.5
2020-06-30 23:00:00+00:00,2827.25
2020-07-01 00:00:00+00:00,2753.5
2020-07-01 01:00:00+00:00,2607.25
2020-07-01 02:00:00+00:00,2172.75
2020-07-01 03:00:00+00:00,1767.0
2020-07-01 04:00:00+00:00,1539.25
2020-07-01 05:00:00+00:00,1400.25
2020-07-01 06:00:00+00:00,1462.75
2020-07-01 07:00:00+00:00,1357.25
2020-07-01 08:00:00+00:00,1486.25
2020-07-01 09:00:00+00:00,1442.5
2020-07-01 10:00:00+00:00,1260.75
2020-07-01 11:00:00+00:00,1510.0
2020-07-01 12:00:00+00:00,1593.0
2020-07-01 13:00:00+00:00,1579.75
2020-07-01 14:00:00+00:00,1556.5
2020-07-01 15:00:00+00:00,1593.75
2020-07-01 16:00:00+00:00,1722.75
2020-07-01 17:00:00+00:00,1953.5
2020-07-01 18:00:00+00:00,2237.25
2020-07-01 19:00:00+00:00,2312.75
2020-07-01 20:00:00+00:00,1963.25
2020-07-01 21:00:00+00:00,1974.0
2020-07-01 22:00:00+00:00,1765.5
2020-07-01 23:00:00+00:00,1712.0
2020-07-02 00:00:00+00:00,1794.75
2020-07-02 01:00:00+00:00,1842.25
2020-07-02 02:00:00+00:00,1713.5
2020-07-02 03:00:00+00:00,1508.25
2020-07-02 04:00:00+00:00,1386.5
2020-07-02 05:00:00+00:00,1083.0
2020-07-02 06:00:00+00:00,803.25
2020-07-02 07:00:00+00:00,484.0
2020-07-02 08:00:00+00:00,355.0
2020-07-02 09:00:00+00:00,332.75
2020-07-02 10:00:00+00:00,348.0
2020-07-02 11:00:00+00:00,327.0
2020-07-02 12:00:00+00:00,313.25
2020-07-02 13:00:00+00:00,302.5
2020-07-02 14:00:00+00:00,317.25
2020-07-02 15:00:00+00:00,265.5
2020-07-02 16:00:00+00:00,191.5
2020-07-02 17:00:00+00:00,157.25
2020-07-02 18:00:00+00:00,98.0
2020-07-02 19:00:00+00:00,53.75
2020-07-02 20:00:00+00:00,39.0
2020-07-02 21:00:00+00:00,75.5
2020-07-02 22:00:00+00:00,86.0
2020-07-02 23:00:00+00:00,41.0
2020-07-03 00:00:00+00:00,47.25
2020-07-03 01:00:00+00:00,39.75
2020-07-03 02:00:00+00:00,37.5
2020-07-03 03:00:00+00:00,110.5
2020-07-03 04:00:00+00:00,95.75
2020-07-03 05:00:00+00:00,121.25
2020-07-03 06:00:00+00:00,188.0
2020-07-03 07:00:00+00:00,421.0
2020-07-03 08:00:00+00:00,680.25
2020-07-03 09:00:00+00:00,1001.75
2020-07-03 10:00:00+00:00,1717.75
2020-07-03 11:00:00+00:00,2853.5
2020-07-03 12:00:00+00:00,3731.5
2020-07-03 13:00:00+00:00,3626.25
2020-07-03 14:00:00+00:00,3717.75
2020-07-03 15:00:00+00:00,3993.25
2020-07-03 16:00:00+00:00,4388.25
2020-07-03 17:00:00+00:00,4605.5
2020-07-03 18:00:00+00:00,4602.5
2020-07-03 19:00:00+00:00,4557.75
2020-07-03 20:00:00+00:00,4466.25
2020-07-03 21:00:00+00:00,4736.0
2020-07-03 22:00:00+00:00,4994.0
2020-07-03 23:00:00+00:00,5308.25
2020-07-04 00:00:00+00:00,5352.75
2020-07-04 01:00:00+00:00,5196.5
2020-07-04 02:00:00+00:00,5233.5
2020-07-04 03:00:00+00:00,5436.25
2020-07-04 04:00:00+00:00,5541.0
2020-07-04 05:00:00+00:00,5513.25
2020-07-04 06:00:00+00:00,5567.5
2020-07-04 07:00:00+00:00,5577.25
2020-07-04 08:00:00+00:00,5645.25
2020-07-04 09:00:00+00:00,5634.5
2020-07-04 10:00:00+00:00,5552.75
2020-07-04 11:00:00+00:00,5515.5
2020-07-04 12:00:00+00:00,5496.75
2020-07-04 13:00:00+00:00,5505.75
2020-07-04 14:00:00+00:00,5189.25
2020-07-04 15:00:00+00:00,5267.25
2020-07-04 16:00:00+00:00,5575.25
2020-07-04 17:00:00+00:00,5551.5
2020-07-04 18:00:00+00:00,5483.0
2020-07-04 19:00:00+00:00,5307.5
2020-07-04 20:00:00+00:00,4961.75
2020-07-04 21:00:00+00:00,4822.25
2020-07-04 22:00:00+00:00,4638.75
2020-07-04 23:00:00+00:00,4782.5
2020-07-05 00:00:00+00:00,5136.5
2020-07-05 01:00:00+00:00,3978.75
2020-07-05 02:00:00+00:00,3990.0
2020-07-05 03:00:00+00:00,3889.0
2020-07-05 04:00:00+00:00,3750.5
2020-07-05 05:00:00+00:00,3894.0
2020-07-05 06:00:00+00:00,3578.5
2020-07-05 07:00:00+00:00,3169.25
2020-07-05 08:00:00+00:00,2981.5
2020-07-05 09:00:00+00:00,3008.75
2020-07-05 10:00:00+00:00,3069.75
2020-07-05 11:00:00+00:00,3131.75
2020-07-05 12:00:00+00:00,3150.75
2020-07-05 13:00:00+00:00,3245.0
2020-07-05 14:00:00+00:00,3352.5
2020-07-05 15:00:00+00:00,3423.5
2020-07-05 16:00:00+00:00,3967.25
2020-07-05 17:00:00+00:00,6042.0
2020-07-05 18:00:00+00:00,5637.5
2020-07-05 19:00:00+00:00,5150.5
2020-07-05 20:00:00+00:00,5329.0
2020-07-05 21:00:00+00:00,5696.75
2020-07-05 22:00:00+00:00,5837.25
2020-07-05 23:00:00+00:00,6039.25
2020-07-06 00:00:00+00:00,6059.75
2020-07-06 01:00:00+00:00,5840.25
2020-07-06 02:00:00+00:00,5936.0
2020-07-06 03:00:00+00:00,6012.0
2020-07-06 04:00:00+00:00,6088.25
2020-07-06 05:00:00+00:00,6154.75
2020-07-06 06:00:00+00:00,5968.75
2020-07-06 07:00:00+00:00,4895.25
2020-07-06 08:00:00+00:00,4205.0
2020-07-06 09:00:00+00:00,4180.5
2020-07-06 10:00:00+00:00,4230.75
2020-07-06 11:00:00+00:00,4217.25
2020-07-06 12:00:00+00:00,4206.75
2020-07-06 13:00:00+00:00,4201.75
2020-07-06 14:00:00+00:00,4221.5
2020-07-06 15:00:00+00:00,4203.0
2020-07-06 16:00:00+00:00,4203.25
2020-07-06 17:00:00+00:00,4728.0
2020-07-06 18:00:00+00:00,5456.25
2020-07-06 19:00:00+00:00,5305.25
2020-07-06 20:00:00+00:00,5463.75
2020-07-06 21:00:00+00:00,5842.75
2020-07-06 22:00:00+00:00,5560.5
2020-07-06 23:00:00+00:00,4966.5
2020-07-07 00:00:00+00:00,3920.0
2020-07-07 01:00:00+00:00,3123.0
2020-07-07 02:00:00+00:00,3005.25
2020-07-07 03:00:00+00:00,3272.75
2020-07-07 04:00:00+00:00,3367.75
2020-07-07 05:00:00+00:00,3603.5
2020-07-07 06:00:00+00:00,4233.75
2020-07-07 07:00:00+00:00,4433.25
2020-07-07 08:00:00+00:00,4519.5
2020-07-07 09:00:00+00:00,3937.0
2020-07-07 10:00:00+00:00,3764.25
2020-07-07 11:00:00+00:00,4247.0
2020-07-07 12:00:00+00:00,4619.0
2020-07-07 13:00:00+00:00,4464.0
2020-07-07 14:00:00+00:00,4150.25
2020-07-07 15:00:00+00:00,4042.25
2020-07-07 16:00:00+00:00,4004.0
2020-07-07 17:00:00+00:00,3507.75
2020-07-07 18:00:00+00:00,3385.5
2020-07-07 19:00:00+00:00,3025.0
2020-07-07 20:00:00+00:00,2982.25
2020-07-07 21:00:00+00:00,2918.5
2020-07-07 22:00:00+00:00,2783.75
2020-07-07 23:00:00+00:00,2494.0
2020-07-08 00:00:00+00:00,2537.75
2020-07-08 01:00:00+00:00,2338.75
2020-07-08 02:00:00+00:00,2040.25
2020-07-08 03:00:00+00:00,1653.25
2020-07-08 04:00:00+00:00,1583.75
2020-07-08 05:00:00+00:00,1332.75
2020-07-08 06:00:00+00:00,1229.25
2020-07-08 07:00:00+00:00,1192.25
2020-07-08 08:00:00+00:00,1201.25
2020-07-08 09:00:00+00:00,1138.5
2020-07-08 10:00:00+00:00,1267.75
2020-07-08 11:00:00+00:00,1293.0
2020-07-08 12:00:00+00:00,1171.75
2020-07-08 13:00:00+00:00,1140.5
2020-07-08 14:00:00+00:00,1124.0
2020-07-08 15:00:00+00:00,1025.5
2020-07-08 16:00:00+00:00,860.75
2020-07-08 17:00:00+00:00,691.0
2020-07-08 18:00:00+00:00,593.5
2020-07-08 19:00:00+00:00,558.5
2020-07-08 20:00:00+00:00,532.5
2020-07-08 21:00:00+00:00,468.0
2020-07-08 22:00:00+00:00,354.25
2020-07-08 23:00:00+00:00,271.75
2020-07-09 00:00:00+00:00,200.0
2020-07-09 01:00:00+00:00,164.0
2020-07-09 02:00:00+00:00,116.5
2020-07-09 03:00:00+00:00,131.75
2020-07-09 04:00:00+00:00,191.0
2020-07-09 05:00:00+00:00,363.25
2020-07-09 06:00:00+00:00,463.5
2020-07-09 07:00:00+00:00,543.0
2020-07-09 08:00:00+00:00,605.75
2020-07-09 09:00:00+00:00,699.0
2020-07-09 10:00:00+00:00,583.5
2020-07-09 11:00:00+00:00,471.75
2020-07-09 12:00:00+00:00,467.25
2020-07-09 13:00:00+00:00,408.5
2020-07-09 14:00:00+00:00,268.0
2020-07-09 15:00:00+00:00,215.0
2020-07-09 16:00:00+00:00,246.0
2020-07-09 17:00:00+00:00,365.75
2020-07-09 18:00:00+00:00,421.75
2020-07-09 19:00:00+00:00,632.25
2020-07-09 20:00:00+00:00,694.75
2020-07-09 21:00:00+00:00,770.75
2020-07-09 22:00:00+00:00,853.75
2020-07-09 23:00:00+00:00,1053.75
2020-07-10 00:00:00+00:00,1360.75
2020-07-10 01:00:00+00:00,1447.5
2020-07-10 02:00:00+00:00,1804.5
2020-07-10 03:00:00+00:00,2026.5
2020-07-10 04:00:00+00:00,2141.75
2020-07-10 05:00:00+00:00,1908.5
2020-07-10 06:00:00+00:00,1422.5
2020-07-10 07:00:00+00:00,1199.25
2020-07-10 08:00:00+00:00,1156.0
2020-07-10 09:00:00+00:00,1096.25
2020-07-10 10:00:00+00:00,1171.25
2020-07-10 11:00:00+00:00,1653.75
2020-07-10 12:00:00+00:00,2328.25
2020-07-10 13:00:00+00:00,3151.25
2020-07-10 14:00:00+00:00,3524.5
2020-07-10 15:00:00+00:00,3573.75
2020-07-10 16:00:00+00:00,3436.25
2020-07-10 17:00:00+00:00,3358.0
2020-07-10 18:00:00+00:00,3443.5
2020-07-10 19:00:00+00:00,3749.0
2020-07-10 20:00:00+00:00,3682.0
2020-07-10 21:00:00+00:00,3800.5
2020-07-10 22:00:00+00:00,4130.0
2020-07-10 23:00:00+00:00,4072.75
2020-07-11 00:00:00+00:00,3824.75
2020-07-11 01:00:00+00:00,3554.75
2020-07-11 02:00:00+00:00,3150.75
2020-07-11 03:00:00+00:00,2811.75
2020-07-11 04:00:00+00:00,2768.5
2020-07-11 05:00:00+00:00,2676.5
2020-07-11 06:00:00+00:00,2653.5
2020-07-11 07:00:00+00:00,2657.25
2020-07-11 08:00:00+00:00,2602.0
2020-07-11 09:00:00+00:00,2477.75
2020-07-11 10:00:00+00:00,2303.75
2020-07-11 11:00:00+00:00,1906.0
2020-07-11 12:00:00+00:00,2040.5
2020-07-11 13:00:00+00:00,2047.0
2020-07-11 14:00:00+00:00,1972.0
2020-07-11 15:00:00+00:00,1989.0
2020-07-11 16:00:00+00:00,1924.0
2020-07-11 17:00:00+00:00,1735.75
2020-07-11 18:00:00+00:00,1513.75
2020-07-11 19:00:00+00:00,1320.25
2020-07-11 20:00:00+00:00,1473.0
2020-07-11 21:00:00+00:00,1542.5
2020-07-11 22:00:00+00:00,1776.25
2020-07-11 23:00:00+00:00,1836.0
2020-07-12 00:00:00+00:00,2082.75
2020-07-12 01:00:00+00:00,1953.0
2020-07-12 02:00:00+00:00,1647.25
2020-07-12 03:00:00+00:00,1539.0
2020-07-12 04:00:00+00:00,1464.0
2020-07-12 05:00:00+00:00,1676.75
2020-07-12 06:00:00+00:00,1452.0
2020-07-12 07:00:00+00:00,1401.75
2020-07-12 08:00:00+00:00,1198.25
2020-07-12 09:00:00+00:00,1247.0
2020-07-12 10:00:00+00:00,1323.75
2020-07-12 11:00:00+00:00,1361.25
2020-07-12 12:00:00+00:00,1532.75
2020-07-12 13:00:00+00:00,1803.0
2020-07-12 14:00:00+00:00,1796.5
2020-07-12 15:00:00+00:00,1625.0
2020-07-12 16:00:00+00:00,1470.75
2020-07-12 17:00:00+00:00,1248.75
2020-07-12 18:00:00+00:00,1122.25
2020-07-12 19:00:00+00:00,1002.75
2020-07-12 20:00:00+00:00,780.75
2020-07-12 21:00:00+00:00,745.75
2020-07-12 22:00:00+00:00,808.5
2020-07-12 23:00:00+00:00,893.75
2020-07-13 00:00:00+00:00,953.75
2020-07-13 01:00:00+00:00,950.75
2020-07-13 02:00:00+00:00,802.25
2020-07-13 03:00:00+00:00,833.0
2020-07-13 04:00:00+00:00,770.75
2020-07-13 05:00:00+00:00,762.5
2020-07-13 06:00:00+00:00,754.0
2020-07-13 07:00:00+00:00,887.75
2020-07-13 08:00:00+00:00,959.5
2020-07-13 09:00:00+00:00,1020.0
2020-07-13 10:00:00+00:00,1176.0
2020-07-13 11:00:00+00:00,1221.75
2020-07-13 12:00:00+00:00,1072.75
2020-07-13 13:00:00+00:00,939.5
2020-07-13 14:00:00+00:00,803.25
2020-07-13 15:00:00+00:00,812.5
2020-07-13 16:00:00+00:00,803.25
2020-07-13 17:00:00+00:00,830.75
2020-07-13 18:00:00+00:00,874.75
2020-07-13 19:00:00+00:00,921.5
2020-07-13 20:00:00+00:00,1048.25
2020-07-13 21:00:00+00:00,1119.25
2020-07-13 22:00:00+00:00,1336.75
2020-07-13 23:00:00+00:00,1567.5
2020-07-14 00:00:00+00:00,1657.25
2020-07-14 01:00:00+00:00,1716.0
2020-07-14 02:00:00+00:00,1725.0
2020-07-14 03:00:00+00:00,1739.5
2020-07-14 04:00:00+00:00,1738.25
2020-07-14 05:00:00+00:00,1799.5
2020-07-14 06:00:00+00:00,1595.0
2020-07-14 07:00:00+00:00,1072.5
2020-07-14 08:00:00+00:00,925.25
2020-07-14 09:00:00+00:00,705.25
2020-07-14 10:00:00+00:00,573.75
2020-07-14 11:00:00+00:00,804.0
2020-07-14 12:00:00+00:00,971.5
2020-07-14 13:00:00+00:00,1037.25
2020-07-14 14:00:00+00:00,1194.0
2020-07-14 15:00:00+00:00,1223.25
2020-07-14 16:00:00+00:00,1206.75
2020-07-14 17:00:00+00:00,1184.25
2020-07-14 18:00:00+00:00,831.75
2020-07-14 19:00:00+00:00,410.0
2020-07-14 20:00:00+00:00,375.0
2020-07-14 21:00:00+00:00,402.75
2020-07-14 22:00:00+00:00,477.5
2020-07-14 23:00:00+00:00,413.0
2020-07-15 00:00:00+00:00,369.0
2020-07-15 01:00:00+00:00,442.5
2020-07-15 02:00:00+00:00,474.75
2020-07-15 03:00:00+00:00,439.75
2020-07-15 04:00:00+00:00,463.25
2020-07-15 05:00:00+00:00,377.0
2020-07-15 06:00:00+00:00,310.5
2020-07-15 07:00:00+00:00,195.5
2020-07-15 08:00:00+00:00,145.5
2020-07-15 09:00:00+00:00,116.75
2020-07-15 10:00:00+00:00,126.75
2020-07-15 11:00:00+00:00,182.0
2020-07-15 12:00:00+00:00,136.75
2020-07-15 13:00:00+00:00,113.25
2020-07-15 14:00:00+00:00,118.5
2020-07-15 15:00:00+00:00,101.75
2020-07-15 16:00:00+00:00,91.75
2020-07-15 17:00:00+00:00,74.0
2020-07-15 18:00:00+00:00,58.75
2020-07-15 19:00:00+00:00,71.75
2020-07-15 20:00:00+00:00,60.75
2020-07-15 21:00:00+00:00,50.75
2020-07-15 22:00:00+00:00,62.5
2020-07-15 23:00:00+00:00,54.75
2020-07-16 00:00:00+00:00,90.0
2020-07-16 01:00:00+00:00,78.0
2020-07-16 02:00:00+00:00,60.25
2020-07-16 03:00:00+00:00,131.25
2020-07-16 04:00:00+00:00,123.5
2020-07-16 05:00:00+00:00,153.25
2020-07-16 06:00:00+00:00,197.75
2020-07-16 07:00:00+00:00,191.5
2020-07-16 08:00:00+00:00,186.5
2020-07-16 09:00:00+00:00,215.5
2020-07-16 10:00:00+00:00,232.5
2020-07-16 11:00:00+00:00,143.75
2020-07-16 12:00:00+00:00,134.0
2020-07-16 13:00:00+00:00,115.75
2020-07-16 14:00:00+00:00,158.25
2020-07-16 15:00:00+00:00,192.75
2020-07-16 16:00:00+00:00,218.0
2020-07-16 17:00:00+00:00,275.75
2020-07-16 18:00:00+00:00,358.5
2020-07-16 19:00:00+00:00,327.25
2020-07-16 20:00:00+00:00,293.5
2020-07-16 21:00:00+00:00,294.5
2020-07-16 22:00:00+00:00,287.5
2020-07-16 23:00:00+00:00,281.5
2020-07-17 00:00:00+00:00,237.5
2020-07-17 01:00:00+00:00,328.0
2020-07-17 02:00:00+00:00,370.75
2020-07-17 03:00:00+00:00,386.75
2020-07-17 04:00:00+00:00,377.25
2020-07-17 05:00:00+00:00,343.0
2020-07-17 06:00:00+00:00,254.5
2020-07-17 07:00:00+00:00,166.75
2020-07-17 08:00:00+00:00,133.25
2020-07-17 09:00:00+00:00,106.5
2020-07-17 10:00:00+00:00,152.5
2020-07-17 11:00:00+00:00,220.25
2020-07-17 12:00:00+00:00,271.0
2020-07-17 13:00:00+00:00,293.0
2020-07-17 14:00:00+00:00,294.75
2020-07-17 15:00:00+00:00,291.5
2020-07-17 16:00:00+00:00,258.0
2020-07-17 17:00:00+00:00,210.75
2020-07-17 18:00:00+00:00,148.25
2020-07-17 19:00:00+00:00,114.25
2020-07-17 20:00:00+00:00,109.25
2020-07-17 21:00:00+00:00,133.25
2020-07-17 22:00:00+00:00,165.25
2020-07-17 23:00:00+00:00,235.75
2020-07-18 00:00:00+00:00,327.0
2020-07-18 01:00:00+00:00,412.75
2020-07-18 02:00:00+00:00,508.25
2020-07-18 03:00:00+00:00,509.75
2020-07-18 04:00:00+00:00,597.5
2020-07-18 05:00:00+00:00,836.25
2020-07-18 06:00:00+00:00,1009.75
2020-07-18 07:00:00+00:00,1306.25
2020-07-18 08:00:00+00:00,1444.75
2020-07-18 09:00:00+00:00,1498.25
2020-07-18 10:00:00+00:00,1486.5
2020-07-18 11:00:00+00:00,1570.0
2020-07-18 12:00:00+00:00,1603.0
2020-07-18 13:00:00+00:00,1521.25
2020-07-18 14:00:00+00:00,1197.5
2020-07-18 15:00:00+00:00,837.5
2020-07-18 16:00:00+00:00,483.0
2020-07-18 17:00:00+00:00,253.75
2020-07-18 18:00:00+00:00,141.25
2020-07-18 19:00:00+00:00,115.5
2020-07-18 20:00:00+00:00,143.0
2020-07-18 21:00:00+00:00,149.5
2020-07-18 22:00:00+00:00,207.75
2020-07-18 23:00:00+00:00,143.5
2020-07-19 00:00:00+00:00,80.25
2020-07-19 01:00:00+00:00,83.5
2020-07-19 02:00:00+00:00,114.75
2020-07-19 03:00:00+00:00,161.0
2020-07-19 04:00:00+00:00,193.25
2020-07-19 05:00:00+00:00,169.75
2020-07-19 06:00:00+00:00,156.5
2020-07-19 07:00:00+00:00,220.75
2020-07-19 08:00:00+00:00,162.0
2020-07-19 09:00:00+00:00,215.25
2020-07-19 10:00:00+00:00,314.0
2020-07-19 11:00:00+00:00,340.5
2020-07-19 12:00:00+00:00,240.5
2020-07-19 13:00:00+00:00,289.0
2020-07-19 14:00:00+00:00,815.0
2020-07-19 15:00:00+00:00,1145.25
2020-07-19 16:00:00+00:00,1528.0
2020-07-19 17:00:00+00:00,1982.25
2020-07-19 18:00:00+00:00,1943.25
2020-07-19 19:00:00+00:00,1871.75
2020-07-19 20:00:00+00:00,1859.5
2020-07-19 21:00:00+00:00,1619.5
2020-07-19 22:00:00+00:00,1444.0
2020-07-19 23:00:00+00:00,1262.5
2020-07-20 00:00:00+00:00,1263.0
2020-07-20 01:00:00+00:00,1085.5
2020-07-20 02:00:00+00:00,1049.5
2020-07-20 03:00:00+00:00,1069.25
2020-07-20 04:00:00+00:00,1091.5
2020-07-20 05:00:00+00:00,1306.25
2020-07-20 06:00:00+00:00,1386.25
2020-07-20 07:00:00+00:00,1459.75
2020-07-20 08:00:00+00:00,1537.0
2020-07-20 09:00:00+00:00,1230.0
2020-07-20 10:00:00+00:00,996.5
2020-07-20 11:00:00+00:00,853.0
2020-07-20 12:00:00+00:00,976.5
2020-07-20 13:00:00+00:00,949.0
2020-07-20 14:00:00+00:00,883.0
2020-07-20 15:00:00+00:00,990.75
2020-07-20 16:00:00+00:00,996.0
2020-07-20 17:00:00+00:00,1235.25
2020-07-20 18:00:00+00:00,1219.75
2020-07-20 19:00:00+00:00,1018.25
2020-07-20 20:00:00+00:00,969.5
2020-07-20 21:00:00+00:00,893.25
2020-07-20 22:00:00+00:00,974.5
2020-07-20 23:00:00+00:00,1016.75
2020-07-21 00:00:00+00:00,1122.0
2020-07-21 01:00:00+00:00,1178.75
2020-07-21 02:00:00+00:00,1439.75
2020-07-21 03:00:00+00:00,1739.0
2020-07-21 04:00:00+00:00,1802.0
2020-07-21 05:00:00+00:00,1827.25
2020-07-21 06:00:00+00:00,1880.75
2020-07-21 07:00:00+00:00,1744.25
2020-07-21 08:00:00+00:00,1760.0
2020-07-21 09:00:00+00:00,1570.75
2020-07-21 10:00:00+00:00,1546.0
2020-07-21 11:00:00+00:00,1535.25
2020-07-21 12:00:00+00:00,1411.0
2020-07-21 13:00:00+00:00,1392.0
2020-07-21 14:00:00+00:00,1728.5
2020-07-21 15:00:00+00:00,1385.0
2020-07-21 16:00:00+00:00,1530.75
2020-07-21 17:00:00+00:00,1466.75
2020-07-21 18:00:00+00:00,1487.25
2020-07-21 19:00:00+00:00,1492.0
2020-07-21 20:00:00+00:00,1440.5
2020-07-21 21:00:00+00:00,1624.0
2020-07-21 22:00:00+00:00,1476.25
2020-07-21 23:00:00+00:00,1492.75
2020-07-22 00:00:00+00:00,1563.0
2020-07-22 01:00:00+00:00,1461.0
2020-07-22 02:00:00+00:00,1303.75
2020-07-22 03:00:00+00:00,1123.75
2020-07-22 04:00:00+00:00,1068.0
2020-07-22 05:00:00+00:00,1073.0
2020-07-22 06:00:00+00:00,948.5
2020-07-22 07:00:00+00:00,866.0
2020-07-22 08:00:00+00:00,710.5
2020-07-22 09:00:00+00:00,600.5
2020-07-22 10:00:00+00:00,541.5
2020-07-22 11:00:00+00:00,559.5
2020-07-22 12:00:00+00:00,550.0
2020-07-22 13:00:00+00:00,527.5
2020-07-22 14:00:00+00:00,399.75
2020-07-22 15:00:00+00:00,342.5
2020-07-22 16:00:00+00:00,443.25
2020-07-22 17:00:00+00:00,520.0
2020-07-22 18:00:00+00:00,463.25
2020-07-22 19:00:00+00:00,460.75
2020-07-22 20:00:00+00:00,327.75
2020-07-22 21:00:00+00:00,237.5
2020-07-22 22:00:00+00:00,206.5
2020-07-22 23:00:00+00:00,180.75
2020-07-23 00:00:00+00:00,305.25
2020-07-23 01:00:00+00:00,560.0
2020-07-23 02:00:00+00:00,742.75
2020-07-23 03:00:00+00:00,742.75
2020-07-23 04:00:00+00:00,1137.75
2020-07-23 05:00:00+00:00,1818.0
2020-07-23 06:00:00+00:00,2449.75
2020-07-23 07:00:00+00:00,2892.0
2020-07-23 08:00:00+00:00,3076.75
2020-07-23 09:00:00+00:00,3180.25
2020-07-23 10:00:00+00:00,3170.5
2020-07-23 11:00:00+00:00,3353.5
2020-07-23 12:00:00+00:00,3197.75
2020-07-23 13:00:00+00:00,2595.25
2020-07-23 14:00:00+00:00,2380.5
2020-07-23 15:00:00+00:00,2667.0
2020-07-23 16:00:00+00:00,2671.25
2020-07-23 17:00:00+00:00,2760.75
2020-07-23 18:00:00+00:00,2470.25
2020-07-23 19:00:00+00:00,2428.25
2020-07-23 20:00:00+00:00,2463.0
2020-07-23 21:00:00+00:00,2433.75
2020-07-23 22:00:00+00:00,2131.5
2020-07-23 23:00:00+00:00,2184.75
2020-07-24 00:00:00+00:00,2141.0
2020-07-24 01:00:00+00:00,1984.0
2020-07-24 02:00:00+00:00,1132.0
2020-07-24 03:00:00+00:00,1539.0
2020-07-24 04:00:00+00:00,2127.0
2020-07-24 05:00:00+00:00,2202.0
2020-07-24 06:00:00+00:00,2027.25
2020-07-24 07:00:00+00:00,1982.75
2020-07-24 08:00:00+00:00,2075.25
2020-07-24 09:00:00+00:00,2311.0
2020-07-24 10:00:00+00:00,2190.5
2020-07-24 11:00:00+00:00,2096.75
2020-07-24 12:00:00+00:00,2322.75
2020-07-24 13:00:00+00:00,2372.25
2020-07-24 14:00:00+00:00,1980.75
2020-07-24 15:00:00+00:00,1650.5
2020-07-24 16:00:00+00:00,1296.5
2020-07-24 17:00:00+00:00,1117.25
2020-07-24 18:00:00+00:00,934.0
2020-07-24 19:00:00+00:00,752.0
2020-07-24 20:00:00+00:00,701.25
2020-07-24 21:00:00+00:00,767.0
2020-07-24 22:00:00+00:00,777.5
2020-07-24 23:00:00+00:00,807.75
2020-07-25 00:00:00+00:00,787.75
2020-07-25 01:00:00+00:00,690.25
2020-07-25 02:00:00+00:00,447.25
2020-07-25 03:00:00+00:00,455.75
2020-07-25 04:00:00+00:00,640.25
2020-07-25 05:00:00+00:00,793.75
2020-07-25 06:00:00+00:00,1265.75
2020-07-25 07:00:00+00:00,1842.75
2020-07-25 08:00:00+00:00,2468.25
2020-07-25 09:00:00+00:00,2922.25
2020-07-25 10:00:00+00:00,2870.25
2020-07-25 11:00:00+00:00,2929.0
2020-07-25 12:00:00+00:00,2868.25
2020-07-25 13:00:00+00:00,3092.5
2020-07-25 14:00:00+00:00,3066.75
2020-07-25 15:00:00+00:00,3148.5
2020-07-25 16:00:00+00:00,3205.75
2020-07-25 17:00:00+00:00,3201.5
2020-07-25 18:00:00+00:00,3326.75
2020-07-25 19:00:00+00:00,3600.5
2020-07-25 20:00:00+00:00,3846.5
2020-07-25 21:00:00+00:00,3603.25
2020-07-25 22:00:00+00:00,3380.5
2020-07-25 23:00:00+00:00,3163.75
2020-07-26 00:00:00+00:00,3649.0
2020-07-26 01:00:00+00:00,3752.5
2020-07-26 02:00:00+00:00,3271.0
2020-07-26 03:00:00+00:00,2841.5
2020-07-26 04:00:00+00:00,2554.75
2020-07-26 05:00:00+00:00,2810.25
2020-07-26 06:00:00+00:00,2754.5
2020-07-26 07:00:00+00:00,3013.0
2020-07-26 08:00:00+00:00,3962.5
2020-07-26 09:00:00+00:00,4218.25
2020-07-26 10:00:00+00:00,4061.75
2020-07-26 11:00:00+00:00,4040.25
2020-07-26 12:00:00+00:00,4022.0
2020-07-26 13:00:00+00:00,4346.5
2020-07-26 14:00:00+00:00,4524.75
2020-07-26 15:00:00+00:00,4423.25
2020-07-26 16:00:00+00:00,4282.25
2020-07-26 17:00:00+00:00,3445.75
2020-07-26 18:00:00+00:00,2576.25
2020-07-26 19:00:00+00:00,2054.25
2020-07-26 20:00:00+00:00,2119.5
2020-07-26 21:00:00+00:00,2293.25
2020-07-26 22:00:00+00:00,2305.5
2020-07-26 23:00:00+00:00,2077.5
2020-07-27 00:00:00+00:00,2347.0
2020-07-27 01:00:00+00:00,2257.0
2020-07-27 02:00:00+00:00,2559.75
2020-07-27 03:00:00+00:00,3166.5
2020-07-27 04:00:00+00:00,3325.5
2020-07-27 05:00:00+00:00,3445.75
2020-07-27 06:00:00+00:00,3241.75
2020-07-27 07:00:00+00:00,2485.75
2020-07-27 08:00:00+00:00,2201.25
2020-07-27 09:00:00+00:00,2292.25
2020-07-27 10:00:00+00:00,2107.5
2020-07-27 11:00:00+00:00,1987.75
2020-07-27 12:00:00+00:00,1874.5
2020-07-27 13:00:00+00:00,2066.5
2020-07-27 14:00:00+00:00,2350.75
2020-07-27 15:00:00+00:00,3081.5
2020-07-27 16:00:00+00:00,3494.25
2020-07-27 17:00:00+00:00,4581.5
2020-07-27 18:00:00+00:00,5175.75
2020-07-27 19:00:00+00:00,5250.75
2020-07-27 20:00:00+00:00,5038.25
2020-07-27 21:00:00+00:00,4774.0
2020-07-27 22:00:00+00:00,5186.25
2020-07-27 23:00:00+00:00,5184.25
2020-07-28 00:00:00+00:00,5411.0
2020-07-28 01:00:00+00:00,5418.0
2020-07-28 02:00:00+00:00,5396.0
2020-07-28 03:00:00+00:00,5455.5
2020-07-28 04:00:00+00:00,5690.25
2020-07-28 05:00:00+00:00,5603.25
2020-07-28 06:00:00+00:00,5394.75
2020-07-28 07:00:00+00:00,5499.75
2020-07-28 08:00:00+00:00,5686.0
2020-07-28 09:00:00+00:00,5628.25
2020-07-28 10:00:00+00:00,5694.25
2020-07-28 11:00:00+00:00,5360.75
2020-07-28 12:00:00+00:00,5367.5
2020-07-28 13:00:00+00:00,5398.75
2020-07-28 14:00:00+00:00,5446.0
2020-07-28 15:00:00+00:00,5214.75
2020-07-28 16:00:00+00:00,5176.25
2020-07-28 17:00:00+00:00,5302.0
2020-07-28 18:00:00+00:00,5075.75
2020-07-28 19:00:00+00:00,5193.0
2020-07-28 20:00:00+00:00,5598.0
2020-07-28 21:00:00+00:00,5869.5
2020-07-28 22:00:00+00:00,5564.0
2020-07-28 23:00:00+00:00,5302.25
2020-07-29 00:00:00+00:00,4858.5
2020-07-29 01:00:00+00:00,4788.25
2020-07-29 02:00:00+00:00,5051.5
2020-07-29 03:00:00+00:00,4952.5
2020-07-29 04:00:00+00:00,5093.25
2020-07-29 05:00:00+00:00,5564.5
2020-07-29 06:00:00+00:00,5387.0
2020-07-29 07:00:00+00:00,5581.0
2020-07-29 08:00:00+00:00,5824.0
2020-07-29 09:00:00+00:00,5587.25
2020-07-29 10:00:00+00:00,5785.5
2020-07-29 11:00:00+00:00,5675.75
2020-07-29 12:00:00+00:00,5644.5
2020-07-29 13:00:00+00:00,5696.5
2020-07-29 14:00:00+00:00,5749.25
2020-07-29 15:00:00+00:00,5649.75
2020-07-29 16:00:00+00:00,6053.75
2020-07-29 17:00:00+00:00,5836.0
2020-07-29 18:00:00+00:00,5246.5
2020-07-29 19:00:00+00:00,5000.5
2020-07-29 20:00:00+00:00,4534.75
2020-07-29 21:00:00+00:00,4398.0
2020-07-29 22:00:00+00:00,4399.0
2020-07-29 23:00:00+00:00,3933.25
2020-07-30 00:00:00+00:00,3587.75
2020-07-30 01:00:00+00:00,3317.75
2020-07-30 02:00:00+00:00,3141.0
2020-07-30 03:00:00+00:00,3151.25
2020-07-30 04:00:00+00:00,2918.0
2020-07-30 05:00:00+00:00,2888.75
2020-07-30 06:00:00+00:00,2768.75
2020-07-30 07:00:00+00:00,2344.0
2020-07-30 08:00:00+00:00,2049.25
2020-07-30 09:00:00+00:00,2129.5
2020-07-30 10:00:00+00:00,2063.25
2020-07-30 11:00:00+00:00,2013.25
2020-07-30 12:00:00+00:00,1817.5
2020-07-30 13:00:00+00:00,1646.75
2020-07-30 14:00:00+00:00,1328.0
2020-07-30 15:00:00+00:00,1137.75
2020-07-30 16:00:00+00:00,957.5
2020-07-30 17:00:00+00:00,947.75
2020-07-30 18:00:00+00:00,935.5
2020-07-30 19:00:00+00:00,880.75
2020-07-30 20:00:00+00:00,912.25
2020-07-30 21:00:00+00:00,882.5
2020-07-30 22:00:00+00:00,888.25
2020-07-30 23:00:00+00:00,813.5
2020-07-31 00:00:00+00:00,845.75
2020-07-31 01:00:00+00:00,909.5
2020-07-31 02:00:00+00:00,841.25
2020-07-31 03:00:00+00:00,762.5
2020-07-31 04:00:00+00:00,649.0
2020-07-31 05:00:00+00:00,531.0
2020-07-31 06:00:00+00:00,467.0
2020-07-31 07:00:00+00:00,437.25
2020-07-31 08:00:00+00:00,532.5
2020-07-31 09:00:00+00:00,536.25
2020-07-31 10:00:00+00:00,481.5
2020-07-31 11:00:00+00:00,473.25
2020-07-31 12:00:00+00:00,689.0
2020-07-31 13:00:00+00:00,876.75
2020-07-31 14:00:00+00:00,1016.5
2020-07-31 15:00:00+00:00,1244.5
2020-07-31 16:00:00+00:00,1347.0
2020-07-31 17:00:00+00:00,1456.5
2020-07-31 18:00:00+00:00,1692.5
2020-07-31 19:00:00+00:00,2078.25
2020-07-31 20:00:00+00:00,2863.75
2020-07-31 21:00:00+00:00,3799.5
2020-07-31 22:00:00+00:00,4793.25
2020-07-31 23:00:00+00:00,4972.75
2020-08-01 00:00:00+00:00,4978.5
2020-08-01 01:00:00+00:00,5022.75
2020-08-01 02:00:00+00:00,4989.25
2020-08-01 03:00:00+00:00,4771.25
2020-08-01 04:00:00+00:00,4267.5
2020-08-01 05:00:00+00:00,3930.5
2020-08-01 06:00:00+00:00,3263.5
2020-08-01 07:00:00+00:00,2404.75
2020-08-01 08:00:00+00:00,1877.75
2020-08-01 09:00:00+00:00,2000.5
2020-08-01 10:00:00+00:00,2056.5
2020-08-01 11:00:00+00:00,2195.25
2020-08-01 12:00:00+00:00,2232.5
2020-08-01 13:00:00+00:00,2154.5
2020-08-01 14:00:00+00:00,2187.0
2020-08-01 15:00:00+00:00,2533.25
2020-08-01 16:00:00+00:00,2667.75
2020-08-01 17:00:00+00:00,2536.5
2020-08-01 18:00:00+00:00,2063.25
2020-08-01 19:00:00+00:00,1710.75
2020-08-01 20:00:00+00:00,1732.25
2020-08-01 21:00:00+00:00,1720.0
2020-08-01 22:00:00+00:00,1670.75
2020-08-01 23:00:00+00:00,1623.75
2020-08-02 00:00:00+00:00,1277.5
2020-08-02 01:00:00+00:00,967.5
2020-08-02 02:00:00+00:00,830.5
2020-08-02 03:00:00+00:00,381.25
2020-08-02 04:00:00+00:00,191.0
2020-08-02 05:00:00+00:00,150.0
2020-08-02 06:00:00+00:00,143.5
2020-08-02 07:00:00+00:00,226.0
2020-08-02 08:00:00+00:00,482.5
2020-08-02 09:00:00+00:00,872.5
2020-08-02 10:00:00+00:00,1560.0
2020-08-02 11:00:00+00:00,2005.5
2020-08-02 12:00:00+00:00,2269.5
2020-08-02 13:00:00+00:00,2679.5
2020-08-02 14:00:00+00:00,2848.25
2020-08-02 15:00:00+00:00,2749.0
2020-08-02 16:00:00+00:00,2482.25
2020-08-02 17:00:00+00:00,2080.75
2020-08-02 18:00:00+00:00,1471.25
2020-08-02 19:00:00+00:00,1084.5
2020-08-02 20:00:00+00:00,1095.0
2020-08-02 21:00:00+00:00,1294.5
2020-08-02 22:00:00+00:00,1231.5
2020-08-02 23:00:00+00:00,1050.25
2020-08-03 00:00:00+00:00,1125.0
2020-08-03 01:00:00+00:00,963.5
2020-08-03 02:00:00+00:00,773.5
2020-08-03 03:00:00+00:00,637.25
2020-08-03 04:00:00+00:00,532.0
2020-08-03 05:00:00+00:00,335.75
2020-08-03 06:00:00+00:00,287.25
2020-08-03 07:00:00+00:00,219.25
2020-08-03 08:00:00+00:00,152.5
2020-08-03 09:00:00+00:00,142.75
2020-08-03 10:00:00+00:00,141.75
2020-08-03 11:00:00+00:00,152.5
2020-08-03 12:00:00+00:00,106.75
2020-08-03 13:00:00+00:00,101.0
2020-08-03 14:00:00+00:00,116.75
2020-08-03 15:00:00+00:00,107.0
2020-08-03 16:00:00+00:00,141.0
2020-08-03 17:00:00+00:00,177.75
2020-08-03 18:00:00+00:00,236.25
2020-08-03 19:00:00+00:00,247.75
2020-08-03 20:00:00+00:00,365.25
2020-08-03 21:00:00+00:00,338.5
2020-08-03 22:00:00+00:00,166.0
2020-08-03 23:00:00+00:00,104.0
2020-08-04 00:00:00+00:00,109.75
2020-08-04 01:00:00+00:00,134.0
2020-08-04 02:00:00+00:00,193.25
2020-08-04 03:00:00+00:00,468.25
2020-08-04 04:00:00+00:00,707.75
2020-08-04 05:00:00+00:00,669.75
2020-08-04 06:00:00+00:00,554.75
2020-08-04 07:00:00+00:00,401.0
2020-08-04 08:00:00+00:00,336.5
2020-08-04 09:00:00+00:00,369.0
2020-08-04 10:00:00+00:00,451.75
2020-08-04 11:00:00+00:00,455.0
2020-08-04 12:00:00+00:00,557.0
2020-08-04 13:00:00+00:00,640.75
2020-08-04 14:00:00+00:00,744.0
2020-08-04 15:00:00+00:00,890.0
2020-08-04 16:00:00+00:00,1069.5
2020-08-04 17:00:00+00:00,1315.0
2020-08-04 18:00:00+00:00,1437.0
2020-08-04 19:00:00+00:00,1764.75
2020-08-04 20:00:00+00:00,2345.75
2020-08-04 21:00:00+00:00,3488.0
2020-08-04 22:00:00+00:00,4383.0
2020-08-04 23:00:00+00:00,5286.25
2020-08-05 00:00:00+00:00,5512.75
2020-08-05 01:00:00+00:00,5363.0
2020-08-05 02:00:00+00:00,5109.25
2020-08-05 03:00:00+00:00,4879.75
2020-08-05 04:00:00+00:00,4590.5
2020-08-05 05:00:00+00:00,4567.0
2020-08-05 06:00:00+00:00,4620.75
2020-08-05 07:00:00+00:00,4862.25
2020-08-05 08:00:00+00:00,4912.0
2020-08-05 09:00:00+00:00,4637.0
2020-08-05 10:00:00+00:00,4473.0
2020-08-05 11:00:00+00:00,4238.25
2020-08-05 12:00:00+00:00,4039.75
2020-08-05 13:00:00+00:00,3779.5
2020-08-05 14:00:00+00:00,3780.5
2020-08-05 15:00:00+00:00,3699.0
2020-08-05 16:00:00+00:00,2835.75
2020-08-05 17:00:00+00:00,2124.5
2020-08-05 18:00:00+00:00,1540.5
2020-08-05 19:00:00+00:00,1489.5
2020-08-05 20:00:00+00:00,1517.0
2020-08-05 21:00:00+00:00,1515.0
2020-08-05 22:00:00+00:00,1953.25
2020-08-05 23:00:00+00:00,2730.0
2020-08-06 00:00:00+00:00,3411.5
2020-08-06 01:00:00+00:00,3255.75
2020-08-06 02:00:00+00:00,3002.25
2020-08-06 03:00:00+00:00,2384.75
2020-08-06 04:00:00+00:00,1774.25
2020-08-06 05:00:00+00:00,1523.75
2020-08-06 06:00:00+00:00,989.25
2020-08-06 07:00:00+00:00,619.5
2020-08-06 08:00:00+00:00,467.25
2020-08-06 09:00:00+00:00,361.0
2020-08-06 10:00:00+00:00,266.25
2020-08-06 11:00:00+00:00,228.75
2020-08-06 12:00:00+00:00,163.0
2020-08-06 13:00:00+00:00,156.0
2020-08-06 14:00:00+00:00,199.75
2020-08-06 15:00:00+00:00,252.5
2020-08-06 16:00:00+00:00,315.5
2020-08-06 17:00:00+00:00,349.25
2020-08-06 18:00:00+00:00,480.25
2020-08-06 19:00:00+00:00,566.25
2020-08-06 20:00:00+00:00,616.25
2020-08-06 21:00:00+00:00,614.5
2020-08-06 22:00:00+00:00,517.0
2020-08-06 23:00:00+00:00,375.25
2020-08-07 00:00:00+00:00,354.75
2020-08-07 01:00:00+00:00,339.25
2020-08-07 02:00:00+00:00,436.25
2020-08-07 03:00:00+00:00,364.75
2020-08-07 04:00:00+00:00,266.25
2020-08-07 05:00:00+00:00,264.0
2020-08-07 06:00:00+00:00,274.0
2020-08-07 07:00:00+00:00,222.0
2020-08-07 08:00:00+00:00,172.25
2020-08-07 09:00:00+00:00,109.75
2020-08-07 10:00:00+00:00,117.5
2020-08-07 11:00:00+00:00,153.5
2020-08-07 12:00:00+00:00,219.75
2020-08-07 13:00:00+00:00,405.5
2020-08-07 14:00:00+00:00,590.75
2020-08-07 15:00:00+00:00,802.5
2020-08-07 16:00:00+00:00,911.75
2020-08-07 17:00:00+00:00,944.5
2020-08-07 18:00:00+00:00,986.25
2020-08-07 19:00:00+00:00,1123.75
2020-08-07 20:00:00+00:00,1274.75
2020-08-07 21:00:00+00:00,1413.0
2020-08-07 22:00:00+00:00,1628.5
2020-08-07 23:00:00+00:00,1446.75
2020-08-08 00:00:00+00:00,979.25
2020-08-08 01:00:00+00:00,645.5
2020-08-08 02:00:00+00:00,432.75
2020-08-08 03:00:00+00:00,317.5
2020-08-08 04:00:00+00:00,260.75
2020-08-08 05:00:00+00:00,205.5
2020-08-08 06:00:00+00:00,121.0
2020-08-08 07:00:00+00:00,74.75
2020-08-08 08:00:00+00:00,18.0
2020-08-08 09:00:00+00:00,2.75
2020-08-08 10:00:00+00:00,5.75
2020-08-08 11:00:00+00:00,9.5
2020-08-08 12:00:00+00:00,3.25
2020-08-08 13:00:00+00:00,2.75
2020-08-08 14:00:00+00:00,21.25
2020-08-08 15:00:00+00:00,25.25
2020-08-08 16:00:00+00:00,91.5
2020-08-08 17:00:00+00:00,121.25
2020-08-08 18:00:00+00:00,174.25
2020-08-08 19:00:00+00:00,271.75
2020-08-08 20:00:00+00:00,418.25
2020-08-08 21:00:00+00:00,665.75
2020-08-08 22:00:00+00:00,794.0
2020-08-08 23:00:00+00:00,972.0
2020-08-09 00:00:00+00:00,872.75
2020-08-09 01:00:00+00:00,1119.5
2020-08-09 02:00:00+00:00,1364.5
2020-08-09 03:00:00+00:00,1507.5
2020-08-09 04:00:00+00:00,1424.0
2020-08-09 05:00:00+00:00,1366.5
2020-08-09 06:00:00+00:00,1261.25
2020-08-09 07:00:00+00:00,1088.5
2020-08-09 08:00:00+00:00,897.0
2020-08-09 09:00:00+00:00,811.75
2020-08-09 10:00:00+00:00,793.75
2020-08-09 11:00:00+00:00,889.0
2020-08-09 12:00:00+00:00,1094.5
2020-08-09 13:00:00+00:00,1389.75
2020-08-09 14:00:00+00:00,1672.25
2020-08-09 15:00:00+00:00,1863.25
2020-08-09 16:00:00+00:00,1858.75
2020-08-09 17:00:00+00:00,2177.25
2020-08-09 18:00:00+00:00,2407.75
2020-08-09 19:00:00+00:00,2605.5
2020-08-09 20:00:00+00:00,2703.0
2020-08-09 21:00:00+00:00,2402.5
2020-08-09 22:00:00+00:00,2000.25
2020-08-09 23:00:00+00:00,1928.5
2020-08-10 00:00:00+00:00,2033.25
2020-08-10 01:00:00+00:00,1907.25
2020-08-10 02:00:00+00:00,1773.0
2020-08-10 03:00:00+00:00,1883.75
2020-08-10 04:00:00+00:00,1939.25
2020-08-10 05:00:00+00:00,2194.25
2020-08-10 06:00:00+00:00,2191.25
2020-08-10 07:00:00+00:00,2123.75
2020-08-10 08:00:00+00:00,1899.75
2020-08-10 09:00:00+00:00,1636.0
2020-08-10 10:00:00+00:00,1530.0
2020-08-10 11:00:00+00:00,1840.5
2020-08-10 12:00:00+00:00,2246.5
2020-08-10 13:00:00+00:00,2629.5
2020-08-10 14:00:00+00:00,3180.0
2020-08-10 15:00:00+00:00,3363.0
2020-08-10 16:00:00+00:00,3685.5
2020-08-10 17:00:00+00:00,3586.5
2020-08-10 18:00:00+00:00,3805.25
2020-08-10 19:00:00+00:00,4087.25
2020-08-10 20:00:00+00:00,4653.25
2020-08-10 21:00:00+00:00,4315.0
2020-08-10 22:00:00+00:00,3567.75
2020-08-10 23:00:00+00:00,3202.0
2020-08-11 00:00:00+00:00,3630.5
2020-08-11 01:00:00+00:00,3314.5
2020-08-11 02:00:00+00:00,2759.5
2020-08-11 03:00:00+00:00,2517.0
2020-08-11 04:00:00+00:00,2836.75
2020-08-11 05:00:00+00:00,2584.25
2020-08-11 06:00:00+00:00,2243.25
2020-08-11 07:00:00+00:00,2352.75
2020-08-11 08:00:00+00:00,2466.25
2020-08-11 09:00:00+00:00,2405.0
2020-08-11 10:00:00+00:00,2501.75
2020-08-11 11:00:00+00:00,3006.25
2020-08-11 12:00:00+00:00,3443.25
2020-08-11 13:00:00+00:00,3512.5
2020-08-11 14:00:00+00:00,3501.25
2020-08-11 15:00:00+00:00,3874.5
2020-08-11 16:00:00+00:00,4444.0
2020-08-11 17:00:00+00:00,4975.25
2020-08-11 18:00:00+00:00,5582.5
2020-08-11 19:00:00+00:00,5580.5
2020-08-11 20:00:00+00:00,4999.5
2020-08-11 21:00:00+00:00,4997.75
2020-08-11 22:00:00+00:00,4928.75
2020-08-11 23:00:00+00:00,4820.25
2020-08-12 00:00:00+00:00,4603.25
2020-08-12 01:00:00+00:00,4345.0
2020-08-12 02:00:00+00:00,4307.75
2020-08-12 03:00:00+00:00,4386.0
2020-08-12 04:00:00+00:00,4068.75
2020-08-12 05:00:00+00:00,3931.5
2020-08-12 06:00:00+00:00,3404.0
2020-08-12 07:00:00+00:00,2809.0
2020-08-12 08:00:00+00:00,2411.25
2020-08-12 09:00:00+00:00,2238.75
2020-08-12 10:00:00+00:00,2291.0
2020-08-12 11:00:00+00:00,2481.5
2020-08-12 12:00:00+00:00,3076.25
2020-08-12 13:00:00+00:00,3711.25
2020-08-12 14:00:00+00:00,3854.5
2020-08-12 15:00:00+00:00,4220.75
2020-08-12 16:00:00+00:00,4631.5
2020-08-12 17:00:00+00:00,5163.25
2020-08-12 18:00:00+00:00,5399.0
2020-08-12 19:00:00+00:00,5081.25
2020-08-12 20:00:00+00:00,4929.5
2020-08-12 21:00:00+00:00,4906.75
2020-08-12 22:00:00+00:00,4838.75
2020-08-12 23:00:00+00:00,4731.25
2020-08-13 00:00:00+00:00,4554.25
2020-08-13 01:00:00+00:00,4466.25
2020-08-13 02:00:00+00:00,4112.75
2020-08-13 03:00:00+00:00,3626.0
2020-08-13 04:00:00+00:00,3262.0
2020-08-13 05:00:00+00:00,2776.25
2020-08-13 06:00:00+00:00,2302.0
2020-08-13 07:00:00+00:00,2006.5
2020-08-13 08:00:00+00:00,1927.75
2020-08-13 09:00:00+00:00,1944.75
2020-08-13 10:00:00+00:00,1872.5
2020-08-13 11:00:00+00:00,2054.5
2020-08-13 12:00:00+00:00,2550.0
2020-08-13 13:00:00+00:00,2834.25
2020-08-13 14:00:00+00:00,3101.5
2020-08-13 15:00:00+00:00,2978.75
2020-08-13 16:00:00+00:00,3240.0
2020-08-13 17:00:00+00:00,3448.0
2020-08-13 18:00:00+00:00,3511.5
2020-08-13 19:00:00+00:00,3607.25
2020-08-13 20:00:00+00:00,3744.0
2020-08-13 21:00:00+00:00,3750.75
2020-08-13 22:00:00+00:00,3471.5
2020-08-13 23:00:00+00:00,2899.25
2020-08-14 00:00:00+00:00,2490.75
2020-08-14 01:00:00+00:00,1962.5
2020-08-14 02:00:00+00:00,1631.5
2020-08-14 03:00:00+00:00,1520.5
2020-08-14 04:00:00+00:00,1441.25
2020-08-14 05:00:00+00:00,1183.0
2020-08-14 06:00:00+00:00,961.75
2020-08-14 07:00:00+00:00,667.75
2020-08-14 08:00:00+00:00,444.25
2020-08-14 09:00:00+00:00,447.25
2020-08-14 10:00:00+00:00,495.75
2020-08-14 11:00:00+00:00,468.0
2020-08-14 12:00:00+00:00,290.0
2020-08-14 13:00:00+00:00,244.0
2020-08-14 14:00:00+00:00,265.25
2020-08-14 15:00:00+00:00,499.5
2020-08-14 16:00:00+00:00,832.0
2020-08-14 17:00:00+00:00,1071.25
2020-08-14 18:00:00+00:00,1296.25
2020-08-14 19:00:00+00:00,1527.25
2020-08-14 20:00:00+00:00,1761.25
2020-08-14 21:00:00+00:00,1837.5
2020-08-14 22:00:00+00:00,1570.5
2020-08-14 23:00:00+00:00,1281.25
2020-08-15 00:00:00+00:00,1077.5
2020-08-15 01:00:00+00:00,892.0
2020-08-15 02:00:00+00:00,1070.5
2020-08-15 03:00:00+00:00,1307.75
2020-08-15 04:00:00+00:00,1504.5
2020-08-15 05:00:00+00:00,1453.25
2020-08-15 06:00:00+00:00,1305.5
2020-08-15 07:00:00+00:00,1250.0
2020-08-15 08:00:00+00:00,1206.75
2020-08-15 09:00:00+00:00,1002.0
2020-08-15 10:00:00+00:00,877.75
2020-08-15 11:00:00+00:00,808.5
2020-08-15 12:00:00+00:00,820.25
2020-08-15 13:00:00+00:00,904.0
2020-08-15 14:00:00+00:00,978.0
2020-08-15 15:00:00+00:00,1171.25
2020-08-15 16:00:00+00:00,1288.5
2020-08-15 17:00:00+00:00,1387.0
2020-08-15 18:00:00+00:00,1352.25
2020-08-15 19:00:00+00:00,1196.5
2020-08-15 20:00:00+00:00,1278.75
2020-08-15 21:00:00+00:00,1318.5
2020-08-15 22:00:00+00:00,1296.25
2020-08-15 23:00:00+00:00,1196.5
2020-08-16 00:00:00+00:00,1033.5
2020-08-16 01:00:00+00:00,827.25
2020-08-16 02:00:00+00:00,678.25
2020-08-16 03:00:00+00:00,609.5
2020-08-16 04:00:00+00:00,473.75
2020-08-16 05:00:00+00:00,337.5
2020-08-16 06:00:00+00:00,271.0
2020-08-16 07:00:00+00:00,203.75
2020-08-16 08:00:00+00:00,188.75
2020-08-16 09:00:00+00:00,169.0
2020-08-16 10:00:00+00:00,152.5
2020-08-16 11:00:00+00:00,182.5
2020-08-16 12:00:00+00:00,321.5
2020-08-16 13:00:00+00:00,452.75
2020-08-16 14:00:00+00:00,530.5
2020-08-16 15:00:00+00:00,709.25
2020-08-16 16:00:00+00:00,1065.75
2020-08-16 17:00:00+00:00,1472.25
2020-08-16 18:00:00+00:00,2093.0
2020-08-16 19:00:00+00:00,2638.25
2020-08-16 20:00:00+00:00,3191.0
2020-08-16 21:00:00+00:00,3217.5
2020-08-16 22:00:00+00:00,2806.25
2020-08-16 23:00:00+00:00,2014.5
2020-08-17 00:00:00+00:00,1163.5
2020-08-17 01:00:00+00:00,788.25
2020-08-17 02:00:00+00:00,765.75
2020-08-17 03:00:00+00:00,799.0
2020-08-17 04:00:00+00:00,631.75
2020-08-17 05:00:00+00:00,748.0
2020-08-17 06:00:00+00:00,551.5
2020-08-17 07:00:00+00:00,390.5
2020-08-17 08:00:00+00:00,217.75
2020-08-17 09:00:00+00:00,99.25
2020-08-17 10:00:00+00:00,103.25
2020-08-17 11:00:00+00:00,113.5
2020-08-17 12:00:00+00:00,142.75
2020-08-17 13:00:00+00:00,193.75
2020-08-17 14:00:00+00:00,297.0
2020-08-17 15:00:00+00:00,425.25
2020-08-17 16:00:00+00:00,491.5
2020-08-17 17:00:00+00:00,436.5
2020-08-17 18:00:00+00:00,413.5
2020-08-17 19:00:00+00:00,318.0
2020-08-17 20:00:00+00:00,295.75
2020-08-17 21:00:00+00:00,232.25
2020-08-17 22:00:00+00:00,215.0
2020-08-17 23:00:00+00:00,215.75
2020-08-18 00:00:00+00:00,243.5
2020-08-18 01:00:00+00:00,307.0
2020-08-18 02:00:00+00:00,291.0
2020-08-18 03:00:00+00:00,345.25
2020-08-18 04:00:00+00:00,391.75
2020-08-18 05:00:00+00:00,286.25
2020-08-18 06:00:00+00:00,456.0
2020-08-18 07:00:00+00:00,600.0
2020-08-18 08:00:00+00:00,707.5
2020-08-18 09:00:00+00:00,631.25
2020-08-18 10:00:00+00:00,564.0
2020-08-18 11:00:00+00:00,459.75
2020-08-18 12:00:00+00:00,474.0
2020-08-18 13:00:00+00:00,529.0
2020-08-18 14:00:00+00:00,610.5
2020-08-18 15:00:00+00:00,531.5
2020-08-18 16:00:00+00:00,303.0
2020-08-18 17:00:00+00:00,184.5
2020-08-18 18:00:00+00:00,159.0
2020-08-18 19:00:00+00:00,179.0
2020-08-18 20:00:00+00:00,208.0
2020-08-18 21:00:00+00:00,212.25
2020-08-18 22:00:00+00:00,275.5
2020-08-18 23:00:00+00:00,298.25
2020-08-19 00:00:00+00:00,275.75
2020-08-19 01:00:00+00:00,257.25
2020-08-19 02:00:00+00:00,292.5
2020-08-19 03:00:00+00:00,377.25
2020-08-19 04:00:00+00:00,541.5
2020-08-19 05:00:00+00:00,599.0
2020-08-19 06:00:00+00:00,529.25
2020-08-19 07:00:00+00:00,575.75
2020-08-19 08:00:00+00:00,651.5
2020-08-19 09:00:00+00:00,521.75
2020-08-19 10:00:00+00:00,450.25
2020-08-19 11:00:00+00:00,396.0
2020-08-19 12:00:00+00:00,394.25
2020-08-19 13:00:00+00:00,344.5
2020-08-19 14:00:00+00:00,367.25
2020-08-19 15:00:00+00:00,622.25
2020-08-19 16:00:00+00:00,952.0
2020-08-19 17:00:00+00:00,1405.25
2020-08-19 18:00:00+00:00,1716.75
2020-08-19 19:00:00+00:00,1933.0
2020-08-19 20:00:00+00:00,2445.0
2020-08-19 21:00:00+00:00,3069.0
2020-08-19 22:00:00+00:00,3439.25
2020-08-19 23:00:00+00:00,3815.0
2020-08-20 00:00:00+00:00,3741.0
2020-08-20 01:00:00+00:00,3367.5
2020-08-20 02:00:00+00:00,2694.75
2020-08-20 03:00:00+00:00,2356.5
2020-08-20 04:00:00+00:00,2692.75
2020-08-20 05:00:00+00:00,2360.25
2020-08-20 06:00:00+00:00,2315.25
2020-08-20 07:00:00+00:00,2451.25
2020-08-20 08:00:00+00:00,2976.0
2020-08-20 09:00:00+00:00,3218.0
2020-08-20 10:00:00+00:00,2843.75
2020-08-20 11:00:00+00:00,2473.25
2020-08-20 12:00:00+00:00,2003.5
2020-08-20 13:00:00+00:00,1680.5
2020-08-20 14:00:00+00:00,1217.75
2020-08-20 15:00:00+00:00,833.25
2020-08-20 16:00:00+00:00,601.5
2020-08-20 17:00:00+00:00,494.25
2020-08-20 18:00:00+00:00,513.25
2020-08-20 19:00:00+00:00,898.25
2020-08-20 20:00:00+00:00,1813.5
2020-08-20 21:00:00+00:00,2849.25
2020-08-20 22:00:00+00:00,3625.75
2020-08-20 23:00:00+00:00,4067.0
2020-08-21 00:00:00+00:00,3338.75
2020-08-21 01:00:00+00:00,3168.5
2020-08-21 02:00:00+00:00,3696.25
2020-08-21 03:00:00+00:00,4184.75
2020-08-21 04:00:00+00:00,4533.25
2020-08-21 05:00:00+00:00,4668.75
2020-08-21 06:00:00+00:00,4408.75
2020-08-21 07:00:00+00:00,4022.5
2020-08-21 08:00:00+00:00,3864.5
2020-08-21 09:00:00+00:00,3802.0
2020-08-21 10:00:00+00:00,4130.5
2020-08-21 11:00:00+00:00,4215.25
2020-08-21 12:00:00+00:00,3927.0
2020-08-21 13:00:00+00:00,3646.75
2020-08-21 14:00:00+00:00,3487.0
2020-08-21 15:00:00+00:00,3608.25
2020-08-21 16:00:00+00:00,4272.75
2020-08-21 17:00:00+00:00,5106.75
2020-08-21 18:00:00+00:00,5546.75
2020-08-21 19:00:00+00:00,5412.75
2020-08-21 20:00:00+00:00,5423.0
2020-08-21 21:00:00+00:00,5655.0
2020-08-21 22:00:00+00:00,5521.0
2020-08-21 23:00:00+00:00,5295.0
2020-08-22 00:00:00+00:00,5123.5
2020-08-22 01:00:00+00:00,5066.5
2020-08-22 02:00:00+00:00,5191.25
2020-08-22 03:00:00+00:00,5315.25
2020-08-22 04:00:00+00:00,5356.0
2020-08-22 05:00:00+00:00,5071.0
2020-08-22 06:00:00+00:00,4595.75
2020-08-22 07:00:00+00:00,4722.25
2020-08-22 08:00:00+00:00,4924.75
2020-08-22 09:00:00+00:00,5207.5
2020-08-22 10:00:00+00:00,5176.5
2020-08-22 11:00:00+00:00,4834.25
2020-08-22 12:00:00+00:00,4978.75
2020-08-22 13:00:00+00:00,5414.5
2020-08-22 14:00:00+00:00,5265.75
2020-08-22 15:00:00+00:00,5302.25
2020-08-22 16:00:00+00:00,5220.75
2020-08-22 17:00:00+00:00,5181.25
2020-08-22 18:00:00+00:00,5463.0
2020-08-22 19:00:00+00:00,5528.0
2020-08-22 20:00:00+00:00,5788.75
2020-08-22 21:00:00+00:00,5067.75
2020-08-22 22:00:00+00:00,4828.25
2020-08-22 23:00:00+00:00,4239.25
2020-08-23 00:00:00+00:00,3282.0
2020-08-23 01:00:00+00:00,3423.25
2020-08-23 02:00:00+00:00,4081.0
2020-08-23 03:00:00+00:00,3971.25
2020-08-23 04:00:00+00:00,3900.0
2020-08-23 05:00:00+00:00,3732.5
2020-08-23 06:00:00+00:00,3686.25
2020-08-23 07:00:00+00:00,3759.75
2020-08-23 08:00:00+00:00,3645.0
2020-08-23 09:00:00+00:00,3444.75
2020-08-23 10:00:00+00:00,2989.75
2020-08-23 11:00:00+00:00,3129.75
2020-08-23 12:00:00+00:00,3414.5
2020-08-23 13:00:00+00:00,3732.25
2020-08-23 14:00:00+00:00,4052.75
2020-08-23 15:00:00+00:00,4126.0
2020-08-23 16:00:00+00:00,4135.5
2020-08-23 17:00:00+00:00,3883.25
2020-08-23 18:00:00+00:00,3333.25
2020-08-23 19:00:00+00:00,2977.75
2020-08-23 20:00:00+00:00,2688.75
2020-08-23 21:00:00+00:00,2321.75
2020-08-23 22:00:00+00:00,1960.25
2020-08-23 23:00:00+00:00,1856.5
2020-08-24 00:00:00+00:00,1945.25
2020-08-24 01:00:00+00:00,1069.25
2020-08-24 02:00:00+00:00,826.25
2020-08-24 03:00:00+00:00,568.75
2020-08-24 04:00:00+00:00,547.75
2020-08-24 05:00:00+00:00,416.5
2020-08-24 06:00:00+00:00,344.5
2020-08-24 07:00:00+00:00,433.75
2020-08-24 08:00:00+00:00,582.5
2020-08-24 09:00:00+00:00,606.5
2020-08-24 10:00:00+00:00,776.5
2020-08-24 11:00:00+00:00,550.75
2020-08-24 12:00:00+00:00,536.75
2020-08-24 13:00:00+00:00,1196.0
2020-08-24 14:00:00+00:00,1235.0
2020-08-24 15:00:00+00:00,1021.75
2020-08-24 16:00:00+00:00,1020.5
2020-08-24 17:00:00+00:00,1128.5
2020-08-24 18:00:00+00:00,1246.75
2020-08-24 19:00:00+00:00,993.5
2020-08-24 20:00:00+00:00,849.75
2020-08-24 21:00:00+00:00,703.75
2020-08-24 22:00:00+00:00,499.25
2020-08-24 23:00:00+00:00,362.25
2020-08-25 00:00:00+00:00,257.25
2020-08-25 01:00:00+00:00,191.0
2020-08-25 02:00:00+00:00,178.0
2020-08-25 03:00:00+00:00,143.5
2020-08-25 04:00:00+00:00,309.5
2020-08-25 05:00:00+00:00,653.0
2020-08-25 06:00:00+00:00,1534.0
2020-08-25 07:00:00+00:00,2260.5
2020-08-25 08:00:00+00:00,3174.5
2020-08-25 09:00:00+00:00,4201.5
2020-08-25 10:00:00+00:00,4788.25
2020-08-25 11:00:00+00:00,4813.75
2020-08-25 12:00:00+00:00,4966.25
2020-08-25 13:00:00+00:00,5690.25
2020-08-25 14:00:00+00:00,5932.0
2020-08-25 15:00:00+00:00,5763.5
2020-08-25 16:00:00+00:00,5459.5
2020-08-25 17:00:00+00:00,4757.0
2020-08-25 18:00:00+00:00,4076.75
2020-08-25 19:00:00+00:00,3998.25
2020-08-25 20:00:00+00:00,4359.5
2020-08-25 21:00:00+00:00,4581.75
2020-08-25 22:00:00+00:00,4379.75
2020-08-25 23:00:00+00:00,4118.5
2020-08-26 00:00:00+00:00,4181.0
2020-08-26 01:00:00+00:00,4212.0
2020-08-26 02:00:00+00:00,4282.5
2020-08-26 03:00:00+00:00,4384.25
2020-08-26 04:00:00+00:00,4275.75
2020-08-26 05:00:00+00:00,4317.5
2020-08-26 06:00:00+00:00,4317.0
2020-08-26 07:00:00+00:00,4157.75
2020-08-26 08:00:00+00:00,3852.75
2020-08-26 09:00:00+00:00,3932.75
2020-08-26 10:00:00+00:00,4080.0
2020-08-26 11:00:00+00:00,3846.0
2020-08-26 12:00:00+00:00,3735.0
2020-08-26 13:00:00+00:00,3988.25
2020-08-26 14:00:00+00:00,4334.75
2020-08-26 15:00:00+00:00,4225.25
2020-08-26 16:00:00+00:00,4181.0
2020-08-26 17:00:00+00:00,4109.75
2020-08-26 18:00:00+00:00,4069.0
2020-08-26 19:00:00+00:00,4123.5
2020-08-26 20:00:00+00:00,4169.0
2020-08-26 21:00:00+00:00,3868.75
2020-08-26 22:00:00+00:00,3679.25
2020-08-26 23:00:00+00:00,3648.5
2020-08-27 00:00:00+00:00,2739.75
2020-08-27 01:00:00+00:00,2646.25
2020-08-27 02:00:00+00:00,2611.75
2020-08-27 03:00:00+00:00,2683.5
2020-08-27 04:00:00+00:00,2660.25
2020-08-27 05:00:00+00:00,3246.75
2020-08-27 06:00:00+00:00,3042.5
2020-08-27 07:00:00+00:00,2599.75
2020-08-27 08:00:00+00:00,2221.5
2020-08-27 09:00:00+00:00,1557.5
2020-08-27 10:00:00+00:00,973.0
2020-08-27 11:00:00+00:00,585.0
2020-08-27 12:00:00+00:00,324.75
2020-08-27 13:00:00+00:00,215.5
2020-08-27 14:00:00+00:00,192.75
2020-08-27 15:00:00+00:00,116.75
2020-08-27 16:00:00+00:00,74.75
2020-08-27 17:00:00+00:00,72.75
2020-08-27 18:00:00+00:00,55.75
2020-08-27 19:00:00+00:00,111.75
2020-08-27 20:00:00+00:00,266.0
2020-08-27 21:00:00+00:00,708.25
2020-08-27 22:00:00+00:00,1539.25
2020-08-27 23:00:00+00:00,2688.0
2020-08-28 00:00:00+00:00,3467.75
2020-08-28 01:00:00+00:00,3977.75
2020-08-28 02:00:00+00:00,4076.75
2020-08-28 03:00:00+00:00,4928.75
2020-08-28 04:00:00+00:00,5107.0
2020-08-28 05:00:00+00:00,4661.75
2020-08-28 06:00:00+00:00,4104.5
2020-08-28 07:00:00+00:00,3892.5
2020-08-28 08:00:00+00:00,3691.25
2020-08-28 09:00:00+00:00,3498.75
2020-08-28 10:00:00+00:00,4012.5
2020-08-28 11:00:00+00:00,4192.25
2020-08-28 12:00:00+00:00,5000.75
2020-08-28 13:00:00+00:00,4587.75
2020-08-28 14:00:00+00:00,4619.5
2020-08-28 15:00:00+00:00,3947.5
2020-08-28 16:00:00+00:00,3547.25
2020-08-28 17:00:00+00:00,2965.25
2020-08-28 18:00:00+00:00,2688.0
2020-08-28 19:00:00+00:00,2507.75
2020-08-28 20:00:00+00:00,2635.75
2020-08-28 21:00:00+00:00,2410.25
2020-08-28 22:00:00+00:00,2068.5
2020-08-28 23:00:00+00:00,2041.0
2020-08-29 00:00:00+00:00,2038.25
2020-08-29 01:00:00+00:00,1841.25
2020-08-29 02:00:00+00:00,1550.0
2020-08-29 03:00:00+00:00,1052.75
2020-08-29 04:00:00+00:00,1166.0
2020-08-29 05:00:00+00:00,1470.75
2020-08-29 06:00:00+00:00,1721.0
2020-08-29 07:00:00+00:00,1678.75
2020-08-29 08:00:00+00:00,1645.25
2020-08-29 09:00:00+00:00,1771.0
2020-08-29 10:00:00+00:00,1626.75
2020-08-29 11:00:00+00:00,1491.0
2020-08-29 12:00:00+00:00,1562.75
2020-08-29 13:00:00+00:00,1205.75
2020-08-29 14:00:00+00:00,1206.0
2020-08-29 15:00:00+00:00,1736.75
2020-08-29 16:00:00+00:00,2048.25
2020-08-29 17:00:00+00:00,2044.25
2020-08-29 18:00:00+00:00,2132.0
2020-08-29 19:00:00+00:00,2011.5
2020-08-29 20:00:00+00:00,1949.25
2020-08-29 21:00:00+00:00,1770.25
2020-08-29 22:00:00+00:00,1348.0
2020-08-29 23:00:00+00:00,1225.5
2020-08-30 00:00:00+00:00,1306.25
2020-08-30 01:00:00+00:00,1332.75
2020-08-30 02:00:00+00:00,1534.75
2020-08-30 03:00:00+00:00,1579.75
2020-08-30 04:00:00+00:00,1409.5
2020-08-30 05:00:00+00:00,1613.5
2020-08-30 06:00:00+00:00,1751.75
2020-08-30 07:00:00+00:00,1980.75
2020-08-30 08:00:00+00:00,2304.25
2020-08-30 09:00:00+00:00,2402.25
2020-08-30 10:00:00+00:00,2831.75
2020-08-30 11:00:00+00:00,3430.25
2020-08-30 12:00:00+00:00,3966.25
2020-08-30 13:00:00+00:00,4331.5
2020-08-30 14:00:00+00:00,4246.75
2020-08-30 15:00:00+00:00,3882.0
2020-08-30 16:00:00+00:00,3779.0
2020-08-30 17:00:00+00:00,3683.5
2020-08-30 18:00:00+00:00,3543.25
2020-08-30 19:00:00+00:00,3683.25
2020-08-30 20:00:00+00:00,3379.25
2020-08-30 21:00:00+00:00,3600.75
2020-08-30 22:00:00+00:00,3107.75
2020-08-30 23:00:00+00:00,2528.5
2020-08-31 00:00:00+00:00,2013.75
2020-08-31 01:00:00+00:00,1823.5
2020-08-31 02:00:00+00:00,1822.5
2020-08-31 03:00:00+00:00,2249.5
2020-08-31 04:00:00+00:00,2416.25
2020-08-31 05:00:00+00:00,2057.25
2020-08-31 06:00:00+00:00,1906.75
2020-08-31 07:00:00+00:00,1762.0
2020-08-31 08:00:00+00:00,1323.75
2020-08-31 09:00:00+00:00,1007.25
2020-08-31 10:00:00+00:00,979.25
2020-08-31 11:00:00+00:00,1109.75
2020-08-31 12:00:00+00:00,923.25
2020-08-31 13:00:00+00:00,769.0
2020-08-31 14:00:00+00:00,728.0
2020-08-31 15:00:00+00:00,481.5
2020-08-31 16:00:00+00:00,379.25
2020-08-31 17:00:00+00:00,478.75
2020-08-31 18:00:00+00:00,446.75
2020-08-31 19:00:00+00:00,377.25
2020-08-31 20:00:00+00:00,379.0
2020-08-31 21:00:00+00:00,276.25
2020-08-31 22:00:00+00:00,421.25
2020-08-31 23:00:00+00:00,448.75
2020-09-01 00:00:00+00:00,574.25
2020-09-01 01:00:00+00:00,579.75
2020-09-01 02:00:00+00:00,497.75
2020-09-01 03:00:00+00:00,482.25
2020-09-01 04:00:00+00:00,487.75
2020-09-01 05:00:00+00:00,522.25
2020-09-01 06:00:00+00:00,746.75
2020-09-01 07:00:00+00:00,681.5
2020-09-01 08:00:00+00:00,578.75
2020-09-01 09:00:00+00:00,503.25
2020-09-01 10:00:00+00:00,491.0
2020-09-01 11:00:00+00:00,496.0
2020-09-01 12:00:00+00:00,516.5
2020-09-01 13:00:00+00:00,680.0
2020-09-01 14:00:00+00:00,689.25
2020-09-01 15:00:00+00:00,672.75
2020-09-01 16:00:00+00:00,722.25
2020-09-01 17:00:00+00:00,1019.25
2020-09-01 18:00:00+00:00,1255.75
2020-09-01 19:00:00+00:00,1420.75
2020-09-01 20:00:00+00:00,1347.75
2020-09-01 21:00:00+00:00,1188.5
2020-09-01 22:00:00+00:00,1050.0
2020-09-01 23:00:00+00:00,898.75
2020-09-02 00:00:00+00:00,763.75
2020-09-02 01:00:00+00:00,687.25
2020-09-02 02:00:00+00:00,640.75
2020-09-02 03:00:00+00:00,790.75
2020-09-02 04:00:00+00:00,842.0
2020-09-02 05:00:00+00:00,624.5
2020-09-02 06:00:00+00:00,566.25
2020-09-02 07:00:00+00:00,512.0
2020-09-02 08:00:00+00:00,482.25
2020-09-02 09:00:00+00:00,476.0
2020-09-02 10:00:00+00:00,500.25
2020-09-02 11:00:00+00:00,542.0
2020-09-02 12:00:00+00:00,381.5
2020-09-02 13:00:00+00:00,426.75
2020-09-02 14:00:00+00:00,585.0
2020-09-02 15:00:00+00:00,649.0
2020-09-02 16:00:00+00:00,677.5
2020-09-02 17:00:00+00:00,640.25
2020-09-02 18:00:00+00:00,510.5
2020-09-02 19:00:00+00:00,547.75
2020-09-02 20:00:00+00:00,695.75
2020-09-02 21:00:00+00:00,751.5
2020-09-02 22:00:00+00:00,569.0
2020-09-02 23:00:00+00:00,647.5
2020-09-03 00:00:00+00:00,955.0
2020-09-03 01:00:00+00:00,1455.0
2020-09-03 02:00:00+00:00,1877.5
2020-09-03 03:00:00+00:00,2348.5
2020-09-03 04:00:00+00:00,2766.0
2020-09-03 05:00:00+00:00,3095.25
2020-09-03 06:00:00+00:00,4139.0
2020-09-03 07:00:00+00:00,4775.0
2020-09-03 08:00:00+00:00,4939.5
2020-09-03 09:00:00+00:00,5125.75
2020-09-03 10:00:00+00:00,5162.5
2020-09-03 11:00:00+00:00,5082.25
2020-09-03 12:00:00+00:00,5114.25
2020-09-03 13:00:00+00:00,5209.75
2020-09-03 14:00:00+00:00,5040.0
2020-09-03 15:00:00+00:00,4623.25
2020-09-03 16:00:00+00:00,3794.5
2020-09-03 17:00:00+00:00,3328.5
2020-09-03 18:00:00+00:00,3144.25
2020-09-03 19:00:00+00:00,4169.5
2020-09-03 20:00:00+00:00,4044.0
2020-09-03 21:00:00+00:00,3456.25
2020-09-03 22:00:00+00:00,3275.75
2020-09-03 23:00:00+00:00,3280.5
2020-09-04 00:00:00+00:00,3354.0
2020-09-04 01:00:00+00:00,3373.25
2020-09-04 02:00:00+00:00,3552.25
2020-09-04 03:00:00+00:00,3376.25
2020-09-04 04:00:00+00:00,2600.0
2020-09-04 05:00:00+00:00,2626.75
2020-09-04 06:00:00+00:00,2658.25
2020-09-04 07:00:00+00:00,2736.75
2020-09-04 08:00:00+00:00,2686.75
2020-09-04 09:00:00+00:00,3002.25
2020-09-04 10:00:00+00:00,3473.75
2020-09-04 11:00:00+00:00,3410.0
2020-09-04 12:00:00+00:00,3039.5
2020-09-04 13:00:00+00:00,3051.5
2020-09-04 14:00:00+00:00,2846.0
2020-09-04 15:00:00+00:00,2981.75
2020-09-04 16:00:00+00:00,3075.25
2020-09-04 17:00:00+00:00,3398.75
2020-09-04 18:00:00+00:00,4003.25
2020-09-04 19:00:00+00:00,3984.75
2020-09-04 20:00:00+00:00,4269.75
2020-09-04 21:00:00+00:00,3616.25
2020-09-04 22:00:00+00:00,3364.5
2020-09-04 23:00:00+00:00,3229.0
2020-09-05 00:00:00+00:00,3199.75
2020-09-05 01:00:00+00:00,3117.0
2020-09-05 02:00:00+00:00,3609.5
2020-09-05 03:00:00+00:00,3942.75
2020-09-05 04:00:00+00:00,4295.25
2020-09-05 05:00:00+00:00,4864.75
2020-09-05 06:00:00+00:00,5053.5
2020-09-05 07:00:00+00:00,5160.75
2020-09-05 08:00:00+00:00,5361.5
2020-09-05 09:00:00+00:00,5332.5
2020-09-05 10:00:00+00:00,5238.0
2020-09-05 11:00:00+00:00,4994.0
2020-09-05 12:00:00+00:00,5054.75
2020-09-05 13:00:00+00:00,5174.25
2020-09-05 14:00:00+00:00,5170.5
2020-09-05 15:00:00+00:00,5100.25
2020-09-05 16:00:00+00:00,5467.25
2020-09-05 17:00:00+00:00,5092.5
2020-09-05 18:00:00+00:00,4467.5
2020-09-05 19:00:00+00:00,4538.5
2020-09-05 20:00:00+00:00,3868.5
2020-09-05 21:00:00+00:00,3435.5
2020-09-05 22:00:00+00:00,3511.5
2020-09-05 23:00:00+00:00,3492.25
2020-09-06 00:00:00+00:00,3253.75
2020-09-06 01:00:00+00:00,3104.25
2020-09-06 02:00:00+00:00,2545.75
2020-09-06 03:00:00+00:00,2718.0
2020-09-06 04:00:00+00:00,2199.5
2020-09-06 05:00:00+00:00,2577.75
2020-09-06 06:00:00+00:00,2025.75
2020-09-06 07:00:00+00:00,1857.75
2020-09-06 08:00:00+00:00,1813.25
2020-09-06 09:00:00+00:00,1707.5
2020-09-06 10:00:00+00:00,1684.25
2020-09-06 11:00:00+00:00,1560.25
2020-09-06 12:00:00+00:00,1485.25
2020-09-06 13:00:00+00:00,1401.75
2020-09-06 14:00:00+00:00,1323.5
2020-09-06 15:00:00+00:00,1317.75
2020-09-06 16:00:00+00:00,1083.75
2020-09-06 17:00:00+00:00,897.0
2020-09-06 18:00:00+00:00,906.5
2020-09-06 19:00:00+00:00,1076.5
2020-09-06 20:00:00+00:00,1534.5
2020-09-06 21:00:00+00:00,1336.5
2020-09-06 22:00:00+00:00,1278.25
2020-09-06 23:00:00+00:00,1495.75
2020-09-07 00:00:00+00:00,1692.25
2020-09-07 01:00:00+00:00,1744.5
2020-09-07 02:00:00+00:00,1360.75
2020-09-07 03:00:00+00:00,1336.75
2020-09-07 04:00:00+00:00,1355.25
2020-09-07 05:00:00+00:00,1214.5
2020-09-07 06:00:00+00:00,991.5
2020-09-07 07:00:00+00:00,894.5
2020-09-07 08:00:00+00:00,890.25
2020-09-07 09:00:00+00:00,880.75
2020-09-07 10:00:00+00:00,1181.25
2020-09-07 11:00:00+00:00,1572.75
2020-09-07 12:00:00+00:00,1758.75
2020-09-07 13:00:00+00:00,2014.75
2020-09-07 14:00:00+00:00,2492.5
2020-09-07 15:00:00+00:00,2831.25
2020-09-07 16:00:00+00:00,3667.5
2020-09-07 17:00:00+00:00,4945.0
2020-09-07 18:00:00+00:00,5375.0
2020-09-07 19:00:00+00:00,5278.5
2020-09-07 20:00:00+00:00,4970.75
2020-09-07 21:00:00+00:00,4393.0
2020-09-07 22:00:00+00:00,3655.0
2020-09-07 23:00:00+00:00,3740.0
2020-09-08 00:00:00+00:00,3699.5
2020-09-08 01:00:00+00:00,3452.0
2020-09-08 02:00:00+00:00,3234.75
2020-09-08 03:00:00+00:00,3447.25
2020-09-08 04:00:00+00:00,3282.25
2020-09-08 05:00:00+00:00,2985.25
2020-09-08 06:00:00+00:00,3051.5
2020-09-08 07:00:00+00:00,3759.5
2020-09-08 08:00:00+00:00,3822.75
2020-09-08 09:00:00+00:00,4052.75
2020-09-08 10:00:00+00:00,3856.25
2020-09-08 11:00:00+00:00,3483.5
2020-09-08 12:00:00+00:00,3541.0
2020-09-08 13:00:00+00:00,3179.75
2020-09-08 14:00:00+00:00,2833.25
2020-09-08 15:00:00+00:00,2765.25
2020-09-08 16:00:00+00:00,2800.5
2020-09-08 17:00:00+00:00,3099.0
2020-09-08 18:00:00+00:00,3148.0
2020-09-08 19:00:00+00:00,3034.75
2020-09-08 20:00:00+00:00,3307.0
2020-09-08 21:00:00+00:00,4412.25
2020-09-08 22:00:00+00:00,5251.25
2020-09-08 23:00:00+00:00,5540.25
2020-09-09 00:00:00+00:00,5550.25
2020-09-09 01:00:00+00:00,5187.0
2020-09-09 02:00:00+00:00,5219.5
2020-09-09 03:00:00+00:00,5310.25
2020-09-09 04:00:00+00:00,5384.5
2020-09-09 05:00:00+00:00,5400.25
2020-09-09 06:00:00+00:00,5712.0
2020-09-09 07:00:00+00:00,5756.0
2020-09-09 08:00:00+00:00,5595.25
2020-09-09 09:00:00+00:00,4907.5
2020-09-09 10:00:00+00:00,4259.5
2020-09-09 11:00:00+00:00,4370.75
2020-09-09 12:00:00+00:00,3678.5
2020-09-09 13:00:00+00:00,4142.5
2020-09-09 14:00:00+00:00,4295.75
2020-09-09 15:00:00+00:00,4408.0
2020-09-09 16:00:00+00:00,4681.75
2020-09-09 17:00:00+00:00,5033.5
2020-09-09 18:00:00+00:00,5512.0
2020-09-09 19:00:00+00:00,5784.25
2020-09-09 20:00:00+00:00,5692.25
2020-09-09 21:00:00+00:00,5782.5
2020-09-09 22:00:00+00:00,3994.75
2020-09-09 23:00:00+00:00,3448.25
2020-09-10 00:00:00+00:00,3462.75
2020-09-10 01:00:00+00:00,3162.75
2020-09-10 02:00:00+00:00,3255.25
2020-09-10 03:00:00+00:00,3535.75
2020-09-10 04:00:00+00:00,3603.0
2020-09-10 05:00:00+00:00,2936.0
2020-09-10 06:00:00+00:00,2699.75
2020-09-10 07:00:00+00:00,2096.75
2020-09-10 08:00:00+00:00,1680.25
2020-09-10 09:00:00+00:00,1303.5
2020-09-10 10:00:00+00:00,1220.0
2020-09-10 11:00:00+00:00,1269.25
2020-09-10 12:00:00+00:00,1011.0
2020-09-10 13:00:00+00:00,948.5
2020-09-10 14:00:00+00:00,714.0
2020-09-10 15:00:00+00:00,591.25
2020-09-10 16:00:00+00:00,474.0
2020-09-10 17:00:00+00:00,403.75
2020-09-10 18:00:00+00:00,340.75
2020-09-10 19:00:00+00:00,296.75
2020-09-10 20:00:00+00:00,255.25
2020-09-10 21:00:00+00:00,280.75
2020-09-10 22:00:00+00:00,543.25
2020-09-10 23:00:00+00:00,1097.0
2020-09-11 00:00:00+00:00,1682.0
2020-09-11 01:00:00+00:00,2093.75
2020-09-11 02:00:00+00:00,2287.25
2020-09-11 03:00:00+00:00,2343.0
2020-09-11 04:00:00+00:00,2399.75
2020-09-11 05:00:00+00:00,1855.75
2020-09-11 06:00:00+00:00,1830.0
2020-09-11 07:00:00+00:00,1701.5
2020-09-11 08:00:00+00:00,1789.25
2020-09-11 09:00:00+00:00,2231.75
2020-09-11 10:00:00+00:00,3045.75
2020-09-11 11:00:00+00:00,3783.5
2020-09-11 12:00:00+00:00,4103.5
2020-09-11 13:00:00+00:00,4056.75
2020-09-11 14:00:00+00:00,4237.5
2020-09-11 15:00:00+00:00,4332.5
2020-09-11 16:00:00+00:00,4260.0
2020-09-11 17:00:00+00:00,4237.5
2020-09-11 18:00:00+00:00,4498.0
2020-09-11 19:00:00+00:00,4344.0
2020-09-11 20:00:00+00:00,4532.75
2020-09-11 21:00:00+00:00,4304.75
2020-09-11 22:00:00+00:00,3786.25
2020-09-11 23:00:00+00:00,3438.75
2020-09-12 00:00:00+00:00,3639.0
2020-09-12 01:00:00+00:00,3580.0
2020-09-12 02:00:00+00:00,3539.5
2020-09-12 03:00:00+00:00,3703.0
2020-09-12 04:00:00+00:00,4333.75
2020-09-12 05:00:00+00:00,4756.25
2020-09-12 06:00:00+00:00,4798.0
2020-09-12 07:00:00+00:00,4866.0
2020-09-12 08:00:00+00:00,5241.25
2020-09-12 09:00:00+00:00,4461.75
2020-09-12 10:00:00+00:00,4050.75
2020-09-12 11:00:00+00:00,3877.25
2020-09-12 12:00:00+00:00,4132.5
2020-09-12 13:00:00+00:00,4126.25
2020-09-12 14:00:00+00:00,4182.25
2020-09-12 15:00:00+00:00,4483.0
2020-09-12 16:00:00+00:00,4560.0
2020-09-12 17:00:00+00:00,5062.5
2020-09-12 18:00:00+00:00,4878.5
2020-09-12 19:00:00+00:00,4588.25
2020-09-12 20:00:00+00:00,4390.0
2020-09-12 21:00:00+00:00,4001.75
2020-09-12 22:00:00+00:00,3589.75
2020-09-12 23:00:00+00:00,4039.5
2020-09-13 00:00:00+00:00,4742.5
2020-09-13 01:00:00+00:00,5125.0
2020-09-13 02:00:00+00:00,4823.25
2020-09-13 03:00:00+00:00,4464.75
2020-09-13 04:00:00+00:00,4277.25
2020-09-13 05:00:00+00:00,4100.25
2020-09-13 06:00:00+00:00,4524.75
2020-09-13 07:00:00+00:00,4459.0
2020-09-13 08:00:00+00:00,4554.0
2020-09-13 09:00:00+00:00,4626.0
2020-09-13 10:00:00+00:00,4601.5
2020-09-13 11:00:00+00:00,4677.5
2020-09-13 12:00:00+00:00,5269.75
2020-09-13 13:00:00+00:00,5350.25
2020-09-13 14:00:00+00:00,5058.75
2020-09-13 15:00:00+00:00,5788.5
2020-09-13 16:00:00+00:00,5626.0
2020-09-13 17:00:00+00:00,5045.75
2020-09-13 18:00:00+00:00,4533.25
2020-09-13 19:00:00+00:00,4028.0
2020-09-13 20:00:00+00:00,3669.75
2020-09-13 21:00:00+00:00,3010.5
2020-09-13 22:00:00+00:00,2402.75
2020-09-13 23:00:00+00:00,2259.25
2020-09-14 00:00:00+00:00,2076.75
2020-09-14 01:00:00+00:00,1865.25
2020-09-14 02:00:00+00:00,1693.75
2020-09-14 03:00:00+00:00,1287.0
2020-09-14 04:00:00+00:00,1100.25
2020-09-14 05:00:00+00:00,961.25
2020-09-14 06:00:00+00:00,925.75
2020-09-14 07:00:00+00:00,953.0
2020-09-14 08:00:00+00:00,973.25
2020-09-14 09:00:00+00:00,896.25
2020-09-14 10:00:00+00:00,830.0
2020-09-14 11:00:00+00:00,640.5
2020-09-14 12:00:00+00:00,397.5
2020-09-14 13:00:00+00:00,179.75
2020-09-14 14:00:00+00:00,66.0
2020-09-14 15:00:00+00:00,37.25
2020-09-14 16:00:00+00:00,26.75
2020-09-14 17:00:00+00:00,23.0
2020-09-14 18:00:00+00:00,90.0
2020-09-14 19:00:00+00:00,135.5
2020-09-14 20:00:00+00:00,216.5
2020-09-14 21:00:00+00:00,315.75
2020-09-14 22:00:00+00:00,475.75
2020-09-14 23:00:00+00:00,521.5
2020-09-15 00:00:00+00:00,498.5
2020-09-15 01:00:00+00:00,433.0
2020-09-15 02:00:00+00:00,214.75
2020-09-15 03:00:00+00:00,87.0
2020-09-15 04:00:00+00:00,59.5
2020-09-15 05:00:00+00:00,75.25
2020-09-15 06:00:00+00:00,111.5
2020-09-15 07:00:00+00:00,171.0
2020-09-15 08:00:00+00:00,117.75
2020-09-15 09:00:00+00:00,147.0
2020-09-15 10:00:00+00:00,129.25
2020-09-15 11:00:00+00:00,79.0
2020-09-15 12:00:00+00:00,71.25
2020-09-15 13:00:00+00:00,54.25
2020-09-15 14:00:00+00:00,53.0
2020-09-15 15:00:00+00:00,38.25
2020-09-15 16:00:00+00:00,39.75
2020-09-15 17:00:00+00:00,93.25
2020-09-15 18:00:00+00:00,209.0
2020-09-15 19:00:00+00:00,301.5
2020-09-15 20:00:00+00:00,374.0
2020-09-15 21:00:00+00:00,351.5
2020-09-15 22:00:00+00:00,277.75
2020-09-15 23:00:00+00:00,402.0
2020-09-16 00:00:00+00:00,608.5
2020-09-16 01:00:00+00:00,1100.0
2020-09-16 02:00:00+00:00,1364.75
2020-09-16 03:00:00+00:00,1465.75
2020-09-16 04:00:00+00:00,1400.75
2020-09-16 05:00:00+00:00,1438.0
2020-09-16 06:00:00+00:00,1567.5
2020-09-16 07:00:00+00:00,1629.25
2020-09-16 08:00:00+00:00,1696.25
2020-09-16 09:00:00+00:00,2288.0
2020-09-16 10:00:00+00:00,3257.25
2020-09-16 11:00:00+00:00,4322.5
2020-09-16 12:00:00+00:00,4337.0
2020-09-16 13:00:00+00:00,4044.5
2020-09-16 14:00:00+00:00,3936.25
2020-09-16 15:00:00+00:00,4833.75
2020-09-16 16:00:00+00:00,5917.5
2020-09-16 17:00:00+00:00,5707.0
2020-09-16 18:00:00+00:00,5429.75
2020-09-16 19:00:00+00:00,5063.0
2020-09-16 20:00:00+00:00,5019.25
2020-09-16 21:00:00+00:00,5402.5
2020-09-16 22:00:00+00:00,5812.0
2020-09-16 23:00:00+00:00,5868.75
2020-09-17 00:00:00+00:00,5457.75
2020-09-17 01:00:00+00:00,4846.5
2020-09-17 02:00:00+00:00,4383.25
2020-09-17 03:00:00+00:00,3873.75
2020-09-17 04:00:00+00:00,3405.75
2020-09-17 05:00:00+00:00,3011.25
2020-09-17 06:00:00+00:00,2392.5
2020-09-17 07:00:00+00:00,2021.0
2020-09-17 08:00:00+00:00,1776.25
2020-09-17 09:00:00+00:00,1509.0
2020-09-17 10:00:00+00:00,1274.0
2020-09-17 11:00:00+00:00,1139.75
2020-09-17 12:00:00+00:00,856.25
2020-09-17 13:00:00+00:00,900.5
2020-09-17 14:00:00+00:00,1029.5
2020-09-17 15:00:00+00:00,1313.5
2020-09-17 16:00:00+00:00,1416.25
2020-09-17 17:00:00+00:00,1585.75
2020-09-17 18:00:00+00:00,1514.75
2020-09-17 19:00:00+00:00,1475.0
2020-09-17 20:00:00+00:00,1258.0
2020-09-17 21:00:00+00:00,1121.5
2020-09-17 22:00:00+00:00,945.75
2020-09-17 23:00:00+00:00,867.25
2020-09-18 00:00:00+00:00,752.25
2020-09-18 01:00:00+00:00,715.75
2020-09-18 02:00:00+00:00,703.75
2020-09-18 03:00:00+00:00,565.0
2020-09-18 04:00:00+00:00,424.25
2020-09-18 05:00:00+00:00,416.0
2020-09-18 06:00:00+00:00,461.75
2020-09-18 07:00:00+00:00,468.75
2020-09-18 08:00:00+00:00,480.5
2020-09-18 09:00:00+00:00,613.75
2020-09-18 10:00:00+00:00,672.0
2020-09-18 11:00:00+00:00,639.25
2020-09-18 12:00:00+00:00,832.75
2020-09-18 13:00:00+00:00,1203.0
2020-09-18 14:00:00+00:00,1535.0
2020-09-18 15:00:00+00:00,1804.5
2020-09-18 16:00:00+00:00,2006.5
2020-09-18 17:00:00+00:00,2169.25
2020-09-18 18:00:00+00:00,2424.75
2020-09-18 19:00:00+00:00,2305.5
2020-09-18 20:00:00+00:00,2059.5
2020-09-18 21:00:00+00:00,2374.5
2020-09-18 22:00:00+00:00,2641.75
2020-09-18 23:00:00+00:00,2680.0
2020-09-19 00:00:00+00:00,2354.0
2020-09-19 01:00:00+00:00,1767.75
2020-09-19 02:00:00+00:00,1705.5
2020-09-19 03:00:00+00:00,1809.5
2020-09-19 04:00:00+00:00,1857.0
2020-09-19 05:00:00+00:00,1971.75
2020-09-19 06:00:00+00:00,1949.75
2020-09-19 07:00:00+00:00,2055.0
2020-09-19 08:00:00+00:00,2076.25
2020-09-19 09:00:00+00:00,1970.75
2020-09-19 10:00:00+00:00,2060.5
2020-09-19 11:00:00+00:00,2089.5
2020-09-19 12:00:00+00:00,2236.0
2020-09-19 13:00:00+00:00,2499.0
2020-09-19 14:00:00+00:00,2572.25
2020-09-19 15:00:00+00:00,2486.5
2020-09-19 16:00:00+00:00,2509.0
2020-09-19 17:00:00+00:00,2617.0
2020-09-19 18:00:00+00:00,2790.75
2020-09-19 19:00:00+00:00,2549.5
2020-09-19 20:00:00+00:00,2152.25
2020-09-19 21:00:00+00:00,1791.25
2020-09-19 22:00:00+00:00,1439.5
2020-09-19 23:00:00+00:00,1082.5
2020-09-20 00:00:00+00:00,746.75
2020-09-20 01:00:00+00:00,683.75
2020-09-20 02:00:00+00:00,680.25
2020-09-20 03:00:00+00:00,650.5
2020-09-20 04:00:00+00:00,804.5
2020-09-20 05:00:00+00:00,954.5
2020-09-20 06:00:00+00:00,1039.5
2020-09-20 07:00:00+00:00,1063.75
2020-09-20 08:00:00+00:00,1075.75
2020-09-20 09:00:00+00:00,1089.0
2020-09-20 10:00:00+00:00,875.0
2020-09-20 11:00:00+00:00,596.5
2020-09-20 12:00:00+00:00,627.0
2020-09-20 13:00:00+00:00,865.75
2020-09-20 14:00:00+00:00,1199.25
2020-09-20 15:00:00+00:00,1223.75
2020-09-20 16:00:00+00:00,1013.0
2020-09-20 17:00:00+00:00,769.0
2020-09-20 18:00:00+00:00,953.5
2020-09-20 19:00:00+00:00,1441.0
2020-09-20 20:00:00+00:00,1410.75
2020-09-20 21:00:00+00:00,1086.5
2020-09-20 22:00:00+00:00,758.25
2020-09-20 23:00:00+00:00,564.25
2020-09-21 00:00:00+00:00,348.0
2020-09-21 01:00:00+00:00,151.25
2020-09-21 02:00:00+00:00,16.75
2020-09-21 03:00:00+00:00,57.75
2020-09-21 04:00:00+00:00,154.0
2020-09-21 05:00:00+00:00,162.5
2020-09-21 06:00:00+00:00,108.0
2020-09-21 07:00:00+00:00,136.25
2020-09-21 08:00:00+00:00,68.75
2020-09-21 09:00:00+00:00,5.75
2020-09-21 10:00:00+00:00,26.25
2020-09-21 11:00:00+00:00,14.5
2020-09-21 12:00:00+00:00,0.25
2020-09-21 13:00:00+00:00,0.0
2020-09-21 14:00:00+00:00,0.0
2020-09-21 15:00:00+00:00,0.0
2020-09-21 16:00:00+00:00,0.0
2020-09-21 17:00:00+00:00,0.0
2020-09-21 18:00:00+00:00,4.25
2020-09-21 19:00:00+00:00,8.25
2020-09-21 20:00:00+00:00,14.25
2020-09-21 21:00:00+00:00,22.5
2020-09-21 22:00:00+00:00,68.75
2020-09-21 23:00:00+00:00,68.25
2020-09-22 00:00:00+00:00,88.75
2020-09-22 01:00:00+00:00,74.25
2020-09-22 02:00:00+00:00,37.5
2020-09-22 03:00:00+00:00,9.75
2020-09-22 04:00:00+00:00,2.25
2020-09-22 05:00:00+00:00,11.0
2020-09-22 06:00:00+00:00,30.0
2020-09-22 07:00:00+00:00,18.25
2020-09-22 08:00:00+00:00,14.0
2020-09-22 09:00:00+00:00,44.75
2020-09-22 10:00:00+00:00,98.75
2020-09-22 11:00:00+00:00,185.75
2020-09-22 12:00:00+00:00,203.5
2020-09-22 13:00:00+00:00,201.25
2020-09-22 14:00:00+00:00,223.25
2020-09-22 15:00:00+00:00,259.5
2020-09-22 16:00:00+00:00,278.75
2020-09-22 17:00:00+00:00,267.0
2020-09-22 18:00:00+00:00,276.5
2020-09-22 19:00:00+00:00,372.75
2020-09-22 20:00:00+00:00,553.5
2020-09-22 21:00:00+00:00,791.25
2020-09-22 22:00:00+00:00,902.0
2020-09-22 23:00:00+00:00,1193.25
2020-09-23 00:00:00+00:00,1471.75
2020-09-23 01:00:00+00:00,1661.0
2020-09-23 02:00:00+00:00,2152.5
2020-09-23 03:00:00+00:00,2625.5
2020-09-23 04:00:00+00:00,2753.25
2020-09-23 05:00:00+00:00,2799.0
2020-09-23 06:00:00+00:00,2535.5
2020-09-23 07:00:00+00:00,1766.0
2020-09-23 08:00:00+00:00,1621.75
2020-09-23 09:00:00+00:00,2042.0
2020-09-23 10:00:00+00:00,2577.0
2020-09-23 11:00:00+00:00,2577.75
2020-09-23 12:00:00+00:00,2326.75
2020-09-23 13:00:00+00:00,2344.75
2020-09-23 14:00:00+00:00,2992.75
2020-09-23 15:00:00+00:00,4531.5
2020-09-23 16:00:00+00:00,4879.0
2020-09-23 17:00:00+00:00,4269.25
2020-09-23 18:00:00+00:00,4084.0
2020-09-23 19:00:00+00:00,4483.25
2020-09-23 20:00:00+00:00,4532.5
2020-09-23 21:00:00+00:00,4236.25
2020-09-23 22:00:00+00:00,5106.75
2020-09-23 23:00:00+00:00,5488.5
2020-09-24 00:00:00+00:00,5924.0
2020-09-24 01:00:00+00:00,5899.5
2020-09-24 02:00:00+00:00,5744.5
2020-09-24 03:00:00+00:00,5478.25
2020-09-24 04:00:00+00:00,5697.0
2020-09-24 05:00:00+00:00,5696.0
2020-09-24 06:00:00+00:00,5738.75
2020-09-24 07:00:00+00:00,5857.0
2020-09-24 08:00:00+00:00,5930.5
2020-09-24 09:00:00+00:00,5845.0
2020-09-24 10:00:00+00:00,5770.25
2020-09-24 11:00:00+00:00,5541.25
2020-09-24 12:00:00+00:00,5593.0
2020-09-24 13:00:00+00:00,5247.75
2020-09-24 14:00:00+00:00,5205.25
2020-09-24 15:00:00+00:00,5630.0
2020-09-24 16:00:00+00:00,5289.0
2020-09-24 17:00:00+00:00,5079.5
2020-09-24 18:00:00+00:00,4232.5
2020-09-24 19:00:00+00:00,2286.25
2020-09-24 20:00:00+00:00,1038.5
2020-09-24 21:00:00+00:00,700.5
2020-09-24 22:00:00+00:00,1434.25
2020-09-24 23:00:00+00:00,2036.5
2020-09-25 00:00:00+00:00,2461.75
2020-09-25 01:00:00+00:00,2755.25
2020-09-25 02:00:00+00:00,2999.75
2020-09-25 03:00:00+00:00,3562.5
2020-09-25 04:00:00+00:00,3243.0
2020-09-25 05:00:00+00:00,3953.0
2020-09-25 06:00:00+00:00,4947.25
2020-09-25 07:00:00+00:00,5255.25
2020-09-25 08:00:00+00:00,5370.0
2020-09-25 09:00:00+00:00,4623.25
2020-09-25 10:00:00+00:00,3606.75
2020-09-25 11:00:00+00:00,2910.75
2020-09-25 12:00:00+00:00,2883.0
2020-09-25 13:00:00+00:00,2757.0
2020-09-25 14:00:00+00:00,2607.25
2020-09-25 15:00:00+00:00,2463.75
2020-09-25 16:00:00+00:00,1829.75
2020-09-25 17:00:00+00:00,1540.0
2020-09-25 18:00:00+00:00,1464.5
2020-09-25 19:00:00+00:00,1280.25
2020-09-25 20:00:00+00:00,1023.75
2020-09-25 21:00:00+00:00,919.75
2020-09-25 22:00:00+00:00,603.25
2020-09-25 23:00:00+00:00,351.0
2020-09-26 00:00:00+00:00,352.25
2020-09-26 01:00:00+00:00,292.5
2020-09-26 02:00:00+00:00,320.25
2020-09-26 03:00:00+00:00,163.5
2020-09-26 04:00:00+00:00,91.25
2020-09-26 05:00:00+00:00,133.5
2020-09-26 06:00:00+00:00,123.0
2020-09-26 07:00:00+00:00,219.5
2020-09-26 08:00:00+00:00,635.0
2020-09-26 09:00:00+00:00,864.75
2020-09-26 10:00:00+00:00,1178.0
2020-09-26 11:00:00+00:00,2533.25
2020-09-26 12:00:00+00:00,4420.0
2020-09-26 13:00:00+00:00,5791.25
2020-09-26 14:00:00+00:00,6525.25
2020-09-26 15:00:00+00:00,6838.75
2020-09-26 16:00:00+00:00,6783.5
2020-09-26 17:00:00+00:00,6450.25
2020-09-26 18:00:00+00:00,5566.0
2020-09-26 19:00:00+00:00,4656.75
2020-09-26 20:00:00+00:00,4605.0
2020-09-26 21:00:00+00:00,4363.75
2020-09-26 22:00:00+00:00,5142.75
2020-09-26 23:00:00+00:00,5136.75
2020-09-27 00:00:00+00:00,5097.0
2020-09-27 01:00:00+00:00,5430.25
2020-09-27 02:00:00+00:00,5428.25
2020-09-27 03:00:00+00:00,5508.25
2020-09-27 04:00:00+00:00,5635.0
2020-09-27 05:00:00+00:00,4737.5
2020-09-27 06:00:00+00:00,3633.5
2020-09-27 07:00:00+00:00,3021.25
2020-09-27 08:00:00+00:00,2862.0
2020-09-27 09:00:00+00:00,2773.25
2020-09-27 10:00:00+00:00,2818.5
2020-09-27 11:00:00+00:00,2813.25
2020-09-27 12:00:00+00:00,2363.25
2020-09-27 13:00:00+00:00,1866.5
2020-09-27 14:00:00+00:00,1654.75
2020-09-27 15:00:00+00:00,1859.25
2020-09-27 16:00:00+00:00,2237.25
2020-09-27 17:00:00+00:00,2339.25
2020-09-27 18:00:00+00:00,2445.25
2020-09-27 19:00:00+00:00,3081.75
2020-09-27 20:00:00+00:00,2977.0
2020-09-27 21:00:00+00:00,2887.75
2020-09-27 22:00:00+00:00,2564.75
2020-09-27 23:00:00+00:00,2215.5
2020-09-28 00:00:00+00:00,2179.0
2020-09-28 01:00:00+00:00,1969.25
2020-09-28 02:00:00+00:00,1322.75
2020-09-28 03:00:00+00:00,1107.0
2020-09-28 04:00:00+00:00,811.25
2020-09-28 05:00:00+00:00,767.25
2020-09-28 06:00:00+00:00,865.0
2020-09-28 07:00:00+00:00,1003.75
2020-09-28 08:00:00+00:00,947.75
2020-09-28 09:00:00+00:00,639.75
2020-09-28 10:00:00+00:00,492.75
2020-09-28 11:00:00+00:00,400.25
2020-09-28 12:00:00+00:00,276.25
2020-09-28 13:00:00+00:00,181.5
2020-09-28 14:00:00+00:00,187.0
2020-09-28 15:00:00+00:00,311.0
2020-09-28 16:00:00+00:00,367.0
2020-09-28 17:00:00+00:00,362.75
2020-09-28 18:00:00+00:00,468.25
2020-09-28 19:00:00+00:00,609.5
2020-09-28 20:00:00+00:00,688.0
2020-09-28 21:00:00+00:00,641.5
2020-09-28 22:00:00+00:00,653.5
2020-09-28 23:00:00+00:00,763.0
2020-09-29 00:00:00+00:00,827.5
2020-09-29 01:00:00+00:00,806.25
2020-09-29 02:00:00+00:00,851.25
2020-09-29 03:00:00+00:00,897.75
2020-09-29 04:00:00+00:00,695.0
2020-09-29 05:00:00+00:00,693.5
2020-09-29 06:00:00+00:00,678.25
2020-09-29 07:00:00+00:00,908.25
2020-09-29 08:00:00+00:00,1194.25
2020-09-29 09:00:00+00:00,1414.0
2020-09-29 10:00:00+00:00,1455.75
2020-09-29 11:00:00+00:00,1281.75
2020-09-29 12:00:00+00:00,1285.0
2020-09-29 13:00:00+00:00,1206.25
2020-09-29 14:00:00+00:00,1315.25
2020-09-29 15:00:00+00:00,995.0
2020-09-29 16:00:00+00:00,765.75
2020-09-29 17:00:00+00:00,704.5
2020-09-29 18:00:00+00:00,499.5
2020-09-29 19:00:00+00:00,331.5
2020-09-29 20:00:00+00:00,167.75
2020-09-29 21:00:00+00:00,109.25
2020-09-29 22:00:00+00:00,150.25
2020-09-29 23:00:00+00:00,254.5
2020-09-30 00:00:00+00:00,418.0
2020-09-30 01:00:00+00:00,697.0
2020-09-30 02:00:00+00:00,925.25
2020-09-30 03:00:00+00:00,1245.75
2020-09-30 04:00:00+00:00,1597.0
2020-09-30 05:00:00+00:00,1893.0
2020-09-30 06:00:00+00:00,2131.75
2020-09-30 07:00:00+00:00,2255.75
2020-09-30 08:00:00+00:00,2586.25
2020-09-30 09:00:00+00:00,3042.0
2020-09-30 10:00:00+00:00,2796.5
2020-09-30 11:00:00+00:00,2697.75
2020-09-30 12:00:00+00:00,2749.75
2020-09-30 13:00:00+00:00,2485.75
2020-09-30 14:00:00+00:00,2368.5
2020-09-30 15:00:00+00:00,2696.25
2020-09-30 16:00:00+00:00,2905.25
2020-09-30 17:00:00+00:00,3875.5
2020-09-30 18:00:00+00:00,4415.25
2020-09-30 19:00:00+00:00,4753.75
2020-09-30 20:00:00+00:00,5193.25
2020-09-30 21:00:00+00:00,5336.25
2020-09-30 22:00:00+00:00,5396.75
2020-09-30 23:00:00+00:00,5335.5
2020-10-01 00:00:00+00:00,4910.5
2020-10-01 01:00:00+00:00,4933.75
2020-10-01 02:00:00+00:00,4663.5
2020-10-01 03:00:00+00:00,4735.75
2020-10-01 04:00:00+00:00,5013.5
2020-10-01 05:00:00+00:00,5276.75
2020-10-01 06:00:00+00:00,5388.5
2020-10-01 07:00:00+00:00,5460.75
2020-10-01 08:00:00+00:00,5412.0
2020-10-01 09:00:00+00:00,5351.0
2020-10-01 10:00:00+00:00,5582.75
2020-10-01 11:00:00+00:00,5698.5
2020-10-01 12:00:00+00:00,5833.25
2020-10-01 13:00:00+00:00,5903.25
2020-10-01 14:00:00+00:00,6077.75
2020-10-01 15:00:00+00:00,6130.75
2020-10-01 16:00:00+00:00,6163.75
2020-10-01 17:00:00+00:00,6191.25
2020-10-01 18:00:00+00:00,6354.25
2020-10-01 19:00:00+00:00,6219.5
2020-10-01 20:00:00+00:00,4426.75
2020-10-01 21:00:00+00:00,2675.75
2020-10-01 22:00:00+00:00,2440.75
2020-10-01 23:00:00+00:00,1980.25
2020-10-02 00:00:00+00:00,1597.75
2020-10-02 01:00:00+00:00,1085.5
2020-10-02 02:00:00+00:00,886.75
2020-10-02 03:00:00+00:00,709.25
2020-10-02 04:00:00+00:00,782.5
2020-10-02 05:00:00+00:00,961.25
2020-10-02 06:00:00+00:00,1418.5
2020-10-02 07:00:00+00:00,2170.5
2020-10-02 08:00:00+00:00,2726.5
2020-10-02 09:00:00+00:00,3088.0
2020-10-02 10:00:00+00:00,3396.5
2020-10-02 11:00:00+00:00,4325.25
2020-10-02 12:00:00+00:00,5424.0
2020-10-02 13:00:00+00:00,5906.25
2020-10-02 14:00:00+00:00,5945.25
2020-10-02 15:00:00+00:00,6119.5
2020-10-02 16:00:00+00:00,6204.0
2020-10-02 17:00:00+00:00,6247.75
2020-10-02 18:00:00+00:00,6071.25
2020-10-02 19:00:00+00:00,5920.75
2020-10-02 20:00:00+00:00,5887.75
2020-10-02 21:00:00+00:00,5879.25
2020-10-02 22:00:00+00:00,5821.75
2020-10-02 23:00:00+00:00,5859.0
2020-10-03 00:00:00+00:00,6069.0
2020-10-03 01:00:00+00:00,6212.25
2020-10-03 02:00:00+00:00,6204.5
2020-10-03 03:00:00+00:00,6191.75
2020-10-03 04:00:00+00:00,6188.0
2020-10-03 05:00:00+00:00,6289.25
2020-10-03 06:00:00+00:00,6285.0
2020-10-03 07:00:00+00:00,6273.25
2020-10-03 08:00:00+00:00,6167.0
2020-10-03 09:00:00+00:00,5984.0
2020-10-03 10:00:00+00:00,5972.25
2020-10-03 11:00:00+00:00,5952.25
2020-10-03 12:00:00+00:00,5930.5
2020-10-03 13:00:00+00:00,5885.0
2020-10-03 14:00:00+00:00,5954.0
2020-10-03 15:00:00+00:00,6336.25
2020-10-03 16:00:00+00:00,6646.0
2020-10-03 17:00:00+00:00,6140.25
2020-10-03 18:00:00+00:00,5856.5
2020-10-03 19:00:00+00:00,5821.75
2020-10-03 20:00:00+00:00,5429.25
2020-10-03 21:00:00+00:00,5501.75
2020-10-03 22:00:00+00:00,4975.75
2020-10-03 23:00:00+00:00,4324.75
2020-10-04 00:00:00+00:00,4102.25
2020-10-04 01:00:00+00:00,4119.75
2020-10-04 02:00:00+00:00,4471.75
2020-10-04 03:00:00+00:00,5002.75
2020-10-04 04:00:00+00:00,4871.5
2020-10-04 05:00:00+00:00,5464.75
2020-10-04 06:00:00+00:00,5539.25
2020-10-04 07:00:00+00:00,5291.0
2020-10-04 08:00:00+00:00,4816.5
2020-10-04 09:00:00+00:00,4155.5
2020-10-04 10:00:00+00:00,3764.0
2020-10-04 11:00:00+00:00,3573.75
2020-10-04 12:00:00+00:00,3578.25
2020-10-04 13:00:00+00:00,3639.5
2020-10-04 14:00:00+00:00,5693.0
2020-10-04 15:00:00+00:00,6001.0
2020-10-04 16:00:00+00:00,6165.5
2020-10-04 17:00:00+00:00,6309.0
2020-10-04 18:00:00+00:00,6313.5
2020-10-04 19:00:00+00:00,6125.25
2020-10-04 20:00:00+00:00,5949.5
2020-10-04 21:00:00+00:00,5886.5
2020-10-04 22:00:00+00:00,5674.25
2020-10-04 23:00:00+00:00,5670.5
2020-10-05 00:00:00+00:00,5580.25
2020-10-05 01:00:00+00:00,5566.5
2020-10-05 02:00:00+00:00,5537.25
2020-10-05 03:00:00+00:00,5479.5
2020-10-05 04:00:00+00:00,5741.25
2020-10-05 05:00:00+00:00,5794.25
2020-10-05 06:00:00+00:00,5672.5
2020-10-05 07:00:00+00:00,5703.25
2020-10-05 08:00:00+00:00,5759.0
2020-10-05 09:00:00+00:00,5857.75
2020-10-05 10:00:00+00:00,5975.25
2020-10-05 11:00:00+00:00,5943.25
2020-10-05 12:00:00+00:00,5928.25
2020-10-05 13:00:00+00:00,5825.25
2020-10-05 14:00:00+00:00,5713.25
2020-10-05 15:00:00+00:00,5830.5
2020-10-05 16:00:00+00:00,6166.25
2020-10-05 17:00:00+00:00,6011.75
2020-10-05 18:00:00+00:00,5868.5
2020-10-05 19:00:00+00:00,5711.25
2020-10-05 20:00:00+00:00,5752.0
2020-10-05 21:00:00+00:00,6159.5
2020-10-05 22:00:00+00:00,6257.75
2020-10-05 23:00:00+00:00,6322.75
2020-10-06 00:00:00+00:00,6069.0
2020-10-06 01:00:00+00:00,5868.25
2020-10-06 02:00:00+00:00,5709.25
2020-10-06 03:00:00+00:00,5406.25
2020-10-06 04:00:00+00:00,4735.25
2020-10-06 05:00:00+00:00,4672.75
2020-10-06 06:00:00+00:00,4167.25
2020-10-06 07:00:00+00:00,3985.0
2020-10-06 08:00:00+00:00,4919.5
2020-10-06 09:00:00+00:00,5544.0
2020-10-06 10:00:00+00:00,5844.0
2020-10-06 11:00:00+00:00,5938.5
2020-10-06 12:00:00+00:00,5594.5
2020-10-06 13:00:00+00:00,4611.5
2020-10-06 14:00:00+00:00,3176.5
2020-10-06 15:00:00+00:00,2541.5
2020-10-06 16:00:00+00:00,2101.75
2020-10-06 17:00:00+00:00,1915.75
2020-10-06 18:00:00+00:00,2132.0
2020-10-06 19:00:00+00:00,2193.0
2020-10-06 20:00:00+00:00,2134.25
2020-10-06 21:00:00+00:00,1612.0
2020-10-06 22:00:00+00:00,1561.75
2020-10-06 23:00:00+00:00,1593.0
2020-10-07 00:00:00+00:00,1503.75
2020-10-07 01:00:00+00:00,1671.0
2020-10-07 02:00:00+00:00,1801.0
2020-10-07 03:00:00+00:00,2281.5
2020-10-07 04:00:00+00:00,2559.0
2020-10-07 05:00:00+00:00,2801.25
2020-10-07 06:00:00+00:00,3187.25
2020-10-07 07:00:00+00:00,3892.5
2020-10-07 08:00:00+00:00,4206.75
2020-10-07 09:00:00+00:00,3561.5
2020-10-07 10:00:00+00:00,3208.0
2020-10-07 11:00:00+00:00,4002.75
2020-10-07 12:00:00+00:00,4265.25
2020-10-07 13:00:00+00:00,4443.0
2020-10-07 14:00:00+00:00,5370.5
2020-10-07 15:00:00+00:00,5520.25
2020-10-07 16:00:00+00:00,5431.0
2020-10-07 17:00:00+00:00,5609.75
2020-10-07 18:00:00+00:00,5862.0
2020-10-07 19:00:00+00:00,5870.0
2020-10-07 20:00:00+00:00,5796.25
2020-10-07 21:00:00+00:00,5919.0
2020-10-07 22:00:00+00:00,6034.25
2020-10-07 23:00:00+00:00,5613.5
2020-10-08 00:00:00+00:00,4796.75
2020-10-08 01:00:00+00:00,5139.5
2020-10-08 02:00:00+00:00,5406.0
2020-10-08 03:00:00+00:00,5186.75
2020-10-08 04:00:00+00:00,5188.5
2020-10-08 05:00:00+00:00,5411.0
2020-10-08 06:00:00+00:00,4616.25
2020-10-08 07:00:00+00:00,4583.75
2020-10-08 08:00:00+00:00,5566.0
2020-10-08 09:00:00+00:00,5623.0
2020-10-08 10:00:00+00:00,5658.5
2020-10-08 11:00:00+00:00,5926.5
2020-10-08 12:00:00+00:00,6425.0
2020-10-08 13:00:00+00:00,6616.75
2020-10-08 14:00:00+00:00,6606.0
2020-10-08 15:00:00+00:00,6692.75
2020-10-08 16:00:00+00:00,6315.5
2020-10-08 17:00:00+00:00,6263.25
2020-10-08 18:00:00+00:00,5715.75
2020-10-08 19:00:00+00:00,5395.5
2020-10-08 20:00:00+00:00,5319.5
2020-10-08 21:00:00+00:00,5857.75
2020-10-08 22:00:00+00:00,5565.5
2020-10-08 23:00:00+00:00,5211.75
2020-10-09 00:00:00+00:00,4726.75
2020-10-09 01:00:00+00:00,4127.0
2020-10-09 02:00:00+00:00,3186.75
2020-10-09 03:00:00+00:00,2827.0
2020-10-09 04:00:00+00:00,2574.5
2020-10-09 05:00:00+00:00,2340.75
2020-10-09 06:00:00+00:00,2575.75
2020-10-09 07:00:00+00:00,3038.0
2020-10-09 08:00:00+00:00,3301.5
2020-10-09 09:00:00+00:00,4338.0
2020-10-09 10:00:00+00:00,4699.0
2020-10-09 11:00:00+00:00,4664.75
2020-10-09 12:00:00+00:00,4865.5
2020-10-09 13:00:00+00:00,4737.5
2020-10-09 14:00:00+00:00,4799.25
2020-10-09 15:00:00+00:00,5147.5
2020-10-09 16:00:00+00:00,5489.5
2020-10-09 17:00:00+00:00,5304.0
2020-10-09 18:00:00+00:00,4406.75
2020-10-09 19:00:00+00:00,3646.25
2020-10-09 20:00:00+00:00,3166.25
2020-10-09 21:00:00+00:00,3438.0
2020-10-09 22:00:00+00:00,3825.0
2020-10-09 23:00:00+00:00,3557.0
2020-10-10 00:00:00+00:00,3516.75
2020-10-10 01:00:00+00:00,3814.0
2020-10-10 02:00:00+00:00,3405.75
2020-10-10 03:00:00+00:00,3405.75
2020-10-10 04:00:00+00:00,4161.25
2020-10-10 05:00:00+00:00,4257.75
2020-10-10 06:00:00+00:00,4221.75
2020-10-10 07:00:00+00:00,4043.75
2020-10-10 08:00:00+00:00,3929.0
2020-10-10 09:00:00+00:00,3152.75
2020-10-10 10:00:00+00:00,3057.5
2020-10-10 11:00:00+00:00,4157.5
2020-10-10 12:00:00+00:00,2906.0
2020-10-10 13:00:00+00:00,3347.25
2020-10-10 14:00:00+00:00,3483.75
2020-10-10 15:00:00+00:00,3897.75
2020-10-10 16:00:00+00:00,3784.75
2020-10-10 17:00:00+00:00,3743.0
2020-10-10 18:00:00+00:00,3502.75
2020-10-10 19:00:00+00:00,4422.5
2020-10-10 20:00:00+00:00,4753.5
2020-10-10 21:00:00+00:00,5508.25
2020-10-10 22:00:00+00:00,5544.0
2020-10-10 23:00:00+00:00,5807.75
2020-10-11 00:00:00+00:00,5835.5
2020-10-11 01:00:00+00:00,5857.75
2020-10-11 02:00:00+00:00,5683.5
2020-10-11 03:00:00+00:00,5402.5
2020-10-11 04:00:00+00:00,4419.25
2020-10-11 05:00:00+00:00,4482.0
2020-10-11 06:00:00+00:00,4484.75
2020-10-11 07:00:00+00:00,4088.75
2020-10-11 08:00:00+00:00,5334.0
2020-10-11 09:00:00+00:00,3782.5
2020-10-11 10:00:00+00:00,3908.0
2020-10-11 11:00:00+00:00,3810.5
2020-10-11 12:00:00+00:00,3716.25
2020-10-11 13:00:00+00:00,3521.5
2020-10-11 14:00:00+00:00,3492.75
2020-10-11 15:00:00+00:00,3455.75
2020-10-11 16:00:00+00:00,3668.75
2020-10-11 17:00:00+00:00,4258.0
2020-10-11 18:00:00+00:00,4781.5
2020-10-11 19:00:00+00:00,4051.5
2020-10-11 20:00:00+00:00,3657.0
2020-10-11 21:00:00+00:00,3189.75
2020-10-11 22:00:00+00:00,2863.75
2020-10-11 23:00:00+00:00,3241.75
2020-10-12 00:00:00+00:00,3599.25
2020-10-12 01:00:00+00:00,3579.25
2020-10-12 02:00:00+00:00,2927.25
2020-10-12 03:00:00+00:00,2421.5
2020-10-12 04:00:00+00:00,2204.25
2020-10-12 05:00:00+00:00,1961.75
2020-10-12 06:00:00+00:00,1970.5
2020-10-12 07:00:00+00:00,1470.0
2020-10-12 08:00:00+00:00,1361.0
2020-10-12 09:00:00+00:00,1185.5
2020-10-12 10:00:00+00:00,979.0
2020-10-12 11:00:00+00:00,991.25
2020-10-12 12:00:00+00:00,953.75
2020-10-12 13:00:00+00:00,1130.75
2020-10-12 14:00:00+00:00,1395.25
2020-10-12 15:00:00+00:00,1258.5
2020-10-12 16:00:00+00:00,1178.25
2020-10-12 17:00:00+00:00,1147.75
2020-10-12 18:00:00+00:00,1382.0
2020-10-12 19:00:00+00:00,942.75
2020-10-12 20:00:00+00:00,788.25
2020-10-12 21:00:00+00:00,1243.0
2020-10-12 22:00:00+00:00,1727.0
2020-10-12 23:00:00+00:00,2096.25
2020-10-13 00:00:00+00:00,2415.75
2020-10-13 01:00:00+00:00,2557.0
2020-10-13 02:00:00+00:00,2934.25
2020-10-13 03:00:00+00:00,2906.25
2020-10-13 04:00:00+00:00,2643.5
2020-10-13 05:00:00+00:00,2112.75
2020-10-13 06:00:00+00:00,1855.5
2020-10-13 07:00:00+00:00,1994.25
2020-10-13 08:00:00+00:00,1873.0
2020-10-13 09:00:00+00:00,1683.25
2020-10-13 10:00:00+00:00,1663.75
2020-10-13 11:00:00+00:00,1402.0
2020-10-13 12:00:00+00:00,1000.0
2020-10-13 13:00:00+00:00,985.25
2020-10-13 14:00:00+00:00,1250.0
2020-10-13 15:00:00+00:00,1714.5
2020-10-13 16:00:00+00:00,2391.25
2020-10-13 17:00:00+00:00,2767.0
2020-10-13 18:00:00+00:00,2752.5
2020-10-13 19:00:00+00:00,2800.5
2020-10-13 20:00:00+00:00,3127.25
2020-10-13 21:00:00+00:00,3437.0
2020-10-13 22:00:00+00:00,3662.25
2020-10-13 23:00:00+00:00,3579.5
2020-10-14 00:00:00+00:00,3820.0
2020-10-14 01:00:00+00:00,3861.25
2020-10-14 02:00:00+00:00,3951.75
2020-10-14 03:00:00+00:00,4091.0
2020-10-14 04:00:00+00:00,4037.5
2020-10-14 05:00:00+00:00,4728.75
2020-10-14 06:00:00+00:00,4835.25
2020-10-14 07:00:00+00:00,4960.25
2020-10-14 08:00:00+00:00,4997.75
2020-10-14 09:00:00+00:00,4898.25
2020-10-14 10:00:00+00:00,4894.25
2020-10-14 11:00:00+00:00,5195.5
2020-10-14 12:00:00+00:00,5792.25
2020-10-14 13:00:00+00:00,6007.25
2020-10-14 14:00:00+00:00,5990.75
2020-10-14 15:00:00+00:00,5991.5
2020-10-14 16:00:00+00:00,6389.75
2020-10-14 17:00:00+00:00,6322.5
2020-10-14 18:00:00+00:00,6292.75
2020-10-14 19:00:00+00:00,6454.0
2020-10-14 20:00:00+00:00,6284.25
2020-10-14 21:00:00+00:00,6261.75
2020-10-14 22:00:00+00:00,6289.0
2020-10-14 23:00:00+00:00,6263.75
2020-10-15 00:00:00+00:00,6232.75
2020-10-15 01:00:00+00:00,6152.0
2020-10-15 02:00:00+00:00,6083.25
2020-10-15 03:00:00+00:00,6146.75
2020-10-15 04:00:00+00:00,6004.5
2020-10-15 05:00:00+00:00,5708.75
2020-10-15 06:00:00+00:00,5425.0
2020-10-15 07:00:00+00:00,5355.25
2020-10-15 08:00:00+00:00,5291.25
2020-10-15 09:00:00+00:00,4710.25
2020-10-15 10:00:00+00:00,4133.0
2020-10-15 11:00:00+00:00,3480.0
2020-10-15 12:00:00+00:00,2822.25
2020-10-15 13:00:00+00:00,2685.75
2020-10-15 14:00:00+00:00,2738.0
2020-10-15 15:00:00+00:00,2653.25
2020-10-15 16:00:00+00:00,2616.0
2020-10-15 17:00:00+00:00,2575.25
2020-10-15 18:00:00+00:00,2508.25
2020-10-15 19:00:00+00:00,2286.25
2020-10-15 20:00:00+00:00,1721.5
2020-10-15 21:00:00+00:00,1444.75
2020-10-15 22:00:00+00:00,1180.25
2020-10-15 23:00:00+00:00,1039.75
2020-10-16 00:00:00+00:00,997.75
2020-10-16 01:00:00+00:00,1155.25
2020-10-16 02:00:00+00:00,1029.5
2020-10-16 03:00:00+00:00,932.25
2020-10-16 04:00:00+00:00,989.5
2020-10-16 05:00:00+00:00,880.25
2020-10-16 06:00:00+00:00,710.75
2020-10-16 07:00:00+00:00,604.75
2020-10-16 08:00:00+00:00,435.0
2020-10-16 09:00:00+00:00,330.25
2020-10-16 10:00:00+00:00,212.0
2020-10-16 11:00:00+00:00,132.0
2020-10-16 12:00:00+00:00,188.25
2020-10-16 13:00:00+00:00,359.25
2020-10-16 14:00:00+00:00,552.0
2020-10-16 15:00:00+00:00,546.25
2020-10-16 16:00:00+00:00,565.75
2020-10-16 17:00:00+00:00,657.5
2020-10-16 18:00:00+00:00,833.75
2020-10-16 19:00:00+00:00,1219.25
2020-10-16 20:00:00+00:00,1421.5
2020-10-16 21:00:00+00:00,1296.75
2020-10-16 22:00:00+00:00,974.75
2020-10-16 23:00:00+00:00,710.0
2020-10-17 00:00:00+00:00,552.5
2020-10-17 01:00:00+00:00,470.75
2020-10-17 02:00:00+00:00,483.75
2020-10-17 03:00:00+00:00,637.0
2020-10-17 04:00:00+00:00,757.25
2020-10-17 05:00:00+00:00,635.0
2020-10-17 06:00:00+00:00,647.75
2020-10-17 07:00:00+00:00,573.25
2020-10-17 08:00:00+00:00,382.25
2020-10-17 09:00:00+00:00,258.75
2020-10-17 10:00:00+00:00,123.0
2020-10-17 11:00:00+00:00,29.0
2020-10-17 12:00:00+00:00,14.5
2020-10-17 13:00:00+00:00,41.5
2020-10-17 14:00:00+00:00,77.5
2020-10-17 15:00:00+00:00,121.25
2020-10-17 16:00:00+00:00,219.5
2020-10-17 17:00:00+00:00,480.75
2020-10-17 18:00:00+00:00,889.0
2020-10-17 19:00:00+00:00,1300.75
2020-10-17 20:00:00+00:00,1929.0
2020-10-17 21:00:00+00:00,2385.0
2020-10-17 22:00:00+00:00,3329.75
2020-10-17 23:00:00+00:00,4048.25
2020-10-18 00:00:00+00:00,4098.75
2020-10-18 01:00:00+00:00,4951.0
2020-10-18 02:00:00+00:00,5128.75
2020-10-18 03:00:00+00:00,5050.75
2020-10-18 04:00:00+00:00,5363.25
2020-10-18 05:00:00+00:00,5124.0
2020-10-18 06:00:00+00:00,4914.0
2020-10-18 07:00:00+00:00,4642.0
2020-10-18 08:00:00+00:00,4214.25
2020-10-18 09:00:00+00:00,3594.75
2020-10-18 10:00:00+00:00,3041.75
2020-10-18 11:00:00+00:00,2952.25
2020-10-18 12:00:00+00:00,3047.5
2020-10-18 13:00:00+00:00,3246.75
2020-10-18 14:00:00+00:00,3017.5
2020-10-18 15:00:00+00:00,2940.25
2020-10-18 16:00:00+00:00,2564.0
2020-10-18 17:00:00+00:00,2520.0
2020-10-18 18:00:00+00:00,2305.5
2020-10-18 19:00:00+00:00,2101.75
2020-10-18 20:00:00+00:00,1799.75
2020-10-18 21:00:00+00:00,1527.0
2020-10-18 22:00:00+00:00,1473.75
2020-10-18 23:00:00+00:00,1341.25
2020-10-19 00:00:00+00:00,1257.75
2020-10-19 01:00:00+00:00,1324.25
2020-10-19 02:00:00+00:00,1237.25
2020-10-19 03:00:00+00:00,1253.5
2020-10-19 04:00:00+00:00,1346.0
2020-10-19 05:00:00+00:00,1391.25
2020-10-19 06:00:00+00:00,1523.0
2020-10-19 07:00:00+00:00,1551.5
2020-10-19 08:00:00+00:00,1510.0
2020-10-19 09:00:00+00:00,1590.75
2020-10-19 10:00:00+00:00,1674.0
2020-10-19 11:00:00+00:00,1787.0
2020-10-19 12:00:00+00:00,1935.25
2020-10-19 13:00:00+00:00,1993.5
2020-10-19 14:00:00+00:00,2121.25
2020-10-19 15:00:00+00:00,2397.0
2020-10-19 16:00:00+00:00,2442.25
2020-10-19 17:00:00+00:00,2677.0
2020-10-19 18:00:00+00:00,3416.25
2020-10-19 19:00:00+00:00,3744.5
2020-10-19 20:00:00+00:00,3914.0
2020-10-19 21:00:00+00:00,3553.5
2020-10-19 22:00:00+00:00,3355.75
2020-10-19 23:00:00+00:00,3361.5
2020-10-20 00:00:00+00:00,3771.25
2020-10-20 01:00:00+00:00,3898.0
2020-10-20 02:00:00+00:00,3770.5
2020-10-20 03:00:00+00:00,3939.0
2020-10-20 04:00:00+00:00,4347.75
2020-10-20 05:00:00+00:00,4899.0
2020-10-20 06:00:00+00:00,5079.25
2020-10-20 07:00:00+00:00,5018.0
2020-10-20 08:00:00+00:00,5249.0
2020-10-20 09:00:00+00:00,5231.0
2020-10-20 10:00:00+00:00,4984.75
2020-10-20 11:00:00+00:00,4681.25
2020-10-20 12:00:00+00:00,4225.75
2020-10-20 13:00:00+00:00,4779.25
2020-10-20 14:00:00+00:00,5075.75
2020-10-20 15:00:00+00:00,4961.0
2020-10-20 16:00:00+00:00,4842.25
2020-10-20 17:00:00+00:00,5135.25
2020-10-20 18:00:00+00:00,5425.5
2020-10-20 19:00:00+00:00,5136.5
2020-10-20 20:00:00+00:00,4605.75
2020-10-20 21:00:00+00:00,4276.25
2020-10-20 22:00:00+00:00,4052.25
2020-10-20 23:00:00+00:00,3936.0
2020-10-21 00:00:00+00:00,3624.25
2020-10-21 01:00:00+00:00,3248.0
2020-10-21 02:00:00+00:00,2647.0
2020-10-21 03:00:00+00:00,2176.75
2020-10-21 04:00:00+00:00,2059.25
2020-10-21 05:00:00+00:00,2276.75
2020-10-21 06:00:00+00:00,2481.0
2020-10-21 07:00:00+00:00,2655.0
2020-10-21 08:00:00+00:00,2651.25
2020-10-21 09:00:00+00:00,3007.75
2020-10-21 10:00:00+00:00,3123.25
2020-10-21 11:00:00+00:00,3789.25
2020-10-21 12:00:00+00:00,4485.0
2020-10-21 13:00:00+00:00,4598.0
2020-10-21 14:00:00+00:00,4934.0
2020-10-21 15:00:00+00:00,5357.5
2020-10-21 16:00:00+00:00,5590.5
2020-10-21 17:00:00+00:00,5430.25
2020-10-21 18:00:00+00:00,4452.25
2020-10-21 19:00:00+00:00,4819.75
2020-10-21 20:00:00+00:00,5046.75
2020-10-21 21:00:00+00:00,5050.25
2020-10-21 22:00:00+00:00,5049.5
2020-10-21 23:00:00+00:00,5047.75
2020-10-22 00:00:00+00:00,5239.5
2020-10-22 01:00:00+00:00,5680.0
2020-10-22 02:00:00+00:00,5643.75
2020-10-22 03:00:00+00:00,5652.25
2020-10-22 04:00:00+00:00,5627.75
2020-10-22 05:00:00+00:00,5652.75
2020-10-22 06:00:00+00:00,5660.25
2020-10-22 07:00:00+00:00,5670.75
2020-10-22 08:00:00+00:00,5707.25
2020-10-22 09:00:00+00:00,5678.5
2020-10-22 10:00:00+00:00,5645.5
2020-10-22 11:00:00+00:00,5482.75
2020-10-22 12:00:00+00:00,5643.5
2020-10-22 13:00:00+00:00,5600.25
2020-10-22 14:00:00+00:00,5722.25
2020-10-22 15:00:00+00:00,5777.5
2020-10-22 16:00:00+00:00,5901.0
2020-10-22 17:00:00+00:00,5950.5
2020-10-22 18:00:00+00:00,6009.5
2020-10-22 19:00:00+00:00,6142.5
2020-10-22 20:00:00+00:00,6286.0
2020-10-22 21:00:00+00:00,6237.5
2020-10-22 22:00:00+00:00,6210.0
2020-10-22 23:00:00+00:00,6206.75
2020-10-23 00:00:00+00:00,6054.75
2020-10-23 01:00:00+00:00,5853.5
2020-10-23 02:00:00+00:00,5477.75
2020-10-23 03:00:00+00:00,5118.0
2020-10-23 04:00:00+00:00,4780.5
2020-10-23 05:00:00+00:00,4745.25
2020-10-23 06:00:00+00:00,4641.75
2020-10-23 07:00:00+00:00,4057.75
2020-10-23 08:00:00+00:00,3211.0
2020-10-23 09:00:00+00:00,2917.25
2020-10-23 10:00:00+00:00,2810.25
2020-10-23 11:00:00+00:00,2951.25
2020-10-23 12:00:00+00:00,2916.25
2020-10-23 13:00:00+00:00,3066.5
2020-10-23 14:00:00+00:00,3691.75
2020-10-23 15:00:00+00:00,4192.25
2020-10-23 16:00:00+00:00,4590.75
2020-10-23 17:00:00+00:00,4387.75
2020-10-23 18:00:00+00:00,4009.75
2020-10-23 19:00:00+00:00,3830.75
2020-10-23 20:00:00+00:00,3659.5
2020-10-23 21:00:00+00:00,3231.5
2020-10-23 22:00:00+00:00,3582.75
2020-10-23 23:00:00+00:00,2975.25
2020-10-24 00:00:00+00:00,3477.75
2020-10-24 01:00:00+00:00,4194.0
2020-10-24 02:00:00+00:00,4858.0
2020-10-24 03:00:00+00:00,4787.25
2020-10-24 04:00:00+00:00,4858.25
2020-10-24 05:00:00+00:00,4730.25
2020-10-24 06:00:00+00:00,4186.5
2020-10-24 07:00:00+00:00,4841.75
2020-10-24 08:00:00+00:00,5017.0
2020-10-24 09:00:00+00:00,5331.5
2020-10-24 10:00:00+00:00,5459.5
2020-10-24 11:00:00+00:00,5629.5
2020-10-24 12:00:00+00:00,5556.25
2020-10-24 13:00:00+00:00,5619.75
2020-10-24 14:00:00+00:00,5780.25
2020-10-24 15:00:00+00:00,5807.75
2020-10-24 16:00:00+00:00,5676.75
2020-10-24 17:00:00+00:00,5491.25
2020-10-24 18:00:00+00:00,5518.25
2020-10-24 19:00:00+00:00,5660.5
2020-10-24 20:00:00+00:00,5741.25
2020-10-24 21:00:00+00:00,5774.25
2020-10-24 22:00:00+00:00,5870.5
2020-10-24 23:00:00+00:00,5957.75
2020-10-25 00:00:00+00:00,5927.0
2020-10-25 01:00:00+00:00,5988.25
2020-10-25 02:00:00+00:00,5951.0
2020-10-25 03:00:00+00:00,6046.75
2020-10-25 04:00:00+00:00,6132.25
2020-10-25 05:00:00+00:00,6186.25
2020-10-25 06:00:00+00:00,6099.25
2020-10-25 07:00:00+00:00,5887.75
2020-10-25 08:00:00+00:00,5781.5
2020-10-25 09:00:00+00:00,5974.75
2020-10-25 10:00:00+00:00,5768.75
2020-10-25 11:00:00+00:00,5607.5
2020-10-25 12:00:00+00:00,5602.0
2020-10-25 13:00:00+00:00,5234.0
2020-10-25 14:00:00+00:00,5154.5
2020-10-25 15:00:00+00:00,4677.25
2020-10-25 16:00:00+00:00,4790.0
2020-10-25 17:00:00+00:00,5369.5
2020-10-25 18:00:00+00:00,5599.5
2020-10-25 19:00:00+00:00,5421.0
2020-10-25 20:00:00+00:00,5778.5
2020-10-25 21:00:00+00:00,5445.0
2020-10-25 22:00:00+00:00,4914.0
2020-10-25 23:00:00+00:00,4523.75
2020-10-26 00:00:00+00:00,4154.75
2020-10-26 01:00:00+00:00,3583.25
2020-10-26 02:00:00+00:00,3641.25
2020-10-26 03:00:00+00:00,3773.75
2020-10-26 04:00:00+00:00,4416.75
2020-10-26 05:00:00+00:00,4561.5
2020-10-26 06:00:00+00:00,3616.0
2020-10-26 07:00:00+00:00,3717.5
2020-10-26 08:00:00+00:00,3703.75
2020-10-26 09:00:00+00:00,4040.75
2020-10-26 10:00:00+00:00,4431.0
2020-10-26 11:00:00+00:00,4449.75
2020-10-26 12:00:00+00:00,4743.5
2020-10-26 13:00:00+00:00,4742.75
2020-10-26 14:00:00+00:00,4570.25
2020-10-26 15:00:00+00:00,4816.25
2020-10-26 16:00:00+00:00,4660.0
2020-10-26 17:00:00+00:00,4828.5
2020-10-26 18:00:00+00:00,5128.25
2020-10-26 19:00:00+00:00,5223.0
2020-10-26 20:00:00+00:00,4902.0
2020-10-26 21:00:00+00:00,4823.25
2020-10-26 22:00:00+00:00,5290.5
2020-10-26 23:00:00+00:00,5547.25
2020-10-27 00:00:00+00:00,5570.5
2020-10-27 01:00:00+00:00,5523.25
2020-10-27 02:00:00+00:00,4656.0
2020-10-27 03:00:00+00:00,5411.5
2020-10-27 04:00:00+00:00,5664.75
2020-10-27 05:00:00+00:00,5339.75
2020-10-27 06:00:00+00:00,5341.5
2020-10-27 07:00:00+00:00,5303.0
2020-10-27 08:00:00+00:00,5326.25
2020-10-27 09:00:00+00:00,5366.0
2020-10-27 10:00:00+00:00,5262.75
2020-10-27 11:00:00+00:00,5287.75
2020-10-27 12:00:00+00:00,5090.0
2020-10-27 13:00:00+00:00,5403.0
2020-10-27 14:00:00+00:00,5538.25
2020-10-27 15:00:00+00:00,5805.75
2020-10-27 16:00:00+00:00,6150.5
2020-10-27 17:00:00+00:00,6178.5
2020-10-27 18:00:00+00:00,6183.5
2020-10-27 19:00:00+00:00,6134.5
2020-10-27 20:00:00+00:00,5895.25
2020-10-27 21:00:00+00:00,5700.75
2020-10-27 22:00:00+00:00,5678.0
2020-10-27 23:00:00+00:00,5714.5
2020-10-28 00:00:00+00:00,5732.5
2020-10-28 01:00:00+00:00,5700.75
2020-10-28 02:00:00+00:00,5968.25
2020-10-28 03:00:00+00:00,6090.25
2020-10-28 04:00:00+00:00,6095.25
2020-10-28 05:00:00+00:00,6238.0
2020-10-28 06:00:00+00:00,6198.0
2020-10-28 07:00:00+00:00,6107.0
2020-10-28 08:00:00+00:00,5536.75
2020-10-28 09:00:00+00:00,5752.75
2020-10-28 10:00:00+00:00,5216.0
2020-10-28 11:00:00+00:00,4583.25
2020-10-28 12:00:00+00:00,4536.25
2020-10-28 13:00:00+00:00,4674.0
2020-10-28 14:00:00+00:00,4743.25
2020-10-28 15:00:00+00:00,4687.5
2020-10-28 16:00:00+00:00,4567.5
2020-10-28 17:00:00+00:00,4507.75
2020-10-28 18:00:00+00:00,4921.0
2020-10-28 19:00:00+00:00,4806.5
2020-10-28 20:00:00+00:00,4847.0
2020-10-28 21:00:00+00:00,4675.75
2020-10-28 22:00:00+00:00,4822.25
2020-10-28 23:00:00+00:00,3936.0
2020-10-29 00:00:00+00:00,3449.75
2020-10-29 01:00:00+00:00,3538.25
2020-10-29 02:00:00+00:00,4423.5
2020-10-29 03:00:00+00:00,5200.5
2020-10-29 04:00:00+00:00,5137.75
2020-10-29 05:00:00+00:00,5212.0
2020-10-29 06:00:00+00:00,4997.75
2020-10-29 07:00:00+00:00,4987.5
2020-10-29 08:00:00+00:00,4921.0
2020-10-29 09:00:00+00:00,5226.75
2020-10-29 10:00:00+00:00,5605.75
2020-10-29 11:00:00+00:00,4757.5
2020-10-29 12:00:00+00:00,4722.0
2020-10-29 13:00:00+00:00,4440.25
2020-10-29 14:00:00+00:00,4405.75
2020-10-29 15:00:00+00:00,4622.5
2020-10-29 16:00:00+00:00,4485.0
2020-10-29 17:00:00+00:00,4088.75
2020-10-29 18:00:00+00:00,4403.75
2020-10-29 19:00:00+00:00,5090.5
2020-10-29 20:00:00+00:00,5182.75
2020-10-29 21:00:00+00:00,5254.25
2020-10-29 22:00:00+00:00,4896.5
2020-10-29 23:00:00+00:00,4817.5
2020-10-30 00:00:00+00:00,4816.75
2020-10-30 01:00:00+00:00,4661.5
2020-10-30 02:00:00+00:00,4892.0
2020-10-30 03:00:00+00:00,5001.25
2020-10-30 04:00:00+00:00,5035.5
2020-10-30 05:00:00+00:00,5083.25
2020-10-30 06:00:00+00:00,5134.25
2020-10-30 07:00:00+00:00,5102.0
2020-10-30 08:00:00+00:00,5091.25
2020-10-30 09:00:00+00:00,5139.5
2020-10-30 10:00:00+00:00,5097.25
2020-10-30 11:00:00+00:00,5094.0
2020-10-30 12:00:00+00:00,4909.75
2020-10-30 13:00:00+00:00,4670.5
2020-10-30 14:00:00+00:00,3949.0
2020-10-30 15:00:00+00:00,3813.75
2020-10-30 16:00:00+00:00,3589.5
2020-10-30 17:00:00+00:00,3243.25
2020-10-30 18:00:00+00:00,3191.0
2020-10-30 19:00:00+00:00,3188.75
2020-10-30 20:00:00+00:00,2676.25
2020-10-30 21:00:00+00:00,1978.25
2020-10-30 22:00:00+00:00,1461.0
2020-10-30 23:00:00+00:00,991.0
2020-10-31 00:00:00+00:00,438.5
2020-10-31 01:00:00+00:00,272.5
2020-10-31 02:00:00+00:00,235.0
2020-10-31 03:00:00+00:00,102.25
2020-10-31 04:00:00+00:00,102.0
2020-10-31 05:00:00+00:00,215.75
2020-10-31 06:00:00+00:00,613.0
2020-10-31 07:00:00+00:00,1085.0
2020-10-31 08:00:00+00:00,2101.5
2020-10-31 09:00:00+00:00,3075.25
2020-10-31 10:00:00+00:00,3857.25
2020-10-31 11:00:00+00:00,4302.5
2020-10-31 12:00:00+00:00,4433.75
2020-10-31 13:00:00+00:00,4556.25
2020-10-31 14:00:00+00:00,4672.5
2020-10-31 15:00:00+00:00,4740.25
2020-10-31 16:00:00+00:00,5074.0
2020-10-31 17:00:00+00:00,5502.0
2020-10-31 18:00:00+00:00,5737.0
2020-10-31 19:00:00+00:00,5894.25
2020-10-31 20:00:00+00:00,5930.75
2020-10-31 21:00:00+00:00,5831.75
2020-10-31 22:00:00+00:00,5693.5
2020-10-31 23:00:00+00:00,5628.5
2020-11-01 00:00:00+00:00,4878.75
2020-11-01 01:00:00+00:00,4302.25
2020-11-01 02:00:00+00:00,4658.75
2020-11-01 03:00:00+00:00,3949.75
2020-11-01 04:00:00+00:00,3359.0
2020-11-01 05:00:00+00:00,4363.0
2020-11-01 06:00:00+00:00,5417.5
2020-11-01 07:00:00+00:00,5400.5
2020-11-01 08:00:00+00:00,5515.5
2020-11-01 09:00:00+00:00,5729.5
2020-11-01 10:00:00+00:00,5799.5
2020-11-01 11:00:00+00:00,5784.25
2020-11-01 12:00:00+00:00,5811.5
2020-11-01 13:00:00+00:00,5875.25
2020-11-01 14:00:00+00:00,5920.25
2020-11-01 15:00:00+00:00,6112.5
2020-11-01 16:00:00+00:00,6218.75
2020-11-01 17:00:00+00:00,6181.25
2020-11-01 18:00:00+00:00,6238.5
2020-11-01 19:00:00+00:00,6222.0
2020-11-01 20:00:00+00:00,6248.75
2020-11-01 21:00:00+00:00,6226.25
2020-11-01 22:00:00+00:00,6227.0
2020-11-01 23:00:00+00:00,6207.5
2020-11-02 00:00:00+00:00,6148.75
2020-11-02 01:00:00+00:00,6050.25
2020-11-02 02:00:00+00:00,6054.75
2020-11-02 03:00:00+00:00,5924.0
2020-11-02 04:00:00+00:00,5733.5
2020-11-02 05:00:00+00:00,5273.0
2020-11-02 06:00:00+00:00,5307.75
2020-11-02 07:00:00+00:00,5422.5
2020-11-02 08:00:00+00:00,5528.25
2020-11-02 09:00:00+00:00,5503.5
2020-11-02 10:00:00+00:00,5512.5
2020-11-02 11:00:00+00:00,5529.5
2020-11-02 12:00:00+00:00,5583.25
2020-11-02 13:00:00+00:00,5608.75
2020-11-02 14:00:00+00:00,5627.75
2020-11-02 15:00:00+00:00,5636.5
2020-11-02 16:00:00+00:00,5796.25
2020-11-02 17:00:00+00:00,5863.0
2020-11-02 18:00:00+00:00,5831.75
2020-11-02 19:00:00+00:00,5812.0
2020-11-02 20:00:00+00:00,5873.5
2020-11-02 21:00:00+00:00,5902.0
2020-11-02 22:00:00+00:00,5922.5
2020-11-02 23:00:00+00:00,5925.75
2020-11-03 00:00:00+00:00,5905.25
2020-11-03 01:00:00+00:00,5867.75
2020-11-03 02:00:00+00:00,5857.0
2020-11-03 03:00:00+00:00,5880.75
2020-11-03 04:00:00+00:00,5897.75
2020-11-03 05:00:00+00:00,5608.25
2020-11-03 06:00:00+00:00,5018.75
2020-11-03 07:00:00+00:00,5261.75
2020-11-03 08:00:00+00:00,5135.5
2020-11-03 09:00:00+00:00,5068.25
2020-11-03 10:00:00+00:00,4326.0
2020-11-03 11:00:00+00:00,3724.5
2020-11-03 12:00:00+00:00,3348.5
2020-11-03 13:00:00+00:00,4571.0
2020-11-03 14:00:00+00:00,4841.75
2020-11-03 15:00:00+00:00,4928.5
2020-11-03 16:00:00+00:00,5354.75
2020-11-03 17:00:00+00:00,5410.5
2020-11-03 18:00:00+00:00,4910.75
2020-11-03 19:00:00+00:00,4607.75
2020-11-03 20:00:00+00:00,4776.0
2020-11-03 21:00:00+00:00,5449.0
2020-11-03 22:00:00+00:00,5781.0
2020-11-03 23:00:00+00:00,6011.75
2020-11-04 00:00:00+00:00,6235.0
2020-11-04 01:00:00+00:00,6166.0
2020-11-04 02:00:00+00:00,5349.25
2020-11-04 03:00:00+00:00,5182.75
2020-11-04 04:00:00+00:00,5155.25
2020-11-04 05:00:00+00:00,4967.25
2020-11-04 06:00:00+00:00,4962.0
2020-11-04 07:00:00+00:00,5055.5
2020-11-04 08:00:00+00:00,5031.5
2020-11-04 09:00:00+00:00,4805.25
2020-11-04 10:00:00+00:00,4437.5
2020-11-04 11:00:00+00:00,4150.25
2020-11-04 12:00:00+00:00,4355.0
2020-11-04 13:00:00+00:00,4582.25
2020-11-04 14:00:00+00:00,4312.5
2020-11-04 15:00:00+00:00,3615.5
2020-11-04 16:00:00+00:00,3712.75
2020-11-04 17:00:00+00:00,4062.0
2020-11-04 18:00:00+00:00,3835.75
2020-11-04 19:00:00+00:00,3435.25
2020-11-04 20:00:00+00:00,3600.25
2020-11-04 21:00:00+00:00,3831.75
2020-11-04 22:00:00+00:00,3811.0
2020-11-04 23:00:00+00:00,4099.5
2020-11-05 00:00:00+00:00,4003.0
2020-11-05 01:00:00+00:00,4062.75
2020-11-05 02:00:00+00:00,4637.25
2020-11-05 03:00:00+00:00,5065.0
2020-11-05 04:00:00+00:00,5297.5
2020-11-05 05:00:00+00:00,5311.5
2020-11-05 06:00:00+00:00,5208.75
2020-11-05 07:00:00+00:00,5601.0
2020-11-05 08:00:00+00:00,4898.0
2020-11-05 09:00:00+00:00,4618.5
2020-11-05 10:00:00+00:00,4679.5
2020-11-05 11:00:00+00:00,4688.0
2020-11-05 12:00:00+00:00,5554.0
2020-11-05 13:00:00+00:00,5597.25
2020-11-05 14:00:00+00:00,5311.75
2020-11-05 15:00:00+00:00,4640.75
2020-11-05 16:00:00+00:00,3974.5
2020-11-05 17:00:00+00:00,3127.0
2020-11-05 18:00:00+00:00,2844.25
2020-11-05 19:00:00+00:00,2953.75
2020-11-05 20:00:00+00:00,2788.5
2020-11-05 21:00:00+00:00,2482.75
2020-11-05 22:00:00+00:00,2326.75
2020-11-05 23:00:00+00:00,2221.25
2020-11-06 00:00:00+00:00,2222.0
2020-11-06 01:00:00+00:00,2257.5
2020-11-06 02:00:00+00:00,2285.75
2020-11-06 03:00:00+00:00,2176.0
2020-11-06 04:00:00+00:00,1921.0
2020-11-06 05:00:00+00:00,1611.0
2020-11-06 06:00:00+00:00,1259.0
2020-11-06 07:00:00+00:00,1060.75
2020-11-06 08:00:00+00:00,800.0
2020-11-06 09:00:00+00:00,643.75
2020-11-06 10:00:00+00:00,562.0
2020-11-06 11:00:00+00:00,488.0
2020-11-06 12:00:00+00:00,408.75
2020-11-06 13:00:00+00:00,323.75
2020-11-06 14:00:00+00:00,236.0
2020-11-06 15:00:00+00:00,192.5
2020-11-06 16:00:00+00:00,172.5
2020-11-06 17:00:00+00:00,140.75
2020-11-06 18:00:00+00:00,161.0
2020-11-06 19:00:00+00:00,247.75
2020-11-06 20:00:00+00:00,315.0
2020-11-06 21:00:00+00:00,384.5
2020-11-06 22:00:00+00:00,672.75
2020-11-06 23:00:00+00:00,904.5
2020-11-07 00:00:00+00:00,1134.0
2020-11-07 01:00:00+00:00,1418.5
2020-11-07 02:00:00+00:00,1655.25
2020-11-07 03:00:00+00:00,1804.75
2020-11-07 04:00:00+00:00,1757.75
2020-11-07 05:00:00+00:00,1683.75
2020-11-07 06:00:00+00:00,1506.5
2020-11-07 07:00:00+00:00,1246.25
2020-11-07 08:00:00+00:00,936.25
2020-11-07 09:00:00+00:00,598.75
2020-11-07 10:00:00+00:00,404.5
2020-11-07 11:00:00+00:00,354.75
2020-11-07 12:00:00+00:00,225.25
2020-11-07 13:00:00+00:00,141.0
2020-11-07 14:00:00+00:00,158.25
2020-11-07 15:00:00+00:00,198.0
2020-11-07 16:00:00+00:00,239.0
2020-11-07 17:00:00+00:00,252.75
2020-11-07 18:00:00+00:00,236.75
2020-11-07 19:00:00+00:00,234.25
2020-11-07 20:00:00+00:00,196.5
2020-11-07 21:00:00+00:00,140.75
2020-11-07 22:00:00+00:00,133.75
2020-11-07 23:00:00+00:00,146.0
2020-11-08 00:00:00+00:00,162.5
2020-11-08 01:00:00+00:00,280.75
2020-11-08 02:00:00+00:00,382.75
2020-11-08 03:00:00+00:00,560.0
2020-11-08 04:00:00+00:00,844.75
2020-11-08 05:00:00+00:00,1033.0
2020-11-08 06:00:00+00:00,1312.75
2020-11-08 07:00:00+00:00,1653.0
2020-11-08 08:00:00+00:00,1674.5
2020-11-08 09:00:00+00:00,1461.5
2020-11-08 10:00:00+00:00,1217.0
2020-11-08 11:00:00+00:00,993.0
2020-11-08 12:00:00+00:00,926.5
2020-11-08 13:00:00+00:00,993.75
2020-11-08 14:00:00+00:00,1278.75
2020-11-08 15:00:00+00:00,1545.75
2020-11-08 16:00:00+00:00,1830.25
2020-11-08 17:00:00+00:00,1892.5
2020-11-08 18:00:00+00:00,2010.0
2020-11-08 19:00:00+00:00,1900.5
2020-11-08 20:00:00+00:00,1581.5
2020-11-08 21:00:00+00:00,1424.25
2020-11-08 22:00:00+00:00,1292.5
2020-11-08 23:00:00+00:00,1190.5
2020-11-09 00:00:00+00:00,1110.0
2020-11-09 01:00:00+00:00,1091.0
2020-11-09 02:00:00+00:00,1018.25
2020-11-09 03:00:00+00:00,1063.0
2020-11-09 04:00:00+00:00,1069.0
2020-11-09 05:00:00+00:00,1011.25
2020-11-09 06:00:00+00:00,982.5
2020-11-09 07:00:00+00:00,937.25
2020-11-09 08:00:00+00:00,926.0
2020-11-09 09:00:00+00:00,869.25
2020-11-09 10:00:00+00:00,865.75
2020-11-09 11:00:00+00:00,934.25
2020-11-09 12:00:00+00:00,1072.75
2020-11-09 13:00:00+00:00,993.5
2020-11-09 14:00:00+00:00,1042.25
2020-11-09 15:00:00+00:00,1124.5
2020-11-09 16:00:00+00:00,1291.0
2020-11-09 17:00:00+00:00,1399.75
2020-11-09 18:00:00+00:00,1470.5
2020-11-09 19:00:00+00:00,1359.75
2020-11-09 20:00:00+00:00,1477.5
2020-11-09 21:00:00+00:00,1572.0
2020-11-09 22:00:00+00:00,1443.0
2020-11-09 23:00:00+00:00,1367.5
2020-11-10 00:00:00+00:00,1268.5
2020-11-10 01:00:00+00:00,996.0
2020-11-10 02:00:00+00:00,826.5
2020-11-10 03:00:00+00:00,922.0
2020-11-10 04:00:00+00:00,1065.5
2020-11-10 05:00:00+00:00,1125.75
2020-11-10 06:00:00+00:00,1156.75
2020-11-10 07:00:00+00:00,1238.75
2020-11-10 08:00:00+00:00,1227.5
2020-11-10 09:00:00+00:00,1112.0
2020-11-10 10:00:00+00:00,1041.0
2020-11-10 11:00:00+00:00,1098.75
2020-11-10 12:00:00+00:00,924.5
2020-11-10 13:00:00+00:00,595.0
2020-11-10 14:00:00+00:00,596.75
2020-11-10 15:00:00+00:00,625.5
2020-11-10 16:00:00+00:00,611.75
2020-11-10 17:00:00+00:00,597.5
2020-11-10 18:00:00+00:00,558.5
2020-11-10 19:00:00+00:00,546.75
2020-11-10 20:00:00+00:00,539.25
2020-11-10 21:00:00+00:00,484.75
2020-11-10 22:00:00+00:00,378.5
2020-11-10 23:00:00+00:00,275.0
2020-11-11 00:00:00+00:00,245.25
2020-11-11 01:00:00+00:00,201.25
2020-11-11 02:00:00+00:00,221.5
2020-11-11 03:00:00+00:00,249.25
2020-11-11 04:00:00+00:00,274.5
2020-11-11 05:00:00+00:00,287.5
2020-11-11 06:00:00+00:00,311.25
2020-11-11 07:00:00+00:00,471.75
2020-11-11 08:00:00+00:00,684.75
2020-11-11 09:00:00+00:00,717.5
2020-11-11 10:00:00+00:00,742.5
2020-11-11 11:00:00+00:00,655.25
2020-11-11 12:00:00+00:00,622.75
2020-11-11 13:00:00+00:00,779.75
2020-11-11 14:00:00+00:00,876.5
2020-11-11 15:00:00+00:00,991.0
2020-11-11 16:00:00+00:00,1190.25
2020-11-11 17:00:00+00:00,1776.5
2020-11-11 18:00:00+00:00,2174.5
2020-11-11 19:00:00+00:00,2833.0
2020-11-11 20:00:00+00:00,3457.0
2020-11-11 21:00:00+00:00,3911.75
2020-11-11 22:00:00+00:00,4032.25
2020-11-11 23:00:00+00:00,4341.5
2020-11-12 00:00:00+00:00,4215.5
2020-11-12 01:00:00+00:00,4465.25
2020-11-12 02:00:00+00:00,4536.5
2020-11-12 03:00:00+00:00,4483.0
2020-11-12 04:00:00+00:00,4677.5
2020-11-12 05:00:00+00:00,4677.25
2020-11-12 06:00:00+00:00,4563.25
2020-11-12 07:00:00+00:00,4826.5
2020-11-12 08:00:00+00:00,4895.25
2020-11-12 09:00:00+00:00,4954.0
2020-11-12 10:00:00+00:00,4868.25
2020-11-12 11:00:00+00:00,4254.75
2020-11-12 12:00:00+00:00,4223.5
2020-11-12 13:00:00+00:00,4118.5
2020-11-12 14:00:00+00:00,3901.0
2020-11-12 15:00:00+00:00,3455.0
2020-11-12 16:00:00+00:00,3687.5
2020-11-12 17:00:00+00:00,3412.25
2020-11-12 18:00:00+00:00,3473.0
2020-11-12 19:00:00+00:00,3357.25
2020-11-12 20:00:00+00:00,3526.5
2020-11-12 21:00:00+00:00,3236.5
2020-11-12 22:00:00+00:00,2456.75
2020-11-12 23:00:00+00:00,1758.0
2020-11-13 00:00:00+00:00,1856.0
2020-11-13 01:00:00+00:00,1749.0
2020-11-13 02:00:00+00:00,1739.0
2020-11-13 03:00:00+00:00,2262.75
2020-11-13 04:00:00+00:00,2443.0
2020-11-13 05:00:00+00:00,2658.0
2020-11-13 06:00:00+00:00,2527.75
2020-11-13 07:00:00+00:00,2655.75
2020-11-13 08:00:00+00:00,3225.75
2020-11-13 09:00:00+00:00,3909.75
2020-11-13 10:00:00+00:00,4182.25
2020-11-13 11:00:00+00:00,4106.75
2020-11-13 12:00:00+00:00,4304.5
2020-11-13 13:00:00+00:00,4612.5
2020-11-13 14:00:00+00:00,4800.5
2020-11-13 15:00:00+00:00,4861.25
2020-11-13 16:00:00+00:00,4698.0
2020-11-13 17:00:00+00:00,4428.25
2020-11-13 18:00:00+00:00,3813.5
2020-11-13 19:00:00+00:00,2824.25
2020-11-13 20:00:00+00:00,2041.0
2020-11-13 21:00:00+00:00,1229.0
2020-11-13 22:00:00+00:00,1285.75
2020-11-13 23:00:00+00:00,1301.25
2020-11-14 00:00:00+00:00,1040.25
2020-11-14 01:00:00+00:00,809.5
2020-11-14 02:00:00+00:00,754.75
2020-11-14 03:00:00+00:00,1009.25
2020-11-14 04:00:00+00:00,980.75
2020-11-14 05:00:00+00:00,1056.75
2020-11-14 06:00:00+00:00,1719.25
2020-11-14 07:00:00+00:00,2281.0
2020-11-14 08:00:00+00:00,2465.25
2020-11-14 09:00:00+00:00,2377.5
2020-11-14 10:00:00+00:00,2620.5
2020-11-14 11:00:00+00:00,3267.25
2020-11-14 12:00:00+00:00,2924.0
2020-11-14 13:00:00+00:00,3076.0
2020-11-14 14:00:00+00:00,3855.0
2020-11-14 15:00:00+00:00,4185.0
2020-11-14 16:00:00+00:00,4866.5
2020-11-14 17:00:00+00:00,5365.75
2020-11-14 18:00:00+00:00,5757.5
2020-11-14 19:00:00+00:00,5824.5
2020-11-14 20:00:00+00:00,5949.0
2020-11-14 21:00:00+00:00,5934.5
2020-11-14 22:00:00+00:00,6052.5
2020-11-14 23:00:00+00:00,5790.75
2020-11-15 00:00:00+00:00,5766.5
2020-11-15 01:00:00+00:00,5913.25
2020-11-15 02:00:00+00:00,5883.25
2020-11-15 03:00:00+00:00,5870.5
2020-11-15 04:00:00+00:00,5858.5
2020-11-15 05:00:00+00:00,5868.5
2020-11-15 06:00:00+00:00,5913.5
2020-11-15 07:00:00+00:00,5914.5
2020-11-15 08:00:00+00:00,5849.5
2020-11-15 09:00:00+00:00,5811.75
2020-11-15 10:00:00+00:00,5690.5
2020-11-15 11:00:00+00:00,5665.25
2020-11-15 12:00:00+00:00,5749.0
2020-11-15 13:00:00+00:00,5824.75
2020-11-15 14:00:00+00:00,6028.25
2020-11-15 15:00:00+00:00,6203.5
2020-11-15 16:00:00+00:00,6063.75
2020-11-15 17:00:00+00:00,5695.25
2020-11-15 18:00:00+00:00,5290.5
2020-11-15 19:00:00+00:00,5209.75
2020-11-15 20:00:00+00:00,5123.75
2020-11-15 21:00:00+00:00,5761.25
2020-11-15 22:00:00+00:00,6126.75
2020-11-15 23:00:00+00:00,6120.25
2020-11-16 00:00:00+00:00,6010.5
2020-11-16 01:00:00+00:00,6176.5
2020-11-16 02:00:00+00:00,6072.0
2020-11-16 03:00:00+00:00,5451.25
2020-11-16 04:00:00+00:00,5757.75
2020-11-16 05:00:00+00:00,5848.75
2020-11-16 06:00:00+00:00,5467.5
2020-11-16 07:00:00+00:00,5548.75
2020-11-16 08:00:00+00:00,5544.75
2020-11-16 09:00:00+00:00,5735.0
2020-11-16 10:00:00+00:00,5592.5
2020-11-16 11:00:00+00:00,5540.0
2020-11-16 12:00:00+00:00,5670.5
2020-11-16 13:00:00+00:00,5966.0
2020-11-16 14:00:00+00:00,5960.25
2020-11-16 15:00:00+00:00,5690.5
2020-11-16 16:00:00+00:00,5546.0
2020-11-16 17:00:00+00:00,5531.5
2020-11-16 18:00:00+00:00,5519.0
2020-11-16 19:00:00+00:00,5210.75
2020-11-16 20:00:00+00:00,5504.0
2020-11-16 21:00:00+00:00,5662.25
2020-11-16 22:00:00+00:00,5383.5
2020-11-16 23:00:00+00:00,5003.25
2020-11-17 00:00:00+00:00,5000.25
2020-11-17 01:00:00+00:00,4988.25
2020-11-17 02:00:00+00:00,4741.0
2020-11-17 03:00:00+00:00,4719.0
2020-11-17 04:00:00+00:00,4721.0
2020-11-17 05:00:00+00:00,4815.5
2020-11-17 06:00:00+00:00,5025.25
2020-11-17 07:00:00+00:00,5032.75
2020-11-17 08:00:00+00:00,5183.0
2020-11-17 09:00:00+00:00,5292.25
2020-11-17 10:00:00+00:00,5399.25
2020-11-17 11:00:00+00:00,5802.75
2020-11-17 12:00:00+00:00,6168.25
2020-11-17 13:00:00+00:00,6304.25
2020-11-17 14:00:00+00:00,6301.0
2020-11-17 15:00:00+00:00,6319.0
2020-11-17 16:00:00+00:00,6332.0
2020-11-17 17:00:00+00:00,6346.25
2020-11-17 18:00:00+00:00,6345.5
2020-11-17 19:00:00+00:00,6317.25
2020-11-17 20:00:00+00:00,6337.75
2020-11-17 21:00:00+00:00,6338.25
2020-11-17 22:00:00+00:00,6328.5
2020-11-17 23:00:00+00:00,6310.25
2020-11-18 00:00:00+00:00,6288.25
2020-11-18 01:00:00+00:00,6290.5
2020-11-18 02:00:00+00:00,6193.0
2020-11-18 03:00:00+00:00,6250.75
2020-11-18 04:00:00+00:00,6206.5
2020-11-18 05:00:00+00:00,6145.5
2020-11-18 06:00:00+00:00,6232.5
2020-11-18 07:00:00+00:00,6291.5
2020-11-18 08:00:00+00:00,6330.25
2020-11-18 09:00:00+00:00,6479.25
2020-11-18 10:00:00+00:00,6458.5
2020-11-18 11:00:00+00:00,6360.0
2020-11-18 12:00:00+00:00,6295.5
2020-11-18 13:00:00+00:00,6274.5
2020-11-18 14:00:00+00:00,6328.0
2020-11-18 15:00:00+00:00,6377.5
2020-11-18 16:00:00+00:00,6406.25
2020-11-18 17:00:00+00:00,6142.0
2020-11-18 18:00:00+00:00,5448.5
2020-11-18 19:00:00+00:00,5021.75
2020-11-18 20:00:00+00:00,4708.0
2020-11-18 21:00:00+00:00,4283.0
2020-11-18 22:00:00+00:00,4281.25
2020-11-18 23:00:00+00:00,4285.0
2020-11-19 00:00:00+00:00,4288.75
2020-11-19 01:00:00+00:00,4283.0
2020-11-19 02:00:00+00:00,4284.5
2020-11-19 03:00:00+00:00,4292.0
2020-11-19 04:00:00+00:00,4284.75
2020-11-19 05:00:00+00:00,4276.25
2020-11-19 06:00:00+00:00,4285.0
2020-11-19 07:00:00+00:00,4283.5
2020-11-19 08:00:00+00:00,4283.0
2020-11-19 09:00:00+00:00,4629.0
2020-11-19 10:00:00+00:00,4514.25
2020-11-19 11:00:00+00:00,4304.75
2020-11-19 12:00:00+00:00,4273.0
2020-11-19 13:00:00+00:00,4034.75
2020-11-19 14:00:00+00:00,3726.0
2020-11-19 15:00:00+00:00,4449.75
2020-11-19 16:00:00+00:00,5390.0
2020-11-19 17:00:00+00:00,5877.0
2020-11-19 18:00:00+00:00,5965.25
2020-11-19 19:00:00+00:00,5992.25
2020-11-19 20:00:00+00:00,5931.25
2020-11-19 21:00:00+00:00,5961.25
2020-11-19 22:00:00+00:00,5864.0
2020-11-19 23:00:00+00:00,5492.75
2020-11-20 00:00:00+00:00,5008.75
2020-11-20 01:00:00+00:00,4653.5
2020-11-20 02:00:00+00:00,4956.0
2020-11-20 03:00:00+00:00,5183.0
2020-11-20 04:00:00+00:00,4639.25
2020-11-20 05:00:00+00:00,4153.25
2020-11-20 06:00:00+00:00,3933.0
2020-11-20 07:00:00+00:00,3299.5
2020-11-20 08:00:00+00:00,2913.75
2020-11-20 09:00:00+00:00,2381.25
2020-11-20 10:00:00+00:00,1779.0
2020-11-20 11:00:00+00:00,1462.0
2020-11-20 12:00:00+00:00,1261.75
2020-11-20 13:00:00+00:00,1599.75
2020-11-20 14:00:00+00:00,1955.5
2020-11-20 15:00:00+00:00,2670.0
2020-11-20 16:00:00+00:00,3581.25
2020-11-20 17:00:00+00:00,3899.5
2020-11-20 18:00:00+00:00,4621.75
2020-11-20 19:00:00+00:00,5077.0
2020-11-20 20:00:00+00:00,4508.25
2020-11-20 21:00:00+00:00,4559.5
2020-11-20 22:00:00+00:00,5014.0
2020-11-20 23:00:00+00:00,5224.25
2020-11-21 00:00:00+00:00,5387.5
2020-11-21 01:00:00+00:00,5596.25
2020-11-21 02:00:00+00:00,5463.75
2020-11-21 03:00:00+00:00,5600.0
2020-11-21 04:00:00+00:00,5701.75
2020-11-21 05:00:00+00:00,5072.0
2020-11-21 06:00:00+00:00,4949.75
2020-11-21 07:00:00+00:00,4798.0
2020-11-21 08:00:00+00:00,4620.0
2020-11-21 09:00:00+00:00,4493.75
2020-11-21 10:00:00+00:00,4492.25
2020-11-21 11:00:00+00:00,4489.5
2020-11-21 12:00:00+00:00,4428.0
2020-11-21 13:00:00+00:00,3998.5
2020-11-21 14:00:00+00:00,4128.25
2020-11-21 15:00:00+00:00,4177.25
2020-11-21 16:00:00+00:00,4170.75
2020-11-21 17:00:00+00:00,4189.25
2020-11-21 18:00:00+00:00,4189.75
2020-11-21 19:00:00+00:00,4177.5
2020-11-21 20:00:00+00:00,4179.0
2020-11-21 21:00:00+00:00,4165.75
2020-11-21 22:00:00+00:00,4153.75
2020-11-21 23:00:00+00:00,4141.5
2020-11-22 00:00:00+00:00,4085.5
2020-11-22 01:00:00+00:00,4294.25
2020-11-22 02:00:00+00:00,4702.0
2020-11-22 03:00:00+00:00,4726.75
2020-11-22 04:00:00+00:00,4696.5
2020-11-22 05:00:00+00:00,4700.0
2020-11-22 06:00:00+00:00,4714.5
2020-11-22 07:00:00+00:00,4742.5
2020-11-22 08:00:00+00:00,5174.25
2020-11-22 09:00:00+00:00,5797.25
2020-11-22 10:00:00+00:00,6199.0
2020-11-22 11:00:00+00:00,6209.25
2020-11-22 12:00:00+00:00,6197.5
2020-11-22 13:00:00+00:00,6167.5
2020-11-22 14:00:00+00:00,5999.0
2020-11-22 15:00:00+00:00,5845.25
2020-11-22 16:00:00+00:00,5537.0
2020-11-22 17:00:00+00:00,5481.75
2020-11-22 18:00:00+00:00,5585.5
2020-11-22 19:00:00+00:00,5550.25
2020-11-22 20:00:00+00:00,5721.75
2020-11-22 21:00:00+00:00,6108.75
2020-11-22 22:00:00+00:00,5891.25
2020-11-22 23:00:00+00:00,5941.5
2020-11-23 00:00:00+00:00,6125.25
2020-11-23 01:00:00+00:00,6130.0
2020-11-23 02:00:00+00:00,6196.25
2020-11-23 03:00:00+00:00,6164.5
2020-11-23 04:00:00+00:00,6194.5
2020-11-23 05:00:00+00:00,6190.5
2020-11-23 06:00:00+00:00,6139.5
2020-11-23 07:00:00+00:00,5934.25
2020-11-23 08:00:00+00:00,5974.5
2020-11-23 09:00:00+00:00,5347.75
2020-11-23 10:00:00+00:00,4827.0
2020-11-23 11:00:00+00:00,4615.25
2020-11-23 12:00:00+00:00,4519.25
2020-11-23 13:00:00+00:00,5211.75
2020-11-23 14:00:00+00:00,5925.5
2020-11-23 15:00:00+00:00,6149.25
2020-11-23 16:00:00+00:00,6228.75
2020-11-23 17:00:00+00:00,6240.0
2020-11-23 18:00:00+00:00,6052.25
2020-11-23 19:00:00+00:00,5516.25
2020-11-23 20:00:00+00:00,4998.25
2020-11-23 21:00:00+00:00,4677.5
2020-11-23 22:00:00+00:00,4182.25
2020-11-23 23:00:00+00:00,3892.0
2020-11-24 00:00:00+00:00,3371.5
2020-11-24 01:00:00+00:00,3984.75
2020-11-24 02:00:00+00:00,4517.5
2020-11-24 03:00:00+00:00,4530.0
2020-11-24 04:00:00+00:00,4514.0
2020-11-24 05:00:00+00:00,4635.25
2020-11-24 06:00:00+00:00,5657.75
2020-11-24 07:00:00+00:00,5762.75
2020-11-24 08:00:00+00:00,5757.0
2020-11-24 09:00:00+00:00,5937.5
2020-11-24 10:00:00+00:00,5943.25
2020-11-24 11:00:00+00:00,5874.25
2020-11-24 12:00:00+00:00,5669.5
2020-11-24 13:00:00+00:00,5599.25
2020-11-24 14:00:00+00:00,5751.0
2020-11-24 15:00:00+00:00,5813.25
2020-11-24 16:00:00+00:00,5754.5
2020-11-24 17:00:00+00:00,5648.0
2020-11-24 18:00:00+00:00,5741.25
2020-11-24 19:00:00+00:00,5789.0
2020-11-24 20:00:00+00:00,5668.0
2020-11-24 21:00:00+00:00,5537.25
2020-11-24 22:00:00+00:00,5600.75
2020-11-24 23:00:00+00:00,5624.25
2020-11-25 00:00:00+00:00,5364.0
2020-11-25 01:00:00+00:00,5319.75
2020-11-25 02:00:00+00:00,5317.5
2020-11-25 03:00:00+00:00,4983.5
2020-11-25 04:00:00+00:00,4839.25
2020-11-25 05:00:00+00:00,4728.75
2020-11-25 06:00:00+00:00,3662.75
2020-11-25 07:00:00+00:00,3420.25
2020-11-25 08:00:00+00:00,2851.25
2020-11-25 09:00:00+00:00,2414.0
2020-11-25 10:00:00+00:00,2149.0
2020-11-25 11:00:00+00:00,2137.75
2020-11-25 12:00:00+00:00,1980.75
2020-11-25 13:00:00+00:00,2142.75
2020-11-25 14:00:00+00:00,2264.5
2020-11-25 15:00:00+00:00,2613.5
2020-11-25 16:00:00+00:00,2875.0
2020-11-25 17:00:00+00:00,3432.25
2020-11-25 18:00:00+00:00,3316.25
2020-11-25 19:00:00+00:00,2976.75
2020-11-25 20:00:00+00:00,2803.0
2020-11-25 21:00:00+00:00,2937.0
2020-11-25 22:00:00+00:00,3109.0
2020-11-25 23:00:00+00:00,3042.5
2020-11-26 00:00:00+00:00,3058.5
2020-11-26 01:00:00+00:00,3108.0
2020-11-26 02:00:00+00:00,2785.5
2020-11-26 03:00:00+00:00,2334.5
2020-11-26 04:00:00+00:00,2514.25
2020-11-26 05:00:00+00:00,2499.0
2020-11-26 06:00:00+00:00,2165.5
2020-11-26 07:00:00+00:00,2187.0
2020-11-26 08:00:00+00:00,1949.5
2020-11-26 09:00:00+00:00,1666.75
2020-11-26 10:00:00+00:00,1545.0
2020-11-26 11:00:00+00:00,1493.0
2020-11-26 12:00:00+00:00,1494.5
2020-11-26 13:00:00+00:00,1368.0
2020-11-26 14:00:00+00:00,1288.75
2020-11-26 15:00:00+00:00,1255.25
2020-11-26 16:00:00+00:00,1189.5
2020-11-26 17:00:00+00:00,1041.25
2020-11-26 18:00:00+00:00,883.25
2020-11-26 19:00:00+00:00,766.75
2020-11-26 20:00:00+00:00,671.0
2020-11-26 21:00:00+00:00,612.5
2020-11-26 22:00:00+00:00,574.25
2020-11-26 23:00:00+00:00,550.0
2020-11-27 00:00:00+00:00,499.25
2020-11-27 01:00:00+00:00,396.25
2020-11-27 02:00:00+00:00,302.75
2020-11-27 03:00:00+00:00,259.0
2020-11-27 04:00:00+00:00,223.5
2020-11-27 05:00:00+00:00,161.25
2020-11-27 06:00:00+00:00,127.75
2020-11-27 07:00:00+00:00,103.25
2020-11-27 08:00:00+00:00,45.5
2020-11-27 09:00:00+00:00,75.0
2020-11-27 10:00:00+00:00,84.0
2020-11-27 11:00:00+00:00,188.25
2020-11-27 12:00:00+00:00,306.75
2020-11-27 13:00:00+00:00,412.5
2020-11-27 14:00:00+00:00,625.75
2020-11-27 15:00:00+00:00,1110.75
2020-11-27 16:00:00+00:00,1435.0
2020-11-27 17:00:00+00:00,1693.25
2020-11-27 18:00:00+00:00,1779.5
2020-11-27 19:00:00+00:00,2094.75
2020-11-27 20:00:00+00:00,2258.75
2020-11-27 21:00:00+00:00,2196.0
2020-11-27 22:00:00+00:00,2279.75
2020-11-27 23:00:00+00:00,2316.75
2020-11-28 00:00:00+00:00,1982.25
2020-11-28 01:00:00+00:00,1757.0
2020-11-28 02:00:00+00:00,1781.75
2020-11-28 03:00:00+00:00,1679.25
2020-11-28 04:00:00+00:00,1630.0
2020-11-28 05:00:00+00:00,1528.75
2020-11-28 06:00:00+00:00,1640.0
2020-11-28 07:00:00+00:00,2004.5
2020-11-28 08:00:00+00:00,2518.25
2020-11-28 09:00:00+00:00,2622.25
2020-11-28 10:00:00+00:00,2615.75
2020-11-28 11:00:00+00:00,2574.5
2020-11-28 12:00:00+00:00,2235.75
2020-11-28 13:00:00+00:00,1749.0
2020-11-28 14:00:00+00:00,1637.0
2020-11-28 15:00:00+00:00,2188.0
2020-11-28 16:00:00+00:00,2671.25
2020-11-28 17:00:00+00:00,3057.0
2020-11-28 18:00:00+00:00,3056.0
2020-11-28 19:00:00+00:00,2875.25
2020-11-28 20:00:00+00:00,2953.5
2020-11-28 21:00:00+00:00,3124.5
2020-11-28 22:00:00+00:00,2823.0
2020-11-28 23:00:00+00:00,2407.75
2020-11-29 00:00:00+00:00,2160.5
2020-11-29 01:00:00+00:00,1803.75
2020-11-29 02:00:00+00:00,1642.25
2020-11-29 03:00:00+00:00,1491.75
2020-11-29 04:00:00+00:00,1412.5
2020-11-29 05:00:00+00:00,1400.75
2020-11-29 06:00:00+00:00,1656.75
2020-11-29 07:00:00+00:00,1636.5
2020-11-29 08:00:00+00:00,1327.5
2020-11-29 09:00:00+00:00,1177.0
2020-11-29 10:00:00+00:00,839.0
2020-11-29 11:00:00+00:00,786.5
2020-11-29 12:00:00+00:00,671.5
2020-11-29 13:00:00+00:00,467.75
2020-11-29 14:00:00+00:00,257.25
2020-11-29 15:00:00+00:00,124.5
2020-11-29 16:00:00+00:00,81.75
2020-11-29 17:00:00+00:00,127.5
2020-11-29 18:00:00+00:00,170.75
2020-11-29 19:00:00+00:00,195.5
2020-11-29 20:00:00+00:00,228.0
2020-11-29 21:00:00+00:00,348.5
2020-11-29 22:00:00+00:00,445.0
2020-11-29 23:00:00+00:00,543.25
2020-11-30 00:00:00+00:00,781.75
2020-11-30 01:00:00+00:00,1054.0
2020-11-30 02:00:00+00:00,1513.0
2020-11-30 03:00:00+00:00,1960.75
2020-11-30 04:00:00+00:00,2367.0
2020-11-30 05:00:00+00:00,2612.75
2020-11-30 06:00:00+00:00,3151.75
2020-11-30 07:00:00+00:00,3657.25
2020-11-30 08:00:00+00:00,4461.5
2020-11-30 09:00:00+00:00,5043.25
2020-11-30 10:00:00+00:00,5411.0
2020-11-30 11:00:00+00:00,5683.25
2020-11-30 12:00:00+00:00,5689.0
2020-11-30 13:00:00+00:00,5589.0
2020-11-30 14:00:00+00:00,6024.75
2020-11-30 15:00:00+00:00,5863.5
2020-11-30 16:00:00+00:00,6006.5
2020-11-30 17:00:00+00:00,5285.5
2020-11-30 18:00:00+00:00,4800.0
2020-11-30 19:00:00+00:00,3857.5
2020-11-30 20:00:00+00:00,3457.5
2020-11-30 21:00:00+00:00,3501.0
2020-11-30 22:00:00+00:00,3667.75
2020-11-30 23:00:00+00:00,3300.0
2020-12-01 00:00:00+00:00,2549.0
2020-12-01 01:00:00+00:00,2959.0
2020-12-01 02:00:00+00:00,3211.75
2020-12-01 03:00:00+00:00,3960.5
2020-12-01 04:00:00+00:00,4443.75
2020-12-01 05:00:00+00:00,4790.5
2020-12-01 06:00:00+00:00,4603.0
2020-12-01 07:00:00+00:00,4747.5
2020-12-01 08:00:00+00:00,4880.25
2020-12-01 09:00:00+00:00,4151.5
2020-12-01 10:00:00+00:00,3429.25
2020-12-01 11:00:00+00:00,2705.0
2020-12-01 12:00:00+00:00,2219.25
2020-12-01 13:00:00+00:00,2117.5
2020-12-01 14:00:00+00:00,2087.0
2020-12-01 15:00:00+00:00,1922.0
2020-12-01 16:00:00+00:00,1854.0
2020-12-01 17:00:00+00:00,1578.75
2020-12-01 18:00:00+00:00,1526.25
2020-12-01 19:00:00+00:00,1483.25
2020-12-01 20:00:00+00:00,1420.75
2020-12-01 21:00:00+00:00,1347.0
2020-12-01 22:00:00+00:00,1259.75
2020-12-01 23:00:00+00:00,1075.0
2020-12-02 00:00:00+00:00,866.0
2020-12-02 01:00:00+00:00,949.0
2020-12-02 02:00:00+00:00,857.25
2020-12-02 03:00:00+00:00,789.5
2020-12-02 04:00:00+00:00,770.5
2020-12-02 05:00:00+00:00,706.25
2020-12-02 06:00:00+00:00,784.75
2020-12-02 07:00:00+00:00,856.5
2020-12-02 08:00:00+00:00,889.5
2020-12-02 09:00:00+00:00,839.5
2020-12-02 10:00:00+00:00,691.0
2020-12-02 11:00:00+00:00,586.5
2020-12-02 12:00:00+00:00,664.5
2020-12-02 13:00:00+00:00,814.75
2020-12-02 14:00:00+00:00,1071.75
2020-12-02 15:00:00+00:00,1378.25
2020-12-02 16:00:00+00:00,1748.75
2020-12-02 17:00:00+00:00,2116.75
2020-12-02 18:00:00+00:00,2497.25
2020-12-02 19:00:00+00:00,2835.25
2020-12-02 20:00:00+00:00,3512.5
2020-12-02 21:00:00+00:00,4197.75
2020-12-02 22:00:00+00:00,4880.25
2020-12-02 23:00:00+00:00,5580.25
2020-12-03 00:00:00+00:00,5857.25
2020-12-03 01:00:00+00:00,5981.75
2020-12-03 02:00:00+00:00,5823.5
2020-12-03 03:00:00+00:00,5546.75
2020-12-03 04:00:00+00:00,5038.0
2020-12-03 05:00:00+00:00,4275.0
2020-12-03 06:00:00+00:00,3669.5
2020-12-03 07:00:00+00:00,3495.0
2020-12-03 08:00:00+00:00,4163.5
2020-12-03 09:00:00+00:00,4379.0
2020-12-03 10:00:00+00:00,5006.75
2020-12-03 11:00:00+00:00,5279.25
2020-12-03 12:00:00+00:00,4996.0
2020-12-03 13:00:00+00:00,4414.25
2020-12-03 14:00:00+00:00,5389.75
2020-12-03 15:00:00+00:00,6190.0
2020-12-03 16:00:00+00:00,6380.5
2020-12-03 17:00:00+00:00,6468.0
2020-12-03 18:00:00+00:00,6274.75
2020-12-03 19:00:00+00:00,6051.25
2020-12-03 20:00:00+00:00,5931.75
2020-12-03 21:00:00+00:00,6006.5
2020-12-03 22:00:00+00:00,6050.75
2020-12-03 23:00:00+00:00,5702.5
2020-12-04 00:00:00+00:00,5545.75
2020-12-04 01:00:00+00:00,5623.0
2020-12-04 02:00:00+00:00,5429.5
2020-12-04 03:00:00+00:00,5451.5
2020-12-04 04:00:00+00:00,5382.0
2020-12-04 05:00:00+00:00,5340.25
2020-12-04 06:00:00+00:00,5434.25
2020-12-04 07:00:00+00:00,5459.0
2020-12-04 08:00:00+00:00,5301.75
2020-12-04 09:00:00+00:00,5300.25
2020-12-04 10:00:00+00:00,6225.25
2020-12-04 11:00:00+00:00,6614.75
2020-12-04 12:00:00+00:00,6528.0
2020-12-04 13:00:00+00:00,6491.25
2020-12-04 14:00:00+00:00,6463.25
2020-12-04 15:00:00+00:00,6199.75
2020-12-04 16:00:00+00:00,5876.25
2020-12-04 17:00:00+00:00,5714.25
2020-12-04 18:00:00+00:00,5011.25
2020-12-04 19:00:00+00:00,4373.25
2020-12-04 20:00:00+00:00,4084.0
2020-12-04 21:00:00+00:00,3529.0
2020-12-04 22:00:00+00:00,2521.5
2020-12-04 23:00:00+00:00,1549.25
2020-12-05 00:00:00+00:00,1218.25
2020-12-05 01:00:00+00:00,797.75
2020-12-05 02:00:00+00:00,845.25
2020-12-05 03:00:00+00:00,771.25
2020-12-05 04:00:00+00:00,809.25
2020-12-05 05:00:00+00:00,937.75
2020-12-05 06:00:00+00:00,1629.5
2020-12-05 07:00:00+00:00,2165.75
2020-12-05 08:00:00+00:00,1943.25
2020-12-05 09:00:00+00:00,1813.25
2020-12-05 10:00:00+00:00,1826.25
2020-12-05 11:00:00+00:00,1725.5
2020-12-05 12:00:00+00:00,2359.25
2020-12-05 13:00:00+00:00,3044.25
2020-12-05 14:00:00+00:00,3568.5
2020-12-05 15:00:00+00:00,4059.25
2020-12-05 16:00:00+00:00,3811.25
2020-12-05 17:00:00+00:00,4037.0
2020-12-05 18:00:00+00:00,4848.5
2020-12-05 19:00:00+00:00,4977.75
2020-12-05 20:00:00+00:00,4100.25
2020-12-05 21:00:00+00:00,2590.5
2020-12-05 22:00:00+00:00,1852.75
2020-12-05 23:00:00+00:00,1554.0
2020-12-06 00:00:00+00:00,1134.25
2020-12-06 01:00:00+00:00,714.25
2020-12-06 02:00:00+00:00,678.25
2020-12-06 03:00:00+00:00,693.75
2020-12-06 04:00:00+00:00,836.75
2020-12-06 05:00:00+00:00,1098.0
2020-12-06 06:00:00+00:00,1671.5
2020-12-06 07:00:00+00:00,2101.75
2020-12-06 08:00:00+00:00,1825.0
2020-12-06 09:00:00+00:00,1647.0
2020-12-06 10:00:00+00:00,1507.25
2020-12-06 11:00:00+00:00,1677.5
2020-12-06 12:00:00+00:00,2170.25
2020-12-06 13:00:00+00:00,2620.5
2020-12-06 14:00:00+00:00,3189.25
2020-12-06 15:00:00+00:00,4100.0
2020-12-06 16:00:00+00:00,4209.25
2020-12-06 17:00:00+00:00,3791.0
2020-12-06 18:00:00+00:00,3525.75
2020-12-06 19:00:00+00:00,2351.25
2020-12-06 20:00:00+00:00,1573.5
2020-12-06 21:00:00+00:00,1381.5
2020-12-06 22:00:00+00:00,1461.75
2020-12-06 23:00:00+00:00,1625.5
2020-12-07 00:00:00+00:00,1460.0
2020-12-07 01:00:00+00:00,1336.5
2020-12-07 02:00:00+00:00,1570.25
2020-12-07 03:00:00+00:00,1913.25
2020-12-07 04:00:00+00:00,2286.5
2020-12-07 05:00:00+00:00,2529.5
2020-12-07 06:00:00+00:00,2769.25
2020-12-07 07:00:00+00:00,2984.5
2020-12-07 08:00:00+00:00,2922.0
2020-12-07 09:00:00+00:00,3397.75
2020-12-07 10:00:00+00:00,4787.25
2020-12-07 11:00:00+00:00,5783.75
2020-12-07 12:00:00+00:00,6134.25
2020-12-07 13:00:00+00:00,5761.0
2020-12-07 14:00:00+00:00,5847.5
2020-12-07 15:00:00+00:00,6231.75
2020-12-07 16:00:00+00:00,5976.0
2020-12-07 17:00:00+00:00,6124.0
2020-12-07 18:00:00+00:00,6373.25
2020-12-07 19:00:00+00:00,6316.0
2020-12-07 20:00:00+00:00,6013.25
2020-12-07 21:00:00+00:00,5212.75
2020-12-07 22:00:00+00:00,4024.25
2020-12-07 23:00:00+00:00,2918.75
2020-12-08 00:00:00+00:00,2105.5
2020-12-08 01:00:00+00:00,1352.0
2020-12-08 02:00:00+00:00,1206.5
2020-12-08 03:00:00+00:00,1189.25
2020-12-08 04:00:00+00:00,1332.75
2020-12-08 05:00:00+00:00,1416.75
2020-12-08 06:00:00+00:00,1555.25
2020-12-08 07:00:00+00:00,1234.75
2020-12-08 08:00:00+00:00,1297.5
2020-12-08 09:00:00+00:00,1371.0
2020-12-08 10:00:00+00:00,1208.25
2020-12-08 11:00:00+00:00,971.5
2020-12-08 12:00:00+00:00,829.75
2020-12-08 13:00:00+00:00,815.5
2020-12-08 14:00:00+00:00,835.5
2020-12-08 15:00:00+00:00,737.25
2020-12-08 16:00:00+00:00,737.5
2020-12-08 17:00:00+00:00,1074.5
2020-12-08 18:00:00+00:00,1084.0
2020-12-08 19:00:00+00:00,1224.0
2020-12-08 20:00:00+00:00,1271.5
2020-12-08 21:00:00+00:00,1164.0
2020-12-08 22:00:00+00:00,1091.0
2020-12-08 23:00:00+00:00,1009.75
2020-12-09 00:00:00+00:00,896.5
2020-12-09 01:00:00+00:00,979.75
2020-12-09 02:00:00+00:00,1394.75
2020-12-09 03:00:00+00:00,1793.25
2020-12-09 04:00:00+00:00,1667.75
2020-12-09 05:00:00+00:00,1628.25
2020-12-09 06:00:00+00:00,1516.5
2020-12-09 07:00:00+00:00,1433.75
2020-12-09 08:00:00+00:00,1393.0
2020-12-09 09:00:00+00:00,1405.0
2020-12-09 10:00:00+00:00,1434.0
2020-12-09 11:00:00+00:00,1579.5
2020-12-09 12:00:00+00:00,1486.0
2020-12-09 13:00:00+00:00,1494.5
2020-12-09 14:00:00+00:00,1411.25
2020-12-09 15:00:00+00:00,1351.5
2020-12-09 16:00:00+00:00,1519.5
2020-12-09 17:00:00+00:00,1812.25
2020-12-09 18:00:00+00:00,2307.25
2020-12-09 19:00:00+00:00,2895.0
2020-12-09 20:00:00+00:00,2931.0
2020-12-09 21:00:00+00:00,2679.75
2020-12-09 22:00:00+00:00,2820.0
2020-12-09 23:00:00+00:00,2827.75
2020-12-10 00:00:00+00:00,2291.25
2020-12-10 01:00:00+00:00,1832.25
2020-12-10 02:00:00+00:00,1941.0
2020-12-10 03:00:00+00:00,2010.5
2020-12-10 04:00:00+00:00,1718.5
2020-12-10 05:00:00+00:00,1498.25
2020-12-10 06:00:00+00:00,1412.75
2020-12-10 07:00:00+00:00,1195.0
2020-12-10 08:00:00+00:00,1237.25
2020-12-10 09:00:00+00:00,1103.5
2020-12-10 10:00:00+00:00,939.75
2020-12-10 11:00:00+00:00,790.0
2020-12-10 12:00:00+00:00,695.0
2020-12-10 13:00:00+00:00,638.75
2020-12-10 14:00:00+00:00,656.0
2020-12-10 15:00:00+00:00,650.25
2020-12-10 16:00:00+00:00,661.0
2020-12-10 17:00:00+00:00,925.0
2020-12-10 18:00:00+00:00,1367.5
2020-12-10 19:00:00+00:00,1685.25
2020-12-10 20:00:00+00:00,1910.75
2020-12-10 21:00:00+00:00,2111.0
2020-12-10 22:00:00+00:00,2438.5
2020-12-10 23:00:00+00:00,2752.25
2020-12-11 00:00:00+00:00,3044.75
2020-12-11 01:00:00+00:00,3144.5
2020-12-11 02:00:00+00:00,3275.0
2020-12-11 03:00:00+00:00,3819.25
2020-12-11 04:00:00+00:00,4554.75
2020-12-11 05:00:00+00:00,5110.0
2020-12-11 06:00:00+00:00,5643.0
2020-12-11 07:00:00+00:00,6017.5
2020-12-11 08:00:00+00:00,6323.25
2020-12-11 09:00:00+00:00,6355.25
2020-12-11 10:00:00+00:00,6193.5
2020-12-11 11:00:00+00:00,5995.0
2020-12-11 12:00:00+00:00,6085.5
2020-12-11 13:00:00+00:00,6136.5
2020-12-11 14:00:00+00:00,6395.25
2020-12-11 15:00:00+00:00,5932.75
2020-12-11 16:00:00+00:00,5922.5
2020-12-11 17:00:00+00:00,5889.0
2020-12-11 18:00:00+00:00,5740.75
2020-12-11 19:00:00+00:00,5609.25
2020-12-11 20:00:00+00:00,5486.25
2020-12-11 21:00:00+00:00,5473.0
2020-12-11 22:00:00+00:00,5415.75
2020-12-11 23:00:00+00:00,5559.5
2020-12-12 00:00:00+00:00,5362.0
2020-12-12 01:00:00+00:00,5122.25
2020-12-12 02:00:00+00:00,4996.75
2020-12-12 03:00:00+00:00,5078.25
2020-12-12 04:00:00+00:00,5093.5
2020-12-12 05:00:00+00:00,4876.75
2020-12-12 06:00:00+00:00,4402.25
2020-12-12 07:00:00+00:00,4088.0
2020-12-12 08:00:00+00:00,4023.0
2020-12-12 09:00:00+00:00,3711.75
2020-12-12 10:00:00+00:00,3247.75
2020-12-12 11:00:00+00:00,2457.25
2020-12-12 12:00:00+00:00,1895.5
2020-12-12 13:00:00+00:00,1418.0
2020-12-12 14:00:00+00:00,1162.5
2020-12-12 15:00:00+00:00,1017.5
2020-12-12 16:00:00+00:00,982.75
2020-12-12 17:00:00+00:00,924.5
2020-12-12 18:00:00+00:00,800.0
2020-12-12 19:00:00+00:00,650.5
2020-12-12 20:00:00+00:00,564.25
2020-12-12 21:00:00+00:00,480.25
2020-12-12 22:00:00+00:00,450.5
2020-12-12 23:00:00+00:00,519.75
2020-12-13 00:00:00+00:00,562.5
2020-12-13 01:00:00+00:00,552.25
2020-12-13 02:00:00+00:00,521.25
2020-12-13 03:00:00+00:00,528.0
2020-12-13 04:00:00+00:00,561.0
2020-12-13 05:00:00+00:00,541.25
2020-12-13 06:00:00+00:00,443.25
2020-12-13 07:00:00+00:00,563.5
2020-12-13 08:00:00+00:00,912.25
2020-12-13 09:00:00+00:00,1066.75
2020-12-13 10:00:00+00:00,985.25
2020-12-13 11:00:00+00:00,1129.5
2020-12-13 12:00:00+00:00,1357.25
2020-12-13 13:00:00+00:00,1408.75
2020-12-13 14:00:00+00:00,1880.25
2020-12-13 15:00:00+00:00,2477.5
2020-12-13 16:00:00+00:00,2743.5
2020-12-13 17:00:00+00:00,3732.0
2020-12-13 18:00:00+00:00,4588.5
2020-12-13 19:00:00+00:00,5232.0
2020-12-13 20:00:00+00:00,5661.0
2020-12-13 21:00:00+00:00,5887.75
2020-12-13 22:00:00+00:00,5659.0
2020-12-13 23:00:00+00:00,5245.25
2020-12-14 00:00:00+00:00,5389.75
2020-12-14 01:00:00+00:00,5306.75
2020-12-14 02:00:00+00:00,5088.75
2020-12-14 03:00:00+00:00,5122.0
2020-12-14 04:00:00+00:00,5323.25
2020-12-14 05:00:00+00:00,5530.25
2020-12-14 06:00:00+00:00,5584.0
2020-12-14 07:00:00+00:00,5423.5
2020-12-14 08:00:00+00:00,5519.5
2020-12-14 09:00:00+00:00,5717.25
2020-12-14 10:00:00+00:00,5829.0
2020-12-14 11:00:00+00:00,5761.25
2020-12-14 12:00:00+00:00,5964.25
2020-12-14 13:00:00+00:00,5957.5
2020-12-14 14:00:00+00:00,6096.25
2020-12-14 15:00:00+00:00,6102.0
2020-12-14 16:00:00+00:00,6321.0
2020-12-14 17:00:00+00:00,6224.75
2020-12-14 18:00:00+00:00,6087.25
2020-12-14 19:00:00+00:00,6038.75
2020-12-14 20:00:00+00:00,5936.75
2020-12-14 21:00:00+00:00,5726.0
2020-12-14 22:00:00+00:00,4691.5
2020-12-14 23:00:00+00:00,4462.0
2020-12-15 00:00:00+00:00,4774.0
2020-12-15 01:00:00+00:00,4532.0
2020-12-15 02:00:00+00:00,4504.5
2020-12-15 03:00:00+00:00,4438.25
2020-12-15 04:00:00+00:00,5176.75
2020-12-15 05:00:00+00:00,5352.25
2020-12-15 06:00:00+00:00,5085.5
2020-12-15 07:00:00+00:00,4233.25
2020-12-15 08:00:00+00:00,3640.25
2020-12-15 09:00:00+00:00,2781.0
2020-12-15 10:00:00+00:00,2268.25
2020-12-15 11:00:00+00:00,2069.5
2020-12-15 12:00:00+00:00,1542.5
2020-12-15 13:00:00+00:00,1398.75
2020-12-15 14:00:00+00:00,1342.0
2020-12-15 15:00:00+00:00,1374.25
2020-12-15 16:00:00+00:00,1555.75
2020-12-15 17:00:00+00:00,1834.0
2020-12-15 18:00:00+00:00,2278.0
2020-12-15 19:00:00+00:00,2630.5
2020-12-15 20:00:00+00:00,3079.5
2020-12-15 21:00:00+00:00,3675.5
2020-12-15 22:00:00+00:00,3278.5
2020-12-15 23:00:00+00:00,2853.75
2020-12-16 00:00:00+00:00,2473.0
2020-12-16 01:00:00+00:00,2252.75
2020-12-16 02:00:00+00:00,1833.5
2020-12-16 03:00:00+00:00,1345.5
2020-12-16 04:00:00+00:00,1261.75
2020-12-16 05:00:00+00:00,1705.75
2020-12-16 06:00:00+00:00,2310.0
2020-12-16 07:00:00+00:00,2895.75
2020-12-16 08:00:00+00:00,3762.0
2020-12-16 09:00:00+00:00,3261.75
2020-12-16 10:00:00+00:00,2926.25
2020-12-16 11:00:00+00:00,2929.5
2020-12-16 12:00:00+00:00,2616.25
2020-12-16 13:00:00+00:00,2517.75
2020-12-16 14:00:00+00:00,2923.75
2020-12-16 15:00:00+00:00,3641.75
2020-12-16 16:00:00+00:00,4306.0
2020-12-16 17:00:00+00:00,5163.5
2020-12-16 18:00:00+00:00,5656.5
2020-12-16 19:00:00+00:00,5696.0
2020-12-16 20:00:00+00:00,6031.0
2020-12-16 21:00:00+00:00,6119.75
2020-12-16 22:00:00+00:00,6161.0
2020-12-16 23:00:00+00:00,6393.25
2020-12-17 00:00:00+00:00,6546.5
2020-12-17 01:00:00+00:00,6237.25
2020-12-17 02:00:00+00:00,6296.75
2020-12-17 03:00:00+00:00,6569.5
2020-12-17 04:00:00+00:00,6211.0
2020-12-17 05:00:00+00:00,4756.75
2020-12-17 06:00:00+00:00,4162.0
2020-12-17 07:00:00+00:00,4215.25
2020-12-17 08:00:00+00:00,4346.5
2020-12-17 09:00:00+00:00,4890.0
2020-12-17 10:00:00+00:00,5627.5
2020-12-17 11:00:00+00:00,6035.75
2020-12-17 12:00:00+00:00,6047.5
2020-12-17 13:00:00+00:00,6124.25
2020-12-17 14:00:00+00:00,6388.75
2020-12-17 15:00:00+00:00,6414.25
2020-12-17 16:00:00+00:00,5977.5
2020-12-17 17:00:00+00:00,5850.5
2020-12-17 18:00:00+00:00,5792.5
2020-12-17 19:00:00+00:00,5329.0
2020-12-17 20:00:00+00:00,5317.75
2020-12-17 21:00:00+00:00,5704.75
2020-12-17 22:00:00+00:00,5858.5
2020-12-17 23:00:00+00:00,6128.75
2020-12-18 00:00:00+00:00,6081.5
2020-12-18 01:00:00+00:00,6194.5
2020-12-18 02:00:00+00:00,6162.0
2020-12-18 03:00:00+00:00,5948.25
2020-12-18 04:00:00+00:00,6021.0
2020-12-18 05:00:00+00:00,6101.0
2020-12-18 06:00:00+00:00,6080.75
2020-12-18 07:00:00+00:00,5258.5
2020-12-18 08:00:00+00:00,4490.5
2020-12-18 09:00:00+00:00,4529.25
2020-12-18 10:00:00+00:00,5073.0
2020-12-18 11:00:00+00:00,5860.25
2020-12-18 12:00:00+00:00,6242.75
2020-12-18 13:00:00+00:00,6192.25
2020-12-18 14:00:00+00:00,6221.25
2020-12-18 15:00:00+00:00,6479.0
2020-12-18 16:00:00+00:00,6630.25
2020-12-18 17:00:00+00:00,6454.0
2020-12-18 18:00:00+00:00,6232.75
2020-12-18 19:00:00+00:00,6102.25
2020-12-18 20:00:00+00:00,6085.75
2020-12-18 21:00:00+00:00,5380.0
2020-12-18 22:00:00+00:00,5549.0
2020-12-18 23:00:00+00:00,5535.25
2020-12-19 00:00:00+00:00,5500.5
2020-12-19 01:00:00+00:00,5420.25
2020-12-19 02:00:00+00:00,5349.75
2020-12-19 03:00:00+00:00,5197.5
2020-12-19 04:00:00+00:00,5007.75
2020-12-19 05:00:00+00:00,4954.75
2020-12-19 06:00:00+00:00,5046.75
2020-12-19 07:00:00+00:00,5131.75
2020-12-19 08:00:00+00:00,5250.5
2020-12-19 09:00:00+00:00,5305.75
2020-12-19 10:00:00+00:00,5327.5
2020-12-19 11:00:00+00:00,5448.0
2020-12-19 12:00:00+00:00,5457.25
2020-12-19 13:00:00+00:00,5535.75
2020-12-19 14:00:00+00:00,5924.0
2020-12-19 15:00:00+00:00,6015.0
2020-12-19 16:00:00+00:00,6430.25
2020-12-19 17:00:00+00:00,6085.0
2020-12-19 18:00:00+00:00,6132.25
2020-12-19 19:00:00+00:00,6123.75
2020-12-19 20:00:00+00:00,6085.25
2020-12-19 21:00:00+00:00,6051.25
2020-12-19 22:00:00+00:00,5940.5
2020-12-19 23:00:00+00:00,5901.25
2020-12-20 00:00:00+00:00,5871.75
2020-12-20 01:00:00+00:00,5698.5
2020-12-20 02:00:00+00:00,5521.0
2020-12-20 03:00:00+00:00,5505.25
2020-12-20 04:00:00+00:00,5404.5
2020-12-20 05:00:00+00:00,5323.0
2020-12-20 06:00:00+00:00,5254.5
2020-12-20 07:00:00+00:00,5055.0
2020-12-20 08:00:00+00:00,5062.5
2020-12-20 09:00:00+00:00,4974.25
2020-12-20 10:00:00+00:00,4881.0
2020-12-20 11:00:00+00:00,4797.25
2020-12-20 12:00:00+00:00,5097.25
2020-12-20 13:00:00+00:00,5291.75
2020-12-20 14:00:00+00:00,5286.5
2020-12-20 15:00:00+00:00,5328.75
2020-12-20 16:00:00+00:00,5796.75
2020-12-20 17:00:00+00:00,6073.0
2020-12-20 18:00:00+00:00,6100.5
2020-12-20 19:00:00+00:00,6079.0
2020-12-20 20:00:00+00:00,6254.5
2020-12-20 21:00:00+00:00,6041.75
2020-12-20 22:00:00+00:00,5337.75
2020-12-20 23:00:00+00:00,5262.5
2020-12-21 00:00:00+00:00,5264.0
2020-12-21 01:00:00+00:00,5014.25
2020-12-21 02:00:00+00:00,5066.75
2020-12-21 03:00:00+00:00,4821.0
2020-12-21 04:00:00+00:00,4695.25
2020-12-21 05:00:00+00:00,4985.25
2020-12-21 06:00:00+00:00,4859.75
2020-12-21 07:00:00+00:00,4877.5
2020-12-21 08:00:00+00:00,4791.0
2020-12-21 09:00:00+00:00,4461.25
2020-12-21 10:00:00+00:00,4314.25
2020-12-21 11:00:00+00:00,4187.0
2020-12-21 12:00:00+00:00,4411.75
2020-12-21 13:00:00+00:00,4602.25
2020-12-21 14:00:00+00:00,5421.5
2020-12-21 15:00:00+00:00,5794.5
2020-12-21 16:00:00+00:00,6034.5
2020-12-21 17:00:00+00:00,6334.0
2020-12-21 18:00:00+00:00,6225.0
2020-12-21 19:00:00+00:00,6100.0
2020-12-21 20:00:00+00:00,5851.75
2020-12-21 21:00:00+00:00,5768.25
2020-12-21 22:00:00+00:00,5977.5
2020-12-21 23:00:00+00:00,6146.0
2020-12-22 00:00:00+00:00,6320.0
2020-12-22 01:00:00+00:00,6212.0
2020-12-22 02:00:00+00:00,6129.25
2020-12-22 03:00:00+00:00,5996.75
2020-12-22 04:00:00+00:00,5430.5
2020-12-22 05:00:00+00:00,4447.0
2020-12-22 06:00:00+00:00,4223.5
2020-12-22 07:00:00+00:00,4964.75
2020-12-22 08:00:00+00:00,5205.25
2020-12-22 09:00:00+00:00,5212.5
2020-12-22 10:00:00+00:00,5451.0
2020-12-22 11:00:00+00:00,5452.5
2020-12-22 12:00:00+00:00,5200.5
2020-12-22 13:00:00+00:00,4365.0
2020-12-22 14:00:00+00:00,3757.5
2020-12-22 15:00:00+00:00,3120.5
2020-12-22 16:00:00+00:00,2323.75
2020-12-22 17:00:00+00:00,2102.25
2020-12-22 18:00:00+00:00,2007.5
2020-12-22 19:00:00+00:00,1798.5
2020-12-22 20:00:00+00:00,1817.25
2020-12-22 21:00:00+00:00,1722.25
2020-12-22 22:00:00+00:00,1555.25
2020-12-22 23:00:00+00:00,1384.75
2020-12-23 00:00:00+00:00,1244.75
2020-12-23 01:00:00+00:00,969.25
2020-12-23 02:00:00+00:00,823.0
2020-12-23 03:00:00+00:00,655.0
2020-12-23 04:00:00+00:00,464.5
2020-12-23 05:00:00+00:00,373.0
2020-12-23 06:00:00+00:00,372.75
2020-12-23 07:00:00+00:00,428.75
2020-12-23 08:00:00+00:00,476.0
2020-12-23 09:00:00+00:00,630.0
2020-12-23 10:00:00+00:00,791.25
2020-12-23 11:00:00+00:00,783.5
2020-12-23 12:00:00+00:00,946.25
2020-12-23 13:00:00+00:00,1274.75
2020-12-23 14:00:00+00:00,1952.75
2020-12-23 15:00:00+00:00,2683.75
2020-12-23 16:00:00+00:00,3292.25
2020-12-23 17:00:00+00:00,3788.75
2020-12-23 18:00:00+00:00,4110.25
2020-12-23 19:00:00+00:00,3942.25
2020-12-23 20:00:00+00:00,3752.0
2020-12-23 21:00:00+00:00,3263.75
2020-12-23 22:00:00+00:00,3061.0
2020-12-23 23:00:00+00:00,3330.5
2020-12-24 00:00:00+00:00,3551.25
2020-12-24 01:00:00+00:00,3818.5
2020-12-24 02:00:00+00:00,4357.25
2020-12-24 03:00:00+00:00,4406.25
2020-12-24 04:00:00+00:00,4827.25
2020-12-24 05:00:00+00:00,4810.75
2020-12-24 06:00:00+00:00,4764.25
2020-12-24 07:00:00+00:00,4748.75
2020-12-24 08:00:00+00:00,5135.75
2020-12-24 09:00:00+00:00,5219.25
2020-12-24 10:00:00+00:00,5313.25
2020-12-24 11:00:00+00:00,5692.0
2020-12-24 12:00:00+00:00,6262.75
2020-12-24 13:00:00+00:00,6171.75
2020-12-24 14:00:00+00:00,6244.25
2020-12-24 15:00:00+00:00,6605.5
2020-12-24 16:00:00+00:00,6676.0
2020-12-24 17:00:00+00:00,6597.75
2020-12-24 18:00:00+00:00,6401.75
2020-12-24 19:00:00+00:00,6481.75
2020-12-24 20:00:00+00:00,6431.75
2020-12-24 21:00:00+00:00,5883.75
2020-12-24 22:00:00+00:00,5574.75
2020-12-24 23:00:00+00:00,4861.5
2020-12-25 00:00:00+00:00,4811.75
2020-12-25 01:00:00+00:00,4690.0
2020-12-25 02:00:00+00:00,4733.25
2020-12-25 03:00:00+00:00,4645.0
2020-12-25 04:00:00+00:00,4871.75
2020-12-25 05:00:00+00:00,4647.25
2020-12-25 06:00:00+00:00,4058.25
2020-12-25 07:00:00+00:00,3360.0
2020-12-25 08:00:00+00:00,2757.25
2020-12-25 09:00:00+00:00,2274.0
2020-12-25 10:00:00+00:00,1918.0
2020-12-25 11:00:00+00:00,1893.25
2020-12-25 12:00:00+00:00,1542.75
2020-12-25 13:00:00+00:00,1678.0
2020-12-25 14:00:00+00:00,1874.75
2020-12-25 15:00:00+00:00,2299.75
2020-12-25 16:00:00+00:00,2328.5
2020-12-25 17:00:00+00:00,2762.25
2020-12-25 18:00:00+00:00,2443.75
2020-12-25 19:00:00+00:00,2131.5
2020-12-25 20:00:00+00:00,1555.5
2020-12-25 21:00:00+00:00,1402.5
2020-12-25 22:00:00+00:00,1601.75
2020-12-25 23:00:00+00:00,1802.5
2020-12-26 00:00:00+00:00,2363.0
2020-12-26 01:00:00+00:00,2684.75
2020-12-26 02:00:00+00:00,2719.75
2020-12-26 03:00:00+00:00,3896.75
2020-12-26 04:00:00+00:00,4846.5
2020-12-26 05:00:00+00:00,5572.5
2020-12-26 06:00:00+00:00,4968.0
2020-12-26 07:00:00+00:00,4708.25
2020-12-26 08:00:00+00:00,5457.75
2020-12-26 09:00:00+00:00,5968.5
2020-12-26 10:00:00+00:00,5748.0
2020-12-26 11:00:00+00:00,5513.5
2020-12-26 12:00:00+00:00,5467.5
2020-12-26 13:00:00+00:00,5550.5
2020-12-26 14:00:00+00:00,5439.75
2020-12-26 15:00:00+00:00,5530.5
2020-12-26 16:00:00+00:00,5396.0
2020-12-26 17:00:00+00:00,4917.0
2020-12-26 18:00:00+00:00,4473.0
2020-12-26 19:00:00+00:00,4476.75
2020-12-26 20:00:00+00:00,4476.25
2020-12-26 21:00:00+00:00,4473.75
2020-12-26 22:00:00+00:00,3805.5
2020-12-26 23:00:00+00:00,3790.0
2020-12-27 00:00:00+00:00,3522.5
2020-12-27 01:00:00+00:00,3491.5
2020-12-27 02:00:00+00:00,3117.25
2020-12-27 03:00:00+00:00,2749.0
2020-12-27 04:00:00+00:00,2410.0
2020-12-27 05:00:00+00:00,2002.0
2020-12-27 06:00:00+00:00,1980.0
2020-12-27 07:00:00+00:00,1891.0
2020-12-27 08:00:00+00:00,2106.25
2020-12-27 09:00:00+00:00,2275.25
2020-12-27 10:00:00+00:00,2452.0
2020-12-27 11:00:00+00:00,3419.0
2020-12-27 12:00:00+00:00,3957.75
2020-12-27 13:00:00+00:00,4360.25
2020-12-27 14:00:00+00:00,4490.5
2020-12-27 15:00:00+00:00,4397.0
2020-12-27 16:00:00+00:00,4482.75
2020-12-27 17:00:00+00:00,4672.25
2020-12-27 18:00:00+00:00,4611.5
2020-12-27 19:00:00+00:00,4484.75
2020-12-27 20:00:00+00:00,4028.25
2020-12-27 21:00:00+00:00,3289.5
2020-12-27 22:00:00+00:00,2857.5
2020-12-27 23:00:00+00:00,2512.0
2020-12-28 00:00:00+00:00,2197.25
2020-12-28 01:00:00+00:00,1872.75
2020-12-28 02:00:00+00:00,1693.75
2020-12-28 03:00:00+00:00,1447.25
2020-12-28 04:00:00+00:00,1604.5
2020-12-28 05:00:00+00:00,1700.25
2020-12-28 06:00:00+00:00,1546.75
2020-12-28 07:00:00+00:00,1539.25
2020-12-28 08:00:00+00:00,1358.5
2020-12-28 09:00:00+00:00,1282.5
2020-12-28 10:00:00+00:00,1327.5
2020-12-28 11:00:00+00:00,1354.25
2020-12-28 12:00:00+00:00,1317.0
2020-12-28 13:00:00+00:00,1141.75
2020-12-28 14:00:00+00:00,1168.25
2020-12-28 15:00:00+00:00,767.0
2020-12-28 16:00:00+00:00,708.75
2020-12-28 17:00:00+00:00,533.25
2020-12-28 18:00:00+00:00,484.75
2020-12-28 19:00:00+00:00,634.75
2020-12-28 20:00:00+00:00,610.75
2020-12-28 21:00:00+00:00,463.5
2020-12-28 22:00:00+00:00,582.25
2020-12-28 23:00:00+00:00,577.0
2020-12-29 00:00:00+00:00,481.75
2020-12-29 01:00:00+00:00,535.0
2020-12-29 02:00:00+00:00,960.0
2020-12-29 03:00:00+00:00,1189.25
2020-12-29 04:00:00+00:00,1444.25
2020-12-29 05:00:00+00:00,1468.75
2020-12-29 06:00:00+00:00,1370.0
2020-12-29 07:00:00+00:00,1126.5
2020-12-29 08:00:00+00:00,742.25
2020-12-29 09:00:00+00:00,492.0
2020-12-29 10:00:00+00:00,535.25
2020-12-29 11:00:00+00:00,401.25
2020-12-29 12:00:00+00:00,292.0
2020-12-29 13:00:00+00:00,330.75
2020-12-29 14:00:00+00:00,405.5
2020-12-29 15:00:00+00:00,639.75
2020-12-29 16:00:00+00:00,809.25
2020-12-29 17:00:00+00:00,1008.25
2020-12-29 18:00:00+00:00,1216.0
2020-12-29 19:00:00+00:00,1810.75
2020-12-29 20:00:00+00:00,1582.0
2020-12-29 21:00:00+00:00,1826.0
2020-12-29 22:00:00+00:00,2340.0
2020-12-29 23:00:00+00:00,2637.75
2020-12-30 00:00:00+00:00,3086.75
2020-12-30 01:00:00+00:00,3486.5
2020-12-30 02:00:00+00:00,3199.25
2020-12-30 03:00:00+00:00,3033.75
2020-12-30 04:00:00+00:00,2976.75
2020-12-30 05:00:00+00:00,3491.0
2020-12-30 06:00:00+00:00,3169.0
2020-12-30 07:00:00+00:00,3223.5
2020-12-30 08:00:00+00:00,3033.75
2020-12-30 09:00:00+00:00,3003.25
2020-12-30 10:00:00+00:00,2964.25
2020-12-30 11:00:00+00:00,3151.25
2020-12-30 12:00:00+00:00,3138.25
2020-12-30 13:00:00+00:00,3085.5
2020-12-30 14:00:00+00:00,3892.5
2020-12-30 15:00:00+00:00,4192.75
2020-12-30 16:00:00+00:00,4268.25
2020-12-30 17:00:00+00:00,3955.25
2020-12-30 18:00:00+00:00,4060.75
2020-12-30 19:00:00+00:00,4236.5
2020-12-30 20:00:00+00:00,4376.5
2020-12-30 21:00:00+00:00,4517.75
2020-12-30 22:00:00+00:00,4363.75
2020-12-30 23:00:00+00:00,3937.25
2020-12-31 00:00:00+00:00,4149.25
2020-12-31 01:00:00+00:00,3977.0
2020-12-31 02:00:00+00:00,3964.5
2020-12-31 03:00:00+00:00,3837.25
2020-12-31 04:00:00+00:00,3566.0
2020-12-31 05:00:00+00:00,3291.0
2020-12-31 06:00:00+00:00,2822.0
2020-12-31 07:00:00+00:00,2919.75
2020-12-31 08:00:00+00:00,3047.5
2020-12-31 09:00:00+00:00,3161.25
2020-12-31 10:00:00+00:00,3511.25
2020-12-31 11:00:00+00:00,3085.0
2020-12-31 12:00:00+00:00,3173.0
2020-12-31 13:00:00+00:00,2916.75
2020-12-31 14:00:00+00:00,2907.5
2020-12-31 15:00:00+00:00,2886.5
2020-12-31 16:00:00+00:00,2383.0
2020-12-31 17:00:00+00:00,1944.75
2020-12-31 18:00:00+00:00,1487.75
2020-12-31 19:00:00+00:00,1178.0
2020-12-31 20:00:00+00:00,950.75
2020-12-31 21:00:00+00:00,598.5
2020-12-31 22:00:00+00:00,425.0
2020-12-31 23:00:00+00:00,383.0
2021-01-01 00:00:00+00:00,394.5
2021-01-01 01:00:00+00:00,305.25
2021-01-01 02:00:00+00:00,319.25
2021-01-01 03:00:00+00:00,296.25
2021-01-01 04:00:00+00:00,432.0
2021-01-01 05:00:00+00:00,510.25
2021-01-01 06:00:00+00:00,389.25
2021-01-01 07:00:00+00:00,359.5
2021-01-01 08:00:00+00:00,248.25
2021-01-01 09:00:00+00:00,446.75
2021-01-01 10:00:00+00:00,557.5
2021-01-01 11:00:00+00:00,668.75
2021-01-01 12:00:00+00:00,836.25
2021-01-01 13:00:00+00:00,800.25
2021-01-01 14:00:00+00:00,668.25
2021-01-01 15:00:00+00:00,832.5
2021-01-01 16:00:00+00:00,751.5
2021-01-01 17:00:00+00:00,700.25
2021-01-01 18:00:00+00:00,778.25
2021-01-01 19:00:00+00:00,723.25
2021-01-01 20:00:00+00:00,642.25
2021-01-01 21:00:00+00:00,841.0
2021-01-01 22:00:00+00:00,590.0
2021-01-01 23:00:00+00:00,424.5
2021-01-02 00:00:00+00:00,432.5
2021-01-02 01:00:00+00:00,562.25
2021-01-02 02:00:00+00:00,405.75
2021-01-02 03:00:00+00:00,317.0
2021-01-02 04:00:00+00:00,389.0
2021-01-02 05:00:00+00:00,507.25
2021-01-02 06:00:00+00:00,621.0
2021-01-02 07:00:00+00:00,452.25
2021-01-02 08:00:00+00:00,348.5
2021-01-02 09:00:00+00:00,287.25
2021-01-02 10:00:00+00:00,277.25
2021-01-02 11:00:00+00:00,298.75
2021-01-02 12:00:00+00:00,264.75
2021-01-02 13:00:00+00:00,237.0
2021-01-02 14:00:00+00:00,384.0
2021-01-02 15:00:00+00:00,515.5
2021-01-02 16:00:00+00:00,736.5
2021-01-02 17:00:00+00:00,1099.25
2021-01-02 18:00:00+00:00,1297.25
2021-01-02 19:00:00+00:00,1413.0
2021-01-02 20:00:00+00:00,1533.25
2021-01-02 21:00:00+00:00,1768.25
2021-01-02 22:00:00+00:00,2437.5
2021-01-02 23:00:00+00:00,2755.5
2021-01-03 00:00:00+00:00,2730.25
2021-01-03 01:00:00+00:00,3219.75
2021-01-03 02:00:00+00:00,3552.75
2021-01-03 03:00:00+00:00,3781.0
2021-01-03 04:00:00+00:00,4606.75
2021-01-03 05:00:00+00:00,4947.25
2021-01-03 06:00:00+00:00,4923.5
2021-01-03 07:00:00+00:00,5077.5
2021-01-03 08:00:00+00:00,5523.0
2021-01-03 09:00:00+00:00,6073.5
2021-01-03 10:00:00+00:00,5982.25
2021-01-03 11:00:00+00:00,5765.75
2021-01-03 12:00:00+00:00,4935.5
2021-01-03 13:00:00+00:00,4753.5
2021-01-03 14:00:00+00:00,4184.0
2021-01-03 15:00:00+00:00,4189.5
2021-01-03 16:00:00+00:00,3995.75
2021-01-03 17:00:00+00:00,3817.75
2021-01-03 18:00:00+00:00,3560.5
2021-01-03 19:00:00+00:00,3558.5
2021-01-03 20:00:00+00:00,3557.0
2021-01-03 21:00:00+00:00,3550.0
2021-01-03 22:00:00+00:00,3553.5
2021-01-03 23:00:00+00:00,3550.0
2021-01-04 00:00:00+00:00,3552.75
2021-01-04 01:00:00+00:00,3548.25
2021-01-04 02:00:00+00:00,3553.0
2021-01-04 03:00:00+00:00,3555.75
2021-01-04 04:00:00+00:00,3543.75
2021-01-04 05:00:00+00:00,3627.75
2021-01-04 06:00:00+00:00,4231.25
2021-01-04 07:00:00+00:00,5230.0
2021-01-04 08:00:00+00:00,5397.25
2021-01-04 09:00:00+00:00,5832.25
2021-01-04 10:00:00+00:00,5783.25
2021-01-04 11:00:00+00:00,5702.5
2021-01-04 12:00:00+00:00,5497.25
2021-01-04 13:00:00+00:00,5728.0
2021-01-04 14:00:00+00:00,5760.5
2021-01-04 15:00:00+00:00,5761.0
2021-01-04 16:00:00+00:00,5862.25
2021-01-04 17:00:00+00:00,5867.5
2021-01-04 18:00:00+00:00,5833.0
2021-01-04 19:00:00+00:00,5889.5
2021-01-04 20:00:00+00:00,5940.75
2021-01-04 21:00:00+00:00,5952.0
2021-01-04 22:00:00+00:00,6014.0
2021-01-04 23:00:00+00:00,6011.5
2021-01-05 00:00:00+00:00,5800.0
2021-01-05 01:00:00+00:00,5378.25
2021-01-05 02:00:00+00:00,5377.25
2021-01-05 03:00:00+00:00,5363.75
2021-01-05 04:00:00+00:00,5369.75
2021-01-05 05:00:00+00:00,5364.75
2021-01-05 06:00:00+00:00,5355.25
2021-01-05 07:00:00+00:00,5619.0
2021-01-05 08:00:00+00:00,5843.75
2021-01-05 09:00:00+00:00,6309.25
2021-01-05 10:00:00+00:00,6317.5
2021-01-05 11:00:00+00:00,6286.5
2021-01-05 12:00:00+00:00,6226.5
2021-01-05 13:00:00+00:00,6147.25
2021-01-05 14:00:00+00:00,6152.0
2021-01-05 15:00:00+00:00,6107.0
2021-01-05 16:00:00+00:00,6107.5
2021-01-05 17:00:00+00:00,6067.75
2021-01-05 18:00:00+00:00,5938.25
2021-01-05 19:00:00+00:00,6024.5
2021-01-05 20:00:00+00:00,5859.75
2021-01-05 21:00:00+00:00,5523.25
2021-01-05 22:00:00+00:00,5353.0
2021-01-05 23:00:00+00:00,5152.5
2021-01-06 00:00:00+00:00,4979.25
2021-01-06 01:00:00+00:00,4817.75
2021-01-06 02:00:00+00:00,4749.75
2021-01-06 03:00:00+00:00,4750.0
2021-01-06 04:00:00+00:00,4480.0
2021-01-06 05:00:00+00:00,4808.25
2021-01-06 06:00:00+00:00,4703.75
2021-01-06 07:00:00+00:00,4747.75
2021-01-06 08:00:00+00:00,4296.25
2021-01-06 09:00:00+00:00,3894.75
2021-01-06 10:00:00+00:00,3660.0
2021-01-06 11:00:00+00:00,3789.0
2021-01-06 12:00:00+00:00,3537.25
2021-01-06 13:00:00+00:00,3215.75
2021-01-06 14:00:00+00:00,3009.5
2021-01-06 15:00:00+00:00,3113.25
2021-01-06 16:00:00+00:00,3179.5
2021-01-06 17:00:00+00:00,2897.25
2021-01-06 18:00:00+00:00,2455.25
2021-01-06 19:00:00+00:00,2148.0
2021-01-06 20:00:00+00:00,2016.0
2021-01-06 21:00:00+00:00,1860.75
2021-01-06 22:00:00+00:00,1695.25
2021-01-06 23:00:00+00:00,1334.75
2021-01-07 00:00:00+00:00,1108.5
2021-01-07 01:00:00+00:00,1096.25
2021-01-07 02:00:00+00:00,1166.25
2021-01-07 03:00:00+00:00,1199.0
2021-01-07 04:00:00+00:00,1222.75
2021-01-07 05:00:00+00:00,1168.5
2021-01-07 06:00:00+00:00,1136.75
2021-01-07 07:00:00+00:00,1201.0
2021-01-07 08:00:00+00:00,1162.75
2021-01-07 09:00:00+00:00,936.5
2021-01-07 10:00:00+00:00,855.25
2021-01-07 11:00:00+00:00,772.0
2021-01-07 12:00:00+00:00,764.5
2021-01-07 13:00:00+00:00,727.75
2021-01-07 14:00:00+00:00,771.5
2021-01-07 15:00:00+00:00,838.0
2021-01-07 16:00:00+00:00,888.5
2021-01-07 17:00:00+00:00,1063.5
2021-01-07 18:00:00+00:00,1028.0
2021-01-07 19:00:00+00:00,937.25
2021-01-07 20:00:00+00:00,890.0
2021-01-07 21:00:00+00:00,797.25
2021-01-07 22:00:00+00:00,845.5
2021-01-07 23:00:00+00:00,855.0
2021-01-08 00:00:00+00:00,812.75
2021-01-08 01:00:00+00:00,862.25
2021-01-08 02:00:00+00:00,910.5
2021-01-08 03:00:00+00:00,843.5
2021-01-08 04:00:00+00:00,821.0
2021-01-08 05:00:00+00:00,837.0
2021-01-08 06:00:00+00:00,1048.25
2021-01-08 07:00:00+00:00,1112.0
2021-01-08 08:00:00+00:00,1026.75
2021-01-08 09:00:00+00:00,1129.0
2021-01-08 10:00:00+00:00,1067.5
2021-01-08 11:00:00+00:00,957.25
2021-01-08 12:00:00+00:00,918.0
2021-01-08 13:00:00+00:00,1022.0
2021-01-08 14:00:00+00:00,1104.0
2021-01-08 15:00:00+00:00,1185.25
2021-01-08 16:00:00+00:00,1259.25
2021-01-08 17:00:00+00:00,1086.5
2021-01-08 18:00:00+00:00,858.25
2021-01-08 19:00:00+00:00,624.5
2021-01-08 20:00:00+00:00,693.25
2021-01-08 21:00:00+00:00,651.25
2021-01-08 22:00:00+00:00,647.75
2021-01-08 23:00:00+00:00,564.75
2021-01-09 00:00:00+00:00,529.0
2021-01-09 01:00:00+00:00,449.25
2021-01-09 02:00:00+00:00,389.0
2021-01-09 03:00:00+00:00,340.0
2021-01-09 04:00:00+00:00,385.75
2021-01-09 05:00:00+00:00,237.25
2021-01-09 06:00:00+00:00,241.0
2021-01-09 07:00:00+00:00,347.0
2021-01-09 08:00:00+00:00,366.5
2021-01-09 09:00:00+00:00,351.25
2021-01-09 10:00:00+00:00,254.75
2021-01-09 11:00:00+00:00,234.75
2021-01-09 12:00:00+00:00,173.5
2021-01-09 13:00:00+00:00,159.75
2021-01-09 14:00:00+00:00,123.25
2021-01-09 15:00:00+00:00,145.5
2021-01-09 16:00:00+00:00,155.25
2021-01-09 17:00:00+00:00,187.5
2021-01-09 18:00:00+00:00,201.25
2021-01-09 19:00:00+00:00,234.5
2021-01-09 20:00:00+00:00,282.5
2021-01-09 21:00:00+00:00,553.25
2021-01-09 22:00:00+00:00,826.75
2021-01-09 23:00:00+00:00,1287.75
2021-01-10 00:00:00+00:00,1664.5
2021-01-10 01:00:00+00:00,2096.5
2021-01-10 02:00:00+00:00,2566.5
2021-01-10 03:00:00+00:00,3125.75
2021-01-10 04:00:00+00:00,3404.5
2021-01-10 05:00:00+00:00,3659.0
2021-01-10 06:00:00+00:00,3741.0
2021-01-10 07:00:00+00:00,4027.5
2021-01-10 08:00:00+00:00,4123.75
2021-01-10 09:00:00+00:00,4391.5
2021-01-10 10:00:00+00:00,4580.5
2021-01-10 11:00:00+00:00,4903.5
2021-01-10 12:00:00+00:00,5038.25
2021-01-10 13:00:00+00:00,4850.25
2021-01-10 14:00:00+00:00,4336.75
2021-01-10 15:00:00+00:00,3552.0
2021-01-10 16:00:00+00:00,3537.75
2021-01-10 17:00:00+00:00,2984.25
2021-01-10 18:00:00+00:00,2648.0
2021-01-10 19:00:00+00:00,2299.0
2021-01-10 20:00:00+00:00,2251.0
2021-01-10 21:00:00+00:00,2399.75
2021-01-10 22:00:00+00:00,2877.75
2021-01-10 23:00:00+00:00,3860.25
2021-01-11 00:00:00+00:00,5632.5
2021-01-11 01:00:00+00:00,6192.0
2021-01-11 02:00:00+00:00,6224.25
2021-01-11 03:00:00+00:00,6243.25
2021-01-11 04:00:00+00:00,6295.75
2021-01-11 05:00:00+00:00,5923.25
2021-01-11 06:00:00+00:00,5548.0
2021-01-11 07:00:00+00:00,5531.75
2021-01-11 08:00:00+00:00,5216.5
2021-01-11 09:00:00+00:00,5147.25
2021-01-11 10:00:00+00:00,5181.5
2021-01-11 11:00:00+00:00,4942.75
2021-01-11 12:00:00+00:00,4733.75
2021-01-11 13:00:00+00:00,4733.25
2021-01-11 14:00:00+00:00,4735.5
2021-01-11 15:00:00+00:00,4465.0
2021-01-11 16:00:00+00:00,4249.75
2021-01-11 17:00:00+00:00,4250.0
2021-01-11 18:00:00+00:00,3822.0
2021-01-11 19:00:00+00:00,3801.25
2021-01-11 20:00:00+00:00,3799.5
2021-01-11 21:00:00+00:00,3989.5
2021-01-11 22:00:00+00:00,4077.75
2021-01-11 23:00:00+00:00,4715.0
2021-01-12 00:00:00+00:00,4632.25
2021-01-12 01:00:00+00:00,3703.0
2021-01-12 02:00:00+00:00,3602.0
2021-01-12 03:00:00+00:00,3236.5
2021-01-12 04:00:00+00:00,3080.0
2021-01-12 05:00:00+00:00,3193.75
2021-01-12 06:00:00+00:00,3863.5
2021-01-12 07:00:00+00:00,4091.75
2021-01-12 08:00:00+00:00,4586.25
2021-01-12 09:00:00+00:00,5377.75
2021-01-12 10:00:00+00:00,5732.0
2021-01-12 11:00:00+00:00,6056.75
2021-01-12 12:00:00+00:00,5977.25
2021-01-12 13:00:00+00:00,5950.25
2021-01-12 14:00:00+00:00,5963.5
2021-01-12 15:00:00+00:00,6045.75
2021-01-12 16:00:00+00:00,6207.75
2021-01-12 17:00:00+00:00,5982.5
2021-01-12 18:00:00+00:00,6157.5
2021-01-12 19:00:00+00:00,5898.0
2021-01-12 20:00:00+00:00,5708.0
2021-01-12 21:00:00+00:00,5971.25
2021-01-12 22:00:00+00:00,6164.75
2021-01-12 23:00:00+00:00,6211.25
2021-01-13 00:00:00+00:00,6167.25
2021-01-13 01:00:00+00:00,6218.5
2021-01-13 02:00:00+00:00,6201.0
2021-01-13 03:00:00+00:00,6074.75
2021-01-13 04:00:00+00:00,6242.25
2021-01-13 05:00:00+00:00,6028.0
2021-01-13 06:00:00+00:00,6368.0
2021-01-13 07:00:00+00:00,6510.0
2021-01-13 08:00:00+00:00,6530.75
2021-01-13 09:00:00+00:00,6465.5
2021-01-13 10:00:00+00:00,6406.5
2021-01-13 11:00:00+00:00,6260.75
2021-01-13 12:00:00+00:00,6237.0
2021-01-13 13:00:00+00:00,6172.0
2021-01-13 14:00:00+00:00,5719.5
2021-01-13 15:00:00+00:00,5427.0
2021-01-13 16:00:00+00:00,5243.75
2021-01-13 17:00:00+00:00,5080.75
2021-01-13 18:00:00+00:00,5203.25
2021-01-13 19:00:00+00:00,5293.75
2021-01-13 20:00:00+00:00,4899.25
2021-01-13 21:00:00+00:00,5185.25
2021-01-13 22:00:00+00:00,5925.0
2021-01-13 23:00:00+00:00,6241.5
2021-01-14 00:00:00+00:00,5669.5
2021-01-14 01:00:00+00:00,5525.5
2021-01-14 02:00:00+00:00,5828.0
2021-01-14 03:00:00+00:00,5098.0
2021-01-14 04:00:00+00:00,4593.0
2021-01-14 05:00:00+00:00,4169.0
2021-01-14 06:00:00+00:00,3522.0
2021-01-14 07:00:00+00:00,2786.5
2021-01-14 08:00:00+00:00,2481.5
2021-01-14 09:00:00+00:00,2198.5
2021-01-14 10:00:00+00:00,1923.25
2021-01-14 11:00:00+00:00,1529.75
2021-01-14 12:00:00+00:00,1277.25
2021-01-14 13:00:00+00:00,1182.25
2021-01-14 14:00:00+00:00,1147.25
2021-01-14 15:00:00+00:00,1279.0
2021-01-14 16:00:00+00:00,1610.25
2021-01-14 17:00:00+00:00,1616.25
2021-01-14 18:00:00+00:00,1318.75
2021-01-14 19:00:00+00:00,1049.0
2021-01-14 20:00:00+00:00,829.25
2021-01-14 21:00:00+00:00,695.75
2021-01-14 22:00:00+00:00,747.0
2021-01-14 23:00:00+00:00,788.5
2021-01-15 00:00:00+00:00,698.5
2021-01-15 01:00:00+00:00,986.0
2021-01-15 02:00:00+00:00,1314.0
2021-01-15 03:00:00+00:00,1530.75
2021-01-15 04:00:00+00:00,2342.25
2021-01-15 05:00:00+00:00,2621.25
2021-01-15 06:00:00+00:00,2000.25
2021-01-15 07:00:00+00:00,1730.5
2021-01-15 08:00:00+00:00,1594.75
2021-01-15 09:00:00+00:00,1202.5
2021-01-15 10:00:00+00:00,733.5
2021-01-15 11:00:00+00:00,564.25
2021-01-15 12:00:00+00:00,486.5
2021-01-15 13:00:00+00:00,488.75
2021-01-15 14:00:00+00:00,404.0
2021-01-15 15:00:00+00:00,306.25
2021-01-15 16:00:00+00:00,355.5
2021-01-15 17:00:00+00:00,339.5
2021-01-15 18:00:00+00:00,332.0
2021-01-15 19:00:00+00:00,306.25
2021-01-15 20:00:00+00:00,268.75
2021-01-15 21:00:00+00:00,322.0
2021-01-15 22:00:00+00:00,347.0
2021-01-15 23:00:00+00:00,304.75
2021-01-16 00:00:00+00:00,316.0
2021-01-16 01:00:00+00:00,334.75
2021-01-16 02:00:00+00:00,371.75
2021-01-16 03:00:00+00:00,386.0
2021-01-16 04:00:00+00:00,451.75
2021-01-16 05:00:00+00:00,483.75
2021-01-16 06:00:00+00:00,483.25
2021-01-16 07:00:00+00:00,599.25
2021-01-16 08:00:00+00:00,1144.5
2021-01-16 09:00:00+00:00,1557.25
2021-01-16 10:00:00+00:00,2123.5
2021-01-16 11:00:00+00:00,3151.75
2021-01-16 12:00:00+00:00,3846.0
2021-01-16 13:00:00+00:00,4400.75
2021-01-16 14:00:00+00:00,5230.75
2021-01-16 15:00:00+00:00,5690.5
2021-01-16 16:00:00+00:00,5568.0
2021-01-16 17:00:00+00:00,5581.5
2021-01-16 18:00:00+00:00,4964.75
2021-01-16 19:00:00+00:00,4753.25
2021-01-16 20:00:00+00:00,4559.25
2021-01-16 21:00:00+00:00,4194.0
2021-01-16 22:00:00+00:00,3770.0
2021-01-16 23:00:00+00:00,3352.75
2021-01-17 00:00:00+00:00,3100.5
2021-01-17 01:00:00+00:00,3178.0
2021-01-17 02:00:00+00:00,3418.25
2021-01-17 03:00:00+00:00,3551.5
2021-01-17 04:00:00+00:00,3491.75
2021-01-17 05:00:00+00:00,3526.0
2021-01-17 06:00:00+00:00,3263.25
2021-01-17 07:00:00+00:00,3131.25
2021-01-17 08:00:00+00:00,2891.75
2021-01-17 09:00:00+00:00,2453.25
2021-01-17 10:00:00+00:00,1919.75
2021-01-17 11:00:00+00:00,1618.25
2021-01-17 12:00:00+00:00,1299.5
2021-01-17 13:00:00+00:00,920.0
2021-01-17 14:00:00+00:00,984.25
2021-01-17 15:00:00+00:00,1194.75
2021-01-17 16:00:00+00:00,1344.0
2021-01-17 17:00:00+00:00,1283.75
2021-01-17 18:00:00+00:00,1611.25
2021-01-17 19:00:00+00:00,1807.75
2021-01-17 20:00:00+00:00,1722.0
2021-01-17 21:00:00+00:00,2121.75
2021-01-17 22:00:00+00:00,2444.25
2021-01-17 23:00:00+00:00,2388.5
2021-01-18 00:00:00+00:00,2521.5
2021-01-18 01:00:00+00:00,2314.75
2021-01-18 02:00:00+00:00,2312.5
2021-01-18 03:00:00+00:00,2530.0
2021-01-18 04:00:00+00:00,3094.0
2021-01-18 05:00:00+00:00,3772.0
2021-01-18 06:00:00+00:00,4534.0
2021-01-18 07:00:00+00:00,5126.5
2021-01-18 08:00:00+00:00,5478.25
2021-01-18 09:00:00+00:00,5653.5
2021-01-18 10:00:00+00:00,5945.75
2021-01-18 11:00:00+00:00,6058.25
2021-01-18 12:00:00+00:00,5988.25
2021-01-18 13:00:00+00:00,6038.0
2021-01-18 14:00:00+00:00,5869.25
2021-01-18 15:00:00+00:00,5763.25
2021-01-18 16:00:00+00:00,5790.25
2021-01-18 17:00:00+00:00,5651.5
2021-01-18 18:00:00+00:00,5463.75
2021-01-18 19:00:00+00:00,5253.0
2021-01-18 20:00:00+00:00,5461.0
2021-01-18 21:00:00+00:00,5539.75
2021-01-18 22:00:00+00:00,5862.0
2021-01-18 23:00:00+00:00,6156.75
2021-01-19 00:00:00+00:00,6026.25
2021-01-19 01:00:00+00:00,6165.0
2021-01-19 02:00:00+00:00,5950.0
2021-01-19 03:00:00+00:00,6011.5
2021-01-19 04:00:00+00:00,5825.5
2021-01-19 05:00:00+00:00,5463.5
2021-01-19 06:00:00+00:00,5834.75
2021-01-19 07:00:00+00:00,5189.0
2021-01-19 08:00:00+00:00,4308.75
2021-01-19 09:00:00+00:00,4196.25
2021-01-19 10:00:00+00:00,3998.75
2021-01-19 11:00:00+00:00,3514.25
2021-01-19 12:00:00+00:00,2795.5
2021-01-19 13:00:00+00:00,2730.0
2021-01-19 14:00:00+00:00,2804.25
2021-01-19 15:00:00+00:00,3241.5
2021-01-19 16:00:00+00:00,4049.5
2021-01-19 17:00:00+00:00,4148.25
2021-01-19 18:00:00+00:00,4375.75
2021-01-19 19:00:00+00:00,4908.5
2021-01-19 20:00:00+00:00,5496.5
2021-01-19 21:00:00+00:00,5723.0
2021-01-19 22:00:00+00:00,5764.0
2021-01-19 23:00:00+00:00,5807.0
2021-01-20 00:00:00+00:00,5427.5
2021-01-20 01:00:00+00:00,5509.0
2021-01-20 02:00:00+00:00,5696.25
2021-01-20 03:00:00+00:00,6020.25
2021-01-20 04:00:00+00:00,6079.0
2021-01-20 05:00:00+00:00,5866.75
2021-01-20 06:00:00+00:00,5796.5
2021-01-20 07:00:00+00:00,5813.25
2021-01-20 08:00:00+00:00,5822.25
2021-01-20 09:00:00+00:00,5815.5
2021-01-20 10:00:00+00:00,5809.5
2021-01-20 11:00:00+00:00,5826.75
2021-01-20 12:00:00+00:00,5577.0
2021-01-20 13:00:00+00:00,5807.25
2021-01-20 14:00:00+00:00,5826.25
2021-01-20 15:00:00+00:00,5826.0
2021-01-20 16:00:00+00:00,5853.5
2021-01-20 17:00:00+00:00,6069.75
2021-01-20 18:00:00+00:00,6088.0
2021-01-20 19:00:00+00:00,6040.5
2021-01-20 20:00:00+00:00,5898.75
2021-01-20 21:00:00+00:00,5885.0
2021-01-20 22:00:00+00:00,5877.5
2021-01-20 23:00:00+00:00,5862.25
2021-01-21 00:00:00+00:00,5840.0
2021-01-21 01:00:00+00:00,6039.0
2021-01-21 02:00:00+00:00,6088.5
2021-01-21 03:00:00+00:00,6071.0
2021-01-21 04:00:00+00:00,5987.25
2021-01-21 05:00:00+00:00,5547.75
2021-01-21 06:00:00+00:00,4664.5
2021-01-21 07:00:00+00:00,3448.5
2021-01-21 08:00:00+00:00,3425.0
2021-01-21 09:00:00+00:00,3574.0
2021-01-21 10:00:00+00:00,3744.25
2021-01-21 11:00:00+00:00,3864.75
2021-01-21 12:00:00+00:00,3770.0
2021-01-21 13:00:00+00:00,3534.25
2021-01-21 14:00:00+00:00,3566.75
2021-01-21 15:00:00+00:00,3490.0
2021-01-21 16:00:00+00:00,3804.25
2021-01-21 17:00:00+00:00,3825.75
2021-01-21 18:00:00+00:00,3875.0
2021-01-21 19:00:00+00:00,4065.25
2021-01-21 20:00:00+00:00,4265.25
2021-01-21 21:00:00+00:00,5025.75
2021-01-21 22:00:00+00:00,5220.5
2021-01-21 23:00:00+00:00,5557.0
2021-01-22 00:00:00+00:00,5231.75
2021-01-22 01:00:00+00:00,4770.5
2021-01-22 02:00:00+00:00,5779.75
2021-01-22 03:00:00+00:00,6673.0
2021-01-22 04:00:00+00:00,5904.75
2021-01-22 05:00:00+00:00,4998.25
2021-01-22 06:00:00+00:00,4542.0
2021-01-22 07:00:00+00:00,4533.75
2021-01-22 08:00:00+00:00,4532.5
2021-01-22 09:00:00+00:00,4537.25
2021-01-22 10:00:00+00:00,4527.25
2021-01-22 11:00:00+00:00,4945.5
2021-01-22 12:00:00+00:00,5203.25
2021-01-22 13:00:00+00:00,5198.75
2021-01-22 14:00:00+00:00,5206.0
2021-01-22 15:00:00+00:00,5183.0
2021-01-22 16:00:00+00:00,5221.5
2021-01-22 17:00:00+00:00,5351.5
2021-01-22 18:00:00+00:00,5435.25
2021-01-22 19:00:00+00:00,5463.0
2021-01-22 20:00:00+00:00,5361.0
2021-01-22 21:00:00+00:00,5295.25
2021-01-22 22:00:00+00:00,4776.5
2021-01-22 23:00:00+00:00,4352.5
2021-01-23 00:00:00+00:00,3973.0
2021-01-23 01:00:00+00:00,2993.0
2021-01-23 02:00:00+00:00,2293.0
2021-01-23 03:00:00+00:00,1692.0
2021-01-23 04:00:00+00:00,1422.25
2021-01-23 05:00:00+00:00,1707.0
2021-01-23 06:00:00+00:00,2203.5
2021-01-23 07:00:00+00:00,3272.0
2021-01-23 08:00:00+00:00,3967.5
2021-01-23 09:00:00+00:00,4778.5
2021-01-23 10:00:00+00:00,4829.25
2021-01-23 11:00:00+00:00,4567.75
2021-01-23 12:00:00+00:00,4268.0
2021-01-23 13:00:00+00:00,3746.0
2021-01-23 14:00:00+00:00,2803.0
2021-01-23 15:00:00+00:00,1927.75
2021-01-23 16:00:00+00:00,1544.0
2021-01-23 17:00:00+00:00,1232.75
2021-01-23 18:00:00+00:00,1025.75
2021-01-23 19:00:00+00:00,790.0
2021-01-23 20:00:00+00:00,490.25
2021-01-23 21:00:00+00:00,305.75
2021-01-23 22:00:00+00:00,224.0
2021-01-23 23:00:00+00:00,162.25
2021-01-24 00:00:00+00:00,96.0
2021-01-24 01:00:00+00:00,84.0
2021-01-24 02:00:00+00:00,382.25
2021-01-24 03:00:00+00:00,109.75
2021-01-24 04:00:00+00:00,99.25
2021-01-24 05:00:00+00:00,217.0
2021-01-24 06:00:00+00:00,174.5
2021-01-24 07:00:00+00:00,147.75
2021-01-24 08:00:00+00:00,446.75
2021-01-24 09:00:00+00:00,477.25
2021-01-24 10:00:00+00:00,340.75
2021-01-24 11:00:00+00:00,428.75
2021-01-24 12:00:00+00:00,412.5
2021-01-24 13:00:00+00:00,276.25
2021-01-24 14:00:00+00:00,316.5
2021-01-24 15:00:00+00:00,196.25
2021-01-24 16:00:00+00:00,204.75
2021-01-24 17:00:00+00:00,243.75
2021-01-24 18:00:00+00:00,191.0
2021-01-24 19:00:00+00:00,270.75
2021-01-24 20:00:00+00:00,238.0
2021-01-24 21:00:00+00:00,192.25
2021-01-24 22:00:00+00:00,259.5
2021-01-24 23:00:00+00:00,407.25
2021-01-25 00:00:00+00:00,439.25
2021-01-25 01:00:00+00:00,373.0
2021-01-25 02:00:00+00:00,326.0
2021-01-25 03:00:00+00:00,610.5
2021-01-25 04:00:00+00:00,694.0
2021-01-25 05:00:00+00:00,463.25
2021-01-25 06:00:00+00:00,484.0
2021-01-25 07:00:00+00:00,434.25
2021-01-25 08:00:00+00:00,492.25
2021-01-25 09:00:00+00:00,624.0
2021-01-25 10:00:00+00:00,806.0
2021-01-25 11:00:00+00:00,1014.75
2021-01-25 12:00:00+00:00,1368.0
2021-01-25 13:00:00+00:00,1469.0
2021-01-25 14:00:00+00:00,1905.25
2021-01-25 15:00:00+00:00,2322.5
2021-01-25 16:00:00+00:00,2735.25
2021-01-25 17:00:00+00:00,3051.25
2021-01-25 18:00:00+00:00,2482.75
2021-01-25 19:00:00+00:00,2183.25
2021-01-25 20:00:00+00:00,1725.75
2021-01-25 21:00:00+00:00,1098.25
2021-01-25 22:00:00+00:00,704.0
2021-01-25 23:00:00+00:00,707.75
2021-01-26 00:00:00+00:00,584.75
2021-01-26 01:00:00+00:00,540.5
2021-01-26 02:00:00+00:00,575.25
2021-01-26 03:00:00+00:00,774.5
2021-01-26 04:00:00+00:00,1096.25
2021-01-26 05:00:00+00:00,1335.0
2021-01-26 06:00:00+00:00,1266.5
2021-01-26 07:00:00+00:00,925.25
2021-01-26 08:00:00+00:00,1078.25
2021-01-26 09:00:00+00:00,1318.75
2021-01-26 10:00:00+00:00,1488.25
2021-01-26 11:00:00+00:00,1338.0
2021-01-26 12:00:00+00:00,1246.5
2021-01-26 13:00:00+00:00,1177.0
2021-01-26 14:00:00+00:00,1536.75
2021-01-26 15:00:00+00:00,1793.5
2021-01-26 16:00:00+00:00,1828.25
2021-01-26 17:00:00+00:00,1788.0
2021-01-26 18:00:00+00:00,1899.5
2021-01-26 19:00:00+00:00,2334.0
2021-01-26 20:00:00+00:00,2364.5
2021-01-26 21:00:00+00:00,2794.5
2021-01-26 22:00:00+00:00,2558.5
2021-01-26 23:00:00+00:00,2243.5
2021-01-27 00:00:00+00:00,2547.0
2021-01-27 01:00:00+00:00,3187.0
2021-01-27 02:00:00+00:00,3535.25
2021-01-27 03:00:00+00:00,4592.25
2021-01-27 04:00:00+00:00,4614.75
2021-01-27 05:00:00+00:00,4439.75
2021-01-27 06:00:00+00:00,4122.0
2021-01-27 07:00:00+00:00,4260.5
2021-01-27 08:00:00+00:00,4088.25
2021-01-27 09:00:00+00:00,3804.0
2021-01-27 10:00:00+00:00,3517.75
2021-01-27 11:00:00+00:00,2869.0
2021-01-27 12:00:00+00:00,1868.25
2021-01-27 13:00:00+00:00,1532.0
2021-01-27 14:00:00+00:00,1825.5
2021-01-27 15:00:00+00:00,2003.5
2021-01-27 16:00:00+00:00,2161.5
2021-01-27 17:00:00+00:00,2156.25
2021-01-27 18:00:00+00:00,2168.75
2021-01-27 19:00:00+00:00,2117.25
2021-01-27 20:00:00+00:00,2129.5
2021-01-27 21:00:00+00:00,2267.0
2021-01-27 22:00:00+00:00,2076.5
2021-01-27 23:00:00+00:00,1685.25
2021-01-28 00:00:00+00:00,1103.5
2021-01-28 01:00:00+00:00,982.25
2021-01-28 02:00:00+00:00,977.0
2021-01-28 03:00:00+00:00,1063.5
2021-01-28 04:00:00+00:00,1204.5
2021-01-28 05:00:00+00:00,1315.5
2021-01-28 06:00:00+00:00,1444.0
2021-01-28 07:00:00+00:00,1749.25
2021-01-28 08:00:00+00:00,2504.5
2021-01-28 09:00:00+00:00,3050.5
2021-01-28 10:00:00+00:00,3291.25
2021-01-28 11:00:00+00:00,3153.5
2021-01-28 12:00:00+00:00,2827.5
2021-01-28 13:00:00+00:00,2161.5
2021-01-28 14:00:00+00:00,1705.75
2021-01-28 15:00:00+00:00,1484.75
2021-01-28 16:00:00+00:00,1806.0
2021-01-28 17:00:00+00:00,2452.25
2021-01-28 18:00:00+00:00,2659.75
2021-01-28 19:00:00+00:00,2857.25
2021-01-28 20:00:00+00:00,3046.5
2021-01-28 21:00:00+00:00,3318.5
2021-01-28 22:00:00+00:00,4194.75
2021-01-28 23:00:00+00:00,5130.25
2021-01-29 00:00:00+00:00,5586.0
2021-01-29 01:00:00+00:00,5788.25
2021-01-29 02:00:00+00:00,6183.25
2021-01-29 03:00:00+00:00,6628.75
2021-01-29 04:00:00+00:00,6619.0
2021-01-29 05:00:00+00:00,6585.25
2021-01-29 06:00:00+00:00,6548.75
2021-01-29 07:00:00+00:00,6514.25
2021-01-29 08:00:00+00:00,6445.5
2021-01-29 09:00:00+00:00,6410.25
2021-01-29 10:00:00+00:00,6373.25
2021-01-29 11:00:00+00:00,6344.0
2021-01-29 12:00:00+00:00,6367.25
2021-01-29 13:00:00+00:00,6357.0
2021-01-29 14:00:00+00:00,6390.25
2021-01-29 15:00:00+00:00,6445.25
2021-01-29 16:00:00+00:00,6515.25
2021-01-29 17:00:00+00:00,6425.25
2021-01-29 18:00:00+00:00,6380.25
2021-01-29 19:00:00+00:00,6308.75
2021-01-29 20:00:00+00:00,5934.75
2021-01-29 21:00:00+00:00,5353.5
2021-01-29 22:00:00+00:00,4546.5
2021-01-29 23:00:00+00:00,3757.25
2021-01-30 00:00:00+00:00,3300.25
2021-01-30 01:00:00+00:00,2538.0
2021-01-30 02:00:00+00:00,1888.0
2021-01-30 03:00:00+00:00,1382.5
2021-01-30 04:00:00+00:00,1205.75
2021-01-30 05:00:00+00:00,958.0
2021-01-30 06:00:00+00:00,771.75
2021-01-30 07:00:00+00:00,533.75
2021-01-30 08:00:00+00:00,355.75
2021-01-30 09:00:00+00:00,314.25
2021-01-30 10:00:00+00:00,305.75
2021-01-30 11:00:00+00:00,282.25
2021-01-30 12:00:00+00:00,340.5
2021-01-30 13:00:00+00:00,298.0
2021-01-30 14:00:00+00:00,312.75
2021-01-30 15:00:00+00:00,370.75
2021-01-30 16:00:00+00:00,476.0
2021-01-30 17:00:00+00:00,446.0
2021-01-30 18:00:00+00:00,543.25
2021-01-30 19:00:00+00:00,721.5
2021-01-30 20:00:00+00:00,980.75
2021-01-30 21:00:00+00:00,1251.75
2021-01-30 22:00:00+00:00,1583.0
2021-01-30 23:00:00+00:00,1666.25
2021-01-31 00:00:00+00:00,1637.75
2021-01-31 01:00:00+00:00,1792.25
2021-01-31 02:00:00+00:00,1677.5
2021-01-31 03:00:00+00:00,1503.0
2021-01-31 04:00:00+00:00,1519.75
2021-01-31 05:00:00+00:00,1455.5
2021-01-31 06:00:00+00:00,1582.5
2021-01-31 07:00:00+00:00,1378.5
2021-01-31 08:00:00+00:00,1500.5
2021-01-31 09:00:00+00:00,1399.0
2021-01-31 10:00:00+00:00,1315.75
2021-01-31 11:00:00+00:00,1250.5
2021-01-31 12:00:00+00:00,1116.0
2021-01-31 13:00:00+00:00,1068.75
2021-01-31 14:00:00+00:00,998.0
2021-01-31 15:00:00+00:00,820.75
2021-01-31 16:00:00+00:00,769.5
2021-01-31 17:00:00+00:00,728.0
2021-01-31 18:00:00+00:00,689.5
2021-01-31 19:00:00+00:00,1100.25
2021-01-31 20:00:00+00:00,1278.25
2021-01-31 21:00:00+00:00,1763.75
2021-01-31 22:00:00+00:00,2053.5
2021-01-31 23:00:00+00:00,2256.0
2021-02-01 00:00:00+00:00,2309.25
2021-02-01 01:00:00+00:00,2220.25
2021-02-01 02:00:00+00:00,2402.25
2021-02-01 03:00:00+00:00,2799.5
2021-02-01 04:00:00+00:00,3335.0
2021-02-01 05:00:00+00:00,3543.75
2021-02-01 06:00:00+00:00,3635.75
2021-02-01 07:00:00+00:00,3587.0
2021-02-01 08:00:00+00:00,3350.0
2021-02-01 09:00:00+00:00,3159.25
2021-02-01 10:00:00+00:00,2679.25
2021-02-01 11:00:00+00:00,2191.75
2021-02-01 12:00:00+00:00,1739.75
2021-02-01 13:00:00+00:00,1392.5
2021-02-01 14:00:00+00:00,1380.0
2021-02-01 15:00:00+00:00,1342.75
2021-02-01 16:00:00+00:00,1202.0
2021-02-01 17:00:00+00:00,1148.5
2021-02-01 18:00:00+00:00,1100.25
2021-02-01 19:00:00+00:00,931.5
2021-02-01 20:00:00+00:00,694.25
2021-02-01 21:00:00+00:00,559.25
2021-02-01 22:00:00+00:00,420.0
2021-02-01 23:00:00+00:00,322.0
2021-02-02 00:00:00+00:00,296.0
2021-02-02 01:00:00+00:00,206.25
2021-02-02 02:00:00+00:00,143.75
2021-02-02 03:00:00+00:00,87.5
2021-02-02 04:00:00+00:00,72.75
2021-02-02 05:00:00+00:00,48.5
2021-02-02 06:00:00+00:00,98.25
2021-02-02 07:00:00+00:00,144.75
2021-02-02 08:00:00+00:00,278.0
2021-02-02 09:00:00+00:00,413.75
2021-02-02 10:00:00+00:00,661.25
2021-02-02 11:00:00+00:00,1002.25
2021-02-02 12:00:00+00:00,1022.5
2021-02-02 13:00:00+00:00,1344.25
2021-02-02 14:00:00+00:00,1315.5
2021-02-02 15:00:00+00:00,1364.75
2021-02-02 16:00:00+00:00,1833.25
2021-02-02 17:00:00+00:00,2457.25
2021-02-02 18:00:00+00:00,2987.25
2021-02-02 19:00:00+00:00,3683.25
2021-02-02 20:00:00+00:00,4472.25
2021-02-02 21:00:00+00:00,5201.25
2021-02-02 22:00:00+00:00,5432.75
2021-02-02 23:00:00+00:00,5804.25
2021-02-03 00:00:00+00:00,5823.75
2021-02-03 01:00:00+00:00,5946.5
2021-02-03 02:00:00+00:00,6146.75
2021-02-03 03:00:00+00:00,6316.5
2021-02-03 04:00:00+00:00,6423.5
2021-02-03 05:00:00+00:00,6500.75
2021-02-03 06:00:00+00:00,6549.25
2021-02-03 07:00:00+00:00,6481.25
2021-02-03 08:00:00+00:00,5961.75
2021-02-03 09:00:00+00:00,5575.25
2021-02-03 10:00:00+00:00,5205.0
2021-02-03 11:00:00+00:00,5405.0
2021-02-03 12:00:00+00:00,5548.0
2021-02-03 13:00:00+00:00,5951.0
2021-02-03 14:00:00+00:00,6031.5
2021-02-03 15:00:00+00:00,6158.25
2021-02-03 16:00:00+00:00,6265.0
2021-02-03 17:00:00+00:00,6438.75
2021-02-03 18:00:00+00:00,6673.25
2021-02-03 19:00:00+00:00,6655.0
2021-02-03 20:00:00+00:00,6675.75
2021-02-03 21:00:00+00:00,6676.75
2021-02-03 22:00:00+00:00,6525.5
2021-02-03 23:00:00+00:00,6446.5
2021-02-04 00:00:00+00:00,6511.25
2021-02-04 01:00:00+00:00,6567.0
2021-02-04 02:00:00+00:00,6655.75
2021-02-04 03:00:00+00:00,6658.0
2021-02-04 04:00:00+00:00,6808.75
2021-02-04 05:00:00+00:00,6784.0
2021-02-04 06:00:00+00:00,6717.5
2021-02-04 07:00:00+00:00,6690.25
2021-02-04 08:00:00+00:00,6446.5
2021-02-04 09:00:00+00:00,6128.75
2021-02-04 10:00:00+00:00,5793.5
2021-02-04 11:00:00+00:00,5565.25
2021-02-04 12:00:00+00:00,4858.0
2021-02-04 13:00:00+00:00,4229.25
2021-02-04 14:00:00+00:00,3976.0
2021-02-04 15:00:00+00:00,3926.0
2021-02-04 16:00:00+00:00,4152.0
2021-02-04 17:00:00+00:00,4575.0
2021-02-04 18:00:00+00:00,4880.0
2021-02-04 19:00:00+00:00,4971.75
2021-02-04 20:00:00+00:00,4951.25
2021-02-04 21:00:00+00:00,4967.75
2021-02-04 22:00:00+00:00,5406.75
2021-02-04 23:00:00+00:00,5681.0
2021-02-05 00:00:00+00:00,5772.0
2021-02-05 01:00:00+00:00,5866.0
2021-02-05 02:00:00+00:00,5930.25
2021-02-05 03:00:00+00:00,5998.25
2021-02-05 04:00:00+00:00,6128.75
2021-02-05 05:00:00+00:00,6458.5
2021-02-05 06:00:00+00:00,6603.5
2021-02-05 07:00:00+00:00,6727.75
2021-02-05 08:00:00+00:00,6753.0
2021-02-05 09:00:00+00:00,6775.5
2021-02-05 10:00:00+00:00,6742.0
2021-02-05 11:00:00+00:00,6608.75
2021-02-05 12:00:00+00:00,6583.5
2021-02-05 13:00:00+00:00,6511.0
2021-02-05 14:00:00+00:00,6478.0
2021-02-05 15:00:00+00:00,6552.0
2021-02-05 16:00:00+00:00,6646.25
2021-02-05 17:00:00+00:00,6736.5
2021-02-05 18:00:00+00:00,6896.75
2021-02-05 19:00:00+00:00,7097.75
2021-02-05 20:00:00+00:00,6751.25
2021-02-05 21:00:00+00:00,6546.75
2021-02-05 22:00:00+00:00,6486.0
2021-02-05 23:00:00+00:00,6114.75
2021-02-06 00:00:00+00:00,6230.25
2021-02-06 01:00:00+00:00,6229.0
2021-02-06 02:00:00+00:00,6190.75
2021-02-06 03:00:00+00:00,6201.5
2021-02-06 04:00:00+00:00,6253.5
2021-02-06 05:00:00+00:00,6232.0
2021-02-06 06:00:00+00:00,6223.5
2021-02-06 07:00:00+00:00,6038.5
2021-02-06 08:00:00+00:00,5640.25
2021-02-06 09:00:00+00:00,5578.0
2021-02-06 10:00:00+00:00,5596.5
2021-02-06 11:00:00+00:00,5154.75
2021-02-06 12:00:00+00:00,4796.25
2021-02-06 13:00:00+00:00,4607.25
2021-02-06 14:00:00+00:00,4893.0
2021-02-06 15:00:00+00:00,5229.5
2021-02-06 16:00:00+00:00,5802.0
2021-02-06 17:00:00+00:00,5822.25
2021-02-06 18:00:00+00:00,5531.25
2021-02-06 19:00:00+00:00,4785.75
2021-02-06 20:00:00+00:00,4515.75
2021-02-06 21:00:00+00:00,4539.75
2021-02-06 22:00:00+00:00,4537.0
2021-02-06 23:00:00+00:00,3582.25
2021-02-07 00:00:00+00:00,3579.0
2021-02-07 01:00:00+00:00,3422.75
2021-02-07 02:00:00+00:00,3179.25
2021-02-07 03:00:00+00:00,3142.25
2021-02-07 04:00:00+00:00,2912.5
2021-02-07 05:00:00+00:00,2662.75
2021-02-07 06:00:00+00:00,3250.75
2021-02-07 07:00:00+00:00,3298.0
2021-02-07 08:00:00+00:00,4018.0
2021-02-07 09:00:00+00:00,3933.25
2021-02-07 10:00:00+00:00,3913.25
2021-02-07 11:00:00+00:00,3940.75
2021-02-07 12:00:00+00:00,3967.75
2021-02-07 13:00:00+00:00,3973.0
2021-02-07 14:00:00+00:00,3960.5
2021-02-07 15:00:00+00:00,3924.25
2021-02-07 16:00:00+00:00,3906.75
2021-02-07 17:00:00+00:00,3816.0
2021-02-07 18:00:00+00:00,3841.75
2021-02-07 19:00:00+00:00,3948.0
2021-02-07 20:00:00+00:00,4026.0
2021-02-07 21:00:00+00:00,4063.0
2021-02-07 22:00:00+00:00,4067.0
2021-02-07 23:00:00+00:00,4097.75
2021-02-08 00:00:00+00:00,4121.25
2021-02-08 01:00:00+00:00,4149.0
2021-02-08 02:00:00+00:00,4160.75
2021-02-08 03:00:00+00:00,4168.75
2021-02-08 04:00:00+00:00,4184.75
2021-02-08 05:00:00+00:00,4193.5
2021-02-08 06:00:00+00:00,4280.5
2021-02-08 07:00:00+00:00,5265.0
2021-02-08 08:00:00+00:00,5413.0
2021-02-08 09:00:00+00:00,5566.25
2021-02-08 10:00:00+00:00,5577.75
2021-02-08 11:00:00+00:00,5545.0
2021-02-08 12:00:00+00:00,5508.25
2021-02-08 13:00:00+00:00,5505.0
2021-02-08 14:00:00+00:00,5356.5
2021-02-08 15:00:00+00:00,5427.5
2021-02-08 16:00:00+00:00,5819.75
2021-02-08 17:00:00+00:00,5983.0
2021-02-08 18:00:00+00:00,6394.25
2021-02-08 19:00:00+00:00,6405.75
2021-02-08 20:00:00+00:00,6396.0
2021-02-08 21:00:00+00:00,6405.5
2021-02-08 22:00:00+00:00,6393.0
2021-02-08 23:00:00+00:00,6484.5
2021-02-09 00:00:00+00:00,6698.0
2021-02-09 01:00:00+00:00,6629.75
2021-02-09 02:00:00+00:00,6592.0
2021-02-09 03:00:00+00:00,6510.0
2021-02-09 04:00:00+00:00,6502.75
2021-02-09 05:00:00+00:00,6441.75
2021-02-09 06:00:00+00:00,6597.75
2021-02-09 07:00:00+00:00,6555.0
2021-02-09 08:00:00+00:00,6555.25
2021-02-09 09:00:00+00:00,6553.75
2021-02-09 10:00:00+00:00,5870.75
2021-02-09 11:00:00+00:00,5492.25
2021-02-09 12:00:00+00:00,5060.25
2021-02-09 13:00:00+00:00,4697.5
2021-02-09 14:00:00+00:00,4507.25
2021-02-09 15:00:00+00:00,4379.5
2021-02-09 16:00:00+00:00,4184.75
2021-02-09 17:00:00+00:00,4195.5
2021-02-09 18:00:00+00:00,4445.5
2021-02-09 19:00:00+00:00,4549.5
2021-02-09 20:00:00+00:00,4561.75
2021-02-09 21:00:00+00:00,4536.75
2021-02-09 22:00:00+00:00,4014.75
2021-02-09 23:00:00+00:00,3430.25
2021-02-10 00:00:00+00:00,3048.75
2021-02-10 01:00:00+00:00,3036.0
2021-02-10 02:00:00+00:00,2983.25
2021-02-10 03:00:00+00:00,3336.5
2021-02-10 04:00:00+00:00,3692.5
2021-02-10 05:00:00+00:00,4165.5
2021-02-10 06:00:00+00:00,4798.0
2021-02-10 07:00:00+00:00,4823.5
2021-02-10 08:00:00+00:00,4757.75
2021-02-10 09:00:00+00:00,4465.25
2021-02-10 10:00:00+00:00,4030.75
2021-02-10 11:00:00+00:00,3721.75
2021-02-10 12:00:00+00:00,3758.75
2021-02-10 13:00:00+00:00,3695.5
2021-02-10 14:00:00+00:00,3583.75
2021-02-10 15:00:00+00:00,3764.25
2021-02-10 16:00:00+00:00,3889.25
2021-02-10 17:00:00+00:00,4012.0
2021-02-10 18:00:00+00:00,3925.5
2021-02-10 19:00:00+00:00,3631.25
2021-02-10 20:00:00+00:00,3073.5
2021-02-10 21:00:00+00:00,2430.0
2021-02-10 22:00:00+00:00,1792.25
2021-02-10 23:00:00+00:00,1424.0
2021-02-11 00:00:00+00:00,1165.25
2021-02-11 01:00:00+00:00,983.25
2021-02-11 02:00:00+00:00,903.0
2021-02-11 03:00:00+00:00,1139.0
2021-02-11 04:00:00+00:00,1078.75
2021-02-11 05:00:00+00:00,1339.0
2021-02-11 06:00:00+00:00,1475.0
2021-02-11 07:00:00+00:00,1515.0
2021-02-11 08:00:00+00:00,1716.25
2021-02-11 09:00:00+00:00,1613.25
2021-02-11 10:00:00+00:00,1538.75
2021-02-11 11:00:00+00:00,1387.0
2021-02-11 12:00:00+00:00,1332.0
2021-02-11 13:00:00+00:00,1434.0
2021-02-11 14:00:00+00:00,1677.75
2021-02-11 15:00:00+00:00,1800.5
2021-02-11 16:00:00+00:00,2028.0
2021-02-11 17:00:00+00:00,2524.0
2021-02-11 18:00:00+00:00,2992.25
2021-02-11 19:00:00+00:00,3229.75
2021-02-11 20:00:00+00:00,3274.75
2021-02-11 21:00:00+00:00,3505.25
2021-02-11 22:00:00+00:00,3360.75
2021-02-11 23:00:00+00:00,3185.75
2021-02-12 00:00:00+00:00,3287.5
2021-02-12 01:00:00+00:00,3181.25
2021-02-12 02:00:00+00:00,3349.0
2021-02-12 03:00:00+00:00,3418.0
2021-02-12 04:00:00+00:00,3592.5
2021-02-12 05:00:00+00:00,3401.5
2021-02-12 06:00:00+00:00,3106.75
2021-02-12 07:00:00+00:00,3249.5
2021-02-12 08:00:00+00:00,3572.25
2021-02-12 09:00:00+00:00,3510.5
2021-02-12 10:00:00+00:00,3186.25
2021-02-12 11:00:00+00:00,3064.75
2021-02-12 12:00:00+00:00,3038.25
2021-02-12 13:00:00+00:00,3023.25
2021-02-12 14:00:00+00:00,2818.75
2021-02-12 15:00:00+00:00,2544.75
2021-02-12 16:00:00+00:00,2464.0
2021-02-12 17:00:00+00:00,2572.0
2021-02-12 18:00:00+00:00,2441.25
2021-02-12 19:00:00+00:00,2297.75
2021-02-12 20:00:00+00:00,1931.5
2021-02-12 21:00:00+00:00,1666.0
2021-02-12 22:00:00+00:00,1521.25
2021-02-12 23:00:00+00:00,1062.25
2021-02-13 00:00:00+00:00,828.25
2021-02-13 01:00:00+00:00,591.75
2021-02-13 02:00:00+00:00,376.0
2021-02-13 03:00:00+00:00,200.25
2021-02-13 04:00:00+00:00,199.75
2021-02-13 05:00:00+00:00,249.75
2021-02-13 06:00:00+00:00,299.75
2021-02-13 07:00:00+00:00,323.5
2021-02-13 08:00:00+00:00,424.5
2021-02-13 09:00:00+00:00,398.25
2021-02-13 10:00:00+00:00,394.75
2021-02-13 11:00:00+00:00,371.25
2021-02-13 12:00:00+00:00,307.5
2021-02-13 13:00:00+00:00,311.75
2021-02-13 14:00:00+00:00,440.5
2021-02-13 15:00:00+00:00,694.5
2021-02-13 16:00:00+00:00,1051.25
2021-02-13 17:00:00+00:00,1498.25
2021-02-13 18:00:00+00:00,2114.75
2021-02-13 19:00:00+00:00,2316.5
2021-02-13 20:00:00+00:00,2318.0
2021-02-13 21:00:00+00:00,2441.25
2021-02-13 22:00:00+00:00,2915.75
2021-02-13 23:00:00+00:00,3413.5
2021-02-14 00:00:00+00:00,3429.5
2021-02-14 01:00:00+00:00,3411.0
2021-02-14 02:00:00+00:00,3424.75
2021-02-14 03:00:00+00:00,3296.75
2021-02-14 04:00:00+00:00,3076.75
2021-02-14 05:00:00+00:00,3277.25
2021-02-14 06:00:00+00:00,3485.0
2021-02-14 07:00:00+00:00,3770.0
2021-02-14 08:00:00+00:00,4152.5
2021-02-14 09:00:00+00:00,4482.0
2021-02-14 10:00:00+00:00,4356.0
2021-02-14 11:00:00+00:00,4561.25
2021-02-14 12:00:00+00:00,5041.75
2021-02-14 13:00:00+00:00,5271.0
2021-02-14 14:00:00+00:00,5593.5
2021-02-14 15:00:00+00:00,5998.0
2021-02-14 16:00:00+00:00,6153.5
2021-02-14 17:00:00+00:00,6093.0
2021-02-14 18:00:00+00:00,6170.0
2021-02-14 19:00:00+00:00,6095.0
2021-02-14 20:00:00+00:00,6028.0
2021-02-14 21:00:00+00:00,6023.5
2021-02-14 22:00:00+00:00,6014.75
2021-02-14 23:00:00+00:00,6004.0
2021-02-15 00:00:00+00:00,5981.25
2021-02-15 01:00:00+00:00,6003.5
2021-02-15 02:00:00+00:00,6015.5
2021-02-15 03:00:00+00:00,5748.25
2021-02-15 04:00:00+00:00,5722.5
2021-02-15 05:00:00+00:00,5488.75
2021-02-15 06:00:00+00:00,5288.0
2021-02-15 07:00:00+00:00,5243.75
2021-02-15 08:00:00+00:00,5437.0
2021-02-15 09:00:00+00:00,5644.0
2021-02-15 10:00:00+00:00,5465.25
2021-02-15 11:00:00+00:00,4924.0
2021-02-15 12:00:00+00:00,4932.5
2021-02-15 13:00:00+00:00,4317.25
2021-02-15 14:00:00+00:00,3512.0
2021-02-15 15:00:00+00:00,2641.0
2021-02-15 16:00:00+00:00,2259.75
2021-02-15 17:00:00+00:00,2310.75
2021-02-15 18:00:00+00:00,1685.75
2021-02-15 19:00:00+00:00,1636.75
2021-02-15 20:00:00+00:00,1555.25
2021-02-15 21:00:00+00:00,1312.75
2021-02-15 22:00:00+00:00,1616.5
2021-02-15 23:00:00+00:00,1689.0
2021-02-16 00:00:00+00:00,1577.25
2021-02-16 01:00:00+00:00,1512.25
2021-02-16 02:00:00+00:00,1568.5
2021-02-16 03:00:00+00:00,1894.0
2021-02-16 04:00:00+00:00,1965.75
2021-02-16 05:00:00+00:00,1834.75
2021-02-16 06:00:00+00:00,3423.0
2021-02-16 07:00:00+00:00,3480.0
2021-02-16 08:00:00+00:00,3671.0
2021-02-16 09:00:00+00:00,4713.75
2021-02-16 10:00:00+00:00,4964.0
2021-02-16 11:00:00+00:00,4932.5
2021-02-16 12:00:00+00:00,5147.75
2021-02-16 13:00:00+00:00,5543.25
2021-02-16 14:00:00+00:00,5439.5
2021-02-16 15:00:00+00:00,5611.0
2021-02-16 16:00:00+00:00,5417.75
2021-02-16 17:00:00+00:00,5615.5
2021-02-16 18:00:00+00:00,5384.25
2021-02-16 19:00:00+00:00,4801.25
2021-02-16 20:00:00+00:00,4657.25
2021-02-16 21:00:00+00:00,4273.5
2021-02-16 22:00:00+00:00,4179.25
2021-02-16 23:00:00+00:00,4823.0
2021-02-17 00:00:00+00:00,5709.75
2021-02-17 01:00:00+00:00,5772.0
2021-02-17 02:00:00+00:00,5317.25
2021-02-17 03:00:00+00:00,4883.5
2021-02-17 04:00:00+00:00,4561.75
2021-02-17 05:00:00+00:00,4548.5
2021-02-17 06:00:00+00:00,4221.25
2021-02-17 07:00:00+00:00,3942.0
2021-02-17 08:00:00+00:00,3304.75
2021-02-17 09:00:00+00:00,4164.5
2021-02-17 10:00:00+00:00,4749.25
2021-02-17 11:00:00+00:00,5502.5
2021-02-17 12:00:00+00:00,5710.75
2021-02-17 13:00:00+00:00,5853.5
2021-02-17 14:00:00+00:00,5688.5
2021-02-17 15:00:00+00:00,5939.75
2021-02-17 16:00:00+00:00,6129.0
2021-02-17 17:00:00+00:00,6039.75
2021-02-17 18:00:00+00:00,6045.25
2021-02-17 19:00:00+00:00,5850.0
2021-02-17 20:00:00+00:00,5716.25
2021-02-17 21:00:00+00:00,5641.5
2021-02-17 22:00:00+00:00,5810.0
2021-02-17 23:00:00+00:00,5833.25
2021-02-18 00:00:00+00:00,6017.5
2021-02-18 01:00:00+00:00,6082.5
2021-02-18 02:00:00+00:00,6136.25
2021-02-18 03:00:00+00:00,6045.75
2021-02-18 04:00:00+00:00,6063.5
2021-02-18 05:00:00+00:00,6170.25
2021-02-18 06:00:00+00:00,6062.25
2021-02-18 07:00:00+00:00,5882.0
2021-02-18 08:00:00+00:00,6073.5
2021-02-18 09:00:00+00:00,6348.25
2021-02-18 10:00:00+00:00,6448.0
2021-02-18 11:00:00+00:00,6435.0
2021-02-18 12:00:00+00:00,6515.5
2021-02-18 13:00:00+00:00,6335.25
2021-02-18 14:00:00+00:00,6436.0
2021-02-18 15:00:00+00:00,6463.5
2021-02-18 16:00:00+00:00,6184.25
2021-02-18 17:00:00+00:00,5838.25
2021-02-18 18:00:00+00:00,5517.0
2021-02-18 19:00:00+00:00,5406.75
2021-02-18 20:00:00+00:00,4225.0
2021-02-18 21:00:00+00:00,4698.25
2021-02-18 22:00:00+00:00,5226.5
2021-02-18 23:00:00+00:00,6049.75
2021-02-19 00:00:00+00:00,6274.0
2021-02-19 01:00:00+00:00,6008.25
2021-02-19 02:00:00+00:00,5975.75
2021-02-19 03:00:00+00:00,5917.25
2021-02-19 04:00:00+00:00,5823.5
2021-02-19 05:00:00+00:00,5428.0
2021-02-19 06:00:00+00:00,5289.25
2021-02-19 07:00:00+00:00,5501.75
2021-02-19 08:00:00+00:00,5835.25
2021-02-19 09:00:00+00:00,5337.0
2021-02-19 10:00:00+00:00,4745.5
2021-02-19 11:00:00+00:00,5234.25
2021-02-19 12:00:00+00:00,5381.25
2021-02-19 13:00:00+00:00,5546.0
2021-02-19 14:00:00+00:00,5975.25
2021-02-19 15:00:00+00:00,5936.0
2021-02-19 16:00:00+00:00,5704.5
2021-02-19 17:00:00+00:00,5975.5
2021-02-19 18:00:00+00:00,5940.75
2021-02-19 19:00:00+00:00,5781.5
2021-02-19 20:00:00+00:00,5687.25
2021-02-19 21:00:00+00:00,5927.5
2021-02-19 22:00:00+00:00,6067.5
2021-02-19 23:00:00+00:00,6017.75
2021-02-20 00:00:00+00:00,5740.5
2021-02-20 01:00:00+00:00,5800.5
2021-02-20 02:00:00+00:00,5925.5
2021-02-20 03:00:00+00:00,6062.75
2021-02-20 04:00:00+00:00,6087.5
2021-02-20 05:00:00+00:00,6034.5
2021-02-20 06:00:00+00:00,6128.25
2021-02-20 07:00:00+00:00,6162.5
2021-02-20 08:00:00+00:00,6139.75
2021-02-20 09:00:00+00:00,5935.25
2021-02-20 10:00:00+00:00,5590.0
2021-02-20 11:00:00+00:00,5433.0
2021-02-20 12:00:00+00:00,5422.5
2021-02-20 13:00:00+00:00,5535.0
2021-02-20 14:00:00+00:00,5655.25
2021-02-20 15:00:00+00:00,5344.25
2021-02-20 16:00:00+00:00,5470.0
2021-02-20 17:00:00+00:00,5590.25
2021-02-20 18:00:00+00:00,5681.25
2021-02-20 19:00:00+00:00,5540.0
2021-02-20 20:00:00+00:00,5587.25
2021-02-20 21:00:00+00:00,6000.75
2021-02-20 22:00:00+00:00,6342.75
2021-02-20 23:00:00+00:00,6268.75
2021-02-21 00:00:00+00:00,6171.0
2021-02-21 01:00:00+00:00,6169.25
2021-02-21 02:00:00+00:00,6206.25
2021-02-21 03:00:00+00:00,6136.0
2021-02-21 04:00:00+00:00,6158.0
2021-02-21 05:00:00+00:00,5977.75
2021-02-21 06:00:00+00:00,5579.5
2021-02-21 07:00:00+00:00,5011.0
2021-02-21 08:00:00+00:00,4416.0
2021-02-21 09:00:00+00:00,3686.5
2021-02-21 10:00:00+00:00,3399.75
2021-02-21 11:00:00+00:00,3159.25
2021-02-21 12:00:00+00:00,2373.5
2021-02-21 13:00:00+00:00,1707.5
2021-02-21 14:00:00+00:00,1324.0
2021-02-21 15:00:00+00:00,934.5
2021-02-21 16:00:00+00:00,713.5
2021-02-21 17:00:00+00:00,654.0
2021-02-21 18:00:00+00:00,684.0
2021-02-21 19:00:00+00:00,644.0
2021-02-21 20:00:00+00:00,896.75
2021-02-21 21:00:00+00:00,1292.5
2021-02-21 22:00:00+00:00,1545.0
2021-02-21 23:00:00+00:00,1438.5
2021-02-22 00:00:00+00:00,1514.0
2021-02-22 01:00:00+00:00,1888.5
2021-02-22 02:00:00+00:00,2101.75
2021-02-22 03:00:00+00:00,2259.5
2021-02-22 04:00:00+00:00,2586.75
2021-02-22 05:00:00+00:00,2780.5
2021-02-22 06:00:00+00:00,2622.0
2021-02-22 07:00:00+00:00,2716.5
2021-02-22 08:00:00+00:00,3159.0
2021-02-22 09:00:00+00:00,4384.75
2021-02-22 10:00:00+00:00,4619.5
2021-02-22 11:00:00+00:00,4620.5
2021-02-22 12:00:00+00:00,4461.75
2021-02-22 13:00:00+00:00,4727.75
2021-02-22 14:00:00+00:00,5056.5
2021-02-22 15:00:00+00:00,5246.0
2021-02-22 16:00:00+00:00,5093.75
2021-02-22 17:00:00+00:00,5254.25
2021-02-22 18:00:00+00:00,5811.25
2021-02-22 19:00:00+00:00,5662.0
2021-02-22 20:00:00+00:00,5495.75
2021-02-22 21:00:00+00:00,5487.75
2021-02-22 22:00:00+00:00,5218.75
2021-02-22 23:00:00+00:00,3996.5
2021-02-23 00:00:00+00:00,3125.5
2021-02-23 01:00:00+00:00,2253.5
2021-02-23 02:00:00+00:00,1879.5
2021-02-23 03:00:00+00:00,1748.5
2021-02-23 04:00:00+00:00,2110.0
2021-02-23 05:00:00+00:00,2787.25
2021-02-23 06:00:00+00:00,3637.25
2021-02-23 07:00:00+00:00,4465.0
2021-02-23 08:00:00+00:00,5043.0
2021-02-23 09:00:00+00:00,5238.0
2021-02-23 10:00:00+00:00,5025.5
2021-02-23 11:00:00+00:00,4623.0
2021-02-23 12:00:00+00:00,4530.0
2021-02-23 13:00:00+00:00,4586.0
2021-02-23 14:00:00+00:00,4864.5
2021-02-23 15:00:00+00:00,4792.75
2021-02-23 16:00:00+00:00,5038.25
2021-02-23 17:00:00+00:00,5390.0
2021-02-23 18:00:00+00:00,5528.5
2021-02-23 19:00:00+00:00,5482.25
2021-02-23 20:00:00+00:00,5296.25
2021-02-23 21:00:00+00:00,5204.25
2021-02-23 22:00:00+00:00,5336.5
2021-02-23 23:00:00+00:00,5455.5
2021-02-24 00:00:00+00:00,5729.5
2021-02-24 01:00:00+00:00,6131.75
2021-02-24 02:00:00+00:00,6311.0
2021-02-24 03:00:00+00:00,6416.5
2021-02-24 04:00:00+00:00,6297.25
2021-02-24 05:00:00+00:00,6146.0
2021-02-24 06:00:00+00:00,5871.75
2021-02-24 07:00:00+00:00,5694.25
2021-02-24 08:00:00+00:00,6023.5
2021-02-24 09:00:00+00:00,6205.25
2021-02-24 10:00:00+00:00,6252.75
2021-02-24 11:00:00+00:00,6294.5
2021-02-24 12:00:00+00:00,6261.5
2021-02-24 13:00:00+00:00,6157.5
2021-02-24 14:00:00+00:00,6214.0
2021-02-24 15:00:00+00:00,6636.0
2021-02-24 16:00:00+00:00,6726.25
2021-02-24 17:00:00+00:00,6587.25
2021-02-24 18:00:00+00:00,6302.0
2021-02-24 19:00:00+00:00,6307.5
2021-02-24 20:00:00+00:00,6438.25
2021-02-24 21:00:00+00:00,6481.75
2021-02-24 22:00:00+00:00,6507.25
2021-02-24 23:00:00+00:00,6469.5
2021-02-25 00:00:00+00:00,6312.75
2021-02-25 01:00:00+00:00,6171.25
2021-02-25 02:00:00+00:00,6026.25
2021-02-25 03:00:00+00:00,5871.0
2021-02-25 04:00:00+00:00,5865.0
2021-02-25 05:00:00+00:00,5912.25
2021-02-25 06:00:00+00:00,5754.25
2021-02-25 07:00:00+00:00,5630.75
2021-02-25 08:00:00+00:00,5659.0
2021-02-25 09:00:00+00:00,5949.25
2021-02-25 10:00:00+00:00,5515.0
2021-02-25 11:00:00+00:00,4541.0
2021-02-25 12:00:00+00:00,3920.25
2021-02-25 13:00:00+00:00,3126.0
2021-02-25 14:00:00+00:00,3073.0
2021-02-25 15:00:00+00:00,2997.0
2021-02-25 16:00:00+00:00,2966.5
2021-02-25 17:00:00+00:00,3170.5
2021-02-25 18:00:00+00:00,3694.75
2021-02-25 19:00:00+00:00,4090.5
2021-02-25 20:00:00+00:00,3878.5
2021-02-25 21:00:00+00:00,3955.25
2021-02-25 22:00:00+00:00,3822.5
2021-02-25 23:00:00+00:00,3670.75
2021-02-26 00:00:00+00:00,3399.75
2021-02-26 01:00:00+00:00,3149.75
2021-02-26 02:00:00+00:00,3210.75
2021-02-26 03:00:00+00:00,3480.5
2021-02-26 04:00:00+00:00,3652.0
2021-02-26 05:00:00+00:00,3586.75
2021-02-26 06:00:00+00:00,3325.5
2021-02-26 07:00:00+00:00,3551.25
2021-02-26 08:00:00+00:00,3618.25
2021-02-26 09:00:00+00:00,3244.75
2021-02-26 10:00:00+00:00,3386.75
2021-02-26 11:00:00+00:00,3294.5
2021-02-26 12:00:00+00:00,3074.25
2021-02-26 13:00:00+00:00,2632.25
2021-02-26 14:00:00+00:00,2546.75
2021-02-26 15:00:00+00:00,2831.25
2021-02-26 16:00:00+00:00,2885.75
2021-02-26 17:00:00+00:00,3281.75
2021-02-26 18:00:00+00:00,3582.25
2021-02-26 19:00:00+00:00,3718.5
2021-02-26 20:00:00+00:00,3682.75
2021-02-26 21:00:00+00:00,3427.75
2021-02-26 22:00:00+00:00,3232.5
2021-02-26 23:00:00+00:00,3211.0
2021-02-27 00:00:00+00:00,3115.75
2021-02-27 01:00:00+00:00,2471.0
2021-02-27 02:00:00+00:00,1717.75
2021-02-27 03:00:00+00:00,1385.5
2021-02-27 04:00:00+00:00,1177.75
2021-02-27 05:00:00+00:00,925.5
2021-02-27 06:00:00+00:00,901.75
2021-02-27 07:00:00+00:00,940.75
2021-02-27 08:00:00+00:00,964.0
2021-02-27 09:00:00+00:00,708.5
2021-02-27 10:00:00+00:00,425.5
2021-02-27 11:00:00+00:00,569.75
2021-02-27 12:00:00+00:00,761.25
2021-02-27 13:00:00+00:00,904.0
2021-02-27 14:00:00+00:00,901.0
2021-02-27 15:00:00+00:00,1101.5
2021-02-27 16:00:00+00:00,1165.0
2021-02-27 17:00:00+00:00,1300.75
2021-02-27 18:00:00+00:00,1118.5
2021-02-27 19:00:00+00:00,932.75
2021-02-27 20:00:00+00:00,1112.0
2021-02-27 21:00:00+00:00,1233.0
2021-02-27 22:00:00+00:00,1224.0
2021-02-27 23:00:00+00:00,1190.0
2021-02-28 00:00:00+00:00,987.0
2021-02-28 01:00:00+00:00,645.5
2021-02-28 02:00:00+00:00,619.25
2021-02-28 03:00:00+00:00,614.25
2021-02-28 04:00:00+00:00,636.5
2021-02-28 05:00:00+00:00,686.75
2021-02-28 06:00:00+00:00,778.75
2021-02-28 07:00:00+00:00,864.25
2021-02-28 08:00:00+00:00,795.75
2021-02-28 09:00:00+00:00,728.75
2021-02-28 10:00:00+00:00,650.5
2021-02-28 11:00:00+00:00,657.25
2021-02-28 12:00:00+00:00,578.0
2021-02-28 13:00:00+00:00,548.0
2021-02-28 14:00:00+00:00,506.0
2021-02-28 15:00:00+00:00,513.0
2021-02-28 16:00:00+00:00,482.25
2021-02-28 17:00:00+00:00,463.25
2021-02-28 18:00:00+00:00,485.5
2021-02-28 19:00:00+00:00,431.75
2021-02-28 20:00:00+00:00,299.75
2021-02-28 21:00:00+00:00,368.5
2021-02-28 22:00:00+00:00,345.0
2021-02-28 23:00:00+00:00,345.75
2021-03-01 00:00:00+00:00,346.25
2021-03-01 01:00:00+00:00,264.5
2021-03-01 02:00:00+00:00,262.25
2021-03-01 03:00:00+00:00,298.25
2021-03-01 04:00:00+00:00,197.0
2021-03-01 05:00:00+00:00,165.0
2021-03-01 06:00:00+00:00,208.5
2021-03-01 07:00:00+00:00,236.75
2021-03-01 08:00:00+00:00,287.5
2021-03-01 09:00:00+00:00,448.25
2021-03-01 10:00:00+00:00,394.0
2021-03-01 11:00:00+00:00,358.0
2021-03-01 12:00:00+00:00,401.75
2021-03-01 13:00:00+00:00,374.0
2021-03-01 14:00:00+00:00,322.25
2021-03-01 15:00:00+00:00,353.25
2021-03-01 16:00:00+00:00,389.5
2021-03-01 17:00:00+00:00,397.25
2021-03-01 18:00:00+00:00,397.0
2021-03-01 19:00:00+00:00,453.0
2021-03-01 20:00:00+00:00,533.75
2021-03-01 21:00:00+00:00,725.25
2021-03-01 22:00:00+00:00,887.75
2021-03-01 23:00:00+00:00,940.0
2021-03-02 00:00:00+00:00,861.25
2021-03-02 01:00:00+00:00,798.25
2021-03-02 02:00:00+00:00,895.5
2021-03-02 03:00:00+00:00,989.0
2021-03-02 04:00:00+00:00,1088.5
2021-03-02 05:00:00+00:00,1067.5
2021-03-02 06:00:00+00:00,1002.75
2021-03-02 07:00:00+00:00,1030.75
2021-03-02 08:00:00+00:00,1062.75
2021-03-02 09:00:00+00:00,1005.75
2021-03-02 10:00:00+00:00,852.0
2021-03-02 11:00:00+00:00,867.25
2021-03-02 12:00:00+00:00,904.0
2021-03-02 13:00:00+00:00,946.75
2021-03-02 14:00:00+00:00,988.75
2021-03-02 15:00:00+00:00,1018.25
2021-03-02 16:00:00+00:00,1075.5
2021-03-02 17:00:00+00:00,1165.75
2021-03-02 18:00:00+00:00,1241.0
2021-03-02 19:00:00+00:00,1240.0
2021-03-02 20:00:00+00:00,1119.5
2021-03-02 21:00:00+00:00,796.75
2021-03-02 22:00:00+00:00,585.25
2021-03-02 23:00:00+00:00,422.25
2021-03-03 00:00:00+00:00,319.25
2021-03-03 01:00:00+00:00,201.75
2021-03-03 02:00:00+00:00,120.75
2021-03-03 03:00:00+00:00,72.25
2021-03-03 04:00:00+00:00,43.5
2021-03-03 05:00:00+00:00,18.75
2021-03-03 06:00:00+00:00,3.0
2021-03-03 07:00:00+00:00,5.25
2021-03-03 08:00:00+00:00,48.75
2021-03-03 09:00:00+00:00,131.75
2021-03-03 10:00:00+00:00,274.0
2021-03-03 11:00:00+00:00,534.25
2021-03-03 12:00:00+00:00,715.0
2021-03-03 13:00:00+00:00,820.75
2021-03-03 14:00:00+00:00,844.25
2021-03-03 15:00:00+00:00,1020.75
2021-03-03 16:00:00+00:00,1117.25
2021-03-03 17:00:00+00:00,1088.25
2021-03-03 18:00:00+00:00,904.5
2021-03-03 19:00:00+00:00,875.0
2021-03-03 20:00:00+00:00,909.0
2021-03-03 21:00:00+00:00,1154.25
2021-03-03 22:00:00+00:00,1707.5
2021-03-03 23:00:00+00:00,1856.75
2021-03-04 00:00:00+00:00,2183.0
2021-03-04 01:00:00+00:00,2071.75
2021-03-04 02:00:00+00:00,2180.75
2021-03-04 03:00:00+00:00,2387.75
2021-03-04 04:00:00+00:00,2293.5
2021-03-04 05:00:00+00:00,2242.0
2021-03-04 06:00:00+00:00,2542.25
2021-03-04 07:00:00+00:00,3078.25
2021-03-04 08:00:00+00:00,3196.75
2021-03-04 09:00:00+00:00,3053.0
2021-03-04 10:00:00+00:00,2520.75
2021-03-04 11:00:00+00:00,2339.25
2021-03-04 12:00:00+00:00,1991.25
2021-03-04 13:00:00+00:00,1908.25
2021-03-04 14:00:00+00:00,2303.75
2021-03-04 15:00:00+00:00,2699.25
2021-03-04 16:00:00+00:00,2858.0
2021-03-04 17:00:00+00:00,2837.0
2021-03-04 18:00:00+00:00,3725.25
2021-03-04 19:00:00+00:00,4568.5
2021-03-04 20:00:00+00:00,5162.75
2021-03-04 21:00:00+00:00,4641.5
2021-03-04 22:00:00+00:00,4350.5
2021-03-04 23:00:00+00:00,3562.5
2021-03-05 00:00:00+00:00,2752.25
2021-03-05 01:00:00+00:00,2089.5
2021-03-05 02:00:00+00:00,1113.5
2021-03-05 03:00:00+00:00,697.0
2021-03-05 04:00:00+00:00,587.25
2021-03-05 05:00:00+00:00,473.5
2021-03-05 06:00:00+00:00,536.0
2021-03-05 07:00:00+00:00,986.75
2021-03-05 08:00:00+00:00,1305.5
2021-03-05 09:00:00+00:00,1564.25
2021-03-05 10:00:00+00:00,1170.25
2021-03-05 11:00:00+00:00,1165.0
2021-03-05 12:00:00+00:00,1235.75
2021-03-05 13:00:00+00:00,1236.5
2021-03-05 14:00:00+00:00,1488.0
2021-03-05 15:00:00+00:00,1723.75
2021-03-05 16:00:00+00:00,1465.75
2021-03-05 17:00:00+00:00,1686.25
2021-03-05 18:00:00+00:00,1728.5
2021-03-05 19:00:00+00:00,1674.75
2021-03-05 20:00:00+00:00,1381.0
2021-03-05 21:00:00+00:00,1145.5
2021-03-05 22:00:00+00:00,1586.5
2021-03-05 23:00:00+00:00,1843.75
2021-03-06 00:00:00+00:00,2275.5
2021-03-06 01:00:00+00:00,2530.75
2021-03-06 02:00:00+00:00,2383.5
2021-03-06 03:00:00+00:00,2356.0
2021-03-06 04:00:00+00:00,2158.5
2021-03-06 05:00:00+00:00,2084.75
2021-03-06 06:00:00+00:00,2202.75
2021-03-06 07:00:00+00:00,2269.75
2021-03-06 08:00:00+00:00,2128.5
2021-03-06 09:00:00+00:00,2043.75
2021-03-06 10:00:00+00:00,2141.75
2021-03-06 11:00:00+00:00,2548.75
2021-03-06 12:00:00+00:00,3051.25
2021-03-06 13:00:00+00:00,3452.5
2021-03-06 14:00:00+00:00,3618.5
2021-03-06 15:00:00+00:00,3702.25
2021-03-06 16:00:00+00:00,3569.0
2021-03-06 17:00:00+00:00,3827.5
2021-03-06 18:00:00+00:00,4132.0
2021-03-06 19:00:00+00:00,4345.5
2021-03-06 20:00:00+00:00,4249.25
2021-03-06 21:00:00+00:00,4534.0
2021-03-06 22:00:00+00:00,4504.5
2021-03-06 23:00:00+00:00,4973.75
2021-03-07 00:00:00+00:00,4975.75
2021-03-07 01:00:00+00:00,4570.0
2021-03-07 02:00:00+00:00,4430.75
2021-03-07 03:00:00+00:00,4305.75
2021-03-07 04:00:00+00:00,4637.25
2021-03-07 05:00:00+00:00,4223.5
2021-03-07 06:00:00+00:00,4278.0
2021-03-07 07:00:00+00:00,4659.75
2021-03-07 08:00:00+00:00,5097.0
2021-03-07 09:00:00+00:00,5212.5
2021-03-07 10:00:00+00:00,4958.5
2021-03-07 11:00:00+00:00,4754.5
2021-03-07 12:00:00+00:00,4661.25
2021-03-07 13:00:00+00:00,3900.25
2021-03-07 14:00:00+00:00,3642.25
2021-03-07 15:00:00+00:00,3442.25
2021-03-07 16:00:00+00:00,3573.75
2021-03-07 17:00:00+00:00,2963.5
2021-03-07 18:00:00+00:00,2224.25
2021-03-07 19:00:00+00:00,1495.25
2021-03-07 20:00:00+00:00,1406.75
2021-03-07 21:00:00+00:00,1093.25
2021-03-07 22:00:00+00:00,992.25
2021-03-07 23:00:00+00:00,786.25
2021-03-08 00:00:00+00:00,518.25
2021-03-08 01:00:00+00:00,339.5
2021-03-08 02:00:00+00:00,342.0
2021-03-08 03:00:00+00:00,228.0
2021-03-08 04:00:00+00:00,285.25
2021-03-08 05:00:00+00:00,377.0
2021-03-08 06:00:00+00:00,471.75
2021-03-08 07:00:00+00:00,554.75
2021-03-08 08:00:00+00:00,601.25
2021-03-08 09:00:00+00:00,532.5
2021-03-08 10:00:00+00:00,492.5
2021-03-08 11:00:00+00:00,449.25
2021-03-08 12:00:00+00:00,455.5
2021-03-08 13:00:00+00:00,410.5
2021-03-08 14:00:00+00:00,438.75
2021-03-08 15:00:00+00:00,753.25
2021-03-08 16:00:00+00:00,1023.75
2021-03-08 17:00:00+00:00,1373.0
2021-03-08 18:00:00+00:00,1947.25
2021-03-08 19:00:00+00:00,2194.5
2021-03-08 20:00:00+00:00,2105.5
2021-03-08 21:00:00+00:00,2064.0
2021-03-08 22:00:00+00:00,2121.75
2021-03-08 23:00:00+00:00,2279.5
2021-03-09 00:00:00+00:00,2517.25
2021-03-09 01:00:00+00:00,2603.5
2021-03-09 02:00:00+00:00,2114.25
2021-03-09 03:00:00+00:00,1564.75
2021-03-09 04:00:00+00:00,1146.0
2021-03-09 05:00:00+00:00,1056.75
2021-03-09 06:00:00+00:00,955.0
2021-03-09 07:00:00+00:00,883.75
2021-03-09 08:00:00+00:00,905.0
2021-03-09 09:00:00+00:00,823.0
2021-03-09 10:00:00+00:00,760.25
2021-03-09 11:00:00+00:00,767.75
2021-03-09 12:00:00+00:00,646.0
2021-03-09 13:00:00+00:00,442.5
2021-03-09 14:00:00+00:00,259.25
2021-03-09 15:00:00+00:00,114.25
2021-03-09 16:00:00+00:00,46.0
2021-03-09 17:00:00+00:00,35.25
2021-03-09 18:00:00+00:00,82.0
2021-03-09 19:00:00+00:00,216.25
2021-03-09 20:00:00+00:00,267.5
2021-03-09 21:00:00+00:00,192.5
2021-03-09 22:00:00+00:00,260.75
2021-03-09 23:00:00+00:00,528.75
2021-03-10 00:00:00+00:00,700.0
2021-03-10 01:00:00+00:00,791.0
2021-03-10 02:00:00+00:00,1162.75
2021-03-10 03:00:00+00:00,1662.5
2021-03-10 04:00:00+00:00,2371.5
2021-03-10 05:00:00+00:00,2917.5
2021-03-10 06:00:00+00:00,3684.75
2021-03-10 07:00:00+00:00,4051.75
2021-03-10 08:00:00+00:00,4851.5
2021-03-10 09:00:00+00:00,5191.0
2021-03-10 10:00:00+00:00,5361.5
2021-03-10 11:00:00+00:00,5645.0
2021-03-10 12:00:00+00:00,5672.75
2021-03-10 13:00:00+00:00,5833.25
2021-03-10 14:00:00+00:00,5899.25
2021-03-10 15:00:00+00:00,5981.5
2021-03-10 16:00:00+00:00,6085.0
2021-03-10 17:00:00+00:00,5863.5
2021-03-10 18:00:00+00:00,5952.0
2021-03-10 19:00:00+00:00,5897.5
2021-03-10 20:00:00+00:00,5666.25
2021-03-10 21:00:00+00:00,5409.0
2021-03-10 22:00:00+00:00,4880.5
2021-03-10 23:00:00+00:00,4884.0
2021-03-11 00:00:00+00:00,5362.25
2021-03-11 01:00:00+00:00,5619.75
2021-03-11 02:00:00+00:00,6035.25
2021-03-11 03:00:00+00:00,6076.75
2021-03-11 04:00:00+00:00,6016.75
2021-03-11 05:00:00+00:00,5754.75
2021-03-11 06:00:00+00:00,4573.75
2021-03-11 07:00:00+00:00,4112.0
2021-03-11 08:00:00+00:00,4054.75
2021-03-11 09:00:00+00:00,4210.5
2021-03-11 10:00:00+00:00,4536.0
2021-03-11 11:00:00+00:00,4887.0
2021-03-11 12:00:00+00:00,5244.0
2021-03-11 13:00:00+00:00,4845.5
2021-03-11 14:00:00+00:00,5231.5
2021-03-11 15:00:00+00:00,5393.5
2021-03-11 16:00:00+00:00,5443.5
2021-03-11 17:00:00+00:00,5236.75
2021-03-11 18:00:00+00:00,5110.25
2021-03-11 19:00:00+00:00,4991.75
2021-03-11 20:00:00+00:00,5232.25
2021-03-11 21:00:00+00:00,5750.25
2021-03-11 22:00:00+00:00,5987.5
2021-03-11 23:00:00+00:00,6056.25
2021-03-12 00:00:00+00:00,6106.75
2021-03-12 01:00:00+00:00,6113.25
2021-03-12 02:00:00+00:00,6114.5
2021-03-12 03:00:00+00:00,6108.0
2021-03-12 04:00:00+00:00,6022.25
2021-03-12 05:00:00+00:00,5761.25
2021-03-12 06:00:00+00:00,5764.75
2021-03-12 07:00:00+00:00,5762.25
2021-03-12 08:00:00+00:00,5756.25
2021-03-12 09:00:00+00:00,5757.5
2021-03-12 10:00:00+00:00,5746.0
2021-03-12 11:00:00+00:00,5794.25
2021-03-12 12:00:00+00:00,5798.0
2021-03-12 13:00:00+00:00,5735.5
2021-03-12 14:00:00+00:00,5521.25
2021-03-12 15:00:00+00:00,4821.75
2021-03-12 16:00:00+00:00,4918.0
2021-03-12 17:00:00+00:00,5418.25
2021-03-12 18:00:00+00:00,5317.5
2021-03-12 19:00:00+00:00,4824.5
2021-03-12 20:00:00+00:00,5329.75
2021-03-12 21:00:00+00:00,5704.0
2021-03-12 22:00:00+00:00,5769.0
2021-03-12 23:00:00+00:00,5751.5
2021-03-13 00:00:00+00:00,5851.75
2021-03-13 01:00:00+00:00,6100.5
2021-03-13 02:00:00+00:00,6166.25
2021-03-13 03:00:00+00:00,6130.25
2021-03-13 04:00:00+00:00,6125.75
2021-03-13 05:00:00+00:00,6179.25
2021-03-13 06:00:00+00:00,6077.5
2021-03-13 07:00:00+00:00,5967.5
2021-03-13 08:00:00+00:00,6087.0
2021-03-13 09:00:00+00:00,5881.75
2021-03-13 10:00:00+00:00,6093.0
2021-03-13 11:00:00+00:00,6241.5
2021-03-13 12:00:00+00:00,6313.5
2021-03-13 13:00:00+00:00,6268.0
2021-03-13 14:00:00+00:00,6040.0
2021-03-13 15:00:00+00:00,5455.0
2021-03-13 16:00:00+00:00,5233.25
2021-03-13 17:00:00+00:00,4966.0
2021-03-13 18:00:00+00:00,5572.25
2021-03-13 19:00:00+00:00,5814.5
2021-03-13 20:00:00+00:00,5809.75
2021-03-13 21:00:00+00:00,5875.75
2021-03-13 22:00:00+00:00,5129.5
2021-03-13 23:00:00+00:00,5400.5
2021-03-14 00:00:00+00:00,5199.0
2021-03-14 01:00:00+00:00,5420.0
2021-03-14 02:00:00+00:00,5114.5
2021-03-14 03:00:00+00:00,4705.25
2021-03-14 04:00:00+00:00,4283.25
2021-03-14 05:00:00+00:00,4330.5
2021-03-14 06:00:00+00:00,5275.5
2021-03-14 07:00:00+00:00,5212.25
2021-03-14 08:00:00+00:00,5057.75
2021-03-14 09:00:00+00:00,5006.25
2021-03-14 10:00:00+00:00,5029.0
2021-03-14 11:00:00+00:00,5148.75
2021-03-14 12:00:00+00:00,5338.75
2021-03-14 13:00:00+00:00,5461.75
2021-03-14 14:00:00+00:00,5433.5
2021-03-14 15:00:00+00:00,5680.75
2021-03-14 16:00:00+00:00,5846.75
2021-03-14 17:00:00+00:00,5376.5
2021-03-14 18:00:00+00:00,5423.0
2021-03-14 19:00:00+00:00,6031.5
2021-03-14 20:00:00+00:00,5850.75
2021-03-14 21:00:00+00:00,5701.75
2021-03-14 22:00:00+00:00,5618.5
2021-03-14 23:00:00+00:00,5395.5
2021-03-15 00:00:00+00:00,5632.0
2021-03-15 01:00:00+00:00,5976.75
2021-03-15 02:00:00+00:00,6360.25
2021-03-15 03:00:00+00:00,6576.25
2021-03-15 04:00:00+00:00,6500.5
2021-03-15 05:00:00+00:00,6112.0
2021-03-15 06:00:00+00:00,5994.0
2021-03-15 07:00:00+00:00,6002.5
2021-03-15 08:00:00+00:00,5766.25
2021-03-15 09:00:00+00:00,5270.5
2021-03-15 10:00:00+00:00,5082.25
2021-03-15 11:00:00+00:00,4987.0
2021-03-15 12:00:00+00:00,4785.25
2021-03-15 13:00:00+00:00,4588.0
2021-03-15 14:00:00+00:00,4238.0
2021-03-15 15:00:00+00:00,4092.25
2021-03-15 16:00:00+00:00,3954.0
2021-03-15 17:00:00+00:00,4133.5
2021-03-15 18:00:00+00:00,4272.25
2021-03-15 19:00:00+00:00,4410.5
2021-03-15 20:00:00+00:00,4499.5
2021-03-15 21:00:00+00:00,4631.0
2021-03-15 22:00:00+00:00,4635.0
2021-03-15 23:00:00+00:00,4750.5
2021-03-16 00:00:00+00:00,5029.0
2021-03-16 01:00:00+00:00,4770.25
2021-03-16 02:00:00+00:00,4922.75
2021-03-16 03:00:00+00:00,4738.25
2021-03-16 04:00:00+00:00,4596.25
2021-03-16 05:00:00+00:00,4687.25
2021-03-16 06:00:00+00:00,4221.0
2021-03-16 07:00:00+00:00,3325.25
2021-03-16 08:00:00+00:00,2357.0
2021-03-16 09:00:00+00:00,1789.75
2021-03-16 10:00:00+00:00,1616.0
2021-03-16 11:00:00+00:00,1557.75
2021-03-16 12:00:00+00:00,1517.5
2021-03-16 13:00:00+00:00,1330.75
2021-03-16 14:00:00+00:00,1281.75
2021-03-16 15:00:00+00:00,1155.5
2021-03-16 16:00:00+00:00,972.25
2021-03-16 17:00:00+00:00,1126.25
2021-03-16 18:00:00+00:00,1405.25
2021-03-16 19:00:00+00:00,1602.25
2021-03-16 20:00:00+00:00,2070.25
2021-03-16 21:00:00+00:00,2511.25
2021-03-16 22:00:00+00:00,2747.5
2021-03-16 23:00:00+00:00,3208.75
2021-03-17 00:00:00+00:00,3518.5
2021-03-17 01:00:00+00:00,3794.0
2021-03-17 02:00:00+00:00,3993.75
2021-03-17 03:00:00+00:00,4078.5
2021-03-17 04:00:00+00:00,4474.25
2021-03-17 05:00:00+00:00,4434.5
2021-03-17 06:00:00+00:00,4197.75
2021-03-17 07:00:00+00:00,3698.0
2021-03-17 08:00:00+00:00,2773.5
2021-03-17 09:00:00+00:00,2005.5
2021-03-17 10:00:00+00:00,1774.25
2021-03-17 11:00:00+00:00,1310.5
2021-03-17 12:00:00+00:00,1294.75
2021-03-17 13:00:00+00:00,1669.0
2021-03-17 14:00:00+00:00,1800.25
2021-03-17 15:00:00+00:00,1104.75
2021-03-17 16:00:00+00:00,645.25
2021-03-17 17:00:00+00:00,621.5
2021-03-17 18:00:00+00:00,554.5
2021-03-17 19:00:00+00:00,504.0
2021-03-17 20:00:00+00:00,435.5
2021-03-17 21:00:00+00:00,349.5
2021-03-17 22:00:00+00:00,301.25
2021-03-17 23:00:00+00:00,468.5
2021-03-18 00:00:00+00:00,457.25
2021-03-18 01:00:00+00:00,237.25
2021-03-18 02:00:00+00:00,291.0
2021-03-18 03:00:00+00:00,412.0
2021-03-18 04:00:00+00:00,297.75
2021-03-18 05:00:00+00:00,266.25
2021-03-18 06:00:00+00:00,237.5
2021-03-18 07:00:00+00:00,262.25
2021-03-18 08:00:00+00:00,259.75
2021-03-18 09:00:00+00:00,303.5
2021-03-18 10:00:00+00:00,476.5
2021-03-18 11:00:00+00:00,525.5
2021-03-18 12:00:00+00:00,397.75
2021-03-18 13:00:00+00:00,447.75
2021-03-18 14:00:00+00:00,658.5
2021-03-18 15:00:00+00:00,851.0
2021-03-18 16:00:00+00:00,1418.0
2021-03-18 17:00:00+00:00,1801.5
2021-03-18 18:00:00+00:00,1936.75
2021-03-18 19:00:00+00:00,2478.0
2021-03-18 20:00:00+00:00,2485.25
2021-03-18 21:00:00+00:00,2032.5
2021-03-18 22:00:00+00:00,1754.0
2021-03-18 23:00:00+00:00,1472.25
2021-03-19 00:00:00+00:00,1238.0
2021-03-19 01:00:00+00:00,1210.25
2021-03-19 02:00:00+00:00,1319.0
2021-03-19 03:00:00+00:00,1582.0
2021-03-19 04:00:00+00:00,1620.0
2021-03-19 05:00:00+00:00,1538.75
2021-03-19 06:00:00+00:00,1692.25
2021-03-19 07:00:00+00:00,1800.0
2021-03-19 08:00:00+00:00,1840.5
2021-03-19 09:00:00+00:00,2182.75
2021-03-19 10:00:00+00:00,2221.25
2021-03-19 11:00:00+00:00,2546.25
2021-03-19 12:00:00+00:00,3193.0
2021-03-19 13:00:00+00:00,2939.75
2021-03-19 14:00:00+00:00,1896.75
2021-03-19 15:00:00+00:00,1425.0
2021-03-19 16:00:00+00:00,1108.75
2021-03-19 17:00:00+00:00,802.0
2021-03-19 18:00:00+00:00,640.25
2021-03-19 19:00:00+00:00,481.5
2021-03-19 20:00:00+00:00,284.5
2021-03-19 21:00:00+00:00,169.75
2021-03-19 22:00:00+00:00,76.0
2021-03-19 23:00:00+00:00,32.25
2021-03-20 00:00:00+00:00,86.5
2021-03-20 01:00:00+00:00,248.25
2021-03-20 02:00:00+00:00,381.5
2021-03-20 03:00:00+00:00,645.25
2021-03-20 04:00:00+00:00,1101.25
2021-03-20 05:00:00+00:00,1657.75
2021-03-20 06:00:00+00:00,2020.5
2021-03-20 07:00:00+00:00,2376.25
2021-03-20 08:00:00+00:00,2627.25
2021-03-20 09:00:00+00:00,3012.0
2021-03-20 10:00:00+00:00,3139.75
2021-03-20 11:00:00+00:00,3600.5
2021-03-20 12:00:00+00:00,4136.5
2021-03-20 13:00:00+00:00,4346.25
2021-03-20 14:00:00+00:00,4543.5
2021-03-20 15:00:00+00:00,4643.0
2021-03-20 16:00:00+00:00,4894.25
2021-03-20 17:00:00+00:00,5093.75
2021-03-20 18:00:00+00:00,5385.25
2021-03-20 19:00:00+00:00,4997.0
2021-03-20 20:00:00+00:00,4950.5
2021-03-20 21:00:00+00:00,5574.25
2021-03-20 22:00:00+00:00,5602.0
2021-03-20 23:00:00+00:00,5422.25
2021-03-21 00:00:00+00:00,5156.25
2021-03-21 01:00:00+00:00,4245.0
2021-03-21 02:00:00+00:00,3911.0
2021-03-21 03:00:00+00:00,3910.5
2021-03-21 04:00:00+00:00,3910.5
2021-03-21 05:00:00+00:00,3904.25
2021-03-21 06:00:00+00:00,3846.5
2021-03-21 07:00:00+00:00,3654.25
2021-03-21 08:00:00+00:00,3546.75
2021-03-21 09:00:00+00:00,3463.25
2021-03-21 10:00:00+00:00,3469.5
2021-03-21 11:00:00+00:00,3720.5
2021-03-21 12:00:00+00:00,4148.25
2021-03-21 13:00:00+00:00,4977.0
2021-03-21 14:00:00+00:00,5686.25
2021-03-21 15:00:00+00:00,6055.0
2021-03-21 16:00:00+00:00,6109.5
2021-03-21 17:00:00+00:00,6063.75
2021-03-21 18:00:00+00:00,5884.25
2021-03-21 19:00:00+00:00,5611.5
2021-03-21 20:00:00+00:00,5406.0
2021-03-21 21:00:00+00:00,5322.0
2021-03-21 22:00:00+00:00,4924.0
2021-03-21 23:00:00+00:00,4557.25
2021-03-22 00:00:00+00:00,4230.25
2021-03-22 01:00:00+00:00,3833.75
2021-03-22 02:00:00+00:00,3673.25
2021-03-22 03:00:00+00:00,3445.75
2021-03-22 04:00:00+00:00,3568.75
2021-03-22 05:00:00+00:00,2937.0
2021-03-22 06:00:00+00:00,2133.0
2021-03-22 07:00:00+00:00,1251.0
2021-03-22 08:00:00+00:00,1009.75
2021-03-22 09:00:00+00:00,1051.75
2021-03-22 10:00:00+00:00,1104.25
2021-03-22 11:00:00+00:00,1520.25
2021-03-22 12:00:00+00:00,1649.25
2021-03-22 13:00:00+00:00,1958.5
2021-03-22 14:00:00+00:00,2154.0
2021-03-22 15:00:00+00:00,2059.75
2021-03-22 16:00:00+00:00,2066.0
2021-03-22 17:00:00+00:00,1993.0
2021-03-22 18:00:00+00:00,1986.25
2021-03-22 19:00:00+00:00,2225.25
2021-03-22 20:00:00+00:00,2588.0
2021-03-22 21:00:00+00:00,2634.75
2021-03-22 22:00:00+00:00,2736.75
2021-03-22 23:00:00+00:00,2664.25
2021-03-23 00:00:00+00:00,2495.5
2021-03-23 01:00:00+00:00,2386.75
2021-03-23 02:00:00+00:00,2111.5
2021-03-23 03:00:00+00:00,1704.25
2021-03-23 04:00:00+00:00,1359.5
2021-03-23 05:00:00+00:00,1282.0
2021-03-23 06:00:00+00:00,1478.0
2021-03-23 07:00:00+00:00,1613.25
2021-03-23 08:00:00+00:00,1599.75
2021-03-23 09:00:00+00:00,1569.25
2021-03-23 10:00:00+00:00,1841.0
2021-03-23 11:00:00+00:00,2339.0
2021-03-23 12:00:00+00:00,2572.5
2021-03-23 13:00:00+00:00,2669.25
2021-03-23 14:00:00+00:00,2544.25
2021-03-23 15:00:00+00:00,2604.75
2021-03-23 16:00:00+00:00,2230.75
2021-03-23 17:00:00+00:00,1963.75
2021-03-23 18:00:00+00:00,2131.0
2021-03-23 19:00:00+00:00,2207.5
2021-03-23 20:00:00+00:00,2746.0
2021-03-23 21:00:00+00:00,3188.0
2021-03-23 22:00:00+00:00,3750.75
2021-03-23 23:00:00+00:00,4162.75
2021-03-24 00:00:00+00:00,4396.0
2021-03-24 01:00:00+00:00,4549.0
2021-03-24 02:00:00+00:00,4903.25
2021-03-24 03:00:00+00:00,4874.75
2021-03-24 04:00:00+00:00,4618.0
2021-03-24 05:00:00+00:00,4511.75
2021-03-24 06:00:00+00:00,4328.75
2021-03-24 07:00:00+00:00,3982.75
2021-03-24 08:00:00+00:00,3736.0
2021-03-24 09:00:00+00:00,3694.25
2021-03-24 10:00:00+00:00,3707.25
2021-03-24 11:00:00+00:00,3629.5
2021-03-24 12:00:00+00:00,4009.5
2021-03-24 13:00:00+00:00,4076.25
2021-03-24 14:00:00+00:00,3794.25
2021-03-24 15:00:00+00:00,3342.5
2021-03-24 16:00:00+00:00,3669.75
2021-03-24 17:00:00+00:00,4032.5
2021-03-24 18:00:00+00:00,3675.5
2021-03-24 19:00:00+00:00,3062.25
2021-03-24 20:00:00+00:00,2680.5
2021-03-24 21:00:00+00:00,2233.75
2021-03-24 22:00:00+00:00,1664.5
2021-03-24 23:00:00+00:00,1315.0
2021-03-25 00:00:00+00:00,1066.0
2021-03-25 01:00:00+00:00,968.75
2021-03-25 02:00:00+00:00,960.5
2021-03-25 03:00:00+00:00,1209.5
2021-03-25 04:00:00+00:00,1474.0
2021-03-25 05:00:00+00:00,1844.5
2021-03-25 06:00:00+00:00,1996.25
2021-03-25 07:00:00+00:00,2174.0
2021-03-25 08:00:00+00:00,2186.75
2021-03-25 09:00:00+00:00,2177.5
2021-03-25 10:00:00+00:00,2020.75
2021-03-25 11:00:00+00:00,1874.0
2021-03-25 12:00:00+00:00,1842.25
2021-03-25 13:00:00+00:00,1985.5
2021-03-25 14:00:00+00:00,1604.0
2021-03-25 15:00:00+00:00,1558.5
2021-03-25 16:00:00+00:00,1868.25
2021-03-25 17:00:00+00:00,1966.25
2021-03-25 18:00:00+00:00,2442.75
2021-03-25 19:00:00+00:00,3041.75
2021-03-25 20:00:00+00:00,3551.25
2021-03-25 21:00:00+00:00,3694.25
2021-03-25 22:00:00+00:00,3913.5
2021-03-25 23:00:00+00:00,4495.0
2021-03-26 00:00:00+00:00,5144.0
2021-03-26 01:00:00+00:00,5437.5
2021-03-26 02:00:00+00:00,5752.5
2021-03-26 03:00:00+00:00,5979.75
2021-03-26 04:00:00+00:00,6125.25
2021-03-26 05:00:00+00:00,6144.75
2021-03-26 06:00:00+00:00,5947.5
2021-03-26 07:00:00+00:00,5864.5
2021-03-26 08:00:00+00:00,6017.0
2021-03-26 09:00:00+00:00,6071.75
2021-03-26 10:00:00+00:00,5874.25
2021-03-26 11:00:00+00:00,5632.75
2021-03-26 12:00:00+00:00,5482.25
2021-03-26 13:00:00+00:00,5139.5
2021-03-26 14:00:00+00:00,4871.0
2021-03-26 15:00:00+00:00,5163.75
2021-03-26 16:00:00+00:00,5477.0
2021-03-26 17:00:00+00:00,5562.5
2021-03-26 18:00:00+00:00,5861.25
2021-03-26 19:00:00+00:00,5980.5
2021-03-26 20:00:00+00:00,5745.75
2021-03-26 21:00:00+00:00,5232.75
2021-03-26 22:00:00+00:00,4266.25
2021-03-26 23:00:00+00:00,3186.25
2021-03-27 00:00:00+00:00,2490.0
2021-03-27 01:00:00+00:00,1917.5
2021-03-27 02:00:00+00:00,2291.5
2021-03-27 03:00:00+00:00,3541.5
2021-03-27 04:00:00+00:00,5399.0
2021-03-27 05:00:00+00:00,5174.0
2021-03-27 06:00:00+00:00,4546.0
2021-03-27 07:00:00+00:00,4885.5
2021-03-27 08:00:00+00:00,5845.0
2021-03-27 09:00:00+00:00,6198.75
2021-03-27 10:00:00+00:00,6216.75
2021-03-27 11:00:00+00:00,6161.75
2021-03-27 12:00:00+00:00,6117.25
2021-03-27 13:00:00+00:00,5702.75
2021-03-27 14:00:00+00:00,5351.75
2021-03-27 15:00:00+00:00,4987.75
2021-03-27 16:00:00+00:00,4673.0
2021-03-27 17:00:00+00:00,5149.25
2021-03-27 18:00:00+00:00,5040.0
2021-03-27 19:00:00+00:00,4960.0
2021-03-27 20:00:00+00:00,4854.25
2021-03-27 21:00:00+00:00,5080.25
2021-03-27 22:00:00+00:00,5752.5
2021-03-27 23:00:00+00:00,5691.5
2021-03-28 00:00:00+00:00,6115.0
2021-03-28 01:00:00+00:00,6472.25
2021-03-28 02:00:00+00:00,6540.25
2021-03-28 03:00:00+00:00,6753.25
2021-03-28 04:00:00+00:00,6957.25
2021-03-28 05:00:00+00:00,6768.0
2021-03-28 06:00:00+00:00,6664.75
2021-03-28 07:00:00+00:00,6570.75
2021-03-28 08:00:00+00:00,6576.75
2021-03-28 09:00:00+00:00,6562.5
2021-03-28 10:00:00+00:00,6638.75
2021-03-28 11:00:00+00:00,6994.25
2021-03-28 12:00:00+00:00,7109.0
2021-03-28 13:00:00+00:00,7123.5
2021-03-28 14:00:00+00:00,7024.5
2021-03-28 15:00:00+00:00,6735.5
2021-03-28 16:00:00+00:00,6396.5
2021-03-28 17:00:00+00:00,6472.25
2021-03-28 18:00:00+00:00,6513.0
2021-03-28 19:00:00+00:00,6511.5
2021-03-28 20:00:00+00:00,6493.75
2021-03-28 21:00:00+00:00,6512.0
2021-03-28 22:00:00+00:00,6504.25
2021-03-28 23:00:00+00:00,6494.5
2021-03-29 00:00:00+00:00,6383.75
2021-03-29 01:00:00+00:00,6376.5
2021-03-29 02:00:00+00:00,6396.0
2021-03-29 03:00:00+00:00,6329.25
2021-03-29 04:00:00+00:00,6152.0
2021-03-29 05:00:00+00:00,6016.25
2021-03-29 06:00:00+00:00,6010.25
2021-03-29 07:00:00+00:00,5953.5
2021-03-29 08:00:00+00:00,5877.75
2021-03-29 09:00:00+00:00,5919.0
2021-03-29 10:00:00+00:00,5989.25
2021-03-29 11:00:00+00:00,6047.5
2021-03-29 12:00:00+00:00,6079.25
2021-03-29 13:00:00+00:00,6069.5
2021-03-29 14:00:00+00:00,6084.75
2021-03-29 15:00:00+00:00,5226.5
2021-03-29 16:00:00+00:00,5335.75
2021-03-29 17:00:00+00:00,5697.25
2021-03-29 18:00:00+00:00,5564.25
2021-03-29 19:00:00+00:00,5876.25
2021-03-29 20:00:00+00:00,6014.25
2021-03-29 21:00:00+00:00,5702.25
2021-03-29 22:00:00+00:00,5470.75
2021-03-29 23:00:00+00:00,5142.75
2021-03-30 00:00:00+00:00,5235.25
2021-03-30 01:00:00+00:00,4952.5
2021-03-30 02:00:00+00:00,4702.0
2021-03-30 03:00:00+00:00,4470.0
2021-03-30 04:00:00+00:00,4288.75
2021-03-30 05:00:00+00:00,4059.0
2021-03-30 06:00:00+00:00,3814.25
2021-03-30 07:00:00+00:00,3430.75
2021-03-30 08:00:00+00:00,3261.25
2021-03-30 09:00:00+00:00,2931.0
2021-03-30 10:00:00+00:00,2825.25
2021-03-30 11:00:00+00:00,2838.75
2021-03-30 12:00:00+00:00,2739.25
2021-03-30 13:00:00+00:00,2748.0
2021-03-30 14:00:00+00:00,2977.0
2021-03-30 15:00:00+00:00,2809.25
2021-03-30 16:00:00+00:00,2680.0
2021-03-30 17:00:00+00:00,2220.75
2021-03-30 18:00:00+00:00,1953.75
2021-03-30 19:00:00+00:00,1927.0
2021-03-30 20:00:00+00:00,1713.5
2021-03-30 21:00:00+00:00,1388.75
2021-03-30 22:00:00+00:00,1290.75
2021-03-30 23:00:00+00:00,955.0
2021-03-31 00:00:00+00:00,639.0
2021-03-31 01:00:00+00:00,548.25
2021-03-31 02:00:00+00:00,444.25
2021-03-31 03:00:00+00:00,514.0
2021-03-31 04:00:00+00:00,655.0
2021-03-31 05:00:00+00:00,703.0
2021-03-31 06:00:00+00:00,691.5
2021-03-31 07:00:00+00:00,534.5
2021-03-31 08:00:00+00:00,441.25
2021-03-31 09:00:00+00:00,437.0
2021-03-31 10:00:00+00:00,362.5
2021-03-31 11:00:00+00:00,306.75
2021-03-31 12:00:00+00:00,219.75
2021-03-31 13:00:00+00:00,132.5
2021-03-31 14:00:00+00:00,71.5
2021-03-31 15:00:00+00:00,28.75
2021-03-31 16:00:00+00:00,25.75
2021-03-31 17:00:00+00:00,28.75
2021-03-31 18:00:00+00:00,27.75
2021-03-31 19:00:00+00:00,39.75
2021-03-31 20:00:00+00:00,93.0
2021-03-31 21:00:00+00:00,130.25
2021-03-31 22:00:00+00:00,434.5
2021-03-31 23:00:00+00:00,1138.25
2021-04-01 00:00:00+00:00,2399.75
2021-04-01 01:00:00+00:00,3853.0
2021-04-01 02:00:00+00:00,4803.25
2021-04-01 03:00:00+00:00,4904.75
2021-04-01 04:00:00+00:00,4931.0
2021-04-01 05:00:00+00:00,4979.5
2021-04-01 06:00:00+00:00,4668.25
2021-04-01 07:00:00+00:00,4692.0
2021-04-01 08:00:00+00:00,4889.25
2021-04-01 09:00:00+00:00,4773.75
2021-04-01 10:00:00+00:00,4560.25
2021-04-01 11:00:00+00:00,4541.0
2021-04-01 12:00:00+00:00,4105.5
2021-04-01 13:00:00+00:00,2712.5
2021-04-01 14:00:00+00:00,2466.0
2021-04-01 15:00:00+00:00,2512.75
2021-04-01 16:00:00+00:00,2987.25
2021-04-01 17:00:00+00:00,2881.0
2021-04-01 18:00:00+00:00,2462.75
2021-04-01 19:00:00+00:00,2489.25
2021-04-01 20:00:00+00:00,2394.25
2021-04-01 21:00:00+00:00,2574.0
2021-04-01 22:00:00+00:00,2915.0
2021-04-01 23:00:00+00:00,3187.0
2021-04-02 00:00:00+00:00,3377.5
2021-04-02 01:00:00+00:00,3240.0
2021-04-02 02:00:00+00:00,3278.25
2021-04-02 03:00:00+00:00,3511.5
2021-04-02 04:00:00+00:00,3759.0
2021-04-02 05:00:00+00:00,4159.5
2021-04-02 06:00:00+00:00,3999.75
2021-04-02 07:00:00+00:00,5045.25
2021-04-02 08:00:00+00:00,5764.5
2021-04-02 09:00:00+00:00,5333.75
2021-04-02 10:00:00+00:00,5303.0
2021-04-02 11:00:00+00:00,5307.0
2021-04-02 12:00:00+00:00,5358.25
2021-04-02 13:00:00+00:00,5405.0
2021-04-02 14:00:00+00:00,5523.0
2021-04-02 15:00:00+00:00,5434.0
2021-04-02 16:00:00+00:00,5477.25
2021-04-02 17:00:00+00:00,5481.25
2021-04-02 18:00:00+00:00,5456.25
2021-04-02 19:00:00+00:00,5415.0
2021-04-02 20:00:00+00:00,5277.25
2021-04-02 21:00:00+00:00,5127.75
2021-04-02 22:00:00+00:00,5201.75
2021-04-02 23:00:00+00:00,4530.75
2021-04-03 00:00:00+00:00,4282.5
2021-04-03 01:00:00+00:00,4007.5
2021-04-03 02:00:00+00:00,3803.5
2021-04-03 03:00:00+00:00,3473.75
2021-04-03 04:00:00+00:00,3459.25
2021-04-03 05:00:00+00:00,3302.25
2021-04-03 06:00:00+00:00,2888.5
2021-04-03 07:00:00+00:00,2616.75
2021-04-03 08:00:00+00:00,2422.0
2021-04-03 09:00:00+00:00,2392.0
2021-04-03 10:00:00+00:00,2651.75
2021-04-03 11:00:00+00:00,2655.0
2021-04-03 12:00:00+00:00,2794.75
2021-04-03 13:00:00+00:00,3353.0
2021-04-03 14:00:00+00:00,3769.5
2021-04-03 15:00:00+00:00,3933.5
2021-04-03 16:00:00+00:00,4076.5
2021-04-03 17:00:00+00:00,4138.75
2021-04-03 18:00:00+00:00,4173.25
2021-04-03 19:00:00+00:00,3937.5
2021-04-03 20:00:00+00:00,3424.75
2021-04-03 21:00:00+00:00,3002.5
2021-04-03 22:00:00+00:00,2653.75
2021-04-03 23:00:00+00:00,2338.75
2021-04-04 00:00:00+00:00,2368.5
2021-04-04 01:00:00+00:00,2399.0
2021-04-04 02:00:00+00:00,2325.75
2021-04-04 03:00:00+00:00,2170.5
2021-04-04 04:00:00+00:00,2096.5
2021-04-04 05:00:00+00:00,2128.75
2021-04-04 06:00:00+00:00,2444.25
2021-04-04 07:00:00+00:00,2557.0
2021-04-04 08:00:00+00:00,2863.75
2021-04-04 09:00:00+00:00,3051.25
2021-04-04 10:00:00+00:00,3309.75
2021-04-04 11:00:00+00:00,3873.75
2021-04-04 12:00:00+00:00,5072.5
2021-04-04 13:00:00+00:00,6202.75
2021-04-04 14:00:00+00:00,6745.75
2021-04-04 15:00:00+00:00,6500.75
2021-04-04 16:00:00+00:00,6162.0
2021-04-04 17:00:00+00:00,4859.25
2021-04-04 18:00:00+00:00,4657.0
2021-04-04 19:00:00+00:00,4303.0
2021-04-04 20:00:00+00:00,4180.5
2021-04-04 21:00:00+00:00,4182.25
2021-04-04 22:00:00+00:00,4497.5
2021-04-04 23:00:00+00:00,4598.5
2021-04-05 00:00:00+00:00,4006.25
2021-04-05 01:00:00+00:00,4084.0
2021-04-05 02:00:00+00:00,4107.5
2021-04-05 03:00:00+00:00,4135.0
2021-04-05 04:00:00+00:00,3871.75
2021-04-05 05:00:00+00:00,3716.75
2021-04-05 06:00:00+00:00,3666.5
2021-04-05 07:00:00+00:00,3903.25
2021-04-05 08:00:00+00:00,3829.5
2021-04-05 09:00:00+00:00,3783.25
2021-04-05 10:00:00+00:00,3678.75
2021-04-05 11:00:00+00:00,3680.0
2021-04-05 12:00:00+00:00,3735.25
2021-04-05 13:00:00+00:00,3638.0
2021-04-05 14:00:00+00:00,3646.0
2021-04-05 15:00:00+00:00,4269.25
2021-04-05 16:00:00+00:00,5841.0
2021-04-05 17:00:00+00:00,4971.0
2021-04-05 18:00:00+00:00,3789.5
2021-04-05 19:00:00+00:00,4130.0
2021-04-05 20:00:00+00:00,5245.25
2021-04-05 21:00:00+00:00,5550.0
2021-04-05 22:00:00+00:00,5811.25
2021-04-05 23:00:00+00:00,5887.0
2021-04-06 00:00:00+00:00,6394.0
2021-04-06 01:00:00+00:00,6492.75
2021-04-06 02:00:00+00:00,6442.0
2021-04-06 03:00:00+00:00,6273.75
2021-04-06 04:00:00+00:00,5506.25
2021-04-06 05:00:00+00:00,5391.75
2021-04-06 06:00:00+00:00,5334.25
2021-04-06 07:00:00+00:00,5326.5
2021-04-06 08:00:00+00:00,5368.0
2021-04-06 09:00:00+00:00,5334.75
2021-04-06 10:00:00+00:00,5123.5
2021-04-06 11:00:00+00:00,5071.25
2021-04-06 12:00:00+00:00,5213.0
2021-04-06 13:00:00+00:00,5111.25
2021-04-06 14:00:00+00:00,5216.75
2021-04-06 15:00:00+00:00,5482.25
2021-04-06 16:00:00+00:00,5436.0
2021-04-06 17:00:00+00:00,5927.5
2021-04-06 18:00:00+00:00,5837.75
2021-04-06 19:00:00+00:00,6062.5
2021-04-06 20:00:00+00:00,6106.0
2021-04-06 21:00:00+00:00,6000.5
2021-04-06 22:00:00+00:00,5693.5
2021-04-06 23:00:00+00:00,5686.5
2021-04-07 00:00:00+00:00,4888.5
2021-04-07 01:00:00+00:00,4178.75
2021-04-07 02:00:00+00:00,2910.5
2021-04-07 03:00:00+00:00,2858.75
2021-04-07 04:00:00+00:00,2790.25
2021-04-07 05:00:00+00:00,3212.5
2021-04-07 06:00:00+00:00,4537.0
2021-04-07 07:00:00+00:00,5667.75
2021-04-07 08:00:00+00:00,6152.75
2021-04-07 09:00:00+00:00,6391.25
2021-04-07 10:00:00+00:00,6168.75
2021-04-07 11:00:00+00:00,5325.0
2021-04-07 12:00:00+00:00,4661.0
2021-04-07 13:00:00+00:00,4103.0
2021-04-07 14:00:00+00:00,4040.25
2021-04-07 15:00:00+00:00,4085.75
2021-04-07 16:00:00+00:00,4010.0
2021-04-07 17:00:00+00:00,4139.75
2021-04-07 18:00:00+00:00,4119.5
2021-04-07 19:00:00+00:00,3998.5
2021-04-07 20:00:00+00:00,3891.25
2021-04-07 21:00:00+00:00,4221.25
2021-04-07 22:00:00+00:00,3814.25
2021-04-07 23:00:00+00:00,3678.0
2021-04-08 00:00:00+00:00,3700.75
2021-04-08 01:00:00+00:00,3712.25
2021-04-08 02:00:00+00:00,4158.0
2021-04-08 03:00:00+00:00,3772.0
2021-04-08 04:00:00+00:00,3602.25
2021-04-08 05:00:00+00:00,3635.5
2021-04-08 06:00:00+00:00,3583.5
2021-04-08 07:00:00+00:00,3221.25
2021-04-08 08:00:00+00:00,3467.25
2021-04-08 09:00:00+00:00,4112.25
2021-04-08 10:00:00+00:00,4616.5
2021-04-08 11:00:00+00:00,5098.0
2021-04-08 12:00:00+00:00,4868.5
2021-04-08 13:00:00+00:00,4817.0
2021-04-08 14:00:00+00:00,4401.75
2021-04-08 15:00:00+00:00,4471.0
2021-04-08 16:00:00+00:00,4473.0
2021-04-08 17:00:00+00:00,4670.0
2021-04-08 18:00:00+00:00,4964.5
2021-04-08 19:00:00+00:00,4958.5
2021-04-08 20:00:00+00:00,4780.5
2021-04-08 21:00:00+00:00,4163.75
2021-04-08 22:00:00+00:00,3813.75
2021-04-08 23:00:00+00:00,3822.5
2021-04-09 00:00:00+00:00,3828.5
2021-04-09 01:00:00+00:00,3822.0
2021-04-09 02:00:00+00:00,3827.25
2021-04-09 03:00:00+00:00,3814.25
2021-04-09 04:00:00+00:00,3678.0
2021-04-09 05:00:00+00:00,3492.0
2021-04-09 06:00:00+00:00,3256.25
2021-04-09 07:00:00+00:00,2811.0
2021-04-09 08:00:00+00:00,2444.0
2021-04-09 09:00:00+00:00,2192.0
2021-04-09 10:00:00+00:00,2078.25
2021-04-09 11:00:00+00:00,2409.25
2021-04-09 12:00:00+00:00,2208.5
2021-04-09 13:00:00+00:00,1941.5
2021-04-09 14:00:00+00:00,1908.0
2021-04-09 15:00:00+00:00,1793.25
2021-04-09 16:00:00+00:00,1924.5
2021-04-09 17:00:00+00:00,2088.75
2021-04-09 18:00:00+00:00,2043.5
2021-04-09 19:00:00+00:00,2065.25
2021-04-09 20:00:00+00:00,1707.5
2021-04-09 21:00:00+00:00,1721.5
2021-04-09 22:00:00+00:00,1763.0
2021-04-09 23:00:00+00:00,1743.0
2021-04-10 00:00:00+00:00,1774.0
2021-04-10 01:00:00+00:00,1542.75
2021-04-10 02:00:00+00:00,1259.5
2021-04-10 03:00:00+00:00,1081.5
2021-04-10 04:00:00+00:00,897.0
2021-04-10 05:00:00+00:00,796.25
2021-04-10 06:00:00+00:00,587.5
2021-04-10 07:00:00+00:00,410.25
2021-04-10 08:00:00+00:00,246.25
2021-04-10 09:00:00+00:00,189.5
2021-04-10 10:00:00+00:00,111.25
2021-04-10 11:00:00+00:00,104.75
2021-04-10 12:00:00+00:00,94.75
2021-04-10 13:00:00+00:00,116.75
2021-04-10 14:00:00+00:00,187.0
2021-04-10 15:00:00+00:00,244.5
2021-04-10 16:00:00+00:00,272.25
2021-04-10 17:00:00+00:00,440.0
2021-04-10 18:00:00+00:00,859.5
2021-04-10 19:00:00+00:00,1222.5
2021-04-10 20:00:00+00:00,1607.5
2021-04-10 21:00:00+00:00,2042.25
2021-04-10 22:00:00+00:00,2861.5
2021-04-10 23:00:00+00:00,3406.5
2021-04-11 00:00:00+00:00,3617.5
2021-04-11 01:00:00+00:00,3354.5
2021-04-11 02:00:00+00:00,3605.0
2021-04-11 03:00:00+00:00,3743.75
2021-04-11 04:00:00+00:00,3922.75
2021-04-11 05:00:00+00:00,4616.0
2021-04-11 06:00:00+00:00,5407.25
2021-04-11 07:00:00+00:00,6059.0
2021-04-11 08:00:00+00:00,6119.5
2021-04-11 09:00:00+00:00,5778.25
2021-04-11 10:00:00+00:00,5637.75
2021-04-11 11:00:00+00:00,5074.0
2021-04-11 12:00:00+00:00,4579.0
2021-04-11 13:00:00+00:00,4315.75
2021-04-11 14:00:00+00:00,3972.0
2021-04-11 15:00:00+00:00,3596.5
2021-04-11 16:00:00+00:00,3414.25
2021-04-11 17:00:00+00:00,2923.5
2021-04-11 18:00:00+00:00,2830.75
2021-04-11 19:00:00+00:00,2904.5
2021-04-11 20:00:00+00:00,3350.25
2021-04-11 21:00:00+00:00,2970.0
2021-04-11 22:00:00+00:00,3204.0
2021-04-11 23:00:00+00:00,3030.0
2021-04-12 00:00:00+00:00,2986.5
2021-04-12 01:00:00+00:00,2756.75
2021-04-12 02:00:00+00:00,2841.75
2021-04-12 03:00:00+00:00,2737.75
2021-04-12 04:00:00+00:00,2705.5
2021-04-12 05:00:00+00:00,2104.5
2021-04-12 06:00:00+00:00,1922.25
2021-04-12 07:00:00+00:00,2482.0
2021-04-12 08:00:00+00:00,2060.5
2021-04-12 09:00:00+00:00,2053.5
2021-04-12 10:00:00+00:00,1879.0
2021-04-12 11:00:00+00:00,2102.0
2021-04-12 12:00:00+00:00,2448.0
2021-04-12 13:00:00+00:00,2371.5
2021-04-12 14:00:00+00:00,2861.75
2021-04-12 15:00:00+00:00,3260.75
2021-04-12 16:00:00+00:00,3626.0
2021-04-12 17:00:00+00:00,3776.75
2021-04-12 18:00:00+00:00,4345.25
2021-04-12 19:00:00+00:00,3744.0
2021-04-12 20:00:00+00:00,4278.75
2021-04-12 21:00:00+00:00,4685.75
2021-04-12 22:00:00+00:00,5088.0
2021-04-12 23:00:00+00:00,5334.25
2021-04-13 00:00:00+00:00,4816.75
2021-04-13 01:00:00+00:00,5067.0
2021-04-13 02:00:00+00:00,5167.5
2021-04-13 03:00:00+00:00,5148.25
2021-04-13 04:00:00+00:00,5133.5
2021-04-13 05:00:00+00:00,5066.5
2021-04-13 06:00:00+00:00,4963.5
2021-04-13 07:00:00+00:00,4747.5
2021-04-13 08:00:00+00:00,3589.25
2021-04-13 09:00:00+00:00,3210.0
2021-04-13 10:00:00+00:00,3371.75
2021-04-13 11:00:00+00:00,3274.0
2021-04-13 12:00:00+00:00,3170.25
2021-04-13 13:00:00+00:00,3173.25
2021-04-13 14:00:00+00:00,2772.0
2021-04-13 15:00:00+00:00,2457.75
2021-04-13 16:00:00+00:00,2421.75
2021-04-13 17:00:00+00:00,2930.0
2021-04-13 18:00:00+00:00,2314.25
2021-04-13 19:00:00+00:00,1782.0
2021-04-13 20:00:00+00:00,1434.25
2021-04-13 21:00:00+00:00,1334.25
2021-04-13 22:00:00+00:00,1360.5
2021-04-13 23:00:00+00:00,1390.25
2021-04-14 00:00:00+00:00,1118.5
2021-04-14 01:00:00+00:00,1089.0
2021-04-14 02:00:00+00:00,1190.25
2021-04-14 03:00:00+00:00,1169.25
2021-04-14 04:00:00+00:00,1138.0
2021-04-14 05:00:00+00:00,1075.0
2021-04-14 06:00:00+00:00,1137.0
2021-04-14 07:00:00+00:00,1025.25
2021-04-14 08:00:00+00:00,1136.0
2021-04-14 09:00:00+00:00,1395.5
2021-04-14 10:00:00+00:00,1303.5
2021-04-14 11:00:00+00:00,1669.25
2021-04-14 12:00:00+00:00,1184.0
2021-04-14 13:00:00+00:00,1247.5
2021-04-14 14:00:00+00:00,1411.5
2021-04-14 15:00:00+00:00,1751.25
2021-04-14 16:00:00+00:00,1694.5
2021-04-14 17:00:00+00:00,1553.25
2021-04-14 18:00:00+00:00,1500.75
2021-04-14 19:00:00+00:00,1359.5
2021-04-14 20:00:00+00:00,1352.0
2021-04-14 21:00:00+00:00,1007.0
2021-04-14 22:00:00+00:00,653.75
2021-04-14 23:00:00+00:00,541.25
2021-04-15 00:00:00+00:00,508.0
2021-04-15 01:00:00+00:00,527.75
2021-04-15 02:00:00+00:00,451.5
2021-04-15 03:00:00+00:00,438.75
2021-04-15 04:00:00+00:00,452.0
2021-04-15 05:00:00+00:00,394.25
2021-04-15 06:00:00+00:00,335.75
2021-04-15 07:00:00+00:00,252.75
2021-04-15 08:00:00+00:00,166.25
2021-04-15 09:00:00+00:00,203.5
2021-04-15 10:00:00+00:00,253.5
2021-04-15 11:00:00+00:00,273.0
2021-04-15 12:00:00+00:00,270.75
2021-04-15 13:00:00+00:00,378.25
2021-04-15 14:00:00+00:00,498.75
2021-04-15 15:00:00+00:00,678.75
2021-04-15 16:00:00+00:00,815.5
2021-04-15 17:00:00+00:00,1013.75
2021-04-15 18:00:00+00:00,1360.75
2021-04-15 19:00:00+00:00,1726.75
2021-04-15 20:00:00+00:00,2038.0
2021-04-15 21:00:00+00:00,2338.75
2021-04-15 22:00:00+00:00,2222.75
2021-04-15 23:00:00+00:00,1924.5
2021-04-16 00:00:00+00:00,1826.75
2021-04-16 01:00:00+00:00,1626.0
2021-04-16 02:00:00+00:00,1669.25
2021-04-16 03:00:00+00:00,1599.5
2021-04-16 04:00:00+00:00,1553.5
2021-04-16 05:00:00+00:00,1592.5
2021-04-16 06:00:00+00:00,1645.25
2021-04-16 07:00:00+00:00,1654.75
2021-04-16 08:00:00+00:00,1567.5
2021-04-16 09:00:00+00:00,1342.5
2021-04-16 10:00:00+00:00,1152.5
2021-04-16 11:00:00+00:00,990.25
2021-04-16 12:00:00+00:00,827.5
2021-04-16 13:00:00+00:00,666.25
2021-04-16 14:00:00+00:00,738.0
2021-04-16 15:00:00+00:00,909.5
2021-04-16 16:00:00+00:00,1251.0
2021-04-16 17:00:00+00:00,1383.5
2021-04-16 18:00:00+00:00,1384.5
2021-04-16 19:00:00+00:00,1481.75
2021-04-16 20:00:00+00:00,1754.0
2021-04-16 21:00:00+00:00,2073.0
2021-04-16 22:00:00+00:00,2038.75
2021-04-16 23:00:00+00:00,1934.75
2021-04-17 00:00:00+00:00,1799.0
2021-04-17 01:00:00+00:00,1561.75
2021-04-17 02:00:00+00:00,1432.25
2021-04-17 03:00:00+00:00,1365.5
2021-04-17 04:00:00+00:00,1379.75
2021-04-17 05:00:00+00:00,1450.25
2021-04-17 06:00:00+00:00,1519.5
2021-04-17 07:00:00+00:00,1519.75
2021-04-17 08:00:00+00:00,1484.75
2021-04-17 09:00:00+00:00,1478.75
2021-04-17 10:00:00+00:00,1604.75
2021-04-17 11:00:00+00:00,1848.25
2021-04-17 12:00:00+00:00,1814.5
2021-04-17 13:00:00+00:00,1744.75
2021-04-17 14:00:00+00:00,2114.75
2021-04-17 15:00:00+00:00,2209.0
2021-04-17 16:00:00+00:00,2112.25
2021-04-17 17:00:00+00:00,1802.5
2021-04-17 18:00:00+00:00,1644.25
2021-04-17 19:00:00+00:00,1372.5
2021-04-17 20:00:00+00:00,975.75
2021-04-17 21:00:00+00:00,991.0
2021-04-17 22:00:00+00:00,998.75
2021-04-17 23:00:00+00:00,889.75
2021-04-18 00:00:00+00:00,737.75
2021-04-18 01:00:00+00:00,548.5
2021-04-18 02:00:00+00:00,400.0
2021-04-18 03:00:00+00:00,337.25
2021-04-18 04:00:00+00:00,337.75
2021-04-18 05:00:00+00:00,385.75
2021-04-18 06:00:00+00:00,396.5
2021-04-18 07:00:00+00:00,500.25
2021-04-18 08:00:00+00:00,522.75
2021-04-18 09:00:00+00:00,572.0
2021-04-18 10:00:00+00:00,657.5
2021-04-18 11:00:00+00:00,513.0
2021-04-18 12:00:00+00:00,515.25
2021-04-18 13:00:00+00:00,627.75
2021-04-18 14:00:00+00:00,626.25
2021-04-18 15:00:00+00:00,719.25
2021-04-18 16:00:00+00:00,643.5
2021-04-18 17:00:00+00:00,718.0
2021-04-18 18:00:00+00:00,789.75
2021-04-18 19:00:00+00:00,848.5
2021-04-18 20:00:00+00:00,899.5
2021-04-18 21:00:00+00:00,998.5
2021-04-18 22:00:00+00:00,1024.0
2021-04-18 23:00:00+00:00,831.0
2021-04-19 00:00:00+00:00,640.5
2021-04-19 01:00:00+00:00,693.0
2021-04-19 02:00:00+00:00,664.5
2021-04-19 03:00:00+00:00,707.75
2021-04-19 04:00:00+00:00,824.5
2021-04-19 05:00:00+00:00,1009.5
2021-04-19 06:00:00+00:00,971.5
2021-04-19 07:00:00+00:00,881.5
2021-04-19 08:00:00+00:00,779.75
2021-04-19 09:00:00+00:00,635.75
2021-04-19 10:00:00+00:00,586.5
2021-04-19 11:00:00+00:00,619.0
2021-04-19 12:00:00+00:00,575.5
2021-04-19 13:00:00+00:00,606.0
2021-04-19 14:00:00+00:00,601.25
2021-04-19 15:00:00+00:00,740.0
2021-04-19 16:00:00+00:00,883.25
2021-04-19 17:00:00+00:00,1140.25
2021-04-19 18:00:00+00:00,1219.0
2021-04-19 19:00:00+00:00,1361.0
2021-04-19 20:00:00+00:00,1388.5
2021-04-19 21:00:00+00:00,1316.25
2021-04-19 22:00:00+00:00,1177.25
2021-04-19 23:00:00+00:00,1020.75
2021-04-20 00:00:00+00:00,829.75
2021-04-20 01:00:00+00:00,782.5
2021-04-20 02:00:00+00:00,635.0
2021-04-20 03:00:00+00:00,574.75
2021-04-20 04:00:00+00:00,529.0
2021-04-20 05:00:00+00:00,498.0
2021-04-20 06:00:00+00:00,396.25
2021-04-20 07:00:00+00:00,278.25
2021-04-20 08:00:00+00:00,137.75
2021-04-20 09:00:00+00:00,34.5
2021-04-20 10:00:00+00:00,20.5
2021-04-20 11:00:00+00:00,4.75
2021-04-20 12:00:00+00:00,4.75
2021-04-20 13:00:00+00:00,5.5
2021-04-20 14:00:00+00:00,28.5
2021-04-20 15:00:00+00:00,72.75
2021-04-20 16:00:00+00:00,60.5
2021-04-20 17:00:00+00:00,108.0
2021-04-20 18:00:00+00:00,103.75
2021-04-20 19:00:00+00:00,93.5
2021-04-20 20:00:00+00:00,82.0
2021-04-20 21:00:00+00:00,60.25
2021-04-20 22:00:00+00:00,92.25
2021-04-20 23:00:00+00:00,194.0
2021-04-21 00:00:00+00:00,475.25
2021-04-21 01:00:00+00:00,972.5
2021-04-21 02:00:00+00:00,1499.5
2021-04-21 03:00:00+00:00,2193.5
2021-04-21 04:00:00+00:00,2717.25
2021-04-21 05:00:00+00:00,3340.25
2021-04-21 06:00:00+00:00,3757.75
2021-04-21 07:00:00+00:00,3992.0
2021-04-21 08:00:00+00:00,4354.0
2021-04-21 09:00:00+00:00,4251.75
2021-04-21 10:00:00+00:00,3734.75
2021-04-21 11:00:00+00:00,3578.75
2021-04-21 12:00:00+00:00,3279.25
2021-04-21 13:00:00+00:00,3010.25
2021-04-21 14:00:00+00:00,2972.75
2021-04-21 15:00:00+00:00,3184.25
2021-04-21 16:00:00+00:00,3910.25
2021-04-21 17:00:00+00:00,4501.5
2021-04-21 18:00:00+00:00,4503.0
2021-04-21 19:00:00+00:00,4395.5
2021-04-21 20:00:00+00:00,4170.25
2021-04-21 21:00:00+00:00,4204.5
2021-04-21 22:00:00+00:00,4204.5
2021-04-21 23:00:00+00:00,4198.5
2021-04-22 00:00:00+00:00,4182.25
2021-04-22 01:00:00+00:00,4200.25
2021-04-22 02:00:00+00:00,4186.25
2021-04-22 03:00:00+00:00,4034.75
2021-04-22 04:00:00+00:00,3613.25
2021-04-22 05:00:00+00:00,3605.0
2021-04-22 06:00:00+00:00,2964.0
2021-04-22 07:00:00+00:00,2712.25
2021-04-22 08:00:00+00:00,2780.75
2021-04-22 09:00:00+00:00,2667.0
2021-04-22 10:00:00+00:00,2543.75
2021-04-22 11:00:00+00:00,2582.0
2021-04-22 12:00:00+00:00,3293.25
2021-04-22 13:00:00+00:00,4680.0
2021-04-22 14:00:00+00:00,4811.0
2021-04-22 15:00:00+00:00,3416.5
2021-04-22 16:00:00+00:00,2987.5
2021-04-22 17:00:00+00:00,2930.0
2021-04-22 18:00:00+00:00,2763.25
2021-04-22 19:00:00+00:00,3400.75
2021-04-22 20:00:00+00:00,3569.0
2021-04-22 21:00:00+00:00,3654.0
2021-04-22 22:00:00+00:00,3679.75
2021-04-22 23:00:00+00:00,3564.5
2021-04-23 00:00:00+00:00,3785.75
2021-04-23 01:00:00+00:00,3629.5
2021-04-23 02:00:00+00:00,3598.0
2021-04-23 03:00:00+00:00,3335.75
2021-04-23 04:00:00+00:00,3124.75
2021-04-23 05:00:00+00:00,2712.0
2021-04-23 06:00:00+00:00,2195.25
2021-04-23 07:00:00+00:00,1737.75
2021-04-23 08:00:00+00:00,1445.5
2021-04-23 09:00:00+00:00,1421.5
2021-04-23 10:00:00+00:00,1359.25
2021-04-23 11:00:00+00:00,1279.75
2021-04-23 12:00:00+00:00,1050.5
2021-04-23 13:00:00+00:00,1031.75
2021-04-23 14:00:00+00:00,1349.5
2021-04-23 15:00:00+00:00,1471.5
2021-04-23 16:00:00+00:00,1478.25
2021-04-23 17:00:00+00:00,1555.0
2021-04-23 18:00:00+00:00,1466.0
2021-04-23 19:00:00+00:00,1487.0
2021-04-23 20:00:00+00:00,1449.5
2021-04-23 21:00:00+00:00,1437.25
2021-04-23 22:00:00+00:00,1650.25
2021-04-23 23:00:00+00:00,1916.25
2021-04-24 00:00:00+00:00,2274.75
2021-04-24 01:00:00+00:00,2409.0
2021-04-24 02:00:00+00:00,2395.0
2021-04-24 03:00:00+00:00,2183.5
2021-04-24 04:00:00+00:00,1882.25
2021-04-24 05:00:00+00:00,1463.5
2021-04-24 06:00:00+00:00,1112.25
2021-04-24 07:00:00+00:00,862.25
2021-04-24 08:00:00+00:00,949.0
2021-04-24 09:00:00+00:00,964.25
2021-04-24 10:00:00+00:00,946.75
2021-04-24 11:00:00+00:00,1182.0
2021-04-24 12:00:00+00:00,1587.75
2021-04-24 13:00:00+00:00,1832.5
2021-04-24 14:00:00+00:00,2156.25
2021-04-24 15:00:00+00:00,2657.25
2021-04-24 16:00:00+00:00,3100.75
2021-04-24 17:00:00+00:00,3382.75
2021-04-24 18:00:00+00:00,3307.0
2021-04-24 19:00:00+00:00,3461.0
2021-04-24 20:00:00+00:00,3457.0
2021-04-24 21:00:00+00:00,3156.25
2021-04-24 22:00:00+00:00,3079.5
2021-04-24 23:00:00+00:00,2954.5
2021-04-25 00:00:00+00:00,2889.75
2021-04-25 01:00:00+00:00,2917.75
2021-04-25 02:00:00+00:00,2743.5
2021-04-25 03:00:00+00:00,2347.5
2021-04-25 04:00:00+00:00,2167.25
2021-04-25 05:00:00+00:00,1807.0
2021-04-25 06:00:00+00:00,1551.25
2021-04-25 07:00:00+00:00,1404.75
2021-04-25 08:00:00+00:00,1106.25
2021-04-25 09:00:00+00:00,692.5
2021-04-25 10:00:00+00:00,504.5
2021-04-25 11:00:00+00:00,696.5
2021-04-25 12:00:00+00:00,770.5
2021-04-25 13:00:00+00:00,783.5
2021-04-25 14:00:00+00:00,853.75
2021-04-25 15:00:00+00:00,744.5
2021-04-25 16:00:00+00:00,625.25
2021-04-25 17:00:00+00:00,642.75
2021-04-25 18:00:00+00:00,785.25
2021-04-25 19:00:00+00:00,824.0
2021-04-25 20:00:00+00:00,675.5
2021-04-25 21:00:00+00:00,572.75
2021-04-25 22:00:00+00:00,415.75
2021-04-25 23:00:00+00:00,459.5
2021-04-26 00:00:00+00:00,393.5
2021-04-26 01:00:00+00:00,316.25
2021-04-26 02:00:00+00:00,277.5
2021-04-26 03:00:00+00:00,221.75
2021-04-26 04:00:00+00:00,210.0
2021-04-26 05:00:00+00:00,188.5
2021-04-26 06:00:00+00:00,354.25
2021-04-26 07:00:00+00:00,241.0
2021-04-26 08:00:00+00:00,93.0
2021-04-26 09:00:00+00:00,54.0
2021-04-26 10:00:00+00:00,45.5
2021-04-26 11:00:00+00:00,186.0
2021-04-26 12:00:00+00:00,235.25
2021-04-26 13:00:00+00:00,137.25
2021-04-26 14:00:00+00:00,149.75
2021-04-26 15:00:00+00:00,150.25
2021-04-26 16:00:00+00:00,132.75
2021-04-26 17:00:00+00:00,132.0
2021-04-26 18:00:00+00:00,144.5
2021-04-26 19:00:00+00:00,182.25
2021-04-26 20:00:00+00:00,281.75
2021-04-26 21:00:00+00:00,525.5
2021-04-26 22:00:00+00:00,718.25
2021-04-26 23:00:00+00:00,831.0
2021-04-27 00:00:00+00:00,995.25
2021-04-27 01:00:00+00:00,1359.5
2021-04-27 02:00:00+00:00,1637.0
2021-04-27 03:00:00+00:00,1828.75
2021-04-27 04:00:00+00:00,1562.75
2021-04-27 05:00:00+00:00,1337.25
2021-04-27 06:00:00+00:00,1270.0
2021-04-27 07:00:00+00:00,1232.0
2021-04-27 08:00:00+00:00,1100.5
2021-04-27 09:00:00+00:00,1244.75
2021-04-27 10:00:00+00:00,1498.0
2021-04-27 11:00:00+00:00,1751.75
2021-04-27 12:00:00+00:00,1979.5
2021-04-27 13:00:00+00:00,1905.0
2021-04-27 14:00:00+00:00,1625.25
2021-04-27 15:00:00+00:00,1402.75
2021-04-27 16:00:00+00:00,1192.5
2021-04-27 17:00:00+00:00,1073.75
2021-04-27 18:00:00+00:00,1294.0
2021-04-27 19:00:00+00:00,1746.0
2021-04-27 20:00:00+00:00,2391.5
2021-04-27 21:00:00+00:00,2519.75
2021-04-27 22:00:00+00:00,2253.25
2021-04-27 23:00:00+00:00,2003.25
2021-04-28 00:00:00+00:00,1621.75
2021-04-28 01:00:00+00:00,1161.5
2021-04-28 02:00:00+00:00,903.75
2021-04-28 03:00:00+00:00,720.75
2021-04-28 04:00:00+00:00,753.25
2021-04-28 05:00:00+00:00,832.0
2021-04-28 06:00:00+00:00,756.25
2021-04-28 07:00:00+00:00,685.25
2021-04-28 08:00:00+00:00,638.5
2021-04-28 09:00:00+00:00,599.25
2021-04-28 10:00:00+00:00,678.25
2021-04-28 11:00:00+00:00,773.5
2021-04-28 12:00:00+00:00,1039.0
2021-04-28 13:00:00+00:00,1378.75
2021-04-28 14:00:00+00:00,1721.75
2021-04-28 15:00:00+00:00,1979.25
2021-04-28 16:00:00+00:00,2332.0
2021-04-28 17:00:00+00:00,2648.75
2021-04-28 18:00:00+00:00,2700.5
2021-04-28 19:00:00+00:00,3026.25
2021-04-28 20:00:00+00:00,3437.25
2021-04-28 21:00:00+00:00,3198.0
2021-04-28 22:00:00+00:00,2873.25
2021-04-28 23:00:00+00:00,2622.75
2021-04-29 00:00:00+00:00,2409.5
2021-04-29 01:00:00+00:00,2485.5
2021-04-29 02:00:00+00:00,2466.25
2021-04-29 03:00:00+00:00,2673.75
2021-04-29 04:00:00+00:00,2994.75
2021-04-29 05:00:00+00:00,2928.0
2021-04-29 06:00:00+00:00,3451.0
2021-04-29 07:00:00+00:00,3297.25
2021-04-29 08:00:00+00:00,3360.25
2021-04-29 09:00:00+00:00,3407.75
2021-04-29 10:00:00+00:00,3507.25
2021-04-29 11:00:00+00:00,3910.25
2021-04-29 12:00:00+00:00,4208.75
2021-04-29 13:00:00+00:00,4117.25
2021-04-29 14:00:00+00:00,3828.25
2021-04-29 15:00:00+00:00,3424.0
2021-04-29 16:00:00+00:00,3098.75
2021-04-29 17:00:00+00:00,2585.75
2021-04-29 18:00:00+00:00,2345.0
2021-04-29 19:00:00+00:00,2223.5
2021-04-29 20:00:00+00:00,1752.0
2021-04-29 21:00:00+00:00,1487.75
2021-04-29 22:00:00+00:00,1434.75
2021-04-29 23:00:00+00:00,1472.25
2021-04-30 00:00:00+00:00,1428.0
2021-04-30 01:00:00+00:00,1245.25
2021-04-30 02:00:00+00:00,1211.0
2021-04-30 03:00:00+00:00,1128.25
2021-04-30 04:00:00+00:00,983.75
2021-04-30 05:00:00+00:00,900.75
2021-04-30 06:00:00+00:00,817.75
2021-04-30 07:00:00+00:00,741.25
2021-04-30 08:00:00+00:00,618.0
2021-04-30 09:00:00+00:00,361.75
2021-04-30 10:00:00+00:00,239.25
2021-04-30 11:00:00+00:00,134.5
2021-04-30 12:00:00+00:00,124.75
2021-04-30 13:00:00+00:00,56.75
2021-04-30 14:00:00+00:00,49.75
2021-04-30 15:00:00+00:00,55.75
2021-04-30 16:00:00+00:00,90.5
2021-04-30 17:00:00+00:00,86.25
2021-04-30 18:00:00+00:00,103.5
2021-04-30 19:00:00+00:00,94.75
2021-04-30 20:00:00+00:00,60.25
2021-04-30 21:00:00+00:00,71.75
2021-04-30 22:00:00+00:00,76.0
2021-04-30 23:00:00+00:00,75.75
2021-05-01 00:00:00+00:00,60.5
2021-05-01 01:00:00+00:00,76.75
2021-05-01 02:00:00+00:00,237.5
2021-05-01 03:00:00+00:00,318.25
2021-05-01 04:00:00+00:00,401.75
2021-05-01 05:00:00+00:00,385.0
2021-05-01 06:00:00+00:00,317.25
2021-05-01 07:00:00+00:00,382.0
2021-05-01 08:00:00+00:00,563.25
2021-05-01 09:00:00+00:00,401.0
2021-05-01 10:00:00+00:00,324.75
2021-05-01 11:00:00+00:00,304.75
2021-05-01 12:00:00+00:00,325.25
2021-05-01 13:00:00+00:00,366.0
2021-05-01 14:00:00+00:00,411.75
2021-05-01 15:00:00+00:00,480.5
2021-05-01 16:00:00+00:00,857.0
2021-05-01 17:00:00+00:00,1022.0
2021-05-01 18:00:00+00:00,1128.75
2021-05-01 19:00:00+00:00,1194.0
2021-05-01 20:00:00+00:00,1227.75
2021-05-01 21:00:00+00:00,1411.25
2021-05-01 22:00:00+00:00,1868.25
2021-05-01 23:00:00+00:00,2115.0
2021-05-02 00:00:00+00:00,2593.25
2021-05-02 01:00:00+00:00,2754.0
2021-05-02 02:00:00+00:00,3027.0
2021-05-02 03:00:00+00:00,3212.25
2021-05-02 04:00:00+00:00,3257.5
2021-05-02 05:00:00+00:00,3132.5
2021-05-02 06:00:00+00:00,3016.0
2021-05-02 07:00:00+00:00,2739.25
2021-05-02 08:00:00+00:00,2687.5
2021-05-02 09:00:00+00:00,2927.75
2021-05-02 10:00:00+00:00,2947.5
2021-05-02 11:00:00+00:00,2788.25
2021-05-02 12:00:00+00:00,2860.75
2021-05-02 13:00:00+00:00,3162.25
2021-05-02 14:00:00+00:00,3200.5
2021-05-02 15:00:00+00:00,3148.75
2021-05-02 16:00:00+00:00,2845.5
2021-05-02 17:00:00+00:00,2592.75
2021-05-02 18:00:00+00:00,2644.0
2021-05-02 19:00:00+00:00,2353.5
2021-05-02 20:00:00+00:00,2389.25
2021-05-02 21:00:00+00:00,2243.75
2021-05-02 22:00:00+00:00,2274.0
2021-05-02 23:00:00+00:00,2224.0
2021-05-03 00:00:00+00:00,1651.0
2021-05-03 01:00:00+00:00,1603.5
2021-05-03 02:00:00+00:00,1289.25
2021-05-03 03:00:00+00:00,715.75
2021-05-03 04:00:00+00:00,567.5
2021-05-03 05:00:00+00:00,381.25
2021-05-03 06:00:00+00:00,307.0
2021-05-03 07:00:00+00:00,349.75
2021-05-03 08:00:00+00:00,568.5
2021-05-03 09:00:00+00:00,932.0
2021-05-03 10:00:00+00:00,1265.0
2021-05-03 11:00:00+00:00,1351.75
2021-05-03 12:00:00+00:00,1482.75
2021-05-03 13:00:00+00:00,1729.5
2021-05-03 14:00:00+00:00,2163.25
2021-05-03 15:00:00+00:00,2528.25
2021-05-03 16:00:00+00:00,2516.0
2021-05-03 17:00:00+00:00,2425.25
2021-05-03 18:00:00+00:00,2319.25
2021-05-03 19:00:00+00:00,2741.0
2021-05-03 20:00:00+00:00,2835.5
2021-05-03 21:00:00+00:00,3440.75
2021-05-03 22:00:00+00:00,3665.25
2021-05-03 23:00:00+00:00,4027.5
2021-05-04 00:00:00+00:00,4615.0
2021-05-04 01:00:00+00:00,4534.75
2021-05-04 02:00:00+00:00,4670.75
2021-05-04 03:00:00+00:00,4653.75
2021-05-04 04:00:00+00:00,4440.0
2021-05-04 05:00:00+00:00,3769.5
2021-05-04 06:00:00+00:00,3516.75
2021-05-04 07:00:00+00:00,3537.5
2021-05-04 08:00:00+00:00,3522.75
2021-05-04 09:00:00+00:00,3101.25
2021-05-04 10:00:00+00:00,2950.5
2021-05-04 11:00:00+00:00,2953.75
2021-05-04 12:00:00+00:00,2894.75
2021-05-04 13:00:00+00:00,2935.25
2021-05-04 14:00:00+00:00,2908.25
2021-05-04 15:00:00+00:00,2977.0
2021-05-04 16:00:00+00:00,2954.25
2021-05-04 17:00:00+00:00,2958.0
2021-05-04 18:00:00+00:00,2955.25
2021-05-04 19:00:00+00:00,3120.25
2021-05-04 20:00:00+00:00,3380.75
2021-05-04 21:00:00+00:00,3561.0
2021-05-04 22:00:00+00:00,3774.0
2021-05-04 23:00:00+00:00,3718.0
2021-05-05 00:00:00+00:00,3719.25
2021-05-05 01:00:00+00:00,3758.75
2021-05-05 02:00:00+00:00,3749.0
2021-05-05 03:00:00+00:00,3759.75
2021-05-05 04:00:00+00:00,3360.5
2021-05-05 05:00:00+00:00,3407.25
2021-05-05 06:00:00+00:00,3911.5
2021-05-05 07:00:00+00:00,3625.0
2021-05-05 08:00:00+00:00,3222.5
2021-05-05 09:00:00+00:00,3259.25
2021-05-05 10:00:00+00:00,3693.0
2021-05-05 11:00:00+00:00,3874.5
2021-05-05 12:00:00+00:00,3879.75
2021-05-05 13:00:00+00:00,3878.75
2021-05-05 14:00:00+00:00,3865.75
2021-05-05 15:00:00+00:00,3758.25
2021-05-05 16:00:00+00:00,3325.25
2021-05-05 17:00:00+00:00,2740.0
2021-05-05 18:00:00+00:00,1777.0
2021-05-05 19:00:00+00:00,1766.0
2021-05-05 20:00:00+00:00,1767.75
2021-05-05 21:00:00+00:00,1768.0
2021-05-05 22:00:00+00:00,1767.0
2021-05-05 23:00:00+00:00,1769.0
2021-05-06 00:00:00+00:00,1832.0
2021-05-06 01:00:00+00:00,2451.0
2021-05-06 02:00:00+00:00,2600.25
2021-05-06 03:00:00+00:00,2676.25
2021-05-06 04:00:00+00:00,2870.5
2021-05-06 05:00:00+00:00,3141.0
2021-05-06 06:00:00+00:00,3124.0
2021-05-06 07:00:00+00:00,3492.0
2021-05-06 08:00:00+00:00,3244.75
2021-05-06 09:00:00+00:00,3031.5
2021-05-06 10:00:00+00:00,2621.25
2021-05-06 11:00:00+00:00,2121.5
2021-05-06 12:00:00+00:00,1754.75
2021-05-06 13:00:00+00:00,1434.25
2021-05-06 14:00:00+00:00,1267.5
2021-05-06 15:00:00+00:00,1084.25
2021-05-06 16:00:00+00:00,883.5
2021-05-06 17:00:00+00:00,923.0
2021-05-06 18:00:00+00:00,717.25
2021-05-06 19:00:00+00:00,602.0
2021-05-06 20:00:00+00:00,447.75
2021-05-06 21:00:00+00:00,448.25
2021-05-06 22:00:00+00:00,381.5
2021-05-06 23:00:00+00:00,584.25
2021-05-07 00:00:00+00:00,678.75
2021-05-07 01:00:00+00:00,905.5
2021-05-07 02:00:00+00:00,1000.5
2021-05-07 03:00:00+00:00,1254.75
2021-05-07 04:00:00+00:00,1517.25
2021-05-07 05:00:00+00:00,1729.75
2021-05-07 06:00:00+00:00,1947.25
2021-05-07 07:00:00+00:00,1938.25
2021-05-07 08:00:00+00:00,2332.0
2021-05-07 09:00:00+00:00,2878.25
2021-05-07 10:00:00+00:00,3043.25
2021-05-07 11:00:00+00:00,3160.75
2021-05-07 12:00:00+00:00,3415.0
2021-05-07 13:00:00+00:00,3284.75
2021-05-07 14:00:00+00:00,3289.0
2021-05-07 15:00:00+00:00,3248.5
2021-05-07 16:00:00+00:00,3465.5
2021-05-07 17:00:00+00:00,3822.0
2021-05-07 18:00:00+00:00,3177.5
2021-05-07 19:00:00+00:00,2572.0
2021-05-07 20:00:00+00:00,2088.75
2021-05-07 21:00:00+00:00,1882.5
2021-05-07 22:00:00+00:00,1607.0
2021-05-07 23:00:00+00:00,1486.75
2021-05-08 00:00:00+00:00,1293.75
2021-05-08 01:00:00+00:00,1110.0
2021-05-08 02:00:00+00:00,859.0
2021-05-08 03:00:00+00:00,675.75
2021-05-08 04:00:00+00:00,564.25
2021-05-08 05:00:00+00:00,569.0
2021-05-08 06:00:00+00:00,621.5
2021-05-08 07:00:00+00:00,896.25
2021-05-08 08:00:00+00:00,1367.0
2021-05-08 09:00:00+00:00,1615.25
2021-05-08 10:00:00+00:00,2045.75
2021-05-08 11:00:00+00:00,2612.25
2021-05-08 12:00:00+00:00,2891.0
2021-05-08 13:00:00+00:00,2701.5
2021-05-08 14:00:00+00:00,2599.0
2021-05-08 15:00:00+00:00,3344.0
2021-05-08 16:00:00+00:00,3795.25
2021-05-08 17:00:00+00:00,3994.5
2021-05-08 18:00:00+00:00,3742.75
2021-05-08 19:00:00+00:00,3565.5
2021-05-08 20:00:00+00:00,3412.5
2021-05-08 21:00:00+00:00,3597.25
2021-05-08 22:00:00+00:00,3704.25
2021-05-08 23:00:00+00:00,3566.0
2021-05-09 00:00:00+00:00,4145.5
2021-05-09 01:00:00+00:00,4588.25
2021-05-09 02:00:00+00:00,4615.25
2021-05-09 03:00:00+00:00,4636.75
2021-05-09 04:00:00+00:00,4495.5
2021-05-09 05:00:00+00:00,4560.0
2021-05-09 06:00:00+00:00,4794.25
2021-05-09 07:00:00+00:00,5060.5
2021-05-09 08:00:00+00:00,3469.5
2021-05-09 09:00:00+00:00,2807.25
2021-05-09 10:00:00+00:00,2151.75
2021-05-09 11:00:00+00:00,1897.0
2021-05-09 12:00:00+00:00,1993.5
2021-05-09 13:00:00+00:00,1971.5
2021-05-09 14:00:00+00:00,1870.5
2021-05-09 15:00:00+00:00,2145.75
2021-05-09 16:00:00+00:00,2961.5
2021-05-09 17:00:00+00:00,2654.25
2021-05-09 18:00:00+00:00,2290.25
2021-05-09 19:00:00+00:00,1201.0
2021-05-09 20:00:00+00:00,1263.25
2021-05-09 21:00:00+00:00,1345.25
2021-05-09 22:00:00+00:00,1895.75
2021-05-09 23:00:00+00:00,2228.25
2021-05-10 00:00:00+00:00,1404.5
2021-05-10 01:00:00+00:00,1039.0
2021-05-10 02:00:00+00:00,1375.0
2021-05-10 03:00:00+00:00,1823.75
2021-05-10 04:00:00+00:00,3142.75
2021-05-10 05:00:00+00:00,4469.75
2021-05-10 06:00:00+00:00,4462.75
2021-05-10 07:00:00+00:00,4015.75
2021-05-10 08:00:00+00:00,3692.0
2021-05-10 09:00:00+00:00,3501.5
2021-05-10 10:00:00+00:00,3253.5
2021-05-10 11:00:00+00:00,2871.25
2021-05-10 12:00:00+00:00,3094.25
2021-05-10 13:00:00+00:00,3329.75
2021-05-10 14:00:00+00:00,3189.5
2021-05-10 15:00:00+00:00,2750.25
2021-05-10 16:00:00+00:00,2104.0
2021-05-10 17:00:00+00:00,1753.75
2021-05-10 18:00:00+00:00,1633.25
2021-05-10 19:00:00+00:00,1801.75
2021-05-10 20:00:00+00:00,1415.5
2021-05-10 21:00:00+00:00,996.25
2021-05-10 22:00:00+00:00,715.0
2021-05-10 23:00:00+00:00,659.25
2021-05-11 00:00:00+00:00,926.75
2021-05-11 01:00:00+00:00,1067.25
2021-05-11 02:00:00+00:00,1378.5
2021-05-11 03:00:00+00:00,1431.75
2021-05-11 04:00:00+00:00,1444.0
2021-05-11 05:00:00+00:00,1519.25
2021-05-11 06:00:00+00:00,1284.25
2021-05-11 07:00:00+00:00,861.75
2021-05-11 08:00:00+00:00,850.75
2021-05-11 09:00:00+00:00,670.25
2021-05-11 10:00:00+00:00,573.0
2021-05-11 11:00:00+00:00,372.75
2021-05-11 12:00:00+00:00,278.25
2021-05-11 13:00:00+00:00,331.0
2021-05-11 14:00:00+00:00,398.0
2021-05-11 15:00:00+00:00,653.0
2021-05-11 16:00:00+00:00,743.0
2021-05-11 17:00:00+00:00,760.0
2021-05-11 18:00:00+00:00,711.75
2021-05-11 19:00:00+00:00,614.75
2021-05-11 20:00:00+00:00,495.0
2021-05-11 21:00:00+00:00,506.0
2021-05-11 22:00:00+00:00,816.5
2021-05-11 23:00:00+00:00,820.25
2021-05-12 00:00:00+00:00,560.0
2021-05-12 01:00:00+00:00,268.75
2021-05-12 02:00:00+00:00,111.5
2021-05-12 03:00:00+00:00,248.25
2021-05-12 04:00:00+00:00,507.75
2021-05-12 05:00:00+00:00,740.5
2021-05-12 06:00:00+00:00,854.0
2021-05-12 07:00:00+00:00,814.5
2021-05-12 08:00:00+00:00,821.25
2021-05-12 09:00:00+00:00,869.25
2021-05-12 10:00:00+00:00,971.25
2021-05-12 11:00:00+00:00,875.75
2021-05-12 12:00:00+00:00,741.0
2021-05-12 13:00:00+00:00,659.25
2021-05-12 14:00:00+00:00,548.25
2021-05-12 15:00:00+00:00,570.75
2021-05-12 16:00:00+00:00,526.0
2021-05-12 17:00:00+00:00,392.0
2021-05-12 18:00:00+00:00,372.25
2021-05-12 19:00:00+00:00,335.0
2021-05-12 20:00:00+00:00,293.25
2021-05-12 21:00:00+00:00,274.5
2021-05-12 22:00:00+00:00,402.75
2021-05-12 23:00:00+00:00,283.25
2021-05-13 00:00:00+00:00,258.25
2021-05-13 01:00:00+00:00,213.25
2021-05-13 02:00:00+00:00,170.75
2021-05-13 03:00:00+00:00,176.25
2021-05-13 04:00:00+00:00,152.0
2021-05-13 05:00:00+00:00,193.5
2021-05-13 06:00:00+00:00,246.75
2021-05-13 07:00:00+00:00,398.25
2021-05-13 08:00:00+00:00,375.0
2021-05-13 09:00:00+00:00,249.75
2021-05-13 10:00:00+00:00,194.0
2021-05-13 11:00:00+00:00,197.0
2021-05-13 12:00:00+00:00,201.5
2021-05-13 13:00:00+00:00,224.5
2021-05-13 14:00:00+00:00,290.0
2021-05-13 15:00:00+00:00,336.0
2021-05-13 16:00:00+00:00,323.25
2021-05-13 17:00:00+00:00,381.75
2021-05-13 18:00:00+00:00,480.25
2021-05-13 19:00:00+00:00,533.0
2021-05-13 20:00:00+00:00,534.25
2021-05-13 21:00:00+00:00,598.0
2021-05-13 22:00:00+00:00,727.25
2021-05-13 23:00:00+00:00,757.75
2021-05-14 00:00:00+00:00,728.5
2021-05-14 01:00:00+00:00,624.25
2021-05-14 02:00:00+00:00,639.0
2021-05-14 03:00:00+00:00,711.75
2021-05-14 04:00:00+00:00,797.5
2021-05-14 05:00:00+00:00,898.75
2021-05-14 06:00:00+00:00,773.25
2021-05-14 07:00:00+00:00,558.75
2021-05-14 08:00:00+00:00,337.0
2021-05-14 09:00:00+00:00,325.75
2021-05-14 10:00:00+00:00,451.5
2021-05-14 11:00:00+00:00,700.0
2021-05-14 12:00:00+00:00,741.0
2021-05-14 13:00:00+00:00,749.25
2021-05-14 14:00:00+00:00,641.25
2021-05-14 15:00:00+00:00,501.0
2021-05-14 16:00:00+00:00,479.5
2021-05-14 17:00:00+00:00,558.75
2021-05-14 18:00:00+00:00,571.75
2021-05-14 19:00:00+00:00,542.0
2021-05-14 20:00:00+00:00,620.0
2021-05-14 21:00:00+00:00,736.5
2021-05-14 22:00:00+00:00,904.75
2021-05-14 23:00:00+00:00,1010.5
2021-05-15 00:00:00+00:00,942.0
2021-05-15 01:00:00+00:00,916.0
2021-05-15 02:00:00+00:00,1037.75
2021-05-15 03:00:00+00:00,934.5
2021-05-15 04:00:00+00:00,875.0
2021-05-15 05:00:00+00:00,773.0
2021-05-15 06:00:00+00:00,730.5
2021-05-15 07:00:00+00:00,591.75
2021-05-15 08:00:00+00:00,566.25
2021-05-15 09:00:00+00:00,385.5
2021-05-15 10:00:00+00:00,196.0
2021-05-15 11:00:00+00:00,106.5
2021-05-15 12:00:00+00:00,43.5
2021-05-15 13:00:00+00:00,67.5
2021-05-15 14:00:00+00:00,131.25
2021-05-15 15:00:00+00:00,272.5
2021-05-15 16:00:00+00:00,354.75
2021-05-15 17:00:00+00:00,475.75
2021-05-15 18:00:00+00:00,611.25
2021-05-15 19:00:00+00:00,821.0
2021-05-15 20:00:00+00:00,885.0
2021-05-15 21:00:00+00:00,796.75
2021-05-15 22:00:00+00:00,779.75
2021-05-15 23:00:00+00:00,593.0
2021-05-16 00:00:00+00:00,637.75
2021-05-16 01:00:00+00:00,495.75
2021-05-16 02:00:00+00:00,210.75
2021-05-16 03:00:00+00:00,224.0
2021-05-16 04:00:00+00:00,287.0
2021-05-16 05:00:00+00:00,256.0
2021-05-16 06:00:00+00:00,98.5
2021-05-16 07:00:00+00:00,141.0
2021-05-16 08:00:00+00:00,123.75
2021-05-16 09:00:00+00:00,46.0
2021-05-16 10:00:00+00:00,36.75
2021-05-16 11:00:00+00:00,43.75
2021-05-16 12:00:00+00:00,51.25
2021-05-16 13:00:00+00:00,89.75
2021-05-16 14:00:00+00:00,128.0
2021-05-16 15:00:00+00:00,140.25
2021-05-16 16:00:00+00:00,196.5
2021-05-16 17:00:00+00:00,271.25
2021-05-16 18:00:00+00:00,295.75
2021-05-16 19:00:00+00:00,189.0
2021-05-16 20:00:00+00:00,166.25
2021-05-16 21:00:00+00:00,160.0
2021-05-16 22:00:00+00:00,135.0
2021-05-16 23:00:00+00:00,267.0
2021-05-17 00:00:00+00:00,194.5
2021-05-17 01:00:00+00:00,142.75
2021-05-17 02:00:00+00:00,100.25
2021-05-17 03:00:00+00:00,37.75
2021-05-17 04:00:00+00:00,22.5
2021-05-17 05:00:00+00:00,12.0
2021-05-17 06:00:00+00:00,10.0
2021-05-17 07:00:00+00:00,13.25
2021-05-17 08:00:00+00:00,20.5
2021-05-17 09:00:00+00:00,26.5
2021-05-17 10:00:00+00:00,24.0
2021-05-17 11:00:00+00:00,12.0
2021-05-17 12:00:00+00:00,1.0
2021-05-17 13:00:00+00:00,0.5
2021-05-17 14:00:00+00:00,11.75
2021-05-17 15:00:00+00:00,31.0
2021-05-17 16:00:00+00:00,64.75
2021-05-17 17:00:00+00:00,75.0
2021-05-17 18:00:00+00:00,91.0
2021-05-17 19:00:00+00:00,251.25
2021-05-17 20:00:00+00:00,358.5
2021-05-17 21:00:00+00:00,405.25
2021-05-17 22:00:00+00:00,395.75
2021-05-17 23:00:00+00:00,440.25
2021-05-18 00:00:00+00:00,440.0
2021-05-18 01:00:00+00:00,271.0
2021-05-18 02:00:00+00:00,309.75
2021-05-18 03:00:00+00:00,360.75
2021-05-18 04:00:00+00:00,304.0
2021-05-18 05:00:00+00:00,203.0
2021-05-18 06:00:00+00:00,159.75
2021-05-18 07:00:00+00:00,167.25
2021-05-18 08:00:00+00:00,134.25
2021-05-18 09:00:00+00:00,190.0
2021-05-18 10:00:00+00:00,272.75
2021-05-18 11:00:00+00:00,353.25
2021-05-18 12:00:00+00:00,396.25
2021-05-18 13:00:00+00:00,401.75
2021-05-18 14:00:00+00:00,518.25
2021-05-18 15:00:00+00:00,536.0
2021-05-18 16:00:00+00:00,457.25
2021-05-18 17:00:00+00:00,366.75
2021-05-18 18:00:00+00:00,316.5
2021-05-18 19:00:00+00:00,332.25
2021-05-18 20:00:00+00:00,376.75
2021-05-18 21:00:00+00:00,370.5
2021-05-18 22:00:00+00:00,300.25
2021-05-18 23:00:00+00:00,349.5
2021-05-19 00:00:00+00:00,406.0
2021-05-19 01:00:00+00:00,363.25
2021-05-19 02:00:00+00:00,270.0
2021-05-19 03:00:00+00:00,191.5
2021-05-19 04:00:00+00:00,193.0
2021-05-19 05:00:00+00:00,189.5
2021-05-19 06:00:00+00:00,160.5
2021-05-19 07:00:00+00:00,147.25
2021-05-19 08:00:00+00:00,149.75
2021-05-19 09:00:00+00:00,184.25
2021-05-19 10:00:00+00:00,207.5
2021-05-19 11:00:00+00:00,279.0
2021-05-19 12:00:00+00:00,441.5
2021-05-19 13:00:00+00:00,518.75
2021-05-19 14:00:00+00:00,553.5
2021-05-19 15:00:00+00:00,482.0
2021-05-19 16:00:00+00:00,409.5
2021-05-19 17:00:00+00:00,395.0
2021-05-19 18:00:00+00:00,440.5
2021-05-19 19:00:00+00:00,517.5
2021-05-19 20:00:00+00:00,525.25
2021-05-19 21:00:00+00:00,581.5
2021-05-19 22:00:00+00:00,521.75
2021-05-19 23:00:00+00:00,591.75
2021-05-20 00:00:00+00:00,705.75
2021-05-20 01:00:00+00:00,907.25
2021-05-20 02:00:00+00:00,922.75
2021-05-20 03:00:00+00:00,844.0
2021-05-20 04:00:00+00:00,733.0
2021-05-20 05:00:00+00:00,574.25
2021-05-20 06:00:00+00:00,634.75
2021-05-20 07:00:00+00:00,590.25
2021-05-20 08:00:00+00:00,523.75
2021-05-20 09:00:00+00:00,697.25
2021-05-20 10:00:00+00:00,873.0
2021-05-20 11:00:00+00:00,995.25
2021-05-20 12:00:00+00:00,1079.25
2021-05-20 13:00:00+00:00,1125.5
2021-05-20 14:00:00+00:00,972.75
2021-05-20 15:00:00+00:00,825.25
2021-05-20 16:00:00+00:00,910.25
2021-05-20 17:00:00+00:00,951.0
2021-05-20 18:00:00+00:00,1389.5
2021-05-20 19:00:00+00:00,1949.5
2021-05-20 20:00:00+00:00,2415.5
2021-05-20 21:00:00+00:00,2777.5
2021-05-20 22:00:00+00:00,3451.0
2021-05-20 23:00:00+00:00,4220.25
2021-05-21 00:00:00+00:00,4031.0
2021-05-21 01:00:00+00:00,4326.25
2021-05-21 02:00:00+00:00,4447.5
2021-05-21 03:00:00+00:00,4452.0
2021-05-21 04:00:00+00:00,4857.0
2021-05-21 05:00:00+00:00,4830.25
2021-05-21 06:00:00+00:00,4743.5
2021-05-21 07:00:00+00:00,4757.25
2021-05-21 08:00:00+00:00,4990.0
2021-05-21 09:00:00+00:00,4779.0
2021-05-21 10:00:00+00:00,4575.75
2021-05-21 11:00:00+00:00,4533.25
2021-05-21 12:00:00+00:00,4765.25
2021-05-21 13:00:00+00:00,4586.5
2021-05-21 14:00:00+00:00,4528.5
2021-05-21 15:00:00+00:00,4406.75
2021-05-21 16:00:00+00:00,4646.0
2021-05-21 17:00:00+00:00,4644.25
2021-05-21 18:00:00+00:00,4359.0
2021-05-21 19:00:00+00:00,4438.25
2021-05-21 20:00:00+00:00,4421.5
2021-05-21 21:00:00+00:00,4335.25
2021-05-21 22:00:00+00:00,4601.0
2021-05-21 23:00:00+00:00,4827.5
2021-05-22 00:00:00+00:00,4977.5
2021-05-22 01:00:00+00:00,5146.75
2021-05-22 02:00:00+00:00,4622.5
2021-05-22 03:00:00+00:00,4460.75
2021-05-22 04:00:00+00:00,4571.75
2021-05-22 05:00:00+00:00,4608.75
2021-05-22 06:00:00+00:00,4365.5
2021-05-22 07:00:00+00:00,3915.5
2021-05-22 08:00:00+00:00,3717.5
2021-05-22 09:00:00+00:00,3496.75
2021-05-22 10:00:00+00:00,3612.5
2021-05-22 11:00:00+00:00,3651.0
2021-05-22 12:00:00+00:00,3552.25
2021-05-22 13:00:00+00:00,3657.25
2021-05-22 14:00:00+00:00,3707.0
2021-05-22 15:00:00+00:00,4019.25
2021-05-22 16:00:00+00:00,5316.75
2021-05-22 17:00:00+00:00,5096.0
2021-05-22 18:00:00+00:00,4845.75
2021-05-22 19:00:00+00:00,5044.75
2021-05-22 20:00:00+00:00,5280.5
2021-05-22 21:00:00+00:00,5285.25
2021-05-22 22:00:00+00:00,5237.25
2021-05-22 23:00:00+00:00,5377.75
2021-05-23 00:00:00+00:00,5534.25
2021-05-23 01:00:00+00:00,5530.25
2021-05-23 02:00:00+00:00,5701.25
2021-05-23 03:00:00+00:00,5724.5
2021-05-23 04:00:00+00:00,5374.0
2021-05-23 05:00:00+00:00,4595.5
2021-05-23 06:00:00+00:00,4029.25
2021-05-23 07:00:00+00:00,3343.0
2021-05-23 08:00:00+00:00,2813.0
2021-05-23 09:00:00+00:00,2384.0
2021-05-23 10:00:00+00:00,2181.5
2021-05-23 11:00:00+00:00,2044.0
2021-05-23 12:00:00+00:00,2226.25
2021-05-23 13:00:00+00:00,2098.5
2021-05-23 14:00:00+00:00,2254.0
2021-05-23 15:00:00+00:00,2418.75
2021-05-23 16:00:00+00:00,2641.25
2021-05-23 17:00:00+00:00,2389.75
2021-05-23 18:00:00+00:00,1610.75
2021-05-23 19:00:00+00:00,1303.75
2021-05-23 20:00:00+00:00,1395.75
2021-05-23 21:00:00+00:00,2206.5
2021-05-23 22:00:00+00:00,2963.0
2021-05-23 23:00:00+00:00,3908.0
2021-05-24 00:00:00+00:00,3946.25
2021-05-24 01:00:00+00:00,3409.0
2021-05-24 02:00:00+00:00,4080.0
2021-05-24 03:00:00+00:00,4030.25
2021-05-24 04:00:00+00:00,4220.75
2021-05-24 05:00:00+00:00,4467.75
2021-05-24 06:00:00+00:00,4794.5
2021-05-24 07:00:00+00:00,4140.75
2021-05-24 08:00:00+00:00,4324.5
2021-05-24 09:00:00+00:00,4253.0
2021-05-24 10:00:00+00:00,3659.25
2021-05-24 11:00:00+00:00,2611.25
2021-05-24 12:00:00+00:00,1673.75
2021-05-24 13:00:00+00:00,1322.25
2021-05-24 14:00:00+00:00,1187.25
2021-05-24 15:00:00+00:00,1287.0
2021-05-24 16:00:00+00:00,1119.5
2021-05-24 17:00:00+00:00,986.0
2021-05-24 18:00:00+00:00,995.75
2021-05-24 19:00:00+00:00,952.75
2021-05-24 20:00:00+00:00,878.75
2021-05-24 21:00:00+00:00,802.25
2021-05-24 22:00:00+00:00,875.25
2021-05-24 23:00:00+00:00,902.5
2021-05-25 00:00:00+00:00,837.0
2021-05-25 01:00:00+00:00,726.25
2021-05-25 02:00:00+00:00,744.25
2021-05-25 03:00:00+00:00,1106.5
2021-05-25 04:00:00+00:00,818.0
2021-05-25 05:00:00+00:00,778.25
2021-05-25 06:00:00+00:00,567.75
2021-05-25 07:00:00+00:00,652.75
2021-05-25 08:00:00+00:00,981.25
2021-05-25 09:00:00+00:00,1043.5
2021-05-25 10:00:00+00:00,1085.0
2021-05-25 11:00:00+00:00,1343.5
2021-05-25 12:00:00+00:00,1446.75
2021-05-25 13:00:00+00:00,1329.5
2021-05-25 14:00:00+00:00,1558.25
2021-05-25 15:00:00+00:00,1857.5
2021-05-25 16:00:00+00:00,1881.75
2021-05-25 17:00:00+00:00,1920.0
2021-05-25 18:00:00+00:00,2021.75
2021-05-25 19:00:00+00:00,1978.75
2021-05-25 20:00:00+00:00,1917.0
2021-05-25 21:00:00+00:00,2182.0
2021-05-25 22:00:00+00:00,2467.75
2021-05-25 23:00:00+00:00,2793.5
2021-05-26 00:00:00+00:00,2849.75
2021-05-26 01:00:00+00:00,2968.0
2021-05-26 02:00:00+00:00,3279.5
2021-05-26 03:00:00+00:00,3755.75
2021-05-26 04:00:00+00:00,4472.5
2021-05-26 05:00:00+00:00,4720.75
2021-05-26 06:00:00+00:00,4937.0
2021-05-26 07:00:00+00:00,4538.0
2021-05-26 08:00:00+00:00,2205.0
2021-05-26 09:00:00+00:00,2158.0
2021-05-26 10:00:00+00:00,1786.5
2021-05-26 11:00:00+00:00,1879.0
2021-05-26 12:00:00+00:00,1959.25
2021-05-26 13:00:00+00:00,2120.75
2021-05-26 14:00:00+00:00,2462.25
2021-05-26 15:00:00+00:00,2985.75
2021-05-26 16:00:00+00:00,3697.75
2021-05-26 17:00:00+00:00,4018.25
2021-05-26 18:00:00+00:00,4188.5
2021-05-26 19:00:00+00:00,4597.75
2021-05-26 20:00:00+00:00,4879.5
2021-05-26 21:00:00+00:00,4938.25
2021-05-26 22:00:00+00:00,4923.25
2021-05-26 23:00:00+00:00,4488.75
2021-05-27 00:00:00+00:00,4335.0
2021-05-27 01:00:00+00:00,4330.75
2021-05-27 02:00:00+00:00,4129.25
2021-05-27 03:00:00+00:00,3872.25
2021-05-27 04:00:00+00:00,3439.0
2021-05-27 05:00:00+00:00,2867.0
2021-05-27 06:00:00+00:00,3104.25
2021-05-27 07:00:00+00:00,3067.0
2021-05-27 08:00:00+00:00,2930.75
2021-05-27 09:00:00+00:00,3058.5
2021-05-27 10:00:00+00:00,3370.75
2021-05-27 11:00:00+00:00,3385.75
2021-05-27 12:00:00+00:00,2832.25
2021-05-27 13:00:00+00:00,2739.5
2021-05-27 14:00:00+00:00,2309.75
2021-05-27 15:00:00+00:00,2157.0
2021-05-27 16:00:00+00:00,2438.75
2021-05-27 17:00:00+00:00,2662.25
2021-05-27 18:00:00+00:00,2144.5
2021-05-27 19:00:00+00:00,1706.25
2021-05-27 20:00:00+00:00,1649.25
2021-05-27 21:00:00+00:00,1567.0
2021-05-27 22:00:00+00:00,1427.0
2021-05-27 23:00:00+00:00,1491.25
2021-05-28 00:00:00+00:00,1403.5
2021-05-28 01:00:00+00:00,1197.0
2021-05-28 02:00:00+00:00,1218.75
2021-05-28 03:00:00+00:00,1473.0
2021-05-28 04:00:00+00:00,1525.0
2021-05-28 05:00:00+00:00,1420.0
2021-05-28 06:00:00+00:00,1190.5
2021-05-28 07:00:00+00:00,900.0
2021-05-28 08:00:00+00:00,943.5
2021-05-28 09:00:00+00:00,1010.75
2021-05-28 10:00:00+00:00,990.5
2021-05-28 11:00:00+00:00,1036.0
2021-05-28 12:00:00+00:00,847.0
2021-05-28 13:00:00+00:00,632.25
2021-05-28 14:00:00+00:00,779.5
2021-05-28 15:00:00+00:00,566.25
2021-05-28 16:00:00+00:00,503.0
2021-05-28 17:00:00+00:00,418.25
2021-05-28 18:00:00+00:00,385.5
2021-05-28 19:00:00+00:00,382.25
2021-05-28 20:00:00+00:00,422.25
2021-05-28 21:00:00+00:00,406.75
2021-05-28 22:00:00+00:00,446.75
2021-05-28 23:00:00+00:00,504.25
2021-05-29 00:00:00+00:00,641.5
2021-05-29 01:00:00+00:00,732.5
2021-05-29 02:00:00+00:00,798.5
2021-05-29 03:00:00+00:00,848.75
2021-05-29 04:00:00+00:00,944.75
2021-05-29 05:00:00+00:00,1073.5
2021-05-29 06:00:00+00:00,1154.0
2021-05-29 07:00:00+00:00,1101.25
2021-05-29 08:00:00+00:00,1072.0
2021-05-29 09:00:00+00:00,1082.0
2021-05-29 10:00:00+00:00,917.5
2021-05-29 11:00:00+00:00,633.75
2021-05-29 12:00:00+00:00,454.75
2021-05-29 13:00:00+00:00,409.5
2021-05-29 14:00:00+00:00,526.0
2021-05-29 15:00:00+00:00,575.75
2021-05-29 16:00:00+00:00,662.5
2021-05-29 17:00:00+00:00,692.75
2021-05-29 18:00:00+00:00,628.5
2021-05-29 19:00:00+00:00,604.75
2021-05-29 20:00:00+00:00,529.0
2021-05-29 21:00:00+00:00,535.75
2021-05-29 22:00:00+00:00,496.25
2021-05-29 23:00:00+00:00,504.25
2021-05-30 00:00:00+00:00,393.0
2021-05-30 01:00:00+00:00,336.5
2021-05-30 02:00:00+00:00,345.5
2021-05-30 03:00:00+00:00,323.5
2021-05-30 04:00:00+00:00,284.25
2021-05-30 05:00:00+00:00,204.0
2021-05-30 06:00:00+00:00,113.0
2021-05-30 07:00:00+00:00,93.5
2021-05-30 08:00:00+00:00,98.25
2021-05-30 09:00:00+00:00,105.0
2021-05-30 10:00:00+00:00,97.75
2021-05-30 11:00:00+00:00,142.75
2021-05-30 12:00:00+00:00,164.75
2021-05-30 13:00:00+00:00,148.25
2021-05-30 14:00:00+00:00,142.75
2021-05-30 15:00:00+00:00,168.0
2021-05-30 16:00:00+00:00,203.5
2021-05-30 17:00:00+00:00,228.0
2021-05-30 18:00:00+00:00,286.5
2021-05-30 19:00:00+00:00,240.5
2021-05-30 20:00:00+00:00,224.75
2021-05-30 21:00:00+00:00,209.5
2021-05-30 22:00:00+00:00,163.75
2021-05-30 23:00:00+00:00,219.25
2021-05-31 00:00:00+00:00,223.75
2021-05-31 01:00:00+00:00,189.5
2021-05-31 02:00:00+00:00,202.25
2021-05-31 03:00:00+00:00,157.25
2021-05-31 04:00:00+00:00,82.75
2021-05-31 05:00:00+00:00,65.25
2021-05-31 06:00:00+00:00,81.75
2021-05-31 07:00:00+00:00,111.5
2021-05-31 08:00:00+00:00,120.5
2021-05-31 09:00:00+00:00,107.75
2021-05-31 10:00:00+00:00,110.25
2021-05-31 11:00:00+00:00,131.0
2021-05-31 12:00:00+00:00,187.75
2021-05-31 13:00:00+00:00,322.5
2021-05-31 14:00:00+00:00,377.5
2021-05-31 15:00:00+00:00,505.75
2021-05-31 16:00:00+00:00,781.5
2021-05-31 17:00:00+00:00,884.25
2021-05-31 18:00:00+00:00,980.25
2021-05-31 19:00:00+00:00,875.0
2021-05-31 20:00:00+00:00,864.75
2021-05-31 21:00:00+00:00,944.25
2021-05-31 22:00:00+00:00,1076.25
2021-05-31 23:00:00+00:00,1153.0
2021-06-01 00:00:00+00:00,1221.0
2021-06-01 01:00:00+00:00,1210.0
2021-06-01 02:00:00+00:00,1179.75
2021-06-01 03:00:00+00:00,1081.5
2021-06-01 04:00:00+00:00,762.5
2021-06-01 05:00:00+00:00,469.0
2021-06-01 06:00:00+00:00,349.0
2021-06-01 07:00:00+00:00,306.75
2021-06-01 08:00:00+00:00,261.5
2021-06-01 09:00:00+00:00,155.5
2021-06-01 10:00:00+00:00,115.5
2021-06-01 11:00:00+00:00,108.75
2021-06-01 12:00:00+00:00,294.25
2021-06-01 13:00:00+00:00,720.5
2021-06-01 14:00:00+00:00,1009.0
2021-06-01 15:00:00+00:00,1063.0
2021-06-01 16:00:00+00:00,1301.0
2021-06-01 17:00:00+00:00,1431.0
2021-06-01 18:00:00+00:00,1371.5
2021-06-01 19:00:00+00:00,1263.25
2021-06-01 20:00:00+00:00,1115.5
2021-06-01 21:00:00+00:00,1168.75
2021-06-01 22:00:00+00:00,1368.0
2021-06-01 23:00:00+00:00,1579.5
2021-06-02 00:00:00+00:00,1456.25
2021-06-02 01:00:00+00:00,1457.5
2021-06-02 02:00:00+00:00,1375.25
2021-06-02 03:00:00+00:00,1284.25
2021-06-02 04:00:00+00:00,1832.75
2021-06-02 05:00:00+00:00,2633.25
2021-06-02 06:00:00+00:00,3535.25
2021-06-02 07:00:00+00:00,4216.0
2021-06-02 08:00:00+00:00,4332.25
2021-06-02 09:00:00+00:00,4492.25
2021-06-02 10:00:00+00:00,4348.25
2021-06-02 11:00:00+00:00,4261.75
2021-06-02 12:00:00+00:00,4006.25
2021-06-02 13:00:00+00:00,3885.25
2021-06-02 14:00:00+00:00,4073.5
2021-06-02 15:00:00+00:00,4205.0
2021-06-02 16:00:00+00:00,4519.5
2021-06-02 17:00:00+00:00,4567.75
2021-06-02 18:00:00+00:00,4565.75
2021-06-02 19:00:00+00:00,4484.5
2021-06-02 20:00:00+00:00,4151.25
2021-06-02 21:00:00+00:00,3702.5
2021-06-02 22:00:00+00:00,3129.25
2021-06-02 23:00:00+00:00,2822.75
2021-06-03 00:00:00+00:00,2767.75
2021-06-03 01:00:00+00:00,2447.75
2021-06-03 02:00:00+00:00,2014.5
2021-06-03 03:00:00+00:00,1788.25
2021-06-03 04:00:00+00:00,1791.0
2021-06-03 05:00:00+00:00,2000.75
2021-06-03 06:00:00+00:00,1849.75
2021-06-03 07:00:00+00:00,1641.0
2021-06-03 08:00:00+00:00,1638.75
2021-06-03 09:00:00+00:00,1723.25
2021-06-03 10:00:00+00:00,1535.75
2021-06-03 11:00:00+00:00,1059.25
2021-06-03 12:00:00+00:00,982.5
2021-06-03 13:00:00+00:00,1178.5
2021-06-03 14:00:00+00:00,1485.0
2021-06-03 15:00:00+00:00,2338.5
2021-06-03 16:00:00+00:00,3291.25
2021-06-03 17:00:00+00:00,4348.0
2021-06-03 18:00:00+00:00,4040.0
2021-06-03 19:00:00+00:00,2988.0
2021-06-03 20:00:00+00:00,2811.25
2021-06-03 21:00:00+00:00,2544.5
2021-06-03 22:00:00+00:00,2255.0
2021-06-03 23:00:00+00:00,1993.5
2021-06-04 00:00:00+00:00,1690.25
2021-06-04 01:00:00+00:00,1296.75
2021-06-04 02:00:00+00:00,1005.75
2021-06-04 03:00:00+00:00,689.75
2021-06-04 04:00:00+00:00,466.0
2021-06-04 05:00:00+00:00,279.25
2021-06-04 06:00:00+00:00,167.5
2021-06-04 07:00:00+00:00,113.0
2021-06-04 08:00:00+00:00,119.25
2021-06-04 09:00:00+00:00,100.5
2021-06-04 10:00:00+00:00,73.5
2021-06-04 11:00:00+00:00,142.5
2021-06-04 12:00:00+00:00,255.5
2021-06-04 13:00:00+00:00,249.75
2021-06-04 14:00:00+00:00,224.5
2021-06-04 15:00:00+00:00,272.25
2021-06-04 16:00:00+00:00,345.75
2021-06-04 17:00:00+00:00,446.5
2021-06-04 18:00:00+00:00,579.0
2021-06-04 19:00:00+00:00,863.0
2021-06-04 20:00:00+00:00,1039.5
2021-06-04 21:00:00+00:00,1050.0
2021-06-04 22:00:00+00:00,994.0
2021-06-04 23:00:00+00:00,842.75
2021-06-05 00:00:00+00:00,785.0
2021-06-05 01:00:00+00:00,693.0
2021-06-05 02:00:00+00:00,734.25
2021-06-05 03:00:00+00:00,793.25
2021-06-05 04:00:00+00:00,864.5
2021-06-05 05:00:00+00:00,851.25
2021-06-05 06:00:00+00:00,796.5
2021-06-05 07:00:00+00:00,681.5
2021-06-05 08:00:00+00:00,748.75
2021-06-05 09:00:00+00:00,937.0
2021-06-05 10:00:00+00:00,659.25
2021-06-05 11:00:00+00:00,623.75
2021-06-05 12:00:00+00:00,820.5
2021-06-05 13:00:00+00:00,782.5
2021-06-05 14:00:00+00:00,764.0
2021-06-05 15:00:00+00:00,641.5
2021-06-05 16:00:00+00:00,589.25
2021-06-05 17:00:00+00:00,586.0
2021-06-05 18:00:00+00:00,675.25
2021-06-05 19:00:00+00:00,680.0
2021-06-05 20:00:00+00:00,658.75
2021-06-05 21:00:00+00:00,687.5
2021-06-05 22:00:00+00:00,827.75
2021-06-05 23:00:00+00:00,1021.0
2021-06-06 00:00:00+00:00,1173.75
2021-06-06 01:00:00+00:00,1184.25
2021-06-06 02:00:00+00:00,1333.75
2021-06-06 03:00:00+00:00,1577.0
2021-06-06 04:00:00+00:00,1856.0
2021-06-06 05:00:00+00:00,2044.25
2021-06-06 06:00:00+00:00,2064.0
2021-06-06 07:00:00+00:00,2146.5
2021-06-06 08:00:00+00:00,1884.5
2021-06-06 09:00:00+00:00,1732.5
2021-06-06 10:00:00+00:00,1624.25
2021-06-06 11:00:00+00:00,1452.0
2021-06-06 12:00:00+00:00,1308.25
2021-06-06 13:00:00+00:00,1250.5
2021-06-06 14:00:00+00:00,1316.5
2021-06-06 15:00:00+00:00,1430.25
2021-06-06 16:00:00+00:00,1425.75
2021-06-06 17:00:00+00:00,1456.0
2021-06-06 18:00:00+00:00,1377.25
2021-06-06 19:00:00+00:00,1403.25
2021-06-06 20:00:00+00:00,1262.5
2021-06-06 21:00:00+00:00,1135.75
2021-06-06 22:00:00+00:00,1049.25
2021-06-06 23:00:00+00:00,895.0
2021-06-07 00:00:00+00:00,711.5
2021-06-07 01:00:00+00:00,521.5
2021-06-07 02:00:00+00:00,419.25
2021-06-07 03:00:00+00:00,262.25
2021-06-07 04:00:00+00:00,252.5
2021-06-07 05:00:00+00:00,244.5
2021-06-07 06:00:00+00:00,268.0
2021-06-07 07:00:00+00:00,279.75
2021-06-07 08:00:00+00:00,236.5
2021-06-07 09:00:00+00:00,282.25
2021-06-07 10:00:00+00:00,211.25
2021-06-07 11:00:00+00:00,134.0
2021-06-07 12:00:00+00:00,126.25
2021-06-07 13:00:00+00:00,146.5
2021-06-07 14:00:00+00:00,244.5
2021-06-07 15:00:00+00:00,351.0
2021-06-07 16:00:00+00:00,423.0
2021-06-07 17:00:00+00:00,320.25
2021-06-07 18:00:00+00:00,293.0
2021-06-07 19:00:00+00:00,312.0
2021-06-07 20:00:00+00:00,314.25
2021-06-07 21:00:00+00:00,237.0
2021-06-07 22:00:00+00:00,141.5
2021-06-07 23:00:00+00:00,72.0
2021-06-08 00:00:00+00:00,19.25
2021-06-08 01:00:00+00:00,7.5
2021-06-08 02:00:00+00:00,19.75
2021-06-08 03:00:00+00:00,58.0
2021-06-08 04:00:00+00:00,46.0
2021-06-08 05:00:00+00:00,46.5
2021-06-08 06:00:00+00:00,52.0
2021-06-08 07:00:00+00:00,44.25
2021-06-08 08:00:00+00:00,7.5
2021-06-08 09:00:00+00:00,9.75
2021-06-08 10:00:00+00:00,18.5
2021-06-08 11:00:00+00:00,36.0
2021-06-08 12:00:00+00:00,56.75
2021-06-08 13:00:00+00:00,89.25
2021-06-08 14:00:00+00:00,125.0
2021-06-08 15:00:00+00:00,176.5
2021-06-08 16:00:00+00:00,214.75
2021-06-08 17:00:00+00:00,241.25
2021-06-08 18:00:00+00:00,190.75
2021-06-08 19:00:00+00:00,139.75
2021-06-08 20:00:00+00:00,113.75
2021-06-08 21:00:00+00:00,142.5
2021-06-08 22:00:00+00:00,147.5
2021-06-08 23:00:00+00:00,126.25
2021-06-09 00:00:00+00:00,103.75
2021-06-09 01:00:00+00:00,91.0
2021-06-09 02:00:00+00:00,56.5
2021-06-09 03:00:00+00:00,63.5
2021-06-09 04:00:00+00:00,65.5
2021-06-09 05:00:00+00:00,61.0
2021-06-09 06:00:00+00:00,50.75
2021-06-09 07:00:00+00:00,27.5
2021-06-09 08:00:00+00:00,7.0
2021-06-09 09:00:00+00:00,23.75
2021-06-09 10:00:00+00:00,47.5
2021-06-09 11:00:00+00:00,50.0
2021-06-09 12:00:00+00:00,56.0
2021-06-09 13:00:00+00:00,87.25
2021-06-09 14:00:00+00:00,151.5
2021-06-09 15:00:00+00:00,194.5
2021-06-09 16:00:00+00:00,204.0
2021-06-09 17:00:00+00:00,150.5
2021-06-09 18:00:00+00:00,131.25
2021-06-09 19:00:00+00:00,151.75
2021-06-09 20:00:00+00:00,199.75
2021-06-09 21:00:00+00:00,267.25
2021-06-09 22:00:00+00:00,340.0
2021-06-09 23:00:00+00:00,386.0
2021-06-10 00:00:00+00:00,373.25
2021-06-10 01:00:00+00:00,305.0
2021-06-10 02:00:00+00:00,315.0
2021-06-10 03:00:00+00:00,281.5
2021-06-10 04:00:00+00:00,307.75
2021-06-10 05:00:00+00:00,282.5
2021-06-10 06:00:00+00:00,273.5
2021-06-10 07:00:00+00:00,228.75
2021-06-10 08:00:00+00:00,195.25
2021-06-10 09:00:00+00:00,180.5
2021-06-10 10:00:00+00:00,187.25
2021-06-10 11:00:00+00:00,237.25
2021-06-10 12:00:00+00:00,283.75
2021-06-10 13:00:00+00:00,304.0
2021-06-10 14:00:00+00:00,363.0
2021-06-10 15:00:00+00:00,378.75
2021-06-10 16:00:00+00:00,592.5
2021-06-10 17:00:00+00:00,577.0
2021-06-10 18:00:00+00:00,432.5
2021-06-10 19:00:00+00:00,237.0
2021-06-10 20:00:00+00:00,125.25
2021-06-10 21:00:00+00:00,93.75
2021-06-10 22:00:00+00:00,109.25
2021-06-10 23:00:00+00:00,187.5
2021-06-11 00:00:00+00:00,322.25
2021-06-11 01:00:00+00:00,552.0
2021-06-11 02:00:00+00:00,879.25
2021-06-11 03:00:00+00:00,1115.5
2021-06-11 04:00:00+00:00,1434.0
2021-06-11 05:00:00+00:00,1565.25
2021-06-11 06:00:00+00:00,1544.0
2021-06-11 07:00:00+00:00,1540.25
2021-06-11 08:00:00+00:00,1737.75
2021-06-11 09:00:00+00:00,1877.75
2021-06-11 10:00:00+00:00,2099.75
2021-06-11 11:00:00+00:00,1951.75
2021-06-11 12:00:00+00:00,1986.25
2021-06-11 13:00:00+00:00,2555.75
2021-06-11 14:00:00+00:00,2926.75
2021-06-11 15:00:00+00:00,2911.25
2021-06-11 16:00:00+00:00,2587.5
2021-06-11 17:00:00+00:00,2426.5
2021-06-11 18:00:00+00:00,2607.5
2021-06-11 19:00:00+00:00,2495.25
2021-06-11 20:00:00+00:00,2109.75
2021-06-11 21:00:00+00:00,1979.5
2021-06-11 22:00:00+00:00,1901.5
2021-06-11 23:00:00+00:00,1977.75
2021-06-12 00:00:00+00:00,2219.25
2021-06-12 01:00:00+00:00,1880.75
2021-06-12 02:00:00+00:00,1845.5
2021-06-12 03:00:00+00:00,2074.75
2021-06-12 04:00:00+00:00,2155.5
2021-06-12 05:00:00+00:00,2576.0
2021-06-12 06:00:00+00:00,2713.75
2021-06-12 07:00:00+00:00,3287.0
2021-06-12 08:00:00+00:00,4154.5
2021-06-12 09:00:00+00:00,4131.0
2021-06-12 10:00:00+00:00,4044.5
2021-06-12 11:00:00+00:00,3689.75
2021-06-12 12:00:00+00:00,3617.5
2021-06-12 13:00:00+00:00,3606.5
2021-06-12 14:00:00+00:00,3777.75
2021-06-12 15:00:00+00:00,3884.75
2021-06-12 16:00:00+00:00,4104.5
2021-06-12 17:00:00+00:00,3394.25
2021-06-12 18:00:00+00:00,3113.25
2021-06-12 19:00:00+00:00,3812.25
2021-06-12 20:00:00+00:00,3864.75
2021-06-12 21:00:00+00:00,3729.0
2021-06-12 22:00:00+00:00,3852.25
2021-06-12 23:00:00+00:00,3804.5
2021-06-13 00:00:00+00:00,3549.0
2021-06-13 01:00:00+00:00,3891.0
2021-06-13 02:00:00+00:00,3912.5
2021-06-13 03:00:00+00:00,3579.25
2021-06-13 04:00:00+00:00,3219.5
2021-06-13 05:00:00+00:00,2927.0
2021-06-13 06:00:00+00:00,2796.0
2021-06-13 07:00:00+00:00,2489.25
2021-06-13 08:00:00+00:00,2476.25
2021-06-13 09:00:00+00:00,2331.5
2021-06-13 10:00:00+00:00,2227.75
2021-06-13 11:00:00+00:00,2194.75
2021-06-13 12:00:00+00:00,2176.25
2021-06-13 13:00:00+00:00,1927.75
2021-06-13 14:00:00+00:00,1893.25
2021-06-13 15:00:00+00:00,1961.0
2021-06-13 16:00:00+00:00,1909.5
2021-06-13 17:00:00+00:00,1567.5
2021-06-13 18:00:00+00:00,1148.75
2021-06-13 19:00:00+00:00,942.0
2021-06-13 20:00:00+00:00,866.75
2021-06-13 21:00:00+00:00,676.5
2021-06-13 22:00:00+00:00,654.25
2021-06-13 23:00:00+00:00,659.75
2021-06-14 00:00:00+00:00,775.5
2021-06-14 01:00:00+00:00,1002.75
2021-06-14 02:00:00+00:00,1401.25
2021-06-14 03:00:00+00:00,1741.5
2021-06-14 04:00:00+00:00,2322.75
2021-06-14 05:00:00+00:00,2834.5
2021-06-14 06:00:00+00:00,3575.0
2021-06-14 07:00:00+00:00,4000.25
2021-06-14 08:00:00+00:00,3847.0
2021-06-14 09:00:00+00:00,3884.75
2021-06-14 10:00:00+00:00,4150.25
2021-06-14 11:00:00+00:00,4169.75
2021-06-14 12:00:00+00:00,4018.25
2021-06-14 13:00:00+00:00,3702.25
2021-06-14 14:00:00+00:00,2630.75
2021-06-14 15:00:00+00:00,1867.25
2021-06-14 16:00:00+00:00,1314.0
2021-06-14 17:00:00+00:00,1299.25
2021-06-14 18:00:00+00:00,1343.75
2021-06-14 19:00:00+00:00,1349.0
2021-06-14 20:00:00+00:00,1317.5
2021-06-14 21:00:00+00:00,1241.5
2021-06-14 22:00:00+00:00,907.75
2021-06-14 23:00:00+00:00,760.5
2021-06-15 00:00:00+00:00,801.5
2021-06-15 01:00:00+00:00,758.0
2021-06-15 02:00:00+00:00,726.0
2021-06-15 03:00:00+00:00,605.0
2021-06-15 04:00:00+00:00,451.0
2021-06-15 05:00:00+00:00,362.25
2021-06-15 06:00:00+00:00,299.75
2021-06-15 07:00:00+00:00,199.5
2021-06-15 08:00:00+00:00,148.5
2021-06-15 09:00:00+00:00,152.5
2021-06-15 10:00:00+00:00,227.75
2021-06-15 11:00:00+00:00,201.25
2021-06-15 12:00:00+00:00,160.25
2021-06-15 13:00:00+00:00,177.25
2021-06-15 14:00:00+00:00,270.25
2021-06-15 15:00:00+00:00,312.5
2021-06-15 16:00:00+00:00,274.75
2021-06-15 17:00:00+00:00,264.5
2021-06-15 18:00:00+00:00,290.0
2021-06-15 19:00:00+00:00,241.0
2021-06-15 20:00:00+00:00,193.0
2021-06-15 21:00:00+00:00,134.0
2021-06-15 22:00:00+00:00,69.5
2021-06-15 23:00:00+00:00,76.0
2021-06-16 00:00:00+00:00,94.75
2021-06-16 01:00:00+00:00,158.75
2021-06-16 02:00:00+00:00,254.0
2021-06-16 03:00:00+00:00,365.0
2021-06-16 04:00:00+00:00,438.25
2021-06-16 05:00:00+00:00,459.0
2021-06-16 06:00:00+00:00,641.75
2021-06-16 07:00:00+00:00,642.75
2021-06-16 08:00:00+00:00,574.5
2021-06-16 09:00:00+00:00,561.75
2021-06-16 10:00:00+00:00,529.5
2021-06-16 11:00:00+00:00,545.25
2021-06-16 12:00:00+00:00,495.25
2021-06-16 13:00:00+00:00,413.75
2021-06-16 14:00:00+00:00,440.25
2021-06-16 15:00:00+00:00,569.25
2021-06-16 16:00:00+00:00,723.5
2021-06-16 17:00:00+00:00,969.25
2021-06-16 18:00:00+00:00,1167.25
2021-06-16 19:00:00+00:00,1556.75
2021-06-16 20:00:00+00:00,2035.25
2021-06-16 21:00:00+00:00,2352.25
2021-06-16 22:00:00+00:00,2377.25
2021-06-16 23:00:00+00:00,2164.5
2021-06-17 00:00:00+00:00,1718.25
2021-06-17 01:00:00+00:00,1387.25
2021-06-17 02:00:00+00:00,1279.25
2021-06-17 03:00:00+00:00,1205.5
2021-06-17 04:00:00+00:00,1297.5
2021-06-17 05:00:00+00:00,1299.25
2021-06-17 06:00:00+00:00,1262.0
2021-06-17 07:00:00+00:00,1132.5
2021-06-17 08:00:00+00:00,1172.25
2021-06-17 09:00:00+00:00,1549.25
2021-06-17 10:00:00+00:00,2115.5
2021-06-17 11:00:00+00:00,2511.25
2021-06-17 12:00:00+00:00,2689.75
2021-06-17 13:00:00+00:00,3146.0
2021-06-17 14:00:00+00:00,3582.25
2021-06-17 15:00:00+00:00,3986.25
2021-06-17 16:00:00+00:00,3612.0
2021-06-17 17:00:00+00:00,3220.0
2021-06-17 18:00:00+00:00,2034.75
2021-06-17 19:00:00+00:00,1564.75
2021-06-17 20:00:00+00:00,1766.0
2021-06-17 21:00:00+00:00,1630.75
2021-06-17 22:00:00+00:00,1162.75
2021-06-17 23:00:00+00:00,838.25
2021-06-18 00:00:00+00:00,761.0
2021-06-18 01:00:00+00:00,702.5
2021-06-18 02:00:00+00:00,827.75
2021-06-18 03:00:00+00:00,920.25
2021-06-18 04:00:00+00:00,899.0
2021-06-18 05:00:00+00:00,625.25
2021-06-18 06:00:00+00:00,683.75
2021-06-18 07:00:00+00:00,999.75
2021-06-18 08:00:00+00:00,2061.0
2021-06-18 09:00:00+00:00,2257.25
2021-06-18 10:00:00+00:00,1805.75
2021-06-18 11:00:00+00:00,2106.5
2021-06-18 12:00:00+00:00,2732.5
2021-06-18 13:00:00+00:00,2774.25
2021-06-18 14:00:00+00:00,3124.25
2021-06-18 15:00:00+00:00,3786.0
2021-06-18 16:00:00+00:00,4256.0
2021-06-18 17:00:00+00:00,4608.25
2021-06-18 18:00:00+00:00,4543.0
2021-06-18 19:00:00+00:00,3401.0
2021-06-18 20:00:00+00:00,3821.5
2021-06-18 21:00:00+00:00,3558.5
2021-06-18 22:00:00+00:00,2451.25
2021-06-18 23:00:00+00:00,1627.25
2021-06-19 00:00:00+00:00,1545.5
2021-06-19 01:00:00+00:00,2075.25
2021-06-19 02:00:00+00:00,2656.0
2021-06-19 03:00:00+00:00,2560.25
2021-06-19 04:00:00+00:00,2356.75
2021-06-19 05:00:00+00:00,1882.5
2021-06-19 06:00:00+00:00,2232.75
2021-06-19 07:00:00+00:00,2968.5
2021-06-19 08:00:00+00:00,3195.25
2021-06-19 09:00:00+00:00,2942.0
2021-06-19 10:00:00+00:00,2199.75
2021-06-19 11:00:00+00:00,1849.25
2021-06-19 12:00:00+00:00,1649.25
2021-06-19 13:00:00+00:00,1276.25
2021-06-19 14:00:00+00:00,939.5
2021-06-19 15:00:00+00:00,832.25
2021-06-19 16:00:00+00:00,649.25
2021-06-19 17:00:00+00:00,776.5
2021-06-19 18:00:00+00:00,799.0
2021-06-19 19:00:00+00:00,803.0
2021-06-19 20:00:00+00:00,881.0
2021-06-19 21:00:00+00:00,657.25
2021-06-19 22:00:00+00:00,704.25
2021-06-19 23:00:00+00:00,1196.5
2021-06-20 00:00:00+00:00,1860.5
2021-06-20 01:00:00+00:00,2413.5
2021-06-20 02:00:00+00:00,2496.75
2021-06-20 03:00:00+00:00,3617.25
2021-06-20 04:00:00+00:00,5215.0
2021-06-20 05:00:00+00:00,5580.75
2021-06-20 06:00:00+00:00,5123.0
2021-06-20 07:00:00+00:00,4612.5
2021-06-20 08:00:00+00:00,4374.0
2021-06-20 09:00:00+00:00,4417.0
2021-06-20 10:00:00+00:00,3937.0
2021-06-20 11:00:00+00:00,3960.25
2021-06-20 12:00:00+00:00,3064.0
2021-06-20 13:00:00+00:00,1815.75
2021-06-20 14:00:00+00:00,1262.5
2021-06-20 15:00:00+00:00,1289.5
2021-06-20 16:00:00+00:00,998.75
2021-06-20 17:00:00+00:00,703.25
2021-06-20 18:00:00+00:00,705.25
2021-06-20 19:00:00+00:00,732.25
2021-06-20 20:00:00+00:00,770.0
2021-06-20 21:00:00+00:00,1164.5
2021-06-20 22:00:00+00:00,1314.0
2021-06-20 23:00:00+00:00,1243.5
2021-06-21 00:00:00+00:00,1157.0
2021-06-21 01:00:00+00:00,1665.0
2021-06-21 02:00:00+00:00,1756.75
2021-06-21 03:00:00+00:00,1413.5
2021-06-21 04:00:00+00:00,1665.75
2021-06-21 05:00:00+00:00,2421.0
2021-06-21 06:00:00+00:00,3248.0
2021-06-21 07:00:00+00:00,3914.5
2021-06-21 08:00:00+00:00,4348.75
2021-06-21 09:00:00+00:00,4334.0
2021-06-21 10:00:00+00:00,3688.25
2021-06-21 11:00:00+00:00,2942.25
2021-06-21 12:00:00+00:00,2591.0
2021-06-21 13:00:00+00:00,2682.75
2021-06-21 14:00:00+00:00,3083.0
2021-06-21 15:00:00+00:00,3514.75
2021-06-21 16:00:00+00:00,3526.5
2021-06-21 17:00:00+00:00,3311.75
2021-06-21 18:00:00+00:00,3502.75
2021-06-21 19:00:00+00:00,4001.0
2021-06-21 20:00:00+00:00,4158.5
2021-06-21 21:00:00+00:00,3495.0
2021-06-21 22:00:00+00:00,3228.75
2021-06-21 23:00:00+00:00,2751.0
2021-06-22 00:00:00+00:00,2631.75
2021-06-22 01:00:00+00:00,2576.25
2021-06-22 02:00:00+00:00,2728.5
2021-06-22 03:00:00+00:00,3009.75
2021-06-22 04:00:00+00:00,3243.25
2021-06-22 05:00:00+00:00,3067.75
2021-06-22 06:00:00+00:00,2955.25
2021-06-22 07:00:00+00:00,3366.75
2021-06-22 08:00:00+00:00,3255.25
2021-06-22 09:00:00+00:00,3106.75
2021-06-22 10:00:00+00:00,2394.25
2021-06-22 11:00:00+00:00,2438.75
2021-06-22 12:00:00+00:00,2229.5
2021-06-22 13:00:00+00:00,2018.75
2021-06-22 14:00:00+00:00,2007.25
2021-06-22 15:00:00+00:00,2530.75
2021-06-22 16:00:00+00:00,2681.25
2021-06-22 17:00:00+00:00,2689.0
2021-06-22 18:00:00+00:00,2221.75
2021-06-22 19:00:00+00:00,2131.0
2021-06-22 20:00:00+00:00,2419.25
2021-06-22 21:00:00+00:00,2247.25
2021-06-22 22:00:00+00:00,1898.5
2021-06-22 23:00:00+00:00,1568.75
2021-06-23 00:00:00+00:00,1288.25
2021-06-23 01:00:00+00:00,1244.75
2021-06-23 02:00:00+00:00,1350.75
2021-06-23 03:00:00+00:00,1219.25
2021-06-23 04:00:00+00:00,1162.75
2021-06-23 05:00:00+00:00,873.75
2021-06-23 06:00:00+00:00,784.5
2021-06-23 07:00:00+00:00,856.0
2021-06-23 08:00:00+00:00,979.25
2021-06-23 09:00:00+00:00,845.0
2021-06-23 10:00:00+00:00,546.75
2021-06-23 11:00:00+00:00,339.5
2021-06-23 12:00:00+00:00,268.25
2021-06-23 13:00:00+00:00,329.5
2021-06-23 14:00:00+00:00,351.75
2021-06-23 15:00:00+00:00,285.5
2021-06-23 16:00:00+00:00,190.0
2021-06-23 17:00:00+00:00,141.75
2021-06-23 18:00:00+00:00,191.0
2021-06-23 19:00:00+00:00,187.25
2021-06-23 20:00:00+00:00,207.25
2021-06-23 21:00:00+00:00,147.5
2021-06-23 22:00:00+00:00,153.25
2021-06-23 23:00:00+00:00,259.25
2021-06-24 00:00:00+00:00,139.0
2021-06-24 01:00:00+00:00,91.0
2021-06-24 02:00:00+00:00,34.25
2021-06-24 03:00:00+00:00,23.25
2021-06-24 04:00:00+00:00,111.5
2021-06-24 05:00:00+00:00,119.0
2021-06-24 06:00:00+00:00,84.0
2021-06-24 07:00:00+00:00,27.5
2021-06-24 08:00:00+00:00,18.25
2021-06-24 09:00:00+00:00,10.5
2021-06-24 10:00:00+00:00,27.5
2021-06-24 11:00:00+00:00,56.5
2021-06-24 12:00:00+00:00,89.0
2021-06-24 13:00:00+00:00,106.75
2021-06-24 14:00:00+00:00,109.25
2021-06-24 15:00:00+00:00,153.5
2021-06-24 16:00:00+00:00,183.5
2021-06-24 17:00:00+00:00,218.75
2021-06-24 18:00:00+00:00,236.75
2021-06-24 19:00:00+00:00,152.75
2021-06-24 20:00:00+00:00,107.25
2021-06-24 21:00:00+00:00,107.25
2021-06-24 22:00:00+00:00,112.25
2021-06-24 23:00:00+00:00,121.25
2021-06-25 00:00:00+00:00,243.75
2021-06-25 01:00:00+00:00,379.5
2021-06-25 02:00:00+00:00,439.75
2021-06-25 03:00:00+00:00,571.75
2021-06-25 04:00:00+00:00,850.0
2021-06-25 05:00:00+00:00,773.5
2021-06-25 06:00:00+00:00,601.75
2021-06-25 07:00:00+00:00,554.75
2021-06-25 08:00:00+00:00,615.25
2021-06-25 09:00:00+00:00,627.75
2021-06-25 10:00:00+00:00,584.75
2021-06-25 11:00:00+00:00,525.0
2021-06-25 12:00:00+00:00,407.5
2021-06-25 13:00:00+00:00,342.0
2021-06-25 14:00:00+00:00,295.75
2021-06-25 15:00:00+00:00,224.0
2021-06-25 16:00:00+00:00,216.75
2021-06-25 17:00:00+00:00,199.5
2021-06-25 18:00:00+00:00,251.0
2021-06-25 19:00:00+00:00,204.75
2021-06-25 20:00:00+00:00,140.0
2021-06-25 21:00:00+00:00,161.0
2021-06-25 22:00:00+00:00,163.0
2021-06-25 23:00:00+00:00,134.75
2021-06-26 00:00:00+00:00,111.25
2021-06-26 01:00:00+00:00,69.25
2021-06-26 02:00:00+00:00,20.0
2021-06-26 03:00:00+00:00,7.5
2021-06-26 04:00:00+00:00,19.75
2021-06-26 05:00:00+00:00,21.25
2021-06-26 06:00:00+00:00,20.0
2021-06-26 07:00:00+00:00,48.5
2021-06-26 08:00:00+00:00,62.25
2021-06-26 09:00:00+00:00,62.5
2021-06-26 10:00:00+00:00,71.0
2021-06-26 11:00:00+00:00,107.75
2021-06-26 12:00:00+00:00,150.0
2021-06-26 13:00:00+00:00,204.75
2021-06-26 14:00:00+00:00,230.25
2021-06-26 15:00:00+00:00,256.0
2021-06-26 16:00:00+00:00,227.5
2021-06-26 17:00:00+00:00,249.5
2021-06-26 18:00:00+00:00,213.0
2021-06-26 19:00:00+00:00,200.5
2021-06-26 20:00:00+00:00,218.75
2021-06-26 21:00:00+00:00,199.0
2021-06-26 22:00:00+00:00,204.25
2021-06-26 23:00:00+00:00,164.0
2021-06-27 00:00:00+00:00,127.25
2021-06-27 01:00:00+00:00,138.5
2021-06-27 02:00:00+00:00,70.75
2021-06-27 03:00:00+00:00,51.0
2021-06-27 04:00:00+00:00,57.0
2021-06-27 05:00:00+00:00,76.75
2021-06-27 06:00:00+00:00,116.25
2021-06-27 07:00:00+00:00,112.75
2021-06-27 08:00:00+00:00,105.25
2021-06-27 09:00:00+00:00,124.75
2021-06-27 10:00:00+00:00,145.5
2021-06-27 11:00:00+00:00,163.0
2021-06-27 12:00:00+00:00,175.5
2021-06-27 13:00:00+00:00,221.75
2021-06-27 14:00:00+00:00,286.75
2021-06-27 15:00:00+00:00,389.0
2021-06-27 16:00:00+00:00,593.0
2021-06-27 17:00:00+00:00,720.0
2021-06-27 18:00:00+00:00,750.5
2021-06-27 19:00:00+00:00,696.25
2021-06-27 20:00:00+00:00,711.5
2021-06-27 21:00:00+00:00,604.25
2021-06-27 22:00:00+00:00,704.75
2021-06-27 23:00:00+00:00,704.5
2021-06-28 00:00:00+00:00,792.75
2021-06-28 01:00:00+00:00,858.25
2021-06-28 02:00:00+00:00,852.75
2021-06-28 03:00:00+00:00,794.0
2021-06-28 04:00:00+00:00,773.75
2021-06-28 05:00:00+00:00,648.75
2021-06-28 06:00:00+00:00,716.0
2021-06-28 07:00:00+00:00,858.75
2021-06-28 08:00:00+00:00,1056.0
2021-06-28 09:00:00+00:00,1182.0
2021-06-28 10:00:00+00:00,1277.75
2021-06-28 11:00:00+00:00,1155.5
2021-06-28 12:00:00+00:00,1258.75
2021-06-28 13:00:00+00:00,1400.5
2021-06-28 14:00:00+00:00,1719.75
2021-06-28 15:00:00+00:00,2202.0
2021-06-28 16:00:00+00:00,2394.25
2021-06-28 17:00:00+00:00,2575.0
2021-06-28 18:00:00+00:00,2875.25
2021-06-28 19:00:00+00:00,3262.75
2021-06-28 20:00:00+00:00,3697.5
2021-06-28 21:00:00+00:00,3864.5
2021-06-28 22:00:00+00:00,3923.0
2021-06-28 23:00:00+00:00,3627.5
2021-06-29 00:00:00+00:00,3908.25
2021-06-29 01:00:00+00:00,4176.25
2021-06-29 02:00:00+00:00,4263.75
2021-06-29 03:00:00+00:00,4399.75
2021-06-29 04:00:00+00:00,4642.5
2021-06-29 05:00:00+00:00,4614.0
2021-06-29 06:00:00+00:00,3718.5
2021-06-29 07:00:00+00:00,3290.0
2021-06-29 08:00:00+00:00,3425.0
2021-06-29 09:00:00+00:00,3925.0
2021-06-29 10:00:00+00:00,4184.75
2021-06-29 11:00:00+00:00,4356.75
2021-06-29 12:00:00+00:00,4179.0
2021-06-29 13:00:00+00:00,3878.0
2021-06-29 14:00:00+00:00,3615.0
2021-06-29 15:00:00+00:00,3549.25
2021-06-29 16:00:00+00:00,3147.25
2021-06-29 17:00:00+00:00,3152.25
2021-06-29 18:00:00+00:00,3301.0
2021-06-29 19:00:00+00:00,3376.5
2021-06-29 20:00:00+00:00,3065.5
2021-06-29 21:00:00+00:00,2866.25
2021-06-29 22:00:00+00:00,2853.75
2021-06-29 23:00:00+00:00,2547.0
2021-06-30 00:00:00+00:00,2130.75
2021-06-30 01:00:00+00:00,2209.25
2021-06-30 02:00:00+00:00,2253.0
2021-06-30 03:00:00+00:00,2423.0
2021-06-30 04:00:00+00:00,2504.25
2021-06-30 05:00:00+00:00,1998.0
2021-06-30 06:00:00+00:00,1891.75
2021-06-30 07:00:00+00:00,1685.75
2021-06-30 08:00:00+00:00,1475.75
2021-06-30 09:00:00+00:00,1193.5
2021-06-30 10:00:00+00:00,979.5
2021-06-30 11:00:00+00:00,1137.0
2021-06-30 12:00:00+00:00,1323.75
2021-06-30 13:00:00+00:00,1591.25
2021-06-30 14:00:00+00:00,1650.25
2021-06-30 15:00:00+00:00,1553.25
2021-06-30 16:00:00+00:00,1899.5
2021-06-30 17:00:00+00:00,1741.25
2021-06-30 18:00:00+00:00,1722.5
2021-06-30 19:00:00+00:00,1808.75
2021-06-30 20:00:00+00:00,1627.0
2021-06-30 21:00:00+00:00,1587.25
2021-06-30 22:00:00+00:00,1653.25
2021-06-30 23:00:00+00:00,1907.5
2021-07-01 00:00:00+00:00,2181.0
2021-07-01 01:00:00+00:00,2174.0
2021-07-01 02:00:00+00:00,2324.25
2021-07-01 03:00:00+00:00,2412.25
2021-07-01 04:00:00+00:00,2157.25
2021-07-01 05:00:00+00:00,1898.25
2021-07-01 06:00:00+00:00,1727.0
2021-07-01 07:00:00+00:00,1758.0
2021-07-01 08:00:00+00:00,1843.5
2021-07-01 09:00:00+00:00,1733.5
2021-07-01 10:00:00+00:00,1757.25
2021-07-01 11:00:00+00:00,1643.25
2021-07-01 12:00:00+00:00,1505.0
2021-07-01 13:00:00+00:00,1211.0
2021-07-01 14:00:00+00:00,1070.75
2021-07-01 15:00:00+00:00,971.75
2021-07-01 16:00:00+00:00,853.5
2021-07-01 17:00:00+00:00,678.25
2021-07-01 18:00:00+00:00,432.5
2021-07-01 19:00:00+00:00,535.75
2021-07-01 20:00:00+00:00,518.5
2021-07-01 21:00:00+00:00,646.5
2021-07-01 22:00:00+00:00,787.25
2021-07-01 23:00:00+00:00,921.75
2021-07-02 00:00:00+00:00,884.0
2021-07-02 01:00:00+00:00,1023.25
2021-07-02 02:00:00+00:00,1032.0
2021-07-02 03:00:00+00:00,915.0
2021-07-02 04:00:00+00:00,913.25
2021-07-02 05:00:00+00:00,804.25
2021-07-02 06:00:00+00:00,691.5
2021-07-02 07:00:00+00:00,870.25
2021-07-02 08:00:00+00:00,888.5
2021-07-02 09:00:00+00:00,793.75
2021-07-02 10:00:00+00:00,768.0
2021-07-02 11:00:00+00:00,724.75
2021-07-02 12:00:00+00:00,579.75
2021-07-02 13:00:00+00:00,442.25
2021-07-02 14:00:00+00:00,506.5
2021-07-02 15:00:00+00:00,453.75
2021-07-02 16:00:00+00:00,509.0
2021-07-02 17:00:00+00:00,436.5
2021-07-02 18:00:00+00:00,359.25
2021-07-02 19:00:00+00:00,483.75
2021-07-02 20:00:00+00:00,578.0
2021-07-02 21:00:00+00:00,516.0
2021-07-02 22:00:00+00:00,461.0
2021-07-02 23:00:00+00:00,373.5
2021-07-03 00:00:00+00:00,393.0
2021-07-03 01:00:00+00:00,315.0
2021-07-03 02:00:00+00:00,267.5
2021-07-03 03:00:00+00:00,261.0
2021-07-03 04:00:00+00:00,231.75
2021-07-03 05:00:00+00:00,167.5
2021-07-03 06:00:00+00:00,94.75
2021-07-03 07:00:00+00:00,95.5
2021-07-03 08:00:00+00:00,97.25
2021-07-03 09:00:00+00:00,87.5
2021-07-03 10:00:00+00:00,55.5
2021-07-03 11:00:00+00:00,35.5
2021-07-03 12:00:00+00:00,28.75
2021-07-03 13:00:00+00:00,23.0
2021-07-03 14:00:00+00:00,47.0
2021-07-03 15:00:00+00:00,92.0
2021-07-03 16:00:00+00:00,144.0
2021-07-03 17:00:00+00:00,175.0
2021-07-03 18:00:00+00:00,175.5
2021-07-03 19:00:00+00:00,244.0
2021-07-03 20:00:00+00:00,278.75
2021-07-03 21:00:00+00:00,364.25
2021-07-03 22:00:00+00:00,486.0
2021-07-03 23:00:00+00:00,466.75
2021-07-04 00:00:00+00:00,294.75
2021-07-04 01:00:00+00:00,238.75
2021-07-04 02:00:00+00:00,242.25
2021-07-04 03:00:00+00:00,240.0
2021-07-04 04:00:00+00:00,173.0
2021-07-04 05:00:00+00:00,123.0
2021-07-04 06:00:00+00:00,74.25
2021-07-04 07:00:00+00:00,69.0
2021-07-04 08:00:00+00:00,88.0
2021-07-04 09:00:00+00:00,65.75
2021-07-04 10:00:00+00:00,83.5
2021-07-04 11:00:00+00:00,69.25
2021-07-04 12:00:00+00:00,57.25
2021-07-04 13:00:00+00:00,75.0
2021-07-04 14:00:00+00:00,95.25
2021-07-04 15:00:00+00:00,55.25
2021-07-04 16:00:00+00:00,79.75
2021-07-04 17:00:00+00:00,114.25
2021-07-04 18:00:00+00:00,158.25
2021-07-04 19:00:00+00:00,303.0
2021-07-04 20:00:00+00:00,476.5
2021-07-04 21:00:00+00:00,475.5
2021-07-04 22:00:00+00:00,675.25
2021-07-04 23:00:00+00:00,661.75
2021-07-05 00:00:00+00:00,583.25
2021-07-05 01:00:00+00:00,570.25
2021-07-05 02:00:00+00:00,533.25
2021-07-05 03:00:00+00:00,344.5
2021-07-05 04:00:00+00:00,270.0
2021-07-05 05:00:00+00:00,249.25
2021-07-05 06:00:00+00:00,470.0
2021-07-05 07:00:00+00:00,1260.5
2021-07-05 08:00:00+00:00,1625.25
2021-07-05 09:00:00+00:00,1242.0
2021-07-05 10:00:00+00:00,1429.5
2021-07-05 11:00:00+00:00,1184.25
2021-07-05 12:00:00+00:00,936.75
2021-07-05 13:00:00+00:00,869.0
2021-07-05 14:00:00+00:00,781.75
2021-07-05 15:00:00+00:00,561.75
2021-07-05 16:00:00+00:00,443.5
2021-07-05 17:00:00+00:00,316.5
2021-07-05 18:00:00+00:00,216.75
2021-07-05 19:00:00+00:00,151.25
2021-07-05 20:00:00+00:00,207.75
2021-07-05 21:00:00+00:00,419.0
2021-07-05 22:00:00+00:00,735.25
2021-07-05 23:00:00+00:00,1261.25
2021-07-06 00:00:00+00:00,1858.5
2021-07-06 01:00:00+00:00,2377.25
2021-07-06 02:00:00+00:00,2887.0
2021-07-06 03:00:00+00:00,3791.0
2021-07-06 04:00:00+00:00,4686.75
2021-07-06 05:00:00+00:00,5007.75
2021-07-06 06:00:00+00:00,5131.25
2021-07-06 07:00:00+00:00,5102.25
2021-07-06 08:00:00+00:00,5001.25
2021-07-06 09:00:00+00:00,4970.25
2021-07-06 10:00:00+00:00,4381.0
2021-07-06 11:00:00+00:00,2883.0
2021-07-06 12:00:00+00:00,2441.5
2021-07-06 13:00:00+00:00,1818.25
2021-07-06 14:00:00+00:00,3168.0
2021-07-06 15:00:00+00:00,3999.5
2021-07-06 16:00:00+00:00,4514.5
2021-07-06 17:00:00+00:00,4875.75
2021-07-06 18:00:00+00:00,5047.5
2021-07-06 19:00:00+00:00,5071.5
2021-07-06 20:00:00+00:00,5058.5
2021-07-06 21:00:00+00:00,4994.0
2021-07-06 22:00:00+00:00,4769.0
2021-07-06 23:00:00+00:00,4849.75
2021-07-07 00:00:00+00:00,4913.5
2021-07-07 01:00:00+00:00,5070.75
2021-07-07 02:00:00+00:00,5049.75
2021-07-07 03:00:00+00:00,4645.0
2021-07-07 04:00:00+00:00,4304.5
2021-07-07 05:00:00+00:00,3990.5
2021-07-07 06:00:00+00:00,3723.5
2021-07-07 07:00:00+00:00,3503.5
2021-07-07 08:00:00+00:00,3533.5
2021-07-07 09:00:00+00:00,2531.0
2021-07-07 10:00:00+00:00,2218.25
2021-07-07 11:00:00+00:00,1878.0
2021-07-07 12:00:00+00:00,2343.0
2021-07-07 13:00:00+00:00,2039.75
2021-07-07 14:00:00+00:00,1691.75
2021-07-07 15:00:00+00:00,1367.0
2021-07-07 16:00:00+00:00,1070.0
2021-07-07 17:00:00+00:00,993.0
2021-07-07 18:00:00+00:00,955.0
2021-07-07 19:00:00+00:00,1139.5
2021-07-07 20:00:00+00:00,1220.5
2021-07-07 21:00:00+00:00,1170.5
2021-07-07 22:00:00+00:00,1163.5
2021-07-07 23:00:00+00:00,1114.75
2021-07-08 00:00:00+00:00,1253.75
2021-07-08 01:00:00+00:00,1315.0
2021-07-08 02:00:00+00:00,1262.0
2021-07-08 03:00:00+00:00,1180.5
2021-07-08 04:00:00+00:00,944.0
2021-07-08 05:00:00+00:00,829.5
2021-07-08 06:00:00+00:00,760.5
2021-07-08 07:00:00+00:00,742.25
2021-07-08 08:00:00+00:00,505.75
2021-07-08 09:00:00+00:00,268.0
2021-07-08 10:00:00+00:00,246.25
2021-07-08 11:00:00+00:00,175.0
2021-07-08 12:00:00+00:00,111.75
2021-07-08 13:00:00+00:00,91.25
2021-07-08 14:00:00+00:00,164.5
2021-07-08 15:00:00+00:00,156.5
2021-07-08 16:00:00+00:00,134.5
2021-07-08 17:00:00+00:00,106.75
2021-07-08 18:00:00+00:00,168.0
2021-07-08 19:00:00+00:00,137.25
2021-07-08 20:00:00+00:00,71.75
2021-07-08 21:00:00+00:00,40.25
2021-07-08 22:00:00+00:00,43.0
2021-07-08 23:00:00+00:00,79.25
2021-07-09 00:00:00+00:00,144.25
2021-07-09 01:00:00+00:00,288.75
2021-07-09 02:00:00+00:00,290.75
2021-07-09 03:00:00+00:00,190.0
2021-07-09 04:00:00+00:00,243.0
2021-07-09 05:00:00+00:00,168.75
2021-07-09 06:00:00+00:00,164.75
2021-07-09 07:00:00+00:00,202.5
2021-07-09 08:00:00+00:00,308.0
2021-07-09 09:00:00+00:00,371.25
2021-07-09 10:00:00+00:00,353.0
2021-07-09 11:00:00+00:00,382.75
2021-07-09 12:00:00+00:00,424.25
2021-07-09 13:00:00+00:00,513.25
2021-07-09 14:00:00+00:00,632.75
2021-07-09 15:00:00+00:00,931.25
2021-07-09 16:00:00+00:00,949.75
2021-07-09 17:00:00+00:00,942.5
2021-07-09 18:00:00+00:00,943.0
2021-07-09 19:00:00+00:00,1000.25
2021-07-09 20:00:00+00:00,1039.0
2021-07-09 21:00:00+00:00,1015.0
2021-07-09 22:00:00+00:00,1064.75
2021-07-09 23:00:00+00:00,866.5
2021-07-10 00:00:00+00:00,676.75
2021-07-10 01:00:00+00:00,599.0
2021-07-10 02:00:00+00:00,631.75
2021-07-10 03:00:00+00:00,683.5
2021-07-10 04:00:00+00:00,660.0
2021-07-10 05:00:00+00:00,853.0
2021-07-10 06:00:00+00:00,1144.25
2021-07-10 07:00:00+00:00,1163.5
2021-07-10 08:00:00+00:00,1229.5
2021-07-10 09:00:00+00:00,1163.75
2021-07-10 10:00:00+00:00,1103.25
2021-07-10 11:00:00+00:00,1073.5
2021-07-10 12:00:00+00:00,1005.0
2021-07-10 13:00:00+00:00,937.5
2021-07-10 14:00:00+00:00,873.0
2021-07-10 15:00:00+00:00,815.25
2021-07-10 16:00:00+00:00,613.5
2021-07-10 17:00:00+00:00,304.75
2021-07-10 18:00:00+00:00,302.75
2021-07-10 19:00:00+00:00,219.75
2021-07-10 20:00:00+00:00,126.25
2021-07-10 21:00:00+00:00,100.75
2021-07-10 22:00:00+00:00,56.5
2021-07-10 23:00:00+00:00,30.5
2021-07-11 00:00:00+00:00,17.0
2021-07-11 01:00:00+00:00,8.25
2021-07-11 02:00:00+00:00,8.5
2021-07-11 03:00:00+00:00,13.75
2021-07-11 04:00:00+00:00,37.0
2021-07-11 05:00:00+00:00,86.75
2021-07-11 06:00:00+00:00,146.0
2021-07-11 07:00:00+00:00,169.75
2021-07-11 08:00:00+00:00,140.5
2021-07-11 09:00:00+00:00,162.75
2021-07-11 10:00:00+00:00,268.0
2021-07-11 11:00:00+00:00,409.25
2021-07-11 12:00:00+00:00,649.5
2021-07-11 13:00:00+00:00,812.25
2021-07-11 14:00:00+00:00,949.75
2021-07-11 15:00:00+00:00,1002.75
2021-07-11 16:00:00+00:00,1107.25
2021-07-11 17:00:00+00:00,1227.0
2021-07-11 18:00:00+00:00,1310.75
2021-07-11 19:00:00+00:00,1400.0
2021-07-11 20:00:00+00:00,1689.5
2021-07-11 21:00:00+00:00,2014.75
2021-07-11 22:00:00+00:00,2214.0
2021-07-11 23:00:00+00:00,2171.25
2021-07-12 00:00:00+00:00,2415.75
2021-07-12 01:00:00+00:00,2365.75
2021-07-12 02:00:00+00:00,2292.5
2021-07-12 03:00:00+00:00,2089.5
2021-07-12 04:00:00+00:00,1797.25
2021-07-12 05:00:00+00:00,1446.25
2021-07-12 06:00:00+00:00,1293.75
2021-07-12 07:00:00+00:00,1206.25
2021-07-12 08:00:00+00:00,985.75
2021-07-12 09:00:00+00:00,727.5
2021-07-12 10:00:00+00:00,582.5
2021-07-12 11:00:00+00:00,578.0
2021-07-12 12:00:00+00:00,675.5
2021-07-12 13:00:00+00:00,846.5
2021-07-12 14:00:00+00:00,864.25
2021-07-12 15:00:00+00:00,1187.75
2021-07-12 16:00:00+00:00,1486.25
2021-07-12 17:00:00+00:00,1708.0
2021-07-12 18:00:00+00:00,1622.0
2021-07-12 19:00:00+00:00,1775.75
2021-07-12 20:00:00+00:00,2009.0
2021-07-12 21:00:00+00:00,1799.5
2021-07-12 22:00:00+00:00,1231.0
2021-07-12 23:00:00+00:00,875.25
2021-07-13 00:00:00+00:00,655.5
2021-07-13 01:00:00+00:00,537.25
2021-07-13 02:00:00+00:00,523.75
2021-07-13 03:00:00+00:00,500.0
2021-07-13 04:00:00+00:00,495.75
2021-07-13 05:00:00+00:00,546.5
2021-07-13 06:00:00+00:00,506.25
2021-07-13 07:00:00+00:00,464.25
2021-07-13 08:00:00+00:00,314.75
2021-07-13 09:00:00+00:00,254.25
2021-07-13 10:00:00+00:00,253.75
2021-07-13 11:00:00+00:00,362.75
2021-07-13 12:00:00+00:00,403.75
2021-07-13 13:00:00+00:00,529.75
2021-07-13 14:00:00+00:00,574.75
2021-07-13 15:00:00+00:00,700.25
2021-07-13 16:00:00+00:00,726.5
2021-07-13 17:00:00+00:00,773.25
2021-07-13 18:00:00+00:00,713.75
2021-07-13 19:00:00+00:00,594.0
2021-07-13 20:00:00+00:00,566.75
2021-07-13 21:00:00+00:00,575.75
2021-07-13 22:00:00+00:00,672.5
2021-07-13 23:00:00+00:00,796.25
2021-07-14 00:00:00+00:00,800.5
2021-07-14 01:00:00+00:00,810.25
2021-07-14 02:00:00+00:00,930.5
2021-07-14 03:00:00+00:00,1066.5
2021-07-14 04:00:00+00:00,1029.0
2021-07-14 05:00:00+00:00,767.75
2021-07-14 06:00:00+00:00,640.5
2021-07-14 07:00:00+00:00,524.75
2021-07-14 08:00:00+00:00,603.25
2021-07-14 09:00:00+00:00,919.75
2021-07-14 10:00:00+00:00,1110.5
2021-07-14 11:00:00+00:00,1062.25
2021-07-14 12:00:00+00:00,1262.75
2021-07-14 13:00:00+00:00,1722.5
2021-07-14 14:00:00+00:00,2183.5
2021-07-14 15:00:00+00:00,2853.75
2021-07-14 16:00:00+00:00,3259.0
2021-07-14 17:00:00+00:00,3675.5
2021-07-14 18:00:00+00:00,4008.0
2021-07-14 19:00:00+00:00,4263.75
2021-07-14 20:00:00+00:00,4564.0
2021-07-14 21:00:00+00:00,4747.25
2021-07-14 22:00:00+00:00,4905.75
2021-07-14 23:00:00+00:00,4972.75
2021-07-15 00:00:00+00:00,5091.0
2021-07-15 01:00:00+00:00,4971.25
2021-07-15 02:00:00+00:00,5077.5
2021-07-15 03:00:00+00:00,5199.25
2021-07-15 04:00:00+00:00,5175.25
2021-07-15 05:00:00+00:00,4926.75
2021-07-15 06:00:00+00:00,4830.75
2021-07-15 07:00:00+00:00,4673.25
2021-07-15 08:00:00+00:00,4420.5
2021-07-15 09:00:00+00:00,4210.25
2021-07-15 10:00:00+00:00,4347.5
2021-07-15 11:00:00+00:00,4364.5
2021-07-15 12:00:00+00:00,4628.25
2021-07-15 13:00:00+00:00,4722.5
2021-07-15 14:00:00+00:00,4391.5
2021-07-15 15:00:00+00:00,4135.0
2021-07-15 16:00:00+00:00,4118.0
2021-07-15 17:00:00+00:00,4068.75
2021-07-15 18:00:00+00:00,4270.0
2021-07-15 19:00:00+00:00,4229.75
2021-07-15 20:00:00+00:00,4189.5
2021-07-15 21:00:00+00:00,4105.75
2021-07-15 22:00:00+00:00,4077.75
2021-07-15 23:00:00+00:00,3751.5
2021-07-16 00:00:00+00:00,3343.75
2021-07-16 01:00:00+00:00,3218.5
2021-07-16 02:00:00+00:00,3178.0
2021-07-16 03:00:00+00:00,3314.25
2021-07-16 04:00:00+00:00,3125.0
2021-07-16 05:00:00+00:00,2981.75
2021-07-16 06:00:00+00:00,2739.25
2021-07-16 07:00:00+00:00,2477.0
2021-07-16 08:00:00+00:00,2344.75
2021-07-16 09:00:00+00:00,2331.5
2021-07-16 10:00:00+00:00,2611.0
2021-07-16 11:00:00+00:00,2709.25
2021-07-16 12:00:00+00:00,2420.5
2021-07-16 13:00:00+00:00,2262.0
2021-07-16 14:00:00+00:00,2368.25
2021-07-16 15:00:00+00:00,2582.25
2021-07-16 16:00:00+00:00,2770.75
2021-07-16 17:00:00+00:00,3428.0
2021-07-16 18:00:00+00:00,3978.5
2021-07-16 19:00:00+00:00,4045.25
2021-07-16 20:00:00+00:00,3902.25
2021-07-16 21:00:00+00:00,3888.75
2021-07-16 22:00:00+00:00,3734.25
2021-07-16 23:00:00+00:00,3763.25
2021-07-17 00:00:00+00:00,3250.5
2021-07-17 01:00:00+00:00,3019.0
2021-07-17 02:00:00+00:00,3006.25
2021-07-17 03:00:00+00:00,2983.0
2021-07-17 04:00:00+00:00,2681.5
2021-07-17 05:00:00+00:00,2392.25
2021-07-17 06:00:00+00:00,2037.0
2021-07-17 07:00:00+00:00,1615.75
2021-07-17 08:00:00+00:00,1586.0
2021-07-17 09:00:00+00:00,1403.25
2021-07-17 10:00:00+00:00,1232.0
2021-07-17 11:00:00+00:00,1396.75
2021-07-17 12:00:00+00:00,1453.75
2021-07-17 13:00:00+00:00,1587.0
2021-07-17 14:00:00+00:00,1611.0
2021-07-17 15:00:00+00:00,1640.75
2021-07-17 16:00:00+00:00,1665.0
2021-07-17 17:00:00+00:00,1476.75
2021-07-17 18:00:00+00:00,1236.5
2021-07-17 19:00:00+00:00,1283.75
2021-07-17 20:00:00+00:00,1349.25
2021-07-17 21:00:00+00:00,1589.25
2021-07-17 22:00:00+00:00,1928.5
2021-07-17 23:00:00+00:00,2128.0
2021-07-18 00:00:00+00:00,1793.25
2021-07-18 01:00:00+00:00,1673.0
2021-07-18 02:00:00+00:00,1614.75
2021-07-18 03:00:00+00:00,1457.25
2021-07-18 04:00:00+00:00,1265.0
2021-07-18 05:00:00+00:00,1016.75
2021-07-18 06:00:00+00:00,953.75
2021-07-18 07:00:00+00:00,1065.0
2021-07-18 08:00:00+00:00,1346.5
2021-07-18 09:00:00+00:00,1571.25
2021-07-18 10:00:00+00:00,1936.75
2021-07-18 11:00:00+00:00,2158.25
2021-07-18 12:00:00+00:00,2619.25
2021-07-18 13:00:00+00:00,2620.0
2021-07-18 14:00:00+00:00,2544.75
2021-07-18 15:00:00+00:00,2716.5
2021-07-18 16:00:00+00:00,2790.75
2021-07-18 17:00:00+00:00,2928.0
2021-07-18 18:00:00+00:00,2963.25
2021-07-18 19:00:00+00:00,2940.25
2021-07-18 20:00:00+00:00,2918.25
2021-07-18 21:00:00+00:00,2584.0
2021-07-18 22:00:00+00:00,2620.75
2021-07-18 23:00:00+00:00,2614.0
2021-07-19 00:00:00+00:00,2730.5
2021-07-19 01:00:00+00:00,2626.5
2021-07-19 02:00:00+00:00,2308.25
2021-07-19 03:00:00+00:00,2187.75
2021-07-19 04:00:00+00:00,1888.5
2021-07-19 05:00:00+00:00,1942.5
2021-07-19 06:00:00+00:00,1957.25
2021-07-19 07:00:00+00:00,2002.25
2021-07-19 08:00:00+00:00,1720.25
2021-07-19 09:00:00+00:00,1423.5
2021-07-19 10:00:00+00:00,1219.0
2021-07-19 11:00:00+00:00,1048.25
2021-07-19 12:00:00+00:00,1025.0
2021-07-19 13:00:00+00:00,1126.25
2021-07-19 14:00:00+00:00,1163.0
2021-07-19 15:00:00+00:00,1142.75
2021-07-19 16:00:00+00:00,1143.5
2021-07-19 17:00:00+00:00,1156.75
2021-07-19 18:00:00+00:00,1239.75
2021-07-19 19:00:00+00:00,1601.75
2021-07-19 20:00:00+00:00,1663.5
2021-07-19 21:00:00+00:00,1207.25
2021-07-19 22:00:00+00:00,1103.75
2021-07-19 23:00:00+00:00,1082.5
2021-07-20 00:00:00+00:00,858.75
2021-07-20 01:00:00+00:00,468.25
2021-07-20 02:00:00+00:00,403.0
2021-07-20 03:00:00+00:00,370.75
2021-07-20 04:00:00+00:00,520.75
2021-07-20 05:00:00+00:00,796.0
2021-07-20 06:00:00+00:00,1369.25
2021-07-20 07:00:00+00:00,1575.0
2021-07-20 08:00:00+00:00,1694.75
2021-07-20 09:00:00+00:00,1453.5
2021-07-20 10:00:00+00:00,1087.25
2021-07-20 11:00:00+00:00,1335.0
2021-07-20 12:00:00+00:00,1507.5
2021-07-20 13:00:00+00:00,1707.5
2021-07-20 14:00:00+00:00,1738.5
2021-07-20 15:00:00+00:00,1791.5
2021-07-20 16:00:00+00:00,1868.75
2021-07-20 17:00:00+00:00,1828.75
2021-07-20 18:00:00+00:00,1694.25
2021-07-20 19:00:00+00:00,1613.0
2021-07-20 20:00:00+00:00,1266.25
2021-07-20 21:00:00+00:00,1167.0
2021-07-20 22:00:00+00:00,1171.25
2021-07-20 23:00:00+00:00,1359.5
2021-07-21 00:00:00+00:00,1461.5
2021-07-21 01:00:00+00:00,1356.25
2021-07-21 02:00:00+00:00,1319.0
2021-07-21 03:00:00+00:00,1397.0
2021-07-21 04:00:00+00:00,1352.25
2021-07-21 05:00:00+00:00,1117.5
2021-07-21 06:00:00+00:00,1044.25
2021-07-21 07:00:00+00:00,926.25
2021-07-21 08:00:00+00:00,773.0
2021-07-21 09:00:00+00:00,543.25
2021-07-21 10:00:00+00:00,408.0
2021-07-21 11:00:00+00:00,383.75
2021-07-21 12:00:00+00:00,376.5
2021-07-21 13:00:00+00:00,355.5
2021-07-21 14:00:00+00:00,386.5
2021-07-21 15:00:00+00:00,420.5
2021-07-21 16:00:00+00:00,473.25
2021-07-21 17:00:00+00:00,561.5
2021-07-21 18:00:00+00:00,562.25
2021-07-21 19:00:00+00:00,586.75
2021-07-21 20:00:00+00:00,511.75
2021-07-21 21:00:00+00:00,468.5
2021-07-21 22:00:00+00:00,371.75
2021-07-21 23:00:00+00:00,301.75
2021-07-22 00:00:00+00:00,274.25
2021-07-22 01:00:00+00:00,359.0
2021-07-22 02:00:00+00:00,439.25
2021-07-22 03:00:00+00:00,485.75
2021-07-22 04:00:00+00:00,544.75
2021-07-22 05:00:00+00:00,552.5
2021-07-22 06:00:00+00:00,508.0
2021-07-22 07:00:00+00:00,419.25
2021-07-22 08:00:00+00:00,365.25
2021-07-22 09:00:00+00:00,309.0
2021-07-22 10:00:00+00:00,359.75
2021-07-22 11:00:00+00:00,492.25
2021-07-22 12:00:00+00:00,576.5
2021-07-22 13:00:00+00:00,669.25
2021-07-22 14:00:00+00:00,709.5
2021-07-22 15:00:00+00:00,865.0
2021-07-22 16:00:00+00:00,940.0
2021-07-22 17:00:00+00:00,1059.0
2021-07-22 18:00:00+00:00,1231.0
2021-07-22 19:00:00+00:00,1154.0
2021-07-22 20:00:00+00:00,1207.0
2021-07-22 21:00:00+00:00,1031.5
2021-07-22 22:00:00+00:00,1223.0
2021-07-22 23:00:00+00:00,1022.75
2021-07-23 00:00:00+00:00,1055.5
2021-07-23 01:00:00+00:00,901.75
2021-07-23 02:00:00+00:00,1006.25
2021-07-23 03:00:00+00:00,1034.5
2021-07-23 04:00:00+00:00,978.75
2021-07-23 05:00:00+00:00,768.75
2021-07-23 06:00:00+00:00,627.25
2021-07-23 07:00:00+00:00,396.25
2021-07-23 08:00:00+00:00,173.0
2021-07-23 09:00:00+00:00,76.25
2021-07-23 10:00:00+00:00,25.25
2021-07-23 11:00:00+00:00,5.75
2021-07-23 12:00:00+00:00,5.75
2021-07-23 13:00:00+00:00,9.25
2021-07-23 14:00:00+00:00,16.75
2021-07-23 15:00:00+00:00,1.0
2021-07-23 16:00:00+00:00,0.0
2021-07-23 17:00:00+00:00,2.5
2021-07-23 18:00:00+00:00,10.5
2021-07-23 19:00:00+00:00,7.0
2021-07-23 20:00:00+00:00,4.0
2021-07-23 21:00:00+00:00,3.75
2021-07-23 22:00:00+00:00,12.0
2021-07-23 23:00:00+00:00,30.5
2021-07-24 00:00:00+00:00,79.25
2021-07-24 01:00:00+00:00,154.0
2021-07-24 02:00:00+00:00,213.25
2021-07-24 03:00:00+00:00,325.5
2021-07-24 04:00:00+00:00,534.0
2021-07-24 05:00:00+00:00,862.5
2021-07-24 06:00:00+00:00,1045.5
2021-07-24 07:00:00+00:00,1024.0
2021-07-24 08:00:00+00:00,1338.75
2021-07-24 09:00:00+00:00,1331.0
2021-07-24 10:00:00+00:00,1082.75
2021-07-24 11:00:00+00:00,1191.0
2021-07-24 12:00:00+00:00,1583.25
2021-07-24 13:00:00+00:00,1788.0
2021-07-24 14:00:00+00:00,2066.25
2021-07-24 15:00:00+00:00,2512.0
2021-07-24 16:00:00+00:00,2841.0
2021-07-24 17:00:00+00:00,2988.75
2021-07-24 18:00:00+00:00,2775.25
2021-07-24 19:00:00+00:00,2603.25
2021-07-24 20:00:00+00:00,2571.5
2021-07-24 21:00:00+00:00,2703.5
2021-07-24 22:00:00+00:00,2559.5
2021-07-24 23:00:00+00:00,2508.5
2021-07-25 00:00:00+00:00,2460.5
2021-07-25 01:00:00+00:00,2117.0
2021-07-25 02:00:00+00:00,1988.0
2021-07-25 03:00:00+00:00,2295.25
2021-07-25 04:00:00+00:00,2570.0
2021-07-25 05:00:00+00:00,3269.75
2021-07-25 06:00:00+00:00,3095.75
2021-07-25 07:00:00+00:00,3107.0
2021-07-25 08:00:00+00:00,3081.5
2021-07-25 09:00:00+00:00,3590.0
2021-07-25 10:00:00+00:00,4011.75
2021-07-25 11:00:00+00:00,4078.5
2021-07-25 12:00:00+00:00,4184.75
2021-07-25 13:00:00+00:00,3593.75
2021-07-25 14:00:00+00:00,2635.75
2021-07-25 15:00:00+00:00,1838.5
2021-07-25 16:00:00+00:00,1325.5
2021-07-25 17:00:00+00:00,1124.0
2021-07-25 18:00:00+00:00,1015.0
2021-07-25 19:00:00+00:00,987.5
2021-07-25 20:00:00+00:00,841.25
2021-07-25 21:00:00+00:00,757.0
2021-07-25 22:00:00+00:00,636.5
2021-07-25 23:00:00+00:00,545.5
2021-07-26 00:00:00+00:00,374.5
2021-07-26 01:00:00+00:00,219.0
2021-07-26 02:00:00+00:00,278.0
2021-07-26 03:00:00+00:00,392.5
2021-07-26 04:00:00+00:00,350.75
2021-07-26 05:00:00+00:00,226.5
2021-07-26 06:00:00+00:00,120.5
2021-07-26 07:00:00+00:00,84.25
2021-07-26 08:00:00+00:00,53.0
2021-07-26 09:00:00+00:00,74.25
2021-07-26 10:00:00+00:00,91.5
2021-07-26 11:00:00+00:00,140.75
2021-07-26 12:00:00+00:00,147.5
2021-07-26 13:00:00+00:00,232.25
2021-07-26 14:00:00+00:00,229.75
2021-07-26 15:00:00+00:00,333.25
2021-07-26 16:00:00+00:00,297.0
2021-07-26 17:00:00+00:00,214.0
2021-07-26 18:00:00+00:00,182.0
2021-07-26 19:00:00+00:00,62.25
2021-07-26 20:00:00+00:00,55.5
2021-07-26 21:00:00+00:00,202.0
2021-07-26 22:00:00+00:00,155.0
2021-07-26 23:00:00+00:00,327.25
2021-07-27 00:00:00+00:00,266.25
2021-07-27 01:00:00+00:00,341.25
2021-07-27 02:00:00+00:00,356.5
2021-07-27 03:00:00+00:00,282.5
2021-07-27 04:00:00+00:00,195.75
2021-07-27 05:00:00+00:00,439.25
2021-07-27 06:00:00+00:00,703.0
2021-07-27 07:00:00+00:00,769.25
2021-07-27 08:00:00+00:00,882.25
2021-07-27 09:00:00+00:00,1269.75
2021-07-27 10:00:00+00:00,1455.25
2021-07-27 11:00:00+00:00,1453.0
2021-07-27 12:00:00+00:00,1354.5
2021-07-27 13:00:00+00:00,1377.5
2021-07-27 14:00:00+00:00,1061.25
2021-07-27 15:00:00+00:00,565.25
2021-07-27 16:00:00+00:00,350.25
2021-07-27 17:00:00+00:00,339.0
2021-07-27 18:00:00+00:00,462.75
2021-07-27 19:00:00+00:00,446.5
2021-07-27 20:00:00+00:00,355.0
2021-07-27 21:00:00+00:00,595.0
2021-07-27 22:00:00+00:00,697.5
2021-07-27 23:00:00+00:00,1060.0
2021-07-28 00:00:00+00:00,1369.0
2021-07-28 01:00:00+00:00,1306.0
2021-07-28 02:00:00+00:00,1467.5
2021-07-28 03:00:00+00:00,1891.5
2021-07-28 04:00:00+00:00,1923.0
2021-07-28 05:00:00+00:00,2553.75
2021-07-28 06:00:00+00:00,2870.0
2021-07-28 07:00:00+00:00,3708.75
2021-07-28 08:00:00+00:00,4076.25
2021-07-28 09:00:00+00:00,4388.5
2021-07-28 10:00:00+00:00,3987.75
2021-07-28 11:00:00+00:00,3751.5
2021-07-28 12:00:00+00:00,3911.0
2021-07-28 13:00:00+00:00,4128.75
2021-07-28 14:00:00+00:00,4123.75
2021-07-28 15:00:00+00:00,4670.75
2021-07-28 16:00:00+00:00,4753.75
2021-07-28 17:00:00+00:00,4769.75
2021-07-28 18:00:00+00:00,4821.75
2021-07-28 19:00:00+00:00,4685.25
2021-07-28 20:00:00+00:00,5120.75
2021-07-28 21:00:00+00:00,5685.75
2021-07-28 22:00:00+00:00,5971.75
2021-07-28 23:00:00+00:00,5527.5
2021-07-29 00:00:00+00:00,5314.5
2021-07-29 01:00:00+00:00,5264.25
2021-07-29 02:00:00+00:00,5418.5
2021-07-29 03:00:00+00:00,5648.0
2021-07-29 04:00:00+00:00,5740.25
2021-07-29 05:00:00+00:00,5809.5
2021-07-29 06:00:00+00:00,5739.25
2021-07-29 07:00:00+00:00,5574.0
2021-07-29 08:00:00+00:00,5521.0
2021-07-29 09:00:00+00:00,5573.5
2021-07-29 10:00:00+00:00,5654.0
2021-07-29 11:00:00+00:00,5652.5
2021-07-29 12:00:00+00:00,5549.0
2021-07-29 13:00:00+00:00,5499.0
2021-07-29 14:00:00+00:00,5497.25
2021-07-29 15:00:00+00:00,5558.5
2021-07-29 16:00:00+00:00,5540.75
2021-07-29 17:00:00+00:00,5519.0
2021-07-29 18:00:00+00:00,5376.75
2021-07-29 19:00:00+00:00,5357.25
2021-07-29 20:00:00+00:00,5357.75
2021-07-29 21:00:00+00:00,4954.75
2021-07-29 22:00:00+00:00,4004.0
2021-07-29 23:00:00+00:00,4369.0
2021-07-30 00:00:00+00:00,4654.25
2021-07-30 01:00:00+00:00,4646.0
2021-07-30 02:00:00+00:00,4907.75
2021-07-30 03:00:00+00:00,5122.5
2021-07-30 04:00:00+00:00,4901.75
2021-07-30 05:00:00+00:00,4685.75
2021-07-30 06:00:00+00:00,4307.75
2021-07-30 07:00:00+00:00,3945.75
2021-07-30 08:00:00+00:00,3797.75
2021-07-30 09:00:00+00:00,3711.5
2021-07-30 10:00:00+00:00,3302.75
2021-07-30 11:00:00+00:00,2762.25
2021-07-30 12:00:00+00:00,2181.5
2021-07-30 13:00:00+00:00,1836.5
2021-07-30 14:00:00+00:00,1605.25
2021-07-30 15:00:00+00:00,1218.5
2021-07-30 16:00:00+00:00,1095.5
2021-07-30 17:00:00+00:00,999.25
2021-07-30 18:00:00+00:00,1042.0
2021-07-30 19:00:00+00:00,848.5
2021-07-30 20:00:00+00:00,435.75
2021-07-30 21:00:00+00:00,246.25
2021-07-30 22:00:00+00:00,503.75
2021-07-30 23:00:00+00:00,1197.75
2021-07-31 00:00:00+00:00,2324.5
2021-07-31 01:00:00+00:00,3347.75
2021-07-31 02:00:00+00:00,4101.25
2021-07-31 03:00:00+00:00,3858.5
2021-07-31 04:00:00+00:00,3483.5
2021-07-31 05:00:00+00:00,3163.25
2021-07-31 06:00:00+00:00,3147.0
2021-07-31 07:00:00+00:00,3411.75
2021-07-31 08:00:00+00:00,3709.0
2021-07-31 09:00:00+00:00,2103.5
2021-07-31 10:00:00+00:00,2409.5
2021-07-31 11:00:00+00:00,2591.5
2021-07-31 12:00:00+00:00,2594.5
2021-07-31 13:00:00+00:00,2494.25
2021-07-31 14:00:00+00:00,3109.75
2021-07-31 15:00:00+00:00,4070.5
2021-07-31 16:00:00+00:00,3571.75
2021-07-31 17:00:00+00:00,3480.0
2021-07-31 18:00:00+00:00,3441.75
2021-07-31 19:00:00+00:00,3443.75
2021-07-31 20:00:00+00:00,3641.75
2021-07-31 21:00:00+00:00,3739.5
2021-07-31 22:00:00+00:00,3408.5
2021-07-31 23:00:00+00:00,3247.25
2021-08-01 00:00:00+00:00,3372.5
2021-08-01 01:00:00+00:00,3362.75
2021-08-01 02:00:00+00:00,3076.0
2021-08-01 03:00:00+00:00,2549.75
2021-08-01 04:00:00+00:00,2356.0
2021-08-01 05:00:00+00:00,2023.0
2021-08-01 06:00:00+00:00,1675.75
2021-08-01 07:00:00+00:00,1548.25
2021-08-01 08:00:00+00:00,1488.25
2021-08-01 09:00:00+00:00,1388.5
2021-08-01 10:00:00+00:00,1400.0
2021-08-01 11:00:00+00:00,1570.5
2021-08-01 12:00:00+00:00,1756.75
2021-08-01 13:00:00+00:00,1813.5
2021-08-01 14:00:00+00:00,1855.0
2021-08-01 15:00:00+00:00,2052.25
2021-08-01 16:00:00+00:00,2305.0
2021-08-01 17:00:00+00:00,2600.25
2021-08-01 18:00:00+00:00,2630.75
2021-08-01 19:00:00+00:00,2894.25
2021-08-01 20:00:00+00:00,3087.0
2021-08-01 21:00:00+00:00,3234.0
2021-08-01 22:00:00+00:00,3452.5
2021-08-01 23:00:00+00:00,4009.25
2021-08-02 00:00:00+00:00,4001.25
2021-08-02 01:00:00+00:00,4146.25
2021-08-02 02:00:00+00:00,4196.5
2021-08-02 03:00:00+00:00,4117.5
2021-08-02 04:00:00+00:00,3824.25
2021-08-02 05:00:00+00:00,3874.75
2021-08-02 06:00:00+00:00,3624.5
2021-08-02 07:00:00+00:00,3452.5
2021-08-02 08:00:00+00:00,2968.75
2021-08-02 09:00:00+00:00,2914.5
2021-08-02 10:00:00+00:00,2590.25
2021-08-02 11:00:00+00:00,2377.5
2021-08-02 12:00:00+00:00,2234.0
2021-08-02 13:00:00+00:00,2219.75
2021-08-02 14:00:00+00:00,2169.25
2021-08-02 15:00:00+00:00,1981.25
2021-08-02 16:00:00+00:00,1729.5
2021-08-02 17:00:00+00:00,1326.5
2021-08-02 18:00:00+00:00,1388.75
2021-08-02 19:00:00+00:00,1190.75
2021-08-02 20:00:00+00:00,807.5
2021-08-02 21:00:00+00:00,676.25
2021-08-02 22:00:00+00:00,526.0
2021-08-02 23:00:00+00:00,513.0
2021-08-03 00:00:00+00:00,671.0
2021-08-03 01:00:00+00:00,681.0
2021-08-03 02:00:00+00:00,713.75
2021-08-03 03:00:00+00:00,673.0
2021-08-03 04:00:00+00:00,569.25
2021-08-03 05:00:00+00:00,427.75
2021-08-03 06:00:00+00:00,280.75
2021-08-03 07:00:00+00:00,286.5
2021-08-03 08:00:00+00:00,223.0
2021-08-03 09:00:00+00:00,172.75
2021-08-03 10:00:00+00:00,122.0
2021-08-03 11:00:00+00:00,96.75
2021-08-03 12:00:00+00:00,90.75
2021-08-03 13:00:00+00:00,136.5
2021-08-03 14:00:00+00:00,108.25
2021-08-03 15:00:00+00:00,88.0
2021-08-03 16:00:00+00:00,72.25
2021-08-03 17:00:00+00:00,79.25
2021-08-03 18:00:00+00:00,41.5
2021-08-03 19:00:00+00:00,41.0
2021-08-03 20:00:00+00:00,37.5
2021-08-03 21:00:00+00:00,24.5
2021-08-03 22:00:00+00:00,30.25
2021-08-03 23:00:00+00:00,18.75
2021-08-04 00:00:00+00:00,16.75
2021-08-04 01:00:00+00:00,17.0
2021-08-04 02:00:00+00:00,19.0
2021-08-04 03:00:00+00:00,6.5
2021-08-04 04:00:00+00:00,7.0
2021-08-04 05:00:00+00:00,8.0
2021-08-04 06:00:00+00:00,13.25
2021-08-04 07:00:00+00:00,18.25
2021-08-04 08:00:00+00:00,9.75
2021-08-04 09:00:00+00:00,11.0
2021-08-04 10:00:00+00:00,14.5
2021-08-04 11:00:00+00:00,27.75
2021-08-04 12:00:00+00:00,43.25
2021-08-04 13:00:00+00:00,59.5
2021-08-04 14:00:00+00:00,80.0
2021-08-04 15:00:00+00:00,126.0
2021-08-04 16:00:00+00:00,280.25
2021-08-04 17:00:00+00:00,387.0
2021-08-04 18:00:00+00:00,443.25
2021-08-04 19:00:00+00:00,467.75
2021-08-04 20:00:00+00:00,460.0
2021-08-04 21:00:00+00:00,461.25
2021-08-04 22:00:00+00:00,529.75
2021-08-04 23:00:00+00:00,489.0
2021-08-05 00:00:00+00:00,526.0
2021-08-05 01:00:00+00:00,453.5
2021-08-05 02:00:00+00:00,484.5
2021-08-05 03:00:00+00:00,496.75
2021-08-05 04:00:00+00:00,444.75
2021-08-05 05:00:00+00:00,428.5
2021-08-05 06:00:00+00:00,373.75
2021-08-05 07:00:00+00:00,370.75
2021-08-05 08:00:00+00:00,421.5
2021-08-05 09:00:00+00:00,570.25
2021-08-05 10:00:00+00:00,694.0
2021-08-05 11:00:00+00:00,783.75
2021-08-05 12:00:00+00:00,732.25
2021-08-05 13:00:00+00:00,885.0
2021-08-05 14:00:00+00:00,1107.75
2021-08-05 15:00:00+00:00,1511.0
2021-08-05 16:00:00+00:00,2309.25
2021-08-05 17:00:00+00:00,2178.75
2021-08-05 18:00:00+00:00,2059.5
2021-08-05 19:00:00+00:00,2662.5
2021-08-05 20:00:00+00:00,2954.5
2021-08-05 21:00:00+00:00,3425.0
2021-08-05 22:00:00+00:00,3353.25
2021-08-05 23:00:00+00:00,3384.25
2021-08-06 00:00:00+00:00,3456.75
2021-08-06 01:00:00+00:00,3584.25
2021-08-06 02:00:00+00:00,3420.25
2021-08-06 03:00:00+00:00,3507.25
2021-08-06 04:00:00+00:00,3739.25
2021-08-06 05:00:00+00:00,3986.25
2021-08-06 06:00:00+00:00,3911.0
2021-08-06 07:00:00+00:00,3482.25
2021-08-06 08:00:00+00:00,3316.75
2021-08-06 09:00:00+00:00,3248.5
2021-08-06 10:00:00+00:00,2762.0
2021-08-06 11:00:00+00:00,2699.0
2021-08-06 12:00:00+00:00,2299.0
2021-08-06 13:00:00+00:00,2147.75
2021-08-06 14:00:00+00:00,1988.0
2021-08-06 15:00:00+00:00,1754.0
2021-08-06 16:00:00+00:00,2072.25
2021-08-06 17:00:00+00:00,2254.0
2021-08-06 18:00:00+00:00,2621.0
2021-08-06 19:00:00+00:00,3088.5
2021-08-06 20:00:00+00:00,3727.5
2021-08-06 21:00:00+00:00,3966.25
2021-08-06 22:00:00+00:00,3931.75
2021-08-06 23:00:00+00:00,4182.0
2021-08-07 00:00:00+00:00,4251.25
2021-08-07 01:00:00+00:00,3880.5
2021-08-07 02:00:00+00:00,3379.0
2021-08-07 03:00:00+00:00,3368.0
2021-08-07 04:00:00+00:00,2901.0
2021-08-07 05:00:00+00:00,2810.5
2021-08-07 06:00:00+00:00,3057.25
2021-08-07 07:00:00+00:00,3194.0
2021-08-07 08:00:00+00:00,2865.75
2021-08-07 09:00:00+00:00,2509.5
2021-08-07 10:00:00+00:00,2076.75
2021-08-07 11:00:00+00:00,1942.5
2021-08-07 12:00:00+00:00,1182.25
2021-08-07 13:00:00+00:00,499.5
2021-08-07 14:00:00+00:00,158.25
2021-08-07 15:00:00+00:00,151.5
2021-08-07 16:00:00+00:00,306.25
2021-08-07 17:00:00+00:00,509.0
2021-08-07 18:00:00+00:00,897.75
2021-08-07 19:00:00+00:00,1239.5
2021-08-07 20:00:00+00:00,1376.75
2021-08-07 21:00:00+00:00,1384.5
2021-08-07 22:00:00+00:00,1308.5
2021-08-07 23:00:00+00:00,1506.25
2021-08-08 00:00:00+00:00,1522.75
2021-08-08 01:00:00+00:00,1817.25
2021-08-08 02:00:00+00:00,2374.5
2021-08-08 03:00:00+00:00,2530.0
2021-08-08 04:00:00+00:00,2378.75
2021-08-08 05:00:00+00:00,1855.5
2021-08-08 06:00:00+00:00,2034.5
2021-08-08 07:00:00+00:00,2213.0
2021-08-08 08:00:00+00:00,2554.5
2021-08-08 09:00:00+00:00,2976.5
2021-08-08 10:00:00+00:00,2952.0
2021-08-08 11:00:00+00:00,3243.0
2021-08-08 12:00:00+00:00,3338.5
2021-08-08 13:00:00+00:00,3430.5
2021-08-08 14:00:00+00:00,3522.75
2021-08-08 15:00:00+00:00,4948.5
2021-08-08 16:00:00+00:00,5507.5
2021-08-08 17:00:00+00:00,5499.25
2021-08-08 18:00:00+00:00,5508.5
2021-08-08 19:00:00+00:00,5453.5
2021-08-08 20:00:00+00:00,5159.5
2021-08-08 21:00:00+00:00,4813.25
2021-08-08 22:00:00+00:00,4549.5
2021-08-08 23:00:00+00:00,4498.5
2021-08-09 00:00:00+00:00,4506.25
2021-08-09 01:00:00+00:00,4547.0
2021-08-09 02:00:00+00:00,4487.75
2021-08-09 03:00:00+00:00,4245.5
2021-08-09 04:00:00+00:00,3991.0
2021-08-09 05:00:00+00:00,3919.0
2021-08-09 06:00:00+00:00,4166.0
2021-08-09 07:00:00+00:00,4102.25
2021-08-09 08:00:00+00:00,4064.25
2021-08-09 09:00:00+00:00,4009.0
2021-08-09 10:00:00+00:00,3999.25
2021-08-09 11:00:00+00:00,3588.5
2021-08-09 12:00:00+00:00,3520.0
2021-08-09 13:00:00+00:00,2750.0
2021-08-09 14:00:00+00:00,2065.5
2021-08-09 15:00:00+00:00,1711.75
2021-08-09 16:00:00+00:00,1938.75
2021-08-09 17:00:00+00:00,2146.5
2021-08-09 18:00:00+00:00,2490.25
2021-08-09 19:00:00+00:00,2710.25
2021-08-09 20:00:00+00:00,3103.5
2021-08-09 21:00:00+00:00,2726.5
2021-08-09 22:00:00+00:00,2190.25
2021-08-09 23:00:00+00:00,2052.25
2021-08-10 00:00:00+00:00,2040.5
2021-08-10 01:00:00+00:00,1894.25
2021-08-10 02:00:00+00:00,1533.25
2021-08-10 03:00:00+00:00,1323.0
2021-08-10 04:00:00+00:00,996.5
2021-08-10 05:00:00+00:00,739.5
2021-08-10 06:00:00+00:00,788.25
2021-08-10 07:00:00+00:00,1179.0
2021-08-10 08:00:00+00:00,1183.75
2021-08-10 09:00:00+00:00,1504.75
2021-08-10 10:00:00+00:00,1521.75
2021-08-10 11:00:00+00:00,1327.25
2021-08-10 12:00:00+00:00,1137.25
2021-08-10 13:00:00+00:00,1089.25
2021-08-10 14:00:00+00:00,1275.25
2021-08-10 15:00:00+00:00,1321.25
2021-08-10 16:00:00+00:00,1112.75
2021-08-10 17:00:00+00:00,911.0
2021-08-10 18:00:00+00:00,745.5
2021-08-10 19:00:00+00:00,575.75
2021-08-10 20:00:00+00:00,512.25
2021-08-10 21:00:00+00:00,597.0
2021-08-10 22:00:00+00:00,629.25
2021-08-10 23:00:00+00:00,709.0
2021-08-11 00:00:00+00:00,712.5
2021-08-11 01:00:00+00:00,776.25
2021-08-11 02:00:00+00:00,681.0
2021-08-11 03:00:00+00:00,533.5
2021-08-11 04:00:00+00:00,454.5
2021-08-11 05:00:00+00:00,528.5
2021-08-11 06:00:00+00:00,533.5
2021-08-11 07:00:00+00:00,511.5
2021-08-11 08:00:00+00:00,499.75
2021-08-11 09:00:00+00:00,402.75
2021-08-11 10:00:00+00:00,363.75
2021-08-11 11:00:00+00:00,355.5
2021-08-11 12:00:00+00:00,474.25
2021-08-11 13:00:00+00:00,538.25
2021-08-11 14:00:00+00:00,488.5
2021-08-11 15:00:00+00:00,502.75
2021-08-11 16:00:00+00:00,573.75
2021-08-11 17:00:00+00:00,604.5
2021-08-11 18:00:00+00:00,514.75
2021-08-11 19:00:00+00:00,578.5
2021-08-11 20:00:00+00:00,667.0
2021-08-11 21:00:00+00:00,602.0
2021-08-11 22:00:00+00:00,628.0
2021-08-11 23:00:00+00:00,619.5
2021-08-12 00:00:00+00:00,682.5
2021-08-12 01:00:00+00:00,721.5
2021-08-12 02:00:00+00:00,774.5
2021-08-12 03:00:00+00:00,817.75
2021-08-12 04:00:00+00:00,916.5
2021-08-12 05:00:00+00:00,841.25
2021-08-12 06:00:00+00:00,889.25
2021-08-12 07:00:00+00:00,736.0
2021-08-12 08:00:00+00:00,668.0
2021-08-12 09:00:00+00:00,596.25
2021-08-12 10:00:00+00:00,411.5
2021-08-12 11:00:00+00:00,399.0
2021-08-12 12:00:00+00:00,439.25
2021-08-12 13:00:00+00:00,510.5
2021-08-12 14:00:00+00:00,544.25
2021-08-12 15:00:00+00:00,697.0
2021-08-12 16:00:00+00:00,680.0
2021-08-12 17:00:00+00:00,593.75
2021-08-12 18:00:00+00:00,565.0
2021-08-12 19:00:00+00:00,531.25
2021-08-12 20:00:00+00:00,466.5
2021-08-12 21:00:00+00:00,554.5
2021-08-12 22:00:00+00:00,737.75
2021-08-12 23:00:00+00:00,664.25
2021-08-13 00:00:00+00:00,669.75
2021-08-13 01:00:00+00:00,843.5
2021-08-13 02:00:00+00:00,1224.75
2021-08-13 03:00:00+00:00,1609.25
2021-08-13 04:00:00+00:00,2033.25
2021-08-13 05:00:00+00:00,2312.75
2021-08-13 06:00:00+00:00,2250.75
2021-08-13 07:00:00+00:00,2100.75
2021-08-13 08:00:00+00:00,2405.5
2021-08-13 09:00:00+00:00,2804.5
2021-08-13 10:00:00+00:00,3428.5
2021-08-13 11:00:00+00:00,3991.0
2021-08-13 12:00:00+00:00,4677.25
2021-08-13 13:00:00+00:00,5050.5
2021-08-13 14:00:00+00:00,4584.25
2021-08-13 15:00:00+00:00,3550.5
2021-08-13 16:00:00+00:00,3806.25
2021-08-13 17:00:00+00:00,4279.0
2021-08-13 18:00:00+00:00,4128.0
2021-08-13 19:00:00+00:00,4059.75
2021-08-13 20:00:00+00:00,4350.0
2021-08-13 21:00:00+00:00,4527.5
2021-08-13 22:00:00+00:00,4517.25
2021-08-13 23:00:00+00:00,4730.0
2021-08-14 00:00:00+00:00,4882.5
2021-08-14 01:00:00+00:00,5089.25
2021-08-14 02:00:00+00:00,4804.75
2021-08-14 03:00:00+00:00,4211.0
2021-08-14 04:00:00+00:00,3514.5
2021-08-14 05:00:00+00:00,3289.75
2021-08-14 06:00:00+00:00,3208.75
2021-08-14 07:00:00+00:00,3368.75
2021-08-14 08:00:00+00:00,3833.75
2021-08-14 09:00:00+00:00,4305.25
2021-08-14 10:00:00+00:00,4885.0
2021-08-14 11:00:00+00:00,5280.0
2021-08-14 12:00:00+00:00,5441.0
2021-08-14 13:00:00+00:00,5195.75
2021-08-14 14:00:00+00:00,5085.0
2021-08-14 15:00:00+00:00,5459.75
2021-08-14 16:00:00+00:00,5332.0
2021-08-14 17:00:00+00:00,4792.75
2021-08-14 18:00:00+00:00,4210.25
2021-08-14 19:00:00+00:00,4143.75
2021-08-14 20:00:00+00:00,3989.75
2021-08-14 21:00:00+00:00,3788.25
2021-08-14 22:00:00+00:00,3586.0
2021-08-14 23:00:00+00:00,3420.5
2021-08-15 00:00:00+00:00,3424.75
2021-08-15 01:00:00+00:00,3590.5
2021-08-15 02:00:00+00:00,3118.75
2021-08-15 03:00:00+00:00,2803.5
2021-08-15 04:00:00+00:00,2373.25
2021-08-15 05:00:00+00:00,1956.25
2021-08-15 06:00:00+00:00,1619.25
2021-08-15 07:00:00+00:00,1422.25
2021-08-15 08:00:00+00:00,1224.0
2021-08-15 09:00:00+00:00,1166.0
2021-08-15 10:00:00+00:00,1178.75
2021-08-15 11:00:00+00:00,1241.0
2021-08-15 12:00:00+00:00,1215.25
2021-08-15 13:00:00+00:00,1482.75
2021-08-15 14:00:00+00:00,2485.25
2021-08-15 15:00:00+00:00,3639.25
2021-08-15 16:00:00+00:00,4407.25
2021-08-15 17:00:00+00:00,4343.75
2021-08-15 18:00:00+00:00,3237.25
2021-08-15 19:00:00+00:00,2534.75
2021-08-15 20:00:00+00:00,1932.75
2021-08-15 21:00:00+00:00,1687.5
2021-08-15 22:00:00+00:00,1747.5
2021-08-15 23:00:00+00:00,1753.0
2021-08-16 00:00:00+00:00,1530.5
2021-08-16 01:00:00+00:00,1473.5
2021-08-16 02:00:00+00:00,1182.75
2021-08-16 03:00:00+00:00,1112.0
2021-08-16 04:00:00+00:00,1512.5
2021-08-16 05:00:00+00:00,2401.5
2021-08-16 06:00:00+00:00,3927.25
2021-08-16 07:00:00+00:00,4901.5
2021-08-16 08:00:00+00:00,5519.75
2021-08-16 09:00:00+00:00,5665.75
2021-08-16 10:00:00+00:00,5752.5
2021-08-16 11:00:00+00:00,5761.25
2021-08-16 12:00:00+00:00,5780.0
2021-08-16 13:00:00+00:00,5445.0
2021-08-16 14:00:00+00:00,5717.75
2021-08-16 15:00:00+00:00,5693.75
2021-08-16 16:00:00+00:00,5913.0
2021-08-16 17:00:00+00:00,5534.25
2021-08-16 18:00:00+00:00,5314.25
2021-08-16 19:00:00+00:00,5318.0
2021-08-16 20:00:00+00:00,5336.5
2021-08-16 21:00:00+00:00,5301.25
2021-08-16 22:00:00+00:00,5565.0
2021-08-16 23:00:00+00:00,5843.0
2021-08-17 00:00:00+00:00,6152.75
2021-08-17 01:00:00+00:00,6266.75
2021-08-17 02:00:00+00:00,6162.75
2021-08-17 03:00:00+00:00,6198.0
2021-08-17 04:00:00+00:00,5627.25
2021-08-17 05:00:00+00:00,4736.0
2021-08-17 06:00:00+00:00,4255.75
2021-08-17 07:00:00+00:00,3816.25
2021-08-17 08:00:00+00:00,3861.5
2021-08-17 09:00:00+00:00,3842.75
2021-08-17 10:00:00+00:00,3817.5
2021-08-17 11:00:00+00:00,3707.75
2021-08-17 12:00:00+00:00,3444.5
2021-08-17 13:00:00+00:00,3592.5
2021-08-17 14:00:00+00:00,3417.5
2021-08-17 15:00:00+00:00,2971.75
2021-08-17 16:00:00+00:00,2737.0
2021-08-17 17:00:00+00:00,2577.5
2021-08-17 18:00:00+00:00,2858.5
2021-08-17 19:00:00+00:00,3216.75
2021-08-17 20:00:00+00:00,3369.75
2021-08-17 21:00:00+00:00,3495.75
2021-08-17 22:00:00+00:00,3677.0
2021-08-17 23:00:00+00:00,4394.0
2021-08-18 00:00:00+00:00,4481.75
2021-08-18 01:00:00+00:00,5639.75
2021-08-18 02:00:00+00:00,6068.0
2021-08-18 03:00:00+00:00,6310.0
2021-08-18 04:00:00+00:00,6143.5
2021-08-18 05:00:00+00:00,6133.5
2021-08-18 06:00:00+00:00,6096.75
2021-08-18 07:00:00+00:00,6035.75
2021-08-18 08:00:00+00:00,5841.0
2021-08-18 09:00:00+00:00,5453.0
2021-08-18 10:00:00+00:00,5155.5
2021-08-18 11:00:00+00:00,4921.5
2021-08-18 12:00:00+00:00,5029.0
2021-08-18 13:00:00+00:00,4733.5
2021-08-18 14:00:00+00:00,5298.25
2021-08-18 15:00:00+00:00,5780.25
2021-08-18 16:00:00+00:00,5732.75
2021-08-18 17:00:00+00:00,5717.75
2021-08-18 18:00:00+00:00,5708.5
2021-08-18 19:00:00+00:00,5505.75
2021-08-18 20:00:00+00:00,5388.25
2021-08-18 21:00:00+00:00,5306.5
2021-08-18 22:00:00+00:00,5307.5
2021-08-18 23:00:00+00:00,5697.75
2021-08-19 00:00:00+00:00,5513.5
2021-08-19 01:00:00+00:00,5336.0
2021-08-19 02:00:00+00:00,5063.25
2021-08-19 03:00:00+00:00,4590.25
2021-08-19 04:00:00+00:00,3980.25
2021-08-19 05:00:00+00:00,3546.25
2021-08-19 06:00:00+00:00,2978.5
2021-08-19 07:00:00+00:00,2560.75
2021-08-19 08:00:00+00:00,2316.75
2021-08-19 09:00:00+00:00,2250.0
2021-08-19 10:00:00+00:00,2212.25
2021-08-19 11:00:00+00:00,2413.5
2021-08-19 12:00:00+00:00,2404.0
2021-08-19 13:00:00+00:00,2348.25
2021-08-19 14:00:00+00:00,2356.0
2021-08-19 15:00:00+00:00,2208.5
2021-08-19 16:00:00+00:00,1900.0
2021-08-19 17:00:00+00:00,1479.75
2021-08-19 18:00:00+00:00,1176.75
2021-08-19 19:00:00+00:00,992.5
2021-08-19 20:00:00+00:00,860.5
2021-08-19 21:00:00+00:00,846.75
2021-08-19 22:00:00+00:00,892.25
2021-08-19 23:00:00+00:00,770.5
2021-08-20 00:00:00+00:00,706.0
2021-08-20 01:00:00+00:00,750.5
2021-08-20 02:00:00+00:00,705.75
2021-08-20 03:00:00+00:00,622.75
2021-08-20 04:00:00+00:00,507.25
2021-08-20 05:00:00+00:00,398.75
2021-08-20 06:00:00+00:00,312.25
2021-08-20 07:00:00+00:00,255.5
2021-08-20 08:00:00+00:00,213.5
2021-08-20 09:00:00+00:00,164.5
2021-08-20 10:00:00+00:00,214.0
2021-08-20 11:00:00+00:00,220.0
2021-08-20 12:00:00+00:00,239.75
2021-08-20 13:00:00+00:00,262.75
2021-08-20 14:00:00+00:00,321.0
2021-08-20 15:00:00+00:00,272.5
2021-08-20 16:00:00+00:00,272.25
2021-08-20 17:00:00+00:00,191.5
2021-08-20 18:00:00+00:00,167.25
2021-08-20 19:00:00+00:00,194.75
2021-08-20 20:00:00+00:00,191.25
2021-08-20 21:00:00+00:00,181.5
2021-08-20 22:00:00+00:00,188.75
2021-08-20 23:00:00+00:00,168.5
2021-08-21 00:00:00+00:00,142.25
2021-08-21 01:00:00+00:00,124.25
2021-08-21 02:00:00+00:00,104.25
2021-08-21 03:00:00+00:00,86.75
2021-08-21 04:00:00+00:00,55.75
2021-08-21 05:00:00+00:00,48.25
2021-08-21 06:00:00+00:00,56.5
2021-08-21 07:00:00+00:00,103.0
2021-08-21 08:00:00+00:00,129.75
2021-08-21 09:00:00+00:00,148.5
2021-08-21 10:00:00+00:00,157.25
2021-08-21 11:00:00+00:00,123.5
2021-08-21 12:00:00+00:00,106.0
2021-08-21 13:00:00+00:00,108.0
2021-08-21 14:00:00+00:00,128.5
2021-08-21 15:00:00+00:00,174.0
2021-08-21 16:00:00+00:00,177.25
2021-08-21 17:00:00+00:00,174.0
2021-08-21 18:00:00+00:00,209.5
2021-08-21 19:00:00+00:00,265.0
2021-08-21 20:00:00+00:00,344.5
2021-08-21 21:00:00+00:00,417.25
2021-08-21 22:00:00+00:00,587.75
2021-08-21 23:00:00+00:00,783.5
2021-08-22 00:00:00+00:00,996.5
2021-08-22 01:00:00+00:00,1135.25
2021-08-22 02:00:00+00:00,1080.25
2021-08-22 03:00:00+00:00,977.0
2021-08-22 04:00:00+00:00,1052.75
2021-08-22 05:00:00+00:00,1184.0
2021-08-22 06:00:00+00:00,1350.0
2021-08-22 07:00:00+00:00,1318.75
2021-08-22 08:00:00+00:00,1532.5
2021-08-22 09:00:00+00:00,1885.0
2021-08-22 10:00:00+00:00,2342.75
2021-08-22 11:00:00+00:00,2974.75
2021-08-22 12:00:00+00:00,3723.75
2021-08-22 13:00:00+00:00,4217.75
2021-08-22 14:00:00+00:00,4765.75
2021-08-22 15:00:00+00:00,4786.0
2021-08-22 16:00:00+00:00,4318.0
2021-08-22 17:00:00+00:00,3671.5
2021-08-22 18:00:00+00:00,3050.0
2021-08-22 19:00:00+00:00,2581.75
2021-08-22 20:00:00+00:00,2403.0
2021-08-22 21:00:00+00:00,2286.75
2021-08-22 22:00:00+00:00,1944.25
2021-08-22 23:00:00+00:00,1746.75
2021-08-23 00:00:00+00:00,1645.25
2021-08-23 01:00:00+00:00,1764.0
2021-08-23 02:00:00+00:00,1967.5
2021-08-23 03:00:00+00:00,2156.5
2021-08-23 04:00:00+00:00,2025.25
2021-08-23 05:00:00+00:00,1785.75
2021-08-23 06:00:00+00:00,1673.5
2021-08-23 07:00:00+00:00,1340.5
2021-08-23 08:00:00+00:00,1103.0
2021-08-23 09:00:00+00:00,1152.5
2021-08-23 10:00:00+00:00,1222.5
2021-08-23 11:00:00+00:00,1153.5
2021-08-23 12:00:00+00:00,1171.5
2021-08-23 13:00:00+00:00,1218.75
2021-08-23 14:00:00+00:00,1250.75
2021-08-23 15:00:00+00:00,1461.5
2021-08-23 16:00:00+00:00,1485.25
2021-08-23 17:00:00+00:00,1524.75
2021-08-23 18:00:00+00:00,1459.0
2021-08-23 19:00:00+00:00,1551.25
2021-08-23 20:00:00+00:00,1393.5
2021-08-23 21:00:00+00:00,1421.75
2021-08-23 22:00:00+00:00,1286.0
2021-08-23 23:00:00+00:00,1163.25
2021-08-24 00:00:00+00:00,1042.25
2021-08-24 01:00:00+00:00,852.75
2021-08-24 02:00:00+00:00,714.0
2021-08-24 03:00:00+00:00,641.5
2021-08-24 04:00:00+00:00,534.75
2021-08-24 05:00:00+00:00,429.75
2021-08-24 06:00:00+00:00,325.75
2021-08-24 07:00:00+00:00,292.5
2021-08-24 08:00:00+00:00,226.0
2021-08-24 09:00:00+00:00,155.25
2021-08-24 10:00:00+00:00,101.0
2021-08-24 11:00:00+00:00,117.5
2021-08-24 12:00:00+00:00,82.25
2021-08-24 13:00:00+00:00,87.5
2021-08-24 14:00:00+00:00,141.25
2021-08-24 15:00:00+00:00,193.25
2021-08-24 16:00:00+00:00,173.5
2021-08-24 17:00:00+00:00,201.25
2021-08-24 18:00:00+00:00,161.75
2021-08-24 19:00:00+00:00,169.0
2021-08-24 20:00:00+00:00,204.5
2021-08-24 21:00:00+00:00,257.5
2021-08-24 22:00:00+00:00,333.75
2021-08-24 23:00:00+00:00,517.5
2021-08-25 00:00:00+00:00,839.5
2021-08-25 01:00:00+00:00,1097.0
2021-08-25 02:00:00+00:00,1375.5
2021-08-25 03:00:00+00:00,1887.0
2021-08-25 04:00:00+00:00,2595.0
2021-08-25 05:00:00+00:00,3189.75
2021-08-25 06:00:00+00:00,3137.75
2021-08-25 07:00:00+00:00,3763.25
2021-08-25 08:00:00+00:00,4023.25
2021-08-25 09:00:00+00:00,4554.25
2021-08-25 10:00:00+00:00,5210.5
2021-08-25 11:00:00+00:00,5560.25
2021-08-25 12:00:00+00:00,6076.25
2021-08-25 13:00:00+00:00,6089.0
2021-08-25 14:00:00+00:00,5795.5
2021-08-25 15:00:00+00:00,5857.5
2021-08-25 16:00:00+00:00,5517.25
2021-08-25 17:00:00+00:00,5482.25
2021-08-25 18:00:00+00:00,5394.5
2021-08-25 19:00:00+00:00,5012.75
2021-08-25 20:00:00+00:00,5348.75
2021-08-25 21:00:00+00:00,5437.75
2021-08-25 22:00:00+00:00,5598.25
2021-08-25 23:00:00+00:00,5614.5
2021-08-26 00:00:00+00:00,5179.75
2021-08-26 01:00:00+00:00,4705.0
2021-08-26 02:00:00+00:00,4127.25
2021-08-26 03:00:00+00:00,3354.75
2021-08-26 04:00:00+00:00,2611.25
2021-08-26 05:00:00+00:00,2121.5
2021-08-26 06:00:00+00:00,1795.75
2021-08-26 07:00:00+00:00,2050.25
2021-08-26 08:00:00+00:00,2315.0
2021-08-26 09:00:00+00:00,2138.0
2021-08-26 10:00:00+00:00,2969.5
2021-08-26 11:00:00+00:00,3918.0
2021-08-26 12:00:00+00:00,4180.5
2021-08-26 13:00:00+00:00,4562.5
2021-08-26 14:00:00+00:00,5153.75
2021-08-26 15:00:00+00:00,5314.5
2021-08-26 16:00:00+00:00,5445.5
2021-08-26 17:00:00+00:00,5679.75
2021-08-26 18:00:00+00:00,5813.0
2021-08-26 19:00:00+00:00,5896.5
2021-08-26 20:00:00+00:00,5736.75
2021-08-26 21:00:00+00:00,5860.0
2021-08-26 22:00:00+00:00,5800.0
2021-08-26 23:00:00+00:00,5775.5
2021-08-27 00:00:00+00:00,5558.0
2021-08-27 01:00:00+00:00,5665.75
2021-08-27 02:00:00+00:00,5916.5
2021-08-27 03:00:00+00:00,5647.25
2021-08-27 04:00:00+00:00,5597.0
2021-08-27 05:00:00+00:00,5551.25
2021-08-27 06:00:00+00:00,5571.0
2021-08-27 07:00:00+00:00,5530.75
2021-08-27 08:00:00+00:00,5391.25
2021-08-27 09:00:00+00:00,5106.5
2021-08-27 10:00:00+00:00,4759.25
2021-08-27 11:00:00+00:00,4719.5
2021-08-27 12:00:00+00:00,4536.25
2021-08-27 13:00:00+00:00,4514.5
2021-08-27 14:00:00+00:00,4873.0
2021-08-27 15:00:00+00:00,5157.5
2021-08-27 16:00:00+00:00,5488.5
2021-08-27 17:00:00+00:00,5541.0
2021-08-27 18:00:00+00:00,5781.75
2021-08-27 19:00:00+00:00,5994.0
2021-08-27 20:00:00+00:00,5872.5
2021-08-27 21:00:00+00:00,5659.25
2021-08-27 22:00:00+00:00,5408.0
2021-08-27 23:00:00+00:00,5546.25
2021-08-28 00:00:00+00:00,5540.5
2021-08-28 01:00:00+00:00,5620.75
2021-08-28 02:00:00+00:00,5839.0
2021-08-28 03:00:00+00:00,6153.75
2021-08-28 04:00:00+00:00,6125.0
2021-08-28 05:00:00+00:00,6159.5
2021-08-28 06:00:00+00:00,6188.0
2021-08-28 07:00:00+00:00,6003.75
2021-08-28 08:00:00+00:00,5783.75
2021-08-28 09:00:00+00:00,5414.75
2021-08-28 10:00:00+00:00,4928.75
2021-08-28 11:00:00+00:00,4407.75
2021-08-28 12:00:00+00:00,4303.5
2021-08-28 13:00:00+00:00,4278.25
2021-08-28 14:00:00+00:00,4364.0
2021-08-28 15:00:00+00:00,4485.0
2021-08-28 16:00:00+00:00,4840.75
2021-08-28 17:00:00+00:00,4728.75
2021-08-28 18:00:00+00:00,4851.75
2021-08-28 19:00:00+00:00,5044.0
2021-08-28 20:00:00+00:00,5338.0
2021-08-28 21:00:00+00:00,5443.75
2021-08-28 22:00:00+00:00,5297.5
2021-08-28 23:00:00+00:00,5111.0
2021-08-29 00:00:00+00:00,4881.75
2021-08-29 01:00:00+00:00,4820.75
2021-08-29 02:00:00+00:00,5204.25
2021-08-29 03:00:00+00:00,5650.75
2021-08-29 04:00:00+00:00,5259.5
2021-08-29 05:00:00+00:00,4755.25
2021-08-29 06:00:00+00:00,4740.5
2021-08-29 07:00:00+00:00,4383.75
2021-08-29 08:00:00+00:00,4020.25
2021-08-29 09:00:00+00:00,3940.75
2021-08-29 10:00:00+00:00,4095.0
2021-08-29 11:00:00+00:00,3880.25
2021-08-29 12:00:00+00:00,3333.0
2021-08-29 13:00:00+00:00,3323.5
2021-08-29 14:00:00+00:00,3321.0
2021-08-29 15:00:00+00:00,3259.25
2021-08-29 16:00:00+00:00,3059.5
2021-08-29 17:00:00+00:00,2805.25
2021-08-29 18:00:00+00:00,2857.0
2021-08-29 19:00:00+00:00,2971.0
2021-08-29 20:00:00+00:00,2693.5
2021-08-29 21:00:00+00:00,2142.25
2021-08-29 22:00:00+00:00,2175.0
2021-08-29 23:00:00+00:00,2131.0
2021-08-30 00:00:00+00:00,2150.75
2021-08-30 01:00:00+00:00,1991.25
2021-08-30 02:00:00+00:00,2140.0
2021-08-30 03:00:00+00:00,2466.75
2021-08-30 04:00:00+00:00,2431.25
2021-08-30 05:00:00+00:00,2309.5
2021-08-30 06:00:00+00:00,2366.5
2021-08-30 07:00:00+00:00,2389.25
2021-08-30 08:00:00+00:00,2313.25
2021-08-30 09:00:00+00:00,1976.25
2021-08-30 10:00:00+00:00,1868.0
2021-08-30 11:00:00+00:00,1990.25
2021-08-30 12:00:00+00:00,1962.0
2021-08-30 13:00:00+00:00,2000.5
2021-08-30 14:00:00+00:00,1990.25
2021-08-30 15:00:00+00:00,2000.0
2021-08-30 16:00:00+00:00,1993.25
2021-08-30 17:00:00+00:00,1865.5
2021-08-30 18:00:00+00:00,1809.75
2021-08-30 19:00:00+00:00,1895.0
2021-08-30 20:00:00+00:00,1617.5
2021-08-30 21:00:00+00:00,1805.25
2021-08-30 22:00:00+00:00,2130.0
2021-08-30 23:00:00+00:00,2236.5
2021-08-31 00:00:00+00:00,2154.75
2021-08-31 01:00:00+00:00,2011.75
2021-08-31 02:00:00+00:00,2277.5
2021-08-31 03:00:00+00:00,2725.25
2021-08-31 04:00:00+00:00,2561.5
2021-08-31 05:00:00+00:00,2519.0
2021-08-31 06:00:00+00:00,2681.5
2021-08-31 07:00:00+00:00,2621.25
2021-08-31 08:00:00+00:00,2392.25
2021-08-31 09:00:00+00:00,2204.5
2021-08-31 10:00:00+00:00,2087.0
2021-08-31 11:00:00+00:00,1895.5
2021-08-31 12:00:00+00:00,1610.0
2021-08-31 13:00:00+00:00,1403.75
2021-08-31 14:00:00+00:00,1340.75
2021-08-31 15:00:00+00:00,1823.5
2021-08-31 16:00:00+00:00,2041.25
2021-08-31 17:00:00+00:00,1997.5
2021-08-31 18:00:00+00:00,1905.75
2021-08-31 19:00:00+00:00,2082.0
2021-08-31 20:00:00+00:00,2154.75
2021-08-31 21:00:00+00:00,2017.5
2021-08-31 22:00:00+00:00,1836.0
2021-08-31 23:00:00+00:00,1383.0
2021-09-01 00:00:00+00:00,1118.5
2021-09-01 01:00:00+00:00,935.25
2021-09-01 02:00:00+00:00,850.25
2021-09-01 03:00:00+00:00,667.0
2021-09-01 04:00:00+00:00,665.5
2021-09-01 05:00:00+00:00,572.5
2021-09-01 06:00:00+00:00,369.25
2021-09-01 07:00:00+00:00,148.0
2021-09-01 08:00:00+00:00,76.25
2021-09-01 09:00:00+00:00,175.25
2021-09-01 10:00:00+00:00,192.5
2021-09-01 11:00:00+00:00,283.25
2021-09-01 12:00:00+00:00,410.25
2021-09-01 13:00:00+00:00,503.0
2021-09-01 14:00:00+00:00,673.75
2021-09-01 15:00:00+00:00,792.25
2021-09-01 16:00:00+00:00,828.25
2021-09-01 17:00:00+00:00,866.75
2021-09-01 18:00:00+00:00,956.75
2021-09-01 19:00:00+00:00,910.5
2021-09-01 20:00:00+00:00,843.5
2021-09-01 21:00:00+00:00,878.0
2021-09-01 22:00:00+00:00,844.25
2021-09-01 23:00:00+00:00,803.25
2021-09-02 00:00:00+00:00,695.5
2021-09-02 01:00:00+00:00,533.25
2021-09-02 02:00:00+00:00,430.75
2021-09-02 03:00:00+00:00,273.5
2021-09-02 04:00:00+00:00,160.0
2021-09-02 05:00:00+00:00,51.0
2021-09-02 06:00:00+00:00,8.75
2021-09-02 07:00:00+00:00,13.0
2021-09-02 08:00:00+00:00,0.0
2021-09-02 09:00:00+00:00,0.0
2021-09-02 10:00:00+00:00,0.5
2021-09-02 11:00:00+00:00,0.0
2021-09-02 12:00:00+00:00,1.0
2021-09-02 13:00:00+00:00,8.0
2021-09-02 14:00:00+00:00,61.0
2021-09-02 15:00:00+00:00,126.5
2021-09-02 16:00:00+00:00,166.0
2021-09-02 17:00:00+00:00,236.0
2021-09-02 18:00:00+00:00,326.5
2021-09-02 19:00:00+00:00,459.75
2021-09-02 20:00:00+00:00,514.25
2021-09-02 21:00:00+00:00,539.0
2021-09-02 22:00:00+00:00,590.0
2021-09-02 23:00:00+00:00,682.5
2021-09-03 00:00:00+00:00,811.0
2021-09-03 01:00:00+00:00,1100.0
2021-09-03 02:00:00+00:00,1252.0
2021-09-03 03:00:00+00:00,1344.0
2021-09-03 04:00:00+00:00,1429.0
2021-09-03 05:00:00+00:00,1337.5
2021-09-03 06:00:00+00:00,1221.0
2021-09-03 07:00:00+00:00,1180.25
2021-09-03 08:00:00+00:00,1209.25
2021-09-03 09:00:00+00:00,1089.25
2021-09-03 10:00:00+00:00,964.75
2021-09-03 11:00:00+00:00,1102.5
2021-09-03 12:00:00+00:00,1081.5
2021-09-03 13:00:00+00:00,1174.5
2021-09-03 14:00:00+00:00,1125.0
2021-09-03 15:00:00+00:00,1267.5
2021-09-03 16:00:00+00:00,1376.75
2021-09-03 17:00:00+00:00,1410.0
2021-09-03 18:00:00+00:00,1438.0
2021-09-03 19:00:00+00:00,1450.25
2021-09-03 20:00:00+00:00,1320.75
2021-09-03 21:00:00+00:00,1108.25
2021-09-03 22:00:00+00:00,998.5
2021-09-03 23:00:00+00:00,1022.0
2021-09-04 00:00:00+00:00,941.75
2021-09-04 01:00:00+00:00,866.75
2021-09-04 02:00:00+00:00,858.75
2021-09-04 03:00:00+00:00,921.75
2021-09-04 04:00:00+00:00,866.5
2021-09-04 05:00:00+00:00,790.0
2021-09-04 06:00:00+00:00,585.5
2021-09-04 07:00:00+00:00,623.0
2021-09-04 08:00:00+00:00,528.25
2021-09-04 09:00:00+00:00,401.25
2021-09-04 10:00:00+00:00,350.25
2021-09-04 11:00:00+00:00,432.0
2021-09-04 12:00:00+00:00,656.5
2021-09-04 13:00:00+00:00,718.25
2021-09-04 14:00:00+00:00,729.25
2021-09-04 15:00:00+00:00,782.75
2021-09-04 16:00:00+00:00,791.5
2021-09-04 17:00:00+00:00,792.25
2021-09-04 18:00:00+00:00,952.25
2021-09-04 19:00:00+00:00,915.0
2021-09-04 20:00:00+00:00,882.0
2021-09-04 21:00:00+00:00,1162.0
2021-09-04 22:00:00+00:00,1406.0
2021-09-04 23:00:00+00:00,1654.5
2021-09-05 00:00:00+00:00,1849.75
2021-09-05 01:00:00+00:00,2016.5
2021-09-05 02:00:00+00:00,2065.5
2021-09-05 03:00:00+00:00,1878.0
2021-09-05 04:00:00+00:00,1746.5
2021-09-05 05:00:00+00:00,1634.5
2021-09-05 06:00:00+00:00,1486.0
2021-09-05 07:00:00+00:00,1359.5
2021-09-05 08:00:00+00:00,1389.5
2021-09-05 09:00:00+00:00,1335.25
2021-09-05 10:00:00+00:00,1188.5
2021-09-05 11:00:00+00:00,1091.5
2021-09-05 12:00:00+00:00,1112.5
2021-09-05 13:00:00+00:00,1085.5
2021-09-05 14:00:00+00:00,1046.25
2021-09-05 15:00:00+00:00,972.25
2021-09-05 16:00:00+00:00,905.75
2021-09-05 17:00:00+00:00,948.5
2021-09-05 18:00:00+00:00,944.0
2021-09-05 19:00:00+00:00,678.25
2021-09-05 20:00:00+00:00,482.75
2021-09-05 21:00:00+00:00,403.0
2021-09-05 22:00:00+00:00,279.75
2021-09-05 23:00:00+00:00,184.0
2021-09-06 00:00:00+00:00,116.0
2021-09-06 01:00:00+00:00,72.5
2021-09-06 02:00:00+00:00,45.5
2021-09-06 03:00:00+00:00,29.5
2021-09-06 04:00:00+00:00,25.0
2021-09-06 05:00:00+00:00,24.25
2021-09-06 06:00:00+00:00,11.25
2021-09-06 07:00:00+00:00,12.0
2021-09-06 08:00:00+00:00,13.25
2021-09-06 09:00:00+00:00,10.0
2021-09-06 10:00:00+00:00,15.75
2021-09-06 11:00:00+00:00,23.5
2021-09-06 12:00:00+00:00,36.25
2021-09-06 13:00:00+00:00,62.0
2021-09-06 14:00:00+00:00,80.0
2021-09-06 15:00:00+00:00,85.25
2021-09-06 16:00:00+00:00,71.0
2021-09-06 17:00:00+00:00,55.5
2021-09-06 18:00:00+00:00,66.75
2021-09-06 19:00:00+00:00,67.0
2021-09-06 20:00:00+00:00,88.5
2021-09-06 21:00:00+00:00,77.5
2021-09-06 22:00:00+00:00,40.0
2021-09-06 23:00:00+00:00,27.5
2021-09-07 00:00:00+00:00,15.5
2021-09-07 01:00:00+00:00,22.5
2021-09-07 02:00:00+00:00,46.0
2021-09-07 03:00:00+00:00,72.0
2021-09-07 04:00:00+00:00,120.0
2021-09-07 05:00:00+00:00,207.25
2021-09-07 06:00:00+00:00,216.5
2021-09-07 07:00:00+00:00,236.0
2021-09-07 08:00:00+00:00,243.0
2021-09-07 09:00:00+00:00,224.25
2021-09-07 10:00:00+00:00,217.5
2021-09-07 11:00:00+00:00,233.25
2021-09-07 12:00:00+00:00,195.5
2021-09-07 13:00:00+00:00,181.0
2021-09-07 14:00:00+00:00,205.0
2021-09-07 15:00:00+00:00,242.25
2021-09-07 16:00:00+00:00,329.0
2021-09-07 17:00:00+00:00,463.0
2021-09-07 18:00:00+00:00,522.25
2021-09-07 19:00:00+00:00,536.5
2021-09-07 20:00:00+00:00,546.0
2021-09-07 21:00:00+00:00,603.0
2021-09-07 22:00:00+00:00,699.5
2021-09-07 23:00:00+00:00,715.5
2021-09-08 00:00:00+00:00,625.5
2021-09-08 01:00:00+00:00,523.0
2021-09-08 02:00:00+00:00,492.0
2021-09-08 03:00:00+00:00,380.0
2021-09-08 04:00:00+00:00,264.75
2021-09-08 05:00:00+00:00,202.0
2021-09-08 06:00:00+00:00,143.5
2021-09-08 07:00:00+00:00,136.25
2021-09-08 08:00:00+00:00,214.75
2021-09-08 09:00:00+00:00,299.5
2021-09-08 10:00:00+00:00,309.75
2021-09-08 11:00:00+00:00,236.75
2021-09-08 12:00:00+00:00,157.0
2021-09-08 13:00:00+00:00,157.0
2021-09-08 14:00:00+00:00,303.0
2021-09-08 15:00:00+00:00,581.5
2021-09-08 16:00:00+00:00,905.75
2021-09-08 17:00:00+00:00,1328.0
2021-09-08 18:00:00+00:00,1583.0
2021-09-08 19:00:00+00:00,1710.75
2021-09-08 20:00:00+00:00,1752.5
2021-09-08 21:00:00+00:00,1860.25
2021-09-08 22:00:00+00:00,1649.5
2021-09-08 23:00:00+00:00,1444.0
2021-09-09 00:00:00+00:00,1270.0
2021-09-09 01:00:00+00:00,1197.5
2021-09-09 02:00:00+00:00,1116.75
2021-09-09 03:00:00+00:00,1027.0
2021-09-09 04:00:00+00:00,864.75
2021-09-09 05:00:00+00:00,844.5
2021-09-09 06:00:00+00:00,778.5
2021-09-09 07:00:00+00:00,635.25
2021-09-09 08:00:00+00:00,522.5
2021-09-09 09:00:00+00:00,501.25
2021-09-09 10:00:00+00:00,373.0
2021-09-09 11:00:00+00:00,382.5
2021-09-09 12:00:00+00:00,442.25
2021-09-09 13:00:00+00:00,496.0
2021-09-09 14:00:00+00:00,558.75
2021-09-09 15:00:00+00:00,515.75
2021-09-09 16:00:00+00:00,472.25
2021-09-09 17:00:00+00:00,448.75
2021-09-09 18:00:00+00:00,492.75
2021-09-09 19:00:00+00:00,613.0
2021-09-09 20:00:00+00:00,766.75
2021-09-09 21:00:00+00:00,790.5
2021-09-09 22:00:00+00:00,716.75
2021-09-09 23:00:00+00:00,647.75
2021-09-10 00:00:00+00:00,521.75
2021-09-10 01:00:00+00:00,345.75
2021-09-10 02:00:00+00:00,296.5
2021-09-10 03:00:00+00:00,313.0
2021-09-10 04:00:00+00:00,343.5
2021-09-10 05:00:00+00:00,484.75
2021-09-10 06:00:00+00:00,467.25
2021-09-10 07:00:00+00:00,396.25
2021-09-10 08:00:00+00:00,372.5
2021-09-10 09:00:00+00:00,468.0
2021-09-10 10:00:00+00:00,530.5
2021-09-10 11:00:00+00:00,509.0
2021-09-10 12:00:00+00:00,522.75
2021-09-10 13:00:00+00:00,357.75
2021-09-10 14:00:00+00:00,250.5
2021-09-10 15:00:00+00:00,264.5
2021-09-10 16:00:00+00:00,235.25
2021-09-10 17:00:00+00:00,167.25
2021-09-10 18:00:00+00:00,188.75
2021-09-10 19:00:00+00:00,273.5
2021-09-10 20:00:00+00:00,419.75
2021-09-10 21:00:00+00:00,515.5
2021-09-10 22:00:00+00:00,701.5
2021-09-10 23:00:00+00:00,914.75
2021-09-11 00:00:00+00:00,1311.75
2021-09-11 01:00:00+00:00,1820.75
2021-09-11 02:00:00+00:00,1894.5
2021-09-11 03:00:00+00:00,1917.0
2021-09-11 04:00:00+00:00,1888.25
2021-09-11 05:00:00+00:00,1800.25
2021-09-11 06:00:00+00:00,1955.75
2021-09-11 07:00:00+00:00,1909.25
2021-09-11 08:00:00+00:00,1852.75
2021-09-11 09:00:00+00:00,2063.5
2021-09-11 10:00:00+00:00,2433.25
2021-09-11 11:00:00+00:00,2367.25
2021-09-11 12:00:00+00:00,2318.25
2021-09-11 13:00:00+00:00,2256.75
2021-09-11 14:00:00+00:00,2130.75
2021-09-11 15:00:00+00:00,1981.0
2021-09-11 16:00:00+00:00,2022.75
2021-09-11 17:00:00+00:00,2032.0
2021-09-11 18:00:00+00:00,2255.75
2021-09-11 19:00:00+00:00,2163.25
2021-09-11 20:00:00+00:00,2256.0
2021-09-11 21:00:00+00:00,2516.75
2021-09-11 22:00:00+00:00,2567.75
2021-09-11 23:00:00+00:00,2897.5
2021-09-12 00:00:00+00:00,2994.0
2021-09-12 01:00:00+00:00,2933.0
2021-09-12 02:00:00+00:00,2685.75
2021-09-12 03:00:00+00:00,2610.0
2021-09-12 04:00:00+00:00,2456.75
2021-09-12 05:00:00+00:00,2478.5
2021-09-12 06:00:00+00:00,2502.25
2021-09-12 07:00:00+00:00,2638.75
2021-09-12 08:00:00+00:00,2803.5
2021-09-12 09:00:00+00:00,2819.0
2021-09-12 10:00:00+00:00,2930.25
2021-09-12 11:00:00+00:00,2975.25
2021-09-12 12:00:00+00:00,3196.25
2021-09-12 13:00:00+00:00,3148.75
2021-09-12 14:00:00+00:00,3315.0
2021-09-12 15:00:00+00:00,3157.5
2021-09-12 16:00:00+00:00,2853.5
2021-09-12 17:00:00+00:00,2837.0
2021-09-12 18:00:00+00:00,2596.5
2021-09-12 19:00:00+00:00,2634.0
2021-09-12 20:00:00+00:00,2658.0
2021-09-12 21:00:00+00:00,2844.25
2021-09-12 22:00:00+00:00,3127.5
2021-09-12 23:00:00+00:00,3289.75
2021-09-13 00:00:00+00:00,3032.5
2021-09-13 01:00:00+00:00,2654.25
2021-09-13 02:00:00+00:00,1995.5
2021-09-13 03:00:00+00:00,1764.0
2021-09-13 04:00:00+00:00,1851.5
2021-09-13 05:00:00+00:00,1837.75
2021-09-13 06:00:00+00:00,1568.25
2021-09-13 07:00:00+00:00,1307.75
2021-09-13 08:00:00+00:00,1006.75
2021-09-13 09:00:00+00:00,948.0
2021-09-13 10:00:00+00:00,911.5
2021-09-13 11:00:00+00:00,778.5
2021-09-13 12:00:00+00:00,665.75
2021-09-13 13:00:00+00:00,526.25
2021-09-13 14:00:00+00:00,401.5
2021-09-13 15:00:00+00:00,313.25
2021-09-13 16:00:00+00:00,226.0
2021-09-13 17:00:00+00:00,208.0
2021-09-13 18:00:00+00:00,238.0
2021-09-13 19:00:00+00:00,229.5
2021-09-13 20:00:00+00:00,170.5
2021-09-13 21:00:00+00:00,120.5
2021-09-13 22:00:00+00:00,119.0
2021-09-13 23:00:00+00:00,102.0
2021-09-14 00:00:00+00:00,81.25
2021-09-14 01:00:00+00:00,43.5
2021-09-14 02:00:00+00:00,43.75
2021-09-14 03:00:00+00:00,35.75
2021-09-14 04:00:00+00:00,28.75
2021-09-14 05:00:00+00:00,29.75
2021-09-14 06:00:00+00:00,55.5
2021-09-14 07:00:00+00:00,61.25
2021-09-14 08:00:00+00:00,72.75
2021-09-14 09:00:00+00:00,222.75
2021-09-14 10:00:00+00:00,329.0
2021-09-14 11:00:00+00:00,277.0
2021-09-14 12:00:00+00:00,470.0
2021-09-14 13:00:00+00:00,765.0
2021-09-14 14:00:00+00:00,921.25
2021-09-14 15:00:00+00:00,1047.0
2021-09-14 16:00:00+00:00,1156.25
2021-09-14 17:00:00+00:00,1244.0
2021-09-14 18:00:00+00:00,1601.75
2021-09-14 19:00:00+00:00,2114.0
2021-09-14 20:00:00+00:00,2501.5
2021-09-14 21:00:00+00:00,2368.0
2021-09-14 22:00:00+00:00,2137.5
2021-09-14 23:00:00+00:00,2122.5
2021-09-15 00:00:00+00:00,2112.75
2021-09-15 01:00:00+00:00,2230.0
2021-09-15 02:00:00+00:00,1961.75
2021-09-15 03:00:00+00:00,1616.75
2021-09-15 04:00:00+00:00,1582.0
2021-09-15 05:00:00+00:00,1603.0
2021-09-15 06:00:00+00:00,1673.75
2021-09-15 07:00:00+00:00,1648.0
2021-09-15 08:00:00+00:00,1740.5
2021-09-15 09:00:00+00:00,1771.5
2021-09-15 10:00:00+00:00,1587.25
2021-09-15 11:00:00+00:00,1573.75
2021-09-15 12:00:00+00:00,1632.75
2021-09-15 13:00:00+00:00,1659.5
2021-09-15 14:00:00+00:00,1523.5
2021-09-15 15:00:00+00:00,2200.5
2021-09-15 16:00:00+00:00,3113.5
2021-09-15 17:00:00+00:00,3809.25
2021-09-15 18:00:00+00:00,4059.75
2021-09-15 19:00:00+00:00,3935.5
2021-09-15 20:00:00+00:00,4056.75
2021-09-15 21:00:00+00:00,3944.0
2021-09-15 22:00:00+00:00,3742.75
2021-09-15 23:00:00+00:00,3755.25
2021-09-16 00:00:00+00:00,4145.25
2021-09-16 01:00:00+00:00,4645.0
2021-09-16 02:00:00+00:00,5054.5
2021-09-16 03:00:00+00:00,5379.0
2021-09-16 04:00:00+00:00,5261.5
2021-09-16 05:00:00+00:00,5259.25
2021-09-16 06:00:00+00:00,5147.5
2021-09-16 07:00:00+00:00,5230.75
2021-09-16 08:00:00+00:00,5099.0
2021-09-16 09:00:00+00:00,4767.75
2021-09-16 10:00:00+00:00,4764.75
2021-09-16 11:00:00+00:00,4782.25
2021-09-16 12:00:00+00:00,4691.5
2021-09-16 13:00:00+00:00,4635.5
2021-09-16 14:00:00+00:00,4764.0
2021-09-16 15:00:00+00:00,4785.0
2021-09-16 16:00:00+00:00,4703.75
2021-09-16 17:00:00+00:00,4251.5
2021-09-16 18:00:00+00:00,3913.5
2021-09-16 19:00:00+00:00,3228.25
2021-09-16 20:00:00+00:00,2753.75
2021-09-16 21:00:00+00:00,2265.0
2021-09-16 22:00:00+00:00,1841.5
2021-09-16 23:00:00+00:00,1453.75
2021-09-17 00:00:00+00:00,1323.25
2021-09-17 01:00:00+00:00,1150.0
2021-09-17 02:00:00+00:00,985.0
2021-09-17 03:00:00+00:00,970.0
2021-09-17 04:00:00+00:00,863.25
2021-09-17 05:00:00+00:00,824.25
2021-09-17 06:00:00+00:00,893.25
2021-09-17 07:00:00+00:00,818.75
2021-09-17 08:00:00+00:00,613.5
2021-09-17 09:00:00+00:00,499.0
2021-09-17 10:00:00+00:00,391.5
2021-09-17 11:00:00+00:00,419.5
2021-09-17 12:00:00+00:00,550.25
2021-09-17 13:00:00+00:00,680.75
2021-09-17 14:00:00+00:00,676.0
2021-09-17 15:00:00+00:00,661.5
2021-09-17 16:00:00+00:00,828.5
2021-09-17 17:00:00+00:00,1088.0
2021-09-17 18:00:00+00:00,1403.0
2021-09-17 19:00:00+00:00,1124.25
2021-09-17 20:00:00+00:00,1006.25
2021-09-17 21:00:00+00:00,860.25
2021-09-17 22:00:00+00:00,799.5
2021-09-17 23:00:00+00:00,793.5
2021-09-18 00:00:00+00:00,829.5
2021-09-18 01:00:00+00:00,855.0
2021-09-18 02:00:00+00:00,871.25
2021-09-18 03:00:00+00:00,913.25
2021-09-18 04:00:00+00:00,958.75
2021-09-18 05:00:00+00:00,1033.25
2021-09-18 06:00:00+00:00,946.0
2021-09-18 07:00:00+00:00,927.0
2021-09-18 08:00:00+00:00,922.75
2021-09-18 09:00:00+00:00,778.0
2021-09-18 10:00:00+00:00,824.0
2021-09-18 11:00:00+00:00,733.75
2021-09-18 12:00:00+00:00,821.0
2021-09-18 13:00:00+00:00,755.25
2021-09-18 14:00:00+00:00,821.0
2021-09-18 15:00:00+00:00,1130.5
2021-09-18 16:00:00+00:00,1298.75
2021-09-18 17:00:00+00:00,1388.0
2021-09-18 18:00:00+00:00,1697.0
2021-09-18 19:00:00+00:00,2266.0
2021-09-18 20:00:00+00:00,2785.0
2021-09-18 21:00:00+00:00,3338.25
2021-09-18 22:00:00+00:00,3777.0
2021-09-18 23:00:00+00:00,4239.5
2021-09-19 00:00:00+00:00,4940.25
2021-09-19 01:00:00+00:00,5016.0
2021-09-19 02:00:00+00:00,5184.5
2021-09-19 03:00:00+00:00,4995.75
2021-09-19 04:00:00+00:00,4822.5
2021-09-19 05:00:00+00:00,4769.25
2021-09-19 06:00:00+00:00,4704.75
2021-09-19 07:00:00+00:00,4586.0
2021-09-19 08:00:00+00:00,4504.25
2021-09-19 09:00:00+00:00,4254.5
2021-09-19 10:00:00+00:00,3861.75
2021-09-19 11:00:00+00:00,3326.25
2021-09-19 12:00:00+00:00,2879.5
2021-09-19 13:00:00+00:00,2569.0
2021-09-19 14:00:00+00:00,2604.25
2021-09-19 15:00:00+00:00,2643.75
2021-09-19 16:00:00+00:00,2587.75
2021-09-19 17:00:00+00:00,2573.5
2021-09-19 18:00:00+00:00,2770.75
2021-09-19 19:00:00+00:00,2825.5
2021-09-19 20:00:00+00:00,2567.0
2021-09-19 21:00:00+00:00,2193.0
2021-09-19 22:00:00+00:00,1744.25
2021-09-19 23:00:00+00:00,1589.75
2021-09-20 00:00:00+00:00,1413.75
2021-09-20 01:00:00+00:00,1284.0
2021-09-20 02:00:00+00:00,1431.5
2021-09-20 03:00:00+00:00,1680.25
2021-09-20 04:00:00+00:00,1509.5
2021-09-20 05:00:00+00:00,1270.0
2021-09-20 06:00:00+00:00,1057.25
2021-09-20 07:00:00+00:00,888.5
2021-09-20 08:00:00+00:00,746.5
2021-09-20 09:00:00+00:00,545.25
2021-09-20 10:00:00+00:00,361.75
2021-09-20 11:00:00+00:00,327.5
2021-09-20 12:00:00+00:00,257.5
2021-09-20 13:00:00+00:00,127.0
2021-09-20 14:00:00+00:00,142.25
2021-09-20 15:00:00+00:00,148.75
2021-09-20 16:00:00+00:00,114.0
2021-09-20 17:00:00+00:00,93.25
2021-09-20 18:00:00+00:00,101.0
2021-09-20 19:00:00+00:00,132.5
2021-09-20 20:00:00+00:00,145.25
2021-09-20 21:00:00+00:00,156.0
2021-09-20 22:00:00+00:00,316.0
2021-09-20 23:00:00+00:00,501.25
2021-09-21 00:00:00+00:00,908.25
2021-09-21 01:00:00+00:00,1646.75
2021-09-21 02:00:00+00:00,2224.75
2021-09-21 03:00:00+00:00,2675.5
2021-09-21 04:00:00+00:00,3140.0
2021-09-21 05:00:00+00:00,3511.75
2021-09-21 06:00:00+00:00,3170.25
2021-09-21 07:00:00+00:00,3168.75
2021-09-21 08:00:00+00:00,3194.25
2021-09-21 09:00:00+00:00,3809.75
2021-09-21 10:00:00+00:00,4015.5
2021-09-21 11:00:00+00:00,4085.75
2021-09-21 12:00:00+00:00,3844.0
2021-09-21 13:00:00+00:00,3445.5
2021-09-21 14:00:00+00:00,3082.25
2021-09-21 15:00:00+00:00,2735.0
2021-09-21 16:00:00+00:00,2066.5
2021-09-21 17:00:00+00:00,1400.25
2021-09-21 18:00:00+00:00,1257.25
2021-09-21 19:00:00+00:00,897.5
2021-09-21 20:00:00+00:00,1082.0
2021-09-21 21:00:00+00:00,1102.0
2021-09-21 22:00:00+00:00,1264.25
2021-09-21 23:00:00+00:00,1221.5
2021-09-22 00:00:00+00:00,1062.25
2021-09-22 01:00:00+00:00,1021.0
2021-09-22 02:00:00+00:00,1189.75
2021-09-22 03:00:00+00:00,1261.0
2021-09-22 04:00:00+00:00,993.25
2021-09-22 05:00:00+00:00,903.75
2021-09-22 06:00:00+00:00,1004.5
2021-09-22 07:00:00+00:00,1405.25
2021-09-22 08:00:00+00:00,1651.5
2021-09-22 09:00:00+00:00,1623.5
2021-09-22 10:00:00+00:00,1791.0
2021-09-22 11:00:00+00:00,1754.75
2021-09-22 12:00:00+00:00,2308.5
2021-09-22 13:00:00+00:00,2810.0
2021-09-22 14:00:00+00:00,3459.0
2021-09-22 15:00:00+00:00,4366.75
2021-09-22 16:00:00+00:00,5293.25
2021-09-22 17:00:00+00:00,5946.75
2021-09-22 18:00:00+00:00,5418.0
2021-09-22 19:00:00+00:00,4637.25
2021-09-22 20:00:00+00:00,4150.5
2021-09-22 21:00:00+00:00,4058.5
2021-09-22 22:00:00+00:00,3793.0
2021-09-22 23:00:00+00:00,3689.0
2021-09-23 00:00:00+00:00,3691.25
2021-09-23 01:00:00+00:00,3689.0
2021-09-23 02:00:00+00:00,3910.25
2021-09-23 03:00:00+00:00,3913.75
2021-09-23 04:00:00+00:00,3530.25
2021-09-23 05:00:00+00:00,3084.75
2021-09-23 06:00:00+00:00,3111.25
2021-09-23 07:00:00+00:00,3274.0
2021-09-23 08:00:00+00:00,3298.0
2021-09-23 09:00:00+00:00,3067.0
2021-09-23 10:00:00+00:00,3215.75
2021-09-23 11:00:00+00:00,3483.75
2021-09-23 12:00:00+00:00,3496.0
2021-09-23 13:00:00+00:00,3520.0
2021-09-23 14:00:00+00:00,2795.0
2021-09-23 15:00:00+00:00,2579.0
2021-09-23 16:00:00+00:00,2344.25
2021-09-23 17:00:00+00:00,1896.0
2021-09-23 18:00:00+00:00,1948.75
2021-09-23 19:00:00+00:00,2043.25
2021-09-23 20:00:00+00:00,2080.25
2021-09-23 21:00:00+00:00,2180.75
2021-09-23 22:00:00+00:00,2480.75
2021-09-23 23:00:00+00:00,3385.75
2021-09-24 00:00:00+00:00,3941.0
2021-09-24 01:00:00+00:00,4104.25
2021-09-24 02:00:00+00:00,4002.75
2021-09-24 03:00:00+00:00,3810.0
2021-09-24 04:00:00+00:00,3062.25
2021-09-24 05:00:00+00:00,3672.0
2021-09-24 06:00:00+00:00,4419.25
2021-09-24 07:00:00+00:00,4499.5
2021-09-24 08:00:00+00:00,4902.0
2021-09-24 09:00:00+00:00,4626.75
2021-09-24 10:00:00+00:00,5324.0
2021-09-24 11:00:00+00:00,5924.75
2021-09-24 12:00:00+00:00,5466.25
2021-09-24 13:00:00+00:00,4912.0
2021-09-24 14:00:00+00:00,5037.5
2021-09-24 15:00:00+00:00,5034.25
2021-09-24 16:00:00+00:00,5062.75
2021-09-24 17:00:00+00:00,5083.75
2021-09-24 18:00:00+00:00,4640.75
2021-09-24 19:00:00+00:00,4225.0
2021-09-24 20:00:00+00:00,4527.0
2021-09-24 21:00:00+00:00,4550.25
2021-09-24 22:00:00+00:00,4584.5
2021-09-24 23:00:00+00:00,4105.25
2021-09-25 00:00:00+00:00,3626.75
2021-09-25 01:00:00+00:00,3006.25
2021-09-25 02:00:00+00:00,2232.0
2021-09-25 03:00:00+00:00,1678.5
2021-09-25 04:00:00+00:00,1713.5
2021-09-25 05:00:00+00:00,1731.75
2021-09-25 06:00:00+00:00,1563.25
2021-09-25 07:00:00+00:00,1265.25
2021-09-25 08:00:00+00:00,1102.0
2021-09-25 09:00:00+00:00,720.75
2021-09-25 10:00:00+00:00,590.75
2021-09-25 11:00:00+00:00,571.75
2021-09-25 12:00:00+00:00,580.75
2021-09-25 13:00:00+00:00,323.0
2021-09-25 14:00:00+00:00,108.75
2021-09-25 15:00:00+00:00,112.0
2021-09-25 16:00:00+00:00,96.25
2021-09-25 17:00:00+00:00,53.5
2021-09-25 18:00:00+00:00,37.25
2021-09-25 19:00:00+00:00,51.0
2021-09-25 20:00:00+00:00,234.0
2021-09-25 21:00:00+00:00,324.25
2021-09-25 22:00:00+00:00,420.5
2021-09-25 23:00:00+00:00,548.25
2021-09-26 00:00:00+00:00,735.25
2021-09-26 01:00:00+00:00,873.0
2021-09-26 02:00:00+00:00,1024.5
2021-09-26 03:00:00+00:00,1151.5
2021-09-26 04:00:00+00:00,1346.0
2021-09-26 05:00:00+00:00,1483.25
2021-09-26 06:00:00+00:00,1558.0
2021-09-26 07:00:00+00:00,1612.75
2021-09-26 08:00:00+00:00,1703.25
2021-09-26 09:00:00+00:00,1494.0
2021-09-26 10:00:00+00:00,1281.0
2021-09-26 11:00:00+00:00,1167.5
2021-09-26 12:00:00+00:00,1198.25
2021-09-26 13:00:00+00:00,1141.5
2021-09-26 14:00:00+00:00,1036.0
2021-09-26 15:00:00+00:00,972.0
2021-09-26 16:00:00+00:00,996.5
2021-09-26 17:00:00+00:00,940.5
2021-09-26 18:00:00+00:00,942.0
2021-09-26 19:00:00+00:00,1038.5
2021-09-26 20:00:00+00:00,1059.5
2021-09-26 21:00:00+00:00,1095.0
2021-09-26 22:00:00+00:00,1068.5
2021-09-26 23:00:00+00:00,1164.0
2021-09-27 00:00:00+00:00,1338.5
2021-09-27 01:00:00+00:00,1289.25
2021-09-27 02:00:00+00:00,1372.0
2021-09-27 03:00:00+00:00,1397.5
2021-09-27 04:00:00+00:00,1551.75
2021-09-27 05:00:00+00:00,1840.5
2021-09-27 06:00:00+00:00,2282.0
2021-09-27 07:00:00+00:00,2699.5
2021-09-27 08:00:00+00:00,3039.75
2021-09-27 09:00:00+00:00,3514.75
2021-09-27 10:00:00+00:00,4059.0
2021-09-27 11:00:00+00:00,4639.0
2021-09-27 12:00:00+00:00,5636.75
2021-09-27 13:00:00+00:00,6018.5
2021-09-27 14:00:00+00:00,6155.5
2021-09-27 15:00:00+00:00,6353.5
2021-09-27 16:00:00+00:00,5972.25
2021-09-27 17:00:00+00:00,5739.5
2021-09-27 18:00:00+00:00,4926.25
2021-09-27 19:00:00+00:00,4058.25
2021-09-27 20:00:00+00:00,3658.25
2021-09-27 21:00:00+00:00,3404.25
2021-09-27 22:00:00+00:00,2569.25
2021-09-27 23:00:00+00:00,1912.0
2021-09-28 00:00:00+00:00,1870.5
2021-09-28 01:00:00+00:00,1709.5
2021-09-28 02:00:00+00:00,1645.25
2021-09-28 03:00:00+00:00,1523.75
2021-09-28 04:00:00+00:00,1737.5
2021-09-28 05:00:00+00:00,1837.75
2021-09-28 06:00:00+00:00,1856.5
2021-09-28 07:00:00+00:00,1806.25
2021-09-28 08:00:00+00:00,1836.0
2021-09-28 09:00:00+00:00,1752.5
2021-09-28 10:00:00+00:00,1893.5
2021-09-28 11:00:00+00:00,2117.0
2021-09-28 12:00:00+00:00,1709.75
2021-09-28 13:00:00+00:00,1266.25
2021-09-28 14:00:00+00:00,1168.25
2021-09-28 15:00:00+00:00,994.75
2021-09-28 16:00:00+00:00,922.0
2021-09-28 17:00:00+00:00,1288.5
2021-09-28 18:00:00+00:00,1803.5
2021-09-28 19:00:00+00:00,2487.25
2021-09-28 20:00:00+00:00,3411.75
2021-09-28 21:00:00+00:00,3972.75
2021-09-28 22:00:00+00:00,3952.0
2021-09-28 23:00:00+00:00,4193.25
2021-09-29 00:00:00+00:00,4523.25
2021-09-29 01:00:00+00:00,4747.5
2021-09-29 02:00:00+00:00,4873.5
2021-09-29 03:00:00+00:00,4793.75
2021-09-29 04:00:00+00:00,4567.5
2021-09-29 05:00:00+00:00,4698.5
2021-09-29 06:00:00+00:00,5271.0
2021-09-29 07:00:00+00:00,5222.0
2021-09-29 08:00:00+00:00,4087.5
2021-09-29 09:00:00+00:00,3614.0
2021-09-29 10:00:00+00:00,3449.75
2021-09-29 11:00:00+00:00,3285.5
2021-09-29 12:00:00+00:00,3710.75
2021-09-29 13:00:00+00:00,3714.0
2021-09-29 14:00:00+00:00,4453.5
2021-09-29 15:00:00+00:00,5573.0
2021-09-29 16:00:00+00:00,5765.75
2021-09-29 17:00:00+00:00,5551.5
2021-09-29 18:00:00+00:00,5693.0
2021-09-29 19:00:00+00:00,5947.25
2021-09-29 20:00:00+00:00,5987.25
2021-09-29 21:00:00+00:00,6241.0
2021-09-29 22:00:00+00:00,6343.0
2021-09-29 23:00:00+00:00,6540.25
2021-09-30 00:00:00+00:00,6617.5
2021-09-30 01:00:00+00:00,6640.0
2021-09-30 02:00:00+00:00,6507.5
2021-09-30 03:00:00+00:00,5271.25
2021-09-30 04:00:00+00:00,4340.0
2021-09-30 05:00:00+00:00,4257.25
2021-09-30 06:00:00+00:00,4181.0
2021-09-30 07:00:00+00:00,4200.75
2021-09-30 08:00:00+00:00,4187.75
2021-09-30 09:00:00+00:00,4176.25
2021-09-30 10:00:00+00:00,4497.25
2021-09-30 11:00:00+00:00,5091.75
2021-09-30 12:00:00+00:00,5077.75
2021-09-30 13:00:00+00:00,5214.0
2021-09-30 14:00:00+00:00,5186.25
2021-09-30 15:00:00+00:00,5192.5
2021-09-30 16:00:00+00:00,5845.5
2021-09-30 17:00:00+00:00,6045.75
2021-09-30 18:00:00+00:00,6035.75
2021-09-30 19:00:00+00:00,5868.0
2021-09-30 20:00:00+00:00,5806.5
2021-09-30 21:00:00+00:00,5880.75
2021-09-30 22:00:00+00:00,5822.75
2021-09-30 23:00:00+00:00,5827.25
2021-10-01 00:00:00+00:00,6030.25
2021-10-01 01:00:00+00:00,6002.25
2021-10-01 02:00:00+00:00,6090.0
2021-10-01 03:00:00+00:00,6104.5
2021-10-01 04:00:00+00:00,6090.5
2021-10-01 05:00:00+00:00,6134.75
2021-10-01 06:00:00+00:00,6172.75
2021-10-01 07:00:00+00:00,6193.5
2021-10-01 08:00:00+00:00,6196.5
2021-10-01 09:00:00+00:00,6206.25
2021-10-01 10:00:00+00:00,6276.25
2021-10-01 11:00:00+00:00,6271.75
2021-10-01 12:00:00+00:00,6226.75
2021-10-01 13:00:00+00:00,5933.5
2021-10-01 14:00:00+00:00,5720.75
2021-10-01 15:00:00+00:00,5628.5
2021-10-01 16:00:00+00:00,5603.25
2021-10-01 17:00:00+00:00,5823.5
2021-10-01 18:00:00+00:00,5829.0
2021-10-01 19:00:00+00:00,5086.25
2021-10-01 20:00:00+00:00,4277.25
2021-10-01 21:00:00+00:00,3969.25
2021-10-01 22:00:00+00:00,3636.75
2021-10-01 23:00:00+00:00,2862.5
2021-10-02 00:00:00+00:00,2068.25
2021-10-02 01:00:00+00:00,1354.0
2021-10-02 02:00:00+00:00,943.5
2021-10-02 03:00:00+00:00,725.75
2021-10-02 04:00:00+00:00,720.0
2021-10-02 05:00:00+00:00,1045.25
2021-10-02 06:00:00+00:00,1549.75
2021-10-02 07:00:00+00:00,1522.25
2021-10-02 08:00:00+00:00,1647.0
2021-10-02 09:00:00+00:00,1817.5
2021-10-02 10:00:00+00:00,1826.5
2021-10-02 11:00:00+00:00,2432.5
2021-10-02 12:00:00+00:00,2973.0
2021-10-02 13:00:00+00:00,3508.75
2021-10-02 14:00:00+00:00,4351.5
2021-10-02 15:00:00+00:00,5310.75
2021-10-02 16:00:00+00:00,6192.25
2021-10-02 17:00:00+00:00,6383.5
2021-10-02 18:00:00+00:00,6349.75
2021-10-02 19:00:00+00:00,6276.0
2021-10-02 20:00:00+00:00,6427.75
2021-10-02 21:00:00+00:00,6527.0
2021-10-02 22:00:00+00:00,6292.75
2021-10-02 23:00:00+00:00,4683.75
2021-10-03 00:00:00+00:00,4255.25
2021-10-03 01:00:00+00:00,4553.75
2021-10-03 02:00:00+00:00,4624.5
2021-10-03 03:00:00+00:00,5008.25
2021-10-03 04:00:00+00:00,5048.75
2021-10-03 05:00:00+00:00,4755.5
2021-10-03 06:00:00+00:00,5276.75
2021-10-03 07:00:00+00:00,4243.75
2021-10-03 08:00:00+00:00,3280.0
2021-10-03 09:00:00+00:00,2318.0
2021-10-03 10:00:00+00:00,1872.0
2021-10-03 11:00:00+00:00,1676.0
2021-10-03 12:00:00+00:00,1755.5
2021-10-03 13:00:00+00:00,2285.0
2021-10-03 14:00:00+00:00,2873.75
2021-10-03 15:00:00+00:00,4187.0
2021-10-03 16:00:00+00:00,4695.25
2021-10-03 17:00:00+00:00,5471.5
2021-10-03 18:00:00+00:00,6152.75
2021-10-03 19:00:00+00:00,6919.0
2021-10-03 20:00:00+00:00,6498.0
2021-10-03 21:00:00+00:00,6275.0
2021-10-03 22:00:00+00:00,6201.0
2021-10-03 23:00:00+00:00,5945.5
2021-10-04 00:00:00+00:00,5520.5
2021-10-04 01:00:00+00:00,5458.25
2021-10-04 02:00:00+00:00,5450.25
2021-10-04 03:00:00+00:00,5381.0
2021-10-04 04:00:00+00:00,5349.75
2021-10-04 05:00:00+00:00,5043.5
2021-10-04 06:00:00+00:00,5233.75
2021-10-04 07:00:00+00:00,5599.25
2021-10-04 08:00:00+00:00,5732.5
2021-10-04 09:00:00+00:00,5255.5
2021-10-04 10:00:00+00:00,4809.25
2021-10-04 11:00:00+00:00,5311.5
2021-10-04 12:00:00+00:00,5227.0
2021-10-04 13:00:00+00:00,4567.0
2021-10-04 14:00:00+00:00,3809.75
2021-10-04 15:00:00+00:00,4578.5
2021-10-04 16:00:00+00:00,5821.25
2021-10-04 17:00:00+00:00,5715.25
2021-10-04 18:00:00+00:00,5566.75
2021-10-04 19:00:00+00:00,5561.25
2021-10-04 20:00:00+00:00,5313.75
2021-10-04 21:00:00+00:00,5323.25
2021-10-04 22:00:00+00:00,5177.5
2021-10-04 23:00:00+00:00,5028.5
2021-10-05 00:00:00+00:00,4778.0
2021-10-05 01:00:00+00:00,4331.5
2021-10-05 02:00:00+00:00,4288.25
2021-10-05 03:00:00+00:00,4518.5
2021-10-05 04:00:00+00:00,4521.75
2021-10-05 05:00:00+00:00,4648.5
2021-10-05 06:00:00+00:00,4820.75
2021-10-05 07:00:00+00:00,4964.75
2021-10-05 08:00:00+00:00,5199.5
2021-10-05 09:00:00+00:00,5531.25
2021-10-05 10:00:00+00:00,5747.75
2021-10-05 11:00:00+00:00,6063.5
2021-10-05 12:00:00+00:00,6290.25
2021-10-05 13:00:00+00:00,6473.75
2021-10-05 14:00:00+00:00,6516.75
2021-10-05 15:00:00+00:00,6507.75
2021-10-05 16:00:00+00:00,6396.25
2021-10-05 17:00:00+00:00,6380.5
2021-10-05 18:00:00+00:00,5914.25
2021-10-05 19:00:00+00:00,4821.75
2021-10-05 20:00:00+00:00,4248.25
2021-10-05 21:00:00+00:00,5057.25
2021-10-05 22:00:00+00:00,4964.0
2021-10-05 23:00:00+00:00,4630.25
2021-10-06 00:00:00+00:00,4389.0
2021-10-06 01:00:00+00:00,4630.25
2021-10-06 02:00:00+00:00,4712.5
2021-10-06 03:00:00+00:00,5119.5
2021-10-06 04:00:00+00:00,4945.25
2021-10-06 05:00:00+00:00,4109.25
2021-10-06 06:00:00+00:00,3525.0
2021-10-06 07:00:00+00:00,2740.75
2021-10-06 08:00:00+00:00,1835.25
2021-10-06 09:00:00+00:00,994.25
2021-10-06 10:00:00+00:00,661.5
2021-10-06 11:00:00+00:00,393.0
2021-10-06 12:00:00+00:00,252.25
2021-10-06 13:00:00+00:00,213.0
2021-10-06 14:00:00+00:00,134.75
2021-10-06 15:00:00+00:00,87.75
2021-10-06 16:00:00+00:00,60.75
2021-10-06 17:00:00+00:00,65.75
2021-10-06 18:00:00+00:00,49.0
2021-10-06 19:00:00+00:00,72.75
2021-10-06 20:00:00+00:00,101.75
2021-10-06 21:00:00+00:00,49.75
2021-10-06 22:00:00+00:00,26.5
2021-10-06 23:00:00+00:00,33.75
2021-10-07 00:00:00+00:00,37.75
2021-10-07 01:00:00+00:00,24.5
2021-10-07 02:00:00+00:00,20.25
2021-10-07 03:00:00+00:00,23.75
2021-10-07 04:00:00+00:00,34.75
2021-10-07 05:00:00+00:00,80.0
2021-10-07 06:00:00+00:00,163.0
2021-10-07 07:00:00+00:00,257.0
2021-10-07 08:00:00+00:00,357.0
2021-10-07 09:00:00+00:00,513.25
2021-10-07 10:00:00+00:00,612.0
2021-10-07 11:00:00+00:00,518.75
2021-10-07 12:00:00+00:00,462.0
2021-10-07 13:00:00+00:00,464.0
2021-10-07 14:00:00+00:00,423.75
2021-10-07 15:00:00+00:00,437.0
2021-10-07 16:00:00+00:00,392.0
2021-10-07 17:00:00+00:00,296.0
2021-10-07 18:00:00+00:00,262.75
2021-10-07 19:00:00+00:00,316.75
2021-10-07 20:00:00+00:00,379.5
2021-10-07 21:00:00+00:00,431.25
2021-10-07 22:00:00+00:00,485.25
2021-10-07 23:00:00+00:00,558.75
2021-10-08 00:00:00+00:00,583.5
2021-10-08 01:00:00+00:00,505.25
2021-10-08 02:00:00+00:00,429.0
2021-10-08 03:00:00+00:00,332.0
2021-10-08 04:00:00+00:00,254.25
2021-10-08 05:00:00+00:00,202.25
2021-10-08 06:00:00+00:00,148.75
2021-10-08 07:00:00+00:00,159.75
2021-10-08 08:00:00+00:00,155.75
2021-10-08 09:00:00+00:00,143.75
2021-10-08 10:00:00+00:00,150.5
2021-10-08 11:00:00+00:00,150.75
2021-10-08 12:00:00+00:00,104.25
2021-10-08 13:00:00+00:00,93.0
2021-10-08 14:00:00+00:00,145.75
2021-10-08 15:00:00+00:00,224.0
2021-10-08 16:00:00+00:00,288.5
2021-10-08 17:00:00+00:00,396.75
2021-10-08 18:00:00+00:00,587.0
2021-10-08 19:00:00+00:00,742.25
2021-10-08 20:00:00+00:00,879.5
2021-10-08 21:00:00+00:00,1072.75
2021-10-08 22:00:00+00:00,1140.0
2021-10-08 23:00:00+00:00,1127.25
2021-10-09 00:00:00+00:00,1099.25
2021-10-09 01:00:00+00:00,890.75
2021-10-09 02:00:00+00:00,764.0
2021-10-09 03:00:00+00:00,760.75
2021-10-09 04:00:00+00:00,794.75
2021-10-09 05:00:00+00:00,808.75
2021-10-09 06:00:00+00:00,1052.75
2021-10-09 07:00:00+00:00,1133.75
2021-10-09 08:00:00+00:00,1227.25
2021-10-09 09:00:00+00:00,1252.5
2021-10-09 10:00:00+00:00,1378.75
2021-10-09 11:00:00+00:00,1169.5
2021-10-09 12:00:00+00:00,799.0
2021-10-09 13:00:00+00:00,783.0
2021-10-09 14:00:00+00:00,961.0
2021-10-09 15:00:00+00:00,1162.75
2021-10-09 16:00:00+00:00,1269.75
2021-10-09 17:00:00+00:00,1497.5
2021-10-09 18:00:00+00:00,1793.0
2021-10-09 19:00:00+00:00,1935.75
2021-10-09 20:00:00+00:00,1945.5
2021-10-09 21:00:00+00:00,1817.25
2021-10-09 22:00:00+00:00,1592.5
2021-10-09 23:00:00+00:00,1236.25
2021-10-10 00:00:00+00:00,1042.0
2021-10-10 01:00:00+00:00,736.5
2021-10-10 02:00:00+00:00,440.5
2021-10-10 03:00:00+00:00,278.25
2021-10-10 04:00:00+00:00,225.0
2021-10-10 05:00:00+00:00,202.5
2021-10-10 06:00:00+00:00,194.0
2021-10-10 07:00:00+00:00,226.25
2021-10-10 08:00:00+00:00,362.0
2021-10-10 09:00:00+00:00,479.75
2021-10-10 10:00:00+00:00,410.5
2021-10-10 11:00:00+00:00,380.75
2021-10-10 12:00:00+00:00,419.25
2021-10-10 13:00:00+00:00,468.5
2021-10-10 14:00:00+00:00,648.0
2021-10-10 15:00:00+00:00,917.75
2021-10-10 16:00:00+00:00,1672.0
2021-10-10 17:00:00+00:00,2523.25
2021-10-10 18:00:00+00:00,3497.5
2021-10-10 19:00:00+00:00,4346.0
2021-10-10 20:00:00+00:00,3815.25
2021-10-10 21:00:00+00:00,3901.0
2021-10-10 22:00:00+00:00,3836.5
2021-10-10 23:00:00+00:00,4251.0
2021-10-11 00:00:00+00:00,4302.25
2021-10-11 01:00:00+00:00,4168.75
2021-10-11 02:00:00+00:00,4104.25
2021-10-11 03:00:00+00:00,4189.0
2021-10-11 04:00:00+00:00,4234.75
2021-10-11 05:00:00+00:00,4901.25
2021-10-11 06:00:00+00:00,5101.5
2021-10-11 07:00:00+00:00,5453.0
2021-10-11 08:00:00+00:00,5344.75
2021-10-11 09:00:00+00:00,5588.5
2021-10-11 10:00:00+00:00,5567.25
2021-10-11 11:00:00+00:00,5843.5
2021-10-11 12:00:00+00:00,5264.25
2021-10-11 13:00:00+00:00,5109.5
2021-10-11 14:00:00+00:00,5169.0
2021-10-11 15:00:00+00:00,5259.5
2021-10-11 16:00:00+00:00,5381.5
2021-10-11 17:00:00+00:00,5764.5
2021-10-11 18:00:00+00:00,5665.75
2021-10-11 19:00:00+00:00,5698.5
2021-10-11 20:00:00+00:00,5732.5
2021-10-11 21:00:00+00:00,5768.0
2021-10-11 22:00:00+00:00,5649.75
2021-10-11 23:00:00+00:00,5643.75
2021-10-12 00:00:00+00:00,5539.5
2021-10-12 01:00:00+00:00,5519.5
2021-10-12 02:00:00+00:00,5072.0
2021-10-12 03:00:00+00:00,5442.75
2021-10-12 04:00:00+00:00,5215.0
2021-10-12 05:00:00+00:00,4993.0
2021-10-12 06:00:00+00:00,4722.25
2021-10-12 07:00:00+00:00,4464.75
2021-10-12 08:00:00+00:00,4670.0
2021-10-12 09:00:00+00:00,4675.75
2021-10-12 10:00:00+00:00,5023.25
2021-10-12 11:00:00+00:00,5007.25
2021-10-12 12:00:00+00:00,5190.75
2021-10-12 13:00:00+00:00,5091.25
2021-10-12 14:00:00+00:00,5227.25
2021-10-12 15:00:00+00:00,5245.5
2021-10-12 16:00:00+00:00,5146.0
2021-10-12 17:00:00+00:00,4630.25
2021-10-12 18:00:00+00:00,4200.75
2021-10-12 19:00:00+00:00,3970.0
2021-10-12 20:00:00+00:00,3455.5
2021-10-12 21:00:00+00:00,3525.0
2021-10-12 22:00:00+00:00,3270.25
2021-10-12 23:00:00+00:00,2834.0
2021-10-13 00:00:00+00:00,2634.25
2021-10-13 01:00:00+00:00,2825.0
2021-10-13 02:00:00+00:00,2979.0
2021-10-13 03:00:00+00:00,3373.75
2021-10-13 04:00:00+00:00,3393.0
2021-10-13 05:00:00+00:00,3661.5
2021-10-13 06:00:00+00:00,3405.75
2021-10-13 07:00:00+00:00,3183.5
2021-10-13 08:00:00+00:00,2677.0
2021-10-13 09:00:00+00:00,2177.0
2021-10-13 10:00:00+00:00,2314.5
2021-10-13 11:00:00+00:00,2261.25
2021-10-13 12:00:00+00:00,2139.25
2021-10-13 13:00:00+00:00,2700.75
2021-10-13 14:00:00+00:00,3104.25
2021-10-13 15:00:00+00:00,3170.5
2021-10-13 16:00:00+00:00,3480.5
2021-10-13 17:00:00+00:00,4766.0
2021-10-13 18:00:00+00:00,5223.25
2021-10-13 19:00:00+00:00,4923.75
2021-10-13 20:00:00+00:00,4216.0
2021-10-13 21:00:00+00:00,3478.5
2021-10-13 22:00:00+00:00,2866.25
2021-10-13 23:00:00+00:00,3189.75
2021-10-14 00:00:00+00:00,3899.75
2021-10-14 01:00:00+00:00,4290.75
2021-10-14 02:00:00+00:00,3765.0
2021-10-14 03:00:00+00:00,3944.25
2021-10-14 04:00:00+00:00,4097.5
2021-10-14 05:00:00+00:00,4594.25
2021-10-14 06:00:00+00:00,4542.0
2021-10-14 07:00:00+00:00,4949.75
2021-10-14 08:00:00+00:00,5374.0
2021-10-14 09:00:00+00:00,5598.75
2021-10-14 10:00:00+00:00,5437.0
2021-10-14 11:00:00+00:00,5420.75
2021-10-14 12:00:00+00:00,5306.75
2021-10-14 13:00:00+00:00,5575.0
2021-10-14 14:00:00+00:00,5342.5
2021-10-14 15:00:00+00:00,5299.5
2021-10-14 16:00:00+00:00,5636.25
2021-10-14 17:00:00+00:00,5720.0
2021-10-14 18:00:00+00:00,5803.0
2021-10-14 19:00:00+00:00,5855.25
2021-10-14 20:00:00+00:00,5770.75
2021-10-14 21:00:00+00:00,5774.25
2021-10-14 22:00:00+00:00,5786.75
2021-10-14 23:00:00+00:00,5771.0
2021-10-15 00:00:00+00:00,5785.25
2021-10-15 01:00:00+00:00,5717.25
2021-10-15 02:00:00+00:00,5665.5
2021-10-15 03:00:00+00:00,5498.75
2021-10-15 04:00:00+00:00,5470.25
2021-10-15 05:00:00+00:00,5468.5
2021-10-15 06:00:00+00:00,5668.5
2021-10-15 07:00:00+00:00,6558.5
2021-10-15 08:00:00+00:00,6675.75
2021-10-15 09:00:00+00:00,6356.75
2021-10-15 10:00:00+00:00,5941.25
2021-10-15 11:00:00+00:00,5699.0
2021-10-15 12:00:00+00:00,5336.75
2021-10-15 13:00:00+00:00,5510.0
2021-10-15 14:00:00+00:00,5432.0
2021-10-15 15:00:00+00:00,5323.5
2021-10-15 16:00:00+00:00,5124.75
2021-10-15 17:00:00+00:00,4992.25
2021-10-15 18:00:00+00:00,4651.0
2021-10-15 19:00:00+00:00,4833.25
2021-10-15 20:00:00+00:00,4544.0
2021-10-15 21:00:00+00:00,4276.0
2021-10-15 22:00:00+00:00,3696.0
2021-10-15 23:00:00+00:00,3343.25
2021-10-16 00:00:00+00:00,3311.0
2021-10-16 01:00:00+00:00,3530.75
2021-10-16 02:00:00+00:00,3544.75
2021-10-16 03:00:00+00:00,3769.75
2021-10-16 04:00:00+00:00,3652.75
2021-10-16 05:00:00+00:00,3437.5
2021-10-16 06:00:00+00:00,3344.25
2021-10-16 07:00:00+00:00,2843.25
2021-10-16 08:00:00+00:00,3133.75
2021-10-16 09:00:00+00:00,3190.75
2021-10-16 10:00:00+00:00,3018.25
2021-10-16 11:00:00+00:00,3253.75
2021-10-16 12:00:00+00:00,3260.25
2021-10-16 13:00:00+00:00,3478.0
2021-10-16 14:00:00+00:00,3689.5
2021-10-16 15:00:00+00:00,3570.75
2021-10-16 16:00:00+00:00,2880.25
2021-10-16 17:00:00+00:00,3243.25
2021-10-16 18:00:00+00:00,3722.5
2021-10-16 19:00:00+00:00,3921.25
2021-10-16 20:00:00+00:00,3856.75
2021-10-16 21:00:00+00:00,4179.5
2021-10-16 22:00:00+00:00,4252.25
2021-10-16 23:00:00+00:00,3788.5
2021-10-17 00:00:00+00:00,2996.0
2021-10-17 01:00:00+00:00,2467.75
2021-10-17 02:00:00+00:00,2193.75
2021-10-17 03:00:00+00:00,2312.75
2021-10-17 04:00:00+00:00,2266.0
2021-10-17 05:00:00+00:00,2419.25
2021-10-17 06:00:00+00:00,2217.5
2021-10-17 07:00:00+00:00,1692.5
2021-10-17 08:00:00+00:00,1446.5
2021-10-17 09:00:00+00:00,1324.75
2021-10-17 10:00:00+00:00,1681.25
2021-10-17 11:00:00+00:00,2379.75
2021-10-17 12:00:00+00:00,2603.25
2021-10-17 13:00:00+00:00,2583.0
2021-10-17 14:00:00+00:00,2945.0
2021-10-17 15:00:00+00:00,3465.5
2021-10-17 16:00:00+00:00,3422.0
2021-10-17 17:00:00+00:00,3794.5
2021-10-17 18:00:00+00:00,4452.75
2021-10-17 19:00:00+00:00,4438.5
2021-10-17 20:00:00+00:00,4220.25
2021-10-17 21:00:00+00:00,3855.25
2021-10-17 22:00:00+00:00,3867.75
2021-10-17 23:00:00+00:00,3802.25
2021-10-18 00:00:00+00:00,3378.25
2021-10-18 01:00:00+00:00,2915.75
2021-10-18 02:00:00+00:00,2864.5
2021-10-18 03:00:00+00:00,2576.75
2021-10-18 04:00:00+00:00,2466.75
2021-10-18 05:00:00+00:00,2327.25
2021-10-18 06:00:00+00:00,2234.5
2021-10-18 07:00:00+00:00,2337.5
2021-10-18 08:00:00+00:00,2365.0
2021-10-18 09:00:00+00:00,2284.25
2021-10-18 10:00:00+00:00,2569.75
2021-10-18 11:00:00+00:00,2404.5
2021-10-18 12:00:00+00:00,2867.5
2021-10-18 13:00:00+00:00,2938.0
2021-10-18 14:00:00+00:00,2687.5
2021-10-18 15:00:00+00:00,2485.25
2021-10-18 16:00:00+00:00,2737.25
2021-10-18 17:00:00+00:00,3284.5
2021-10-18 18:00:00+00:00,4419.75
2021-10-18 19:00:00+00:00,4490.0
2021-10-18 20:00:00+00:00,4256.75
2021-10-18 21:00:00+00:00,3804.0
2021-10-18 22:00:00+00:00,3683.0
2021-10-18 23:00:00+00:00,3459.0
2021-10-19 00:00:00+00:00,3154.75
2021-10-19 01:00:00+00:00,3174.5
2021-10-19 02:00:00+00:00,3537.75
2021-10-19 03:00:00+00:00,3687.0
2021-10-19 04:00:00+00:00,4026.75
2021-10-19 05:00:00+00:00,4591.0
2021-10-19 06:00:00+00:00,4710.75
2021-10-19 07:00:00+00:00,4713.75
2021-10-19 08:00:00+00:00,4830.75
2021-10-19 09:00:00+00:00,5043.0
2021-10-19 10:00:00+00:00,5364.75
2021-10-19 11:00:00+00:00,5303.75
2021-10-19 12:00:00+00:00,5296.75
2021-10-19 13:00:00+00:00,5825.0
2021-10-19 14:00:00+00:00,6224.0
2021-10-19 15:00:00+00:00,6330.5
2021-10-19 16:00:00+00:00,6548.5
2021-10-19 17:00:00+00:00,6140.25
2021-10-19 18:00:00+00:00,5889.0
2021-10-19 19:00:00+00:00,6016.5
2021-10-19 20:00:00+00:00,6092.0
2021-10-19 21:00:00+00:00,6094.5
2021-10-19 22:00:00+00:00,6064.25
2021-10-19 23:00:00+00:00,6054.75
2021-10-20 00:00:00+00:00,6100.0
2021-10-20 01:00:00+00:00,6324.0
2021-10-20 02:00:00+00:00,6367.0
2021-10-20 03:00:00+00:00,6315.75
2021-10-20 04:00:00+00:00,6221.75
2021-10-20 05:00:00+00:00,5536.75
2021-10-20 06:00:00+00:00,4899.5
2021-10-20 07:00:00+00:00,4614.5
2021-10-20 08:00:00+00:00,4951.25
2021-10-20 09:00:00+00:00,5462.5
2021-10-20 10:00:00+00:00,5370.75
2021-10-20 11:00:00+00:00,5143.25
2021-10-20 12:00:00+00:00,5019.25
2021-10-20 13:00:00+00:00,5335.75
2021-10-20 14:00:00+00:00,5076.5
2021-10-20 15:00:00+00:00,5512.75
2021-10-20 16:00:00+00:00,4712.25
2021-10-20 17:00:00+00:00,4338.0
2021-10-20 18:00:00+00:00,4338.25
2021-10-20 19:00:00+00:00,4327.5
2021-10-20 20:00:00+00:00,4327.75
2021-10-20 21:00:00+00:00,4447.5
2021-10-20 22:00:00+00:00,4482.75
2021-10-20 23:00:00+00:00,4910.25
2021-10-21 00:00:00+00:00,3516.5
2021-10-21 01:00:00+00:00,2098.5
2021-10-21 02:00:00+00:00,1506.5
2021-10-21 03:00:00+00:00,1691.25
2021-10-21 04:00:00+00:00,3710.5
2021-10-21 05:00:00+00:00,4889.25
2021-10-21 06:00:00+00:00,5611.5
2021-10-21 07:00:00+00:00,6177.25
2021-10-21 08:00:00+00:00,6307.5
2021-10-21 09:00:00+00:00,6288.5
2021-10-21 10:00:00+00:00,6317.25
2021-10-21 11:00:00+00:00,6311.25
2021-10-21 12:00:00+00:00,6307.5
2021-10-21 13:00:00+00:00,6036.0
2021-10-21 14:00:00+00:00,5901.0
2021-10-21 15:00:00+00:00,5845.5
2021-10-21 16:00:00+00:00,5778.25
2021-10-21 17:00:00+00:00,4983.5
2021-10-21 18:00:00+00:00,4204.25
2021-10-21 19:00:00+00:00,4190.25
2021-10-21 20:00:00+00:00,4191.25
2021-10-21 21:00:00+00:00,4191.0
2021-10-21 22:00:00+00:00,4194.5
2021-10-21 23:00:00+00:00,4185.0
2021-10-22 00:00:00+00:00,4191.75
2021-10-22 01:00:00+00:00,4190.75
2021-10-22 02:00:00+00:00,4195.25
2021-10-22 03:00:00+00:00,4191.25
2021-10-22 04:00:00+00:00,4193.25
2021-10-22 05:00:00+00:00,3874.75
2021-10-22 06:00:00+00:00,3408.0
2021-10-22 07:00:00+00:00,3437.0
2021-10-22 08:00:00+00:00,3436.25
2021-10-22 09:00:00+00:00,4024.5
2021-10-22 10:00:00+00:00,4405.25
2021-10-22 11:00:00+00:00,4771.0
2021-10-22 12:00:00+00:00,5696.0
2021-10-22 13:00:00+00:00,6329.5
2021-10-22 14:00:00+00:00,6230.75
2021-10-22 15:00:00+00:00,6082.5
2021-10-22 16:00:00+00:00,6109.75
2021-10-22 17:00:00+00:00,6164.0
2021-10-22 18:00:00+00:00,6185.25
2021-10-22 19:00:00+00:00,6137.75
2021-10-22 20:00:00+00:00,6063.75
2021-10-22 21:00:00+00:00,6071.25
2021-10-22 22:00:00+00:00,5944.25
2021-10-22 23:00:00+00:00,5588.75
2021-10-23 00:00:00+00:00,5673.25
2021-10-23 01:00:00+00:00,5413.0
2021-10-23 02:00:00+00:00,5477.75
2021-10-23 03:00:00+00:00,5107.25
2021-10-23 04:00:00+00:00,4427.5
2021-10-23 05:00:00+00:00,3745.25
2021-10-23 06:00:00+00:00,3697.5
2021-10-23 07:00:00+00:00,3131.75
2021-10-23 08:00:00+00:00,2723.5
2021-10-23 09:00:00+00:00,2389.75
2021-10-23 10:00:00+00:00,1845.75
2021-10-23 11:00:00+00:00,1273.5
2021-10-23 12:00:00+00:00,1130.5
2021-10-23 13:00:00+00:00,1430.5
2021-10-23 14:00:00+00:00,2190.75
2021-10-23 15:00:00+00:00,3018.25
2021-10-23 16:00:00+00:00,3243.25
2021-10-23 17:00:00+00:00,3499.5
2021-10-23 18:00:00+00:00,3858.25
2021-10-23 19:00:00+00:00,3911.5
2021-10-23 20:00:00+00:00,4136.25
2021-10-23 21:00:00+00:00,4635.0
2021-10-23 22:00:00+00:00,4905.25
2021-10-23 23:00:00+00:00,4719.0
2021-10-24 00:00:00+00:00,4880.75
2021-10-24 01:00:00+00:00,5413.75
2021-10-24 02:00:00+00:00,5405.75
2021-10-24 03:00:00+00:00,5339.25
2021-10-24 04:00:00+00:00,5557.5
2021-10-24 05:00:00+00:00,5437.5
2021-10-24 06:00:00+00:00,5073.25
2021-10-24 07:00:00+00:00,4743.0
2021-10-24 08:00:00+00:00,4165.25
2021-10-24 09:00:00+00:00,3917.0
2021-10-24 10:00:00+00:00,3802.0
2021-10-24 11:00:00+00:00,3651.0
2021-10-24 12:00:00+00:00,3201.0
2021-10-24 13:00:00+00:00,2965.25
2021-10-24 14:00:00+00:00,3380.25
2021-10-24 15:00:00+00:00,3958.5
2021-10-24 16:00:00+00:00,4412.25
2021-10-24 17:00:00+00:00,4913.75
2021-10-24 18:00:00+00:00,4696.25
2021-10-24 19:00:00+00:00,4844.25
2021-10-24 20:00:00+00:00,5025.25
2021-10-24 21:00:00+00:00,4937.0
2021-10-24 22:00:00+00:00,4788.5
2021-10-24 23:00:00+00:00,4198.5
2021-10-25 00:00:00+00:00,3917.0
2021-10-25 01:00:00+00:00,3482.0
2021-10-25 02:00:00+00:00,3536.25
2021-10-25 03:00:00+00:00,3847.25
2021-10-25 04:00:00+00:00,4123.0
2021-10-25 05:00:00+00:00,4065.25
2021-10-25 06:00:00+00:00,4192.5
2021-10-25 07:00:00+00:00,3942.25
2021-10-25 08:00:00+00:00,4092.75
2021-10-25 09:00:00+00:00,3924.75
2021-10-25 10:00:00+00:00,3673.75
2021-10-25 11:00:00+00:00,3456.5
2021-10-25 12:00:00+00:00,3667.0
2021-10-25 13:00:00+00:00,3916.75
2021-10-25 14:00:00+00:00,4232.0
2021-10-25 15:00:00+00:00,4390.5
2021-10-25 16:00:00+00:00,4435.75
2021-10-25 17:00:00+00:00,4513.75
2021-10-25 18:00:00+00:00,4893.5
2021-10-25 19:00:00+00:00,4828.0
2021-10-25 20:00:00+00:00,3945.0
2021-10-25 21:00:00+00:00,4286.25
2021-10-25 22:00:00+00:00,3161.5
2021-10-25 23:00:00+00:00,3263.75
2021-10-26 00:00:00+00:00,3054.0
2021-10-26 01:00:00+00:00,3165.5
2021-10-26 02:00:00+00:00,2444.5
2021-10-26 03:00:00+00:00,2072.5
2021-10-26 04:00:00+00:00,1968.25
2021-10-26 05:00:00+00:00,2606.5
2021-10-26 06:00:00+00:00,3222.0
2021-10-26 07:00:00+00:00,3837.0
2021-10-26 08:00:00+00:00,3710.25
2021-10-26 09:00:00+00:00,4820.75
2021-10-26 10:00:00+00:00,5146.25
2021-10-26 11:00:00+00:00,5009.75
2021-10-26 12:00:00+00:00,5098.0
2021-10-26 13:00:00+00:00,4971.5
2021-10-26 14:00:00+00:00,5548.0
2021-10-26 15:00:00+00:00,5460.75
2021-10-26 16:00:00+00:00,5230.25
2021-10-26 17:00:00+00:00,5402.0
2021-10-26 18:00:00+00:00,4897.25
2021-10-26 19:00:00+00:00,4955.75
2021-10-26 20:00:00+00:00,4816.0
2021-10-26 21:00:00+00:00,4826.5
2021-10-26 22:00:00+00:00,4184.5
2021-10-26 23:00:00+00:00,3926.5
2021-10-27 00:00:00+00:00,3801.25
2021-10-27 01:00:00+00:00,3792.25
2021-10-27 02:00:00+00:00,3677.25
2021-10-27 03:00:00+00:00,3869.0
2021-10-27 04:00:00+00:00,4144.75
2021-10-27 05:00:00+00:00,4237.5
2021-10-27 06:00:00+00:00,4979.75
2021-10-27 07:00:00+00:00,5476.75
2021-10-27 08:00:00+00:00,5667.0
2021-10-27 09:00:00+00:00,5995.75
2021-10-27 10:00:00+00:00,5987.25
2021-10-27 11:00:00+00:00,6004.25
2021-10-27 12:00:00+00:00,5908.0
2021-10-27 13:00:00+00:00,5895.75
2021-10-27 14:00:00+00:00,5872.25
2021-10-27 15:00:00+00:00,5892.75
2021-10-27 16:00:00+00:00,5848.75
2021-10-27 17:00:00+00:00,5826.5
2021-10-27 18:00:00+00:00,5878.5
2021-10-27 19:00:00+00:00,5905.75
2021-10-27 20:00:00+00:00,5845.25
2021-10-27 21:00:00+00:00,5825.0
2021-10-27 22:00:00+00:00,5860.0
2021-10-27 23:00:00+00:00,5794.25
2021-10-28 00:00:00+00:00,5747.5
2021-10-28 01:00:00+00:00,5585.25
2021-10-28 02:00:00+00:00,5258.0
2021-10-28 03:00:00+00:00,5253.5
2021-10-28 04:00:00+00:00,5040.5
2021-10-28 05:00:00+00:00,4893.0
2021-10-28 06:00:00+00:00,5062.0
2021-10-28 07:00:00+00:00,4919.0
2021-10-28 08:00:00+00:00,4762.75
2021-10-28 09:00:00+00:00,4712.0
2021-10-28 10:00:00+00:00,4285.75
2021-10-28 11:00:00+00:00,4015.5
2021-10-28 12:00:00+00:00,3805.25
2021-10-28 13:00:00+00:00,3764.0
2021-10-28 14:00:00+00:00,4002.5
2021-10-28 15:00:00+00:00,4444.0
2021-10-28 16:00:00+00:00,5240.5
2021-10-28 17:00:00+00:00,5440.5
2021-10-28 18:00:00+00:00,5233.0
2021-10-28 19:00:00+00:00,5285.5
2021-10-28 20:00:00+00:00,5263.25
2021-10-28 21:00:00+00:00,5242.0
2021-10-28 22:00:00+00:00,5244.75
2021-10-28 23:00:00+00:00,4816.25
2021-10-29 00:00:00+00:00,4471.75
2021-10-29 01:00:00+00:00,4525.25
2021-10-29 02:00:00+00:00,4892.0
2021-10-29 03:00:00+00:00,5042.0
2021-10-29 04:00:00+00:00,4231.75
2021-10-29 05:00:00+00:00,4085.0
2021-10-29 06:00:00+00:00,4190.0
2021-10-29 07:00:00+00:00,4511.25
2021-10-29 08:00:00+00:00,4591.25
2021-10-29 09:00:00+00:00,4579.25
2021-10-29 10:00:00+00:00,4528.25
2021-10-29 11:00:00+00:00,4655.5
2021-10-29 12:00:00+00:00,4735.0
2021-10-29 13:00:00+00:00,4815.5
2021-10-29 14:00:00+00:00,5061.5
2021-10-29 15:00:00+00:00,5019.75
2021-10-29 16:00:00+00:00,5000.75
2021-10-29 17:00:00+00:00,4921.0
2021-10-29 18:00:00+00:00,5138.75
2021-10-29 19:00:00+00:00,5092.75
2021-10-29 20:00:00+00:00,4906.25
2021-10-29 21:00:00+00:00,4844.25
2021-10-29 22:00:00+00:00,5092.5
2021-10-29 23:00:00+00:00,5037.75
2021-10-30 00:00:00+00:00,4806.0
2021-10-30 01:00:00+00:00,4966.25
2021-10-30 02:00:00+00:00,4167.5
2021-10-30 03:00:00+00:00,2963.0
2021-10-30 04:00:00+00:00,2300.0
2021-10-30 05:00:00+00:00,2067.75
2021-10-30 06:00:00+00:00,2400.0
2021-10-30 07:00:00+00:00,2955.75
2021-10-30 08:00:00+00:00,4093.5
2021-10-30 09:00:00+00:00,4800.5
2021-10-30 10:00:00+00:00,4573.75
2021-10-30 11:00:00+00:00,4577.75
2021-10-30 12:00:00+00:00,4568.25
2021-10-30 13:00:00+00:00,4668.5
2021-10-30 14:00:00+00:00,4884.0
2021-10-30 15:00:00+00:00,5172.0
2021-10-30 16:00:00+00:00,5312.0
2021-10-30 17:00:00+00:00,5221.5
2021-10-30 18:00:00+00:00,5158.75
2021-10-30 19:00:00+00:00,4726.25
2021-10-30 20:00:00+00:00,3897.25
2021-10-30 21:00:00+00:00,3209.0
2021-10-30 22:00:00+00:00,2685.5
2021-10-30 23:00:00+00:00,2715.75
2021-10-31 00:00:00+00:00,2648.5
2021-10-31 01:00:00+00:00,2546.25
2021-10-31 02:00:00+00:00,2457.25
2021-10-31 03:00:00+00:00,2455.5
2021-10-31 04:00:00+00:00,2565.5
2021-10-31 05:00:00+00:00,2602.5
2021-10-31 06:00:00+00:00,2828.0
2021-10-31 07:00:00+00:00,3195.0
2021-10-31 08:00:00+00:00,3214.5
2021-10-31 09:00:00+00:00,3340.0
2021-10-31 10:00:00+00:00,3487.75
2021-10-31 11:00:00+00:00,4097.0
2021-10-31 12:00:00+00:00,5006.5
2021-10-31 13:00:00+00:00,5205.25
2021-10-31 14:00:00+00:00,4975.5
2021-10-31 15:00:00+00:00,5279.0
2021-10-31 16:00:00+00:00,5307.25
2021-10-31 17:00:00+00:00,5318.0
2021-10-31 18:00:00+00:00,5141.25
2021-10-31 19:00:00+00:00,5041.0
2021-10-31 20:00:00+00:00,4882.0
2021-10-31 21:00:00+00:00,5076.5
2021-10-31 22:00:00+00:00,5159.25
2021-10-31 23:00:00+00:00,5152.25
2021-11-01 00:00:00+00:00,5159.0
2021-11-01 01:00:00+00:00,5151.25
2021-11-01 02:00:00+00:00,5410.75
2021-11-01 03:00:00+00:00,5650.25
2021-11-01 04:00:00+00:00,5664.25
2021-11-01 05:00:00+00:00,5594.5
2021-11-01 06:00:00+00:00,5459.75
2021-11-01 07:00:00+00:00,5350.75
2021-11-01 08:00:00+00:00,5206.5
2021-11-01 09:00:00+00:00,5168.75
2021-11-01 10:00:00+00:00,4876.25
2021-11-01 11:00:00+00:00,4226.25
2021-11-01 12:00:00+00:00,4217.25
2021-11-01 13:00:00+00:00,4212.0
2021-11-01 14:00:00+00:00,5221.75
2021-11-01 15:00:00+00:00,5725.25
2021-11-01 16:00:00+00:00,5751.5
2021-11-01 17:00:00+00:00,5772.5
2021-11-01 18:00:00+00:00,5414.5
2021-11-01 19:00:00+00:00,5388.0
2021-11-01 20:00:00+00:00,5370.0
2021-11-01 21:00:00+00:00,5560.5
2021-11-01 22:00:00+00:00,5247.5
2021-11-01 23:00:00+00:00,4031.5
2021-11-02 00:00:00+00:00,3606.5
2021-11-02 01:00:00+00:00,3396.0
2021-11-02 02:00:00+00:00,2860.75
2021-11-02 03:00:00+00:00,2655.0
2021-11-02 04:00:00+00:00,2244.75
2021-11-02 05:00:00+00:00,1859.0
2021-11-02 06:00:00+00:00,1313.25
2021-11-02 07:00:00+00:00,996.75
2021-11-02 08:00:00+00:00,877.75
2021-11-02 09:00:00+00:00,769.75
2021-11-02 10:00:00+00:00,754.5
2021-11-02 11:00:00+00:00,877.25
2021-11-02 12:00:00+00:00,907.25
2021-11-02 13:00:00+00:00,982.5
2021-11-02 14:00:00+00:00,935.75
2021-11-02 15:00:00+00:00,815.75
2021-11-02 16:00:00+00:00,745.25
2021-11-02 17:00:00+00:00,819.5
2021-11-02 18:00:00+00:00,911.5
2021-11-02 19:00:00+00:00,1027.5
2021-11-02 20:00:00+00:00,1091.25
2021-11-02 21:00:00+00:00,940.5
2021-11-02 22:00:00+00:00,886.75
2021-11-02 23:00:00+00:00,820.75
2021-11-03 00:00:00+00:00,467.25
2021-11-03 01:00:00+00:00,331.25
2021-11-03 02:00:00+00:00,255.75
2021-11-03 03:00:00+00:00,195.75
2021-11-03 04:00:00+00:00,182.0
2021-11-03 05:00:00+00:00,196.25
2021-11-03 06:00:00+00:00,286.0
2021-11-03 07:00:00+00:00,370.25
2021-11-03 08:00:00+00:00,406.0
2021-11-03 09:00:00+00:00,364.0
2021-11-03 10:00:00+00:00,297.25
2021-11-03 11:00:00+00:00,330.0
2021-11-03 12:00:00+00:00,227.75
2021-11-03 13:00:00+00:00,295.25
2021-11-03 14:00:00+00:00,327.5
2021-11-03 15:00:00+00:00,330.75
2021-11-03 16:00:00+00:00,448.5
2021-11-03 17:00:00+00:00,382.5
2021-11-03 18:00:00+00:00,361.75
2021-11-03 19:00:00+00:00,400.75
2021-11-03 20:00:00+00:00,388.5
2021-11-03 21:00:00+00:00,379.75
2021-11-03 22:00:00+00:00,381.75
2021-11-03 23:00:00+00:00,243.75
2021-11-04 00:00:00+00:00,232.25
2021-11-04 01:00:00+00:00,229.5
2021-11-04 02:00:00+00:00,337.0
2021-11-04 03:00:00+00:00,318.75
2021-11-04 04:00:00+00:00,383.75
2021-11-04 05:00:00+00:00,489.75
2021-11-04 06:00:00+00:00,577.25
2021-11-04 07:00:00+00:00,686.5
2021-11-04 08:00:00+00:00,833.25
2021-11-04 09:00:00+00:00,1054.0
2021-11-04 10:00:00+00:00,1122.75
2021-11-04 11:00:00+00:00,1183.75
2021-11-04 12:00:00+00:00,1308.5
2021-11-04 13:00:00+00:00,1604.0
2021-11-04 14:00:00+00:00,2178.0
2021-11-04 15:00:00+00:00,2769.75
2021-11-04 16:00:00+00:00,3017.75
2021-11-04 17:00:00+00:00,3132.0
2021-11-04 18:00:00+00:00,3191.25
2021-11-04 19:00:00+00:00,3321.75
2021-11-04 20:00:00+00:00,3098.25
2021-11-04 21:00:00+00:00,2828.75
2021-11-04 22:00:00+00:00,2902.25
2021-11-04 23:00:00+00:00,3227.0
2021-11-05 00:00:00+00:00,3252.25
2021-11-05 01:00:00+00:00,3103.5
2021-11-05 02:00:00+00:00,3350.5
2021-11-05 03:00:00+00:00,3669.0
2021-11-05 04:00:00+00:00,3624.0
2021-11-05 05:00:00+00:00,3386.5
2021-11-05 06:00:00+00:00,3542.0
2021-11-05 07:00:00+00:00,3788.75
2021-11-05 08:00:00+00:00,4435.0
2021-11-05 09:00:00+00:00,4829.75
2021-11-05 10:00:00+00:00,4511.75
2021-11-05 11:00:00+00:00,5040.25
2021-11-05 12:00:00+00:00,5151.5
2021-11-05 13:00:00+00:00,5641.0
2021-11-05 14:00:00+00:00,5478.75
2021-11-05 15:00:00+00:00,6075.75
2021-11-05 16:00:00+00:00,5662.0
2021-11-05 17:00:00+00:00,5356.75
2021-11-05 18:00:00+00:00,4932.5
2021-11-05 19:00:00+00:00,4923.0
2021-11-05 20:00:00+00:00,5170.75
2021-11-05 21:00:00+00:00,5213.0
2021-11-05 22:00:00+00:00,5159.0
2021-11-05 23:00:00+00:00,5075.5
2021-11-06 00:00:00+00:00,4931.25
2021-11-06 01:00:00+00:00,4762.0
2021-11-06 02:00:00+00:00,4662.25
2021-11-06 03:00:00+00:00,4736.0
2021-11-06 04:00:00+00:00,4954.0
2021-11-06 05:00:00+00:00,5314.25
2021-11-06 06:00:00+00:00,5810.75
2021-11-06 07:00:00+00:00,5831.25
2021-11-06 08:00:00+00:00,5973.75
2021-11-06 09:00:00+00:00,5816.75
2021-11-06 10:00:00+00:00,5624.75
2021-11-06 11:00:00+00:00,5814.25
2021-11-06 12:00:00+00:00,5845.75
2021-11-06 13:00:00+00:00,5847.0
2021-11-06 14:00:00+00:00,5851.0
2021-11-06 15:00:00+00:00,5858.5
2021-11-06 16:00:00+00:00,5811.75
2021-11-06 17:00:00+00:00,5657.25
2021-11-06 18:00:00+00:00,5687.0
2021-11-06 19:00:00+00:00,5685.0
2021-11-06 20:00:00+00:00,5491.5
2021-11-06 21:00:00+00:00,4772.0
2021-11-06 22:00:00+00:00,4665.0
2021-11-06 23:00:00+00:00,5209.25
2021-11-07 00:00:00+00:00,5332.5
2021-11-07 01:00:00+00:00,5336.5
2021-11-07 02:00:00+00:00,5319.0
2021-11-07 03:00:00+00:00,5501.0
2021-11-07 04:00:00+00:00,5631.5
2021-11-07 05:00:00+00:00,5623.5
2021-11-07 06:00:00+00:00,5627.0
2021-11-07 07:00:00+00:00,5637.5
2021-11-07 08:00:00+00:00,5630.25
2021-11-07 09:00:00+00:00,5615.0
2021-11-07 10:00:00+00:00,5612.75
2021-11-07 11:00:00+00:00,5529.75
2021-11-07 12:00:00+00:00,5447.0
2021-11-07 13:00:00+00:00,5446.75
2021-11-07 14:00:00+00:00,5506.25
2021-11-07 15:00:00+00:00,5626.25
2021-11-07 16:00:00+00:00,5620.25
2021-11-07 17:00:00+00:00,5620.5
2021-11-07 18:00:00+00:00,5610.25
2021-11-07 19:00:00+00:00,5546.25
2021-11-07 20:00:00+00:00,5370.25
2021-11-07 21:00:00+00:00,5078.25
2021-11-07 22:00:00+00:00,4873.75
2021-11-07 23:00:00+00:00,4857.5
2021-11-08 00:00:00+00:00,4892.5
2021-11-08 01:00:00+00:00,4837.5
2021-11-08 02:00:00+00:00,4741.5
2021-11-08 03:00:00+00:00,4583.0
2021-11-08 04:00:00+00:00,4073.0
2021-11-08 05:00:00+00:00,4025.75
2021-11-08 06:00:00+00:00,3865.75
2021-11-08 07:00:00+00:00,3755.25
2021-11-08 08:00:00+00:00,3989.75
2021-11-08 09:00:00+00:00,3813.75
2021-11-08 10:00:00+00:00,3244.5
2021-11-08 11:00:00+00:00,2915.0
2021-11-08 12:00:00+00:00,2621.5
2021-11-08 13:00:00+00:00,2323.0
2021-11-08 14:00:00+00:00,2097.0
2021-11-08 15:00:00+00:00,1814.5
2021-11-08 16:00:00+00:00,1282.5
2021-11-08 17:00:00+00:00,941.0
2021-11-08 18:00:00+00:00,816.75
2021-11-08 19:00:00+00:00,668.0
2021-11-08 20:00:00+00:00,714.0
2021-11-08 21:00:00+00:00,801.5
2021-11-08 22:00:00+00:00,1013.25
2021-11-08 23:00:00+00:00,1950.25
2021-11-09 00:00:00+00:00,3101.75
2021-11-09 01:00:00+00:00,3692.5
2021-11-09 02:00:00+00:00,4516.5
2021-11-09 03:00:00+00:00,4983.25
2021-11-09 04:00:00+00:00,5450.5
2021-11-09 05:00:00+00:00,5375.0
2021-11-09 06:00:00+00:00,5385.75
2021-11-09 07:00:00+00:00,5200.0
2021-11-09 08:00:00+00:00,5288.5
2021-11-09 09:00:00+00:00,5335.0
2021-11-09 10:00:00+00:00,5388.75
2021-11-09 11:00:00+00:00,5441.0
2021-11-09 12:00:00+00:00,5368.75
2021-11-09 13:00:00+00:00,5363.75
2021-11-09 14:00:00+00:00,5682.75
2021-11-09 15:00:00+00:00,5834.75
2021-11-09 16:00:00+00:00,6038.25
2021-11-09 17:00:00+00:00,6007.0
2021-11-09 18:00:00+00:00,6009.75
2021-11-09 19:00:00+00:00,5745.25
2021-11-09 20:00:00+00:00,5349.5
2021-11-09 21:00:00+00:00,5243.75
2021-11-09 22:00:00+00:00,5480.5
2021-11-09 23:00:00+00:00,5582.25
2021-11-10 00:00:00+00:00,5352.75
2021-11-10 01:00:00+00:00,5197.25
2021-11-10 02:00:00+00:00,5278.5
2021-11-10 03:00:00+00:00,5388.5
2021-11-10 04:00:00+00:00,5251.5
2021-11-10 05:00:00+00:00,4512.25
2021-11-10 06:00:00+00:00,4101.0
2021-11-10 07:00:00+00:00,4125.25
2021-11-10 08:00:00+00:00,3495.5
2021-11-10 09:00:00+00:00,3155.75
2021-11-10 10:00:00+00:00,2726.0
2021-11-10 11:00:00+00:00,1994.25
2021-11-10 12:00:00+00:00,1627.75
2021-11-10 13:00:00+00:00,1374.5
2021-11-10 14:00:00+00:00,906.5
2021-11-10 15:00:00+00:00,837.5
2021-11-10 16:00:00+00:00,667.75
2021-11-10 17:00:00+00:00,552.25
2021-11-10 18:00:00+00:00,522.75
2021-11-10 19:00:00+00:00,480.25
2021-11-10 20:00:00+00:00,501.75
2021-11-10 21:00:00+00:00,482.0
2021-11-10 22:00:00+00:00,424.25
2021-11-10 23:00:00+00:00,534.5
2021-11-11 00:00:00+00:00,593.75
2021-11-11 01:00:00+00:00,632.75
2021-11-11 02:00:00+00:00,681.75
2021-11-11 03:00:00+00:00,821.5
2021-11-11 04:00:00+00:00,693.0
2021-11-11 05:00:00+00:00,501.5
2021-11-11 06:00:00+00:00,557.25
2021-11-11 07:00:00+00:00,974.5
2021-11-11 08:00:00+00:00,1110.5
2021-11-11 09:00:00+00:00,1362.5
2021-11-11 10:00:00+00:00,1770.75
2021-11-11 11:00:00+00:00,2083.0
2021-11-11 12:00:00+00:00,2248.25
2021-11-11 13:00:00+00:00,2012.5
2021-11-11 14:00:00+00:00,1643.5
2021-11-11 15:00:00+00:00,1231.0
2021-11-11 16:00:00+00:00,818.0
2021-11-11 17:00:00+00:00,675.0
2021-11-11 18:00:00+00:00,752.0
2021-11-11 19:00:00+00:00,882.75
2021-11-11 20:00:00+00:00,907.5
2021-11-11 21:00:00+00:00,1038.75
2021-11-11 22:00:00+00:00,1068.5
2021-11-11 23:00:00+00:00,1167.0
2021-11-12 00:00:00+00:00,1318.5
2021-11-12 01:00:00+00:00,1533.5
2021-11-12 02:00:00+00:00,1832.5
2021-11-12 03:00:00+00:00,1677.5
2021-11-12 04:00:00+00:00,2013.0
2021-11-12 05:00:00+00:00,2840.0
2021-11-12 06:00:00+00:00,3854.0
2021-11-12 07:00:00+00:00,4281.25
2021-11-12 08:00:00+00:00,4123.5
2021-11-12 09:00:00+00:00,4040.5
2021-11-12 10:00:00+00:00,3969.0
2021-11-12 11:00:00+00:00,4141.5
2021-11-12 12:00:00+00:00,5169.0
2021-11-12 13:00:00+00:00,5362.5
2021-11-12 14:00:00+00:00,5339.0
2021-11-12 15:00:00+00:00,5298.5
2021-11-12 16:00:00+00:00,5312.0
2021-11-12 17:00:00+00:00,5653.5
2021-11-12 18:00:00+00:00,6038.75
2021-11-12 19:00:00+00:00,6139.75
2021-11-12 20:00:00+00:00,5959.0
2021-11-12 21:00:00+00:00,5840.75
2021-11-12 22:00:00+00:00,5640.0
2021-11-12 23:00:00+00:00,5427.75
2021-11-13 00:00:00+00:00,5025.5
2021-11-13 01:00:00+00:00,4588.25
2021-11-13 02:00:00+00:00,3922.75
2021-11-13 03:00:00+00:00,3048.5
2021-11-13 04:00:00+00:00,2090.75
2021-11-13 05:00:00+00:00,1362.75
2021-11-13 06:00:00+00:00,943.0
2021-11-13 07:00:00+00:00,621.5
2021-11-13 08:00:00+00:00,437.0
2021-11-13 09:00:00+00:00,456.75
2021-11-13 10:00:00+00:00,378.0
2021-11-13 11:00:00+00:00,304.75
2021-11-13 12:00:00+00:00,366.0
2021-11-13 13:00:00+00:00,384.5
2021-11-13 14:00:00+00:00,392.25
2021-11-13 15:00:00+00:00,389.0
2021-11-13 16:00:00+00:00,407.75
2021-11-13 17:00:00+00:00,523.0
2021-11-13 18:00:00+00:00,606.5
2021-11-13 19:00:00+00:00,901.0
2021-11-13 20:00:00+00:00,1246.75
2021-11-13 21:00:00+00:00,1297.25
2021-11-13 22:00:00+00:00,1381.25
2021-11-13 23:00:00+00:00,1733.75
2021-11-14 00:00:00+00:00,2157.25
2021-11-14 01:00:00+00:00,2400.75
2021-11-14 02:00:00+00:00,2768.25
2021-11-14 03:00:00+00:00,2788.0
2021-11-14 04:00:00+00:00,2711.0
2021-11-14 05:00:00+00:00,2842.75
2021-11-14 06:00:00+00:00,2631.0
2021-11-14 07:00:00+00:00,2143.5
2021-11-14 08:00:00+00:00,1763.75
2021-11-14 09:00:00+00:00,1494.25
2021-11-14 10:00:00+00:00,1162.75
2021-11-14 11:00:00+00:00,1381.0
2021-11-14 12:00:00+00:00,1691.75
2021-11-14 13:00:00+00:00,1700.25
2021-11-14 14:00:00+00:00,1852.25
2021-11-14 15:00:00+00:00,2102.25
2021-11-14 16:00:00+00:00,2295.0
2021-11-14 17:00:00+00:00,2063.0
2021-11-14 18:00:00+00:00,1846.25
2021-11-14 19:00:00+00:00,1661.0
2021-11-14 20:00:00+00:00,1593.0
2021-11-14 21:00:00+00:00,1701.75
2021-11-14 22:00:00+00:00,1536.5
2021-11-14 23:00:00+00:00,1463.75
2021-11-15 00:00:00+00:00,1602.0
2021-11-15 01:00:00+00:00,1313.0
2021-11-15 02:00:00+00:00,1114.0
2021-11-15 03:00:00+00:00,1205.5
2021-11-15 04:00:00+00:00,1045.25
2021-11-15 05:00:00+00:00,751.0
2021-11-15 06:00:00+00:00,669.5
2021-11-15 07:00:00+00:00,643.25
2021-11-15 08:00:00+00:00,505.75
2021-11-15 09:00:00+00:00,472.25
2021-11-15 10:00:00+00:00,605.0
2021-11-15 11:00:00+00:00,625.25
2021-11-15 12:00:00+00:00,666.5
2021-11-15 13:00:00+00:00,628.5
2021-11-15 14:00:00+00:00,601.75
2021-11-15 15:00:00+00:00,404.25
2021-11-15 16:00:00+00:00,291.5
2021-11-15 17:00:00+00:00,290.75
2021-11-15 18:00:00+00:00,506.75
2021-11-15 19:00:00+00:00,509.25
2021-11-15 20:00:00+00:00,557.0
2021-11-15 21:00:00+00:00,590.0
2021-11-15 22:00:00+00:00,508.75
2021-11-15 23:00:00+00:00,494.0
2021-11-16 00:00:00+00:00,342.0
2021-11-16 01:00:00+00:00,226.25
2021-11-16 02:00:00+00:00,195.5
2021-11-16 03:00:00+00:00,78.25
2021-11-16 04:00:00+00:00,41.75
2021-11-16 05:00:00+00:00,46.75
2021-11-16 06:00:00+00:00,40.0
2021-11-16 07:00:00+00:00,87.5
2021-11-16 08:00:00+00:00,136.25
2021-11-16 09:00:00+00:00,162.0
2021-11-16 10:00:00+00:00,185.75
2021-11-16 11:00:00+00:00,243.0
2021-11-16 12:00:00+00:00,278.0
2021-11-16 13:00:00+00:00,292.25
2021-11-16 14:00:00+00:00,368.0
2021-11-16 15:00:00+00:00,423.0
2021-11-16 16:00:00+00:00,507.0
2021-11-16 17:00:00+00:00,566.75
2021-11-16 18:00:00+00:00,566.75
2021-11-16 19:00:00+00:00,621.25
2021-11-16 20:00:00+00:00,868.25
2021-11-16 21:00:00+00:00,1465.5
2021-11-16 22:00:00+00:00,2112.5
2021-11-16 23:00:00+00:00,2463.75
2021-11-17 00:00:00+00:00,3245.5
2021-11-17 01:00:00+00:00,3966.0
2021-11-17 02:00:00+00:00,4765.0
2021-11-17 03:00:00+00:00,4896.5
2021-11-17 04:00:00+00:00,5298.25
2021-11-17 05:00:00+00:00,5330.75
2021-11-17 06:00:00+00:00,5819.75
2021-11-17 07:00:00+00:00,5627.25
2021-11-17 08:00:00+00:00,5222.75
2021-11-17 09:00:00+00:00,5304.25
2021-11-17 10:00:00+00:00,5608.0
2021-11-17 11:00:00+00:00,5375.75
2021-11-17 12:00:00+00:00,5414.5
2021-11-17 13:00:00+00:00,5599.0
2021-11-17 14:00:00+00:00,5731.75
2021-11-17 15:00:00+00:00,6226.25
2021-11-17 16:00:00+00:00,6103.75
2021-11-17 17:00:00+00:00,6078.0
2021-11-17 18:00:00+00:00,6013.25
2021-11-17 19:00:00+00:00,5900.0
2021-11-17 20:00:00+00:00,5898.75
2021-11-17 21:00:00+00:00,5975.0
2021-11-17 22:00:00+00:00,5974.0
2021-11-17 23:00:00+00:00,6068.75
2021-11-18 00:00:00+00:00,5691.75
2021-11-18 01:00:00+00:00,5385.0
2021-11-18 02:00:00+00:00,5337.0
2021-11-18 03:00:00+00:00,5202.5
2021-11-18 04:00:00+00:00,5315.75
2021-11-18 05:00:00+00:00,5419.25
2021-11-18 06:00:00+00:00,5466.0
2021-11-18 07:00:00+00:00,5551.5
2021-11-18 08:00:00+00:00,5873.0
2021-11-18 09:00:00+00:00,6156.0
2021-11-18 10:00:00+00:00,6163.5
2021-11-18 11:00:00+00:00,5674.0
2021-11-18 12:00:00+00:00,5193.75
2021-11-18 13:00:00+00:00,5116.5
2021-11-18 14:00:00+00:00,5043.25
2021-11-18 15:00:00+00:00,5084.0
2021-11-18 16:00:00+00:00,5087.5
2021-11-18 17:00:00+00:00,5124.0
2021-11-18 18:00:00+00:00,5208.75
2021-11-18 19:00:00+00:00,5058.5
2021-11-18 20:00:00+00:00,5008.0
2021-11-18 21:00:00+00:00,4996.0
2021-11-18 22:00:00+00:00,4983.5
2021-11-18 23:00:00+00:00,5092.25
2021-11-19 00:00:00+00:00,5143.25
2021-11-19 01:00:00+00:00,5022.75
2021-11-19 02:00:00+00:00,4835.25
2021-11-19 03:00:00+00:00,4847.75
2021-11-19 04:00:00+00:00,4821.75
2021-11-19 05:00:00+00:00,4821.25
2021-11-19 06:00:00+00:00,4882.5
2021-11-19 07:00:00+00:00,5432.0
2021-11-19 08:00:00+00:00,5911.75
2021-11-19 09:00:00+00:00,5997.25
2021-11-19 10:00:00+00:00,6039.0
2021-11-19 11:00:00+00:00,6109.25
2021-11-19 12:00:00+00:00,5998.5
2021-11-19 13:00:00+00:00,5991.5
2021-11-19 14:00:00+00:00,5087.5
2021-11-19 15:00:00+00:00,5570.0
2021-11-19 16:00:00+00:00,5885.0
2021-11-19 17:00:00+00:00,5851.25
2021-11-19 18:00:00+00:00,5727.5
2021-11-19 19:00:00+00:00,5415.0
2021-11-19 20:00:00+00:00,5223.25
2021-11-19 21:00:00+00:00,5041.5
2021-11-19 22:00:00+00:00,4750.25
2021-11-19 23:00:00+00:00,4368.25
2021-11-20 00:00:00+00:00,4091.25
2021-11-20 01:00:00+00:00,3926.25
2021-11-20 02:00:00+00:00,4414.5
2021-11-20 03:00:00+00:00,4583.5
2021-11-20 04:00:00+00:00,4814.25
2021-11-20 05:00:00+00:00,5194.75
2021-11-20 06:00:00+00:00,5571.0
2021-11-20 07:00:00+00:00,5983.5
2021-11-20 08:00:00+00:00,6216.25
2021-11-20 09:00:00+00:00,6348.25
2021-11-20 10:00:00+00:00,6234.0
2021-11-20 11:00:00+00:00,6486.25
2021-11-20 12:00:00+00:00,6318.75
2021-11-20 13:00:00+00:00,6279.5
2021-11-20 14:00:00+00:00,6322.75
2021-11-20 15:00:00+00:00,6290.25
2021-11-20 16:00:00+00:00,6279.0
2021-11-20 17:00:00+00:00,6147.5
2021-11-20 18:00:00+00:00,6234.5
2021-11-20 19:00:00+00:00,6227.25
2021-11-20 20:00:00+00:00,6258.75
2021-11-20 21:00:00+00:00,6192.5
2021-11-20 22:00:00+00:00,5977.25
2021-11-20 23:00:00+00:00,5719.25
2021-11-21 00:00:00+00:00,5668.0
2021-11-21 01:00:00+00:00,5654.25
2021-11-21 02:00:00+00:00,5739.25
2021-11-21 03:00:00+00:00,5778.75
2021-11-21 04:00:00+00:00,6216.25
2021-11-21 05:00:00+00:00,6136.0
2021-11-21 06:00:00+00:00,6070.5
2021-11-21 07:00:00+00:00,5178.0
2021-11-21 08:00:00+00:00,5190.0
2021-11-21 09:00:00+00:00,5229.5
2021-11-21 10:00:00+00:00,5424.5
2021-11-21 11:00:00+00:00,5203.5
2021-11-21 12:00:00+00:00,5349.25
2021-11-21 13:00:00+00:00,5047.0
2021-11-21 14:00:00+00:00,5262.5
2021-11-21 15:00:00+00:00,5572.5
2021-11-21 16:00:00+00:00,5249.75
2021-11-21 17:00:00+00:00,5426.75
2021-11-21 18:00:00+00:00,5668.0
2021-11-21 19:00:00+00:00,5300.0
2021-11-21 20:00:00+00:00,5430.5
2021-11-21 21:00:00+00:00,4983.75
2021-11-21 22:00:00+00:00,4159.75
2021-11-21 23:00:00+00:00,3129.5
2021-11-22 00:00:00+00:00,2577.75
2021-11-22 01:00:00+00:00,2010.5
2021-11-22 02:00:00+00:00,1704.75
2021-11-22 03:00:00+00:00,1194.25
2021-11-22 04:00:00+00:00,1192.25
2021-11-22 05:00:00+00:00,1363.25
2021-11-22 06:00:00+00:00,1907.5
2021-11-22 07:00:00+00:00,1962.5
2021-11-22 08:00:00+00:00,1963.75
2021-11-22 09:00:00+00:00,2560.0
2021-11-22 10:00:00+00:00,2310.75
2021-11-22 11:00:00+00:00,2593.0
2021-11-22 12:00:00+00:00,2652.5
2021-11-22 13:00:00+00:00,2639.75
2021-11-22 14:00:00+00:00,3146.5
2021-11-22 15:00:00+00:00,3241.0
2021-11-22 16:00:00+00:00,3527.5
2021-11-22 17:00:00+00:00,3577.25
2021-11-22 18:00:00+00:00,4405.75
2021-11-22 19:00:00+00:00,5097.75
2021-11-22 20:00:00+00:00,5794.25
2021-11-22 21:00:00+00:00,5893.25
2021-11-22 22:00:00+00:00,5602.25
2021-11-22 23:00:00+00:00,5668.25
2021-11-23 00:00:00+00:00,5467.25
2021-11-23 01:00:00+00:00,5920.75
2021-11-23 02:00:00+00:00,5719.25
2021-11-23 03:00:00+00:00,5523.0
2021-11-23 04:00:00+00:00,5457.25
2021-11-23 05:00:00+00:00,5006.5
2021-11-23 06:00:00+00:00,4536.25
2021-11-23 07:00:00+00:00,3988.75
2021-11-23 08:00:00+00:00,3324.5
2021-11-23 09:00:00+00:00,2872.25
2021-11-23 10:00:00+00:00,2906.75
2021-11-23 11:00:00+00:00,2984.0
2021-11-23 12:00:00+00:00,3043.0
2021-11-23 13:00:00+00:00,3080.0
2021-11-23 14:00:00+00:00,2998.0
2021-11-23 15:00:00+00:00,3006.75
2021-11-23 16:00:00+00:00,2992.75
2021-11-23 17:00:00+00:00,2993.25
2021-11-23 18:00:00+00:00,2828.0
2021-11-23 19:00:00+00:00,2889.5
2021-11-23 20:00:00+00:00,2568.75
2021-11-23 21:00:00+00:00,2731.5
2021-11-23 22:00:00+00:00,2727.0
2021-11-23 23:00:00+00:00,2950.75
2021-11-24 00:00:00+00:00,2633.75
2021-11-24 01:00:00+00:00,2646.75
2021-11-24 02:00:00+00:00,2691.5
2021-11-24 03:00:00+00:00,2593.5
2021-11-24 04:00:00+00:00,2532.0
2021-11-24 05:00:00+00:00,2323.0
2021-11-24 06:00:00+00:00,2186.25
2021-11-24 07:00:00+00:00,2675.0
2021-11-24 08:00:00+00:00,3506.0
2021-11-24 09:00:00+00:00,4106.5
2021-11-24 10:00:00+00:00,4397.25
2021-11-24 11:00:00+00:00,4570.25
2021-11-24 12:00:00+00:00,4650.5
2021-11-24 13:00:00+00:00,4671.75
2021-11-24 14:00:00+00:00,4663.75
2021-11-24 15:00:00+00:00,4207.0
2021-11-24 16:00:00+00:00,3839.0
2021-11-24 17:00:00+00:00,3922.25
2021-11-24 18:00:00+00:00,4350.0
2021-11-24 19:00:00+00:00,4589.25
2021-11-24 20:00:00+00:00,4505.5
2021-11-24 21:00:00+00:00,4116.25
2021-11-24 22:00:00+00:00,3707.5
2021-11-24 23:00:00+00:00,3907.0
2021-11-25 00:00:00+00:00,3870.5
2021-11-25 01:00:00+00:00,3740.0
2021-11-25 02:00:00+00:00,2997.5
2021-11-25 03:00:00+00:00,2834.25
2021-11-25 04:00:00+00:00,3162.0
2021-11-25 05:00:00+00:00,3784.5
2021-11-25 06:00:00+00:00,4397.25
2021-11-25 07:00:00+00:00,5419.0
2021-11-25 08:00:00+00:00,6119.25
2021-11-25 09:00:00+00:00,6167.5
2021-11-25 10:00:00+00:00,6129.25
2021-11-25 11:00:00+00:00,6259.5
2021-11-25 12:00:00+00:00,6669.0
2021-11-25 13:00:00+00:00,6738.0
2021-11-25 14:00:00+00:00,6614.5
2021-11-25 15:00:00+00:00,6594.75
2021-11-25 16:00:00+00:00,5934.0
2021-11-25 17:00:00+00:00,6160.25
2021-11-25 18:00:00+00:00,5265.5
2021-11-25 19:00:00+00:00,4881.75
2021-11-25 20:00:00+00:00,4405.75
2021-11-25 21:00:00+00:00,4195.25
2021-11-25 22:00:00+00:00,3468.0
2021-11-25 23:00:00+00:00,3115.75
2021-11-26 00:00:00+00:00,2932.25
2021-11-26 01:00:00+00:00,2422.5
2021-11-26 02:00:00+00:00,2241.75
2021-11-26 03:00:00+00:00,2048.25
2021-11-26 04:00:00+00:00,2494.0
2021-11-26 05:00:00+00:00,2778.0
2021-11-26 06:00:00+00:00,4297.75
2021-11-26 07:00:00+00:00,5205.5
2021-11-26 08:00:00+00:00,6154.5
2021-11-26 09:00:00+00:00,6490.0
2021-11-26 10:00:00+00:00,6497.5
2021-11-26 11:00:00+00:00,6523.5
2021-11-26 12:00:00+00:00,6520.25
2021-11-26 13:00:00+00:00,6515.0
2021-11-26 14:00:00+00:00,6407.25
2021-11-26 15:00:00+00:00,6154.25
2021-11-26 16:00:00+00:00,5691.5
2021-11-26 17:00:00+00:00,5340.25
2021-11-26 18:00:00+00:00,5239.5
2021-11-26 19:00:00+00:00,4601.25
2021-11-26 20:00:00+00:00,3785.0
2021-11-26 21:00:00+00:00,3222.0
2021-11-26 22:00:00+00:00,2745.5
2021-11-26 23:00:00+00:00,2807.0
2021-11-27 00:00:00+00:00,2809.0
2021-11-27 01:00:00+00:00,2821.5
2021-11-27 02:00:00+00:00,2785.75
2021-11-27 03:00:00+00:00,2948.5
2021-11-27 04:00:00+00:00,3381.0
2021-11-27 05:00:00+00:00,3763.25
2021-11-27 06:00:00+00:00,3878.25
2021-11-27 07:00:00+00:00,4015.75
2021-11-27 08:00:00+00:00,4302.5
2021-11-27 09:00:00+00:00,4127.0
2021-11-27 10:00:00+00:00,3981.5
2021-11-27 11:00:00+00:00,3575.25
2021-11-27 12:00:00+00:00,2948.5
2021-11-27 13:00:00+00:00,2648.75
2021-11-27 14:00:00+00:00,2521.25
2021-11-27 15:00:00+00:00,2623.25
2021-11-27 16:00:00+00:00,2857.5
2021-11-27 17:00:00+00:00,3183.5
2021-11-27 18:00:00+00:00,3490.5
2021-11-27 19:00:00+00:00,3265.5
2021-11-27 20:00:00+00:00,2923.5
2021-11-27 21:00:00+00:00,2264.25
2021-11-27 22:00:00+00:00,1980.0
2021-11-27 23:00:00+00:00,1749.25
2021-11-28 00:00:00+00:00,1946.75
2021-11-28 01:00:00+00:00,1877.0
2021-11-28 02:00:00+00:00,2070.25
2021-11-28 03:00:00+00:00,1766.0
2021-11-28 04:00:00+00:00,2027.0
2021-11-28 05:00:00+00:00,2807.0
2021-11-28 06:00:00+00:00,2479.75
2021-11-28 07:00:00+00:00,3491.5
2021-11-28 08:00:00+00:00,3234.25
2021-11-28 09:00:00+00:00,3648.0
2021-11-28 10:00:00+00:00,4381.5
2021-11-28 11:00:00+00:00,4612.0
2021-11-28 12:00:00+00:00,4621.75
2021-11-28 13:00:00+00:00,4741.75
2021-11-28 14:00:00+00:00,4636.25
2021-11-28 15:00:00+00:00,4764.0
2021-11-28 16:00:00+00:00,4825.5
2021-11-28 17:00:00+00:00,4399.25
2021-11-28 18:00:00+00:00,4080.5
2021-11-28 19:00:00+00:00,3973.5
2021-11-28 20:00:00+00:00,4120.0
2021-11-28 21:00:00+00:00,4160.0
2021-11-28 22:00:00+00:00,3849.5
2021-11-28 23:00:00+00:00,3496.0
2021-11-29 00:00:00+00:00,2633.25
2021-11-29 01:00:00+00:00,1695.25
2021-11-29 02:00:00+00:00,2113.25
2021-11-29 03:00:00+00:00,2169.75
2021-11-29 04:00:00+00:00,2218.5
2021-11-29 05:00:00+00:00,2684.0
2021-11-29 06:00:00+00:00,3088.25
2021-11-29 07:00:00+00:00,3844.75
2021-11-29 08:00:00+00:00,3825.0
2021-11-29 09:00:00+00:00,3113.5
2021-11-29 10:00:00+00:00,2339.5
2021-11-29 11:00:00+00:00,1746.75
2021-11-29 12:00:00+00:00,1214.5
2021-11-29 13:00:00+00:00,743.5
2021-11-29 14:00:00+00:00,678.0
2021-11-29 15:00:00+00:00,419.75
2021-11-29 16:00:00+00:00,385.5
2021-11-29 17:00:00+00:00,355.0
2021-11-29 18:00:00+00:00,1033.75
2021-11-29 19:00:00+00:00,2046.5
2021-11-29 20:00:00+00:00,3853.25
2021-11-29 21:00:00+00:00,5079.5
2021-11-29 22:00:00+00:00,5584.5
2021-11-29 23:00:00+00:00,5774.5
2021-11-30 00:00:00+00:00,5995.0
2021-11-30 01:00:00+00:00,5913.25
2021-11-30 02:00:00+00:00,6016.75
2021-11-30 03:00:00+00:00,6264.5
2021-11-30 04:00:00+00:00,6195.75
2021-11-30 05:00:00+00:00,5984.5
2021-11-30 06:00:00+00:00,5840.5
2021-11-30 07:00:00+00:00,5845.75
2021-11-30 08:00:00+00:00,5828.5
2021-11-30 09:00:00+00:00,5851.25
2021-11-30 10:00:00+00:00,5729.25
2021-11-30 11:00:00+00:00,5536.0
2021-11-30 12:00:00+00:00,5549.5
2021-11-30 13:00:00+00:00,5508.0
2021-11-30 14:00:00+00:00,5344.5
2021-11-30 15:00:00+00:00,5072.25
2021-11-30 16:00:00+00:00,4555.25
2021-11-30 17:00:00+00:00,3302.5
2021-11-30 18:00:00+00:00,1791.0
2021-11-30 19:00:00+00:00,802.5
2021-11-30 20:00:00+00:00,572.75
2021-11-30 21:00:00+00:00,946.25
2021-11-30 22:00:00+00:00,1985.25
2021-11-30 23:00:00+00:00,3676.5
2021-12-01 00:00:00+00:00,5335.25
2021-12-01 01:00:00+00:00,6030.5
2021-12-01 02:00:00+00:00,6249.0
2021-12-01 03:00:00+00:00,6220.75
2021-12-01 04:00:00+00:00,6328.5
2021-12-01 05:00:00+00:00,6131.5
2021-12-01 06:00:00+00:00,5664.5
2021-12-01 07:00:00+00:00,5411.25
2021-12-01 08:00:00+00:00,5022.5
2021-12-01 09:00:00+00:00,4865.25
2021-12-01 10:00:00+00:00,4922.5
2021-12-01 11:00:00+00:00,4790.25
2021-12-01 12:00:00+00:00,4599.25
2021-12-01 13:00:00+00:00,4506.25
2021-12-01 14:00:00+00:00,4530.25
2021-12-01 15:00:00+00:00,4561.75
2021-12-01 16:00:00+00:00,4343.0
2021-12-01 17:00:00+00:00,4329.0
2021-12-01 18:00:00+00:00,3851.0
2021-12-01 19:00:00+00:00,4010.25
2021-12-01 20:00:00+00:00,3841.75
2021-12-01 21:00:00+00:00,4106.25
2021-12-01 22:00:00+00:00,4153.0
2021-12-01 23:00:00+00:00,4510.0
2021-12-02 00:00:00+00:00,4601.25
2021-12-02 01:00:00+00:00,3964.5
2021-12-02 02:00:00+00:00,3885.75
2021-12-02 03:00:00+00:00,3091.5
2021-12-02 04:00:00+00:00,2714.5
2021-12-02 05:00:00+00:00,2839.5
2021-12-02 06:00:00+00:00,3251.25
2021-12-02 07:00:00+00:00,3495.5
2021-12-02 08:00:00+00:00,3748.5
2021-12-02 09:00:00+00:00,3674.75
2021-12-02 10:00:00+00:00,3277.5
2021-12-02 11:00:00+00:00,2957.75
2021-12-02 12:00:00+00:00,2587.5
2021-12-02 13:00:00+00:00,2923.25
2021-12-02 14:00:00+00:00,3176.5
2021-12-02 15:00:00+00:00,3694.5
2021-12-02 16:00:00+00:00,3912.25
2021-12-02 17:00:00+00:00,3706.0
2021-12-02 18:00:00+00:00,3782.25
2021-12-02 19:00:00+00:00,4707.5
2021-12-02 20:00:00+00:00,3572.75
2021-12-02 21:00:00+00:00,4543.0
2021-12-02 22:00:00+00:00,4542.0
2021-12-02 23:00:00+00:00,4285.75
2021-12-03 00:00:00+00:00,4541.75
2021-12-03 01:00:00+00:00,5338.75
2021-12-03 02:00:00+00:00,5445.25
2021-12-03 03:00:00+00:00,5101.25
2021-12-03 04:00:00+00:00,5806.5
2021-12-03 05:00:00+00:00,6255.25
2021-12-03 06:00:00+00:00,5933.5
2021-12-03 07:00:00+00:00,6243.0
2021-12-03 08:00:00+00:00,6552.75
2021-12-03 09:00:00+00:00,6312.5
2021-12-03 10:00:00+00:00,6242.5
2021-12-03 11:00:00+00:00,6344.0
2021-12-03 12:00:00+00:00,6323.75
2021-12-03 13:00:00+00:00,6427.5
2021-12-03 14:00:00+00:00,6405.5
2021-12-03 15:00:00+00:00,6277.75
2021-12-03 16:00:00+00:00,6011.25
2021-12-03 17:00:00+00:00,5865.5
2021-12-03 18:00:00+00:00,5107.0
2021-12-03 19:00:00+00:00,4728.5
2021-12-03 20:00:00+00:00,4298.25
2021-12-03 21:00:00+00:00,3538.75
2021-12-03 22:00:00+00:00,3064.75
2021-12-03 23:00:00+00:00,2769.0
2021-12-04 00:00:00+00:00,2541.0
2021-12-04 01:00:00+00:00,2250.0
2021-12-04 02:00:00+00:00,2117.0
2021-12-04 03:00:00+00:00,2088.5
2021-12-04 04:00:00+00:00,1977.0
2021-12-04 05:00:00+00:00,1766.5
2021-12-04 06:00:00+00:00,1644.5
2021-12-04 07:00:00+00:00,1712.0
2021-12-04 08:00:00+00:00,1627.0
2021-12-04 09:00:00+00:00,1634.25
2021-12-04 10:00:00+00:00,1913.25
2021-12-04 11:00:00+00:00,2392.75
2021-12-04 12:00:00+00:00,2295.0
2021-12-04 13:00:00+00:00,2153.75
2021-12-04 14:00:00+00:00,2171.75
2021-12-04 15:00:00+00:00,2113.75
2021-12-04 16:00:00+00:00,2018.75
2021-12-04 17:00:00+00:00,1928.5
2021-12-04 18:00:00+00:00,2058.5
2021-12-04 19:00:00+00:00,2533.5
2021-12-04 20:00:00+00:00,2341.0
2021-12-04 21:00:00+00:00,2047.75
2021-12-04 22:00:00+00:00,1808.75
2021-12-04 23:00:00+00:00,2091.75
2021-12-05 00:00:00+00:00,2933.0
2021-12-05 01:00:00+00:00,3443.0
2021-12-05 02:00:00+00:00,3734.25
2021-12-05 03:00:00+00:00,3521.0
2021-12-05 04:00:00+00:00,3509.75
2021-12-05 05:00:00+00:00,4003.5
2021-12-05 06:00:00+00:00,5074.5
2021-12-05 07:00:00+00:00,5939.0
2021-12-05 08:00:00+00:00,6258.0
2021-12-05 09:00:00+00:00,6654.5
2021-12-05 10:00:00+00:00,6761.5
2021-12-05 11:00:00+00:00,6586.5
2021-12-05 12:00:00+00:00,6577.0
2021-12-05 13:00:00+00:00,6634.5
2021-12-05 14:00:00+00:00,6538.25
2021-12-05 15:00:00+00:00,6570.5
2021-12-05 16:00:00+00:00,6835.0
2021-12-05 17:00:00+00:00,7066.0
2021-12-05 18:00:00+00:00,7124.25
2021-12-05 19:00:00+00:00,6497.75
2021-12-05 20:00:00+00:00,5937.25
2021-12-05 21:00:00+00:00,5881.25
2021-12-05 22:00:00+00:00,6061.75
2021-12-05 23:00:00+00:00,6434.0
2021-12-06 00:00:00+00:00,5604.0
2021-12-06 01:00:00+00:00,5107.5
2021-12-06 02:00:00+00:00,4671.75
2021-12-06 03:00:00+00:00,4535.75
2021-12-06 04:00:00+00:00,5004.75
2021-12-06 05:00:00+00:00,5404.5
2021-12-06 06:00:00+00:00,5600.0
2021-12-06 07:00:00+00:00,5710.75
2021-12-06 08:00:00+00:00,5517.5
2021-12-06 09:00:00+00:00,5422.5
2021-12-06 10:00:00+00:00,5116.25
2021-12-06 11:00:00+00:00,4868.0
2021-12-06 12:00:00+00:00,5089.0
2021-12-06 13:00:00+00:00,5448.75
2021-12-06 14:00:00+00:00,5904.5
2021-12-06 15:00:00+00:00,5950.0
2021-12-06 16:00:00+00:00,6004.0
2021-12-06 17:00:00+00:00,6145.0
2021-12-06 18:00:00+00:00,6038.25
2021-12-06 19:00:00+00:00,5512.75
2021-12-06 20:00:00+00:00,4829.25
2021-12-06 21:00:00+00:00,4951.5
2021-12-06 22:00:00+00:00,5499.25
2021-12-06 23:00:00+00:00,5792.75
2021-12-07 00:00:00+00:00,5930.5
2021-12-07 01:00:00+00:00,6072.5
2021-12-07 02:00:00+00:00,5172.5
2021-12-07 03:00:00+00:00,4734.75
2021-12-07 04:00:00+00:00,4586.5
2021-12-07 05:00:00+00:00,4666.25
2021-12-07 06:00:00+00:00,4698.5
2021-12-07 07:00:00+00:00,3980.75
2021-12-07 08:00:00+00:00,3221.25
2021-12-07 09:00:00+00:00,2651.5
2021-12-07 10:00:00+00:00,2384.75
2021-12-07 11:00:00+00:00,3157.0
2021-12-07 12:00:00+00:00,3773.75
2021-12-07 13:00:00+00:00,3958.75
2021-12-07 14:00:00+00:00,4145.0
2021-12-07 15:00:00+00:00,4154.25
2021-12-07 16:00:00+00:00,5419.5
2021-12-07 17:00:00+00:00,6252.5
2021-12-07 18:00:00+00:00,6337.5
2021-12-07 19:00:00+00:00,6137.0
2021-12-07 20:00:00+00:00,6018.5
2021-12-07 21:00:00+00:00,5976.25
2021-12-07 22:00:00+00:00,5974.0
2021-12-07 23:00:00+00:00,5816.25
2021-12-08 00:00:00+00:00,5576.25
2021-12-08 01:00:00+00:00,5489.5
2021-12-08 02:00:00+00:00,5510.75
2021-12-08 03:00:00+00:00,5721.25
2021-12-08 04:00:00+00:00,5904.75
2021-12-08 05:00:00+00:00,5938.75
2021-12-08 06:00:00+00:00,5996.25
2021-12-08 07:00:00+00:00,6042.25
2021-12-08 08:00:00+00:00,6149.5
2021-12-08 09:00:00+00:00,6210.5
2021-12-08 10:00:00+00:00,6331.0
2021-12-08 11:00:00+00:00,6324.0
2021-12-08 12:00:00+00:00,6257.75
2021-12-08 13:00:00+00:00,6642.0
2021-12-08 14:00:00+00:00,6658.25
2021-12-08 15:00:00+00:00,6467.25
2021-12-08 16:00:00+00:00,6445.75
2021-12-08 17:00:00+00:00,6092.5
2021-12-08 18:00:00+00:00,5878.0
2021-12-08 19:00:00+00:00,5929.0
2021-12-08 20:00:00+00:00,5345.5
2021-12-08 21:00:00+00:00,4979.25
2021-12-08 22:00:00+00:00,4127.5
2021-12-08 23:00:00+00:00,3823.0
2021-12-09 00:00:00+00:00,4033.25
2021-12-09 01:00:00+00:00,3837.25
2021-12-09 02:00:00+00:00,3679.75
2021-12-09 03:00:00+00:00,3562.0
2021-12-09 04:00:00+00:00,3539.75
2021-12-09 05:00:00+00:00,3609.0
2021-12-09 06:00:00+00:00,3311.25
2021-12-09 07:00:00+00:00,3210.25
2021-12-09 08:00:00+00:00,3336.25
2021-12-09 09:00:00+00:00,2879.5
2021-12-09 10:00:00+00:00,2519.0
2021-12-09 11:00:00+00:00,2687.75
2021-12-09 12:00:00+00:00,2930.0
2021-12-09 13:00:00+00:00,2887.5
2021-12-09 14:00:00+00:00,3089.25
2021-12-09 15:00:00+00:00,3477.5
2021-12-09 16:00:00+00:00,3874.25
2021-12-09 17:00:00+00:00,3998.25
2021-12-09 18:00:00+00:00,4325.25
2021-12-09 19:00:00+00:00,4544.5
2021-12-09 20:00:00+00:00,4532.25
2021-12-09 21:00:00+00:00,4691.5
2021-12-09 22:00:00+00:00,4577.75
2021-12-09 23:00:00+00:00,4173.25
2021-12-10 00:00:00+00:00,4061.75
2021-12-10 01:00:00+00:00,4205.25
2021-12-10 02:00:00+00:00,4066.75
2021-12-10 03:00:00+00:00,3984.25
2021-12-10 04:00:00+00:00,3784.5
2021-12-10 05:00:00+00:00,3876.25
2021-12-10 06:00:00+00:00,4067.5
2021-12-10 07:00:00+00:00,4121.25
2021-12-10 08:00:00+00:00,3612.5
2021-12-10 09:00:00+00:00,3012.25
2021-12-10 10:00:00+00:00,2267.75
2021-12-10 11:00:00+00:00,1441.75
2021-12-10 12:00:00+00:00,998.75
2021-12-10 13:00:00+00:00,694.0
2021-12-10 14:00:00+00:00,570.75
2021-12-10 15:00:00+00:00,632.75
2021-12-10 16:00:00+00:00,838.75
2021-12-10 17:00:00+00:00,825.25
2021-12-10 18:00:00+00:00,628.25
2021-12-10 19:00:00+00:00,414.5
2021-12-10 20:00:00+00:00,246.5
2021-12-10 21:00:00+00:00,141.25
2021-12-10 22:00:00+00:00,102.75
2021-12-10 23:00:00+00:00,104.75
2021-12-11 00:00:00+00:00,170.25
2021-12-11 01:00:00+00:00,335.75
2021-12-11 02:00:00+00:00,548.0
2021-12-11 03:00:00+00:00,781.25
2021-12-11 04:00:00+00:00,997.0
2021-12-11 05:00:00+00:00,1118.25
2021-12-11 06:00:00+00:00,1390.75
2021-12-11 07:00:00+00:00,1779.75
2021-12-11 08:00:00+00:00,2218.5
2021-12-11 09:00:00+00:00,2810.0
2021-12-11 10:00:00+00:00,2897.0
2021-12-11 11:00:00+00:00,3661.25
2021-12-11 12:00:00+00:00,3556.75
2021-12-11 13:00:00+00:00,3270.5
2021-12-11 14:00:00+00:00,2745.75
2021-12-11 15:00:00+00:00,2133.75
2021-12-11 16:00:00+00:00,1792.0
2021-12-11 17:00:00+00:00,1428.25
2021-12-11 18:00:00+00:00,1497.5
2021-12-11 19:00:00+00:00,1949.0
2021-12-11 20:00:00+00:00,2526.0
2021-12-11 21:00:00+00:00,2953.0
2021-12-11 22:00:00+00:00,4105.0
2021-12-11 23:00:00+00:00,4952.5
2021-12-12 00:00:00+00:00,5865.75
2021-12-12 01:00:00+00:00,5731.25
2021-12-12 02:00:00+00:00,5937.5
2021-12-12 03:00:00+00:00,6024.0
2021-12-12 04:00:00+00:00,6059.75
2021-12-12 05:00:00+00:00,6078.0
2021-12-12 06:00:00+00:00,5970.0
2021-12-12 07:00:00+00:00,5484.0
2021-12-12 08:00:00+00:00,5094.75
2021-12-12 09:00:00+00:00,4600.75
2021-12-12 10:00:00+00:00,4005.5
2021-12-12 11:00:00+00:00,3241.25
2021-12-12 12:00:00+00:00,2658.0
2021-12-12 13:00:00+00:00,2041.75
2021-12-12 14:00:00+00:00,1606.75
2021-12-12 15:00:00+00:00,1392.25
2021-12-12 16:00:00+00:00,1069.75
2021-12-12 17:00:00+00:00,786.25
2021-12-12 18:00:00+00:00,951.5
2021-12-12 19:00:00+00:00,1313.0
2021-12-12 20:00:00+00:00,1587.0
2021-12-12 21:00:00+00:00,1747.0
2021-12-12 22:00:00+00:00,1937.0
2021-12-12 23:00:00+00:00,2632.5
2021-12-13 00:00:00+00:00,3018.0
2021-12-13 01:00:00+00:00,3682.5
2021-12-13 02:00:00+00:00,4194.0
2021-12-13 03:00:00+00:00,4163.0
2021-12-13 04:00:00+00:00,4533.0
2021-12-13 05:00:00+00:00,5057.75
2021-12-13 06:00:00+00:00,4726.0
2021-12-13 07:00:00+00:00,5036.25
2021-12-13 08:00:00+00:00,4818.5
2021-12-13 09:00:00+00:00,4807.75
2021-12-13 10:00:00+00:00,4866.25
2021-12-13 11:00:00+00:00,4762.25
2021-12-13 12:00:00+00:00,4253.25
2021-12-13 13:00:00+00:00,4081.5
2021-12-13 14:00:00+00:00,3750.75
2021-12-13 15:00:00+00:00,3956.25
2021-12-13 16:00:00+00:00,3903.5
2021-12-13 17:00:00+00:00,4148.25
2021-12-13 18:00:00+00:00,4407.25
2021-12-13 19:00:00+00:00,4971.5
2021-12-13 20:00:00+00:00,5335.75
2021-12-13 21:00:00+00:00,5583.25
2021-12-13 22:00:00+00:00,5820.5
2021-12-13 23:00:00+00:00,5856.0
2021-12-14 00:00:00+00:00,5879.0
2021-12-14 01:00:00+00:00,5054.5
2021-12-14 02:00:00+00:00,4200.5
2021-12-14 03:00:00+00:00,3967.5
2021-12-14 04:00:00+00:00,3298.75
2021-12-14 05:00:00+00:00,2323.5
2021-12-14 06:00:00+00:00,1880.75
2021-12-14 07:00:00+00:00,1488.0
2021-12-14 08:00:00+00:00,1068.0
2021-12-14 09:00:00+00:00,853.25
2021-12-14 10:00:00+00:00,583.5
2021-12-14 11:00:00+00:00,280.5
2021-12-14 12:00:00+00:00,427.75
2021-12-14 13:00:00+00:00,673.25
2021-12-14 14:00:00+00:00,1123.0
2021-12-14 15:00:00+00:00,1531.5
2021-12-14 16:00:00+00:00,2071.5
2021-12-14 17:00:00+00:00,2650.75
2021-12-14 18:00:00+00:00,2875.0
2021-12-14 19:00:00+00:00,3136.5
2021-12-14 20:00:00+00:00,3749.25
2021-12-14 21:00:00+00:00,4389.5
2021-12-14 22:00:00+00:00,4900.0
2021-12-14 23:00:00+00:00,4962.5
2021-12-15 00:00:00+00:00,4923.25
2021-12-15 01:00:00+00:00,5250.25
2021-12-15 02:00:00+00:00,5179.75
2021-12-15 03:00:00+00:00,5330.25
2021-12-15 04:00:00+00:00,5808.5
2021-12-15 05:00:00+00:00,5832.0
2021-12-15 06:00:00+00:00,5952.0
2021-12-15 07:00:00+00:00,6012.5
2021-12-15 08:00:00+00:00,5901.25
2021-12-15 09:00:00+00:00,5941.75
2021-12-15 10:00:00+00:00,5929.25
2021-12-15 11:00:00+00:00,5673.5
2021-12-15 12:00:00+00:00,5656.0
2021-12-15 13:00:00+00:00,5551.25
2021-12-15 14:00:00+00:00,5310.75
2021-12-15 15:00:00+00:00,5298.5
2021-12-15 16:00:00+00:00,4812.75
2021-12-15 17:00:00+00:00,4881.5
2021-12-15 18:00:00+00:00,4774.5
2021-12-15 19:00:00+00:00,4612.0
2021-12-15 20:00:00+00:00,4246.25
2021-12-15 21:00:00+00:00,4077.5
2021-12-15 22:00:00+00:00,3501.25
2021-12-15 23:00:00+00:00,3270.5
2021-12-16 00:00:00+00:00,3131.5
2021-12-16 01:00:00+00:00,2600.75
2021-12-16 02:00:00+00:00,1892.0
2021-12-16 03:00:00+00:00,1539.5
2021-12-16 04:00:00+00:00,1443.25
2021-12-16 05:00:00+00:00,1397.0
2021-12-16 06:00:00+00:00,1255.25
2021-12-16 07:00:00+00:00,1123.75
2021-12-16 08:00:00+00:00,1060.5
2021-12-16 09:00:00+00:00,990.0
2021-12-16 10:00:00+00:00,1069.75
2021-12-16 11:00:00+00:00,1173.75
2021-12-16 12:00:00+00:00,1327.0
2021-12-16 13:00:00+00:00,1318.0
2021-12-16 14:00:00+00:00,1203.0
2021-12-16 15:00:00+00:00,1115.75
2021-12-16 16:00:00+00:00,937.0
2021-12-16 17:00:00+00:00,938.25
2021-12-16 18:00:00+00:00,910.75
2021-12-16 19:00:00+00:00,962.5
2021-12-16 20:00:00+00:00,1053.0
2021-12-16 21:00:00+00:00,1243.75
2021-12-16 22:00:00+00:00,1380.75
2021-12-16 23:00:00+00:00,1424.75
2021-12-17 00:00:00+00:00,1345.0
2021-12-17 01:00:00+00:00,1287.25
2021-12-17 02:00:00+00:00,1423.0
2021-12-17 03:00:00+00:00,1401.75
2021-12-17 04:00:00+00:00,1569.5
2021-12-17 05:00:00+00:00,1554.0
2021-12-17 06:00:00+00:00,1570.5
2021-12-17 07:00:00+00:00,1605.25
2021-12-17 08:00:00+00:00,1491.25
2021-12-17 09:00:00+00:00,1348.5
2021-12-17 10:00:00+00:00,1116.0
2021-12-17 11:00:00+00:00,1035.0
2021-12-17 12:00:00+00:00,1106.75
2021-12-17 13:00:00+00:00,1115.5
2021-12-17 14:00:00+00:00,1210.5
2021-12-17 15:00:00+00:00,1213.75
2021-12-17 16:00:00+00:00,1118.25
2021-12-17 17:00:00+00:00,1240.5
2021-12-17 18:00:00+00:00,1397.0
2021-12-17 19:00:00+00:00,1589.25
2021-12-17 20:00:00+00:00,1515.25
2021-12-17 21:00:00+00:00,1641.0
2021-12-17 22:00:00+00:00,1775.75
2021-12-17 23:00:00+00:00,2108.0
2021-12-18 00:00:00+00:00,2520.5
2021-12-18 01:00:00+00:00,2434.25
2021-12-18 02:00:00+00:00,2534.5
2021-12-18 03:00:00+00:00,2646.0
2021-12-18 04:00:00+00:00,2565.25
2021-12-18 05:00:00+00:00,2590.25
2021-12-18 06:00:00+00:00,2698.25
2021-12-18 07:00:00+00:00,2852.25
2021-12-18 08:00:00+00:00,3207.0
2021-12-18 09:00:00+00:00,3388.75
2021-12-18 10:00:00+00:00,3542.75
2021-12-18 11:00:00+00:00,3904.5
2021-12-18 12:00:00+00:00,4168.5
2021-12-18 13:00:00+00:00,4143.75
2021-12-18 14:00:00+00:00,4235.25
2021-12-18 15:00:00+00:00,4286.25
2021-12-18 16:00:00+00:00,4496.75
2021-12-18 17:00:00+00:00,4785.25
2021-12-18 18:00:00+00:00,5045.0
2021-12-18 19:00:00+00:00,4379.25
2021-12-18 20:00:00+00:00,4629.25
2021-12-18 21:00:00+00:00,5070.5
2021-12-18 22:00:00+00:00,5345.0
2021-12-18 23:00:00+00:00,5211.25
2021-12-19 00:00:00+00:00,4720.5
2021-12-19 01:00:00+00:00,4366.25
2021-12-19 02:00:00+00:00,4261.75
2021-12-19 03:00:00+00:00,4222.5
2021-12-19 04:00:00+00:00,4206.5
2021-12-19 05:00:00+00:00,4196.5
2021-12-19 06:00:00+00:00,4573.5
2021-12-19 07:00:00+00:00,4693.25
2021-12-19 08:00:00+00:00,4713.5
2021-12-19 09:00:00+00:00,4707.75
2021-12-19 10:00:00+00:00,4639.5
2021-12-19 11:00:00+00:00,4485.5
2021-12-19 12:00:00+00:00,4240.0
2021-12-19 13:00:00+00:00,4400.5
2021-12-19 14:00:00+00:00,5423.25
2021-12-19 15:00:00+00:00,5969.75
2021-12-19 16:00:00+00:00,6128.75
2021-12-19 17:00:00+00:00,5734.5
2021-12-19 18:00:00+00:00,5189.0
2021-12-19 19:00:00+00:00,4363.0
2021-12-19 20:00:00+00:00,3890.0
2021-12-19 21:00:00+00:00,3186.0
2021-12-19 22:00:00+00:00,2773.5
2021-12-19 23:00:00+00:00,2248.75
2021-12-20 00:00:00+00:00,1852.75
2021-12-20 01:00:00+00:00,1529.0
2021-12-20 02:00:00+00:00,1201.25
2021-12-20 03:00:00+00:00,1052.25
2021-12-20 04:00:00+00:00,944.25
2021-12-20 05:00:00+00:00,858.75
2021-12-20 06:00:00+00:00,907.0
2021-12-20 07:00:00+00:00,906.0
2021-12-20 08:00:00+00:00,902.75
2021-12-20 09:00:00+00:00,676.75
2021-12-20 10:00:00+00:00,468.25
2021-12-20 11:00:00+00:00,288.0
2021-12-20 12:00:00+00:00,248.25
2021-12-20 13:00:00+00:00,204.75
2021-12-20 14:00:00+00:00,145.0
2021-12-20 15:00:00+00:00,133.25
2021-12-20 16:00:00+00:00,137.75
2021-12-20 17:00:00+00:00,148.5
2021-12-20 18:00:00+00:00,131.5
2021-12-20 19:00:00+00:00,87.75
2021-12-20 20:00:00+00:00,61.5
2021-12-20 21:00:00+00:00,14.5
2021-12-20 22:00:00+00:00,8.75
2021-12-20 23:00:00+00:00,0.5
2021-12-21 00:00:00+00:00,0.0
2021-12-21 01:00:00+00:00,6.0
2021-12-21 02:00:00+00:00,42.5
2021-12-21 03:00:00+00:00,60.75
2021-12-21 04:00:00+00:00,85.0
2021-12-21 05:00:00+00:00,124.0
2021-12-21 06:00:00+00:00,168.25
2021-12-21 07:00:00+00:00,273.0
2021-12-21 08:00:00+00:00,476.75
2021-12-21 09:00:00+00:00,654.25
2021-12-21 10:00:00+00:00,643.0
2021-12-21 11:00:00+00:00,684.0
2021-12-21 12:00:00+00:00,618.75
2021-12-21 13:00:00+00:00,637.0
2021-12-21 14:00:00+00:00,532.5
2021-12-21 15:00:00+00:00,496.25
2021-12-21 16:00:00+00:00,528.25
2021-12-21 17:00:00+00:00,617.25
2021-12-21 18:00:00+00:00,697.25
2021-12-21 19:00:00+00:00,919.25
2021-12-21 20:00:00+00:00,1075.75
2021-12-21 21:00:00+00:00,1234.5
2021-12-21 22:00:00+00:00,1187.75
2021-12-21 23:00:00+00:00,1414.0
2021-12-22 00:00:00+00:00,1490.0
2021-12-22 01:00:00+00:00,1670.0
2021-12-22 02:00:00+00:00,1677.25
2021-12-22 03:00:00+00:00,1578.75
2021-12-22 04:00:00+00:00,1575.0
2021-12-22 05:00:00+00:00,1479.25
2021-12-22 06:00:00+00:00,1377.25
2021-12-22 07:00:00+00:00,1606.75
2021-12-22 08:00:00+00:00,1956.75
2021-12-22 09:00:00+00:00,2066.25
2021-12-22 10:00:00+00:00,2031.0
2021-12-22 11:00:00+00:00,1882.0
2021-12-22 12:00:00+00:00,1476.5
2021-12-22 13:00:00+00:00,1242.25
2021-12-22 14:00:00+00:00,1125.75
2021-12-22 15:00:00+00:00,1236.5
2021-12-22 16:00:00+00:00,1272.5
2021-12-22 17:00:00+00:00,1134.5
2021-12-22 18:00:00+00:00,1275.5
2021-12-22 19:00:00+00:00,1532.5
2021-12-22 20:00:00+00:00,1722.5
2021-12-22 21:00:00+00:00,1673.25
2021-12-22 22:00:00+00:00,1715.75
2021-12-22 23:00:00+00:00,1546.0
2021-12-23 00:00:00+00:00,1414.75
2021-12-23 01:00:00+00:00,1069.0
2021-12-23 02:00:00+00:00,1087.25
2021-12-23 03:00:00+00:00,1787.75
2021-12-23 04:00:00+00:00,2091.0
2021-12-23 05:00:00+00:00,2990.5
2021-12-23 06:00:00+00:00,3144.75
2021-12-23 07:00:00+00:00,3173.5
2021-12-23 08:00:00+00:00,3049.75
2021-12-23 09:00:00+00:00,2977.75
2021-12-23 10:00:00+00:00,3114.0
2021-12-23 11:00:00+00:00,3401.25
2021-12-23 12:00:00+00:00,3794.25
2021-12-23 13:00:00+00:00,4127.5
2021-12-23 14:00:00+00:00,3932.25
2021-12-23 15:00:00+00:00,3930.25
2021-12-23 16:00:00+00:00,4050.25
2021-12-23 17:00:00+00:00,3793.75
2021-12-23 18:00:00+00:00,2909.25
2021-12-23 19:00:00+00:00,2448.5
2021-12-23 20:00:00+00:00,2497.0
2021-12-23 21:00:00+00:00,2220.75
2021-12-23 22:00:00+00:00,2029.0
2021-12-23 23:00:00+00:00,1351.75
2021-12-24 00:00:00+00:00,787.5
2021-12-24 01:00:00+00:00,359.5
2021-12-24 02:00:00+00:00,173.25
2021-12-24 03:00:00+00:00,186.5
2021-12-24 04:00:00+00:00,504.75
2021-12-24 05:00:00+00:00,472.75
2021-12-24 06:00:00+00:00,365.75
2021-12-24 07:00:00+00:00,347.0
2021-12-24 08:00:00+00:00,623.5
2021-12-24 09:00:00+00:00,876.25
2021-12-24 10:00:00+00:00,1687.0
2021-12-24 11:00:00+00:00,2384.0
2021-12-24 12:00:00+00:00,2592.0
2021-12-24 13:00:00+00:00,3259.75
2021-12-24 14:00:00+00:00,4494.25
2021-12-24 15:00:00+00:00,5076.75
2021-12-24 16:00:00+00:00,5679.0
2021-12-24 17:00:00+00:00,5493.5
2021-12-24 18:00:00+00:00,5199.0
2021-12-24 19:00:00+00:00,4332.25
2021-12-24 20:00:00+00:00,3348.5
2021-12-24 21:00:00+00:00,2709.75
2021-12-24 22:00:00+00:00,2487.5
2021-12-24 23:00:00+00:00,2398.5
2021-12-25 00:00:00+00:00,2407.5
2021-12-25 01:00:00+00:00,2402.0
2021-12-25 02:00:00+00:00,2169.25
2021-12-25 03:00:00+00:00,1905.25
2021-12-25 04:00:00+00:00,1790.25
2021-12-25 05:00:00+00:00,1738.0
2021-12-25 06:00:00+00:00,1755.75
2021-12-25 07:00:00+00:00,1806.75
2021-12-25 08:00:00+00:00,1759.75
2021-12-25 09:00:00+00:00,1515.0
2021-12-25 10:00:00+00:00,1198.0
2021-12-25 11:00:00+00:00,1019.75
2021-12-25 12:00:00+00:00,788.25
2021-12-25 13:00:00+00:00,542.25
2021-12-25 14:00:00+00:00,451.5
2021-12-25 15:00:00+00:00,462.0
2021-12-25 16:00:00+00:00,546.25
2021-12-25 17:00:00+00:00,570.0
2021-12-25 18:00:00+00:00,607.25
2021-12-25 19:00:00+00:00,739.0
2021-12-25 20:00:00+00:00,913.5
2021-12-25 21:00:00+00:00,1038.0
2021-12-25 22:00:00+00:00,1133.75
2021-12-25 23:00:00+00:00,1190.0
2021-12-26 00:00:00+00:00,1379.5
2021-12-26 01:00:00+00:00,1703.5
2021-12-26 02:00:00+00:00,2074.25
2021-12-26 03:00:00+00:00,2274.75
2021-12-26 04:00:00+00:00,2535.0
2021-12-26 05:00:00+00:00,2715.75
2021-12-26 06:00:00+00:00,2919.75
2021-12-26 07:00:00+00:00,3284.75
2021-12-26 08:00:00+00:00,3827.0
2021-12-26 09:00:00+00:00,4199.75
2021-12-26 10:00:00+00:00,4336.25
2021-12-26 11:00:00+00:00,4590.75
2021-12-26 12:00:00+00:00,4809.75
2021-12-26 13:00:00+00:00,4962.75
2021-12-26 14:00:00+00:00,5184.0
2021-12-26 15:00:00+00:00,5344.5
2021-12-26 16:00:00+00:00,5243.5
2021-12-26 17:00:00+00:00,5180.5
2021-12-26 18:00:00+00:00,5174.0
2021-12-26 19:00:00+00:00,5072.5
2021-12-26 20:00:00+00:00,4904.75
2021-12-26 21:00:00+00:00,4632.75
2021-12-26 22:00:00+00:00,4405.25
2021-12-26 23:00:00+00:00,4310.0
2021-12-27 00:00:00+00:00,4009.0
2021-12-27 01:00:00+00:00,3747.25
2021-12-27 02:00:00+00:00,4303.0
2021-12-27 03:00:00+00:00,4280.25
2021-12-27 04:00:00+00:00,4520.0
2021-12-27 05:00:00+00:00,4298.25
2021-12-27 06:00:00+00:00,4207.0
2021-12-27 07:00:00+00:00,4093.5
2021-12-27 08:00:00+00:00,4253.25
2021-12-27 09:00:00+00:00,4454.0
2021-12-27 10:00:00+00:00,4372.25
2021-12-27 11:00:00+00:00,4024.0
2021-12-27 12:00:00+00:00,3825.5
2021-12-27 13:00:00+00:00,3682.0
2021-12-27 14:00:00+00:00,3747.75
2021-12-27 15:00:00+00:00,3722.5
2021-12-27 16:00:00+00:00,3867.75
2021-12-27 17:00:00+00:00,3903.5
2021-12-27 18:00:00+00:00,4115.25
2021-12-27 19:00:00+00:00,4255.75
2021-12-27 20:00:00+00:00,4237.5
2021-12-27 21:00:00+00:00,4161.0
2021-12-27 22:00:00+00:00,4306.75
2021-12-27 23:00:00+00:00,4240.25
2021-12-28 00:00:00+00:00,4076.75
2021-12-28 01:00:00+00:00,4551.75
2021-12-28 02:00:00+00:00,4875.5
2021-12-28 03:00:00+00:00,4443.75
2021-12-28 04:00:00+00:00,3814.5
2021-12-28 05:00:00+00:00,3343.0
2021-12-28 06:00:00+00:00,3101.5
2021-12-28 07:00:00+00:00,3623.5
2021-12-28 08:00:00+00:00,4016.0
2021-12-28 09:00:00+00:00,4368.0
2021-12-28 10:00:00+00:00,4640.75
2021-12-28 11:00:00+00:00,4631.25
2021-12-28 12:00:00+00:00,4495.25
2021-12-28 13:00:00+00:00,4240.25
2021-12-28 14:00:00+00:00,4062.75
2021-12-28 15:00:00+00:00,3764.5
2021-12-28 16:00:00+00:00,3190.0
2021-12-28 17:00:00+00:00,2437.75
2021-12-28 18:00:00+00:00,1750.5
2021-12-28 19:00:00+00:00,1203.0
2021-12-28 20:00:00+00:00,778.25
2021-12-28 21:00:00+00:00,633.5
2021-12-28 22:00:00+00:00,493.75
2021-12-28 23:00:00+00:00,373.5
2021-12-29 00:00:00+00:00,259.5
2021-12-29 01:00:00+00:00,205.5
2021-12-29 02:00:00+00:00,166.0
2021-12-29 03:00:00+00:00,101.5
2021-12-29 04:00:00+00:00,46.25
2021-12-29 05:00:00+00:00,14.75
2021-12-29 06:00:00+00:00,2.75
2021-12-29 07:00:00+00:00,1.25
2021-12-29 08:00:00+00:00,41.5
2021-12-29 09:00:00+00:00,104.0
2021-12-29 10:00:00+00:00,314.75
2021-12-29 11:00:00+00:00,523.75
2021-12-29 12:00:00+00:00,784.0
2021-12-29 13:00:00+00:00,1188.25
2021-12-29 14:00:00+00:00,1946.25
2021-12-29 15:00:00+00:00,3092.0
2021-12-29 16:00:00+00:00,3890.5
2021-12-29 17:00:00+00:00,4271.0
2021-12-29 18:00:00+00:00,4697.75
2021-12-29 19:00:00+00:00,5446.0
2021-12-29 20:00:00+00:00,5524.25
2021-12-29 21:00:00+00:00,5568.25
2021-12-29 22:00:00+00:00,5419.0
2021-12-29 23:00:00+00:00,5655.25
2021-12-30 00:00:00+00:00,5965.0
2021-12-30 01:00:00+00:00,6090.5
2021-12-30 02:00:00+00:00,5687.75
2021-12-30 03:00:00+00:00,5557.5
2021-12-30 04:00:00+00:00,5699.5
2021-12-30 05:00:00+00:00,5589.75
2021-12-30 06:00:00+00:00,5906.75
2021-12-30 07:00:00+00:00,6229.75
2021-12-30 08:00:00+00:00,6346.0
2021-12-30 09:00:00+00:00,6450.5
2021-12-30 10:00:00+00:00,6673.25
2021-12-30 11:00:00+00:00,6474.25
2021-12-30 12:00:00+00:00,5787.25
2021-12-30 13:00:00+00:00,5853.75
2021-12-30 14:00:00+00:00,5862.75
2021-12-30 15:00:00+00:00,5764.5
2021-12-30 16:00:00+00:00,5608.75
2021-12-30 17:00:00+00:00,5449.0
2021-12-30 18:00:00+00:00,5453.0
2021-12-30 19:00:00+00:00,5479.25
2021-12-30 20:00:00+00:00,5417.0
2021-12-30 21:00:00+00:00,5403.5
2021-12-30 22:00:00+00:00,5430.75
2021-12-30 23:00:00+00:00,5508.5
2021-12-31 00:00:00+00:00,5812.25
2021-12-31 01:00:00+00:00,5903.25
2021-12-31 02:00:00+00:00,6026.75
2021-12-31 03:00:00+00:00,6212.75
2021-12-31 04:00:00+00:00,6144.5
2021-12-31 05:00:00+00:00,6145.5
2021-12-31 06:00:00+00:00,6193.25
2021-12-31 07:00:00+00:00,5996.75
2021-12-31 08:00:00+00:00,5587.5
2021-12-31 09:00:00+00:00,5512.0
2021-12-31 10:00:00+00:00,5680.5
2021-12-31 11:00:00+00:00,5989.75
2021-12-31 12:00:00+00:00,6196.75
2021-12-31 13:00:00+00:00,6204.75
2021-12-31 14:00:00+00:00,5935.25
2021-12-31 15:00:00+00:00,5783.75
2021-12-31 16:00:00+00:00,5783.5
2021-12-31 17:00:00+00:00,5717.25
2021-12-31 18:00:00+00:00,5697.25
2021-12-31 19:00:00+00:00,6169.25
2021-12-31 20:00:00+00:00,6132.75
2021-12-31 21:00:00+00:00,6041.5
2021-12-31 22:00:00+00:00,6313.25
2021-12-31 23:00:00+00:00,5975.5
